8.000000000000000444e-01
8.000000000000000444e-01
8.000000000000000444e-01
8.000000000000000444e-01
8.000000000000000444e-01
8.000000000000000444e-01
8.000000000000000444e-01
8.000000000000000444e-01
8.000000000000000444e-01
8.000000000000000444e-01
8.000000000000000444e-01
8.000000000000000444e-01
8.000000000000000444e-01
8.000000000000000444e-01
8.000000000000000444e-01
8.000000000000000444e-01
8.000000000000000444e-01
8.000000000000000444e-01
8.000000000000000444e-01
8.000000000000000444e-01
8.000000000000000444e-01
8.000000000000000444e-01
8.000000000000000444e-01
8.000000000000000444e-01
8.000000000000000444e-01
8.000000000000000444e-01
8.000000000000000444e-01
8.000000000000000444e-01
8.000000000000000444e-01
8.000000000000000444e-01
8.000000000000000444e-01
8.000000000000000444e-01
8.000000000000000444e-01
8.000000000000000444e-01
8.000000000000000444e-01
8.000000000000000444e-01
8.000000000000000444e-01
8.000000000000000444e-01
8.000000000000000444e-01
8.000000000000000444e-01
8.000000000000000444e-01
8.000000000000000444e-01
8.000000000000000444e-01
8.000000000000000444e-01
8.000000000000000444e-01
8.000000000000000444e-01
8.000000000000000444e-01
8.000000000000000444e-01
8.000000000000000444e-01
8.000000000000000444e-01
8.000000000000000444e-01
8.000000000000000444e-01
8.000000000000000444e-01
8.000000000000000444e-01
8.000000000000000444e-01
8.000000000000000444e-01
8.000000000000000444e-01
8.000000000000000444e-01
8.000000000000000444e-01
8.000000000000000444e-01
8.000000000000000444e-01
8.000000000000000444e-01
8.000000000000000444e-01
8.000000000000000444e-01
8.000000000000000444e-01
8.000000000000000444e-01
8.000000000000000444e-01
8.000000000000000444e-01
8.000000000000000444e-01
8.000000000000000444e-01
8.000000000000000444e-01
8.000000000000000444e-01
8.000000000000000444e-01
8.000000000000000444e-01
8.000000000000000444e-01
8.000000000000000444e-01
8.000000000000000444e-01
8.000000000000000444e-01
8.000000000000000444e-01
8.000000000000000444e-01
8.000000000000000444e-01
8.000000000000000444e-01
8.000000000000000444e-01
8.000000000000000444e-01
8.000000000000000444e-01
8.000000000000000444e-01
8.000000000000000444e-01
8.000000000000000444e-01
8.000000000000000444e-01
8.000000000000000444e-01
8.000000000000000444e-01
8.000000000000000444e-01
8.000000000000000444e-01
8.000000000000000444e-01
8.000000000000000444e-01
8.000000000000000444e-01
8.000000000000000444e-01
8.000000000000000444e-01
8.000000000000000444e-01
8.000000000000000444e-01
8.000000000000000444e-01
8.000000000000000444e-01
8.000000000000000444e-01
8.000000000000000444e-01
8.000000000000000444e-01
8.000000000000000444e-01
8.000000000000000444e-01
8.000000000000000444e-01
7.979568261567305809e-01
7.959136523134611174e-01
7.938704784701916539e-01
7.918273046269221904e-01
7.897841307836527269e-01
7.897841307836527269e-01
7.897841307836527269e-01
7.897841307836527269e-01
7.897841307836527269e-01
7.897841307836527269e-01
7.897841307836527269e-01
7.897841307836527269e-01
7.897841307836527269e-01
7.897841307836527269e-01
7.897841307836527269e-01
7.897841307836527269e-01
7.897841307836527269e-01
7.897841307836527269e-01
7.897841307836527269e-01
7.897841307836527269e-01
7.897841307836527269e-01
7.897841307836527269e-01
7.897841307836527269e-01
7.897841307836527269e-01
7.897841307836527269e-01
7.897841307836527269e-01
7.897841307836527269e-01
7.897841307836527269e-01
7.897841307836527269e-01
7.897841307836527269e-01
7.897841307836527269e-01
7.897841307836527269e-01
7.897841307836527269e-01
7.897841307836527269e-01
7.897841307836527269e-01
7.897841307836527269e-01
7.897841307836527269e-01
7.897841307836527269e-01
7.897841307836527269e-01
7.897841307836527269e-01
7.897841307836527269e-01
7.897841307836527269e-01
7.897841307836527269e-01
7.897841307836527269e-01
7.897841307836527269e-01
7.897841307836527269e-01
7.897841307836527269e-01
7.897841307836527269e-01
7.897841307836527269e-01
7.897841307836527269e-01
7.897841307836527269e-01
7.897841307836527269e-01
7.897841307836527269e-01
7.897841307836527269e-01
7.897841307836527269e-01
7.897841307836527269e-01
7.897841307836527269e-01
7.897841307836527269e-01
7.897841307836527269e-01
7.897841307836527269e-01
7.897841307836527269e-01
7.897841307836527269e-01
7.897841307836527269e-01
7.897841307836527269e-01
7.897841307836527269e-01
7.897841307836527269e-01
7.897841307836527269e-01
7.897841307836527269e-01
7.897841307836527269e-01
7.897841307836527269e-01
7.897841307836527269e-01
7.897841307836527269e-01
7.897841307836527269e-01
7.897841307836527269e-01
7.897841307836527269e-01
7.897841307836527269e-01
7.897841307836527269e-01
7.897841307836527269e-01
7.897841307836527269e-01
7.897841307836527269e-01
7.897841307836527269e-01
7.897841307836527269e-01
7.897841307836527269e-01
7.897841307836527269e-01
7.897841307836527269e-01
7.897841307836527269e-01
7.897841307836527269e-01
7.897841307836527269e-01
7.897841307836527269e-01
7.897841307836527269e-01
7.897841307836527269e-01
7.897841307836527269e-01
7.897841307836527269e-01
7.897841307836527269e-01
7.897841307836527269e-01
7.897841307836527269e-01
7.897841307836527269e-01
7.897841307836527269e-01
7.897841307836527269e-01
7.897841307836527269e-01
7.897841307836527269e-01
7.897841307836527269e-01
7.897841307836527269e-01
7.897841307836527269e-01
7.897841307836527269e-01
7.897841307836527269e-01
7.897841307836527269e-01
7.897841307836527269e-01
7.897841307836527269e-01
7.877169848438362321e-01
7.856498389040197372e-01
7.835826929642032423e-01
7.815155470243867475e-01
7.794484010845702526e-01
7.773812551447537578e-01
7.753141092049372629e-01
7.732469632651207680e-01
7.711798173253042732e-01
7.691126713854877783e-01
7.670455254456712835e-01
7.649783795058547886e-01
7.629112335660382938e-01
7.608440876262217989e-01
7.587769416864053040e-01
7.567097957465888092e-01
7.546426498067723143e-01
7.525755038669558195e-01
7.505083579271393246e-01
7.484412119873228297e-01
7.463740660475063349e-01
7.443069201076898400e-01
7.422397741678733452e-01
7.401633461693446492e-01
7.380869181708159532e-01
7.360104901722872572e-01
7.339340621737585613e-01
7.318576341752298653e-01
7.297812061767011693e-01
7.277047781781724733e-01
7.256283501796437774e-01
7.235519221811150814e-01
7.214754941825863854e-01
7.193990661840576895e-01
7.173226381855289935e-01
7.152462101870002975e-01
7.131697821884716015e-01
7.131697821884716015e-01
7.131697821884716015e-01
7.131697821884716015e-01
7.131697821884716015e-01
7.131697821884716015e-01
7.131697821884716015e-01
7.131697821884716015e-01
7.131697821884716015e-01
7.131697821884716015e-01
7.131697821884716015e-01
7.131697821884716015e-01
7.131697821884716015e-01
7.131697821884716015e-01
7.131697821884716015e-01
7.131697821884716015e-01
7.131697821884716015e-01
7.131697821884716015e-01
7.131697821884716015e-01
7.131697821884716015e-01
7.131697821884716015e-01
7.131697821884716015e-01
7.131697821884716015e-01
7.131697821884716015e-01
7.131697821884716015e-01
7.131697821884716015e-01
7.131697821884716015e-01
7.131697821884716015e-01
7.131697821884716015e-01
7.131697821884716015e-01
7.131697821884716015e-01
7.131697821884716015e-01
7.131697821884716015e-01
7.131697821884716015e-01
7.131697821884716015e-01
7.131697821884716015e-01
7.131697821884716015e-01
7.131697821884716015e-01
7.131697821884716015e-01
7.131697821884716015e-01
7.131697821884716015e-01
7.131697821884716015e-01
7.131697821884716015e-01
7.131697821884716015e-01
7.131697821884716015e-01
7.131697821884716015e-01
7.131697821884716015e-01
7.131697821884716015e-01
7.131697821884716015e-01
7.131697821884716015e-01
7.131697821884716015e-01
7.131697821884716015e-01
7.131697821884716015e-01
7.131697821884716015e-01
7.131697821884716015e-01
7.131697821884716015e-01
7.131697821884716015e-01
7.131697821884716015e-01
7.131697821884716015e-01
7.131697821884716015e-01
7.131697821884716015e-01
7.131697821884716015e-01
7.131697821884716015e-01
7.131697821884716015e-01
7.131697821884716015e-01
7.131697821884716015e-01
7.131697821884716015e-01
7.131697821884716015e-01
7.131697821884716015e-01
7.131697821884716015e-01
7.131697821884716015e-01
7.131697821884716015e-01
7.131697821884716015e-01
7.131697821884716015e-01
7.131697821884716015e-01
7.131697821884716015e-01
7.131697821884716015e-01
7.131697821884716015e-01
7.131697821884716015e-01
7.131697821884716015e-01
7.131697821884716015e-01
7.131697821884716015e-01
7.131697821884716015e-01
7.131697821884716015e-01
7.131697821884716015e-01
7.131697821884716015e-01
7.131697821884716015e-01
7.131697821884716015e-01
7.131697821884716015e-01
7.131697821884716015e-01
7.131697821884716015e-01
7.131697821884716015e-01
7.131697821884716015e-01
7.131697821884716015e-01
7.131697821884716015e-01
7.131697821884716015e-01
7.131697821884716015e-01
7.131697821884716015e-01
7.131697821884716015e-01
7.131697821884716015e-01
7.131697821884716015e-01
7.131697821884716015e-01
7.131697821884716015e-01
7.131697821884716015e-01
7.131697821884716015e-01
7.131697821884716015e-01
7.131697821884716015e-01
7.131697821884716015e-01
7.131697821884716015e-01
7.131697821884716015e-01
7.131697821884716015e-01
7.131697821884716015e-01
7.131697821884716015e-01
7.131697821884716015e-01
7.131697821884716015e-01
7.131697821884716015e-01
7.131697821884716015e-01
7.131697821884716015e-01
7.131697821884716015e-01
7.131697821884716015e-01
7.131697821884716015e-01
7.131697821884716015e-01
7.131697821884716015e-01
7.131697821884716015e-01
7.131697821884716015e-01
7.131697821884716015e-01
7.131697821884716015e-01
7.131697821884716015e-01
7.131697821884716015e-01
7.131697821884716015e-01
7.131697821884716015e-01
7.131697821884716015e-01
7.131697821884716015e-01
7.131697821884716015e-01
7.131697821884716015e-01
7.131697821884716015e-01
7.131697821884716015e-01
7.131697821884716015e-01
7.131697821884716015e-01
7.131697821884716015e-01
7.131697821884716015e-01
7.131697821884716015e-01
7.131697821884716015e-01
7.131697821884716015e-01
7.131697821884716015e-01
7.131697821884716015e-01
7.131697821884716015e-01
7.131697821884716015e-01
7.131697821884716015e-01
7.131697821884716015e-01
7.131697821884716015e-01
7.131697821884716015e-01
7.131697821884716015e-01
7.131697821884716015e-01
7.131697821884716015e-01
7.131697821884716015e-01
7.131697821884716015e-01
7.131697821884716015e-01
7.131697821884716015e-01
7.131697821884716015e-01
7.131697821884716015e-01
7.131697821884716015e-01
7.131697821884716015e-01
7.131697821884716015e-01
7.131697821884716015e-01
7.131697821884716015e-01
7.131697821884716015e-01
7.131697821884716015e-01
7.131697821884716015e-01
7.131697821884716015e-01
7.131697821884716015e-01
7.131697821884716015e-01
7.131697821884716015e-01
7.131697821884716015e-01
7.131697821884716015e-01
7.131697821884716015e-01
7.131697821884716015e-01
7.131697821884716015e-01
7.131697821884716015e-01
7.131697821884716015e-01
7.131697821884716015e-01
7.131697821884716015e-01
7.131697821884716015e-01
7.131697821884716015e-01
7.131697821884716015e-01
7.131697821884716015e-01
7.131697821884716015e-01
7.131697821884716015e-01
7.131697821884716015e-01
7.131697821884716015e-01
7.131697821884716015e-01
7.131697821884716015e-01
7.131697821884716015e-01
7.131697821884716015e-01
7.131697821884716015e-01
7.131697821884716015e-01
7.131697821884716015e-01
7.131697821884716015e-01
7.131697821884716015e-01
7.131697821884716015e-01
7.131697821884716015e-01
7.131697821884716015e-01
7.131697821884716015e-01
7.131697821884716015e-01
7.131697821884716015e-01
7.131697821884716015e-01
7.131697821884716015e-01
7.131697821884716015e-01
7.131697821884716015e-01
7.131697821884716015e-01
7.131697821884716015e-01
7.131697821884716015e-01
7.131697821884716015e-01
7.131697821884716015e-01
7.131697821884716015e-01
7.131697821884716015e-01
7.131697821884716015e-01
7.131697821884716015e-01
7.131697821884716015e-01
7.131697821884716015e-01
7.131697821884716015e-01
7.131697821884716015e-01
7.131697821884716015e-01
7.131697821884716015e-01
7.131697821884716015e-01
7.131697821884716015e-01
7.131697821884716015e-01
7.131697821884716015e-01
7.131697821884716015e-01
7.131697821884716015e-01
7.131697821884716015e-01
7.131697821884716015e-01
7.131697821884716015e-01
7.131697821884716015e-01
7.131697821884716015e-01
7.131697821884716015e-01
7.131697821884716015e-01
7.131697821884716015e-01
7.131697821884716015e-01
7.131697821884716015e-01
7.131697821884716015e-01
7.131697821884716015e-01
7.131697821884716015e-01
7.131697821884716015e-01
7.131697821884716015e-01
7.131697821884716015e-01
7.131697821884716015e-01
7.131697821884716015e-01
7.131697821884716015e-01
7.131697821884716015e-01
7.131697821884716015e-01
7.131697821884716015e-01
7.131697821884716015e-01
7.131697821884716015e-01
7.131697821884716015e-01
7.131697821884716015e-01
7.131697821884716015e-01
7.131697821884716015e-01
7.131697821884716015e-01
7.131697821884716015e-01
7.131697821884716015e-01
7.131697821884716015e-01
7.131697821884716015e-01
7.131697821884716015e-01
7.131697821884716015e-01
7.131697821884716015e-01
7.131697821884716015e-01
7.131697821884716015e-01
7.131697821884716015e-01
7.131697821884716015e-01
7.131697821884716015e-01
7.131697821884716015e-01
7.131697821884716015e-01
7.131697821884716015e-01
7.131697821884716015e-01
7.131697821884716015e-01
7.131697821884716015e-01
7.131697821884716015e-01
7.131697821884716015e-01
7.131697821884716015e-01
7.131697821884716015e-01
7.131697821884716015e-01
7.131697821884716015e-01
7.131697821884716015e-01
7.131697821884716015e-01
7.131697821884716015e-01
7.131697821884716015e-01
7.131697821884716015e-01
7.131697821884716015e-01
7.131697821884716015e-01
7.131697821884716015e-01
7.131697821884716015e-01
7.131697821884716015e-01
7.131697821884716015e-01
7.131697821884716015e-01
7.131697821884716015e-01
7.131697821884716015e-01
7.131697821884716015e-01
7.131697821884716015e-01
7.131697821884716015e-01
7.131697821884716015e-01
7.131697821884716015e-01
7.131697821884716015e-01
7.131697821884716015e-01
7.131697821884716015e-01
7.131697821884716015e-01
7.131697821884716015e-01
7.131697821884716015e-01
7.131697821884716015e-01
7.131697821884716015e-01
7.131697821884716015e-01
7.131697821884716015e-01
7.131697821884716015e-01
7.131697821884716015e-01
7.131697821884716015e-01
7.131697821884716015e-01
7.131697821884716015e-01
7.131697821884716015e-01
7.131697821884716015e-01
7.131697821884716015e-01
7.131697821884716015e-01
7.131697821884716015e-01
7.131697821884716015e-01
7.131697821884716015e-01
7.131697821884716015e-01
7.131697821884716015e-01
7.131697821884716015e-01
7.131697821884716015e-01
7.131697821884716015e-01
7.131697821884716015e-01
7.131697821884716015e-01
7.131697821884716015e-01
7.131697821884716015e-01
7.131697821884716015e-01
7.131697821884716015e-01
7.131697821884716015e-01
7.131697821884716015e-01
7.131697821884716015e-01
7.131697821884716015e-01
7.131697821884716015e-01
7.131697821884716015e-01
7.131697821884716015e-01
7.131697821884716015e-01
7.131697821884716015e-01
7.131697821884716015e-01
7.131697821884716015e-01
7.131697821884716015e-01
7.131697821884716015e-01
7.131697821884716015e-01
7.131697821884716015e-01
7.131697821884716015e-01
7.131697821884716015e-01
7.131697821884716015e-01
7.131697821884716015e-01
7.131697821884716015e-01
7.131697821884716015e-01
7.131697821884716015e-01
7.131697821884716015e-01
7.131697821884716015e-01
7.131697821884716015e-01
7.131697821884716015e-01
7.131697821884716015e-01
7.131697821884716015e-01
7.131697821884716015e-01
7.131697821884716015e-01
7.131697821884716015e-01
7.131697821884716015e-01
7.131697821884716015e-01
7.131697821884716015e-01
7.131697821884716015e-01
7.131697821884716015e-01
7.131697821884716015e-01
7.131697821884716015e-01
7.131697821884716015e-01
7.131697821884716015e-01
7.131697821884716015e-01
7.131697821884716015e-01
7.131697821884716015e-01
7.131697821884716015e-01
7.131697821884716015e-01
7.131697821884716015e-01
7.131697821884716015e-01
7.131697821884716015e-01
7.131697821884716015e-01
7.131697821884716015e-01
7.131697821884716015e-01
7.131697821884716015e-01
7.131697821884716015e-01
7.131697821884716015e-01
7.131697821884716015e-01
7.131697821884716015e-01
7.131697821884716015e-01
7.131697821884716015e-01
7.131697821884716015e-01
7.131697821884716015e-01
7.131697821884716015e-01
7.131697821884716015e-01
7.131697821884716015e-01
7.131697821884716015e-01
7.131697821884716015e-01
7.131697821884716015e-01
7.131697821884716015e-01
7.131697821884716015e-01
7.131697821884716015e-01
7.131697821884716015e-01
7.131697821884716015e-01
7.131697821884716015e-01
7.131697821884716015e-01
7.131697821884716015e-01
7.131697821884716015e-01
7.131697821884716015e-01
7.131697821884716015e-01
7.131697821884716015e-01
7.131697821884716015e-01
7.131697821884716015e-01
7.131697821884716015e-01
7.131697821884716015e-01
7.131697821884716015e-01
7.131697821884716015e-01
7.131697821884716015e-01
7.131697821884716015e-01
7.131697821884716015e-01
7.131697821884716015e-01
7.131697821884716015e-01
7.131697821884716015e-01
7.131697821884716015e-01
7.131697821884716015e-01
7.131697821884716015e-01
7.131697821884716015e-01
7.131697821884716015e-01
7.131697821884716015e-01
7.131697821884716015e-01
7.131697821884716015e-01
7.131697821884716015e-01
7.131697821884716015e-01
7.131697821884716015e-01
7.131697821884716015e-01
7.131697821884716015e-01
7.131697821884716015e-01
7.131697821884716015e-01
7.131697821884716015e-01
7.131697821884716015e-01
7.131697821884716015e-01
7.131697821884716015e-01
7.131697821884716015e-01
7.131697821884716015e-01
7.131697821884716015e-01
7.131697821884716015e-01
7.131697821884716015e-01
7.131697821884716015e-01
7.131697821884716015e-01
7.131697821884716015e-01
7.131697821884716015e-01
7.131697821884716015e-01
7.131697821884716015e-01
7.131697821884716015e-01
7.131697821884716015e-01
7.131697821884716015e-01
7.131697821884716015e-01
7.131697821884716015e-01
7.131697821884716015e-01
7.131697821884716015e-01
7.131697821884716015e-01
7.131697821884716015e-01
7.131697821884716015e-01
7.131697821884716015e-01
7.131697821884716015e-01
7.131697821884716015e-01
7.131697821884716015e-01
7.131697821884716015e-01
7.131697821884716015e-01
7.131697821884716015e-01
7.131697821884716015e-01
7.131697821884716015e-01
7.131697821884716015e-01
7.131697821884716015e-01
7.131697821884716015e-01
7.131697821884716015e-01
7.131697821884716015e-01
7.131697821884716015e-01
7.131697821884716015e-01
7.131697821884716015e-01
7.131697821884716015e-01
7.131697821884716015e-01
7.131697821884716015e-01
7.131697821884716015e-01
7.131697821884716015e-01
7.131697821884716015e-01
7.131697821884716015e-01
7.131697821884716015e-01
7.131697821884716015e-01
7.131697821884716015e-01
7.131697821884716015e-01
7.131697821884716015e-01
7.131697821884716015e-01
7.131697821884716015e-01
7.131697821884716015e-01
7.131697821884716015e-01
7.131697821884716015e-01
7.131697821884716015e-01
7.131697821884716015e-01
7.131697821884716015e-01
7.131697821884716015e-01
7.131697821884716015e-01
7.131697821884716015e-01
7.131697821884716015e-01
7.131697821884716015e-01
7.131697821884716015e-01
7.131697821884716015e-01
7.131697821884716015e-01
7.131697821884716015e-01
7.131697821884716015e-01
7.131697821884716015e-01
7.131697821884716015e-01
7.131697821884716015e-01
7.131697821884716015e-01
7.131697821884716015e-01
7.131697821884716015e-01
7.131697821884716015e-01
7.131697821884716015e-01
7.131697821884716015e-01
7.131697821884716015e-01
7.131697821884716015e-01
7.131697821884716015e-01
7.131697821884716015e-01
7.131697821884716015e-01
7.131697821884716015e-01
7.131697821884716015e-01
7.131697821884716015e-01
7.131697821884716015e-01
7.131697821884716015e-01
7.131697821884716015e-01
7.131697821884716015e-01
7.131697821884716015e-01
7.131697821884716015e-01
7.131697821884716015e-01
7.131697821884716015e-01
7.131697821884716015e-01
7.131697821884716015e-01
7.131697821884716015e-01
7.131697821884716015e-01
7.131697821884716015e-01
7.131697821884716015e-01
7.131697821884716015e-01
7.131697821884716015e-01
7.131697821884716015e-01
7.131697821884716015e-01
7.131697821884716015e-01
7.131697821884716015e-01
7.131697821884716015e-01
7.131697821884716015e-01
7.131697821884716015e-01
7.131697821884716015e-01
7.131697821884716015e-01
7.131697821884716015e-01
7.131697821884716015e-01
7.131697821884716015e-01
7.131697821884716015e-01
7.131697821884716015e-01
7.131697821884716015e-01
7.131697821884716015e-01
7.131697821884716015e-01
7.131697821884716015e-01
7.131697821884716015e-01
7.131697821884716015e-01
7.131697821884716015e-01
7.131697821884716015e-01
7.131697821884716015e-01
7.131697821884716015e-01
7.131697821884716015e-01
7.131697821884716015e-01
7.131697821884716015e-01
7.131697821884716015e-01
7.131697821884716015e-01
7.131697821884716015e-01
7.131697821884716015e-01
7.131697821884716015e-01
7.131697821884716015e-01
7.131697821884716015e-01
7.131697821884716015e-01
7.131697821884716015e-01
7.131697821884716015e-01
7.131697821884716015e-01
7.131697821884716015e-01
7.131697821884716015e-01
7.131697821884716015e-01
7.131697821884716015e-01
7.131697821884716015e-01
7.131697821884716015e-01
7.131697821884716015e-01
7.131697821884716015e-01
7.131697821884716015e-01
7.131697821884716015e-01
7.131697821884716015e-01
7.131697821884716015e-01
7.131697821884716015e-01
7.131697821884716015e-01
7.131697821884716015e-01
7.131697821884716015e-01
7.131697821884716015e-01
7.131697821884716015e-01
7.131697821884716015e-01
7.131697821884716015e-01
7.131697821884716015e-01
7.131697821884716015e-01
7.131697821884716015e-01
7.131697821884716015e-01
7.131697821884716015e-01
7.131697821884716015e-01
7.131697821884716015e-01
7.131697821884716015e-01
7.131697821884716015e-01
7.131697821884716015e-01
7.131697821884716015e-01
7.131697821884716015e-01
7.131697821884716015e-01
7.131697821884716015e-01
7.131697821884716015e-01
7.131697821884716015e-01
7.131697821884716015e-01
7.131697821884716015e-01
7.131697821884716015e-01
7.131697821884716015e-01
7.131697821884716015e-01
7.131697821884716015e-01
7.131697821884716015e-01
7.131697821884716015e-01
7.131697821884716015e-01
7.131697821884716015e-01
7.131697821884716015e-01
7.131697821884716015e-01
7.131697821884716015e-01
7.131697821884716015e-01
7.131697821884716015e-01
7.131697821884716015e-01
7.131697821884716015e-01
7.131697821884716015e-01
7.131697821884716015e-01
7.131697821884716015e-01
7.131697821884716015e-01
7.131697821884716015e-01
7.131697821884716015e-01
7.131697821884716015e-01
7.131697821884716015e-01
7.131697821884716015e-01
7.131697821884716015e-01
7.131697821884716015e-01
7.131697821884716015e-01
7.131697821884716015e-01
7.131697821884716015e-01
7.131697821884716015e-01
7.131697821884716015e-01
7.131697821884716015e-01
7.131697821884716015e-01
7.131697821884716015e-01
7.131697821884716015e-01
7.131697821884716015e-01
7.131697821884716015e-01
7.131697821884716015e-01
7.131697821884716015e-01
7.131697821884716015e-01
7.131697821884716015e-01
7.131697821884716015e-01
7.131697821884716015e-01
7.131697821884716015e-01
7.131697821884716015e-01
7.131697821884716015e-01
7.131697821884716015e-01
7.131697821884716015e-01
7.131697821884716015e-01
7.131697821884716015e-01
7.131697821884716015e-01
7.131697821884716015e-01
7.131697821884716015e-01
7.131697821884716015e-01
7.131697821884716015e-01
7.131697821884716015e-01
7.131697821884716015e-01
7.131697821884716015e-01
7.131697821884716015e-01
7.131697821884716015e-01
7.131697821884716015e-01
7.131697821884716015e-01
7.131697821884716015e-01
7.131697821884716015e-01
7.131697821884716015e-01
7.131697821884716015e-01
7.131697821884716015e-01
7.131697821884716015e-01
7.131697821884716015e-01
7.131697821884716015e-01
7.131697821884716015e-01
7.131697821884716015e-01
7.131697821884716015e-01
7.131697821884716015e-01
7.131697821884716015e-01
7.131697821884716015e-01
7.131697821884716015e-01
7.131697821884716015e-01
7.131697821884716015e-01
7.131697821884716015e-01
7.131697821884716015e-01
7.131697821884716015e-01
7.131697821884716015e-01
7.131697821884716015e-01
7.131697821884716015e-01
7.131697821884716015e-01
7.131697821884716015e-01
7.131697821884716015e-01
7.131697821884716015e-01
7.131697821884716015e-01
7.131697821884716015e-01
7.131697821884716015e-01
7.131697821884716015e-01
7.131697821884716015e-01
7.131697821884716015e-01
7.131697821884716015e-01
7.131697821884716015e-01
7.131697821884716015e-01
7.131697821884716015e-01
7.131697821884716015e-01
7.131697821884716015e-01
7.131697821884716015e-01
7.131697821884716015e-01
7.131697821884716015e-01
7.131697821884716015e-01
7.131697821884716015e-01
7.131697821884716015e-01
7.131697821884716015e-01
7.131697821884716015e-01
7.131697821884716015e-01
7.131697821884716015e-01
7.131697821884716015e-01
7.131697821884716015e-01
7.131697821884716015e-01
7.131697821884716015e-01
7.131697821884716015e-01
7.131697821884716015e-01
7.131697821884716015e-01
7.131697821884716015e-01
7.131697821884716015e-01
7.131697821884716015e-01
7.131697821884716015e-01
7.131697821884716015e-01
7.131697821884716015e-01
7.131697821884716015e-01
7.131697821884716015e-01
7.131697821884716015e-01
7.131697821884716015e-01
7.131697821884716015e-01
7.131697821884716015e-01
7.131697821884716015e-01
7.131697821884716015e-01
7.131697821884716015e-01
7.131697821884716015e-01
7.131697821884716015e-01
7.131697821884716015e-01
7.131697821884716015e-01
7.131697821884716015e-01
7.131697821884716015e-01
7.131697821884716015e-01
7.131697821884716015e-01
7.131697821884716015e-01
7.131697821884716015e-01
7.131697821884716015e-01
7.131697821884716015e-01
7.131697821884716015e-01
7.131697821884716015e-01
7.131697821884716015e-01
7.131697821884716015e-01
7.131697821884716015e-01
7.131697821884716015e-01
7.131697821884716015e-01
7.131697821884716015e-01
7.131697821884716015e-01
7.131697821884716015e-01
7.131697821884716015e-01
7.131697821884716015e-01
7.131697821884716015e-01
7.131697821884716015e-01
7.131697821884716015e-01
7.131697821884716015e-01
7.131697821884716015e-01
7.131697821884716015e-01
7.131697821884716015e-01
7.131697821884716015e-01
7.131697821884716015e-01
7.131697821884716015e-01
7.131697821884716015e-01
7.131697821884716015e-01
7.131697821884716015e-01
7.131697821884716015e-01
7.131697821884716015e-01
7.131697821884716015e-01
7.131697821884716015e-01
7.131697821884716015e-01
7.131697821884716015e-01
7.131697821884716015e-01
7.131697821884716015e-01
7.131697821884716015e-01
7.131697821884716015e-01
7.131697821884716015e-01
7.131697821884716015e-01
7.131697821884716015e-01
7.131697821884716015e-01
7.131697821884716015e-01
7.131697821884716015e-01
7.131697821884716015e-01
7.131697821884716015e-01
7.131697821884716015e-01
7.131697821884716015e-01
7.131697821884716015e-01
7.131697821884716015e-01
7.131697821884716015e-01
7.131697821884716015e-01
7.131697821884716015e-01
7.131697821884716015e-01
7.131697821884716015e-01
7.131697821884716015e-01
7.131697821884716015e-01
7.131697821884716015e-01
7.131697821884716015e-01
7.131697821884716015e-01
7.131697821884716015e-01
7.131697821884716015e-01
7.131697821884716015e-01
7.131697821884716015e-01
7.131697821884716015e-01
7.131697821884716015e-01
7.131697821884716015e-01
7.131697821884716015e-01
7.131697821884716015e-01
7.131697821884716015e-01
7.131697821884716015e-01
7.131697821884716015e-01
7.131697821884716015e-01
7.131697821884716015e-01
7.131697821884716015e-01
7.131697821884716015e-01
7.111040091107135863e-01
7.090382360329555711e-01
7.069724629551975559e-01
7.049066898774395407e-01
7.028409167996815254e-01
7.007751437219235102e-01
6.987093706441654950e-01
6.966435975664074798e-01
6.945778244886494646e-01
6.925120514108914493e-01
6.904462783331334341e-01
6.883805052553754189e-01
6.863147321776174037e-01
6.842489590998593885e-01
6.821831860221013732e-01
6.801174129443433580e-01
6.780516398665853428e-01
6.759858667888273276e-01
6.739200937110693124e-01
6.718543206333112972e-01
6.697885475555532819e-01
6.677227744777952667e-01
6.656570014000372515e-01
6.635912283222792363e-01
6.615254552445212211e-01
6.594596821667632058e-01
6.573939090890051906e-01
6.553281360112471754e-01
6.532623629334891602e-01
6.532623629334891602e-01
6.532623629334891602e-01
6.532623629334891602e-01
6.532623629334891602e-01
6.532623629334891602e-01
6.532623629334891602e-01
6.532623629334891602e-01
6.532623629334891602e-01
6.532623629334891602e-01
6.532623629334891602e-01
6.532623629334891602e-01
6.532623629334891602e-01
6.532623629334891602e-01
6.532623629334891602e-01
6.532623629334891602e-01
6.532623629334891602e-01
6.532623629334891602e-01
6.532623629334891602e-01
6.532623629334891602e-01
6.532623629334891602e-01
6.532623629334891602e-01
6.532623629334891602e-01
6.532623629334891602e-01
6.532623629334891602e-01
6.532623629334891602e-01
6.532623629334891602e-01
6.532623629334891602e-01
6.532623629334891602e-01
6.532623629334891602e-01
6.532623629334891602e-01
6.532623629334891602e-01
6.532623629334891602e-01
6.532623629334891602e-01
6.532623629334891602e-01
6.532623629334891602e-01
6.532623629334891602e-01
6.532623629334891602e-01
6.532623629334891602e-01
6.532623629334891602e-01
6.532623629334891602e-01
6.532623629334891602e-01
6.532623629334891602e-01
6.532623629334891602e-01
6.532623629334891602e-01
6.532623629334891602e-01
6.532623629334891602e-01
6.532623629334891602e-01
6.532623629334891602e-01
6.532623629334891602e-01
6.532623629334891602e-01
6.532623629334891602e-01
6.532623629334891602e-01
6.532623629334891602e-01
6.532623629334891602e-01
6.532623629334891602e-01
6.532623629334891602e-01
6.532623629334891602e-01
6.532623629334891602e-01
6.532623629334891602e-01
6.532623629334891602e-01
6.532623629334891602e-01
6.532623629334891602e-01
6.532623629334891602e-01
6.532623629334891602e-01
6.532623629334891602e-01
6.532623629334891602e-01
6.532623629334891602e-01
6.532623629334891602e-01
6.532623629334891602e-01
6.532623629334891602e-01
6.532623629334891602e-01
6.532623629334891602e-01
6.532623629334891602e-01
6.532623629334891602e-01
6.532623629334891602e-01
6.532623629334891602e-01
6.532623629334891602e-01
6.532623629334891602e-01
6.532623629334891602e-01
6.532623629334891602e-01
6.532623629334891602e-01
6.532623629334891602e-01
6.532623629334891602e-01
6.532623629334891602e-01
6.532623629334891602e-01
6.532623629334891602e-01
6.532623629334891602e-01
6.532623629334891602e-01
6.532623629334891602e-01
6.532623629334891602e-01
6.532623629334891602e-01
6.532623629334891602e-01
6.532623629334891602e-01
6.532623629334891602e-01
6.532623629334891602e-01
6.532623629334891602e-01
6.532623629334891602e-01
6.532623629334891602e-01
6.532623629334891602e-01
6.532623629334891602e-01
6.532623629334891602e-01
6.532623629334891602e-01
6.532623629334891602e-01
6.532623629334891602e-01
6.532623629334891602e-01
6.532623629334891602e-01
6.532623629334891602e-01
6.532623629334891602e-01
6.532623629334891602e-01
6.532623629334891602e-01
6.532623629334891602e-01
6.532623629334891602e-01
6.532623629334891602e-01
6.532623629334891602e-01
6.532623629334891602e-01
6.532623629334891602e-01
6.532623629334891602e-01
6.532623629334891602e-01
6.532623629334891602e-01
6.532623629334891602e-01
6.532623629334891602e-01
6.532623629334891602e-01
6.532623629334891602e-01
6.532623629334891602e-01
6.532623629334891602e-01
6.532623629334891602e-01
6.532623629334891602e-01
6.532623629334891602e-01
6.532623629334891602e-01
6.532623629334891602e-01
6.532623629334891602e-01
6.532623629334891602e-01
6.532623629334891602e-01
6.532623629334891602e-01
6.532623629334891602e-01
6.532623629334891602e-01
6.532623629334891602e-01
6.532623629334891602e-01
6.532623629334891602e-01
6.532623629334891602e-01
6.532623629334891602e-01
6.532623629334891602e-01
6.532623629334891602e-01
6.532623629334891602e-01
6.532623629334891602e-01
6.532623629334891602e-01
6.532623629334891602e-01
6.532623629334891602e-01
6.532623629334891602e-01
6.532623629334891602e-01
6.532623629334891602e-01
6.532623629334891602e-01
6.532623629334891602e-01
6.532623629334891602e-01
6.532623629334891602e-01
6.532623629334891602e-01
6.532623629334891602e-01
6.532623629334891602e-01
6.532623629334891602e-01
6.532623629334891602e-01
6.532623629334891602e-01
6.532623629334891602e-01
6.532623629334891602e-01
6.532623629334891602e-01
6.532623629334891602e-01
6.532623629334891602e-01
6.532623629334891602e-01
6.532623629334891602e-01
6.532623629334891602e-01
6.532623629334891602e-01
6.532623629334891602e-01
6.532623629334891602e-01
6.532623629334891602e-01
6.532623629334891602e-01
6.532623629334891602e-01
6.532623629334891602e-01
6.532623629334891602e-01
6.532623629334891602e-01
6.532623629334891602e-01
6.532623629334891602e-01
6.532623629334891602e-01
6.532623629334891602e-01
6.532623629334891602e-01
6.532623629334891602e-01
6.532623629334891602e-01
6.532623629334891602e-01
6.532623629334891602e-01
6.532623629334891602e-01
6.532623629334891602e-01
6.532623629334891602e-01
6.532623629334891602e-01
6.532623629334891602e-01
6.532623629334891602e-01
6.532623629334891602e-01
6.532623629334891602e-01
6.532623629334891602e-01
6.532623629334891602e-01
6.532623629334891602e-01
6.532623629334891602e-01
6.532623629334891602e-01
6.532623629334891602e-01
6.532623629334891602e-01
6.532623629334891602e-01
6.532623629334891602e-01
6.532623629334891602e-01
6.532623629334891602e-01
6.532623629334891602e-01
6.532623629334891602e-01
6.532623629334891602e-01
6.532623629334891602e-01
6.532623629334891602e-01
6.532623629334891602e-01
6.532623629334891602e-01
6.532623629334891602e-01
6.532623629334891602e-01
6.532623629334891602e-01
6.532623629334891602e-01
6.532623629334891602e-01
6.532623629334891602e-01
6.532623629334891602e-01
6.532623629334891602e-01
6.532623629334891602e-01
6.532623629334891602e-01
6.532623629334891602e-01
6.532623629334891602e-01
6.532623629334891602e-01
6.532623629334891602e-01
6.532623629334891602e-01
6.532623629334891602e-01
6.532623629334891602e-01
6.532623629334891602e-01
6.532623629334891602e-01
6.532623629334891602e-01
6.532623629334891602e-01
6.532623629334891602e-01
6.532623629334891602e-01
6.532623629334891602e-01
6.532623629334891602e-01
6.532623629334891602e-01
6.532623629334891602e-01
6.532623629334891602e-01
6.532623629334891602e-01
6.532623629334891602e-01
6.532623629334891602e-01
6.532623629334891602e-01
6.532623629334891602e-01
6.532623629334891602e-01
6.532623629334891602e-01
6.532623629334891602e-01
6.532623629334891602e-01
6.532623629334891602e-01
6.532623629334891602e-01
6.532623629334891602e-01
6.532623629334891602e-01
6.532623629334891602e-01
6.532623629334891602e-01
6.532623629334891602e-01
6.532623629334891602e-01
6.532623629334891602e-01
6.532623629334891602e-01
6.532623629334891602e-01
6.532623629334891602e-01
6.532623629334891602e-01
6.532623629334891602e-01
6.532623629334891602e-01
6.532623629334891602e-01
6.532623629334891602e-01
6.532623629334891602e-01
6.532623629334891602e-01
6.532623629334891602e-01
6.532623629334891602e-01
6.532623629334891602e-01
6.532623629334891602e-01
6.532623629334891602e-01
6.532623629334891602e-01
6.532623629334891602e-01
6.532623629334891602e-01
6.532623629334891602e-01
6.532623629334891602e-01
6.532623629334891602e-01
6.532623629334891602e-01
6.532623629334891602e-01
6.532623629334891602e-01
6.532623629334891602e-01
6.532623629334891602e-01
6.532623629334891602e-01
6.532623629334891602e-01
6.532623629334891602e-01
6.532623629334891602e-01
6.532623629334891602e-01
6.532623629334891602e-01
6.532623629334891602e-01
6.532623629334891602e-01
6.532623629334891602e-01
6.532623629334891602e-01
6.532623629334891602e-01
6.532623629334891602e-01
6.532623629334891602e-01
6.532623629334891602e-01
6.532623629334891602e-01
6.532623629334891602e-01
6.532623629334891602e-01
6.532623629334891602e-01
6.532623629334891602e-01
6.532623629334891602e-01
6.532623629334891602e-01
6.532623629334891602e-01
6.532623629334891602e-01
6.532623629334891602e-01
6.532623629334891602e-01
6.532623629334891602e-01
6.532623629334891602e-01
6.532623629334891602e-01
6.532623629334891602e-01
6.532623629334891602e-01
6.532623629334891602e-01
6.532623629334891602e-01
6.532623629334891602e-01
6.532623629334891602e-01
6.532623629334891602e-01
6.532623629334891602e-01
6.532623629334891602e-01
6.532623629334891602e-01
6.532623629334891602e-01
6.532623629334891602e-01
6.532623629334891602e-01
6.532623629334891602e-01
6.532623629334891602e-01
6.532623629334891602e-01
6.532623629334891602e-01
6.532623629334891602e-01
6.532623629334891602e-01
6.532623629334891602e-01
6.532623629334891602e-01
6.532623629334891602e-01
6.532623629334891602e-01
6.532623629334891602e-01
6.532623629334891602e-01
6.532623629334891602e-01
6.532623629334891602e-01
6.532623629334891602e-01
6.532623629334891602e-01
6.532623629334891602e-01
6.532623629334891602e-01
6.532623629334891602e-01
6.532623629334891602e-01
6.532623629334891602e-01
6.532623629334891602e-01
6.532623629334891602e-01
6.532623629334891602e-01
6.532623629334891602e-01
6.532623629334891602e-01
6.532623629334891602e-01
6.532623629334891602e-01
6.532623629334891602e-01
6.532623629334891602e-01
6.532623629334891602e-01
6.532623629334891602e-01
6.532623629334891602e-01
6.532623629334891602e-01
6.532623629334891602e-01
6.532623629334891602e-01
6.532623629334891602e-01
6.532623629334891602e-01
6.532623629334891602e-01
6.532623629334891602e-01
6.532623629334891602e-01
6.532623629334891602e-01
6.532623629334891602e-01
6.532623629334891602e-01
6.532623629334891602e-01
6.532623629334891602e-01
6.532623629334891602e-01
6.532623629334891602e-01
6.532623629334891602e-01
6.532623629334891602e-01
6.532623629334891602e-01
6.532623629334891602e-01
6.532623629334891602e-01
6.532623629334891602e-01
6.532623629334891602e-01
6.532623629334891602e-01
6.532623629334891602e-01
6.532623629334891602e-01
6.532623629334891602e-01
6.532623629334891602e-01
6.532623629334891602e-01
6.532623629334891602e-01
6.532623629334891602e-01
6.532623629334891602e-01
6.532623629334891602e-01
6.532623629334891602e-01
6.532623629334891602e-01
6.532623629334891602e-01
6.532623629334891602e-01
6.532623629334891602e-01
6.532623629334891602e-01
6.532623629334891602e-01
6.532623629334891602e-01
6.532623629334891602e-01
6.532623629334891602e-01
6.532623629334891602e-01
6.532623629334891602e-01
6.532623629334891602e-01
6.532623629334891602e-01
6.532623629334891602e-01
6.532623629334891602e-01
6.532623629334891602e-01
6.532623629334891602e-01
6.532623629334891602e-01
6.532623629334891602e-01
6.532623629334891602e-01
6.532623629334891602e-01
6.532623629334891602e-01
6.532623629334891602e-01
6.532623629334891602e-01
6.532623629334891602e-01
6.532623629334891602e-01
6.532623629334891602e-01
6.532623629334891602e-01
6.532623629334891602e-01
6.532623629334891602e-01
6.532623629334891602e-01
6.532623629334891602e-01
6.532623629334891602e-01
6.532623629334891602e-01
6.532623629334891602e-01
6.532623629334891602e-01
6.532623629334891602e-01
6.532623629334891602e-01
6.532623629334891602e-01
6.532623629334891602e-01
6.532623629334891602e-01
6.532623629334891602e-01
6.532623629334891602e-01
6.532623629334891602e-01
6.532623629334891602e-01
6.532623629334891602e-01
6.532623629334891602e-01
6.532623629334891602e-01
6.532623629334891602e-01
6.532623629334891602e-01
6.532623629334891602e-01
6.532623629334891602e-01
6.532623629334891602e-01
6.532623629334891602e-01
6.532623629334891602e-01
6.532623629334891602e-01
6.532623629334891602e-01
6.532623629334891602e-01
6.532623629334891602e-01
6.532623629334891602e-01
6.532623629334891602e-01
6.532623629334891602e-01
6.532623629334891602e-01
6.532623629334891602e-01
6.532623629334891602e-01
6.532623629334891602e-01
6.532623629334891602e-01
6.532623629334891602e-01
6.532623629334891602e-01
6.532623629334891602e-01
6.532623629334891602e-01
6.532623629334891602e-01
6.532623629334891602e-01
6.532623629334891602e-01
6.532623629334891602e-01
6.532623629334891602e-01
6.532623629334891602e-01
6.532623629334891602e-01
6.532623629334891602e-01
6.532623629334891602e-01
6.532623629334891602e-01
6.532623629334891602e-01
6.532623629334891602e-01
6.532623629334891602e-01
6.532623629334891602e-01
6.532623629334891602e-01
6.532623629334891602e-01
6.532623629334891602e-01
6.532623629334891602e-01
6.532623629334891602e-01
6.532623629334891602e-01
6.532623629334891602e-01
6.532623629334891602e-01
6.532623629334891602e-01
6.532623629334891602e-01
6.532623629334891602e-01
6.532623629334891602e-01
6.532623629334891602e-01
6.532623629334891602e-01
6.532623629334891602e-01
6.532623629334891602e-01
6.532623629334891602e-01
6.532623629334891602e-01
6.532623629334891602e-01
6.532623629334891602e-01
6.532623629334891602e-01
6.532623629334891602e-01
6.532623629334891602e-01
6.532623629334891602e-01
6.532623629334891602e-01
6.532623629334891602e-01
6.532623629334891602e-01
6.532623629334891602e-01
6.532623629334891602e-01
6.532623629334891602e-01
6.532623629334891602e-01
6.532623629334891602e-01
6.532623629334891602e-01
6.532623629334891602e-01
6.532623629334891602e-01
6.532623629334891602e-01
6.532623629334891602e-01
6.532623629334891602e-01
6.532623629334891602e-01
6.532623629334891602e-01
6.532623629334891602e-01
6.532623629334891602e-01
6.532623629334891602e-01
6.532623629334891602e-01
6.532623629334891602e-01
6.532623629334891602e-01
6.532623629334891602e-01
6.532623629334891602e-01
6.532623629334891602e-01
6.532623629334891602e-01
6.532623629334891602e-01
6.532623629334891602e-01
6.532623629334891602e-01
6.532623629334891602e-01
6.532623629334891602e-01
6.532623629334891602e-01
6.532623629334891602e-01
6.532623629334891602e-01
6.532623629334891602e-01
6.532623629334891602e-01
6.532623629334891602e-01
6.532623629334891602e-01
6.532623629334891602e-01
6.532623629334891602e-01
6.532623629334891602e-01
6.532623629334891602e-01
6.532623629334891602e-01
6.532623629334891602e-01
6.532623629334891602e-01
6.532623629334891602e-01
6.532623629334891602e-01
6.532623629334891602e-01
6.532623629334891602e-01
6.532623629334891602e-01
6.532623629334891602e-01
6.532623629334891602e-01
6.532623629334891602e-01
6.532623629334891602e-01
6.532623629334891602e-01
6.532623629334891602e-01
6.532623629334891602e-01
6.532623629334891602e-01
6.532623629334891602e-01
6.532623629334891602e-01
6.512685088076232143e-01
6.492746546817572684e-01
6.472808005558913225e-01
6.452869464300253766e-01
6.432930923041594307e-01
6.412992381782934848e-01
6.393053840524275389e-01
6.373115299265615930e-01
6.353176758006956470e-01
6.333238216748297011e-01
6.313299675489637552e-01
6.293361134230978093e-01
6.273422592972318634e-01
6.253484051713659175e-01
6.233545510454999716e-01
6.213606969196340257e-01
6.193668427937680798e-01
6.173729886679021339e-01
6.153791345420361880e-01
6.133852804161702421e-01
6.113914262903042962e-01
6.093975721644383503e-01
6.074037180385724044e-01
6.054098639127064585e-01
6.034160097868405126e-01
6.014221556609745667e-01
5.994283015351086208e-01
5.974344474092426749e-01
5.954405932833767290e-01
5.934467391575107831e-01
5.914528850316448372e-01
5.894590309057788913e-01
5.874651767799129454e-01
5.854713226540469995e-01
5.834774685281810536e-01
5.814836144023151077e-01
5.794897602764491618e-01
5.774959061505832159e-01
5.755020520247172700e-01
5.755020520247172700e-01
5.755020520247172700e-01
5.755020520247172700e-01
5.755020520247172700e-01
5.755020520247172700e-01
5.755020520247172700e-01
5.755020520247172700e-01
5.755020520247172700e-01
5.755020520247172700e-01
5.755020520247172700e-01
5.755020520247172700e-01
5.755020520247172700e-01
5.755020520247172700e-01
5.755020520247172700e-01
5.755020520247172700e-01
5.755020520247172700e-01
5.755020520247172700e-01
5.755020520247172700e-01
5.755020520247172700e-01
5.755020520247172700e-01
5.755020520247172700e-01
5.755020520247172700e-01
5.755020520247172700e-01
5.755020520247172700e-01
5.755020520247172700e-01
5.755020520247172700e-01
5.755020520247172700e-01
5.755020520247172700e-01
5.755020520247172700e-01
5.755020520247172700e-01
5.755020520247172700e-01
5.755020520247172700e-01
5.755020520247172700e-01
5.755020520247172700e-01
5.755020520247172700e-01
5.755020520247172700e-01
5.755020520247172700e-01
5.755020520247172700e-01
5.755020520247172700e-01
5.755020520247172700e-01
5.755020520247172700e-01
5.755020520247172700e-01
5.755020520247172700e-01
5.755020520247172700e-01
5.755020520247172700e-01
5.755020520247172700e-01
5.755020520247172700e-01
5.755020520247172700e-01
5.755020520247172700e-01
5.755020520247172700e-01
5.755020520247172700e-01
5.755020520247172700e-01
5.755020520247172700e-01
5.755020520247172700e-01
5.755020520247172700e-01
5.755020520247172700e-01
5.755020520247172700e-01
5.755020520247172700e-01
5.755020520247172700e-01
5.755020520247172700e-01
5.755020520247172700e-01
5.755020520247172700e-01
5.755020520247172700e-01
5.755020520247172700e-01
5.755020520247172700e-01
5.755020520247172700e-01
5.755020520247172700e-01
5.755020520247172700e-01
5.755020520247172700e-01
5.755020520247172700e-01
5.755020520247172700e-01
5.755020520247172700e-01
5.755020520247172700e-01
5.755020520247172700e-01
5.755020520247172700e-01
5.755020520247172700e-01
5.755020520247172700e-01
5.755020520247172700e-01
5.755020520247172700e-01
5.755020520247172700e-01
5.755020520247172700e-01
5.755020520247172700e-01
5.755020520247172700e-01
5.755020520247172700e-01
5.755020520247172700e-01
5.755020520247172700e-01
5.755020520247172700e-01
5.755020520247172700e-01
5.755020520247172700e-01
5.755020520247172700e-01
5.755020520247172700e-01
5.755020520247172700e-01
5.755020520247172700e-01
5.755020520247172700e-01
5.755020520247172700e-01
5.755020520247172700e-01
5.755020520247172700e-01
5.755020520247172700e-01
5.755020520247172700e-01
5.755020520247172700e-01
5.755020520247172700e-01
5.755020520247172700e-01
5.755020520247172700e-01
5.755020520247172700e-01
5.755020520247172700e-01
5.755020520247172700e-01
5.755020520247172700e-01
5.755020520247172700e-01
5.755020520247172700e-01
5.755020520247172700e-01
5.755020520247172700e-01
5.755020520247172700e-01
5.755020520247172700e-01
5.755020520247172700e-01
5.755020520247172700e-01
5.755020520247172700e-01
5.755020520247172700e-01
5.755020520247172700e-01
5.755020520247172700e-01
5.755020520247172700e-01
5.755020520247172700e-01
5.755020520247172700e-01
5.755020520247172700e-01
5.755020520247172700e-01
5.755020520247172700e-01
5.755020520247172700e-01
5.755020520247172700e-01
5.755020520247172700e-01
5.755020520247172700e-01
5.755020520247172700e-01
5.755020520247172700e-01
5.755020520247172700e-01
5.755020520247172700e-01
5.755020520247172700e-01
5.755020520247172700e-01
5.755020520247172700e-01
5.755020520247172700e-01
5.755020520247172700e-01
5.755020520247172700e-01
5.755020520247172700e-01
5.755020520247172700e-01
5.755020520247172700e-01
5.755020520247172700e-01
5.755020520247172700e-01
5.755020520247172700e-01
5.755020520247172700e-01
5.755020520247172700e-01
5.755020520247172700e-01
5.755020520247172700e-01
5.755020520247172700e-01
5.755020520247172700e-01
5.755020520247172700e-01
5.755020520247172700e-01
5.755020520247172700e-01
5.755020520247172700e-01
5.755020520247172700e-01
5.755020520247172700e-01
5.755020520247172700e-01
5.755020520247172700e-01
5.755020520247172700e-01
5.755020520247172700e-01
5.755020520247172700e-01
5.755020520247172700e-01
5.755020520247172700e-01
5.755020520247172700e-01
5.755020520247172700e-01
5.755020520247172700e-01
5.755020520247172700e-01
5.755020520247172700e-01
5.755020520247172700e-01
5.755020520247172700e-01
5.755020520247172700e-01
5.755020520247172700e-01
5.755020520247172700e-01
5.755020520247172700e-01
5.755020520247172700e-01
5.755020520247172700e-01
5.755020520247172700e-01
5.755020520247172700e-01
5.755020520247172700e-01
5.755020520247172700e-01
5.755020520247172700e-01
5.755020520247172700e-01
5.755020520247172700e-01
5.755020520247172700e-01
5.755020520247172700e-01
5.755020520247172700e-01
5.755020520247172700e-01
5.755020520247172700e-01
5.755020520247172700e-01
5.755020520247172700e-01
5.755020520247172700e-01
5.755020520247172700e-01
5.755020520247172700e-01
5.755020520247172700e-01
5.755020520247172700e-01
5.755020520247172700e-01
5.755020520247172700e-01
5.755020520247172700e-01
5.755020520247172700e-01
5.755020520247172700e-01
5.755020520247172700e-01
5.755020520247172700e-01
5.755020520247172700e-01
5.755020520247172700e-01
5.755020520247172700e-01
5.755020520247172700e-01
5.755020520247172700e-01
5.755020520247172700e-01
5.755020520247172700e-01
5.755020520247172700e-01
5.755020520247172700e-01
5.755020520247172700e-01
5.755020520247172700e-01
5.755020520247172700e-01
5.755020520247172700e-01
5.755020520247172700e-01
5.755020520247172700e-01
5.755020520247172700e-01
5.755020520247172700e-01
5.755020520247172700e-01
5.755020520247172700e-01
5.755020520247172700e-01
5.755020520247172700e-01
5.755020520247172700e-01
5.755020520247172700e-01
5.755020520247172700e-01
5.755020520247172700e-01
5.755020520247172700e-01
5.755020520247172700e-01
5.755020520247172700e-01
5.755020520247172700e-01
5.755020520247172700e-01
5.755020520247172700e-01
5.755020520247172700e-01
5.755020520247172700e-01
5.755020520247172700e-01
5.755020520247172700e-01
5.755020520247172700e-01
5.755020520247172700e-01
5.755020520247172700e-01
5.755020520247172700e-01
5.755020520247172700e-01
5.755020520247172700e-01
5.755020520247172700e-01
5.755020520247172700e-01
5.755020520247172700e-01
5.755020520247172700e-01
5.755020520247172700e-01
5.755020520247172700e-01
5.755020520247172700e-01
5.755020520247172700e-01
5.755020520247172700e-01
5.755020520247172700e-01
5.755020520247172700e-01
5.755020520247172700e-01
5.755020520247172700e-01
5.755020520247172700e-01
5.755020520247172700e-01
5.755020520247172700e-01
5.755020520247172700e-01
5.755020520247172700e-01
5.755020520247172700e-01
5.755020520247172700e-01
5.755020520247172700e-01
5.755020520247172700e-01
5.755020520247172700e-01
5.755020520247172700e-01
5.755020520247172700e-01
5.755020520247172700e-01
5.755020520247172700e-01
5.755020520247172700e-01
5.755020520247172700e-01
5.755020520247172700e-01
5.755020520247172700e-01
5.755020520247172700e-01
5.755020520247172700e-01
5.755020520247172700e-01
5.755020520247172700e-01
5.755020520247172700e-01
5.755020520247172700e-01
5.755020520247172700e-01
5.755020520247172700e-01
5.755020520247172700e-01
5.755020520247172700e-01
5.755020520247172700e-01
5.755020520247172700e-01
5.755020520247172700e-01
5.755020520247172700e-01
5.755020520247172700e-01
5.755020520247172700e-01
5.755020520247172700e-01
5.755020520247172700e-01
5.755020520247172700e-01
5.755020520247172700e-01
5.755020520247172700e-01
5.755020520247172700e-01
5.755020520247172700e-01
5.755020520247172700e-01
5.755020520247172700e-01
5.755020520247172700e-01
5.755020520247172700e-01
5.755020520247172700e-01
5.755020520247172700e-01
5.755020520247172700e-01
5.755020520247172700e-01
5.755020520247172700e-01
5.755020520247172700e-01
5.755020520247172700e-01
5.755020520247172700e-01
5.755020520247172700e-01
5.755020520247172700e-01
5.755020520247172700e-01
5.755020520247172700e-01
5.755020520247172700e-01
5.755020520247172700e-01
5.755020520247172700e-01
5.755020520247172700e-01
5.755020520247172700e-01
5.755020520247172700e-01
5.755020520247172700e-01
5.755020520247172700e-01
5.755020520247172700e-01
5.755020520247172700e-01
5.755020520247172700e-01
5.755020520247172700e-01
5.755020520247172700e-01
5.755020520247172700e-01
5.755020520247172700e-01
5.755020520247172700e-01
5.755020520247172700e-01
5.755020520247172700e-01
5.755020520247172700e-01
5.755020520247172700e-01
5.755020520247172700e-01
5.755020520247172700e-01
5.755020520247172700e-01
5.755020520247172700e-01
5.755020520247172700e-01
5.755020520247172700e-01
5.755020520247172700e-01
5.755020520247172700e-01
5.755020520247172700e-01
5.755020520247172700e-01
5.755020520247172700e-01
5.755020520247172700e-01
5.755020520247172700e-01
5.755020520247172700e-01
5.755020520247172700e-01
5.755020520247172700e-01
5.755020520247172700e-01
5.755020520247172700e-01
5.755020520247172700e-01
5.755020520247172700e-01
5.755020520247172700e-01
5.755020520247172700e-01
5.755020520247172700e-01
5.755020520247172700e-01
5.755020520247172700e-01
5.755020520247172700e-01
5.755020520247172700e-01
5.755020520247172700e-01
5.755020520247172700e-01
5.755020520247172700e-01
5.755020520247172700e-01
5.755020520247172700e-01
5.755020520247172700e-01
5.755020520247172700e-01
5.755020520247172700e-01
5.755020520247172700e-01
5.755020520247172700e-01
5.755020520247172700e-01
5.755020520247172700e-01
5.755020520247172700e-01
5.755020520247172700e-01
5.755020520247172700e-01
5.755020520247172700e-01
5.755020520247172700e-01
5.755020520247172700e-01
5.755020520247172700e-01
5.755020520247172700e-01
5.755020520247172700e-01
5.755020520247172700e-01
5.755020520247172700e-01
5.755020520247172700e-01
5.755020520247172700e-01
5.755020520247172700e-01
5.755020520247172700e-01
5.755020520247172700e-01
5.755020520247172700e-01
5.755020520247172700e-01
5.755020520247172700e-01
5.755020520247172700e-01
5.755020520247172700e-01
5.755020520247172700e-01
5.755020520247172700e-01
5.755020520247172700e-01
5.755020520247172700e-01
5.755020520247172700e-01
5.755020520247172700e-01
5.755020520247172700e-01
5.755020520247172700e-01
5.755020520247172700e-01
5.755020520247172700e-01
5.755020520247172700e-01
5.755020520247172700e-01
5.755020520247172700e-01
5.755020520247172700e-01
5.755020520247172700e-01
5.755020520247172700e-01
5.755020520247172700e-01
5.755020520247172700e-01
5.755020520247172700e-01
5.755020520247172700e-01
5.755020520247172700e-01
5.755020520247172700e-01
5.755020520247172700e-01
5.755020520247172700e-01
5.755020520247172700e-01
5.755020520247172700e-01
5.755020520247172700e-01
5.755020520247172700e-01
5.755020520247172700e-01
5.755020520247172700e-01
5.755020520247172700e-01
5.755020520247172700e-01
5.755020520247172700e-01
5.755020520247172700e-01
5.755020520247172700e-01
5.755020520247172700e-01
5.755020520247172700e-01
5.755020520247172700e-01
5.755020520247172700e-01
5.755020520247172700e-01
5.755020520247172700e-01
5.755020520247172700e-01
5.755020520247172700e-01
5.755020520247172700e-01
5.755020520247172700e-01
5.755020520247172700e-01
5.755020520247172700e-01
5.755020520247172700e-01
5.755020520247172700e-01
5.755020520247172700e-01
5.755020520247172700e-01
5.755020520247172700e-01
5.755020520247172700e-01
5.755020520247172700e-01
5.755020520247172700e-01
5.755020520247172700e-01
5.755020520247172700e-01
5.755020520247172700e-01
5.755020520247172700e-01
5.755020520247172700e-01
5.755020520247172700e-01
5.755020520247172700e-01
5.755020520247172700e-01
5.755020520247172700e-01
5.755020520247172700e-01
5.755020520247172700e-01
5.755020520247172700e-01
5.755020520247172700e-01
5.755020520247172700e-01
5.755020520247172700e-01
5.755020520247172700e-01
5.755020520247172700e-01
5.755020520247172700e-01
5.755020520247172700e-01
5.755020520247172700e-01
5.755020520247172700e-01
5.755020520247172700e-01
5.755020520247172700e-01
5.755020520247172700e-01
5.755020520247172700e-01
5.755020520247172700e-01
5.755020520247172700e-01
5.755020520247172700e-01
5.755020520247172700e-01
5.755020520247172700e-01
5.755020520247172700e-01
5.755020520247172700e-01
5.755020520247172700e-01
5.755020520247172700e-01
5.755020520247172700e-01
5.755020520247172700e-01
5.755020520247172700e-01
5.755020520247172700e-01
5.755020520247172700e-01
5.755020520247172700e-01
5.755020520247172700e-01
5.755020520247172700e-01
5.755020520247172700e-01
5.755020520247172700e-01
5.755020520247172700e-01
5.755020520247172700e-01
5.755020520247172700e-01
5.755020520247172700e-01
5.755020520247172700e-01
5.755020520247172700e-01
5.755020520247172700e-01
5.755020520247172700e-01
5.755020520247172700e-01
5.755020520247172700e-01
5.755020520247172700e-01
5.755020520247172700e-01
5.755020520247172700e-01
5.755020520247172700e-01
5.755020520247172700e-01
5.755020520247172700e-01
5.755020520247172700e-01
5.755020520247172700e-01
5.755020520247172700e-01
5.755020520247172700e-01
5.755020520247172700e-01
5.755020520247172700e-01
5.755020520247172700e-01
5.755020520247172700e-01
5.755020520247172700e-01
5.755020520247172700e-01
5.755020520247172700e-01
5.755020520247172700e-01
5.755020520247172700e-01
5.755020520247172700e-01
5.755020520247172700e-01
5.755020520247172700e-01
5.755020520247172700e-01
5.755020520247172700e-01
5.755020520247172700e-01
5.755020520247172700e-01
5.755020520247172700e-01
5.755020520247172700e-01
5.755020520247172700e-01
5.755020520247172700e-01
5.755020520247172700e-01
5.755020520247172700e-01
5.755020520247172700e-01
5.755020520247172700e-01
5.755020520247172700e-01
5.755020520247172700e-01
5.755020520247172700e-01
5.755020520247172700e-01
5.755020520247172700e-01
5.755020520247172700e-01
5.755020520247172700e-01
5.755020520247172700e-01
5.755020520247172700e-01
5.755020520247172700e-01
5.755020520247172700e-01
5.755020520247172700e-01
5.755020520247172700e-01
5.755020520247172700e-01
5.755020520247172700e-01
5.755020520247172700e-01
5.755020520247172700e-01
5.755020520247172700e-01
5.755020520247172700e-01
5.755020520247172700e-01
5.755020520247172700e-01
5.755020520247172700e-01
5.755020520247172700e-01
5.755020520247172700e-01
5.755020520247172700e-01
5.755020520247172700e-01
5.755020520247172700e-01
5.755020520247172700e-01
5.755020520247172700e-01
5.755020520247172700e-01
5.755020520247172700e-01
5.755020520247172700e-01
5.755020520247172700e-01
5.755020520247172700e-01
5.755020520247172700e-01
5.755020520247172700e-01
5.755020520247172700e-01
5.755020520247172700e-01
5.755020520247172700e-01
5.755020520247172700e-01
5.755020520247172700e-01
5.755020520247172700e-01
5.755020520247172700e-01
5.755020520247172700e-01
5.755020520247172700e-01
5.755020520247172700e-01
5.755020520247172700e-01
5.755020520247172700e-01
5.755020520247172700e-01
5.755020520247172700e-01
5.755020520247172700e-01
5.755020520247172700e-01
5.755020520247172700e-01
5.755020520247172700e-01
5.755020520247172700e-01
5.755020520247172700e-01
5.755020520247172700e-01
5.755020520247172700e-01
5.755020520247172700e-01
5.755020520247172700e-01
5.755020520247172700e-01
5.755020520247172700e-01
5.755020520247172700e-01
5.755020520247172700e-01
5.755020520247172700e-01
5.755020520247172700e-01
5.755020520247172700e-01
5.755020520247172700e-01
5.755020520247172700e-01
5.755020520247172700e-01
5.755020520247172700e-01
5.755020520247172700e-01
5.755020520247172700e-01
5.755020520247172700e-01
5.734513588896734682e-01
5.714006657546296664e-01
5.693499726195858646e-01
5.672992794845420628e-01
5.652485863494982610e-01
5.631978932144544592e-01
5.611472000794106574e-01
5.590965069443668556e-01
5.590965069443668556e-01
5.590965069443668556e-01
5.590965069443668556e-01
5.590965069443668556e-01
5.590965069443668556e-01
5.590965069443668556e-01
5.590965069443668556e-01
5.590965069443668556e-01
5.590965069443668556e-01
5.590965069443668556e-01
5.590965069443668556e-01
5.590965069443668556e-01
5.590965069443668556e-01
5.590965069443668556e-01
5.590965069443668556e-01
5.590965069443668556e-01
5.590965069443668556e-01
5.590965069443668556e-01
5.590965069443668556e-01
5.590965069443668556e-01
5.590965069443668556e-01
5.590965069443668556e-01
5.590965069443668556e-01
5.590965069443668556e-01
5.590965069443668556e-01
5.590965069443668556e-01
5.590965069443668556e-01
5.590965069443668556e-01
5.590965069443668556e-01
5.590965069443668556e-01
5.590965069443668556e-01
5.590965069443668556e-01
5.590965069443668556e-01
5.590965069443668556e-01
5.590965069443668556e-01
5.590965069443668556e-01
5.590965069443668556e-01
5.590965069443668556e-01
5.590965069443668556e-01
5.590965069443668556e-01
5.590965069443668556e-01
5.590965069443668556e-01
5.590965069443668556e-01
5.590965069443668556e-01
5.590965069443668556e-01
5.590965069443668556e-01
5.590965069443668556e-01
5.590965069443668556e-01
5.590965069443668556e-01
5.590965069443668556e-01
5.590965069443668556e-01
5.590965069443668556e-01
5.590965069443668556e-01
5.590965069443668556e-01
5.590965069443668556e-01
5.590965069443668556e-01
5.590965069443668556e-01
5.590965069443668556e-01
5.590965069443668556e-01
5.590965069443668556e-01
5.590965069443668556e-01
5.590965069443668556e-01
5.590965069443668556e-01
5.590965069443668556e-01
5.590965069443668556e-01
5.590965069443668556e-01
5.590965069443668556e-01
5.590965069443668556e-01
5.590965069443668556e-01
5.590965069443668556e-01
5.590965069443668556e-01
5.590965069443668556e-01
5.590965069443668556e-01
5.590965069443668556e-01
5.590965069443668556e-01
5.590965069443668556e-01
5.590965069443668556e-01
5.590965069443668556e-01
5.590965069443668556e-01
5.590965069443668556e-01
5.590965069443668556e-01
5.590965069443668556e-01
5.590965069443668556e-01
5.590965069443668556e-01
5.590965069443668556e-01
5.590965069443668556e-01
5.590965069443668556e-01
5.590965069443668556e-01
5.590965069443668556e-01
5.590965069443668556e-01
5.590965069443668556e-01
5.590965069443668556e-01
5.590965069443668556e-01
5.590965069443668556e-01
5.590965069443668556e-01
5.590965069443668556e-01
5.590965069443668556e-01
5.590965069443668556e-01
5.590965069443668556e-01
5.590965069443668556e-01
5.590965069443668556e-01
5.590965069443668556e-01
5.590965069443668556e-01
5.590965069443668556e-01
5.590965069443668556e-01
5.590965069443668556e-01
5.590965069443668556e-01
5.590965069443668556e-01
5.590965069443668556e-01
5.590965069443668556e-01
5.590965069443668556e-01
5.590965069443668556e-01
5.590965069443668556e-01
5.590965069443668556e-01
5.590965069443668556e-01
5.590965069443668556e-01
5.590965069443668556e-01
5.590965069443668556e-01
5.590965069443668556e-01
5.590965069443668556e-01
5.590965069443668556e-01
5.590965069443668556e-01
5.590965069443668556e-01
5.590965069443668556e-01
5.590965069443668556e-01
5.590965069443668556e-01
5.590965069443668556e-01
5.590965069443668556e-01
5.590965069443668556e-01
5.590965069443668556e-01
5.590965069443668556e-01
5.590965069443668556e-01
5.590965069443668556e-01
5.590965069443668556e-01
5.590965069443668556e-01
5.590965069443668556e-01
5.590965069443668556e-01
5.590965069443668556e-01
5.590965069443668556e-01
5.590965069443668556e-01
5.590965069443668556e-01
5.590965069443668556e-01
5.590965069443668556e-01
5.590965069443668556e-01
5.590965069443668556e-01
5.590965069443668556e-01
5.590965069443668556e-01
5.590965069443668556e-01
5.590965069443668556e-01
5.590965069443668556e-01
5.590965069443668556e-01
5.590965069443668556e-01
5.590965069443668556e-01
5.590965069443668556e-01
5.590965069443668556e-01
5.590965069443668556e-01
5.590965069443668556e-01
5.590965069443668556e-01
5.590965069443668556e-01
5.590965069443668556e-01
5.590965069443668556e-01
5.590965069443668556e-01
5.590965069443668556e-01
5.590965069443668556e-01
5.567345849251863488e-01
5.543726629060058420e-01
5.520107408868253351e-01
5.496488188676448283e-01
5.472868968484643215e-01
5.449249748292838147e-01
5.425630528101033079e-01
5.402011307909228011e-01
5.378392087717422942e-01
5.354772867525617874e-01
5.331153647333812806e-01
5.307534427142007738e-01
5.283915206950202670e-01
5.260295986758397602e-01
5.236676766566592534e-01
5.213057546374787465e-01
5.189438326182982397e-01
5.165819105991177329e-01
5.142199885799372261e-01
5.118580665607567193e-01
5.094961445415762125e-01
5.071342225223957056e-01
5.047723005032151988e-01
5.024103784840346920e-01
5.000484564648541852e-01
4.976865344456736229e-01
4.953246124264930605e-01
4.929626904073124982e-01
4.906007683881319359e-01
4.906007683881319359e-01
4.906007683881319359e-01
4.906007683881319359e-01
4.906007683881319359e-01
4.906007683881319359e-01
4.906007683881319359e-01
4.906007683881319359e-01
4.906007683881319359e-01
4.906007683881319359e-01
4.906007683881319359e-01
4.906007683881319359e-01
4.906007683881319359e-01
4.906007683881319359e-01
4.906007683881319359e-01
4.906007683881319359e-01
4.906007683881319359e-01
4.906007683881319359e-01
4.906007683881319359e-01
4.906007683881319359e-01
4.906007683881319359e-01
4.906007683881319359e-01
4.906007683881319359e-01
4.906007683881319359e-01
4.906007683881319359e-01
4.906007683881319359e-01
4.906007683881319359e-01
4.906007683881319359e-01
4.906007683881319359e-01
4.906007683881319359e-01
4.906007683881319359e-01
4.906007683881319359e-01
4.906007683881319359e-01
4.906007683881319359e-01
4.906007683881319359e-01
4.906007683881319359e-01
4.906007683881319359e-01
4.906007683881319359e-01
4.906007683881319359e-01
4.906007683881319359e-01
4.906007683881319359e-01
4.906007683881319359e-01
4.906007683881319359e-01
4.906007683881319359e-01
4.906007683881319359e-01
4.906007683881319359e-01
4.906007683881319359e-01
4.906007683881319359e-01
4.906007683881319359e-01
4.906007683881319359e-01
4.906007683881319359e-01
4.906007683881319359e-01
4.906007683881319359e-01
4.906007683881319359e-01
4.906007683881319359e-01
4.906007683881319359e-01
4.906007683881319359e-01
4.906007683881319359e-01
4.906007683881319359e-01
4.906007683881319359e-01
4.906007683881319359e-01
4.906007683881319359e-01
4.906007683881319359e-01
4.906007683881319359e-01
4.906007683881319359e-01
4.906007683881319359e-01
4.906007683881319359e-01
4.906007683881319359e-01
4.906007683881319359e-01
4.906007683881319359e-01
4.906007683881319359e-01
4.906007683881319359e-01
4.906007683881319359e-01
4.906007683881319359e-01
4.906007683881319359e-01
4.906007683881319359e-01
4.906007683881319359e-01
4.906007683881319359e-01
4.906007683881319359e-01
4.906007683881319359e-01
4.906007683881319359e-01
4.906007683881319359e-01
4.906007683881319359e-01
4.906007683881319359e-01
4.906007683881319359e-01
4.906007683881319359e-01
4.906007683881319359e-01
4.906007683881319359e-01
4.906007683881319359e-01
4.906007683881319359e-01
4.906007683881319359e-01
4.906007683881319359e-01
4.906007683881319359e-01
4.906007683881319359e-01
4.906007683881319359e-01
4.906007683881319359e-01
4.906007683881319359e-01
4.906007683881319359e-01
4.906007683881319359e-01
4.906007683881319359e-01
4.906007683881319359e-01
4.906007683881319359e-01
4.906007683881319359e-01
4.906007683881319359e-01
4.906007683881319359e-01
4.906007683881319359e-01
4.906007683881319359e-01
4.906007683881319359e-01
4.906007683881319359e-01
4.906007683881319359e-01
4.906007683881319359e-01
4.906007683881319359e-01
4.906007683881319359e-01
4.906007683881319359e-01
4.906007683881319359e-01
4.906007683881319359e-01
4.906007683881319359e-01
4.906007683881319359e-01
4.906007683881319359e-01
4.906007683881319359e-01
4.906007683881319359e-01
4.906007683881319359e-01
4.906007683881319359e-01
4.906007683881319359e-01
4.906007683881319359e-01
4.906007683881319359e-01
4.906007683881319359e-01
4.906007683881319359e-01
4.906007683881319359e-01
4.906007683881319359e-01
4.906007683881319359e-01
4.906007683881319359e-01
4.906007683881319359e-01
4.906007683881319359e-01
4.906007683881319359e-01
4.906007683881319359e-01
4.906007683881319359e-01
4.906007683881319359e-01
4.906007683881319359e-01
4.906007683881319359e-01
4.906007683881319359e-01
4.906007683881319359e-01
4.906007683881319359e-01
4.906007683881319359e-01
4.906007683881319359e-01
4.906007683881319359e-01
4.906007683881319359e-01
4.906007683881319359e-01
4.906007683881319359e-01
4.906007683881319359e-01
4.906007683881319359e-01
4.906007683881319359e-01
4.906007683881319359e-01
4.906007683881319359e-01
4.906007683881319359e-01
4.906007683881319359e-01
4.906007683881319359e-01
4.906007683881319359e-01
4.906007683881319359e-01
4.906007683881319359e-01
4.906007683881319359e-01
4.906007683881319359e-01
4.906007683881319359e-01
4.906007683881319359e-01
4.906007683881319359e-01
4.906007683881319359e-01
4.906007683881319359e-01
4.906007683881319359e-01
4.906007683881319359e-01
4.906007683881319359e-01
4.906007683881319359e-01
4.906007683881319359e-01
4.906007683881319359e-01
4.906007683881319359e-01
4.906007683881319359e-01
4.906007683881319359e-01
4.906007683881319359e-01
4.906007683881319359e-01
4.906007683881319359e-01
4.906007683881319359e-01
4.906007683881319359e-01
4.906007683881319359e-01
4.906007683881319359e-01
4.906007683881319359e-01
4.906007683881319359e-01
4.906007683881319359e-01
4.906007683881319359e-01
4.906007683881319359e-01
4.906007683881319359e-01
4.906007683881319359e-01
4.906007683881319359e-01
4.906007683881319359e-01
4.906007683881319359e-01
4.906007683881319359e-01
4.906007683881319359e-01
4.906007683881319359e-01
4.906007683881319359e-01
4.906007683881319359e-01
4.906007683881319359e-01
4.906007683881319359e-01
4.906007683881319359e-01
4.906007683881319359e-01
4.906007683881319359e-01
4.906007683881319359e-01
4.906007683881319359e-01
4.906007683881319359e-01
4.906007683881319359e-01
4.906007683881319359e-01
4.906007683881319359e-01
4.906007683881319359e-01
4.906007683881319359e-01
4.906007683881319359e-01
4.906007683881319359e-01
4.906007683881319359e-01
4.906007683881319359e-01
4.906007683881319359e-01
4.906007683881319359e-01
4.906007683881319359e-01
4.906007683881319359e-01
4.906007683881319359e-01
4.906007683881319359e-01
4.906007683881319359e-01
4.906007683881319359e-01
4.906007683881319359e-01
4.906007683881319359e-01
4.906007683881319359e-01
4.906007683881319359e-01
4.906007683881319359e-01
4.906007683881319359e-01
4.906007683881319359e-01
4.906007683881319359e-01
4.906007683881319359e-01
4.906007683881319359e-01
4.906007683881319359e-01
4.906007683881319359e-01
4.906007683881319359e-01
4.906007683881319359e-01
4.906007683881319359e-01
4.906007683881319359e-01
4.906007683881319359e-01
4.906007683881319359e-01
4.906007683881319359e-01
4.906007683881319359e-01
4.906007683881319359e-01
4.906007683881319359e-01
4.906007683881319359e-01
4.906007683881319359e-01
4.906007683881319359e-01
4.906007683881319359e-01
4.906007683881319359e-01
4.906007683881319359e-01
4.906007683881319359e-01
4.906007683881319359e-01
4.906007683881319359e-01
4.906007683881319359e-01
4.906007683881319359e-01
4.906007683881319359e-01
4.906007683881319359e-01
4.906007683881319359e-01
4.906007683881319359e-01
4.906007683881319359e-01
4.906007683881319359e-01
4.906007683881319359e-01
4.906007683881319359e-01
4.906007683881319359e-01
4.906007683881319359e-01
4.906007683881319359e-01
4.906007683881319359e-01
4.906007683881319359e-01
4.906007683881319359e-01
4.906007683881319359e-01
4.906007683881319359e-01
4.906007683881319359e-01
4.906007683881319359e-01
4.906007683881319359e-01
4.906007683881319359e-01
4.906007683881319359e-01
4.906007683881319359e-01
4.906007683881319359e-01
4.906007683881319359e-01
4.906007683881319359e-01
4.906007683881319359e-01
4.906007683881319359e-01
4.906007683881319359e-01
4.906007683881319359e-01
4.906007683881319359e-01
4.906007683881319359e-01
4.906007683881319359e-01
4.906007683881319359e-01
4.906007683881319359e-01
4.906007683881319359e-01
4.906007683881319359e-01
4.906007683881319359e-01
4.906007683881319359e-01
4.906007683881319359e-01
4.906007683881319359e-01
4.906007683881319359e-01
4.906007683881319359e-01
4.906007683881319359e-01
4.906007683881319359e-01
4.906007683881319359e-01
4.906007683881319359e-01
4.906007683881319359e-01
4.906007683881319359e-01
4.906007683881319359e-01
4.906007683881319359e-01
4.906007683881319359e-01
4.906007683881319359e-01
4.906007683881319359e-01
4.906007683881319359e-01
4.906007683881319359e-01
4.906007683881319359e-01
4.906007683881319359e-01
4.906007683881319359e-01
4.906007683881319359e-01
4.906007683881319359e-01
4.906007683881319359e-01
4.906007683881319359e-01
4.906007683881319359e-01
4.906007683881319359e-01
4.906007683881319359e-01
4.906007683881319359e-01
4.906007683881319359e-01
4.906007683881319359e-01
4.906007683881319359e-01
4.906007683881319359e-01
4.906007683881319359e-01
4.906007683881319359e-01
4.906007683881319359e-01
4.906007683881319359e-01
4.906007683881319359e-01
4.906007683881319359e-01
4.906007683881319359e-01
4.906007683881319359e-01
4.906007683881319359e-01
4.906007683881319359e-01
4.906007683881319359e-01
4.906007683881319359e-01
4.906007683881319359e-01
4.906007683881319359e-01
4.906007683881319359e-01
4.906007683881319359e-01
4.906007683881319359e-01
4.906007683881319359e-01
4.906007683881319359e-01
4.906007683881319359e-01
4.906007683881319359e-01
4.906007683881319359e-01
4.906007683881319359e-01
4.906007683881319359e-01
4.906007683881319359e-01
4.906007683881319359e-01
4.906007683881319359e-01
4.906007683881319359e-01
4.906007683881319359e-01
4.906007683881319359e-01
4.906007683881319359e-01
4.906007683881319359e-01
4.906007683881319359e-01
4.906007683881319359e-01
4.906007683881319359e-01
4.906007683881319359e-01
4.906007683881319359e-01
4.906007683881319359e-01
4.906007683881319359e-01
4.906007683881319359e-01
4.906007683881319359e-01
4.906007683881319359e-01
4.906007683881319359e-01
4.906007683881319359e-01
4.906007683881319359e-01
4.906007683881319359e-01
4.906007683881319359e-01
4.906007683881319359e-01
4.906007683881319359e-01
4.906007683881319359e-01
4.906007683881319359e-01
4.906007683881319359e-01
4.906007683881319359e-01
4.906007683881319359e-01
4.906007683881319359e-01
4.906007683881319359e-01
4.906007683881319359e-01
4.906007683881319359e-01
4.906007683881319359e-01
4.906007683881319359e-01
4.906007683881319359e-01
4.906007683881319359e-01
4.906007683881319359e-01
4.906007683881319359e-01
4.906007683881319359e-01
4.906007683881319359e-01
4.906007683881319359e-01
4.906007683881319359e-01
4.906007683881319359e-01
4.906007683881319359e-01
4.906007683881319359e-01
4.906007683881319359e-01
4.906007683881319359e-01
4.906007683881319359e-01
4.906007683881319359e-01
4.906007683881319359e-01
4.906007683881319359e-01
4.906007683881319359e-01
4.906007683881319359e-01
4.906007683881319359e-01
4.906007683881319359e-01
4.906007683881319359e-01
4.906007683881319359e-01
4.906007683881319359e-01
4.906007683881319359e-01
4.906007683881319359e-01
4.906007683881319359e-01
4.906007683881319359e-01
4.906007683881319359e-01
4.906007683881319359e-01
4.886492784319375615e-01
4.866977884757431871e-01
4.847462985195488128e-01
4.827948085633544384e-01
4.808433186071600640e-01
4.788918286509656896e-01
4.769403386947713153e-01
4.749888487385769409e-01
4.730373587823825665e-01
4.710858688261881921e-01
4.691343788699938178e-01
4.671828889137994434e-01
4.671828889137994434e-01
4.671828889137994434e-01
4.671828889137994434e-01
4.671828889137994434e-01
4.671828889137994434e-01
4.671828889137994434e-01
4.671828889137994434e-01
4.671828889137994434e-01
4.671828889137994434e-01
4.671828889137994434e-01
4.671828889137994434e-01
4.671828889137994434e-01
4.671828889137994434e-01
4.671828889137994434e-01
4.671828889137994434e-01
4.671828889137994434e-01
4.671828889137994434e-01
4.671828889137994434e-01
4.671828889137994434e-01
4.671828889137994434e-01
4.671828889137994434e-01
4.671828889137994434e-01
4.671828889137994434e-01
4.671828889137994434e-01
4.671828889137994434e-01
4.671828889137994434e-01
4.671828889137994434e-01
4.671828889137994434e-01
4.671828889137994434e-01
4.671828889137994434e-01
4.671828889137994434e-01
4.671828889137994434e-01
4.671828889137994434e-01
4.671828889137994434e-01
4.671828889137994434e-01
4.671828889137994434e-01
4.671828889137994434e-01
4.671828889137994434e-01
4.671828889137994434e-01
4.671828889137994434e-01
4.671828889137994434e-01
4.671828889137994434e-01
4.671828889137994434e-01
4.671828889137994434e-01
4.671828889137994434e-01
4.671828889137994434e-01
4.671828889137994434e-01
4.671828889137994434e-01
4.671828889137994434e-01
4.671828889137994434e-01
4.671828889137994434e-01
4.671828889137994434e-01
4.671828889137994434e-01
4.671828889137994434e-01
4.671828889137994434e-01
4.671828889137994434e-01
4.671828889137994434e-01
4.671828889137994434e-01
4.671828889137994434e-01
4.671828889137994434e-01
4.671828889137994434e-01
4.671828889137994434e-01
4.671828889137994434e-01
4.671828889137994434e-01
4.671828889137994434e-01
4.671828889137994434e-01
4.671828889137994434e-01
4.671828889137994434e-01
4.671828889137994434e-01
4.671828889137994434e-01
4.671828889137994434e-01
4.671828889137994434e-01
4.671828889137994434e-01
4.671828889137994434e-01
4.671828889137994434e-01
4.671828889137994434e-01
4.671828889137994434e-01
4.671828889137994434e-01
4.671828889137994434e-01
4.671828889137994434e-01
4.671828889137994434e-01
4.671828889137994434e-01
4.671828889137994434e-01
4.671828889137994434e-01
4.671828889137994434e-01
4.671828889137994434e-01
4.671828889137994434e-01
4.671828889137994434e-01
4.671828889137994434e-01
4.671828889137994434e-01
4.671828889137994434e-01
4.671828889137994434e-01
4.671828889137994434e-01
4.671828889137994434e-01
4.671828889137994434e-01
4.671828889137994434e-01
4.671828889137994434e-01
4.671828889137994434e-01
4.671828889137994434e-01
4.671828889137994434e-01
4.671828889137994434e-01
4.671828889137994434e-01
4.671828889137994434e-01
4.671828889137994434e-01
4.671828889137994434e-01
4.671828889137994434e-01
4.671828889137994434e-01
4.671828889137994434e-01
4.671828889137994434e-01
4.671828889137994434e-01
4.671828889137994434e-01
4.671828889137994434e-01
4.671828889137994434e-01
4.671828889137994434e-01
4.671828889137994434e-01
4.671828889137994434e-01
4.671828889137994434e-01
4.671828889137994434e-01
4.671828889137994434e-01
4.671828889137994434e-01
4.671828889137994434e-01
4.671828889137994434e-01
4.671828889137994434e-01
4.671828889137994434e-01
4.671828889137994434e-01
4.671828889137994434e-01
4.671828889137994434e-01
4.671828889137994434e-01
4.671828889137994434e-01
4.671828889137994434e-01
4.671828889137994434e-01
4.671828889137994434e-01
4.671828889137994434e-01
4.671828889137994434e-01
4.671828889137994434e-01
4.671828889137994434e-01
4.671828889137994434e-01
4.671828889137994434e-01
4.671828889137994434e-01
4.671828889137994434e-01
4.671828889137994434e-01
4.671828889137994434e-01
4.671828889137994434e-01
4.671828889137994434e-01
4.671828889137994434e-01
4.671828889137994434e-01
4.671828889137994434e-01
4.671828889137994434e-01
4.671828889137994434e-01
4.671828889137994434e-01
4.671828889137994434e-01
4.671828889137994434e-01
4.671828889137994434e-01
4.671828889137994434e-01
4.671828889137994434e-01
4.671828889137994434e-01
4.671828889137994434e-01
4.671828889137994434e-01
4.671828889137994434e-01
4.671828889137994434e-01
4.671828889137994434e-01
4.671828889137994434e-01
4.671828889137994434e-01
4.671828889137994434e-01
4.671828889137994434e-01
4.671828889137994434e-01
4.671828889137994434e-01
4.671828889137994434e-01
4.671828889137994434e-01
4.671828889137994434e-01
4.671828889137994434e-01
4.671828889137994434e-01
4.671828889137994434e-01
4.671828889137994434e-01
4.671828889137994434e-01
4.671828889137994434e-01
4.671828889137994434e-01
4.671828889137994434e-01
4.671828889137994434e-01
4.671828889137994434e-01
4.671828889137994434e-01
4.671828889137994434e-01
4.671828889137994434e-01
4.671828889137994434e-01
4.671828889137994434e-01
4.671828889137994434e-01
4.671828889137994434e-01
4.671828889137994434e-01
4.671828889137994434e-01
4.671828889137994434e-01
4.671828889137994434e-01
4.671828889137994434e-01
4.671828889137994434e-01
4.671828889137994434e-01
4.671828889137994434e-01
4.671828889137994434e-01
4.671828889137994434e-01
4.671828889137994434e-01
4.671828889137994434e-01
4.671828889137994434e-01
4.671828889137994434e-01
4.671828889137994434e-01
4.671828889137994434e-01
4.671828889137994434e-01
4.671828889137994434e-01
4.671828889137994434e-01
4.671828889137994434e-01
4.671828889137994434e-01
4.671828889137994434e-01
4.671828889137994434e-01
4.671828889137994434e-01
4.671828889137994434e-01
4.671828889137994434e-01
4.671828889137994434e-01
4.671828889137994434e-01
4.671828889137994434e-01
4.671828889137994434e-01
4.671828889137994434e-01
4.671828889137994434e-01
4.671828889137994434e-01
4.671828889137994434e-01
4.671828889137994434e-01
4.671828889137994434e-01
4.671828889137994434e-01
4.671828889137994434e-01
4.671828889137994434e-01
4.671828889137994434e-01
4.671828889137994434e-01
4.671828889137994434e-01
4.671828889137994434e-01
4.671828889137994434e-01
4.671828889137994434e-01
4.671828889137994434e-01
4.671828889137994434e-01
4.671828889137994434e-01
4.671828889137994434e-01
4.671828889137994434e-01
4.671828889137994434e-01
4.671828889137994434e-01
4.671828889137994434e-01
4.671828889137994434e-01
4.671828889137994434e-01
4.671828889137994434e-01
4.671828889137994434e-01
4.671828889137994434e-01
4.671828889137994434e-01
4.671828889137994434e-01
4.671828889137994434e-01
4.671828889137994434e-01
4.671828889137994434e-01
4.671828889137994434e-01
4.671828889137994434e-01
4.671828889137994434e-01
4.671828889137994434e-01
4.671828889137994434e-01
4.671828889137994434e-01
4.671828889137994434e-01
4.671828889137994434e-01
4.671828889137994434e-01
4.671828889137994434e-01
4.671828889137994434e-01
4.671828889137994434e-01
4.671828889137994434e-01
4.671828889137994434e-01
4.671828889137994434e-01
4.671828889137994434e-01
4.671828889137994434e-01
4.671828889137994434e-01
4.671828889137994434e-01
4.671828889137994434e-01
4.671828889137994434e-01
4.671828889137994434e-01
4.671828889137994434e-01
4.671828889137994434e-01
4.671828889137994434e-01
4.671828889137994434e-01
4.671828889137994434e-01
4.671828889137994434e-01
4.671828889137994434e-01
4.671828889137994434e-01
4.671828889137994434e-01
4.671828889137994434e-01
4.671828889137994434e-01
4.671828889137994434e-01
4.671828889137994434e-01
4.671828889137994434e-01
4.671828889137994434e-01
4.671828889137994434e-01
4.671828889137994434e-01
4.671828889137994434e-01
4.671828889137994434e-01
4.671828889137994434e-01
4.671828889137994434e-01
4.671828889137994434e-01
4.671828889137994434e-01
4.671828889137994434e-01
4.671828889137994434e-01
4.671828889137994434e-01
4.671828889137994434e-01
4.671828889137994434e-01
4.671828889137994434e-01
4.671828889137994434e-01
4.671828889137994434e-01
4.671828889137994434e-01
4.671828889137994434e-01
4.671828889137994434e-01
4.671828889137994434e-01
4.671828889137994434e-01
4.671828889137994434e-01
4.671828889137994434e-01
4.671828889137994434e-01
4.671828889137994434e-01
4.671828889137994434e-01
4.671828889137994434e-01
4.671828889137994434e-01
4.671828889137994434e-01
4.671828889137994434e-01
4.671828889137994434e-01
4.671828889137994434e-01
4.671828889137994434e-01
4.671828889137994434e-01
4.671828889137994434e-01
4.671828889137994434e-01
4.671828889137994434e-01
4.671828889137994434e-01
4.671828889137994434e-01
4.671828889137994434e-01
4.671828889137994434e-01
4.671828889137994434e-01
4.671828889137994434e-01
4.671828889137994434e-01
4.671828889137994434e-01
4.671828889137994434e-01
4.671828889137994434e-01
4.671828889137994434e-01
4.671828889137994434e-01
4.671828889137994434e-01
4.671828889137994434e-01
4.671828889137994434e-01
4.671828889137994434e-01
4.671828889137994434e-01
4.671828889137994434e-01
4.671828889137994434e-01
4.671828889137994434e-01
4.671828889137994434e-01
4.671828889137994434e-01
4.671828889137994434e-01
4.671828889137994434e-01
4.671828889137994434e-01
4.671828889137994434e-01
4.671828889137994434e-01
4.671828889137994434e-01
4.671828889137994434e-01
4.671828889137994434e-01
4.671828889137994434e-01
4.671828889137994434e-01
4.671828889137994434e-01
4.671828889137994434e-01
4.671828889137994434e-01
4.671828889137994434e-01
4.671828889137994434e-01
4.671828889137994434e-01
4.671828889137994434e-01
4.671828889137994434e-01
4.671828889137994434e-01
4.671828889137994434e-01
4.671828889137994434e-01
4.671828889137994434e-01
4.671828889137994434e-01
4.671828889137994434e-01
4.671828889137994434e-01
4.671828889137994434e-01
4.671828889137994434e-01
4.671828889137994434e-01
4.671828889137994434e-01
4.671828889137994434e-01
4.671828889137994434e-01
4.671828889137994434e-01
4.671828889137994434e-01
4.671828889137994434e-01
4.671828889137994434e-01
4.671828889137994434e-01
4.671828889137994434e-01
4.671828889137994434e-01
4.671828889137994434e-01
4.671828889137994434e-01
4.671828889137994434e-01
4.671828889137994434e-01
4.671828889137994434e-01
4.671828889137994434e-01
4.671828889137994434e-01
4.671828889137994434e-01
4.671828889137994434e-01
4.671828889137994434e-01
4.671828889137994434e-01
4.671828889137994434e-01
4.671828889137994434e-01
4.671828889137994434e-01
4.671828889137994434e-01
4.671828889137994434e-01
4.671828889137994434e-01
4.671828889137994434e-01
4.671828889137994434e-01
4.671828889137994434e-01
4.671828889137994434e-01
4.671828889137994434e-01
4.671828889137994434e-01
4.671828889137994434e-01
4.671828889137994434e-01
4.671828889137994434e-01
4.671828889137994434e-01
4.671828889137994434e-01
4.671828889137994434e-01
4.671828889137994434e-01
4.671828889137994434e-01
4.671828889137994434e-01
4.671828889137994434e-01
4.671828889137994434e-01
4.671828889137994434e-01
4.671828889137994434e-01
4.671828889137994434e-01
4.671828889137994434e-01
4.671828889137994434e-01
4.671828889137994434e-01
4.671828889137994434e-01
4.671828889137994434e-01
4.671828889137994434e-01
4.671828889137994434e-01
4.671828889137994434e-01
4.671828889137994434e-01
4.671828889137994434e-01
4.671828889137994434e-01
4.671828889137994434e-01
4.671828889137994434e-01
4.671828889137994434e-01
4.671828889137994434e-01
4.671828889137994434e-01
4.671828889137994434e-01
4.671828889137994434e-01
4.671828889137994434e-01
4.671828889137994434e-01
4.671828889137994434e-01
4.671828889137994434e-01
4.671828889137994434e-01
4.671828889137994434e-01
4.671828889137994434e-01
4.671828889137994434e-01
4.671828889137994434e-01
4.671828889137994434e-01
4.671828889137994434e-01
4.671828889137994434e-01
4.671828889137994434e-01
4.671828889137994434e-01
4.671828889137994434e-01
4.671828889137994434e-01
4.671828889137994434e-01
4.671828889137994434e-01
4.671828889137994434e-01
4.671828889137994434e-01
4.671828889137994434e-01
4.671828889137994434e-01
4.671828889137994434e-01
4.671828889137994434e-01
4.671828889137994434e-01
4.671828889137994434e-01
4.671828889137994434e-01
4.671828889137994434e-01
4.649698338508218010e-01
4.627567787878441585e-01
4.605437237248665161e-01
4.583306686618888737e-01
4.561176135989112312e-01
4.539045585359335888e-01
4.516915034729559464e-01
4.494784484099783040e-01
4.472653933470006615e-01
4.450523382840230191e-01
4.428392832210453767e-01
4.406262281580677342e-01
4.384131730950900918e-01
4.362001180321124494e-01
4.339870629691348070e-01
4.317740079061571645e-01
4.295609528431795221e-01
4.273478977802018797e-01
4.251348427172242372e-01
4.229217876542465948e-01
4.207087325912689524e-01
4.184956775282913100e-01
4.162826224653136675e-01
4.140695674023360251e-01
4.118565123393583827e-01
4.096434572763807402e-01
4.074304022134030978e-01
4.052173471504254554e-01
4.030042920874478130e-01
4.030042920874478130e-01
4.030042920874478130e-01
4.030042920874478130e-01
4.030042920874478130e-01
4.030042920874478130e-01
4.030042920874478130e-01
4.030042920874478130e-01
4.030042920874478130e-01
4.030042920874478130e-01
4.030042920874478130e-01
4.030042920874478130e-01
4.030042920874478130e-01
4.030042920874478130e-01
4.030042920874478130e-01
4.030042920874478130e-01
4.030042920874478130e-01
4.030042920874478130e-01
4.030042920874478130e-01
4.030042920874478130e-01
4.030042920874478130e-01
4.030042920874478130e-01
4.030042920874478130e-01
4.030042920874478130e-01
4.030042920874478130e-01
4.030042920874478130e-01
4.030042920874478130e-01
4.030042920874478130e-01
4.030042920874478130e-01
4.030042920874478130e-01
4.030042920874478130e-01
4.030042920874478130e-01
4.030042920874478130e-01
4.030042920874478130e-01
4.030042920874478130e-01
4.030042920874478130e-01
4.030042920874478130e-01
4.030042920874478130e-01
4.030042920874478130e-01
4.030042920874478130e-01
4.030042920874478130e-01
4.030042920874478130e-01
4.030042920874478130e-01
4.030042920874478130e-01
4.030042920874478130e-01
4.030042920874478130e-01
4.030042920874478130e-01
4.030042920874478130e-01
4.030042920874478130e-01
4.030042920874478130e-01
4.030042920874478130e-01
4.030042920874478130e-01
4.030042920874478130e-01
4.030042920874478130e-01
4.030042920874478130e-01
4.030042920874478130e-01
4.030042920874478130e-01
4.030042920874478130e-01
4.030042920874478130e-01
4.030042920874478130e-01
4.030042920874478130e-01
4.030042920874478130e-01
4.030042920874478130e-01
4.030042920874478130e-01
4.030042920874478130e-01
4.030042920874478130e-01
4.030042920874478130e-01
4.030042920874478130e-01
4.030042920874478130e-01
4.030042920874478130e-01
4.030042920874478130e-01
4.030042920874478130e-01
4.030042920874478130e-01
4.030042920874478130e-01
4.030042920874478130e-01
4.030042920874478130e-01
4.030042920874478130e-01
4.030042920874478130e-01
4.030042920874478130e-01
4.030042920874478130e-01
4.030042920874478130e-01
4.030042920874478130e-01
4.030042920874478130e-01
4.030042920874478130e-01
4.030042920874478130e-01
4.030042920874478130e-01
4.030042920874478130e-01
4.030042920874478130e-01
4.030042920874478130e-01
4.030042920874478130e-01
4.030042920874478130e-01
4.030042920874478130e-01
4.030042920874478130e-01
4.030042920874478130e-01
4.030042920874478130e-01
4.030042920874478130e-01
4.030042920874478130e-01
4.030042920874478130e-01
4.030042920874478130e-01
4.030042920874478130e-01
4.030042920874478130e-01
4.030042920874478130e-01
4.030042920874478130e-01
4.030042920874478130e-01
4.030042920874478130e-01
4.030042920874478130e-01
4.030042920874478130e-01
4.030042920874478130e-01
4.030042920874478130e-01
4.030042920874478130e-01
4.030042920874478130e-01
4.030042920874478130e-01
4.030042920874478130e-01
4.030042920874478130e-01
4.030042920874478130e-01
4.030042920874478130e-01
4.030042920874478130e-01
4.030042920874478130e-01
4.030042920874478130e-01
4.030042920874478130e-01
4.030042920874478130e-01
4.030042920874478130e-01
4.030042920874478130e-01
4.030042920874478130e-01
4.030042920874478130e-01
4.030042920874478130e-01
4.030042920874478130e-01
4.030042920874478130e-01
4.030042920874478130e-01
4.030042920874478130e-01
4.030042920874478130e-01
4.030042920874478130e-01
4.030042920874478130e-01
4.030042920874478130e-01
4.030042920874478130e-01
4.030042920874478130e-01
4.030042920874478130e-01
4.030042920874478130e-01
4.030042920874478130e-01
4.030042920874478130e-01
4.030042920874478130e-01
4.030042920874478130e-01
4.030042920874478130e-01
4.030042920874478130e-01
4.030042920874478130e-01
4.030042920874478130e-01
4.030042920874478130e-01
4.030042920874478130e-01
4.030042920874478130e-01
4.030042920874478130e-01
4.030042920874478130e-01
4.030042920874478130e-01
4.030042920874478130e-01
4.030042920874478130e-01
4.030042920874478130e-01
4.030042920874478130e-01
4.030042920874478130e-01
4.030042920874478130e-01
4.030042920874478130e-01
4.030042920874478130e-01
4.030042920874478130e-01
4.030042920874478130e-01
4.030042920874478130e-01
4.030042920874478130e-01
4.030042920874478130e-01
4.030042920874478130e-01
4.030042920874478130e-01
4.030042920874478130e-01
4.030042920874478130e-01
4.030042920874478130e-01
4.030042920874478130e-01
4.030042920874478130e-01
4.030042920874478130e-01
4.030042920874478130e-01
4.030042920874478130e-01
4.030042920874478130e-01
4.030042920874478130e-01
4.030042920874478130e-01
4.030042920874478130e-01
4.030042920874478130e-01
4.030042920874478130e-01
4.030042920874478130e-01
4.030042920874478130e-01
4.030042920874478130e-01
4.030042920874478130e-01
4.030042920874478130e-01
4.030042920874478130e-01
4.030042920874478130e-01
4.030042920874478130e-01
4.030042920874478130e-01
4.030042920874478130e-01
4.030042920874478130e-01
4.030042920874478130e-01
4.030042920874478130e-01
4.030042920874478130e-01
4.030042920874478130e-01
4.030042920874478130e-01
4.030042920874478130e-01
4.030042920874478130e-01
4.030042920874478130e-01
4.030042920874478130e-01
4.030042920874478130e-01
4.030042920874478130e-01
4.030042920874478130e-01
4.030042920874478130e-01
4.030042920874478130e-01
4.030042920874478130e-01
4.030042920874478130e-01
4.030042920874478130e-01
4.030042920874478130e-01
4.030042920874478130e-01
4.030042920874478130e-01
4.030042920874478130e-01
4.030042920874478130e-01
4.030042920874478130e-01
4.030042920874478130e-01
4.030042920874478130e-01
4.030042920874478130e-01
4.030042920874478130e-01
4.030042920874478130e-01
4.030042920874478130e-01
4.030042920874478130e-01
4.030042920874478130e-01
4.030042920874478130e-01
4.030042920874478130e-01
4.030042920874478130e-01
4.030042920874478130e-01
4.030042920874478130e-01
4.030042920874478130e-01
4.030042920874478130e-01
4.030042920874478130e-01
4.030042920874478130e-01
4.030042920874478130e-01
4.030042920874478130e-01
4.030042920874478130e-01
4.030042920874478130e-01
4.030042920874478130e-01
4.030042920874478130e-01
4.030042920874478130e-01
4.030042920874478130e-01
4.030042920874478130e-01
4.030042920874478130e-01
4.030042920874478130e-01
4.030042920874478130e-01
4.030042920874478130e-01
4.030042920874478130e-01
4.030042920874478130e-01
4.030042920874478130e-01
4.030042920874478130e-01
4.030042920874478130e-01
4.030042920874478130e-01
4.030042920874478130e-01
4.030042920874478130e-01
4.030042920874478130e-01
4.030042920874478130e-01
4.030042920874478130e-01
4.030042920874478130e-01
4.030042920874478130e-01
4.030042920874478130e-01
4.030042920874478130e-01
4.030042920874478130e-01
4.030042920874478130e-01
4.030042920874478130e-01
4.030042920874478130e-01
4.030042920874478130e-01
4.030042920874478130e-01
4.030042920874478130e-01
4.030042920874478130e-01
4.030042920874478130e-01
4.030042920874478130e-01
4.030042920874478130e-01
4.030042920874478130e-01
4.030042920874478130e-01
4.030042920874478130e-01
4.030042920874478130e-01
4.030042920874478130e-01
4.030042920874478130e-01
4.030042920874478130e-01
4.030042920874478130e-01
4.030042920874478130e-01
4.030042920874478130e-01
4.030042920874478130e-01
4.030042920874478130e-01
4.030042920874478130e-01
4.030042920874478130e-01
4.030042920874478130e-01
4.030042920874478130e-01
4.030042920874478130e-01
4.030042920874478130e-01
4.030042920874478130e-01
4.030042920874478130e-01
4.030042920874478130e-01
4.030042920874478130e-01
4.030042920874478130e-01
4.030042920874478130e-01
4.030042920874478130e-01
4.030042920874478130e-01
4.030042920874478130e-01
4.030042920874478130e-01
4.030042920874478130e-01
4.030042920874478130e-01
4.030042920874478130e-01
4.030042920874478130e-01
4.030042920874478130e-01
4.030042920874478130e-01
4.030042920874478130e-01
4.030042920874478130e-01
4.030042920874478130e-01
4.030042920874478130e-01
4.030042920874478130e-01
4.030042920874478130e-01
4.030042920874478130e-01
4.030042920874478130e-01
4.030042920874478130e-01
4.030042920874478130e-01
4.030042920874478130e-01
4.030042920874478130e-01
4.030042920874478130e-01
4.030042920874478130e-01
4.030042920874478130e-01
4.030042920874478130e-01
4.030042920874478130e-01
4.030042920874478130e-01
4.030042920874478130e-01
4.030042920874478130e-01
4.030042920874478130e-01
4.030042920874478130e-01
4.030042920874478130e-01
4.030042920874478130e-01
4.030042920874478130e-01
4.030042920874478130e-01
4.030042920874478130e-01
4.030042920874478130e-01
4.030042920874478130e-01
4.030042920874478130e-01
4.030042920874478130e-01
4.030042920874478130e-01
4.030042920874478130e-01
4.030042920874478130e-01
4.030042920874478130e-01
4.030042920874478130e-01
4.030042920874478130e-01
4.030042920874478130e-01
4.030042920874478130e-01
4.030042920874478130e-01
4.030042920874478130e-01
4.030042920874478130e-01
4.030042920874478130e-01
4.030042920874478130e-01
4.030042920874478130e-01
4.030042920874478130e-01
4.030042920874478130e-01
4.030042920874478130e-01
4.030042920874478130e-01
4.030042920874478130e-01
4.030042920874478130e-01
4.030042920874478130e-01
4.030042920874478130e-01
4.030042920874478130e-01
4.030042920874478130e-01
4.030042920874478130e-01
4.030042920874478130e-01
4.030042920874478130e-01
4.030042920874478130e-01
4.030042920874478130e-01
4.030042920874478130e-01
4.030042920874478130e-01
4.030042920874478130e-01
4.030042920874478130e-01
4.030042920874478130e-01
4.030042920874478130e-01
4.030042920874478130e-01
4.030042920874478130e-01
4.030042920874478130e-01
4.030042920874478130e-01
4.030042920874478130e-01
4.030042920874478130e-01
4.030042920874478130e-01
4.030042920874478130e-01
4.030042920874478130e-01
4.030042920874478130e-01
4.030042920874478130e-01
4.030042920874478130e-01
4.030042920874478130e-01
4.030042920874478130e-01
4.030042920874478130e-01
4.030042920874478130e-01
4.030042920874478130e-01
4.030042920874478130e-01
4.030042920874478130e-01
4.030042920874478130e-01
4.030042920874478130e-01
4.030042920874478130e-01
4.030042920874478130e-01
4.030042920874478130e-01
4.030042920874478130e-01
4.030042920874478130e-01
4.030042920874478130e-01
4.030042920874478130e-01
4.030042920874478130e-01
4.030042920874478130e-01
4.030042920874478130e-01
4.030042920874478130e-01
4.030042920874478130e-01
4.030042920874478130e-01
4.030042920874478130e-01
4.030042920874478130e-01
4.030042920874478130e-01
4.030042920874478130e-01
4.030042920874478130e-01
4.030042920874478130e-01
4.030042920874478130e-01
4.030042920874478130e-01
4.030042920874478130e-01
4.030042920874478130e-01
4.030042920874478130e-01
4.030042920874478130e-01
4.030042920874478130e-01
4.030042920874478130e-01
4.030042920874478130e-01
4.030042920874478130e-01
4.030042920874478130e-01
4.030042920874478130e-01
4.030042920874478130e-01
4.030042920874478130e-01
4.030042920874478130e-01
4.030042920874478130e-01
4.030042920874478130e-01
4.030042920874478130e-01
4.030042920874478130e-01
4.030042920874478130e-01
4.030042920874478130e-01
4.030042920874478130e-01
4.030042920874478130e-01
4.030042920874478130e-01
4.030042920874478130e-01
4.030042920874478130e-01
4.030042920874478130e-01
4.030042920874478130e-01
4.030042920874478130e-01
4.030042920874478130e-01
4.030042920874478130e-01
4.030042920874478130e-01
4.030042920874478130e-01
4.030042920874478130e-01
4.030042920874478130e-01
4.030042920874478130e-01
4.030042920874478130e-01
4.030042920874478130e-01
4.030042920874478130e-01
4.030042920874478130e-01
4.030042920874478130e-01
4.030042920874478130e-01
4.030042920874478130e-01
4.030042920874478130e-01
4.030042920874478130e-01
4.030042920874478130e-01
4.030042920874478130e-01
4.030042920874478130e-01
4.030042920874478130e-01
4.030042920874478130e-01
4.030042920874478130e-01
4.030042920874478130e-01
4.030042920874478130e-01
4.030042920874478130e-01
4.030042920874478130e-01
4.030042920874478130e-01
4.030042920874478130e-01
4.030042920874478130e-01
4.030042920874478130e-01
4.030042920874478130e-01
4.030042920874478130e-01
4.030042920874478130e-01
4.030042920874478130e-01
4.030042920874478130e-01
4.030042920874478130e-01
4.030042920874478130e-01
4.030042920874478130e-01
4.030042920874478130e-01
4.030042920874478130e-01
4.030042920874478130e-01
4.030042920874478130e-01
4.030042920874478130e-01
4.030042920874478130e-01
4.030042920874478130e-01
4.030042920874478130e-01
4.030042920874478130e-01
4.030042920874478130e-01
4.030042920874478130e-01
4.030042920874478130e-01
4.030042920874478130e-01
4.030042920874478130e-01
4.030042920874478130e-01
4.030042920874478130e-01
4.030042920874478130e-01
4.030042920874478130e-01
4.030042920874478130e-01
4.030042920874478130e-01
4.030042920874478130e-01
4.030042920874478130e-01
4.030042920874478130e-01
4.030042920874478130e-01
4.030042920874478130e-01
4.030042920874478130e-01
4.030042920874478130e-01
4.030042920874478130e-01
4.030042920874478130e-01
4.030042920874478130e-01
4.030042920874478130e-01
4.030042920874478130e-01
4.030042920874478130e-01
4.030042920874478130e-01
4.030042920874478130e-01
4.030042920874478130e-01
4.030042920874478130e-01
4.030042920874478130e-01
4.030042920874478130e-01
4.030042920874478130e-01
4.030042920874478130e-01
4.030042920874478130e-01
4.030042920874478130e-01
4.030042920874478130e-01
4.030042920874478130e-01
4.030042920874478130e-01
4.030042920874478130e-01
4.030042920874478130e-01
4.030042920874478130e-01
4.030042920874478130e-01
4.030042920874478130e-01
4.030042920874478130e-01
4.030042920874478130e-01
4.030042920874478130e-01
4.030042920874478130e-01
4.030042920874478130e-01
4.030042920874478130e-01
4.030042920874478130e-01
4.030042920874478130e-01
4.030042920874478130e-01
4.030042920874478130e-01
4.030042920874478130e-01
4.030042920874478130e-01
4.030042920874478130e-01
4.030042920874478130e-01
4.030042920874478130e-01
4.030042920874478130e-01
4.030042920874478130e-01
4.030042920874478130e-01
4.030042920874478130e-01
4.030042920874478130e-01
4.030042920874478130e-01
4.030042920874478130e-01
4.030042920874478130e-01
4.030042920874478130e-01
4.030042920874478130e-01
4.030042920874478130e-01
4.030042920874478130e-01
4.030042920874478130e-01
4.030042920874478130e-01
4.030042920874478130e-01
4.030042920874478130e-01
4.030042920874478130e-01
4.030042920874478130e-01
4.030042920874478130e-01
4.030042920874478130e-01
4.030042920874478130e-01
4.030042920874478130e-01
4.030042920874478130e-01
4.030042920874478130e-01
4.030042920874478130e-01
4.030042920874478130e-01
4.030042920874478130e-01
4.030042920874478130e-01
4.030042920874478130e-01
4.030042920874478130e-01
4.030042920874478130e-01
4.030042920874478130e-01
4.030042920874478130e-01
4.030042920874478130e-01
4.030042920874478130e-01
4.030042920874478130e-01
4.030042920874478130e-01
4.030042920874478130e-01
4.030042920874478130e-01
4.030042920874478130e-01
4.030042920874478130e-01
4.030042920874478130e-01
4.030042920874478130e-01
4.030042920874478130e-01
4.030042920874478130e-01
4.030042920874478130e-01
4.030042920874478130e-01
4.030042920874478130e-01
4.030042920874478130e-01
4.030042920874478130e-01
4.030042920874478130e-01
4.030042920874478130e-01
4.030042920874478130e-01
4.030042920874478130e-01
4.030042920874478130e-01
4.030042920874478130e-01
4.030042920874478130e-01
4.030042920874478130e-01
4.030042920874478130e-01
4.030042920874478130e-01
4.030042920874478130e-01
4.030042920874478130e-01
4.030042920874478130e-01
4.030042920874478130e-01
4.030042920874478130e-01
4.030042920874478130e-01
4.030042920874478130e-01
4.030042920874478130e-01
4.030042920874478130e-01
4.030042920874478130e-01
4.030042920874478130e-01
4.030042920874478130e-01
4.030042920874478130e-01
4.030042920874478130e-01
4.030042920874478130e-01
4.030042920874478130e-01
4.030042920874478130e-01
4.030042920874478130e-01
4.030042920874478130e-01
4.030042920874478130e-01
4.030042920874478130e-01
4.030042920874478130e-01
4.030042920874478130e-01
4.030042920874478130e-01
4.030042920874478130e-01
4.030042920874478130e-01
4.030042920874478130e-01
4.030042920874478130e-01
4.030042920874478130e-01
4.030042920874478130e-01
4.030042920874478130e-01
4.030042920874478130e-01
4.030042920874478130e-01
4.030042920874478130e-01
4.030042920874478130e-01
4.030042920874478130e-01
4.030042920874478130e-01
4.030042920874478130e-01
4.030042920874478130e-01
4.030042920874478130e-01
4.030042920874478130e-01
4.030042920874478130e-01
4.030042920874478130e-01
4.030042920874478130e-01
4.030042920874478130e-01
4.030042920874478130e-01
4.030042920874478130e-01
4.030042920874478130e-01
4.030042920874478130e-01
4.030042920874478130e-01
4.030042920874478130e-01
4.030042920874478130e-01
4.030042920874478130e-01
4.030042920874478130e-01
4.030042920874478130e-01
4.030042920874478130e-01
4.030042920874478130e-01
4.030042920874478130e-01
4.030042920874478130e-01
4.030042920874478130e-01
4.030042920874478130e-01
4.030042920874478130e-01
4.030042920874478130e-01
4.030042920874478130e-01
4.030042920874478130e-01
4.030042920874478130e-01
4.030042920874478130e-01
4.030042920874478130e-01
4.030042920874478130e-01
4.030042920874478130e-01
4.030042920874478130e-01
4.030042920874478130e-01
4.030042920874478130e-01
4.030042920874478130e-01
4.030042920874478130e-01
4.030042920874478130e-01
4.030042920874478130e-01
4.030042920874478130e-01
4.030042920874478130e-01
4.030042920874478130e-01
4.030042920874478130e-01
4.030042920874478130e-01
4.030042920874478130e-01
4.030042920874478130e-01
4.030042920874478130e-01
4.030042920874478130e-01
4.030042920874478130e-01
4.030042920874478130e-01
4.030042920874478130e-01
4.030042920874478130e-01
4.030042920874478130e-01
4.030042920874478130e-01
4.030042920874478130e-01
4.030042920874478130e-01
4.011280702043155677e-01
3.992518483211833225e-01
3.973756264380510772e-01
3.954994045549188320e-01
3.936231826717865867e-01
3.917469607886543415e-01
3.898707389055220962e-01
3.879945170223898510e-01
3.861182951392576057e-01
3.842420732561253605e-01
3.823658513729931152e-01
3.804896294898608700e-01
3.786134076067286247e-01
3.767371857235963795e-01
3.748609638404641342e-01
3.729847419573318890e-01
3.711085200741996437e-01
3.692322981910673985e-01
3.673560763079351532e-01
3.654798544248029080e-01
3.636036325416706627e-01
3.617274106585384175e-01
3.598511887754061722e-01
3.579749668922739270e-01
3.560987450091416817e-01
3.542225231260094365e-01
3.523463012428771912e-01
3.504700793597449460e-01
3.485938574766127007e-01
3.467176355934804555e-01
3.448414137103482102e-01
3.448414137103482102e-01
3.448414137103482102e-01
3.448414137103482102e-01
3.448414137103482102e-01
3.448414137103482102e-01
3.448414137103482102e-01
3.448414137103482102e-01
3.448414137103482102e-01
3.448414137103482102e-01
3.448414137103482102e-01
3.448414137103482102e-01
3.448414137103482102e-01
3.448414137103482102e-01
3.448414137103482102e-01
3.448414137103482102e-01
3.448414137103482102e-01
3.448414137103482102e-01
3.448414137103482102e-01
3.448414137103482102e-01
3.448414137103482102e-01
3.448414137103482102e-01
3.448414137103482102e-01
3.448414137103482102e-01
3.448414137103482102e-01
3.448414137103482102e-01
3.448414137103482102e-01
3.448414137103482102e-01
3.448414137103482102e-01
3.448414137103482102e-01
3.448414137103482102e-01
3.448414137103482102e-01
3.448414137103482102e-01
3.448414137103482102e-01
3.448414137103482102e-01
3.448414137103482102e-01
3.448414137103482102e-01
3.448414137103482102e-01
3.448414137103482102e-01
3.448414137103482102e-01
3.448414137103482102e-01
3.448414137103482102e-01
3.448414137103482102e-01
3.448414137103482102e-01
3.448414137103482102e-01
3.448414137103482102e-01
3.448414137103482102e-01
3.448414137103482102e-01
3.448414137103482102e-01
3.448414137103482102e-01
3.448414137103482102e-01
3.448414137103482102e-01
3.448414137103482102e-01
3.448414137103482102e-01
3.448414137103482102e-01
3.448414137103482102e-01
3.448414137103482102e-01
3.448414137103482102e-01
3.448414137103482102e-01
3.448414137103482102e-01
3.448414137103482102e-01
3.448414137103482102e-01
3.448414137103482102e-01
3.448414137103482102e-01
3.448414137103482102e-01
3.448414137103482102e-01
3.448414137103482102e-01
3.448414137103482102e-01
3.448414137103482102e-01
3.448414137103482102e-01
3.448414137103482102e-01
3.448414137103482102e-01
3.448414137103482102e-01
3.448414137103482102e-01
3.448414137103482102e-01
3.448414137103482102e-01
3.448414137103482102e-01
3.448414137103482102e-01
3.448414137103482102e-01
3.448414137103482102e-01
3.448414137103482102e-01
3.448414137103482102e-01
3.448414137103482102e-01
3.448414137103482102e-01
3.448414137103482102e-01
3.448414137103482102e-01
3.448414137103482102e-01
3.448414137103482102e-01
3.448414137103482102e-01
3.448414137103482102e-01
3.448414137103482102e-01
3.448414137103482102e-01
3.448414137103482102e-01
3.448414137103482102e-01
3.448414137103482102e-01
3.448414137103482102e-01
3.448414137103482102e-01
3.448414137103482102e-01
3.448414137103482102e-01
3.448414137103482102e-01
3.448414137103482102e-01
3.448414137103482102e-01
3.448414137103482102e-01
3.448414137103482102e-01
3.448414137103482102e-01
3.448414137103482102e-01
3.448414137103482102e-01
3.448414137103482102e-01
3.448414137103482102e-01
3.448414137103482102e-01
3.448414137103482102e-01
3.448414137103482102e-01
3.448414137103482102e-01
3.448414137103482102e-01
3.448414137103482102e-01
3.448414137103482102e-01
3.448414137103482102e-01
3.448414137103482102e-01
3.448414137103482102e-01
3.448414137103482102e-01
3.448414137103482102e-01
3.448414137103482102e-01
3.448414137103482102e-01
3.448414137103482102e-01
3.448414137103482102e-01
3.448414137103482102e-01
3.448414137103482102e-01
3.448414137103482102e-01
3.448414137103482102e-01
3.448414137103482102e-01
3.448414137103482102e-01
3.448414137103482102e-01
3.448414137103482102e-01
3.448414137103482102e-01
3.448414137103482102e-01
3.448414137103482102e-01
3.448414137103482102e-01
