Home,Work/Study,Leisure,Errands,Reference_Total
0.0,0.0,0.0,0.0,0.0
0.0,0.0,0.0,0.0,0.0
0.0,0.0,0.0,0.0,0.0
0.0,0.0,0.0,0.0,0.0
0.0,0.0,0.0,0.0,0.0
0.0,0.0,0.0,0.0,0.0
0.0,0.0,0.0,0.0,0.0
0.0,0.0,0.0,0.0,0.0
0.0,0.0,0.0,0.0,0.0
0.0,0.0,0.0,0.0,0.0
0.0,0.0,0.0,0.0,0.0
0.0,0.0,0.0,0.0,0.0
0.0,0.0,0.0,0.0,0.0
0.0,0.0,0.0,0.0,0.0
0.0,0.0,0.0,0.0,0.0
0.0,0.0,0.0,0.0,0.0
0.0,0.0,0.0,0.0,0.0
0.0,0.0,0.0,0.0,0.0
0.0,0.0,0.0,0.0,0.0
0.0,0.0,0.0,0.0,0.0
0.0,0.0,0.0,0.0,0.0
0.0,0.0,0.0,0.0,0.0
0.0,0.0,0.0,0.0,0.0
0.0,0.0,0.0,0.0,0.0
0.0,0.0,0.0,0.0,0.0
0.0,0.0,0.0,0.0,0.0
0.0,0.0,0.0,0.0,0.0
0.0,0.0,0.0,0.0,0.0
0.0,0.0,0.0,0.0,0.0
0.0,0.0,0.0,0.0,0.0
0.0,0.0,0.0,0.0,0.0
0.0,0.0,0.0,0.0,0.0
0.0,0.0,0.0,0.0,0.0
0.0,0.0,0.0,0.0,0.0
0.0,0.0,0.0,0.0,0.0
0.0,0.0,0.0,0.0,0.0
0.0,0.0,0.0,0.0,0.0
0.0,21.025388717651367,0.0,0.0,21.025388717651367
0.0,21.025388717651367,0.0,0.0,21.025388717651367
0.0,21.025388717651367,0.0,0.0,21.025388717651367
0.0,21.025388717651367,0.0,0.0,21.025388717651367
0.0,21.025388717651367,0.0,0.0,21.025388717651367
0.0,21.025388717651367,0.0,0.0,21.025388717651367
0.0,21.025388717651367,0.0,0.0,21.025388717651367
0.0,21.025388717651367,0.0,0.0,21.025388717651367
0.0,21.025388717651367,0.0,0.0,21.025388717651367
0.0,0.0,0.0,0.0,0.0
0.0,0.0,0.0,0.0,0.0
0.0,0.0,0.0,0.0,0.0
0.0,0.0,0.0,0.0,0.0
0.0,0.0,0.0,0.0,0.0
0.0,0.0,0.0,0.0,0.0
0.0,0.0,0.0,0.0,0.0
0.0,0.0,0.0,0.0,0.0
0.0,0.0,0.0,0.0,0.0
0.0,0.0,0.0,0.0,0.0
0.0,0.0,0.0,0.0,0.0
0.0,0.0,0.0,0.0,0.0
0.0,0.0,0.0,0.0,0.0
0.0,0.0,0.0,0.0,0.0
0.0,0.0,0.0,0.0,0.0
0.0,0.0,0.0,0.0,0.0
0.0,0.0,0.0,0.0,0.0
0.0,0.0,0.0,0.0,0.0
0.0,0.0,0.0,0.0,0.0
0.0,0.0,0.0,0.0,0.0
0.0,0.0,0.0,0.0,0.0
0.0,0.0,0.0,0.0,0.0
0.0,0.0,0.0,0.0,0.0
0.0,0.0,0.0,0.0,0.0
0.0,0.0,0.0,0.0,0.0
0.0,0.0,0.0,0.0,0.0
0.0,0.0,0.0,0.0,0.0
0.0,0.0,0.0,0.0,0.0
0.0,0.0,20.704965591430664,0.0,20.704965591430664
0.0,0.0,20.704965591430664,0.0,20.704965591430664
0.0,0.0,20.704965591430664,0.0,20.704965591430664
0.0,0.0,20.704965591430664,0.0,20.704965591430664
0.0,0.0,20.704965591430664,0.0,20.704965591430664
0.0,0.0,20.704965591430664,0.0,20.704965591430664
0.0,0.0,20.704965591430664,0.0,20.704965591430664
0.0,0.0,20.704965591430664,0.0,20.704965591430664
0.0,0.0,20.704965591430664,10.90471076965332,31.609676361083984
0.0,0.0,0.0,10.90471076965332,10.90471076965332
0.0,0.0,0.0,10.90471076965332,10.90471076965332
0.0,0.0,0.0,10.90471076965332,10.90471076965332
0.0,0.0,0.0,10.90471076965332,10.90471076965332
0.0,0.0,0.0,10.90471076965332,10.90471076965332
0.0,0.0,0.0,10.90471076965332,10.90471076965332
0.0,0.0,0.0,10.90471076965332,10.90471076965332
0.0,0.0,0.0,10.90471076965332,10.90471076965332
0.0,0.0,0.0,10.90471076965332,10.90471076965332
0.0,0.0,10.90400218963623,10.90471076965332,21.80871295928955
0.0,0.0,10.90400218963623,10.90471076965332,21.80871295928955
0.0,0.0,10.90400218963623,10.90471076965332,21.80871295928955
0.0,0.0,10.90400218963623,10.90471076965332,21.80871295928955
0.0,0.0,10.90400218963623,10.90471076965332,21.80871295928955
0.0,0.0,10.90400218963623,10.90471076965332,21.80871295928955
0.0,0.0,10.90400218963623,0.0,10.90400218963623
0.0,0.0,10.90400218963623,0.0,10.90400218963623
0.0,0.0,10.90400218963623,0.0,10.90400218963623
0.0,0.0,10.90400218963623,0.0,10.90400218963623
0.0,0.0,10.90400218963623,0.0,10.90400218963623
0.0,0.0,10.90400218963623,0.0,10.90400218963623
0.0,0.0,10.90400218963623,0.0,10.90400218963623
0.0,0.0,10.90400218963623,0.0,10.90400218963623
0.0,0.0,10.90400218963623,0.0,10.90400218963623
0.0,0.0,10.90400218963623,0.0,10.90400218963623
0.0,0.0,10.90400218963623,0.0,10.90400218963623
0.0,0.0,10.90400218963623,0.0,10.90400218963623
0.0,0.0,0.0,0.0,0.0
0.0,0.0,0.0,0.0,0.0
0.0,0.0,0.0,0.0,0.0
0.0,0.0,0.0,0.0,0.0
0.0,0.0,0.0,0.0,0.0
0.0,0.0,0.0,0.0,0.0
3.679997205734253,0.0,0.0,0.0,3.679997205734253
3.679997205734253,0.0,0.0,0.0,3.679997205734253
3.679997205734253,0.0,0.0,0.0,3.679997205734253
3.679997205734253,0.0,0.0,0.0,3.679997205734253
3.679997205734253,0.0,0.0,0.0,3.679997205734253
3.679997205734253,0.0,0.0,0.0,3.679997205734253
3.679997205734253,0.0,0.0,0.0,3.679997205734253
3.679997205734253,0.0,0.0,0.0,3.679997205734253
23.307047605514526,0.0,0.0,0.0,23.307047605514526
23.307047605514526,0.0,0.0,0.0,23.307047605514526
23.307047605514526,0.0,0.0,0.0,23.307047605514526
23.307047605514526,0.0,0.0,0.0,23.307047605514526
23.307047605514526,0.0,0.0,0.0,23.307047605514526
23.307047605514526,0.0,0.0,0.0,23.307047605514526
23.307047605514526,0.0,0.0,0.0,23.307047605514526
3.679997205734253,0.0,0.0,0.0,3.679997205734253
3.679997205734253,0.0,0.0,0.0,3.679997205734253
3.679997205734253,0.0,0.0,0.0,3.679997205734253
13.363844633102417,0.0,0.0,0.0,13.363844633102417
13.363844633102417,0.0,0.0,0.0,13.363844633102417
13.363844633102417,0.0,0.0,0.0,13.363844633102417
13.363844633102417,0.0,0.0,0.0,13.363844633102417
13.363844633102417,0.0,0.0,0.0,13.363844633102417
13.363844633102417,0.0,0.0,0.0,13.363844633102417
13.363844633102417,0.0,0.0,0.0,13.363844633102417
13.363844633102417,0.0,0.0,0.0,13.363844633102417
3.679997205734253,0.0,0.0,0.0,3.679997205734253
3.679997205734253,0.0,0.0,0.0,3.679997205734253
3.679997205734253,0.0,0.0,0.0,3.679997205734253
3.679997205734253,0.0,0.0,0.0,3.679997205734253
3.679997205734253,0.0,0.0,0.0,3.679997205734253
3.679997205734253,0.0,0.0,0.0,3.679997205734253
3.679997205734253,0.0,0.0,0.0,3.679997205734253
3.679997205734253,0.0,0.0,0.0,3.679997205734253
3.679997205734253,0.0,0.0,0.0,3.679997205734253
3.679997205734253,0.0,10.596871376037598,0.0,14.27686858177185
3.679997205734253,0.0,10.596871376037598,0.0,14.27686858177185
3.679997205734253,0.0,10.596871376037598,0.0,14.27686858177185
3.679997205734253,0.0,10.596871376037598,0.0,14.27686858177185
3.679997205734253,0.0,10.596871376037598,0.0,14.27686858177185
3.679997205734253,0.0,10.596871376037598,0.0,14.27686858177185
3.679997205734253,0.0,10.596871376037598,0.0,14.27686858177185
3.679997205734253,0.0,10.596871376037598,0.0,14.27686858177185
3.679997205734253,0.0,10.596871376037598,0.0,14.27686858177185
3.679997205734253,0.0,10.596871376037598,0.0,14.27686858177185
14.457948446273804,0.0,10.596871376037598,0.0,25.0548198223114
14.457948446273804,0.0,10.596871376037598,0.0,25.0548198223114
14.457948446273804,0.0,10.596871376037598,0.0,25.0548198223114
14.457948446273804,0.0,0.0,0.0,14.457948446273804
14.457948446273804,0.0,0.0,0.0,14.457948446273804
14.457948446273804,0.0,0.0,0.0,14.457948446273804
14.457948446273804,0.0,0.0,0.0,14.457948446273804
25.301310300827026,0.0,0.0,0.0,25.301310300827026
25.301310300827026,0.0,0.0,0.0,25.301310300827026
25.301310300827026,0.0,0.0,0.0,25.301310300827026
25.301310300827026,0.0,0.0,0.0,25.301310300827026
36.01565337181091,0.0,10.346949577331543,0.0,46.362602949142456
46.84822344779968,0.0,10.346949577331543,0.0,57.195173025131226
46.84822344779968,0.0,14.042482376098633,0.0,60.890705823898315
46.84822344779968,0.0,14.042482376098633,0.0,60.890705823898315
46.84822344779968,0.0,14.042482376098633,0.0,60.890705823898315
46.84822344779968,0.0,14.042482376098633,0.0,60.890705823898315
46.84822344779968,0.0,14.042482376098633,0.0,60.890705823898315
46.84822344779968,0.0,14.042482376098633,0.0,60.890705823898315
46.84822344779968,0.0,14.042482376098633,0.0,60.890705823898315
46.84822344779968,0.0,14.042482376098633,0.0,60.890705823898315
46.84822344779968,0.0,14.042482376098633,10.561068534851074,71.45177435874939
32.32486438751221,0.0,14.042482376098633,10.561068534851074,56.928415298461914
32.32486438751221,0.0,14.042482376098633,10.561068534851074,56.928415298461914
32.32486438751221,0.0,3.69553279876709,10.561068534851074,46.58146572113037
32.32486438751221,0.0,3.69553279876709,31.08676052093506,67.10715770721436
32.32486438751221,0.0,3.69553279876709,31.08676052093506,67.10715770721436
32.32486438751221,0.0,3.69553279876709,31.08676052093506,67.10715770721436
32.32486438751221,0.0,3.69553279876709,31.08676052093506,67.10715770721436
32.32486438751221,0.0,3.69553279876709,31.08676052093506,67.10715770721436
21.546913146972656,0.0,3.69553279876709,31.08676052093506,56.329206466674805
21.546913146972656,0.0,3.69553279876709,31.08676052093506,56.329206466674805
21.546913146972656,0.0,3.69553279876709,31.08676052093506,56.329206466674805
21.546913146972656,0.0,7.388571739196777,31.08676052093506,60.02224540710449
21.546913146972656,0.0,7.388571739196777,20.525691986083984,49.46117687225342
21.546913146972656,0.0,7.388571739196777,20.525691986083984,49.46117687225342
10.83257007598877,0.0,7.388571739196777,0.0,18.221141815185547
10.83257007598877,0.0,7.388571739196777,0.0,18.221141815185547
10.83257007598877,0.0,7.388571739196777,0.0,18.221141815185547
10.83257007598877,0.0,7.388571739196777,0.0,18.221141815185547
10.83257007598877,0.0,7.388571739196777,0.0,18.221141815185547
10.83257007598877,0.0,7.388571739196777,0.0,18.221141815185547
10.83257007598877,0.0,7.388571739196777,0.0,18.221141815185547
10.83257007598877,0.0,7.388571739196777,0.0,18.221141815185547
10.83257007598877,0.0,7.388571739196777,0.0,18.221141815185547
10.83257007598877,0.0,7.388571739196777,0.0,18.221141815185547
0.0,0.0,3.6930389404296875,0.0,3.6930389404296875
0.0,0.0,3.6930389404296875,0.0,3.6930389404296875
0.0,0.0,3.6930389404296875,0.0,3.6930389404296875
0.0,0.0,3.6930389404296875,0.0,3.6930389404296875
0.0,0.0,3.6930389404296875,0.0,3.6930389404296875
10.670639991760254,0.0,3.6930389404296875,0.0,14.363678932189941
10.670639991760254,0.0,3.6930389404296875,0.0,14.363678932189941
10.670639991760254,0.0,3.6930389404296875,0.0,14.363678932189941
10.670639991760254,0.0,3.6930389404296875,0.0,14.363678932189941
10.670639991760254,0.0,3.6930389404296875,0.0,14.363678932189941
10.670639991760254,0.0,3.6930389404296875,0.0,14.363678932189941
10.670639991760254,0.0,3.6930389404296875,0.0,14.363678932189941
10.670639991760254,0.0,3.6930389404296875,0.0,14.363678932189941
10.670639991760254,0.0,3.6930389404296875,0.0,14.363678932189941
10.670639991760254,0.0,3.6930389404296875,0.0,14.363678932189941
10.670639991760254,0.0,3.6930389404296875,0.0,14.363678932189941
10.670639991760254,0.0,3.6930389404296875,0.0,14.363678932189941
10.670639991760254,0.0,3.6930389404296875,0.0,14.363678932189941
10.670639991760254,0.0,3.6930389404296875,0.0,14.363678932189941
10.670639991760254,0.0,3.6930389404296875,0.0,14.363678932189941
10.670639991760254,0.0,3.6930389404296875,0.0,14.363678932189941
10.670639991760254,0.0,3.6930389404296875,0.0,14.363678932189941
10.670639991760254,0.0,3.6930389404296875,0.0,14.363678932189941
10.670639991760254,0.0,3.6930389404296875,0.0,14.363678932189941
10.670639991760254,0.0,3.6930389404296875,0.0,14.363678932189941
10.670639991760254,0.0,3.6930389404296875,0.0,14.363678932189941
10.670639991760254,0.0,3.6930389404296875,0.0,14.363678932189941
10.670639991760254,0.0,3.6930389404296875,0.0,14.363678932189941
0.0,10.796228408813477,3.6930389404296875,0.0,14.489267349243164
0.0,10.796228408813477,3.6930389404296875,0.0,14.489267349243164
0.0,10.796228408813477,3.6930389404296875,0.0,14.489267349243164
0.0,10.796228408813477,3.6930389404296875,0.0,14.489267349243164
0.0,10.796228408813477,0.0,0.0,10.796228408813477
0.0,10.796228408813477,0.0,0.0,10.796228408813477
0.0,10.796228408813477,0.0,0.0,10.796228408813477
0.0,10.796228408813477,0.0,0.0,10.796228408813477
0.0,10.796228408813477,0.0,0.0,10.796228408813477
3.66259503364563,10.796228408813477,0.0,0.0,14.458823442459106
3.66259503364563,10.796228408813477,0.0,0.0,14.458823442459106
3.66259503364563,10.796228408813477,0.0,0.0,14.458823442459106
3.66259503364563,10.796228408813477,0.0,0.0,14.458823442459106
3.66259503364563,10.796228408813477,0.0,0.0,14.458823442459106
3.66259503364563,10.796228408813477,0.0,0.0,14.458823442459106
3.66259503364563,10.796228408813477,0.0,0.0,14.458823442459106
3.66259503364563,10.796228408813477,0.0,0.0,14.458823442459106
3.66259503364563,10.796228408813477,0.0,0.0,14.458823442459106
3.66259503364563,10.796228408813477,0.0,0.0,14.458823442459106
3.66259503364563,10.796228408813477,0.0,0.0,14.458823442459106
3.66259503364563,10.796228408813477,0.0,0.0,14.458823442459106
3.66259503364563,10.796228408813477,0.0,0.0,14.458823442459106
3.66259503364563,10.796228408813477,0.0,0.0,14.458823442459106
3.66259503364563,10.796228408813477,0.0,0.0,14.458823442459106
3.66259503364563,10.796228408813477,0.0,0.0,14.458823442459106
3.66259503364563,10.796228408813477,0.0,0.0,14.458823442459106
3.66259503364563,10.796228408813477,0.0,0.0,14.458823442459106
3.66259503364563,10.796228408813477,0.0,0.0,14.458823442459106
3.66259503364563,0.0,0.0,0.0,3.66259503364563
3.66259503364563,0.0,0.0,0.0,3.66259503364563
3.66259503364563,0.0,0.0,0.0,3.66259503364563
3.66259503364563,0.0,0.0,0.0,3.66259503364563
3.66259503364563,0.0,0.0,0.0,3.66259503364563
3.66259503364563,0.0,0.0,0.0,3.66259503364563
3.66259503364563,0.0,0.0,0.0,3.66259503364563
14.43401837348938,0.0,0.0,0.0,14.43401837348938
14.43401837348938,0.0,0.0,0.0,14.43401837348938
14.43401837348938,0.0,0.0,0.0,14.43401837348938
14.43401837348938,0.0,0.0,0.0,14.43401837348938
14.43401837348938,20.092580795288086,0.0,0.0,34.526599168777466
14.43401837348938,20.092580795288086,0.0,0.0,34.526599168777466
14.43401837348938,20.092580795288086,0.0,0.0,34.526599168777466
14.43401837348938,20.092580795288086,0.0,0.0,34.526599168777466
14.43401837348938,20.092580795288086,0.0,0.0,34.526599168777466
14.43401837348938,20.092580795288086,0.0,0.0,34.526599168777466
14.43401837348938,20.092580795288086,0.0,0.0,34.526599168777466
14.43401837348938,0.0,0.0,0.0,14.43401837348938
14.43401837348938,0.0,0.0,0.0,14.43401837348938
14.43401837348938,0.0,0.0,0.0,14.43401837348938
18.087172985076904,0.0,0.0,0.0,18.087172985076904
18.087172985076904,0.0,0.0,0.0,18.087172985076904
18.087172985076904,0.0,0.0,0.0,18.087172985076904
18.087172985076904,0.0,0.0,0.0,18.087172985076904
18.087172985076904,0.0,0.0,0.0,18.087172985076904
18.087172985076904,0.0,0.0,0.0,18.087172985076904
18.087172985076904,0.0,0.0,0.0,18.087172985076904
18.087172985076904,0.0,0.0,0.0,18.087172985076904
18.087172985076904,0.0,0.0,0.0,18.087172985076904
18.087172985076904,0.0,0.0,0.0,18.087172985076904
18.087172985076904,0.0,0.0,0.0,18.087172985076904
7.315749645233154,0.0,0.0,0.0,7.315749645233154
7.315749645233154,0.0,0.0,0.0,7.315749645233154
7.315749645233154,0.0,0.0,0.0,7.315749645233154
7.315749645233154,0.0,0.0,0.0,7.315749645233154
7.315749645233154,0.0,0.0,0.0,7.315749645233154
7.315749645233154,0.0,0.0,0.0,7.315749645233154
18.18105173110962,0.0,0.0,0.0,18.18105173110962
18.18105173110962,0.0,0.0,0.0,18.18105173110962
18.18105173110962,0.0,0.0,0.0,18.18105173110962
18.18105173110962,0.0,0.0,0.0,18.18105173110962
18.18105173110962,0.0,0.0,0.0,18.18105173110962
18.18105173110962,0.0,0.0,0.0,18.18105173110962
38.90074586868286,0.0,0.0,0.0,38.90074586868286
38.90074586868286,0.0,0.0,0.0,38.90074586868286
38.90074586868286,0.0,0.0,0.0,38.90074586868286
38.90074586868286,0.0,0.0,0.0,38.90074586868286
38.90074586868286,0.0,0.0,0.0,38.90074586868286
38.90074586868286,0.0,0.0,0.0,38.90074586868286
38.90074586868286,0.0,0.0,0.0,38.90074586868286
38.90074586868286,0.0,0.0,0.0,38.90074586868286
38.90074586868286,0.0,0.0,0.0,38.90074586868286
42.59381413459778,0.0,0.0,0.0,42.59381413459778
49.6578483581543,0.0,0.0,0.0,49.6578483581543
49.6578483581543,0.0,0.0,0.0,49.6578483581543
49.6578483581543,0.0,0.0,0.0,49.6578483581543
49.6578483581543,0.0,0.0,0.0,49.6578483581543
18.07285213470459,0.0,0.0,0.0,18.07285213470459
18.07285213470459,17.624378204345703,0.0,0.0,35.69723033905029
18.07285213470459,17.624378204345703,0.0,0.0,35.69723033905029
18.07285213470459,17.624378204345703,0.0,0.0,35.69723033905029
18.07285213470459,0.0,0.0,0.0,18.07285213470459
18.07285213470459,0.0,0.0,0.0,18.07285213470459
18.07285213470459,0.0,0.0,0.0,18.07285213470459
18.07285213470459,8.304834365844727,0.0,0.0,26.377686500549316
18.07285213470459,8.304834365844727,0.0,0.0,26.377686500549316
18.07285213470459,0.0,0.0,0.0,18.07285213470459
18.07285213470459,0.0,0.0,0.0,18.07285213470459
18.07285213470459,0.0,0.0,0.0,18.07285213470459
18.07285213470459,0.0,0.0,0.0,18.07285213470459
18.07285213470459,0.0,0.0,0.0,18.07285213470459
14.419697523117065,0.0,0.0,0.0,14.419697523117065
14.419697523117065,0.0,0.0,0.0,14.419697523117065
14.419697523117065,0.0,0.0,0.0,14.419697523117065
14.419697523117065,0.0,0.0,0.0,14.419697523117065
14.419697523117065,0.0,0.0,0.0,14.419697523117065
14.419697523117065,0.0,0.0,0.0,14.419697523117065
14.419697523117065,0.0,0.0,0.0,14.419697523117065
14.419697523117065,0.0,0.0,0.0,14.419697523117065
3.693068265914917,0.0,0.0,0.0,3.693068265914917
7.380256414413452,0.0,0.0,0.0,7.380256414413452
7.380256414413452,0.0,0.0,0.0,7.380256414413452
7.380256414413452,0.0,0.0,0.0,7.380256414413452
7.380256414413452,0.0,0.0,0.0,7.380256414413452
7.380256414413452,0.0,0.0,0.0,7.380256414413452
11.080256462097168,0.0,0.0,0.0,11.080256462097168
11.080256462097168,0.0,0.0,0.0,11.080256462097168
11.080256462097168,0.0,0.0,0.0,11.080256462097168
11.080256462097168,0.0,0.0,0.0,11.080256462097168
11.080256462097168,0.0,0.0,0.0,11.080256462097168
11.080256462097168,0.0,0.0,0.0,11.080256462097168
11.080256462097168,0.0,0.0,0.0,11.080256462097168
11.080256462097168,0.0,0.0,0.0,11.080256462097168
31.80419635772705,0.0,0.0,0.0,31.80419635772705
31.80419635772705,0.0,0.0,0.0,31.80419635772705
31.80419635772705,0.0,0.0,0.0,31.80419635772705
31.80419635772705,0.0,0.0,0.0,31.80419635772705
42.32474613189697,0.0,0.0,0.0,42.32474613189697
42.32474613189697,19.618751525878906,0.0,0.0,61.94349765777588
53.13511085510254,19.618751525878906,0.0,0.0,72.75386238098145
53.13511085510254,19.618751525878906,0.0,0.0,72.75386238098145
53.13511085510254,0.0,0.0,0.0,53.13511085510254
36.07982683181763,0.0,0.0,0.0,36.07982683181763
36.07982683181763,0.0,0.0,0.0,36.07982683181763
36.07982683181763,0.0,0.0,0.0,36.07982683181763
36.07982683181763,0.0,0.0,0.0,36.07982683181763
36.07982683181763,21.48162841796875,0.0,0.0,57.56145524978638
36.07982683181763,21.48162841796875,0.0,0.0,57.56145524978638
36.07982683181763,21.48162841796875,0.0,0.0,57.56145524978638
36.07982683181763,21.48162841796875,0.0,0.0,57.56145524978638
36.07982683181763,21.48162841796875,0.0,0.0,57.56145524978638
25.559277057647705,21.48162841796875,0.0,0.0,47.040905475616455
25.559277057647705,21.48162841796875,0.0,9.419123649597168,56.46002912521362
21.87208890914917,21.48162841796875,0.0,9.419123649597168,52.77284097671509
21.87208890914917,21.48162841796875,0.0,0.0,43.35371732711792
21.87208890914917,21.48162841796875,0.0,0.0,43.35371732711792
21.87208890914917,21.48162841796875,0.0,0.0,43.35371732711792
21.87208890914917,21.48162841796875,0.0,0.0,43.35371732711792
21.87208890914917,21.48162841796875,0.0,0.0,43.35371732711792
21.87208890914917,21.48162841796875,0.0,0.0,43.35371732711792
21.87208890914917,21.48162841796875,0.0,0.0,43.35371732711792
21.87208890914917,21.48162841796875,0.0,0.0,43.35371732711792
21.87208890914917,21.48162841796875,0.0,0.0,43.35371732711792
21.87208890914917,21.48162841796875,0.0,0.0,43.35371732711792
11.061724185943604,0.0,0.0,0.0,11.061724185943604
11.061724185943604,0.0,0.0,0.0,11.061724185943604
11.061724185943604,0.0,0.0,0.0,11.061724185943604
11.061724185943604,20.16812515258789,0.0,0.0,31.229849338531494
11.061724185943604,20.16812515258789,0.0,0.0,31.229849338531494
11.061724185943604,41.67116355895996,0.0,0.0,52.732887744903564
11.061724185943604,41.67116355895996,0.0,0.0,52.732887744903564
11.061724185943604,71.66728973388672,0.0,0.0,82.72901391983032
11.061724185943604,93.34539222717285,0.0,0.0,104.40711641311646
11.061724185943604,93.34539222717285,0.0,0.0,104.40711641311646
11.061724185943604,104.29605007171631,0.0,0.0,115.35777425765991
11.061724185943604,96.06488704681396,0.0,0.0,107.12661123275757
11.061724185943604,116.61761951446533,0.0,10.474864959716797,138.15420866012573
11.061724185943604,95.11458110809326,0.0,10.474864959716797,116.65117025375366
11.061724185943604,95.11458110809326,0.0,10.474864959716797,116.65117025375366
21.962143421173096,95.11458110809326,0.0,10.474864959716797,127.55158948898315
21.962143421173096,74.94645595550537,0.0,10.474864959716797,107.38346433639526
21.962143421173096,74.94645595550537,0.0,10.474864959716797,107.38346433639526
21.962143421173096,85.86421394348145,0.0,10.474864959716797,118.30122232437134
29.32367992401123,85.86421394348145,0.0,10.474864959716797,125.66275882720947
29.32367992401123,85.86421394348145,0.0,10.474864959716797,125.66275882720947
29.32367992401123,95.77321529388428,0.0,10.474864959716797,135.5717601776123
29.32367992401123,95.77321529388428,0.0,10.474864959716797,135.5717601776123
25.630611658096313,106.09137630462646,0.0,10.474864959716797,142.19685292243958
25.630611658096313,106.09137630462646,0.0,10.474864959716797,142.19685292243958
25.630611658096313,106.09137630462646,0.0,10.474864959716797,142.19685292243958
25.630611658096313,106.09137630462646,0.0,0.0,131.72198796272278
25.630611658096313,74.41480255126953,0.0,0.0,100.04541420936584
25.630611658096313,43.54390907287598,0.0,0.0,69.17452073097229
25.630611658096313,43.54390907287598,0.0,0.0,69.17452073097229
25.630611658096313,43.54390907287598,0.0,0.0,69.17452073097229
25.630611658096313,21.865806579589844,0.0,0.0,47.49641823768616
25.630611658096313,21.865806579589844,0.0,0.0,47.49641823768616
25.630611658096313,21.865806579589844,0.0,0.0,47.49641823768616
25.630611658096313,21.865806579589844,0.0,0.0,47.49641823768616
25.630611658096313,21.865806579589844,0.0,0.0,47.49641823768616
25.630611658096313,40.063358306884766,0.0,0.0,65.69396996498108
25.630611658096313,40.063358306884766,0.0,0.0,65.69396996498108
35.96438813209534,61.40707015991211,0.0,0.0,97.37145829200745
35.96438813209534,61.40707015991211,0.0,0.0,97.37145829200745
35.96438813209534,61.40707015991211,0.0,0.0,97.37145829200745
39.66071534156799,43.20951843261719,0.0,0.0,82.87023377418518
39.66071534156799,32.25886058807373,0.0,0.0,71.91957592964172
35.96071529388428,32.25886058807373,0.0,0.0,68.21957588195801
35.96071529388428,42.958635330200195,0.0,0.0,78.91935062408447
35.96071529388428,64.55936050415039,0.0,0.0,100.52007579803467
39.652077198028564,75.54241466522217,0.0,0.0,115.19449186325073
39.652077198028564,75.54241466522217,0.0,0.0,115.19449186325073
39.652077198028564,97.2845811843872,0.0,0.0,136.93665838241577
39.652077198028564,97.2845811843872,0.0,0.0,136.93665838241577
43.35207724571228,97.2845811843872,0.0,0.0,140.6366584300995
43.35207724571228,97.2845811843872,21.85714340209961,0.0,162.4938018321991
54.30903220176697,110.82938766479492,21.85714340209961,10.380411148071289,197.3759744167328
54.30903220176697,110.82938766479492,21.85714340209961,10.380411148071289,197.3759744167328
54.30903220176697,97.2845811843872,21.85714340209961,10.380411148071289,183.83116793632507
33.07483649253845,97.2845811843872,21.85714340209961,10.380411148071289,162.59697222709656
33.07483649253845,75.68385601043701,21.85714340209961,10.380411148071289,140.99624705314636
33.07483649253845,75.68385601043701,21.85714340209961,10.380411148071289,140.99624705314636
33.07483649253845,54.34014415740967,21.85714340209961,10.380411148071289,119.65253520011902
33.07483649253845,54.34014415740967,21.85714340209961,10.380411148071289,119.65253520011902
33.07483649253845,54.34014415740967,21.85714340209961,10.380411148071289,119.65253520011902
33.07483649253845,54.34014415740967,21.85714340209961,10.380411148071289,119.65253520011902
33.07483649253845,96.5889892578125,0.0,10.380411148071289,140.04423689842224
33.07483649253845,96.5889892578125,0.0,10.380411148071289,140.04423689842224
33.07483649253845,85.88921451568604,0.0,10.380411148071289,129.34446215629578
43.88587164878845,85.88921451568604,0.0,10.380411148071289,140.15549731254578
54.453296422958374,85.88921451568604,0.0,10.380411148071289,150.7229220867157
54.453296422958374,85.23850917816162,0.0,10.380411148071289,150.07221674919128
58.09374284744263,85.53010082244873,0.0,0.0,143.62384366989136
58.09374284744263,85.53010082244873,0.0,0.0,143.62384366989136
68.99018716812134,85.53010082244873,0.0,0.0,154.52028799057007
79.66372632980347,85.53010082244873,0.0,0.0,165.1938271522522
79.66372632980347,106.7071008682251,0.0,0.0,186.37082719802856
79.66372632980347,106.7071008682251,0.0,10.945161819458008,197.31598901748657
79.66372632980347,127.4434289932251,0.0,10.945161819458008,218.05231714248657
79.66372632980347,138.15935134887695,0.0,10.945161819458008,228.76823949813843
75.99301338195801,95.57350158691406,0.0,10.945161819458008,182.51167678833008
75.99301338195801,127.1539077758789,0.0,10.945161819458008,214.09208297729492
75.99301338195801,127.1539077758789,0.0,10.945161819458008,214.09208297729492
75.99301338195801,127.1539077758789,0.0,10.945161819458008,214.09208297729492
75.99301338195801,159.83367347717285,21.446496963500977,10.945161819458008,268.21834564208984
108.68014430999756,138.74221229553223,21.446496963500977,20.74778938293457,289.61664295196533
108.68014430999756,138.74221229553223,21.446496963500977,20.74778938293457,289.61664295196533
97.86910915374756,138.74221229553223,21.446496963500977,9.802627563476562,267.8604459762573
97.86910915374756,138.74221229553223,21.446496963500977,9.802627563476562,267.8604459762573
97.86910915374756,127.75915813446045,21.446496963500977,9.802627563476562,256.87739181518555
90.6480541229248,149.64065647125244,21.446496963500977,9.802627563476562,271.5378351211548
90.6480541229248,139.48727321624756,21.446496963500977,0.0,251.58182430267334
112.22130966186523,118.75094509124756,21.446496963500977,0.0,252.41875171661377
112.22130966186523,151.57740783691406,21.446496963500977,0.0,285.2452144622803
112.22130966186523,130.4004077911377,21.446496963500977,0.0,264.0682144165039
101.65388488769531,150.91521835327148,21.446496963500977,0.0,274.0156002044678
105.34318137168884,150.91521835327148,21.446496963500977,0.0,277.7048966884613
105.34318137168884,150.91521835327148,21.446496963500977,0.0,277.7048966884613
105.34318137168884,150.91521835327148,21.446496963500977,0.0,277.7048966884613
91.00098633766174,182.3338222503662,21.446496963500977,0.0,294.78130555152893
94.70098638534546,182.3338222503662,21.446496963500977,0.0,298.48130559921265
116.21628904342651,205.13019180297852,0.0,0.0,321.34648084640503
116.21628904342651,226.32977390289307,0.0,0.0,342.5460629463196
119.90301823616028,247.21996212005615,0.0,0.0,367.12298035621643
119.90301823616028,268.4978303909302,0.0,0.0,388.40084862709045
119.90301823616028,331.9845247268677,0.0,0.0,451.88754296302795
119.90301823616028,299.30475902557373,0.0,0.0,419.207777261734
141.74428486824036,310.25160121917725,0.0,0.0,451.9958860874176
152.32264256477356,320.6725492477417,0.0,0.0,472.99519181251526
152.32264256477356,298.7699556350708,0.0,0.0,451.09259819984436
152.32264256477356,309.44059562683105,0.0,0.0,461.7632381916046
152.32264256477356,288.93432807922363,0.0,0.0,441.2569706439972
158.67322182655334,289.1997871398926,0.0,0.0,447.8730089664459
133.3999662399292,267.92191886901855,0.0,0.0,401.32188510894775
111.88466358184814,258.3341979980469,0.0,0.0,370.218861579895
111.88466358184814,280.3167915344238,0.0,0.0,392.201455116272
100.92770862579346,281.3652744293213,0.0,0.0,382.29298305511475
100.92770862579346,249.37951946258545,0.0,0.0,350.3072280883789
90.03618049621582,270.84648990631104,0.0,0.0,360.88267040252686
90.03618049621582,249.84186840057373,0.0,0.0,339.87804889678955
90.03618049621582,227.84186840057373,0.0,0.0,317.87804889678955
90.03618049621582,270.95564365386963,0.0,0.0,360.99182415008545
72.26718640327454,270.95564365386963,0.0,0.0,343.22283005714417
62.225783586502075,249.24084758758545,0.0,0.0,311.4666311740875
62.225783586502075,249.62527465820312,0.0,0.0,311.8510582447052
62.225783586502075,271.13757514953613,0.0,0.0,333.3633587360382
62.225783586502075,249.67060470581055,0.0,0.0,311.8963882923126
62.225783586502075,271.05130767822266,0.0,9.39925479888916,342.6763460636139
65.92578363418579,271.0507297515869,0.0,9.39925479888916,346.37576818466187
65.92578363418579,271.0507297515869,0.0,9.39925479888916,346.37576818466187
65.89457273483276,269.98011016845703,0.0,9.39925479888916,345.27393770217896
54.89934015274048,269.98011016845703,0.0,0.0,324.8794503211975
65.73816633224487,248.37499713897705,0.0,0.0,314.1131634712219
62.09771990776062,259.13770484924316,0.0,0.0,321.2354247570038
62.09771990776062,237.62540435791016,0.0,0.0,299.7231242656708
62.09771990776062,269.89427280426025,0.0,0.0,331.9919927120209
62.09771990776062,269.89427280426025,0.0,0.0,331.9919927120209
62.09771990776062,248.00525951385498,0.0,0.0,310.1029794216156
65.78395366668701,226.64521884918213,0.0,0.0,292.42917251586914
65.78395366668701,245.5651044845581,0.0,0.0,311.3490581512451
65.78395366668701,266.72523021698,0.0,0.0,332.509183883667
65.78395366668701,247.805344581604,0.0,0.0,313.589298248291
95.85887718200684,269.70581912994385,0.0,0.0,365.5646963119507
95.85887718200684,299.3906650543213,0.0,0.0,395.2495422363281
95.85887718200684,279.01491355895996,0.0,0.0,374.8737907409668
127.77257061004639,257.032320022583,0.0,0.0,384.8048906326294
127.77257061004639,278.36184883117676,0.0,0.0,406.13441944122314
117.52200222015381,277.99610328674316,0.0,0.0,395.518105506897
128.482985496521,267.07223415374756,0.0,0.0,395.55521965026855
128.482985496521,248.5364179611206,0.0,0.0,377.0194034576416
128.47699880599976,248.5364179611206,0.0,0.0,377.01341676712036
119.92766618728638,259.52796363830566,0.0,0.0,379.45562982559204
119.92766618728638,227.3889970779419,0.0,0.0,347.31666326522827
119.92766618728638,227.3889970779419,0.0,0.0,347.31666326522827
119.92766618728638,242.22732639312744,0.0,0.0,362.1549925804138
130.61995458602905,241.62984371185303,0.0,0.0,372.2497982978821
141.2805962562561,230.8439121246338,0.0,0.0,372.1245083808899
151.91282987594604,226.87961387634277,0.0,0.0,378.7924437522888
162.74847745895386,226.87961387634277,21.58626365661621,0.0,411.21435499191284
162.74847745895386,205.58510208129883,21.58626365661621,0.0,389.9198431968689
187.70216155052185,248.8130693435669,21.58626365661621,0.0,458.10149455070496
187.70216155052185,248.8130693435669,21.58626365661621,0.0,458.10149455070496
202.21606016159058,227.71842861175537,21.58626365661621,0.0,451.52075242996216
201.98847246170044,227.71842861175537,21.58626365661621,0.0,451.293164730072
212.8534779548645,216.82201862335205,21.58626365661621,0.0,451.26176023483276
223.80199480056763,216.97169017791748,21.58626365661621,20.673664093017578,483.0336127281189
209.33125233650208,194.98041152954102,21.58626365661621,20.673664093017578,446.5715916156769
223.86082816123962,205.7036590576172,21.58626365661621,20.673664093017578,471.8244149684906
223.86082816123962,205.7036590576172,21.58626365661621,20.673664093017578,471.8244149684906
223.86082816123962,162.82649612426758,21.58626365661621,38.301761627197266,446.5753495693207
227.55746793746948,183.57693099975586,21.58626365661621,38.301761627197266,471.0224242210388
227.55746793746948,183.57693099975586,21.58626365661621,38.301761627197266,471.0224242210388
238.2472643852234,140.34692764282227,21.58626365661621,38.301761627197266,438.48221731185913
238.2472643852234,129.3513422012329,21.58626365661621,38.301761627197266,427.4866318702698
252.7182068824768,129.3513422012329,21.58626365661621,17.628097534179688,421.2839102745056
230.98717260360718,118.36000728607178,21.58626365661621,0.0,370.93344354629517
241.67004919052124,146.83964252471924,21.58626365661621,10.712976455688477,420.80893182754517
263.38526582717896,156.0549831390381,21.58626365661621,10.712976455688477,451.73948907852173
252.54643964767456,156.0549831390381,21.58626365661621,10.712976455688477,440.90066289901733
252.6595664024353,144.9973964691162,21.58626365661621,21.60309600830078,440.8463225364685
248.96323919296265,123.25518989562988,21.58626365661621,21.60309600830078,415.4077887535095
248.96323919296265,94.77874183654785,21.58626365661621,21.60309600830078,386.9313406944275
252.61714386940002,116.23835182189941,21.58626365661621,21.60309600830078,412.04485535621643
252.61714386940002,126.9253101348877,21.58626365661621,21.60309600830078,422.7318136692047
248.9171438217163,115.94754695892334,21.58626365661621,21.60309600830078,408.05405044555664
216.9929313659668,105.33333587646484,21.58626365661621,28.002056121826172,371.914587020874
206.36069774627686,105.33333587646484,21.58626365661621,37.65482997894287,370.9351272583008
210.03445100784302,84.58290100097656,21.58626365661621,31.25586986541748,347.45948553085327
213.71758222579956,84.58290100097656,21.58626365661621,31.25586986541748,351.1426167488098
224.63724660873413,64.37601470947266,21.58626365661621,31.25586986541748,341.8553948402405
235.5308108329773,64.37601470947266,0.0,31.25586986541748,331.16269540786743
246.32011461257935,64.37601470947266,0.0,31.25586986541748,341.9519991874695
246.32011461257935,75.35298919677734,0.0,31.25586986541748,352.92897367477417
256.89911222457886,75.35298919677734,0.0,21.60309600830078,353.855197429657
260.5847313404083,64.79681968688965,0.0,21.60309600830078,346.98464703559875
249.83775353431702,107.45820617675781,0.0,21.60309600830078,378.8990557193756
250.08748650550842,129.2903652191162,0.0,21.60309600830078,400.9809477329254
261.03339409828186,129.2903652191162,0.0,10.712976455688477,401.03673577308655
271.77207016944885,139.9532928466797,0.0,10.712976455688477,422.438339471817
271.77207016944885,129.23004531860352,0.0,10.712976455688477,411.71509194374084
271.77207016944885,149.89198684692383,0.0,10.712976455688477,432.37703347206116
271.77207016944885,171.82493209838867,0.0,10.712976455688477,454.309978723526
314.9395353794098,171.82493209838867,0.0,10.712976455688477,497.47744393348694
314.9395353794098,171.82493209838867,0.0,10.712976455688477,497.47744393348694
318.82709217071533,182.59723472595215,10.777115821838379,18.34952402114868,530.5509667396545
329.68883991241455,182.59723472595215,10.777115821838379,18.34952402114868,541.4127144813538
329.68883991241455,161.1376247406006,10.777115821838379,18.34952402114868,519.9531044960022
329.77703285217285,182.849853515625,10.777115821838379,18.34952402114868,541.7535262107849
326.08567094802856,162.1879119873047,10.777115821838379,10.712976455688477,509.7636752128601
333.41688108444214,162.1879119873047,10.777115821838379,10.712976455688477,517.0948853492737
326.2916512489319,184.06872940063477,10.777115821838379,10.712976455688477,531.8504729270935
315.7126536369324,184.06872940063477,10.777115821838379,0.0,510.5584988594055
326.5007281303406,184.06872940063477,10.777115821838379,0.0,521.3465733528137
347.9367537498474,162.49828910827637,10.777115821838379,0.0,521.2121586799622
358.8022036552429,204.77892684936523,10.777115821838379,0.0,574.3582463264465
358.8022036552429,204.77892684936523,10.777115821838379,0.0,574.3582463264465
369.7472777366638,182.94676780700684,10.777115821838379,0.0,563.471161365509
369.7472777366638,171.9967384338379,10.777115821838379,0.0,552.5211319923401
369.2612509727478,161.3097801208496,10.777115821838379,0.0,541.3481469154358
369.2612509727478,140.22976303100586,0.0,0.0,509.49101400375366
390.6723484992981,140.22976303100586,0.0,0.0,530.902111530304
394.1581645011902,140.22976303100586,0.0,0.0,534.387927532196
383.3225169181824,118.29681777954102,0.0,0.0,501.6193346977234
394.2920708656311,118.29681777954102,0.0,0.0,512.5888886451721
394.2920708656311,135.9622039794922,0.0,0.0,530.2542748451233
372.6845488548279,157.35645866394043,0.0,0.0,530.0410075187683
351.5302014350891,146.69353103637695,0.0,0.0,498.22373247146606
362.40682458877563,135.71655654907227,0.0,0.0,498.1233811378479
351.56504487991333,124.94425392150879,0.0,0.0,476.5092988014221
330.0370650291443,124.94425392150879,0.0,0.0,454.9813189506531
330.0370650291443,107.27886772155762,0.0,0.0,437.3159327507019
316.78578329086304,107.27886772155762,0.0,0.0,424.06465101242065
338.2497229576111,86.13394355773926,0.0,0.0,424.38366651535034
305.9201331138611,86.13394355773926,0.0,0.0,392.05407667160034
319.2360281944275,85.07659912109375,0.0,0.0,404.31262731552124
330.14601945877075,85.07659912109375,10.87331771850586,0.0,426.09593629837036
330.14601945877075,85.07659912109375,10.87331771850586,0.0,426.09593629837036
330.14601945877075,85.07659912109375,10.87331771850586,0.0,426.09593629837036
330.14601945877075,85.8911304473877,10.87331771850586,0.0,426.9104676246643
330.14601945877075,106.7630729675293,10.87331771850586,0.0,447.7824101448059
330.14601945877075,84.8713264465332,10.87331771850586,10.652281761169434,436.54294538497925
312.2948491573334,63.47707176208496,10.87331771850586,10.652281761169434,397.2975203990936
283.62399554252625,63.47707176208496,10.87331771850586,21.558740615844727,379.5331256389618
272.6557729244232,63.47707176208496,10.87331771850586,21.558740615844727,368.56490302085876
240.38823103904724,63.47707176208496,10.87331771850586,21.558740615844727,336.2973611354828
244.07736682891846,63.47707176208496,10.87331771850586,21.558740615844727,339.986496925354
254.76338577270508,63.47707176208496,10.87331771850586,21.558740615844727,350.6725158691406
258.43745279312134,63.47707176208496,10.87331771850586,21.558740615844727,354.3465828895569
247.64937829971313,63.47707176208496,10.87331771850586,21.558740615844727,343.5585083961487
247.64937829971313,63.47707176208496,10.87331771850586,21.558740615844727,343.5585083961487
247.64937829971313,42.822187423706055,10.87331771850586,21.558740615844727,322.9036240577698
251.34561920166016,42.822187423706055,10.87331771850586,21.558740615844727,326.5998649597168
251.34561920166016,63.03414726257324,10.87331771850586,21.558740615844727,346.811824798584
229.5032958984375,63.03414726257324,10.87331771850586,21.558740615844727,324.9695014953613
240.4753189086914,63.03414726257324,10.87331771850586,21.558740615844727,335.94152450561523
240.4753189086914,62.212345123291016,10.87331771850586,10.906458854675293,324.4674406051636
236.78969979286194,62.212345123291016,10.87331771850586,10.906458854675293,320.7818214893341
222.14406275749207,62.212345123291016,10.87331771850586,10.906458854675293,306.13618445396423
222.14406275749207,62.212345123291016,10.87331771850586,10.906458854675293,306.13618445396423
233.02105402946472,62.212345123291016,10.87331771850586,10.906458854675293,317.0131757259369
233.02105402946472,20.050140380859375,10.87331771850586,10.906458854675293,274.85097098350525
211.55711436271667,30.961835861206055,10.87331771850586,21.539398193359375,274.93166613578796
204.20919632911682,30.961835861206055,0.0,21.539398193359375,256.71043038368225
204.20919632911682,30.961835861206055,0.0,21.539398193359375,256.71043038368225
204.20919632911682,30.961835861206055,0.0,21.539398193359375,256.71043038368225
182.4534285068512,30.961835861206055,0.0,21.539398193359375,234.95466256141663
182.4534285068512,10.91169548034668,0.0,21.539398193359375,214.90452218055725
171.48387455940247,21.681169509887695,0.0,21.539398193359375,214.70444226264954
175.15150833129883,21.681169509887695,0.0,31.930992126464844,228.76366996765137
175.15150833129883,21.681169509887695,0.0,31.930992126464844,228.76366996765137
175.15150833129883,21.681169509887695,0.0,31.930992126464844,228.76366996765137
160.60292720794678,21.681169509887695,0.0,31.930992126464844,214.21508884429932
160.60292720794678,21.681169509887695,0.0,31.930992126464844,214.21508884429932
149.65785312652588,21.681169509887695,0.0,21.539398193359375,192.87842082977295
138.7926483154297,43.38595199584961,0.0,21.539398193359375,203.71799850463867
135.10253500938416,43.38595199584961,0.0,21.539398193359375,200.02788519859314
124.41651606559753,43.38595199584961,0.0,21.539398193359375,189.34186625480652
120.71987628936768,43.38595199584961,0.0,21.539398193359375,185.64522647857666
120.71987628936768,43.38595199584961,0.0,32.41451454162598,196.52034282684326
109.80638408660889,43.38595199584961,0.0,32.41451454162598,185.60685062408447
106.11965489387512,43.38595199584961,0.0,32.41451454162598,181.9201214313507
106.11965489387512,43.38595199584961,0.0,32.41451454162598,181.9201214313507
106.11965489387512,43.38595199584961,0.0,32.41451454162598,181.9201214313507
106.11965489387512,43.38595199584961,0.0,32.41451454162598,181.9201214313507
106.11965489387512,43.38595199584961,10.894664764404297,42.4159574508667,202.81622910499573
106.11965489387512,43.38595199584961,10.894664764404297,42.4159574508667,202.81622910499573
106.11965489387512,43.38595199584961,10.894664764404297,52.81049633026123,213.21076798439026
95.14763188362122,43.38595199584961,10.894664764404297,52.81049633026123,202.23874497413635
91.45833539962769,43.38595199584961,10.894664764404297,52.81049633026123,198.54944849014282
69.70424604415894,43.38595199584961,21.878500938415527,42.17755699157715,177.14625597000122
69.70424604415894,32.47425651550293,21.878500938415527,42.17755699157715,166.23456048965454
58.794254779815674,32.47425651550293,21.878500938415527,42.17755699157715,155.32456922531128
58.794254779815674,32.47425651550293,32.68070888519287,42.17755699157715,166.12677717208862
58.794254779815674,32.47425651550293,32.68070888519287,42.17755699157715,166.12677717208862
58.794254779815674,32.47425651550293,54.63957118988037,42.17755699157715,188.08563947677612
58.794254779815674,32.47425651550293,54.63957118988037,31.271098136901855,177.17918062210083
58.794254779815674,32.47425651550293,54.63957118988037,32.1935977935791,178.10168027877808
58.794254779815674,32.47425651550293,65.49249076843262,32.1935977935791,188.95459985733032
58.794254779815674,32.47425651550293,65.49249076843262,32.1935977935791,188.95459985733032
55.10645866394043,10.769474029541016,65.49249076843262,32.1935977935791,163.56202125549316
55.10645866394043,10.769474029541016,65.49249076843262,32.1935977935791,163.56202125549316
51.42022490501404,10.769474029541016,65.49249076843262,21.110137939453125,148.7923276424408
51.42022490501404,10.769474029541016,65.49249076843262,21.110137939453125,148.7923276424408
51.42022490501404,0.0,65.49249076843262,21.110137939453125,138.02285361289978
51.42022490501404,0.0,65.49249076843262,21.110137939453125,138.02285361289978
51.42022490501404,0.0,65.49249076843262,21.110137939453125,138.02285361289978
51.42022490501404,0.0,76.40415954589844,21.110137939453125,148.9345223903656
51.42022490501404,0.0,76.40415954589844,21.110137939453125,148.9345223903656
51.42022490501404,0.0,76.40415954589844,10.923942565917969,138.74832701683044
51.42022490501404,0.0,54.44529724121094,10.923942565917969,116.78946471214294
51.42022490501404,0.0,54.44529724121094,10.923942565917969,116.78946471214294
51.42022490501404,0.0,54.44529724121094,21.685976028442383,127.55149817466736
51.42022490501404,0.0,54.44529724121094,21.685976028442383,127.55149817466736
51.42022490501404,0.0,54.44529724121094,21.685976028442383,127.55149817466736
40.54323363304138,0.0,54.44529724121094,10.762033462524414,105.75056433677673
40.54323363304138,0.0,58.11744523048401,10.762033462524414,109.4227123260498
36.87559986114502,0.0,58.11744523048401,20.96452522277832,115.95757031440735
36.87559986114502,0.0,47.22278046607971,20.96452522277832,105.06290555000305
36.87559986114502,0.0,47.22278046607971,20.96452522277832,105.06290555000305
36.87559986114502,0.0,47.22278046607971,20.96452522277832,105.06290555000305
33.181973695755005,0.0,47.22278046607971,20.96452522277832,101.36927938461304
33.181973695755005,0.0,47.22278046607971,32.55505180358887,112.95980596542358
29.483765125274658,0.0,47.22278046607971,32.55505180358887,109.26159739494324
29.483765125274658,0.0,47.22278046607971,32.55505180358887,109.26159739494324
29.483765125274658,0.0,36.42057251930237,32.55505180358887,98.4593894481659
33.14418005943298,0.0,57.12245965003967,32.55505180358887,122.82169151306152
33.14418005943298,0.0,57.12245965003967,32.55505180358887,122.82169151306152
33.14418005943298,0.0,57.12245965003967,54.515939712524414,144.78257942199707
29.447939157485962,0.0,57.12245965003967,54.515939712524414,141.08633852005005
29.447939157485962,0.0,57.12245965003967,54.515939712524414,141.08633852005005
40.44477677345276,0.0,57.12245965003967,54.515939712524414,152.08317613601685
36.76617646217346,0.0,57.12245965003967,54.515939712524414,148.40457582473755
36.76617646217346,0.0,57.12245965003967,54.515939712524414,148.40457582473755
36.76617646217346,0.0,57.12245965003967,54.515939712524414,148.40457582473755
36.76617646217346,0.0,57.12245965003967,54.515939712524414,148.40457582473755
36.76617646217346,0.0,57.12245965003967,54.515939712524414,148.40457582473755
36.76617646217346,0.0,68.10805916786194,54.515939712524414,159.39017534255981
36.76617646217346,0.0,68.10805916786194,54.515939712524414,159.39017534255981
36.76617646217346,0.0,47.406172037124634,54.515939712524414,138.6882882118225
36.76617646217346,0.0,47.406172037124634,54.515939712524414,138.6882882118225
36.76617646217346,0.0,47.406172037124634,54.515939712524414,138.6882882118225
47.534329652786255,0.0,47.33897519111633,54.515939712524414,149.389244556427
47.534329652786255,0.0,47.33897519111633,54.515939712524414,149.389244556427
47.534329652786255,0.0,47.33897519111633,43.466227531433105,138.3395323753357
58.45490288734436,0.0,47.33897519111633,43.466227531433105,149.2601056098938
58.45490288734436,0.0,47.33897519111633,43.466227531433105,149.2601056098938
79.77414536476135,0.0,51.018088579177856,43.466227531433105,174.25846147537231
79.77414536476135,0.0,51.018088579177856,43.466227531433105,174.25846147537231
79.77414536476135,0.0,51.018088579177856,32.628517150878906,163.42075109481812
79.77414536476135,0.0,51.018088579177856,21.866483688354492,152.6587176322937
79.77414536476135,0.0,40.16516900062561,21.866483688354492,141.80579805374146
79.77414536476135,0.0,40.16516900062561,21.866483688354492,141.80579805374146
79.77414536476135,0.0,40.16516900062561,10.911175727844238,130.8504900932312
79.77414536476135,0.0,40.16516900062561,10.911175727844238,130.8504900932312
79.77414536476135,0.0,40.16516900062561,10.911175727844238,130.8504900932312
76.0791027545929,0.0,40.16516900062561,10.911175727844238,127.15544748306274
76.0791027545929,0.0,40.16516900062561,10.911175727844238,127.15544748306274
76.0791027545929,0.0,40.16516900062561,10.911175727844238,127.15544748306274
97.90655064582825,0.0,40.16516900062561,10.911175727844238,148.9828953742981
97.90655064582825,0.0,40.16516900062561,10.911175727844238,148.9828953742981
97.90655064582825,0.0,40.16516900062561,10.911175727844238,148.9828953742981
97.90655064582825,0.0,29.25350022315979,10.911175727844238,138.07122659683228
94.21094346046448,0.0,29.25350022315979,10.911175727844238,134.3756194114685
94.21094346046448,0.0,29.25350022315979,10.911175727844238,134.3756194114685
94.21094346046448,0.0,29.25350022315979,10.911175727844238,134.3756194114685
94.21094346046448,0.0,29.25350022315979,10.911175727844238,134.3756194114685
94.21094346046448,0.0,51.10462975502014,10.911175727844238,156.22674894332886
94.21094346046448,0.0,51.10462975502014,10.911175727844238,156.22674894332886
94.21094346046448,0.0,51.10462975502014,10.911175727844238,156.22674894332886
94.21094346046448,0.0,51.10462975502014,10.911175727844238,156.22674894332886
94.21094346046448,0.0,51.10462975502014,10.911175727844238,156.22674894332886
76.58862781524658,21.877153396606445,51.10462975502014,10.911175727844238,160.4815866947174
54.67121696472168,21.877153396606445,51.10462975502014,10.911175727844238,138.5641758441925
47.31986165046692,21.877153396606445,40.119030237197876,10.911175727844238,120.22722101211548
43.6307258605957,21.877153396606445,40.119030237197876,10.911175727844238,116.53808522224426
43.6307258605957,21.877153396606445,40.119030237197876,10.911175727844238,116.53808522224426
43.6307258605957,21.877153396606445,40.119030237197876,10.911175727844238,116.53808522224426
65.10218620300293,21.877153396606445,40.119030237197876,10.911175727844238,138.0095455646515
43.27473831176758,21.877153396606445,40.119030237197876,10.911175727844238,116.18209767341614
43.27473831176758,21.877153396606445,40.119030237197876,10.911175727844238,116.18209767341614
43.27473831176758,21.877153396606445,40.119030237197876,10.911175727844238,116.18209767341614
43.27473831176758,21.877153396606445,40.119030237197876,10.911175727844238,116.18209767341614
50.43318843841553,21.877153396606445,40.119030237197876,10.911175727844238,123.34054780006409
50.43318843841553,21.877153396606445,40.119030237197876,10.911175727844238,123.34054780006409
50.43318843841553,21.877153396606445,40.119030237197876,10.911175727844238,123.34054780006409
54.13318848609924,0.0,40.119030237197876,10.911175727844238,105.16339445114136
54.13318848609924,0.0,40.119030237197876,10.911175727844238,105.16339445114136
54.13318848609924,0.0,40.119030237197876,10.911175727844238,105.16339445114136
54.17712616920471,0.0,40.119030237197876,10.911175727844238,105.20733213424683
54.17712616920471,0.0,40.119030237197876,10.911175727844238,105.20733213424683
54.17712616920471,0.0,40.119030237197876,10.911175727844238,105.20733213424683
54.17712616920471,0.0,18.267900705337524,0.0,72.44502687454224
54.17712616920471,0.0,18.267900705337524,0.0,72.44502687454224
54.17712616920471,0.0,18.267900705337524,0.0,72.44502687454224
61.060415506362915,0.0,18.267900705337524,0.0,79.32831621170044
61.060415506362915,0.0,7.351261377334595,10.940910339355469,79.35258722305298
71.95092129707336,0.0,7.351261377334595,10.940910339355469,90.24309301376343
71.95092129707336,0.0,7.351261377334595,21.844358444213867,101.14654111862183
71.95092129707336,20.563657760620117,7.351261377334595,21.844358444213867,121.71019887924194
68.74504566192627,20.563657760620117,18.161962747573853,21.844358444213867,129.3150246143341
68.74504566192627,20.563657760620117,40.10591149330139,21.844358444213867,151.25897336006165
47.27358531951904,20.563657760620117,40.10591149330139,21.844358444213867,129.78751301765442
47.27358531951904,20.563657760620117,50.71180272102356,54.25595474243164,172.80500054359436
47.27358531951904,20.563657760620117,78.386563539505,65.21368598937988,211.43749260902405
58.04995346069336,20.563657760620117,78.386563539505,65.21368598937988,222.21386075019836
68.748215675354,20.563657760620117,78.386563539505,65.21368598937988,232.912122964859
68.748215675354,20.563657760620117,78.386563539505,76.13664817810059,243.8350851535797
68.748215675354,20.563657760620117,78.386563539505,199.81940364837646,367.5178406238556
79.64666938781738,20.563657760620117,61.54171109199524,199.81940364837646,361.5714418888092
79.64666938781738,41.545894622802734,61.54171109199524,199.81940364837646,382.5536787509918
79.64666938781738,62.43821716308594,61.54171109199524,310.6556615829468,514.2822592258453
79.64666938781738,62.43821716308594,57.86956310272217,331.7241678237915,531.678617477417
79.64666938781738,41.87455940246582,57.86956310272217,218.72815799713135,398.1189498901367
90.58453464508057,41.87455940246582,78.76281452178955,218.72815799713135,429.9500665664673
90.58453464508057,41.87455940246582,78.76281452178955,218.72815799713135,429.9500665664673
90.58453464508057,41.87455940246582,78.76281452178955,107.89190006256104,319.113808631897
90.58453464508057,63.210670471191406,78.76281452178955,129.09825801849365,361.6562776565552
90.58453464508057,63.210670471191406,78.76281452178955,129.09825801849365,361.6562776565552
90.58453464508057,63.210670471191406,78.76281452178955,108.02975177764893,340.58777141571045
86.92411971092224,63.210670471191406,57.86956310272217,108.02975177764893,316.03410506248474
86.92411971092224,63.210670471191406,57.86956310272217,108.02975177764893,316.03410506248474
86.92411971092224,63.210670471191406,57.86956310272217,108.02975177764893,316.03410506248474
86.92411971092224,63.210670471191406,57.86956310272217,97.10678958892822,305.11114287376404
97.85078120231628,63.210670471191406,47.03965473175049,117.37893581390381,325.480042219162
97.85078120231628,63.210670471191406,47.03965473175049,117.37893581390381,325.480042219162
97.85078120231628,63.210670471191406,47.03965473175049,117.37893581390381,325.480042219162
108.76813387870789,42.22843360900879,47.03965473175049,84.96733951568604,283.0035617351532
97.9319007396698,21.336111068725586,36.43376350402832,84.96733951568604,240.66911482810974
97.9319007396698,21.336111068725586,36.43376350402832,84.96733951568604,240.66911482810974
87.11980986595154,21.336111068725586,36.43376350402832,74.06389141082764,218.95357584953308
98.02069544792175,21.336111068725586,36.43376350402832,74.06389141082764,229.8544614315033
94.32069540023804,21.336111068725586,47.239291191101074,83.9120683670044,246.8081660270691
104.87274122238159,0.0,47.239291191101074,73.61302471160889,225.72505712509155
104.87274122238159,0.0,47.239291191101074,94.57168865203857,246.68372106552124
104.87274122238159,0.0,66.49310779571533,52.40090084075928,223.7667498588562
108.57274127006531,0.0,44.54915904998779,52.40090084075928,205.52280116081238
108.57274127006531,0.0,44.54915904998779,31.706409454345703,184.8283097743988
108.57274127006531,0.0,44.54915904998779,31.706409454345703,184.8283097743988
104.87581443786621,0.0,44.54915904998779,31.706409454345703,181.1313829421997
104.87581443786621,0.0,44.54915904998779,31.706409454345703,181.1313829421997
94.17755222320557,0.0,44.54915904998779,10.747745513916016,149.47445678710938
94.17755222320557,0.0,33.738457679748535,21.732565879821777,149.64857578277588
94.17755222320557,0.0,33.738457679748535,21.732565879821777,149.64857578277588
94.17755222320557,0.0,14.484641075134277,21.732565879821777,130.39475917816162
72.72705268859863,0.0,14.484641075134277,21.732565879821777,108.94425964355469
72.72705268859863,0.0,25.2947940826416,32.337921142578125,130.35976791381836
72.72705268859863,0.0,25.2947940826416,32.337921142578125,130.35976791381836
72.72705268859863,0.0,25.2947940826416,32.337921142578125,130.35976791381836
72.72705268859863,0.0,25.2947940826416,32.337921142578125,130.35976791381836
61.950684547424316,0.0,25.2947940826416,32.337921142578125,119.58339977264404
61.950684547424316,0.0,25.2947940826416,32.337921142578125,119.58339977264404
61.950684547424316,0.0,25.2947940826416,32.337921142578125,119.58339977264404
61.950684547424316,0.0,25.2947940826416,32.337921142578125,119.58339977264404
51.033331871032715,0.0,25.2947940826416,32.337921142578125,108.66604709625244
51.033331871032715,0.0,25.2947940826416,32.337921142578125,108.66604709625244
51.033331871032715,0.0,25.2947940826416,43.26315116882324,119.59127712249756
51.033331871032715,0.0,25.2947940826416,43.26315116882324,119.59127712249756
51.033331871032715,0.0,25.2947940826416,43.26315116882324,119.59127712249756
51.033331871032715,0.0,25.2947940826416,54.22445106506348,130.5525770187378
40.10667037963867,0.0,25.2947940826416,43.47670555114746,108.87817001342773
40.10667037963867,0.0,25.2947940826416,43.47670555114746,108.87817001342773
40.10667037963867,0.0,25.2947940826416,43.47670555114746,108.87817001342773
61.87879467010498,0.0,25.2947940826416,54.33924388885498,141.51283264160156
61.87879467010498,0.0,25.2947940826416,54.33924388885498,141.51283264160156
61.87879467010498,0.0,25.2947940826416,54.33924388885498,141.51283264160156
61.83923625946045,0.0,36.17012405395508,54.33924388885498,152.3486042022705
61.83923625946045,0.0,36.17012405395508,54.33924388885498,152.3486042022705
61.83923625946045,0.0,36.17012405395508,54.33924388885498,152.3486042022705
61.83923625946045,0.0,36.17012405395508,54.33924388885498,152.3486042022705
61.83923625946045,0.0,46.990952491760254,54.33924388885498,163.16943264007568
61.83923625946045,0.0,46.990952491760254,54.33924388885498,163.16943264007568
65.53355741500854,0.0,46.990952491760254,54.33924388885498,166.86375379562378
65.53355741500854,0.0,50.56301140785217,54.33924388885498,170.4358127117157
65.53355741500854,0.0,50.56301140785217,43.73388862609863,159.83045744895935
54.63267183303833,0.0,50.56301140785217,43.73388862609863,148.92957186698914
54.63267183303833,0.0,50.56301140785217,43.73388862609863,148.92957186698914
54.63267183303833,0.0,50.56301140785217,43.73388862609863,148.92957186698914
65.5918927192688,0.0,50.56301140785217,54.42452812194824,170.5794322490692
76.52714109420776,0.0,50.56301140785217,54.42452812194824,181.51468062400818
72.82714104652405,0.0,50.56301140785217,65.30104923248291,188.69120168685913
83.62252926826477,0.0,50.56301140785217,65.30104923248291,199.48658990859985
105.1023952960968,0.0,54.25436782836914,65.30104923248291,224.65781235694885
105.1023952960968,0.0,54.25436782836914,54.31622886657715,213.6729919910431
105.1023952960968,0.0,54.25436782836914,54.31622886657715,213.6729919910431
105.1023952960968,0.0,54.25436782836914,54.31622886657715,213.6729919910431
108.79378128051758,0.0,64.97906684875488,54.31622886657715,228.0890769958496
119.65643405914307,0.0,54.17353916168213,54.31622886657715,228.14620208740234
119.65643405914307,0.0,54.17353916168213,54.31622886657715,228.14620208740234
119.65643405914307,0.0,54.17353916168213,54.31622886657715,228.14620208740234
119.65643405914307,0.0,43.363386154174805,54.31622886657715,217.33604907989502
119.65643405914307,0.0,43.363386154174805,54.31622886657715,217.33604907989502
119.65643405914307,0.0,43.363386154174805,54.31622886657715,217.33604907989502
119.65643405914307,0.0,43.363386154174805,54.31622886657715,217.33604907989502
119.65643405914307,0.0,39.791327238082886,54.31622886657715,213.7639901638031
119.65643405914307,0.0,47.73305010795593,54.31622886657715,221.70571303367615
108.66856861114502,0.0,47.73305010795593,54.31622886657715,210.7178475856781
108.66856861114502,0.0,49.555479764938354,85.77834892272949,244.00239729881287
108.66856861114502,0.0,49.555479764938354,85.77834892272949,244.00239729881287
108.66856861114502,0.0,64.05800533294678,96.4730167388916,269.1995906829834
108.66856861114502,0.0,64.05800533294678,96.4730167388916,269.1995906829834
119.66645336151123,0.0,60.378891944885254,126.09516906738281,306.1405143737793
119.66645336151123,0.0,60.378891944885254,115.13386917114258,295.17921447753906
119.66645336151123,0.0,50.614739418029785,104.44322967529297,274.724422454834
119.66645336151123,0.0,61.37940692901611,104.44322967529297,285.4890899658203
130.65647506713867,0.0,83.05377674102783,104.44322967529297,318.1534814834595
105.49919533729553,0.0,83.05377674102783,104.40103816986084,292.9540102481842
116.4695770740509,0.0,94.0142469406128,115.22598648071289,325.7098104953766
116.4695770740509,0.0,94.0142469406128,75.8382568359375,286.3220808506012
116.4695770740509,0.0,94.0142469406128,75.8382568359375,286.3220808506012
116.4695770740509,0.0,94.0142469406128,75.8382568359375,286.3220808506012
105.67418885231018,0.0,94.0142469406128,75.8382568359375,275.5266926288605
94.82301163673401,0.0,94.0142469406128,97.27223777770996,286.10949635505676
94.82301163673401,0.0,104.89126491546631,97.27223777770996,296.9865143299103
94.82301163673401,0.0,104.89126491546631,97.27223777770996,296.9865143299103
94.82301163673401,0.0,104.89126491546631,97.27223777770996,296.9865143299103
94.82301163673401,0.0,104.89126491546631,108.243408203125,307.9576847553253
98.49171566963196,0.0,104.89126491546631,97.31817817687988,300.70115876197815
98.49171566963196,0.0,94.16656589508057,97.31817817687988,289.9764597415924
87.53249478340149,0.0,94.16656589508057,97.31817817687988,279.01723885536194
87.53249478340149,0.0,94.16656589508057,97.31817817687988,279.01723885536194
80.30095839500427,0.0,97.86656594276428,118.99818420410156,297.1657085418701
91.1303813457489,0.0,86.83511757850647,108.1216630935669,286.08716201782227
91.1303813457489,0.0,86.83511757850647,108.1216630935669,286.08716201782227
91.1303813457489,0.0,86.83511757850647,97.29671478271484,275.2622137069702
91.1303813457489,0.0,86.83511757850647,97.29671478271484,275.2622137069702
91.1303813457489,0.0,86.83511757850647,86.60204696655273,264.5675458908081
91.1303813457489,0.0,86.83511757850647,75.82886505126953,253.7943639755249
91.1303813457489,0.0,86.83511757850647,43.47152328491211,221.43702220916748
91.1303813457489,0.0,86.83511757850647,43.47152328491211,221.43702220916748
91.1303813457489,0.0,65.16074776649475,43.47152328491211,199.76265239715576
91.1303813457489,0.0,65.16074776649475,64.70891952514648,221.00004863739014
91.1303813457489,0.0,65.16074776649475,64.70891952514648,221.00004863739014
98.45294952392578,0.0,65.16074776649475,64.70891952514648,228.32261681556702
98.45294952392578,0.0,65.16074776649475,64.70891952514648,228.32261681556702
98.45294952392578,0.0,65.16074776649475,75.52787780761719,239.14157509803772
98.22442150115967,0.0,65.16074776649475,75.52787780761719,238.9130470752716
98.22442150115967,0.0,65.16074776649475,75.52787780761719,238.9130470752716
98.22442150115967,0.0,65.16074776649475,75.52787780761719,238.9130470752716
87.3534746170044,0.0,65.16074776649475,97.48179244995117,249.99601483345032
91.04004168510437,0.0,65.16074776649475,119.07401657104492,275.27480602264404
101.98192191123962,0.0,65.16074776649475,97.39401054382324,264.5366802215576
101.98192191123962,0.0,68.82151818275452,97.39401054382324,268.1974506378174
116.60366797447205,0.0,58.0076162815094,76.15661430358887,250.7678985595703
116.60366797447205,0.0,154.10111451148987,76.15661430358887,346.8613967895508
116.60366797447205,0.0,154.10111451148987,76.15661430358887,346.8613967895508
142.21269583702087,0.0,164.83177876472473,76.17671298980713,383.22118759155273
142.21269583702087,19.1650390625,267.0367920398712,87.16440200805664,515.5789289474487
142.21269583702087,19.1650390625,267.0367920398712,87.16440200805664,515.5789289474487
142.21269583702087,0.0,149.4015657901764,87.16440200805664,378.7786636352539
142.21269583702087,0.0,149.4015657901764,108.9830551147461,400.59731674194336
142.21269583702087,0.0,149.4015657901764,108.9830551147461,400.59731674194336
131.35004305839539,0.0,145.70156574249268,108.9830551147461,386.03466391563416
131.35004305839539,0.0,32.73188495635986,108.9830551147461,273.06498312950134
135.0328493118286,0.0,32.73188495635986,130.49908256530762,298.2638168334961
142.38772439956665,0.0,32.73188495635986,130.49908256530762,305.61869192123413
185.49334001541138,10.645209312438965,32.73188495635986,141.49908256530762,370.3695168495178
185.49334001541138,21.5526704788208,32.73188495635986,141.49908256530762,381.27697801589966
189.1933400630951,21.5526704788208,21.771414756774902,119.90685844421387,352.42428374290466
192.86845922470093,21.5526704788208,21.771414756774902,119.90685844421387,356.0994029045105
181.8784375190735,21.5526704788208,21.771414756774902,119.90685844421387,345.10938119888306
189.25192403793335,21.5526704788208,21.771414756774902,119.90685844421387,352.4828677177429
167.28365755081177,21.5526704788208,18.080058336257935,119.90685844421387,326.82324481010437
167.28365755081177,21.5526704788208,18.080058336257935,119.90685844421387,326.82324481010437
167.28365755081177,21.5526704788208,29.03565526008606,119.90685844421387,337.7788417339325
167.28365755081177,21.5526704788208,29.03565526008606,141.69639205932617,359.5683753490448
167.33741068840027,21.5526704788208,29.03565526008606,141.69639205932617,359.6221284866333
156.63069033622742,21.5526704788208,29.03565526008606,141.69639205932617,348.91540813446045
156.63069033622742,10.907461166381836,29.03565526008606,152.54597759246826,349.1197843551636
156.63069033622742,10.907461166381836,29.03565526008606,141.57480716705322,338.14861392974854
156.63069033622742,21.759042739868164,29.03565526008606,141.0168924331665,348.44228076934814
145.78722548484802,21.759042739868164,29.03565526008606,141.0168924331665,337.59881591796875
153.1658227443695,21.759042739868164,29.03565526008606,141.0168924331665,344.97741317749023
153.1658227443695,21.759042739868164,29.03565526008606,141.0168924331665,344.97741317749023
153.1658227443695,21.759042739868164,29.03565526008606,141.0168924331665,344.97741317749023
160.53259301185608,21.759042739868164,29.03565526008606,140.73937225341797,352.06666326522827
160.53259301185608,21.759042739868164,29.03565526008606,140.73937225341797,352.06666326522827
146.00317001342773,42.49859809875488,29.03565526008606,129.900315284729,347.4377386569977
146.00317001342773,63.03994941711426,29.03565526008606,108.21380519866943,346.2925798892975
167.91693878173828,63.03994941711426,29.03565526008606,86.69777774810791,346.6903212070465
189.33626747131348,84.92217826843262,29.03565526008606,75.67386817932129,378.96796917915344
189.33626747131348,102.21616172790527,29.03565526008606,75.67386817932129,396.2619526386261
193.01100206375122,102.21616172790527,29.03565526008606,64.8242826461792,389.08710169792175
203.82868242263794,113.04734516143799,18.304991006851196,53.871792793273926,389.05281138420105
182.40313386917114,113.04734516143799,18.304991006851196,53.871792793273926,367.62726283073425
182.40313386917114,95.90258502960205,18.304991006851196,53.871792793273926,350.4825026988983
182.40313386917114,95.90258502960205,18.304991006851196,53.871792793273926,350.4825026988983
193.24332857131958,138.9431734085083,18.304991006851196,42.871792793273926,393.363285779953
193.24332857131958,117.06094455718994,18.304991006851196,42.871792793273926,371.48105692863464
193.24332857131958,96.1721658706665,18.304991006851196,42.871792793273926,350.5922782421112
193.24332857131958,96.1721658706665,18.304991006851196,42.871792793273926,350.5922782421112
196.94197034835815,85.26470470428467,18.304991006851196,42.871792793273926,343.38345885276794
185.9990038871765,85.26470470428467,18.304991006851196,42.871792793273926,332.4404923915863
185.9990038871765,86.63001728057861,18.304991006851196,42.871792793273926,333.80580496788025
164.0749888420105,86.63001728057861,7.349394083023071,42.871792793273926,300.9261929988861
171.44709491729736,86.63001728057861,7.349394083023071,42.871792793273926,308.298299074173
171.44709491729736,97.56490135192871,7.349394083023071,42.871792793273926,319.23318314552307
171.44709491729736,119.32149124145508,7.349394083023071,42.871792793273926,340.98977303504944
174.99912643432617,119.32149124145508,7.349394083023071,42.871792793273926,344.54180455207825
174.99912643432617,119.32149124145508,7.349394083023071,42.871792793273926,344.54180455207825
178.68269109725952,119.32149124145508,7.349394083023071,42.871792793273926,348.2253692150116
178.68269109725952,119.32149124145508,7.349394083023071,42.871792793273926,348.2253692150116
192.7458004951477,119.32149124145508,11.044825315475464,21.47579288482666,344.5879099369049
192.7458004951477,140.57075691223145,21.922350645065308,21.47579288482666,376.7147009372711
192.7458004951477,119.10967254638672,21.922350645065308,21.47579288482666,355.2536165714264
189.58347940444946,97.5301685333252,21.922350645065308,21.47579288482666,330.5117914676666
196.9147753715515,118.72761631011963,21.922350645065308,32.451998710632324,370.0167410373688
196.9147753715515,118.72761631011963,43.30852389335632,32.451998710632324,391.4029142856598
178.68545389175415,118.72761631011963,43.30852389335632,43.28294086456299,384.0045349597931
178.68545389175415,96.82095241546631,54.260014295578,43.28294086456299,373.04936146736145
221.63607835769653,106.96881484985352,54.260014295578,32.57277202606201,415.43767952919006
200.21674966812134,128.53828048706055,54.260014295578,32.57277202606201,415.5878164768219
203.89691019058228,128.53828048706055,54.260014295578,32.57277202606201,419.26797699928284
203.89691019058228,128.53828048706055,54.260014295578,32.762173652648926,419.45737862586975
214.7270655632019,128.53828048706055,54.260014295578,32.762173652648926,430.2875339984894
226.0828812122345,128.53828048706055,65.16528010368347,32.762173652648926,452.54861545562744
226.0828812122345,128.53828048706055,65.16528010368347,32.762173652648926,452.54861545562744
229.35855269432068,117.70709705352783,65.16528010368347,32.762173652648926,444.9931035041809
229.35855269432068,96.80264472961426,65.16528010368347,32.762173652648926,424.08865118026733
243.96327686309814,96.43676090240479,65.16528010368347,32.762173652648926,438.3274915218353
243.96327686309814,97.09996604919434,172.28213953971863,32.762173652648926,546.10755610466
319.47894287109375,75.85070037841797,172.28213953971863,32.762173652648926,600.3739564418793
330.00952339172363,75.85070037841797,172.28213953971863,32.762173652648926,610.9045369625092
333.69389247894287,75.85070037841797,172.28213953971863,32.762173652648926,614.5889060497284
333.69389247894287,97.17395782470703,61.504509687423706,32.762173652648926,525.1345336437225
337.33487129211426,118.42788505554199,61.504509687423706,43.5180549621582,560.7853209972382
369.58435821533203,150.45578384399414,61.504509687423706,43.5180549621582,625.0627067089081
365.9483184814453,150.45578384399414,61.504509687423706,43.5180549621582,621.4266669750214
359.1641700267792,161.43623638153076,61.504509687423706,43.5180549621582,625.6229710578918
380.5717360973358,161.43623638153076,65.08266186714172,43.5180549621582,650.6086893081665
380.5717360973358,183.29713535308838,86.98433423042297,43.5180549621582,694.3712606430054
380.341988325119,183.29713535308838,86.98433423042297,43.5180549621582,694.1415128707886
391.1834304332733,183.29713535308838,86.98433423042297,65.22518348693848,726.6900835037231
390.9666917324066,183.29713535308838,86.98433423042297,65.22518348693848,726.4733448028564
423.64005732536316,194.00464344024658,86.98433423042297,76.04237937927246,780.6714143753052
427.32418727874756,172.68138599395752,65.59816098213196,86.71703720092773,752.3207714557648
427.32418727874756,162.19568824768066,65.59816098213196,86.71703720092773,741.8350737094879
427.32418727874756,162.19568824768066,62.02000880241394,86.71703720092773,738.2569215297699
449.1224422454834,162.19568824768066,62.02000880241394,86.71703720092773,760.0551764965057
492.72437381744385,119.37229537963867,62.02000880241394,86.71703720092773,760.8337152004242
522.0434556007385,108.43741130828857,62.02000880241394,112.100830078125,804.601705789566
554.954601764679,108.43741130828857,62.02000880241394,112.100830078125,837.5128519535065
594.3889274597168,108.43741130828857,62.02000880241394,97.71703720092773,862.563384771347
605.0589466094971,97.43741130828857,83.52093768119812,108.49533748626709,894.5126330852509
605.4026937484741,97.43741130828857,83.52093768119812,108.49533748626709,894.8563802242279
609.4063143730164,86.87436580657959,83.52093768119812,97.51913166046143,877.3207495212555
620.3272061347961,86.87436580657959,83.52093768119812,97.51913166046143,888.2416412830353
656.6002979278564,65.01346683502197,83.52093768119812,97.51913166046143,902.653834104538
656.6002979278564,86.634108543396,83.52093768119812,97.51913166046143,924.274475812912
671.2399764060974,75.634108543396,83.52093768119812,97.51913166046143,927.914154291153
707.0642673969269,75.634108543396,83.52093768119812,97.51913166046143,963.7384452819824
743.6707694530487,96.96943378448486,94.26080107688904,108.42261505126953,1043.3236193656921
776.1186244487762,96.96943378448486,83.3832757472992,108.42261505126953,1064.8939490318298
867.796181678772,96.96943378448486,83.3832757472992,108.42261505126953,1156.5715062618256
856.9872922897339,75.5045804977417,83.3832757472992,108.42261505126953,1124.2977635860443
882.659609079361,75.5045804977417,83.3832757472992,108.42261505126953,1149.9700803756714
932.9660379886627,53.93641948699951,72.43178534507751,108.42261505126953,1167.7568578720093
946.3833553791046,53.95596694946289,72.43178534507751,97.74795722961426,1170.5190649032593
993.601940870285,53.95596694946289,50.930856466293335,97.74795722961426,1196.2367215156555
997.5103693008423,64.9355878829956,50.930856466293335,97.74795722961426,1211.1247708797455
1026.5249752998352,64.9355878829956,50.930856466293335,76.04082870483398,1218.4322483539581
1023.3480842113495,64.9355878829956,50.930856466293335,76.04082870483398,1215.2553572654724
1019.8718123435974,64.9355878829956,50.930856466293335,65.04082870483398,1200.7790853977203
1088.4164326190948,64.9355878829956,47.24223279953003,76.04082870483398,1276.6350820064545
1113.6498737335205,43.60026264190674,25.34056043624878,76.04082870483398,1258.63152551651
1160.9666368961334,43.60026264190674,25.34056043624878,65.08580303192139,1294.9932630062103
1164.7449762821198,43.60026264190674,25.34056043624878,54.32992172241211,1288.0157210826874
1179.1046998500824,43.60026264190674,25.34056043624878,54.32992172241211,1302.37544465065
1200.594767332077,43.60026264190674,25.34056043624878,54.32992172241211,1323.8655121326447
1193.3113660812378,43.60026264190674,25.34056043624878,54.32992172241211,1316.5821108818054
1193.30433177948,32.60026264190674,14.43529462814331,54.446627616882324,1294.7865166664124
1215.0553398132324,32.60026264190674,14.43529462814331,54.446627616882324,1316.5375247001648
1241.0031988620758,32.60026264190674,14.43529462814331,43.446627616882324,1331.4853837490082
1277.542593717575,10.979620933532715,14.43529462814331,43.446627616882324,1346.4041368961334
1259.5370061397552,10.979620933532715,14.43529462814331,43.446627616882324,1328.3985493183136
1277.7345178127289,10.979620933532715,14.43529462814331,43.446627616882324,1346.5960609912872
1328.3421576023102,10.979620933532715,14.43529462814331,43.446627616882324,1397.2037007808685
1295.6601192951202,10.979620933532715,14.43529462814331,43.446627616882324,1364.5216624736786
1303.4709298610687,10.979620933532715,14.43529462814331,43.446627616882324,1372.332473039627
1318.1419010162354,10.979620933532715,14.43529462814331,43.446627616882324,1387.0034441947937
1361.5654382705688,10.979620933532715,14.43529462814331,43.446627616882324,1430.4269814491272
1390.7789795398712,32.949435234069824,14.43529462814331,43.446627616882324,1481.6103370189667
1368.0109255313873,32.949435234069824,14.43529462814331,43.446627616882324,1458.8422830104828
1375.1041057109833,32.949435234069824,14.43529462814331,43.446627616882324,1465.9354631900787
1400.4855799674988,43.73053169250488,14.43529462814331,32.62943172454834,1491.2808380126953
1411.2941460609436,43.73053169250488,14.43529462814331,32.62943172454834,1502.0894041061401
1432.9742741584778,43.73053169250488,35.89166975021362,32.62943172454834,1545.2259073257446
1451.2745804786682,43.73053169250488,46.828821659088135,32.62943172454834,1574.4633655548096
1462.4813141822815,43.73053169250488,57.70743989944458,32.62943172454834,1596.5487174987793
1451.3777072429657,43.73053169250488,57.70743989944458,32.62943172454834,1585.4451105594635
1481.3943490982056,32.75091075897217,57.70743989944458,32.62943172454834,1604.4821314811707
1535.0045528411865,32.75091075897217,57.70743989944458,21.851131439208984,1647.3140349388123
1618.8925354480743,32.75091075897217,46.96757650375366,21.851131439208984,1720.4621541500092
1636.9652886390686,43.57905292510986,46.96757650375366,21.851131439208984,1749.363049507141
1611.342483997345,43.57905292510986,46.96757650375366,21.851131439208984,1723.7402448654175
1622.3647017478943,43.57905292510986,46.96757650375366,21.851131439208984,1734.7624626159668
1633.196952342987,43.57905292510986,46.96757650375366,21.851131439208984,1745.5947132110596
1630.1172769069672,43.57905292510986,46.96757650375366,21.851131439208984,1742.5150377750397
1680.5796055793762,43.57905292510986,67.97929525375366,21.851131439208984,1813.9890851974487
1646.0176510810852,43.57905292510986,67.97929525375366,21.851131439208984,1779.4271306991577
1646.0176510810852,43.57905292510986,67.97929525375366,10.947648048400879,1768.5236473083496
1674.8729588985443,43.57905292510986,67.97929525375366,21.943175315856934,1808.3744823932648
1696.5372235774994,43.57905292510986,67.97929525375366,21.943175315856934,1830.0387470722198
1665.7275331020355,43.57905292510986,67.97929525375366,21.943175315856934,1799.229056596756
1676.1020276546478,43.57905292510986,67.97929525375366,21.943175315856934,1809.6035511493683
1636.1813337802887,43.57905292510986,67.97929525375366,21.943175315856934,1769.6828572750092
1657.5825579166412,43.57905292510986,67.97929525375366,21.943175315856934,1791.0840814113617
1643.062423467636,43.143433570861816,78.75730466842651,21.943175315856934,1786.9063370227814
1653.4177777767181,43.143433570861816,78.75730466842651,21.943175315856934,1797.2616913318634
1670.8814387321472,32.36233711242676,78.75730466842651,21.943175315856934,1803.9442558288574
1681.8154454231262,32.36233711242676,78.75730466842651,21.943175315856934,1814.8782625198364
1642.1660652160645,32.36233711242676,57.3009295463562,21.943175315856934,1753.7725071907043
1613.6506831645966,32.36233711242676,57.3009295463562,21.943175315856934,1725.2571251392365
1588.0647552013397,32.36233711242676,57.3009295463562,21.943175315856934,1699.6711971759796
1577.7729496955872,32.36233711242676,36.2892107963562,21.943175315856934,1668.367672920227
1613.9092111587524,32.36233711242676,36.2892107963562,21.943175315856934,1704.5039343833923
1639.6851143836975,32.36233711242676,36.2892107963562,21.943175315856934,1730.2798376083374
1697.5641264915466,32.36233711242676,36.2892107963562,21.943175315856934,1788.1588497161865
1708.8532736301422,32.36233711242676,36.2892107963562,21.943175315856934,1799.447996854782
1723.8450706005096,32.36233711242676,36.2892107963562,21.943175315856934,1814.4397938251495
1750.0509414672852,32.36233711242676,36.2892107963562,21.943175315856934,1840.645664691925
1753.5273652076721,53.477338790893555,36.2892107963562,21.943175315856934,1865.2370901107788
1721.0699009895325,53.477338790893555,36.2892107963562,21.943175315856934,1832.7796258926392
1702.7127475738525,53.477338790893555,36.2892107963562,21.943175315856934,1814.4224724769592
1677.400241136551,53.477338790893555,36.2892107963562,21.943175315856934,1789.1099660396576
1674.039645910263,53.477338790893555,47.182015895843506,10.995527267456055,1785.6945278644562
1666.6955049037933,53.477338790893555,47.182015895843506,21.889784812927246,1789.2446444034576
1717.6210327148438,53.477338790893555,47.182015895843506,21.889784812927246,1840.170172214508
1728.0955591201782,74.19311141967773,50.87169909477234,21.889784812927246,1875.0501544475555
1760.747522354126,52.65891647338867,39.993080854415894,21.889784812927246,1875.2893044948578
1753.9559059143066,52.65891647338867,39.993080854415894,21.889784812927246,1868.4976880550385
1722.1401586532593,52.65891647338867,39.993080854415894,21.889784812927246,1836.681940793991
1642.611269235611,52.65891647338867,39.993080854415894,21.889784812927246,1757.1530513763428
1673.1046447753906,52.65891647338867,36.2976496219635,21.889784812927246,1783.95099568367
1709.2255458831787,52.65891647338867,36.2976496219635,21.889784812927246,1820.0718967914581
1712.1179296970367,52.65891647338867,36.2976496219635,21.889784812927246,1822.9642806053162
1730.3538444042206,52.65891647338867,36.2976496219635,21.889784812927246,1841.2001953125
1687.723727941513,52.65891647338867,36.2976496219635,10.995527267456055,1787.6758213043213
1687.4204347133636,52.65891647338867,56.90486931800842,10.995527267456055,1807.9797477722168
1740.6348903179169,74.43765830993652,56.90486931800842,10.995527267456055,1882.9729452133179
1733.6848993301392,74.43765830993652,56.90486931800842,10.995527267456055,1876.0229542255402
1679.0558519363403,53.721885681152344,56.90486931800842,10.995527267456055,1800.6781342029572
1637.2559566497803,43.50429916381836,45.96771740913391,10.995527267456055,1737.7235004901886
1615.4670362472534,43.50429916381836,141.04790997505188,10.995527267456055,1811.0147726535797
1637.7478721141815,43.50429916381836,141.04790997505188,10.995527267456055,1833.2956085205078
1648.249728679657,54.324543952941895,141.04790997505188,10.995527267456055,1854.6177098751068
1594.656090259552,54.324543952941895,141.04790997505188,10.995527267456055,1801.0240714550018
1594.9639143943787,54.324543952941895,141.04790997505188,0.0,1790.3363683223724
1595.2244334220886,43.4964017868042,45.96771740913391,0.0,1684.6885526180267
1609.814607143402,43.4964017868042,45.96771740913391,0.0,1699.2787263393402
1602.776756286621,43.4964017868042,45.96771740913391,0.0,1692.2408754825592
1595.2347390651703,43.4964017868042,45.96771740913391,0.0,1684.6988582611084
1588.0511696338654,43.4964017868042,25.36049771308899,0.0,1656.9080691337585
1645.5795938968658,43.4964017868042,14.582488298416138,0.0,1703.6584839820862
1627.5288488864899,43.4964017868042,14.582488298416138,0.0,1685.6077389717102
1630.8287048339844,43.4964017868042,14.582488298416138,0.0,1688.9075949192047
1613.4478335380554,43.4964017868042,14.582488298416138,0.0,1671.5267236232758
1591.9648280143738,43.4964017868042,14.582488298416138,0.0,1650.0437180995941
1591.6636109352112,43.4964017868042,14.582488298416138,0.0,1649.7425010204315
1613.1912007331848,43.4964017868042,14.582488298416138,0.0,1671.2700908184052
1603.1080079078674,43.4964017868042,14.582488298416138,0.0,1661.1868979930878
1592.049166917801,64.88304805755615,14.582488298416138,0.0,1671.5147032737732
1574.335544347763,64.88304805755615,14.582488298416138,10.973710060119629,1664.774790763855
1527.08815908432,64.88304805755615,14.582488298416138,10.973710060119629,1617.527405500412
1530.7545020580292,43.1043062210083,14.582488298416138,10.973710060119629,1599.4150066375732
1527.2089755535126,43.1043062210083,14.582488298416138,10.973710060119629,1595.8694801330566
1480.145056962967,43.1043062210083,14.582488298416138,10.973710060119629,1548.805561542511
1480.2330057621002,43.1043062210083,14.582488298416138,10.973710060119629,1548.8935103416443
1487.2734248638153,43.1043062210083,14.582488298416138,10.973710060119629,1555.9339294433594
1429.7663085460663,43.1043062210083,14.582488298416138,10.973710060119629,1498.4268131256104
1379.3697543144226,43.1043062210083,14.582488298416138,10.973710060119629,1448.0302588939667
1346.7950568199158,43.1043062210083,14.582488298416138,10.973710060119629,1415.4555613994598
1364.661378145218,43.1043062210083,14.582488298416138,10.973710060119629,1433.321882724762
1371.9024317264557,64.6201524734497,14.582488298416138,10.973710060119629,1462.0787825584412
1360.6172230243683,64.6201524734497,14.582488298416138,10.973710060119629,1450.7935738563538
1378.6410386562347,64.6201524734497,3.689683198928833,10.973710060119629,1457.924584388733
1345.913376569748,64.6201524734497,3.689683198928833,10.973710060119629,1425.196922302246
1338.9622268676758,64.6201524734497,3.689683198928833,10.973710060119629,1418.245772600174
1328.4871129989624,64.6201524734497,3.689683198928833,10.973710060119629,1407.7706587314606
1306.6126289367676,64.6201524734497,3.689683198928833,10.973710060119629,1385.8961746692657
1306.7431421279907,64.6201524734497,3.689683198928833,10.973710060119629,1386.026687860489
1278.354956626892,64.6201524734497,3.689683198928833,21.96615219116211,1368.6309444904327
1267.349527835846,64.6201524734497,25.688227891921997,37.85953235626221,1395.5174405574799
1264.4863295555115,32.41326141357422,25.688227891921997,26.885822296142578,1349.4736411571503
1246.196798324585,54.17413902282715,25.688227891921997,26.885822296142578,1352.9449875354767
1260.2006356716156,54.17413902282715,25.688227891921997,10.99244213104248,1351.0554447174072
1293.9270980358124,54.17413902282715,25.688227891921997,10.99244213104248,1384.781907081604
1261.4132125377655,54.17413902282715,25.688227891921997,10.99244213104248,1352.2680215835571
1272.6203258037567,54.17413902282715,25.688227891921997,10.99244213104248,1363.4751348495483
1268.129332780838,54.17413902282715,25.688227891921997,10.99244213104248,1358.9841418266296
1271.5712430477142,54.17413902282715,25.688227891921997,10.99244213104248,1362.4260520935059
1281.9310166835785,54.17413902282715,47.396079301834106,10.99244213104248,1394.4936771392822
1300.1365103721619,54.17413902282715,47.396079301834106,10.99244213104248,1412.6991708278656
1296.5227375030518,54.17413902282715,47.396079301834106,10.99244213104248,1409.0853979587555
1271.1796340942383,54.17413902282715,58.246007204055786,10.99244213104248,1394.5922224521637
1267.4899852275848,54.17413902282715,58.246007204055786,10.99244213104248,1390.9025735855103
1249.8114845752716,54.17413902282715,58.246007204055786,10.99244213104248,1373.224072933197
1188.4290544986725,54.17413902282715,58.246007204055786,10.99244213104248,1311.841642856598
1184.8352220058441,43.276723861694336,58.246007204055786,10.99244213104248,1297.3503952026367
1184.8352220058441,43.276723861694336,58.246007204055786,10.99244213104248,1297.3503952026367
1181.1439318656921,43.276723861694336,58.246007204055786,10.99244213104248,1293.6591050624847
1213.7075724601746,43.276723861694336,58.246007204055786,10.99244213104248,1326.2227456569672
1195.3327615261078,43.276723861694336,58.246007204055786,10.99244213104248,1307.8479347229004
1191.642630815506,43.276723861694336,58.246007204055786,10.99244213104248,1304.1578040122986
1180.7745776176453,21.76087760925293,58.246007204055786,10.99244213104248,1271.7739045619965
1126.4331316947937,21.76087760925293,58.246007204055786,10.99244213104248,1217.432458639145
1111.997765302658,21.76087760925293,58.246007204055786,10.99244213104248,1202.9970922470093
1108.3247184753418,21.76087760925293,58.246007204055786,10.99244213104248,1199.324045419693
1108.7158794403076,21.76087760925293,58.246007204055786,10.99244213104248,1199.7152063846588
1086.7944030761719,21.76087760925293,58.246007204055786,10.99244213104248,1177.793730020523
1054.421290397644,21.76087760925293,58.246007204055786,10.99244213104248,1145.4206173419952
1050.5289204120636,21.76087760925293,58.246007204055786,10.99244213104248,1141.5282473564148
1050.4336245059967,21.76087760925293,58.246007204055786,10.99244213104248,1141.432951450348
1032.1534798145294,21.76087760925293,58.246007204055786,10.99244213104248,1123.1528067588806
1010.3768639564514,0.0,36.24746251106262,10.99244213104248,1057.6167685985565
1021.1635565757751,0.0,14.539611101150513,10.99244213104248,1046.6956098079681
1043.0110325813293,0.0,14.539611101150513,10.99244213104248,1068.5430858135223
1024.7520229816437,0.0,14.539611101150513,10.99244213104248,1050.2840762138367
1024.7520229816437,0.0,14.539611101150513,10.99244213104248,1050.2840762138367
970.8895637989044,0.0,25.50143837928772,10.99244213104248,1007.3834443092346
952.6742651462555,0.0,25.50143837928772,10.99244213104248,989.1681456565857
894.4133131504059,0.0,25.50143837928772,10.99244213104248,930.9071936607361
890.8048083782196,0.0,25.50143837928772,10.99244213104248,927.2986888885498
912.244124174118,0.0,25.50143837928772,21.941472053527832,959.6870346069336
897.5744576454163,0.0,25.50143837928772,21.941472053527832,945.0173680782318
882.8748342990875,0.0,25.50143837928772,10.949029922485352,919.3253026008606
861.083696603775,0.0,25.50143837928772,10.949029922485352,897.5341649055481
824.6338424682617,0.0,25.50143837928772,10.949029922485352,861.0843107700348
817.2534651756287,0.0,25.50143837928772,10.949029922485352,853.7039334774017
809.5822739601135,0.0,25.50143837928772,10.949029922485352,846.0327422618866
809.1020083427429,0.0,25.50143837928772,10.949029922485352,845.552476644516
809.0922214984894,0.0,25.50143837928772,10.949029922485352,845.5426898002625
794.82297539711,0.0,36.3655321598053,10.949029922485352,842.1375374794006
816.7017738819122,0.0,36.3655321598053,10.949029922485352,864.0163359642029
805.7768318653107,0.0,36.3655321598053,10.949029922485352,853.0913939476013
776.8006918430328,0.0,36.3655321598053,10.949029922485352,824.1152539253235
776.8006918430328,0.0,36.3655321598053,10.949029922485352,824.1152539253235
787.6736576557159,0.0,36.3655321598053,10.949029922485352,834.9882197380066
773.1130888462067,0.0,36.3655321598053,10.949029922485352,820.4276509284973
769.4267554283142,0.0,36.3655321598053,10.949029922485352,816.7413175106049
769.477963924408,0.0,36.3655321598053,10.949029922485352,816.7925260066986
780.2214570045471,0.0,25.40370488166809,10.949029922485352,816.5741918087006
812.3883900642395,0.0,14.553776979446411,10.949029922485352,837.8911969661713
801.5328001976013,0.0,14.553776979446411,10.949029922485352,827.0356070995331
819.7042987346649,0.0,14.553776979446411,10.949029922485352,845.2071056365967
819.7042987346649,0.0,14.553776979446411,10.949029922485352,845.2071056365967
808.7206952571869,0.0,14.553776979446411,10.949029922485352,834.2235021591187
797.7867858409882,0.0,14.553776979446411,10.949029922485352,823.2895927429199
797.7867858409882,0.0,25.52261185646057,10.949029922485352,834.2584276199341
765.5051429271698,0.0,25.52261185646057,10.949029922485352,801.9767847061157
776.3381011486053,0.0,25.52261185646057,10.949029922485352,812.8097429275513
765.5034565925598,0.0,25.52261185646057,10.949029922485352,801.9750983715057
725.4109756946564,0.0,25.52261185646057,10.949029922485352,761.8826174736023
700.7411241531372,0.0,25.52261185646057,10.949029922485352,737.2127659320831
667.9581995010376,0.0,25.52261185646057,10.949029922485352,704.4298412799835
667.9581995010376,0.0,25.52261185646057,10.949029922485352,704.4298412799835
668.0030326843262,0.0,25.52261185646057,10.949029922485352,704.4746744632721
671.3596189022064,0.0,25.52261185646057,10.949029922485352,707.8312606811523
675.045393705368,0.0,25.52261185646057,10.949029922485352,711.517035484314
675.045393705368,0.0,25.52261185646057,10.949029922485352,711.517035484314
649.6250801086426,0.0,25.52261185646057,10.949029922485352,686.0967218875885
627.7075872421265,0.0,25.52261185646057,10.949029922485352,664.1792290210724
602.2777795791626,0.0,25.52261185646057,10.949029922485352,638.7494213581085
623.3361623287201,0.0,25.52261185646057,10.949029922485352,659.807804107666
608.8777270317078,0.0,25.52261185646057,10.949029922485352,645.3493688106537
598.0290751457214,0.0,25.52261185646057,10.949029922485352,634.5007169246674
557.803165435791,0.0,25.52261185646057,10.949029922485352,594.2748072147369
536.199872970581,0.0,25.52261185646057,10.949029922485352,572.671514749527
532.5205543041229,0.0,25.52261185646057,10.949029922485352,568.9921960830688
510.7185409069061,0.0,25.52261185646057,10.949029922485352,547.190182685852
517.8336298465729,0.0,25.52261185646057,10.949029922485352,554.3052716255188
496.5144274234772,0.0,25.52261185646057,10.949029922485352,532.9860692024231
471.1219871044159,0.0,25.52261185646057,10.949029922485352,507.5936288833618
467.42695593833923,0.0,25.52261185646057,32.79842948913574,525.7479972839355
467.42695593833923,0.0,25.52261185646057,32.79842948913574,525.7479972839355
452.9382083415985,0.0,25.52261185646057,32.79842948913574,511.2592496871948
463.7681748867035,0.0,25.52261185646057,32.79842948913574,522.0892162322998
460.0643711090088,0.0,25.52261185646057,32.79842948913574,518.3854124546051
456.365047454834,0.0,25.52261185646057,43.74801445007324,525.6356737613678
452.66768407821655,0.0,25.52261185646057,43.74801445007324,521.9383103847504
438.0393190383911,0.0,25.52261185646057,43.74801445007324,507.3099453449249
434.37364435195923,0.0,25.52261185646057,43.74801445007324,503.64427065849304
445.34609365463257,0.0,25.52261185646057,43.74801445007324,514.6167199611664
445.34609365463257,0.0,25.52261185646057,43.74801445007324,514.6167199611664
434.27631402015686,0.0,25.52261185646057,32.79898452758789,492.5979104042053
430.5775475502014,0.0,25.52261185646057,32.79898452758789,488.8991439342499
416.04188203811646,0.0,25.52261185646057,32.79898452758789,474.3634784221649
415.73117899894714,0.0,25.52261185646057,32.79898452758789,474.0527753829956
412.0470802783966,0.0,25.52261185646057,32.79898452758789,470.36867666244507
408.37015414237976,0.0,25.52261185646057,32.79898452758789,466.6917505264282
422.88804483413696,0.0,10.864093780517578,32.79898452758789,466.55112314224243
397.47173285484314,0.0,0.0,32.79898452758789,430.27071738243103
397.47173285484314,0.0,0.0,32.79898452758789,430.27071738243103
354.4052948951721,0.0,10.804097175598145,32.79898452758789,398.00837659835815
353.8841197490692,0.0,10.804097175598145,32.79898452758789,397.48720145225525
328.42542910575867,0.0,10.804097175598145,32.79898452758789,372.0285108089447
317.3586070537567,0.0,10.804097175598145,32.79898452758789,360.96168875694275
306.56765723228455,0.0,10.804097175598145,32.79898452758789,350.1707389354706
284.6752898693085,0.0,10.804097175598145,32.79898452758789,328.2783715724945
270.1754822731018,0.0,10.804097175598145,32.79898452758789,313.77856397628784
270.1754822731018,0.0,0.0,32.79898452758789,302.9744668006897
270.1754822731018,0.0,0.0,32.79898452758789,302.9744668006897
270.4220223426819,0.0,0.0,32.79898452758789,303.2210068702698
274.1033470630646,0.0,0.0,32.79898452758789,306.90233159065247
285.0652849674225,0.0,0.0,32.79898452758789,317.8642694950104
274.22367691993713,0.0,0.0,32.79898452758789,307.022661447525
281.5141816139221,0.0,0.0,32.79898452758789,314.31316614151
270.7355389595032,0.0,0.0,10.9495849609375,281.6851239204407
267.05168652534485,0.0,0.0,10.9495849609375,278.00127148628235
278.00560307502747,0.0,0.0,10.9495849609375,288.95518803596497
278.00560307502747,0.0,0.0,10.9495849609375,288.95518803596497
263.3988974094391,0.0,0.0,10.9495849609375,274.3484823703766
263.3988974094391,0.0,0.0,10.9495849609375,274.3484823703766
252.57872700691223,0.0,0.0,10.9495849609375,263.52831196784973
252.57872700691223,0.0,0.0,10.9495849609375,263.52831196784973
263.4790451526642,0.0,0.0,10.9495849609375,274.4286301136017
248.9561698436737,0.0,0.0,10.9495849609375,259.9057548046112
248.9561698436737,0.0,0.0,10.9495849609375,259.9057548046112
238.397878408432,0.0,0.0,10.9495849609375,249.3474633693695
234.71732783317566,0.0,0.0,10.9495849609375,245.66691279411316
234.71732783317566,0.0,0.0,21.93624973297119,256.65357756614685
227.34446120262146,0.0,0.0,21.93624973297119,249.28071093559265
238.17182612419128,0.0,0.0,21.93624973297119,260.1080758571625
238.17182612419128,0.0,0.0,21.93624973297119,260.1080758571625
238.14622354507446,0.0,0.0,21.93624973297119,260.08247327804565
238.14622354507446,0.0,0.0,21.93624973297119,260.08247327804565
252.6794879436493,0.0,0.0,21.93624973297119,274.6157376766205
270.26108860969543,0.0,0.0,21.93624973297119,292.1973383426666
266.57585883140564,0.0,0.0,42.9076509475708,309.48350977897644
262.8832938671112,0.0,0.0,42.9076509475708,305.790944814682
251.94494795799255,0.0,0.0,42.9076509475708,294.85259890556335
251.94494795799255,0.0,0.0,42.9076509475708,294.85259890556335
248.2470681667328,0.0,0.0,42.9076509475708,291.1547191143036
248.2470681667328,0.0,0.0,31.9580659866333,280.2051341533661
248.2470681667328,0.0,0.0,31.9580659866333,280.2051341533661
233.83712124824524,0.0,0.0,31.9580659866333,265.79518723487854
230.15556573867798,0.0,0.0,10.986664772033691,241.14223051071167
230.157151222229,0.0,0.0,10.986664772033691,241.1438159942627
244.84392595291138,0.0,0.0,10.986664772033691,255.83059072494507
244.84392595291138,0.0,0.0,10.986664772033691,255.83059072494507
244.84392595291138,0.0,0.0,10.986664772033691,255.83059072494507
248.53664565086365,0.0,0.0,10.986664772033691,259.52331042289734
248.53664565086365,0.0,0.0,10.986664772033691,259.52331042289734
248.53664565086365,0.0,0.0,10.986664772033691,259.52331042289734
248.53664565086365,0.0,0.0,10.986664772033691,259.52331042289734
259.394704580307,0.0,0.0,10.986664772033691,270.3813693523407
266.7065887451172,0.0,0.0,10.986664772033691,277.6932535171509
266.7065887451172,0.0,0.0,10.986664772033691,277.6932535171509
266.7065887451172,0.0,0.0,10.986664772033691,277.6932535171509
241.81036591529846,0.0,0.0,10.986664772033691,252.79703068733215
249.0218152999878,0.0,0.0,10.986664772033691,260.0084800720215
270.44995403289795,0.0,0.0,10.986664772033691,281.43661880493164
270.44995403289795,0.0,0.0,10.986664772033691,281.43661880493164
273.89772057533264,0.0,0.0,10.986664772033691,284.88438534736633
284.72478890419006,0.0,0.0,10.986664772033691,295.71145367622375
270.1612138748169,0.0,0.0,10.986664772033691,281.1478786468506
270.1612138748169,0.0,0.0,10.986664772033691,281.1478786468506
266.4822745323181,0.0,0.0,10.986664772033691,277.4689393043518
277.3500018119812,0.0,0.0,10.986664772033691,288.3366665840149
259.0047378540039,0.0,0.0,10.986664772033691,269.9914026260376
259.0047378540039,0.0,0.0,10.986664772033691,269.9914026260376
247.95278930664062,0.0,0.0,10.986664772033691,258.9394540786743
240.57153487205505,0.0,0.0,10.986664772033691,251.55819964408875
251.51918959617615,0.0,0.0,10.986664772033691,262.50585436820984
247.87165570259094,0.0,0.0,10.986664772033691,258.85832047462463
258.7211048603058,0.0,0.0,10.986664772033691,269.7077696323395
258.7211048603058,0.0,0.0,10.986664772033691,269.7077696323395
258.7211048603058,0.0,0.0,10.986664772033691,269.7077696323395
258.7219536304474,0.0,0.0,10.986664772033691,269.7086184024811
276.30537581443787,0.0,0.0,10.986664772033691,287.29204058647156
268.6149387359619,0.0,0.0,10.986664772033691,279.6016035079956
279.5187244415283,0.0,0.0,10.986664772033691,290.505389213562
279.5187244415283,0.0,0.0,0.0,279.5187244415283
279.5187244415283,0.0,0.0,0.0,279.5187244415283
311.2233066558838,0.0,0.0,0.0,311.2233066558838
332.52039909362793,0.0,0.0,0.0,332.52039909362793
332.52039909362793,0.0,0.0,0.0,332.52039909362793
332.52039909362793,0.0,0.0,0.0,332.52039909362793
328.84381437301636,0.0,0.0,0.0,328.84381437301636
328.84381437301636,0.0,0.0,0.0,328.84381437301636
328.84381437301636,0.0,0.0,0.0,328.84381437301636
328.84381437301636,0.0,0.0,0.0,328.84381437301636
328.84381437301636,0.0,0.0,0.0,328.84381437301636
328.84381437301636,0.0,0.0,0.0,328.84381437301636
296.5729842185974,0.0,0.0,0.0,296.5729842185974
285.7456192970276,0.0,0.0,0.0,285.7456192970276
274.7472891807556,0.0,0.0,0.0,274.7472891807556
274.7472891807556,0.0,0.0,0.0,274.7472891807556
263.87956190109253,0.0,0.0,0.0,263.87956190109253
263.87956190109253,0.0,0.0,0.0,263.87956190109253
231.41049337387085,0.0,0.0,0.0,231.41049337387085
231.41049337387085,0.0,0.0,0.0,231.41049337387085
220.49773359298706,0.0,0.0,0.0,220.49773359298706
217.18226432800293,0.0,0.0,0.0,217.18226432800293
217.18226432800293,0.0,0.0,0.0,217.18226432800293
206.35429000854492,0.0,0.0,0.0,206.35429000854492
228.22740745544434,0.0,3.675321340560913,0.0,231.90272879600525
206.95062446594238,0.0,3.675321340560913,0.0,210.6259458065033
203.2624373435974,0.0,3.675321340560913,0.0,206.93775868415833
203.2624373435974,0.0,3.675321340560913,0.0,206.93775868415833
199.57696294784546,0.0,3.675321340560913,0.0,203.25228428840637
210.44105577468872,0.0,3.675321340560913,0.0,214.11637711524963
213.98248434066772,0.0,3.675321340560913,0.0,217.65780568122864
192.68539190292358,0.0,3.675321340560913,0.0,196.3607132434845
192.68539190292358,0.0,3.675321340560913,0.0,196.3607132434845
192.68539190292358,0.0,3.675321340560913,0.0,196.3607132434845
181.78267621994019,0.0,3.675321340560913,0.0,185.4579975605011
180.89204454421997,0.0,3.675321340560913,0.0,184.56736588478088
180.89204454421997,0.0,3.675321340560913,0.0,184.56736588478088
180.89204454421997,0.0,3.675321340560913,0.0,184.56736588478088
166.44033122062683,0.0,3.675321340560913,0.0,170.11565256118774
166.44033122062683,0.0,3.675321340560913,0.0,170.11565256118774
166.35103106498718,0.0,3.675321340560913,0.0,170.0263524055481
166.35103106498718,0.0,3.675321340560913,0.0,170.0263524055481
162.66205978393555,0.0,3.675321340560913,0.0,166.33738112449646
162.66205978393555,0.0,3.675321340560913,0.0,166.33738112449646
162.66205978393555,0.0,3.675321340560913,0.0,166.33738112449646
158.9857771396637,0.0,3.675321340560913,0.0,162.6610984802246
158.9857771396637,0.0,3.675321340560913,0.0,162.6610984802246
138.07238698005676,0.0,3.675321340560913,0.0,141.74770832061768
138.07238698005676,0.0,3.675321340560913,0.0,141.74770832061768
116.8083107471466,0.0,3.675321340560913,0.0,120.48363208770752
113.13444781303406,0.0,3.675321340560913,0.0,116.80976915359497
109.4418535232544,0.0,3.675321340560913,0.0,113.11717486381531
109.4418535232544,0.0,3.675321340560913,0.0,113.11717486381531
87.56873607635498,0.0,3.675321340560913,0.0,91.2440574169159
97.77266120910645,0.0,3.675321340560913,0.0,101.44798254966736
97.77266120910645,0.0,3.675321340560913,0.0,101.44798254966736
97.77266120910645,0.0,3.675321340560913,0.0,101.44798254966736
97.77266120910645,0.0,3.675321340560913,0.0,101.44798254966736
86.86887550354004,0.0,3.675321340560913,0.0,90.54419684410095
86.86887550354004,0.0,3.675321340560913,0.0,90.54419684410095
86.86887550354004,0.0,3.675321340560913,0.0,90.54419684410095
86.86887550354004,0.0,3.675321340560913,0.0,90.54419684410095
76.0466480255127,0.0,3.675321340560913,0.0,79.72196936607361
86.99991512298584,0.0,3.675321340560913,0.0,90.67523646354675
86.99991512298584,0.0,3.675321340560913,0.0,90.67523646354675
128.97326374053955,0.0,3.675321340560913,0.0,132.64858508110046
118.76933860778809,0.0,3.675321340560913,0.0,122.444659948349
118.76933860778809,0.0,3.675321340560913,0.0,122.444659948349
118.76933860778809,0.0,3.675321340560913,0.0,122.444659948349
118.76933860778809,0.0,3.675321340560913,0.0,122.444659948349
122.42855787277222,0.0,3.675321340560913,0.0,126.10387921333313
129.29773831367493,0.0,3.675321340560913,0.0,132.97305965423584
140.16075444221497,0.0,3.675321340560913,0.0,143.83607578277588
140.16075444221497,0.0,3.675321340560913,0.0,143.83607578277588
136.47942972183228,0.0,3.675321340560913,0.0,140.1547510623932
136.47942972183228,0.0,3.675321340560913,0.0,140.1547510623932
136.47942972183228,0.0,3.675321340560913,0.0,140.1547510623932
136.47942972183228,0.0,3.675321340560913,0.0,140.1547510623932
136.47942972183228,0.0,3.675321340560913,0.0,140.1547510623932
136.47942972183228,0.0,3.675321340560913,0.0,140.1547510623932
115.53857278823853,0.0,3.675321340560913,0.0,119.21389412879944
115.53857278823853,0.0,3.675321340560913,0.0,119.21389412879944
111.84427309036255,0.0,3.675321340560913,0.0,115.51959443092346
97.5889482498169,0.0,3.675321340560913,0.0,101.26426959037781
97.5889482498169,0.0,3.675321340560913,0.0,101.26426959037781
86.72485542297363,0.0,3.675321340560913,0.0,90.40017676353455
83.03854274749756,0.0,3.675321340560913,0.0,86.71386408805847
62.0060510635376,0.0,3.675321340560913,0.0,65.68137240409851
51.082496643066406,0.0,3.675321340560913,0.0,54.75781798362732
51.082496643066406,0.0,3.675321340560913,0.0,54.75781798362732
47.391923666000366,0.0,3.675321340560913,0.0,51.06724500656128
36.53356909751892,0.0,3.675321340560913,0.0,40.208890438079834
36.53356909751892,0.0,3.675321340560913,0.0,40.208890438079834
36.53356909751892,0.0,3.675321340560913,0.0,40.208890438079834
36.53356909751892,0.0,3.675321340560913,0.0,40.208890438079834
36.53356909751892,0.0,3.675321340560913,0.0,40.208890438079834
36.53356909751892,0.0,3.675321340560913,0.0,40.208890438079834
36.53356909751892,0.0,3.675321340560913,0.0,40.208890438079834
36.53356909751892,0.0,3.675321340560913,0.0,40.208890438079834
40.23356914520264,0.0,3.675321340560913,0.0,43.90889048576355
40.23356914520264,0.0,3.675321340560913,0.0,43.90889048576355
40.23356914520264,0.0,3.675321340560913,0.0,43.90889048576355
40.23356914520264,0.0,3.675321340560913,0.0,43.90889048576355
40.23356914520264,0.0,3.675321340560913,0.0,43.90889048576355
40.23356914520264,0.0,3.675321340560913,0.0,43.90889048576355
40.23356914520264,0.0,14.667463064193726,0.0,54.90103220939636
40.23356914520264,0.0,14.667463064193726,0.0,54.90103220939636
40.23356914520264,0.0,14.667463064193726,0.0,54.90103220939636
40.23356914520264,0.0,14.667463064193726,0.0,54.90103220939636
40.23356914520264,0.0,14.667463064193726,0.0,54.90103220939636
40.23356914520264,0.0,14.667463064193726,0.0,54.90103220939636
40.23356914520264,0.0,14.667463064193726,0.0,54.90103220939636
29.280302047729492,0.0,14.667463064193726,0.0,43.94776511192322
29.280302047729492,0.0,14.667463064193726,0.0,43.94776511192322
29.280302047729492,0.0,14.667463064193726,0.0,43.94776511192322
29.280302047729492,0.0,14.667463064193726,0.0,43.94776511192322
18.417285919189453,0.0,14.667463064193726,0.0,33.08474898338318
18.417285919189453,0.0,14.667463064193726,0.0,33.08474898338318
18.417285919189453,0.0,14.667463064193726,0.0,33.08474898338318
18.417285919189453,0.0,14.667463064193726,0.0,33.08474898338318
18.417285919189453,0.0,14.667463064193726,0.0,33.08474898338318
18.417285919189453,0.0,14.667463064193726,0.0,33.08474898338318
18.417285919189453,0.0,14.667463064193726,0.0,33.08474898338318
18.417285919189453,0.0,14.667463064193726,0.0,33.08474898338318
18.417285919189453,0.0,14.667463064193726,0.0,33.08474898338318
18.417285919189453,0.0,14.667463064193726,0.0,33.08474898338318
18.417285919189453,0.0,14.667463064193726,0.0,33.08474898338318
14.728841304779053,0.0,14.667463064193726,0.0,29.39630436897278
14.728841304779053,0.0,14.667463064193726,0.0,29.39630436897278
14.728841304779053,0.0,14.667463064193726,0.0,29.39630436897278
14.728841304779053,0.0,14.667463064193726,0.0,29.39630436897278
14.728841304779053,0.0,14.667463064193726,0.0,29.39630436897278
14.728841304779053,0.0,14.667463064193726,0.0,29.39630436897278
14.728841304779053,0.0,14.667463064193726,0.0,29.39630436897278
14.728841304779053,0.0,14.667463064193726,0.0,29.39630436897278
14.728841304779053,0.0,14.667463064193726,0.0,29.39630436897278
14.728841304779053,0.0,14.667463064193726,0.0,29.39630436897278
14.728841304779053,0.0,14.667463064193726,0.0,29.39630436897278
14.728841304779053,0.0,14.667463064193726,0.0,29.39630436897278
14.728841304779053,0.0,14.667463064193726,0.0,29.39630436897278
14.728841304779053,0.0,14.667463064193726,0.0,29.39630436897278
14.728841304779053,0.0,14.667463064193726,0.0,29.39630436897278
14.728841304779053,0.0,14.667463064193726,0.0,29.39630436897278
14.728841304779053,0.0,14.667463064193726,0.0,29.39630436897278
14.728841304779053,0.0,14.667463064193726,0.0,29.39630436897278
14.728841304779053,0.0,25.64237380027771,0.0,40.37121510505676
14.728841304779053,0.0,25.64237380027771,0.0,40.37121510505676
14.728841304779053,0.0,25.64237380027771,0.0,40.37121510505676
14.728841304779053,0.0,25.64237380027771,0.0,40.37121510505676
14.728841304779053,0.0,25.64237380027771,0.0,40.37121510505676
14.728841304779053,0.0,25.64237380027771,0.0,40.37121510505676
14.728841304779053,0.0,25.64237380027771,0.0,40.37121510505676
14.728841304779053,0.0,25.64237380027771,0.0,40.37121510505676
14.728841304779053,0.0,21.967052459716797,0.0,36.69589376449585
14.728841304779053,0.0,21.967052459716797,0.0,36.69589376449585
14.728841304779053,0.0,21.967052459716797,0.0,36.69589376449585
14.728841304779053,0.0,21.967052459716797,0.0,36.69589376449585
14.728841304779053,0.0,21.967052459716797,0.0,36.69589376449585
14.728841304779053,0.0,21.967052459716797,0.0,36.69589376449585
14.728841304779053,0.0,21.967052459716797,0.0,36.69589376449585
18.41165781021118,0.0,21.967052459716797,0.0,40.37871026992798
11.062679529190063,0.0,41.36434555053711,0.0,52.42702507972717
11.062679529190063,0.0,41.36434555053711,0.0,52.42702507972717
11.062679529190063,0.0,41.36434555053711,0.0,52.42702507972717
11.062679529190063,0.0,41.36434555053711,0.0,52.42702507972717
11.062679529190063,0.0,41.36434555053711,0.0,52.42702507972717
11.062679529190063,0.0,30.372203826904297,0.0,41.43488335609436
11.062679529190063,0.0,30.372203826904297,0.0,41.43488335609436
11.062679529190063,0.0,30.372203826904297,0.0,41.43488335609436
11.062679529190063,0.0,10.974910736083984,0.0,22.037590265274048
11.062679529190063,0.0,10.974910736083984,0.0,22.037590265274048
11.062679529190063,0.0,10.974910736083984,0.0,22.037590265274048
11.062679529190063,0.0,10.974910736083984,0.0,22.037590265274048
11.062679529190063,0.0,10.974910736083984,0.0,22.037590265274048
7.382816553115845,0.0,10.974910736083984,0.0,18.35772728919983
7.382816553115845,0.0,10.974910736083984,0.0,18.35772728919983
7.382816553115845,0.0,10.974910736083984,0.0,18.35772728919983
7.382816553115845,0.0,10.974910736083984,0.0,18.35772728919983
7.382816553115845,0.0,10.974910736083984,0.0,18.35772728919983
7.382816553115845,0.0,10.974910736083984,0.0,18.35772728919983
7.382816553115845,0.0,10.974910736083984,0.0,18.35772728919983
7.382816553115845,0.0,10.974910736083984,0.0,18.35772728919983
7.382816553115845,0.0,10.974910736083984,0.0,18.35772728919983
7.382816553115845,0.0,10.974910736083984,0.0,18.35772728919983
7.382816553115845,0.0,10.974910736083984,0.0,18.35772728919983
7.382816553115845,0.0,10.974910736083984,0.0,18.35772728919983
7.382816553115845,0.0,10.974910736083984,0.0,18.35772728919983
7.382816553115845,0.0,10.974910736083984,0.0,18.35772728919983
11.08281660079956,0.0,10.974910736083984,0.0,22.057727336883545
11.08281660079956,0.0,10.974910736083984,0.0,22.057727336883545
11.08281660079956,0.0,10.974910736083984,0.0,22.057727336883545
11.08281660079956,0.0,10.974910736083984,0.0,22.057727336883545
11.08281660079956,0.0,10.974910736083984,0.0,22.057727336883545
14.773602724075317,0.0,10.974910736083984,0.0,25.7485134601593
14.773602724075317,0.0,10.974910736083984,0.0,25.7485134601593
25.74398636817932,0.0,10.974910736083984,0.0,36.718897104263306
25.74398636817932,0.0,10.974910736083984,0.0,36.718897104263306
25.74398636817932,0.0,10.974910736083984,0.0,36.718897104263306
25.74398636817932,0.0,10.974910736083984,0.0,36.718897104263306
25.74398636817932,0.0,10.974910736083984,0.0,36.718897104263306
25.74398636817932,0.0,10.974910736083984,0.0,36.718897104263306
36.715781450271606,0.0,10.974910736083984,0.0,47.69069218635559
36.715781450271606,0.0,10.974910736083984,0.0,47.69069218635559
36.715781450271606,0.0,10.974910736083984,0.0,47.69069218635559
36.715781450271606,0.0,10.974910736083984,0.0,47.69069218635559
36.715781450271606,0.0,10.974910736083984,0.0,47.69069218635559
36.715781450271606,0.0,10.974910736083984,0.0,47.69069218635559
36.715781450271606,0.0,10.974910736083984,0.0,47.69069218635559
36.715781450271606,0.0,10.974910736083984,0.0,47.69069218635559
36.715781450271606,0.0,10.974910736083984,0.0,47.69069218635559
36.715781450271606,0.0,10.974910736083984,0.0,47.69069218635559
36.715781450271606,0.0,10.974910736083984,0.0,47.69069218635559
36.715781450271606,0.0,10.974910736083984,0.0,47.69069218635559
36.715781450271606,0.0,10.974910736083984,0.0,47.69069218635559
36.715781450271606,0.0,10.974910736083984,0.0,47.69069218635559
36.715781450271606,0.0,10.974910736083984,0.0,47.69069218635559
36.715781450271606,0.0,10.974910736083984,0.0,47.69069218635559
36.715781450271606,0.0,10.974910736083984,0.0,47.69069218635559
36.715781450271606,0.0,10.974910736083984,0.0,47.69069218635559
36.715781450271606,0.0,10.974910736083984,0.0,47.69069218635559
36.715781450271606,0.0,0.0,0.0,36.715781450271606
36.715781450271606,0.0,0.0,0.0,36.715781450271606
36.715781450271606,0.0,0.0,0.0,36.715781450271606
36.715781450271606,0.0,0.0,0.0,36.715781450271606
36.715781450271606,0.0,0.0,0.0,36.715781450271606
36.715781450271606,0.0,0.0,0.0,36.715781450271606
36.715781450271606,0.0,0.0,0.0,36.715781450271606
36.715781450271606,0.0,0.0,0.0,36.715781450271606
36.715781450271606,0.0,0.0,0.0,36.715781450271606
36.715781450271606,0.0,0.0,0.0,36.715781450271606
40.40242147445679,0.0,0.0,0.0,40.40242147445679
40.40242147445679,0.0,0.0,0.0,40.40242147445679
40.40242147445679,0.0,0.0,0.0,40.40242147445679
40.40242147445679,0.0,0.0,0.0,40.40242147445679
40.40242147445679,0.0,0.0,0.0,40.40242147445679
40.40242147445679,0.0,0.0,0.0,40.40242147445679
40.40242147445679,0.0,0.0,0.0,40.40242147445679
40.40242147445679,0.0,0.0,0.0,40.40242147445679
40.40242147445679,0.0,0.0,0.0,40.40242147445679
40.40242147445679,0.0,0.0,0.0,40.40242147445679
40.40242147445679,0.0,0.0,0.0,40.40242147445679
40.40242147445679,0.0,0.0,0.0,40.40242147445679
36.70242142677307,0.0,0.0,0.0,36.70242142677307
36.70242142677307,0.0,0.0,0.0,36.70242142677307
47.571218729019165,0.0,0.0,0.0,47.571218729019165
47.571218729019165,0.0,0.0,0.0,47.571218729019165
47.571218729019165,0.0,0.0,0.0,47.571218729019165
47.571218729019165,0.0,0.0,0.0,47.571218729019165
47.571218729019165,0.0,0.0,0.0,47.571218729019165
47.571218729019165,0.0,0.0,0.0,47.571218729019165
47.571218729019165,0.0,0.0,0.0,47.571218729019165
47.571218729019165,0.0,0.0,0.0,47.571218729019165
47.571218729019165,0.0,0.0,0.0,47.571218729019165
47.571218729019165,0.0,0.0,0.0,47.571218729019165
47.571218729019165,0.0,0.0,0.0,47.571218729019165
47.571218729019165,0.0,0.0,0.0,47.571218729019165
47.571218729019165,0.0,0.0,0.0,47.571218729019165
47.571218729019165,0.0,0.0,0.0,47.571218729019165
47.571218729019165,0.0,0.0,0.0,47.571218729019165
47.571218729019165,0.0,0.0,0.0,47.571218729019165
36.60083508491516,0.0,0.0,0.0,36.60083508491516
47.50115895271301,0.0,0.0,0.0,47.50115895271301
47.50115895271301,0.0,0.0,0.0,47.50115895271301
47.50115895271301,0.0,0.0,0.0,47.50115895271301
47.50115895271301,0.0,0.0,0.0,47.50115895271301
36.52936387062073,0.0,0.0,0.0,36.52936387062073
36.52936387062073,0.0,0.0,0.0,36.52936387062073
36.52936387062073,0.0,0.0,0.0,36.52936387062073
47.497430086135864,0.0,0.0,0.0,47.497430086135864
47.497430086135864,0.0,10.836318016052246,0.0,58.33374810218811
47.497430086135864,0.0,10.836318016052246,0.0,58.33374810218811
47.497430086135864,0.0,10.836318016052246,0.0,58.33374810218811
68.84705853462219,0.0,10.836318016052246,0.0,79.68337655067444
68.84705853462219,0.0,10.836318016052246,0.0,79.68337655067444
68.84705853462219,0.0,32.43993091583252,0.0,101.28698945045471
68.84705853462219,0.0,32.43993091583252,0.0,101.28698945045471
68.84705853462219,0.0,32.43993091583252,0.0,101.28698945045471
68.84705853462219,0.0,32.43993091583252,0.0,101.28698945045471
68.84705853462219,0.0,32.43993091583252,0.0,101.28698945045471
68.84705853462219,0.0,32.43993091583252,0.0,101.28698945045471
68.84705853462219,0.0,32.43993091583252,0.0,101.28698945045471
68.84705853462219,0.0,32.43993091583252,0.0,101.28698945045471
68.84705853462219,0.0,32.43993091583252,0.0,101.28698945045471
68.84705853462219,0.0,32.43993091583252,21.414304733276367,122.70129418373108
68.84705853462219,0.0,32.43993091583252,21.414304733276367,122.70129418373108
68.84705853462219,0.0,32.43993091583252,21.414304733276367,122.70129418373108
68.84705853462219,0.0,32.43993091583252,21.414304733276367,122.70129418373108
68.84705853462219,0.0,32.43993091583252,21.414304733276367,122.70129418373108
68.84705853462219,0.0,32.43993091583252,21.414304733276367,122.70129418373108
57.878992319107056,0.0,32.43993091583252,21.414304733276367,111.73322796821594
68.845134973526,0.0,32.43993091583252,21.414304733276367,122.69937062263489
68.845134973526,0.0,32.43993091583252,21.414304733276367,122.69937062263489
90.35531640052795,0.0,32.43993091583252,21.414304733276367,144.20955204963684
90.35531640052795,0.0,32.43993091583252,21.414304733276367,144.20955204963684
90.35531640052795,0.0,32.43993091583252,21.414304733276367,144.20955204963684
90.35531640052795,0.0,32.43993091583252,21.414304733276367,144.20955204963684
90.35531640052795,0.0,32.43993091583252,21.414304733276367,144.20955204963684
90.35531640052795,0.0,32.43993091583252,21.414304733276367,144.20955204963684
90.35531640052795,0.0,32.43993091583252,21.414304733276367,144.20955204963684
69.00568795204163,0.0,32.43993091583252,21.414304733276367,122.85992360115051
69.00568795204163,0.0,32.43993091583252,21.414304733276367,122.85992360115051
58.13689064979553,0.0,32.43993091583252,21.414304733276367,111.99112629890442
58.13689064979553,0.0,32.43993091583252,21.414304733276367,111.99112629890442
58.13689064979553,0.0,32.43993091583252,21.414304733276367,111.99112629890442
58.13689064979553,0.0,32.43993091583252,21.414304733276367,111.99112629890442
58.13689064979553,0.0,32.43993091583252,21.414304733276367,111.99112629890442
58.13689064979553,0.0,32.43993091583252,21.414304733276367,111.99112629890442
79.9337408542633,0.0,21.61896324157715,21.414304733276367,122.96700882911682
79.9337408542633,0.0,21.61896324157715,21.414304733276367,122.96700882911682
79.9337408542633,0.0,21.61896324157715,21.414304733276367,122.96700882911682
79.9337408542633,0.0,21.61896324157715,21.414304733276367,122.96700882911682
79.9337408542633,0.0,21.61896324157715,21.414304733276367,122.96700882911682
79.9337408542633,0.0,21.61896324157715,21.414304733276367,122.96700882911682
79.9337408542633,0.0,21.61896324157715,21.414304733276367,122.96700882911682
79.9337408542633,0.0,21.61896324157715,21.414304733276367,122.96700882911682
79.9337408542633,0.0,21.61896324157715,21.414304733276367,122.96700882911682
79.9337408542633,0.0,21.61896324157715,0.0,101.55270409584045
79.9337408542633,0.0,21.61896324157715,0.0,101.55270409584045
58.42355942726135,0.0,21.61896324157715,0.0,80.0425226688385
58.42355942726135,0.0,32.36289882659912,0.0,90.78645825386047
58.42355942726135,0.0,32.36289882659912,0.0,90.78645825386047
54.72355937957764,0.0,32.36289882659912,0.0,87.08645820617676
54.72355937957764,0.0,32.36289882659912,0.0,87.08645820617676
54.72355937957764,0.0,32.36289882659912,0.0,87.08645820617676
65.69041728973389,0.0,32.36289882659912,0.0,98.05331611633301
65.69041728973389,0.0,32.36289882659912,0.0,98.05331611633301
65.69041728973389,0.0,21.61896324157715,0.0,87.30938053131104
65.69041728973389,0.0,21.61896324157715,0.0,87.30938053131104
65.69041728973389,0.0,21.61896324157715,0.0,87.30938053131104
65.69041728973389,0.0,21.61896324157715,0.0,87.30938053131104
87.415207862854,0.0,21.61896324157715,0.0,109.03417110443115
76.51488399505615,0.0,10.782645225524902,0.0,87.29752922058105
87.4377908706665,0.0,10.782645225524902,0.0,98.2204360961914
87.4377908706665,0.0,10.782645225524902,0.0,98.2204360961914
87.4377908706665,0.0,10.782645225524902,0.0,98.2204360961914
87.4377908706665,0.0,10.782645225524902,0.0,98.2204360961914
87.4377908706665,0.0,10.782645225524902,0.0,98.2204360961914
87.4377908706665,0.0,10.782645225524902,0.0,98.2204360961914
87.4377908706665,0.0,10.782645225524902,0.0,98.2204360961914
87.4377908706665,0.0,10.782645225524902,0.0,98.2204360961914
87.4377908706665,0.0,10.782645225524902,0.0,98.2204360961914
87.4377908706665,0.0,10.782645225524902,0.0,98.2204360961914
87.4377908706665,0.0,10.782645225524902,0.0,98.2204360961914
87.4377908706665,0.0,10.782645225524902,0.0,98.2204360961914
87.4377908706665,0.0,10.782645225524902,0.0,98.2204360961914
91.13779091835022,0.0,10.782645225524902,0.0,101.92043614387512
91.13779091835022,0.0,10.782645225524902,0.0,101.92043614387512
91.13779091835022,0.0,10.782645225524902,0.0,101.92043614387512
91.13779091835022,0.0,10.782645225524902,0.0,101.92043614387512
69.34094071388245,0.0,10.782645225524902,0.0,80.12358593940735
58.59798550605774,0.0,10.782645225524902,0.0,69.38063073158264
58.59798550605774,0.0,10.782645225524902,0.0,69.38063073158264
58.59798550605774,0.0,10.782645225524902,0.0,69.38063073158264
58.59798550605774,0.0,10.782645225524902,0.0,69.38063073158264
58.59798550605774,0.0,10.782645225524902,0.0,69.38063073158264
58.59798550605774,0.0,10.782645225524902,0.0,69.38063073158264
58.59798550605774,0.0,0.0,0.0,58.59798550605774
58.59798550605774,0.0,0.0,0.0,58.59798550605774
58.59798550605774,0.0,0.0,0.0,58.59798550605774
58.59798550605774,0.0,0.0,0.0,58.59798550605774
58.59798550605774,0.0,0.0,0.0,58.59798550605774
58.59798550605774,0.0,0.0,0.0,58.59798550605774
58.59798550605774,0.0,0.0,0.0,58.59798550605774
47.631842851638794,0.0,0.0,0.0,47.631842851638794
47.631842851638794,0.0,0.0,0.0,47.631842851638794
47.631842851638794,0.0,0.0,0.0,47.631842851638794
47.631842851638794,0.0,0.0,0.0,47.631842851638794
47.631842851638794,0.0,0.0,0.0,47.631842851638794
58.60071587562561,0.0,0.0,0.0,58.60071587562561
54.91789937019348,0.0,0.0,0.0,54.91789937019348
54.91789937019348,0.0,0.0,0.0,54.91789937019348
54.91789937019348,0.0,0.0,0.0,54.91789937019348
54.91789937019348,0.0,0.0,0.0,54.91789937019348
54.91789937019348,0.0,0.0,0.0,54.91789937019348
54.91789937019348,0.0,0.0,0.0,54.91789937019348
54.91789937019348,0.0,0.0,0.0,54.91789937019348
54.91789937019348,0.0,0.0,0.0,54.91789937019348
54.91789937019348,0.0,0.0,0.0,54.91789937019348
54.91789937019348,0.0,0.0,21.73759651184082,76.6554958820343
65.91626954078674,0.0,0.0,21.73759651184082,87.65386605262756
65.91626954078674,0.0,0.0,21.73759651184082,87.65386605262756
65.91626954078674,0.0,0.0,21.73759651184082,87.65386605262756
65.91626954078674,0.0,0.0,21.73759651184082,87.65386605262756
65.91626954078674,0.0,0.0,21.73759651184082,87.65386605262756
65.91626954078674,0.0,0.0,21.73759651184082,87.65386605262756
65.91626954078674,0.0,0.0,21.73759651184082,87.65386605262756
65.91626954078674,0.0,0.0,21.73759651184082,87.65386605262756
65.91626954078674,0.0,0.0,21.73759651184082,87.65386605262756
51.258625507354736,0.0,0.0,21.73759651184082,72.99622201919556
51.258625507354736,0.0,0.0,21.73759651184082,72.99622201919556
51.258625507354736,0.0,0.0,21.73759651184082,72.99622201919556
51.258625507354736,0.0,0.0,21.73759651184082,72.99622201919556
62.226770877838135,0.0,0.0,21.73759651184082,83.96436738967896
62.226770877838135,0.0,0.0,21.73759651184082,83.96436738967896
62.226770877838135,0.0,0.0,21.73759651184082,83.96436738967896
62.226770877838135,0.0,0.0,21.73759651184082,83.96436738967896
51.244935512542725,0.0,0.0,21.73759651184082,72.98253202438354
51.244935512542725,0.0,0.0,21.73759651184082,72.98253202438354
51.244935512542725,0.0,0.0,21.73759651184082,72.98253202438354
51.244935512542725,0.0,0.0,21.73759651184082,72.98253202438354
51.244935512542725,0.0,0.0,21.73759651184082,72.98253202438354
51.244935512542725,0.0,0.0,21.73759651184082,72.98253202438354
51.29289388656616,0.0,0.0,0.0,51.29289388656616
51.29289388656616,0.0,0.0,0.0,51.29289388656616
51.29289388656616,0.0,0.0,0.0,51.29289388656616
51.29289388656616,0.0,0.0,0.0,51.29289388656616
51.29289388656616,0.0,0.0,0.0,51.29289388656616
51.29289388656616,0.0,0.0,0.0,51.29289388656616
51.29289388656616,0.0,0.0,0.0,51.29289388656616
51.29289388656616,0.0,0.0,0.0,51.29289388656616
51.29289388656616,0.0,0.0,0.0,51.29289388656616
51.29289388656616,0.0,0.0,0.0,51.29289388656616
47.60625386238098,0.0,0.0,0.0,47.60625386238098
47.60625386238098,0.0,0.0,0.0,47.60625386238098
47.60625386238098,0.0,0.0,0.0,47.60625386238098
47.60625386238098,0.0,0.0,0.0,47.60625386238098
47.60625386238098,0.0,0.0,0.0,47.60625386238098
47.60625386238098,0.0,0.0,0.0,47.60625386238098
47.60625386238098,0.0,0.0,0.0,47.60625386238098
47.60625386238098,0.0,0.0,0.0,47.60625386238098
47.60625386238098,0.0,0.0,0.0,47.60625386238098
47.60625386238098,0.0,0.0,0.0,47.60625386238098
47.60625386238098,10.928251266479492,0.0,0.0,58.534505128860474
47.60625386238098,10.928251266479492,0.0,0.0,58.534505128860474
47.60625386238098,10.928251266479492,0.0,0.0,58.534505128860474
47.60625386238098,10.928251266479492,0.0,0.0,58.534505128860474
47.60625386238098,10.928251266479492,0.0,0.0,58.534505128860474
47.60625386238098,10.928251266479492,0.0,0.0,58.534505128860474
47.60625386238098,10.928251266479492,0.0,0.0,58.534505128860474
47.60625386238098,10.928251266479492,0.0,0.0,58.534505128860474
58.49591374397278,10.928251266479492,0.0,0.0,69.42416501045227
58.49591374397278,10.928251266479492,0.0,0.0,69.42416501045227
58.49591374397278,10.928251266479492,0.0,0.0,69.42416501045227
58.49591374397278,10.928251266479492,10.730998039245605,0.0,80.15516304969788
58.49591374397278,10.928251266479492,10.730998039245605,0.0,80.15516304969788
58.49591374397278,10.928251266479492,10.730998039245605,0.0,80.15516304969788
58.49591374397278,10.928251266479492,10.730998039245605,0.0,80.15516304969788
58.49591374397278,10.928251266479492,10.730998039245605,0.0,80.15516304969788
58.49591374397278,10.928251266479492,10.730998039245605,0.0,80.15516304969788
58.49591374397278,10.928251266479492,10.730998039245605,0.0,80.15516304969788
58.49591374397278,10.928251266479492,10.730998039245605,0.0,80.15516304969788
62.180296421051025,10.928251266479492,10.730998039245605,0.0,83.83954572677612
62.180296421051025,10.928251266479492,10.730998039245605,0.0,83.83954572677612
62.180296421051025,10.928251266479492,10.730998039245605,0.0,83.83954572677612
62.180296421051025,10.928251266479492,10.730998039245605,0.0,83.83954572677612
62.180296421051025,10.928251266479492,10.730998039245605,0.0,83.83954572677612
62.180296421051025,10.928251266479492,10.730998039245605,0.0,83.83954572677612
62.180296421051025,10.928251266479492,10.730998039245605,0.0,83.83954572677612
51.21142339706421,10.928251266479492,10.730998039245605,0.0,72.8706727027893
51.21142339706421,10.928251266479492,10.730998039245605,0.0,72.8706727027893
51.21142339706421,10.928251266479492,10.730998039245605,0.0,72.8706727027893
51.21142339706421,10.928251266479492,10.730998039245605,0.0,72.8706727027893
51.21142339706421,10.928251266479492,10.730998039245605,0.0,72.8706727027893
51.21142339706421,10.928251266479492,10.730998039245605,0.0,72.8706727027893
51.21142339706421,21.928251266479492,10.730998039245605,0.0,83.8706727027893
51.21142339706421,21.928251266479492,10.730998039245605,0.0,83.8706727027893
51.21142339706421,21.928251266479492,10.730998039245605,0.0,83.8706727027893
51.21142339706421,21.928251266479492,10.730998039245605,0.0,83.8706727027893
51.21142339706421,21.928251266479492,10.730998039245605,0.0,83.8706727027893
51.21142339706421,21.928251266479492,10.730998039245605,0.0,83.8706727027893
62.19448900222778,21.928251266479492,10.730998039245605,0.0,94.85373830795288
62.19448900222778,21.928251266479492,10.730998039245605,0.0,94.85373830795288
62.19448900222778,21.928251266479492,10.730998039245605,0.0,94.85373830795288
62.19448900222778,32.92825126647949,10.730998039245605,0.0,105.85373830795288
62.19448900222778,32.92825126647949,10.730998039245605,0.0,105.85373830795288
73.08885908126831,32.92825126647949,10.730998039245605,0.0,116.74810838699341
73.08885908126831,32.92825126647949,10.730998039245605,0.0,116.74810838699341
73.08885908126831,32.92825126647949,10.730998039245605,0.0,116.74810838699341
73.08885908126831,32.92825126647949,10.730998039245605,0.0,116.74810838699341
62.09048891067505,32.92825126647949,10.730998039245605,0.0,105.74973821640015
62.09048891067505,32.92825126647949,10.730998039245605,0.0,105.74973821640015
62.09048891067505,54.46103858947754,10.730998039245605,0.0,127.2825255393982
62.09048891067505,54.46103858947754,10.730998039245605,0.0,127.2825255393982
62.09048891067505,54.46103858947754,10.730998039245605,0.0,127.2825255393982
62.09048891067505,54.46103858947754,0.0,0.0,116.55152750015259
62.09048891067505,54.46103858947754,0.0,0.0,116.55152750015259
62.09048891067505,54.46103858947754,0.0,0.0,116.55152750015259
62.09048891067505,54.46103858947754,0.0,0.0,116.55152750015259
62.09048891067505,54.46103858947754,0.0,0.0,116.55152750015259
73.09048891067505,76.45009994506836,0.0,0.0,149.5405888557434
73.09048891067505,76.45009994506836,0.0,0.0,149.5405888557434
73.09048891067505,76.3958854675293,0.0,0.0,149.48637437820435
84.04081678390503,76.3958854675293,0.0,0.0,160.43670225143433
73.07267141342163,76.3958854675293,0.0,0.0,149.46855688095093
76.76785707473755,76.3958854675293,0.0,0.0,153.16374254226685
76.76785707473755,65.4676342010498,0.0,0.0,142.23549127578735
65.79699182510376,65.4676342010498,0.0,0.0,131.26462602615356
65.79699182510376,65.4676342010498,0.0,0.0,131.26462602615356
76.67200517654419,76.34775829315186,0.0,0.0,153.01976346969604
76.67200517654419,76.34775829315186,0.0,0.0,153.01976346969604
76.67200517654419,76.34775829315186,0.0,0.0,153.01976346969604
76.67200517654419,76.34775829315186,0.0,0.0,153.01976346969604
76.67200517654419,76.34775829315186,0.0,0.0,153.01976346969604
76.67200517654419,76.34775829315186,0.0,0.0,153.01976346969604
98.32428693771362,76.34775829315186,0.0,0.0,174.67204523086548
102.00959634780884,76.34775829315186,0.0,0.0,178.3573546409607
102.00959634780884,98.28760623931885,0.0,0.0,200.29720258712769
102.00959634780884,140.07385158538818,0.0,0.0,242.08344793319702
102.00959634780884,140.07385158538818,0.0,0.0,242.08344793319702
91.00959634780884,140.07385158538818,0.0,0.0,231.08344793319702
91.00959634780884,140.07385158538818,0.0,0.0,231.08344793319702
91.00959634780884,118.54106426239014,0.0,0.0,209.55066061019897
87.30959630012512,118.54106426239014,0.0,0.0,205.85066056251526
87.30959630012512,127.93036079406738,0.0,0.0,215.2399570941925
98.164546251297,149.73873138427734,0.0,0.0,247.90327763557434
98.164546251297,118.81302833557129,0.0,0.0,216.9775745868683
98.164546251297,109.42373180389404,0.0,0.0,207.58827805519104
109.12363934516907,98.34340381622314,0.0,0.0,207.4670431613922
109.12363934516907,120.3372278213501,0.0,0.0,229.46086716651917
109.12363934516907,131.23662853240967,0.0,0.0,240.36026787757874
109.12363934516907,131.23662853240967,0.0,0.0,240.36026787757874
123.65196347236633,131.23662853240967,0.0,0.0,254.888592004776
123.65196347236633,131.23662853240967,0.0,0.0,254.888592004776
123.65196347236633,131.23662853240967,0.0,0.0,254.888592004776
112.76230359077454,152.68664646148682,0.0,0.0,265.44895005226135
112.76230359077454,152.68664646148682,0.0,0.0,265.44895005226135
134.17992901802063,152.68664646148682,0.0,0.0,286.86657547950745
148.19684171676636,152.68664646148682,0.0,0.0,300.8834881782532
148.19684171676636,163.51239204406738,0.0,0.0,311.70923376083374
148.19684171676636,163.51239204406738,0.0,0.0,311.70923376083374
148.19684171676636,163.51239204406738,0.0,0.0,311.70923376083374
148.19684171676636,141.70402145385742,0.0,0.0,289.9008631706238
148.19684171676636,141.70402145385742,0.0,0.0,289.9008631706238
148.19684171676636,141.70402145385742,0.0,0.0,289.9008631706238
148.10040807724,141.70402145385742,22.0,0.0,311.8044295310974
151.7902593612671,163.2494659423828,22.0,0.0,337.0397253036499
151.7902593612671,174.24587726593018,22.0,0.0,348.03613662719727
141.462495803833,152.3853349685669,22.0,0.0,315.8478307723999
152.42878818511963,152.3853349685669,0.0,0.0,304.8141231536865
148.85123348236084,152.3853349685669,0.0,0.0,301.23656845092773
148.85123348236084,184.54523277282715,0.0,0.0,333.396466255188
137.86816787719727,184.54523277282715,0.0,0.0,322.4134006500244
148.86816787719727,216.26436805725098,0.0,0.0,365.13253593444824
148.86816787719727,237.74964332580566,0.0,0.0,386.61781120300293
148.86816787719727,237.74964332580566,0.0,0.0,386.61781120300293
148.86816787719727,237.74964332580566,0.0,0.0,386.61781120300293
148.86816787719727,259.1324043273926,0.0,0.0,408.00057220458984
137.97379779815674,259.1324043273926,0.0,0.0,397.1062021255493
137.97379779815674,259.1324043273926,0.0,0.0,397.1062021255493
137.97379779815674,249.3223934173584,0.0,0.0,387.29619121551514
159.88883876800537,260.3223934173584,0.0,0.0,420.21123218536377
159.88883876800537,271.0223093032837,0.0,0.0,430.91114807128906
170.6838550567627,271.0223093032837,0.0,0.0,441.7061643600464
170.6838550567627,271.0223093032837,0.0,0.0,441.7061643600464
170.6838550567627,281.97906017303467,0.0,0.0,452.66291522979736
174.37357354164124,281.97906017303467,0.0,0.0,456.3526337146759
163.5677788257599,292.9496603012085,0.0,0.0,456.5174391269684
163.5677788257599,336.73276233673096,0.0,0.0,500.30054116249084
185.12131428718567,380.30655574798584,0.0,0.0,565.4278700351715
188.81312942504883,380.77986907958984,0.0,0.0,569.5929985046387
167.39550399780273,370.2977066040039,10.890313148498535,0.0,548.5835237503052
189.13465690612793,370.2977066040039,10.890313148498535,0.0,570.3226766586304
189.13465690612793,392.21423530578613,10.890313148498535,0.0,592.2392053604126
189.13465690612793,370.27438735961914,10.890313148498535,0.0,570.2993574142456
192.82669520378113,370.27438735961914,10.890313148498535,0.0,573.9913957118988
203.6876494884491,316.4003963470459,10.890313148498535,0.0,530.9783589839935
203.6876494884491,316.4003963470459,10.890313148498535,0.0,530.9783589839935
192.81263613700867,316.4003963470459,10.890313148498535,0.0,520.1033456325531
192.81263613700867,283.5218105316162,10.890313148498535,0.0,487.2247598171234
200.19535183906555,251.12608528137207,10.890313148498535,0.0,462.21175026893616
200.23507714271545,251.12608528137207,10.890313148498535,0.0,462.25147557258606
200.23507714271545,251.12608528137207,10.890313148498535,0.0,462.25147557258606
189.44006085395813,240.42616939544678,10.890313148498535,0.0,440.75654339790344
193.13173913955688,240.42616939544678,10.890313148498535,0.0,444.4482216835022
163.91417264938354,251.3982925415039,10.890313148498535,0.0,426.202778339386
153.06027841567993,283.69611263275146,10.890313148498535,0.0,447.64670419692993
174.95678567886353,283.69611263275146,10.890313148498535,0.0,469.5432114601135
164.00601625442505,316.5020799636841,10.890313148498535,0.0,491.39840936660767
174.95658922195435,316.5020799636841,10.890313148498535,0.0,502.34898233413696
189.43288135528564,316.5020799636841,10.890313148498535,0.0,516.8252744674683
200.30107498168945,360.462327003479,10.890313148498535,21.387693405151367,593.0414085388184
200.30107498168945,371.462327003479,10.890313148498535,21.387693405151367,604.0414085388184
211.20750045776367,349.8885335922241,10.890313148498535,21.387693405151367,593.3740406036377
211.20750045776367,371.3891897201538,10.890313148498535,21.387693405151367,614.8746967315674
211.20750045776367,371.14986991882324,10.890313148498535,21.387693405151367,614.6353769302368
222.14470958709717,392.8046245574951,10.890313148498535,21.387693405151367,647.2273406982422
211.52092361450195,392.86799240112305,10.890313148498535,21.387693405151367,636.6669225692749
226.07807755470276,392.86799240112305,10.890313148498535,21.387693405151367,651.2240765094757
226.07807755470276,392.37521266937256,10.890313148498535,21.387693405151367,650.7312967777252
236.9889042377472,392.37521266937256,10.890313148498535,21.387693405151367,661.6421234607697
240.6889042854309,381.3788013458252,10.890313148498535,21.387693405151367,654.345712184906
251.6889042854309,370.5426912307739,10.890313148498535,21.387693405151367,654.5096020698547
251.6889042854309,413.56402683258057,10.890313148498535,21.387693405151367,697.5309376716614
255.37757349014282,435.47257137298584,10.890313148498535,21.387693405151367,723.1281514167786
255.37757349014282,476.7967405319214,10.890313148498535,21.387693405151367,764.4523205757141
270.0640232563019,476.7967405319214,10.890313148498535,21.387693405151367,779.1387703418732
273.75730085372925,531.0831594467163,10.890313148498535,21.387693405151367,837.1184668540955
277.44942903518677,489.3816080093384,10.890313148498535,21.387693405151367,799.109043598175
288.40870332717896,489.3816080093384,10.890313148498535,21.387693405151367,810.0683178901672
310.3051161766052,445.46507930755615,10.890313148498535,21.387693405151367,788.0482020378113
310.3051161766052,445.46507930755615,10.890313148498535,21.387693405151367,788.0482020378113
314.00340247154236,489.3641195297241,10.890313148498535,21.387693405151367,835.6455285549164
314.00340247154236,511.3641195297241,10.890313148498535,21.387693405151367,857.6455285549164
328.60764336586,500.52612018585205,10.890313148498535,21.387693405151367,861.4117701053619
342.92741203308105,500.52612018585205,10.890313148498535,0.0,854.3438453674316
346.6123492717743,511.8567066192627,10.890313148498535,0.0,869.3593690395355
324.8731963634491,500.9287223815918,10.890313148498535,0.0,836.6922318935394
335.8650586605072,477.16956901550293,10.890313148498535,0.0,823.9249408245087
346.756822347641,509.65306854248047,10.890313148498535,0.0,867.30020403862
346.756822347641,511.02749252319336,10.890313148498535,0.0,868.6746280193329
357.6595904827118,511.02749252319336,10.890313148498535,0.0,879.5773961544037
368.09862875938416,543.7143430709839,10.890313148498535,0.0,922.7032849788666
357.14805579185486,543.7143430709839,10.890313148498535,0.0,911.7527120113373
357.1401877403259,533.0279779434204,10.890313148498535,0.0,901.0584788322449
382.8397898674011,543.9227952957153,0.0,0.0,926.7625851631165
382.8397898674011,543.9227952957153,0.0,0.0,926.7625851631165
379.1500713825226,543.9227952957153,0.0,0.0,923.0728666782379
400.80287861824036,500.3944425582886,0.0,0.0,901.1973211765289
422.1810886859894,565.8370819091797,0.0,0.0,988.0181705951691
422.18431878089905,511.67988204956055,0.0,0.0,933.8642008304596
422.18431878089905,533.3066692352295,0.0,0.0,955.4909880161285
433.14660573005676,511.93921279907227,0.0,0.0,945.085818529129
418.3234739303589,511.93921279907227,0.0,0.0,930.2626867294312
418.3234739303589,511.93921279907227,0.0,0.0,930.2626867294312
429.25603103637695,511.8286838531494,0.0,0.0,941.0847148895264
429.25603103637695,544.3672924041748,0.0,0.0,973.6233234405518
432.9329752922058,565.4424419403076,0.0,0.0,998.3754172325134
454.52628660202026,554.5735492706299,0.0,0.0,1009.0998358726501
454.5427451133728,532.6650047302246,0.0,0.0,987.2077498435974
454.5427451133728,532.6650047302246,0.0,0.0,987.2077498435974
454.5427451133728,532.6650047302246,0.0,0.0,987.2077498435974
465.4456830024719,554.429238319397,0.0,0.0,1019.8749213218689
480.1195328235626,575.9016542434692,0.0,0.0,1056.0211870670319
480.1195328235626,532.2988176345825,0.0,10.803611755371094,1023.2219622135162
469.16025853157043,510.34695529937744,0.0,10.803611755371094,990.310825586319
458.30405926704407,509.5187005996704,0.0,10.803611755371094,978.6263716220856
461.88209199905396,509.5187005996704,21.777631759643555,10.803611755371094,1003.982036113739
465.6295623779297,498.56194972991943,21.777631759643555,10.803611755371094,996.7727556228638
465.6295623779297,476.6559114456177,21.777631759643555,21.77192497253418,985.8350305557251
451.640549659729,509.20412731170654,21.777631759643555,21.77192497253418,1004.3942337036133
462.5782423019409,520.2041273117065,21.777631759643555,21.77192497253418,1026.3319263458252
462.5782423019409,520.2041273117065,21.777631759643555,21.77192497253418,1026.3319263458252
451.6674156188965,497.8654613494873,21.777631759643555,21.77192497253418,993.0824337005615
455.36637020111084,476.22395515441895,21.777631759643555,21.77192497253418,975.1398820877075
455.36637020111084,455.14880561828613,21.777631759643555,21.77192497253418,954.0647325515747
455.36637020111084,466.0810708999634,21.777631759643555,32.70137977600098,975.9264526367188
466.0366401672363,423.2298307418823,21.777631759643555,32.70137977600098,943.7454824447632
433.7902364730835,455.9025583267212,21.777631759643555,32.70137977600098,944.1718063354492
444.7666654586792,444.93043518066406,21.777631759643555,32.70137977600098,944.1761121749878
444.7666654586792,444.93043518066406,21.777631759643555,32.70137977600098,944.1761121749878
448.44056129455566,423.5015296936035,21.777631759643555,32.70137977600098,926.4211025238037
437.53226375579834,467.161376953125,21.777631759643555,54.48089599609375,980.9521684646606
437.57968521118164,488.8423957824707,21.777631759643555,54.48089599609375,1002.6806087493896
448.35523223876953,532.0100326538086,21.777631759643555,54.48089599609375,1056.6237926483154
426.76681900024414,542.4965839385986,21.777631759643555,76.08955192565918,1067.1305866241455
437.71641540527344,607.3611497879028,21.777631759643555,65.28594017028809,1132.141137123108
437.71641540527344,618.2962779998779,21.777631759643555,65.28594017028809,1143.076265335083
441.4144902229309,585.8310489654541,21.777631759643555,76.11224555969238,1125.135416507721
419.76168298721313,585.6407985687256,21.777631759643555,76.11224555969238,1103.2923588752747
419.6192135810852,585.6407985687256,21.777631759643555,76.11224555969238,1103.1498894691467
455.9456124305725,563.7126922607422,21.777631759643555,76.11224555969238,1117.5481820106506
455.9456124305725,563.7126922607422,21.777631759643555,76.11224555969238,1117.5481820106506
455.81525564193726,488.1620388031006,21.777631759643555,76.11224555969238,1041.8671717643738
474.0090699195862,509.7673397064209,21.777631759643555,76.11224555969238,1081.666286945343
474.0090699195862,520.6820907592773,21.777631759643555,87.09356880187988,1103.562361240387
510.1645119190216,509.68209075927734,21.777631759643555,108.40693283081055,1150.031167268753
520.9716341495514,509.710560798645,21.777631759643555,108.40693283081055,1160.8667595386505
520.9716341495514,509.710560798645,21.777631759643555,108.40693283081055,1160.8667595386505
520.9716341495514,509.710560798645,21.777631759643555,108.40693283081055,1160.8667595386505
520.9716341495514,510.0919485092163,21.777631759643555,108.40693283081055,1161.2481472492218
488.38488125801086,510.0919485092163,21.777631759643555,108.40693283081055,1128.6613943576813
488.38488125801086,488.5947313308716,10.910505294799805,108.40693283081055,1096.2970507144928
488.38488125801086,466.5947313308716,10.910505294799805,108.40693283081055,1074.2970507144928
477.5904076099396,433.78995513916016,10.910505294799805,108.40693283081055,1030.69780087471
488.38280987739563,412.45123767852783,10.910505294799805,108.40693283081055,1020.1514856815338
488.38280987739563,390.83936977386475,10.910505294799805,108.40693283081055,998.5396177768707
531.5716469287872,390.83936977386475,10.910505294799805,108.40693283081055,1041.7284548282623
546.2447383403778,358.7583055496216,10.910505294799805,108.40693283081055,1024.3204820156097
542.5151267051697,336.92162799835205,10.910505294799805,108.40693283081055,998.7541928291321
531.6382584571838,336.92162799835205,10.910505294799805,86.79827690124512,966.2686686515808
531.6382584571838,336.92162799835205,10.910505294799805,86.79827690124512,966.2686686515808
531.6382584571838,347.9046506881714,10.910505294799805,86.79827690124512,977.2516913414001
531.6382584571838,347.9046506881714,10.910505294799805,86.79827690124512,977.2516913414001
542.6324696540833,326.53772830963135,10.910505294799805,97.79827690124512,977.8789801597595
531.8005318641663,326.53772830963135,10.910505294799805,97.79827690124512,967.0470423698425
553.6927065849304,323.5678663253784,10.910505294799805,97.79827690124512,985.9693551063538
531.9710936546326,334.53710556030273,10.910505294799805,97.79827690124512,975.2169814109802
542.9710936546326,356.03602409362793,10.910505294799805,97.79827690124512,1007.7158999443054
510.2861647605896,377.7537364959717,10.910505294799805,97.79827690124512,996.7486834526062
510.4310793876648,348.5188789367676,10.910505294799805,97.79827690124512,967.6587405204773
520.9579691886902,337.62406158447266,10.910505294799805,97.79827690124512,967.2908129692078
510.04879903793335,337.62406158447266,10.910505294799805,108.79827690124512,967.3816428184509
542.4099516868591,326.62406158447266,10.910505294799805,87.48491287231445,967.429431438446
531.4335227012634,326.62406158447266,10.910505294799805,87.48491287231445,956.4530024528503
509.9033055305481,305.0886764526367,10.910505294799805,87.48491287231445,913.3874001502991
509.9033055305481,283.28796195983887,10.910505294799805,87.48491287231445,891.5866856575012
509.9033055305481,272.35516262054443,10.910505294799805,87.48491287231445,880.6538863182068
513.4539959430695,272.35516262054443,10.910505294799805,87.48491287231445,884.2045767307281
480.89642548561096,272.35516262054443,10.910505294799805,87.48491287231445,851.6470062732697
491.847669839859,272.35516262054443,10.910505294799805,87.48491287231445,862.5982506275177
491.847669839859,239.67355823516846,10.910505294799805,87.48491287231445,829.9166462421417
502.7989466190338,228.87647342681885,10.910505294799805,109.31000709533691,851.8959324359894
524.6969015598297,207.37755489349365,10.910505294799805,109.31000709533691,852.2949688434601
510.1020951271057,185.43969917297363,10.910505294799805,109.31000709533691,815.7623066902161
499.1468405723572,185.43969917297363,10.910505294799805,119.94219398498535,815.439239025116
499.1468405723572,185.40829372406006,0.0,119.94219398498535,804.4973282814026
488.2550768852234,185.40829372406006,3.6861486434936523,119.94219398498535,797.2917132377625
488.2550768852234,163.80299282073975,3.6861486434936523,98.16267776489258,753.9068961143494
488.4368243217468,163.80299282073975,3.6861486434936523,98.16267776489258,754.0886435508728
466.9552893638611,174.7404375076294,3.6861486434936523,98.16267776489258,743.5445532798767
456.022732257843,174.7404375076294,3.6861486434936523,98.16267776489258,732.6119961738586
456.022732257843,163.78521728515625,3.6861486434936523,98.16267776489258,721.6567759513855
434.30593729019165,163.78521728515625,3.6861486434936523,98.16267776489258,699.9399809837341
434.30593729019165,163.78521728515625,3.6861486434936523,98.16267776489258,699.9399809837341
434.30593729019165,163.78521728515625,3.6861486434936523,87.18135452270508,688.9586577415466
423.5135350227356,163.78521728515625,3.6861486434936523,87.18135452270508,678.1662554740906
423.5135350227356,163.78521728515625,47.343180656433105,87.18135452270508,721.82328748703
401.80623292922974,163.78521728515625,47.343180656433105,87.18135452270508,700.1159853935242
379.9386954307556,163.78521728515625,47.343180656433105,76.35504913330078,667.4221425056458
358.06905221939087,173.95131874084473,47.343180656433105,65.35504913330078,644.7186007499695
343.45010900497437,173.95131874084473,47.343180656433105,54.722862243652344,619.4674706459045
343.45010900497437,173.95131874084473,47.343180656433105,43.75454902648926,608.4991574287415
343.45010900497437,173.95131874084473,47.343180656433105,43.75454902648926,608.4991574287415
343.45010900497437,205.22731399536133,47.343180656433105,43.75454902648926,639.775152683258
343.45010900497437,194.29504871368408,47.343180656433105,43.75454902648926,628.8428874015808
343.45010900497437,183.35992050170898,47.343180656433105,43.75454902648926,617.9077591896057
332.45824670791626,172.37771129608154,47.343180656433105,43.75454902648926,595.9336876869202
321.4737238883972,183.2390365600586,47.343180656433105,43.75454902648926,595.8104901313782
310.7027506828308,150.60800647735596,47.343180656433105,32.82509422302246,541.4790320396423
299.86062479019165,150.60800647735596,47.343180656433105,32.82509422302246,530.6369061470032
299.86062479019165,161.5123815536499,161.81280040740967,32.82509422302246,656.0109009742737
309.8779511451721,161.5123815536499,161.81280040740967,32.82509422302246,666.0282273292542
309.8779511451721,161.5123815536499,161.81280040740967,32.82509422302246,666.0282273292542
309.8779511451721,120.07354831695557,161.81280040740967,32.82509422302246,624.5893940925598
309.8779511451721,120.07354831695557,161.81280040740967,32.82509422302246,624.5893940925598
298.975013256073,120.07354831695557,161.81280040740967,32.82509422302246,613.6864562034607
298.975013256073,120.07354831695557,161.81280040740967,32.82509422302246,613.6864562034607
298.975013256073,120.07354831695557,161.81280040740967,32.82509422302246,613.6864562034607
266.4335894584656,120.07354831695557,161.81280040740967,32.82509422302246,581.1450324058533
255.4940047264099,120.07354831695557,161.81280040740967,32.82509422302246,570.2054476737976
277.2285590171814,120.07354831695557,47.343180656433105,32.82509422302246,477.47038221359253
280.9210124015808,120.07354831695557,47.343180656433105,32.82509422302246,481.16283559799194
280.9210124015808,109.08824825286865,47.343180656433105,32.82509422302246,470.17753553390503
277.23829674720764,109.08824825286865,47.343180656433105,32.82509422302246,466.49481987953186
280.93829679489136,98.1734972000122,47.343180656433105,32.82509422302246,459.28006887435913
291.81188917160034,98.1734972000122,25.426995277404785,32.82509422302246,448.2374758720398
280.99190759658813,87.26364517211914,25.426995277404785,32.82509422302246,426.5076422691345
291.8586916923523,87.26364517211914,25.426995277404785,21.82509422302246,426.3744263648987
288.1688404083252,87.26364517211914,25.426995277404785,21.82509422302246,422.6845750808716
267.4428768157959,87.26364517211914,25.426995277404785,21.82509422302246,401.9586114883423
263.74459052085876,87.26364517211914,25.426995277404785,21.82509422302246,398.26032519340515
263.74459052085876,87.26364517211914,25.426995277404785,21.82509422302246,398.26032519340515
263.74459052085876,87.26364517211914,25.426995277404785,21.82509422302246,398.26032519340515
263.74459052085876,87.26364517211914,25.426995277404785,21.82509422302246,398.26032519340515
263.74459052085876,87.26364517211914,25.426995277404785,21.82509422302246,398.26032519340515
263.80689787864685,87.26364517211914,46.180264472961426,21.82509422302246,419.0759017467499
260.1150827407837,87.26364517211914,24.439417839050293,21.82509422302246,393.6432399749756
260.1150827407837,87.26364517211914,24.439417839050293,21.82509422302246,393.6432399749756
256.43813848495483,87.26364517211914,24.439417839050293,21.82509422302246,389.96629571914673
256.43813848495483,87.26364517211914,24.439417839050293,21.82509422302246,389.96629571914673
256.43813848495483,87.26364517211914,24.439417839050293,21.82509422302246,389.96629571914673
252.76424264907837,87.26364517211914,24.439417839050293,21.82509422302246,386.29239988327026
252.76424264907837,87.26364517211914,24.439417839050293,21.82509422302246,386.29239988327026
252.76424264907837,87.26364517211914,24.439417839050293,21.82509422302246,386.29239988327026
252.76424264907837,87.26364517211914,24.439417839050293,21.82509422302246,386.29239988327026
252.76424264907837,87.26364517211914,24.439417839050293,21.82509422302246,386.29239988327026
252.76424264907837,87.26364517211914,24.439417839050293,21.82509422302246,386.29239988327026
252.76424264907837,87.26364517211914,24.439417839050293,10.862767219543457,375.33007287979126
241.7826647758484,87.26364517211914,24.439417839050293,113.2925615310669,466.7782893180847
241.7826647758484,87.26364517211914,24.439417839050293,113.2925615310669,466.7782893180847
241.7826647758484,76.50919818878174,24.439417839050293,113.2925615310669,456.0238423347473
241.7826647758484,65.5261754989624,24.439417839050293,124.13343715667725,455.88169527053833
241.7826647758484,65.5261754989624,45.520060539245605,113.27066993713379,466.0995707511902
241.73944425582886,65.5261754989624,24.766791343688965,113.27066993713379,445.303081035614
238.04425859451294,65.5261754989624,24.766791343688965,10.840875625610352,339.17810106277466
249.03934049606323,65.5261754989624,24.766791343688965,10.840875625610352,350.17318296432495
249.03934049606323,54.62180042266846,24.766791343688965,10.840875625610352,339.268807888031
249.03934049606323,54.62180042266846,24.766791343688965,10.840875625610352,339.268807888031
249.03934049606323,54.62180042266846,24.766791343688965,21.63014030456543,350.0580725669861
249.03934049606323,54.62180042266846,24.766791343688965,21.63014030456543,350.0580725669861
249.03934049606323,54.62180042266846,24.766791343688965,21.63014030456543,350.0580725669861
249.11207342147827,54.62180042266846,24.766791343688965,21.63014030456543,350.1308054924011
260.0353569984436,54.62180042266846,24.766791343688965,21.63014030456543,361.05408906936646
256.3378825187683,54.62180042266846,24.766791343688965,21.63014030456543,357.35661458969116
256.3378825187683,54.62180042266846,24.766791343688965,21.63014030456543,357.35661458969116
256.3378825187683,54.62180042266846,35.62720489501953,21.63014030456543,368.21702814102173
234.60332822799683,54.62180042266846,35.62720489501953,21.63014030456543,346.48247385025024
223.61724138259888,54.62180042266846,35.62720489501953,32.60979080200195,346.4760375022888
223.61724138259888,43.74113845825195,35.62720489501953,32.60979080200195,335.5953755378723
223.61724138259888,43.74113845825195,35.62720489501953,32.60979080200195,335.5953755378723
223.61724138259888,43.74113845825195,35.62720489501953,32.60979080200195,335.5953755378723
212.7066445350647,43.74113845825195,35.62720489501953,54.14137840270996,346.21636629104614
212.7066445350647,43.74113845825195,14.546562194824219,54.14137840270996,325.13572359085083
212.7066445350647,43.74113845825195,14.546562194824219,54.14137840270996,325.13572359085083
212.7066445350647,43.74113845825195,14.546562194824219,65.06369304656982,336.0580382347107
212.7066445350647,43.74113845825195,14.546562194824219,65.06369304656982,336.0580382347107
212.7066445350647,43.74113845825195,14.546562194824219,65.06369304656982,336.0580382347107
212.7066445350647,43.74113845825195,14.546562194824219,65.06369304656982,336.0580382347107
201.8792986869812,43.74113845825195,14.546562194824219,65.06369304656982,325.2306923866272
198.2074315547943,32.768009185791016,25.467979431152344,65.06369304656982,321.5071132183075
187.2561547756195,32.768009185791016,25.467979431152344,65.06369304656982,310.5558364391327
187.2561547756195,32.768009185791016,25.467979431152344,76.03274536132812,321.524888753891
176.33569312095642,32.768009185791016,25.467979431152344,76.03274536132812,310.6044270992279
176.33569312095642,32.768009185791016,25.467979431152344,76.03274536132812,310.6044270992279
176.33569312095642,32.768009185791016,132.72174835205078,193.54080963134766,535.3662602901459
176.33569312095642,21.906683921813965,132.72174835205078,193.54080963134766,524.5049350261688
176.33569312095642,21.906683921813965,136.40496683120728,193.54080963134766,528.1881535053253
165.341481924057,21.906683921813965,136.40496683120728,193.54080963134766,517.1939423084259
165.341481924057,21.906683921813965,136.40496683120728,193.54080963134766,517.1939423084259
187.189759016037,21.906683921813965,136.40496683120728,193.54080963134766,539.0422194004059
187.189759016037,21.906683921813965,136.40496683120728,193.54080963134766,539.0422194004059
187.189759016037,21.906683921813965,136.40496683120728,76.03274536132812,421.53415513038635
187.189759016037,21.906683921813965,136.40496683120728,76.03274536132812,421.53415513038635
187.189759016037,21.906683921813965,136.40496683120728,76.03274536132812,421.53415513038635
187.189759016037,21.906683921813965,29.151197910308838,76.03274536132812,314.2803862094879
187.189759016037,21.906683921813965,84.04056119918823,175.77533721923828,468.91234135627747
187.189759016037,21.906683921813965,84.04056119918823,175.77533721923828,468.91234135627747
187.189759016037,10.937444686889648,105.14560079574585,186.77306747436523,490.0458719730377
183.4901568889618,10.937444686889648,105.14560079574585,230.25035190582275,529.82355427742
183.4901568889618,10.937444686889648,105.14560079574585,230.25035190582275,529.82355427742
183.4901568889618,10.937444686889648,105.14560079574585,130.5077600479126,430.0809624195099
172.57828879356384,10.937444686889648,126.65607404708862,130.5077600479126,440.6795675754547
172.57828879356384,10.937444686889648,126.65607404708862,130.5077600479126,440.6795675754547
172.57828879356384,10.937444686889648,126.65607404708862,130.5077600479126,440.6795675754547
157.8878402709961,10.937444686889648,126.65607404708862,141.49822425842285,436.9795832633972
157.8878402709961,10.937444686889648,126.65607404708862,141.49822425842285,436.9795832633972
157.8878402709961,10.937444686889648,126.65607404708862,141.49822425842285,436.9795832633972
157.8878402709961,10.937444686889648,126.65607404708862,141.49822425842285,436.9795832633972
154.19616198539734,10.937444686889648,126.65607404708862,141.49822425842285,433.28790497779846
154.19616198539734,10.937444686889648,126.65607404708862,141.49822425842285,433.28790497779846
150.49616193771362,0.0,126.65607404708862,119.86808395385742,397.02031993865967
150.49616193771362,0.0,148.4878249168396,130.86808395385742,429.85207080841064
139.5728783607483,0.0,148.4878249168396,130.86808395385742,418.9287872314453
128.577796459198,0.0,148.4878249168396,130.86808395385742,407.933705329895
128.577796459198,0.0,148.4878249168396,130.86808395385742,407.933705329895
128.577796459198,0.0,148.4878249168396,130.86808395385742,407.933705329895
128.577796459198,0.0,148.4878249168396,109.33649635314941,386.402117729187
132.22343969345093,0.0,138.35574960708618,109.33649635314941,379.9156856536865
121.28596830368042,0.0,116.57391881942749,109.33649635314941,347.1963834762573
121.28596830368042,0.0,116.57391881942749,109.33649635314941,347.1963834762573
117.60103106498718,0.0,116.57391881942749,109.33649635314941,343.5114462375641
110.26671862602234,0.0,116.57391881942749,109.33649635314941,336.17713379859924
110.26671862602234,0.0,116.57391881942749,109.33649635314941,336.17713379859924
110.26671862602234,0.0,116.57391881942749,120.23073196411133,347.07136940956116
110.26671862602234,0.0,116.57391881942749,142.02588081359863,368.86651825904846
110.26671862602234,0.0,116.57391881942749,142.02588081359863,368.86651825904846
110.26671862602234,0.0,116.57391881942749,142.02588081359863,368.86651825904846
110.26671862602234,0.0,95.06344556808472,162.48403930664062,367.8142035007477
110.26671862602234,0.0,95.06344556808472,184.24408721923828,389.57425141334534
121.26292204856873,0.0,95.06344556808472,162.5834445953369,378.90981221199036
121.26292204856873,0.0,95.06344556808472,162.5834445953369,378.90981221199036
121.26292204856873,21.628704071044922,95.06344556808472,162.5834445953369,400.5385162830353
121.26292204856873,21.628704071044922,95.06344556808472,162.5834445953369,400.5385162830353
121.26292204856873,21.628704071044922,95.06344556808472,162.5834445953369,400.5385162830353
110.27388739585876,21.628704071044922,117.02579832077026,162.5834445953369,411.51183438301086
110.27388739585876,21.628704071044922,95.04260396957397,162.5834445953369,389.5286400318146
106.58403158187866,21.628704071044922,95.04260396957397,162.5834445953369,385.8387842178345
106.58403158187866,21.628704071044922,95.04260396957397,162.5834445953369,385.8387842178345
102.8907539844513,21.628704071044922,105.90752744674683,162.5834445953369,393.01043009757996
102.8907539844513,21.628704071044922,105.90752744674683,142.12528610229492,372.55227160453796
102.8907539844513,21.628704071044922,105.90752744674683,142.12528610229492,372.55227160453796
102.8907539844513,21.628704071044922,105.90752744674683,142.12528610229492,372.55227160453796
102.8907539844513,21.628704071044922,105.90752744674683,142.12528610229492,372.55227160453796
102.8907539844513,21.628704071044922,105.90752744674683,142.12528610229492,372.55227160453796
102.8907539844513,21.628704071044922,105.90752744674683,142.12528610229492,372.55227160453796
99.20160484313965,21.628704071044922,105.90752744674683,142.12528610229492,368.8631224632263
99.20160484313965,21.628704071044922,84.07577657699585,153.02881908416748,357.9349045753479
99.20160484313965,21.628704071044922,84.07577657699585,163.94151496887207,368.8476004600525
99.20160484313965,21.628704071044922,62.07753324508667,152.94378471374512,335.85162687301636
99.20160484313965,21.628704071044922,62.07753324508667,152.94378471374512,335.85162687301636
99.20160484313965,21.628704071044922,62.07753324508667,152.94378471374512,335.85162687301636
99.20160484313965,21.628704071044922,83.80433797836304,152.94378471374512,357.5784316062927
99.20160484313965,21.628704071044922,83.80433797836304,152.94378471374512,357.5784316062927
99.20160484313965,21.628704071044922,83.80433797836304,141.97473239898682,346.6093792915344
99.20160484313965,21.628704071044922,83.80433797836304,141.97473239898682,346.6093792915344
99.20160484313965,21.628704071044922,83.80433797836304,131.05863189697266,335.69327878952026
99.20160484313965,21.628704071044922,83.80433797836304,131.05863189697266,335.69327878952026
110.0094108581543,21.628704071044922,83.80433797836304,131.05863189697266,346.5010848045349
110.0094108581543,21.628704071044922,83.80433797836304,142.04745292663574,357.489905834198
110.0094108581543,21.628704071044922,83.80433797836304,142.04745292663574,357.489905834198
110.0094108581543,21.628704071044922,83.80433797836304,163.90286254882812,379.3453154563904
110.0094108581543,21.628704071044922,83.80433797836304,282.9275436401367,498.369996547699
99.06308555603027,21.628704071044922,83.80433797836304,272.0333080291748,476.52943563461304
99.06308555603027,21.628704071044922,83.80433797836304,272.0333080291748,476.52943563461304
120.74521350860596,21.628704071044922,61.84198522567749,401.89477825164795,606.1106810569763
131.74521350860596,21.628704071044922,61.84198522567749,423.8597135543823,639.0756163597107
131.74521350860596,21.628704071044922,61.84198522567749,434.775071144104,649.9909739494324
135.4322485923767,21.628704071044922,61.84198522567749,544.1346673965454,763.0376052856445
135.4322485923767,0.0,61.84198522567749,544.1346673965454,741.4089012145996
150.1247878074646,0.0,65.5399112701416,522.3395185470581,738.0042176246643
142.73307991027832,0.0,65.5399112701416,381.7061643600464,589.9791555404663
142.73307991027832,0.0,65.5399112701416,381.7061643600464,589.9791555404663
142.73307991027832,0.0,76.51988697052002,251.75916862487793,471.01213550567627
142.73307991027832,0.0,76.51988697052002,251.75916862487793,471.01213550567627
142.73307991027832,0.0,76.51988697052002,251.75916862487793,471.01213550567627
142.73307991027832,0.0,76.51988697052002,251.75916862487793,471.01213550567627
142.73307991027832,0.0,87.43403148651123,153.37611865997314,383.5432300567627
142.73307991027832,0.0,87.43403148651123,153.37611865997314,383.5432300567627
153.716552734375,0.0,87.43403148651123,153.37611865997314,394.5267028808594
153.716552734375,0.0,87.43403148651123,153.37611865997314,394.5267028808594
153.716552734375,0.0,65.70722675323486,153.37611865997314,372.799898147583
153.716552734375,0.0,87.48485279083252,142.47557735443115,383.6769828796387
142.716552734375,0.0,87.5769271850586,164.41533946990967,394.70881938934326
142.716552734375,0.0,87.5769271850586,164.41533946990967,394.70881938934326
139.01847791671753,0.0,87.5769271850586,164.41533946990967,391.0107445716858
135.32634592056274,0.0,87.5769271850586,164.41533946990967,387.318612575531
135.32634592056274,0.0,87.5769271850586,164.41533946990967,387.318612575531
142.51196789741516,0.0,87.5769271850586,153.43568897247314,383.5245840549469
146.20127129554749,0.0,109.26434135437012,153.43568897247314,408.90130162239075
146.20127129554749,0.0,120.10021495819092,153.43568897247314,419.73717522621155
146.20127129554749,0.0,120.10021495819092,153.43568897247314,419.73717522621155
146.20127129554749,0.0,120.10021495819092,153.4257516860962,419.7272379398346
146.20127129554749,0.0,109.23529148101807,153.39405059814453,408.8306133747101
146.20127129554749,0.0,109.23529148101807,153.39405059814453,408.8306133747101
131.56188464164734,0.0,109.23529148101807,153.39405059814453,394.19122672080994
109.65313982963562,0.0,130.72885036468506,153.39405059814453,393.7760407924652
109.65313982963562,0.0,130.72885036468506,164.2828664779663,404.664856672287
109.65313982963562,0.0,134.42460918426514,164.2828664779663,408.36061549186707
109.65313982963562,0.0,134.42460918426514,164.2828664779663,408.36061549186707
120.60465121269226,0.0,145.41698169708252,164.2828664779663,430.3044993877411
109.86734175682068,0.0,156.3376235961914,164.2828664779663,430.4878318309784
106.17401671409607,0.0,145.3646593093872,164.2828664779663,415.8215425014496
117.16881728172302,0.0,145.3646593093872,175.24725246429443,437.78072905540466
128.16352152824402,0.0,145.3646593093872,175.24725246429443,448.77543330192566
139.13292479515076,0.0,145.3646593093872,196.38653087615967,480.88411498069763
139.13292479515076,0.0,145.3646593093872,207.3750820159912,491.8726661205292
139.13292479515076,0.0,145.3646593093872,207.3750820159912,491.8726661205292
157.2870740890503,0.0,145.3646593093872,218.28395748138428,520.9356908798218
157.2870740890503,0.0,145.3646593093872,229.250750541687,531.9024839401245
157.2870740890503,0.0,145.3646593093872,218.33805465698242,520.9897880554199
157.2870740890503,0.0,134.450514793396,229.2052707672119,520.9428596496582
157.2870740890503,0.0,123.450514793396,218.31911945343018,499.05670833587646
157.2870740890503,0.0,134.37723064422607,218.31911945343018,509.98342418670654
168.2870740890503,0.0,134.37723064422607,239.03416538238525,541.6984701156616
168.38500595092773,0.0,134.37723064422607,239.03416538238525,541.7964019775391
168.38500595092773,0.0,130.69108200073242,239.03416538238525,538.1102533340454
168.38500595092773,0.0,120.0036678314209,238.87308025360107,527.2617540359497
157.38880252838135,0.0,120.0036678314209,249.7902069091797,527.1826772689819
157.38880252838135,0.0,116.3204493522644,227.8252716064453,501.53452348709106
157.38880252838135,0.0,116.3204493522644,227.8252716064453,501.53452348709106
157.38880252838135,0.0,138.1245846748352,309.5738830566406,605.0872702598572
157.38880252838135,0.0,138.1245846748352,288.4346046447754,583.947991847992
157.38880252838135,0.0,138.1245846748352,288.4346046447754,583.947991847992
157.38880252838135,0.0,138.1245846748352,185.79632663726807,481.3097138404846
157.38404083251953,0.0,127.1245846748352,185.79632663726807,470.3049521446228
157.38404083251953,0.0,127.1245846748352,185.79632663726807,470.3049521446228
157.38404083251953,0.0,127.1245846748352,185.79632663726807,470.3049521446228
190.1307144165039,0.0,127.1245846748352,305.36788272857666,622.6231818199158
186.43175983428955,0.0,105.63102579116821,327.2682762145996,619.3310618400574
186.43175983428955,0.0,105.63102579116821,338.2682762145996,630.3310618400574
186.43175983428955,0.0,105.63102579116821,457.0921211242676,749.1549067497253
186.43175983428955,0.0,105.63102579116821,489.9535799026489,782.0163655281067
186.43175983428955,0.0,105.63102579116821,500.74030017852783,792.8030858039856
186.43175983428955,0.0,83.85339975357056,500.74030017852783,771.0254597663879
186.43175983428955,0.0,233.49686002731323,489.7735004425049,909.7021203041077
197.3171682357788,0.0,233.49686002731323,489.7735004425049,920.5875287055969
197.3171682357788,0.0,233.49686002731323,478.7853364944458,909.5993647575378
197.3171682357788,0.0,222.50448751449585,360.1036071777344,779.925262928009
197.3171682357788,0.0,336.26620626449585,240.53205108642578,774.1154255867004
186.3171682357788,0.0,336.26620626449585,240.53205108642578,763.1154255867004
186.3171682357788,0.0,325.43033266067505,323.0305805206299,834.7780814170837
186.3171682357788,0.0,325.43033266067505,312.1270475387573,823.8745484352112
186.3171682357788,0.0,208.69139528274536,312.1270475387573,707.1356110572815
186.3171682357788,0.0,208.69139528274536,251.0176305770874,646.0261940956116
186.3171682357788,0.0,94.92967653274536,251.0176305770874,532.2644753456116
208.00090312957764,0.0,94.92967653274536,251.0176305770874,553.9482102394104
208.00090312957764,0.0,94.92967653274536,251.0176305770874,553.9482102394104
208.00090312957764,0.0,116.8937783241272,283.8368082046509,608.7314896583557
208.00090312957764,0.0,116.8937783241272,283.8368082046509,608.7314896583557
204.31386804580688,0.0,116.8937783241272,283.8368082046509,605.044454574585
211.55507922172546,0.0,116.8937783241272,292.7582664489746,621.2071239948273
211.55507922172546,0.0,137.7194218635559,292.7582664489746,642.032767534256
211.55507922172546,0.0,137.7194218635559,292.7582664489746,642.032767534256
211.55507922172546,0.0,137.7194218635559,292.7582664489746,642.032767534256
233.37211680412292,0.0,137.7194218635559,292.7582664489746,663.8498051166534
233.37211680412292,0.0,260.0339283943176,292.7582664489746,786.1643116474152
233.37211680412292,0.0,238.03392839431763,303.755033493042,775.1610786914825
233.37211680412292,0.0,227.0539526939392,303.755033493042,764.1811029911041
244.21282172203064,0.0,227.0539526939392,325.4034729003906,796.6702473163605
244.21282172203064,0.0,227.0539526939392,305.5054683685303,776.7722427845001
265.6618936061859,0.0,227.0539526939392,305.5054683685303,798.2213146686554
265.6618936061859,0.0,241.7281458377838,402.4702253341675,909.8602647781372
265.6618936061859,0.0,241.7281458377838,402.4702253341675,909.8602647781372
287.43342757225037,0.0,252.71512627601624,402.4702253341675,942.6187791824341
280.2269344329834,0.0,130.5158178806305,424.400185585022,835.1429378986359
280.2269344329834,0.0,109.69017434120178,424.400185585022,814.3172943592072
280.2269344329834,0.0,120.60772824287415,520.0493040084839,920.8839666843414
269.27427673339844,0.0,131.59737133979797,542.0262975692749,942.8979456424713
269.27427673339844,0.0,131.59737133979797,542.0262975692749,942.8979456424713
269.27427673339844,0.0,131.59737133979797,531.3091878890991,932.1808359622955
269.27427673339844,0.0,131.59737133979797,445.49754524230957,846.369193315506
243.72660303115845,0.0,131.59737133979797,445.49754524230957,820.821519613266
243.72660303115845,0.0,131.59737133979797,434.72265338897705,810.0466277599335
243.72660303115845,0.0,135.2973713874817,423.72265338897705,802.7466278076172
243.72660303115845,0.0,135.2973713874817,423.72265338897705,802.7466278076172
222.27753114700317,0.0,135.2973713874817,317.15817737579346,674.7330799102783
218.58184790611267,10.86882495880127,124.37803792953491,348.0374116897583,701.8661224842072
218.58184790611267,10.86882495880127,124.37803792953491,348.0374116897583,701.8661224842072
218.58184790611267,10.86882495880127,135.2263560295105,348.0374116897583,712.7144405841827
222.27317190170288,10.86882495880127,146.2263560295105,337.2506914138794,716.619044303894
222.27317190170288,10.86882495880127,146.2263560295105,326.3834753036499,705.7518281936646
222.27317190170288,10.86882495880127,146.2263560295105,326.3834753036499,705.7518281936646
222.27740454673767,10.86882495880127,167.8975043296814,326.3834753036499,727.4272091388702
233.2538125514984,10.86882495880127,167.8975043296814,326.3834753036499,738.403617143631
236.9427354335785,10.86882495880127,156.82885026931763,337.2677164077759,741.9081270694733
247.89247012138367,10.86882495880127,156.82885026931763,337.2677164077759,752.8578617572784
258.7887637615204,10.86882495880127,145.90820837020874,337.2677164077759,752.8335134983063
258.7887637615204,10.86882495880127,145.90820837020874,306.411958694458,721.9777557849884
269.6610486507416,10.86882495880127,167.8817572593689,306.411958694458,754.8235895633698
269.6610486507416,10.86882495880127,276.708562374115,306.411958694458,863.6503946781158
226.0954988002777,10.86882495880127,276.708562374115,306.411958694458,820.084844827652
226.0954988002777,10.86882495880127,276.708562374115,306.411958694458,820.084844827652
226.0954988002777,10.86882495880127,290.8512454032898,295.3727569580078,823.1883261203766
229.78796768188477,10.86882495880127,290.8512454032898,295.3727569580078,826.8807950019836
229.765531539917,10.86882495880127,301.78738355636597,306.311824798584,848.7335648536682
229.765531539917,10.86882495880127,287.64470052719116,306.311824798584,834.5908818244934
251.55914497375488,10.86882495880127,287.64470052719116,306.311824798584,856.3844952583313
251.55914497375488,10.86882495880127,283.94677448272705,317.27010345458984,863.644847869873
229.87541007995605,10.86882495880127,273.020058631897,306.27333641052246,820.0376300811768
240.8508539199829,10.86882495880127,294.60412311553955,306.27333641052246,852.5971384048462
229.66737937927246,10.86882495880127,185.77731800079346,306.31457328796387,732.628095626831
229.66737937927246,10.86882495880127,174.92899990081787,306.31457328796387,721.7797775268555
207.70317554473877,10.86882495880127,174.92899990081787,306.31457328796387,699.8155736923218
207.70317554473877,10.86882495880127,174.92899990081787,419.3147211074829,812.8157215118408
207.70317554473877,10.86882495880127,174.92899990081787,419.3147211074829,812.8157215118408
207.70317554473877,10.86882495880127,185.8877830505371,419.3147211074829,823.7745046615601
207.70317554473877,10.86882495880127,185.8877830505371,538.9586372375488,943.418420791626
207.70317554473877,10.86882495880127,185.8877830505371,538.9586372375488,943.418420791626
207.70560669898987,10.86882495880127,164.30371856689453,560.8844776153564,943.7626278400421
218.66180729866028,10.86882495880127,164.30371856689453,549.7819404602051,943.6162912845612
240.45822072029114,10.86882495880127,164.30371856689453,528.1335010528564,943.7642652988434
240.45822072029114,10.86882495880127,164.30371856689453,415.0972080230713,830.7279722690582
240.45822072029114,10.86882495880127,164.30371856689453,415.0972080230713,830.7279722690582
262.02663922309875,10.86882495880127,164.30371856689453,415.0972080230713,852.2963907718658
262.10658955574036,21.76538372039795,164.30371856689453,415.0972080230713,863.2728998661041
283.9945156574249,21.76538372039795,164.30371856689453,415.0972080230713,885.1608259677887
283.9945156574249,21.76538372039795,175.19050407409668,284.45998764038086,765.4103910923004
294.8747293949127,21.76538372039795,175.19050407409668,273.4907293319702,765.3213465213776
298.57472944259644,21.76538372039795,196.86926078796387,273.4907293319702,790.7001032829285
298.57472944259644,21.76538372039795,196.86926078796387,273.4907293319702,790.7001032829285
298.57472944259644,21.76538372039795,174.8957118988037,273.4907293319702,768.7265543937683
298.57472944259644,21.76538372039795,185.54998302459717,273.4907293319702,779.3808255195618
298.57472944259644,32.69007110595703,185.54998302459717,273.4907293319702,790.3055129051208
320.4779314994812,32.69007110595703,185.54998302459717,295.30268001556396,834.0206656455994
346.0959703922272,32.69007110595703,185.54998302459717,284.34636402130127,848.6823885440826
346.0959703922272,32.69007110595703,185.54998302459717,273.37957096099854,837.7155954837799
356.9505684375763,32.69007110595703,185.54998302459717,273.37957096099854,848.570193529129
349.80128049850464,32.69007110595703,185.54998302459717,273.37957096099854,841.4209055900574
339.20614671707153,32.69007110595703,185.54998302459717,273.37957096099854,830.8257718086243
324.8725836277008,76.44059753417969,196.54998302459717,273.37957096099854,871.2427351474762
324.8725836277008,76.44059753417969,196.54998302459717,273.37957096099854,871.2427351474762
324.8725836277008,76.44059753417969,174.87883472442627,273.37957096099854,849.5715868473053
324.8725836277008,76.44059753417969,174.87883472442627,262.4624443054199,838.6544601917267
346.78967690467834,98.02606010437012,174.87883472442627,262.4624443054199,882.1570160388947
335.91739201545715,98.02606010437012,174.87883472442627,251.48948192596436,860.3117687702179
346.91739201545715,98.02606010437012,207.70169258117676,251.48948192596436,904.1346266269684
368.7151892185211,98.02606010437012,207.70169258117676,251.48948192596436,925.9324238300323
346.74764466285706,98.02606010437012,218.6665449142456,251.48948192596436,914.9297316074371
335.96240735054016,98.02606010437012,229.6132688522339,262.48948192596436,926.0912182331085
314.0744812488556,98.02606010437012,229.6132688522339,262.48948192596436,904.203292131424
314.0744812488556,98.02606010437012,229.6132688522339,262.2501058578491,903.9639160633087
314.0744812488556,109.02606010437012,251.41017055511475,251.31681632995605,925.8275282382965
335.72413659095764,109.02606010437012,255.11017060279846,251.31681632995605,951.1771836280823
335.72413659095764,141.7293758392334,276.8659269809723,262.22086334228516,1016.5403027534485
346.6511776447296,141.7293758392334,287.8230936527252,262.22086334228516,1038.4245104789734
346.6511776447296,141.7293758392334,287.8230936527252,262.22086334228516,1038.4245104789734
350.32602882385254,141.7293758392334,287.8230936527252,262.22086334228516,1042.0993616580963
350.32602882385254,141.7293758392334,287.8230936527252,262.22086334228516,1042.0993616580963
361.2093753814697,141.7293758392334,287.8230936527252,262.22086334228516,1052.9827082157135
375.7605140209198,141.7293758392334,287.8230936527252,273.10239601135254,1078.415379524231
385.8718593120575,141.7293758392334,276.90553975105286,273.10239601135254,1077.6091709136963
451.304354429245,152.4528398513794,265.91855931282043,283.89299488067627,1153.568748474121
454.9948425292969,152.4528398513794,265.91855931282043,283.89299488067627,1157.259236574173
454.9948425292969,152.4528398513794,276.8108398914337,283.89299488067627,1168.1515171527863
454.9948425292969,152.4528398513794,265.8108398914337,261.96715450286865,1135.2256767749786
454.9948425292969,174.4117612838745,265.8108398914337,261.96715450286865,1157.1845982074738
458.6806552410126,174.4117612838745,265.8108398914337,261.96715450286865,1160.8704109191895
469.555951833725,196.21141719818115,287.6631634235382,261.96715450286865,1215.397686958313
469.555951833725,185.31485843658447,287.4384853839874,240.03619575500488,1182.3454914093018
458.6897294521332,185.31485843658447,287.4384853839874,229.10947704315186,1160.552550315857
462.38684034347534,196.31485843658447,276.54303765296936,229.10947704315186,1164.354213476181
497.99161028862,217.7782106399536,276.54303765296936,218.17862510681152,1210.4914836883545
497.99161028862,206.50267791748047,287.43964982032776,207.2970552444458,1199.230993270874
530.8102128505707,206.50267791748047,265.76089310646057,218.46377563476562,1221.5375595092773
552.8100221157074,162.7521514892578,265.76089310646057,218.46377563476562,1199.7868423461914
552.8100221157074,162.7521514892578,243.90856957435608,196.65182495117188,1156.1225681304932
541.8299634456635,162.7521514892578,233.34977555274963,185.71047019958496,1123.6423606872559
531.647519826889,162.7521514892578,233.34977555274963,174.8565444946289,1102.6059913635254
535.3247561454773,203.83395195007324,222.34977555274963,174.73358726501465,1136.2420709133148
535.3247561454773,214.60637664794922,222.34977555274963,174.73358726501465,1147.0144956111908
513.6082119941711,214.60637664794922,222.34977555274963,174.73358726501465,1125.2979514598846
506.31914615631104,215.07294940948486,211.3601324558258,174.73358726501465,1107.4858152866364
513.6787371635437,193.3649091720581,211.3601324558258,174.73358726501465,1093.1373660564423
560.1534080505371,204.24157619476318,211.3601324558258,163.73358726501465,1139.4887039661407
560.1534080505371,225.3660364151001,222.27341675758362,174.6447048187256,1182.4375660419464
582.1377010345459,246.66396808624268,222.27341675758362,185.57619285583496,1236.6512787342072
593.0631122589111,226.87340831756592,222.27341675758362,174.60118579864502,1216.8111231327057
593.0631122589111,226.87340831756592,290.5309317111969,152.75872230529785,1263.2261745929718
571.2611083984375,237.87340831756592,290.5309317111969,152.75872230529785,1252.4241707324982
593.1778545379639,237.87340831756592,290.5309317111969,152.75872230529785,1274.3409168720245
607.815438747406,237.87340831756592,322.5180380344391,152.75872230529785,1320.9656074047089
629.5589623451233,237.87340831756592,431.6710226535797,163.62721347808838,1462.7306067943573
629.5589623451233,259.8734083175659,424.3872699737549,152.66893482208252,1466.4885754585266
618.6787486076355,259.8734083175659,413.3872699737549,141.75284099578857,1433.6922678947449
618.6787486076355,259.8734083175659,413.3872699737549,141.75284099578857,1433.6922678947449
607.7824549674988,259.8734083175659,413.3872699737549,152.71158409118652,1433.754717350006
622.4219205379486,259.8734083175659,413.3872699737549,152.71158409118652,1448.394182920456
622.390421628952,260.4968423843384,313.1426486968994,152.71158409118652,1348.7414968013763
590.53750872612,271.4968423843384,313.1426486968994,152.71158409118652,1327.8885838985443
591.210152387619,238.53792095184326,291.34574699401855,163.69648456573486,1284.7903048992157
612.9988639354706,238.53792095184326,320.67166328430176,152.82202816009521,1325.0304763317108
634.6617438793182,260.5231409072876,222.51867866516113,152.82202816009521,1270.5255916118622
612.6911857128143,260.5231409072876,204.2187557220459,163.82202816009521,1241.255110502243
594.8501174449921,271.6767930984497,204.2187557220459,163.82202816009521,1234.5676944255829
605.7348048686981,271.79889583587646,204.2187557220459,174.78886222839355,1256.541318655014
627.6608140468597,292.7510919570923,204.2187557220459,163.85737419128418,1288.488035917282
627.7003209590912,270.7510919570923,182.46299934387207,184.62538719177246,1265.539799451828
642.284460067749,248.95143604278564,182.46299934387207,173.6863193511963,1247.385214805603
653.2214612960815,248.95143604278564,204.27171325683594,173.6863193511963,1280.1309299468994
707.3925304412842,238.02674865722656,182.58106994628906,162.6905517578125,1290.6909008026123
724.9876084327698,195.4389362335205,182.58106994628906,162.6905517578125,1265.6981663703918
754.2807865142822,203.16271209716797,182.58106994628906,173.67751026153564,1313.702078819275
794.5757074356079,203.16271209716797,171.63434600830078,162.77346324920654,1332.1462287902832
838.2825183868408,184.44366073608398,171.63434600830078,152.75355052947998,1347.1140756607056
838.2825183868408,142.60124397277832,171.60312271118164,152.75355052947998,1305.2404356002808
881.9024391174316,142.60124397277832,171.60312271118164,141.9441556930542,1338.0509614944458
907.1856889724731,142.60124397277832,171.60312271118164,141.9441556930542,1363.3342113494873
929.0639047622681,131.60124397277832,171.60312271118164,141.9441556930542,1374.2124271392822
929.0386571884155,131.60124397277832,171.60312271118164,131.06824207305908,1363.3112659454346
961.1971158981323,131.2873249053955,171.60312271118164,131.06824207305908,1395.1558055877686
979.4715127944946,131.2873249053955,171.60312271118164,131.06824207305908,1413.4302024841309
1004.9998409748077,131.2873249053955,171.60312271118164,142.02452754974365,1449.9148161411285
1073.0707955360413,131.2873249053955,171.60312271118164,131.27642726898193,1507.2376704216003
1120.4716777801514,152.99239349365234,160.6443395614624,142.24993228912354,1576.3583431243896
1145.9360859394073,152.99239349365234,149.6443395614624,142.24993228912354,1590.8227512836456
1160.5727100372314,131.007173538208,149.6443395614624,153.13455486297607,1594.358777999878
1196.9112310409546,131.007173538208,149.6443395614624,173.92328357696533,1651.4860277175903
1239.9792222976685,131.007173538208,160.625337600708,173.92328357696533,1705.5350170135498
1243.1396844387054,131.007173538208,149.7287254333496,152.1643533706665,1676.0399367809296
1243.1396844387054,152.31077194213867,149.7287254333496,152.1643533706665,1697.3435351848602
1272.1881530284882,184.4489231109619,149.7287254333496,152.1643533706665,1758.5301549434662
1279.0880935192108,184.4489231109619,149.7287254333496,152.1643533706665,1765.4300954341888
1315.7070138454437,206.4489231109619,149.7287254333496,152.1643533706665,1824.0490157604218
1366.9635968208313,206.4489231109619,149.7287254333496,152.1643533706665,1875.3055987358093
1371.024804353714,206.4489231109619,149.7287254333496,152.1643533706665,1879.366806268692
1360.1534702777863,206.4489231109619,127.82118892669678,131.37562465667725,1825.7992069721222
1435.9004604816437,206.4489231109619,127.82118892669678,153.17140674591064,1923.341979265213
1455.2211828231812,206.4489231109619,127.82118892669678,153.17140674591064,1942.6627016067505
1480.8677010536194,195.76284217834473,127.82118892669678,153.17140674591064,1957.6231389045715
1528.2061092853546,195.76284217834473,116.86402225494385,153.17140674591064,1994.0043804645538
1532.4975492954254,195.76284217834473,116.86402225494385,153.17140674591064,1998.2958204746246
1618.4161200523376,195.76284217834473,116.86402225494385,152.99780750274658,2084.040791988373
1662.1167187690735,195.76284217834473,116.86402225494385,152.99780750274658,2127.7413907051086
1640.435034275055,195.7710075378418,127.5919418334961,152.99780750274658,2116.7957911491394
1683.5111260414124,195.7710075378418,127.5919418334961,163.99780750274658,2170.871882915497
1709.1211898326874,195.7710075378418,127.5919418334961,163.99780750274658,2196.481946706772
1737.4931275844574,195.7710075378418,131.2919418811798,174.9183578491211,2239.4744348526
1758.3729856014252,195.7710075378418,127.5919418334961,174.9183578491211,2256.654292821884
1773.0337450504303,195.7710075378418,112.97865748405457,174.9183578491211,2256.7017679214478
1776.893968820572,217.52213668823242,91.06587862968445,286.1395721435547,2371.6215562820435
1766.1586077213287,217.52213668823242,69.20874571800232,286.1395721435547,2339.029062271118
1745.7354929447174,217.52213668823242,69.20874571800232,286.1395721435547,2318.605947494507
1738.4409346580505,195.6074619293213,69.20874571800232,286.1395721435547,2289.396714448929
1749.5094389915466,195.6074619293213,65.5087456703186,275.22845458984375,2285.8541011810303
1735.5633609294891,195.6074619293213,65.5087456703186,275.22845458984375,2271.908023118973
1760.8224692344666,206.50847339630127,65.5087456703186,275.22845458984375,2308.06814289093
1711.4064311981201,206.50847339630127,65.5087456703186,275.22845458984375,2258.6521048545837
1743.9231193065643,162.50847339630127,65.5087456703186,275.22845458984375,2247.168792963028
1730.3856222629547,130.48548984527588,65.5087456703186,275.22845458984375,2201.608312368393
1763.061503648758,130.48548984527588,65.5087456703186,275.22845458984375,2234.284193754196
1715.9689691066742,109.18189144134521,65.5087456703186,153.11641693115234,2043.7760231494904
1734.064858675003,109.18189144134521,65.5087456703186,153.24792575836182,2062.0034215450287
1748.7078595161438,109.18189144134521,65.5087456703186,333.58757495880127,2256.986071586609
1752.755982875824,87.25581455230713,65.5087456703186,333.58757495880127,2239.108118057251
1756.6380376815796,87.25581455230713,43.700031757354736,333.58757495880127,2221.1814589500427
1716.7480931282043,109.25581455230713,43.700031757354736,333.58757495880127,2203.2915143966675
1705.7970461845398,120.25581455230713,43.700031757354736,333.58757495880127,2203.340467453003
1745.8832392692566,120.25581455230713,43.700031757354736,333.58757495880127,2243.4266605377197
1742.3027396202087,120.25581455230713,43.700031757354736,322.6006164550781,2228.8592023849487
1746.2264411449432,120.25581455230713,32.795116901397705,322.6006164550781,2221.877989053726
1717.7390871047974,120.25581455230713,32.795116901397705,322.6006164550781,2193.3906350135803
1710.441243648529,120.25581455230713,32.795116901397705,322.6006164550781,2186.092791557312
1800.8297588825226,120.25581455230713,32.795116901397705,206.29344940185547,2160.174139738083
1859.1246559619904,131.21302032470703,32.795116901397705,206.29344940185547,2229.4262425899506
1851.7775242328644,131.21302032470703,32.795116901397705,206.29344940185547,2222.0791108608246
1877.3938982486725,131.21302032470703,32.795116901397705,206.29344940185547,2247.6954848766327
1892.367755651474,98.5079517364502,152.59478425979614,206.29344940185547,2349.763941049576
1914.2109370231628,98.5079517364502,152.59478425979614,195.40768432617188,2360.721357345581
1948.5303301811218,109.44846820831299,141.8668646812439,195.40768432617188,2395.2533473968506
1966.9077475070953,108.67397022247314,141.8668646812439,195.40768432617188,2412.8562667369843
1980.0500469207764,119.67397022247314,141.8668646812439,217.09024620056152,2458.681128025055
2008.9670662879944,119.67397022247314,145.5668647289276,217.09024620056152,2491.2981474399567
2000.3341794013977,119.67397022247314,145.5668647289276,217.09024620056152,2482.66526055336
2032.4776072502136,119.67397022247314,145.5668647289276,217.09024620056152,2514.808688402176
2032.3600373268127,119.67397022247314,145.5668647289276,195.94334602355957,2493.544218301773
2075.4151482582092,119.67397022247314,145.5702633857727,174.6851749420166,2515.3445568084717
2057.415230512619,119.67397022247314,25.770596027374268,174.6851749420166,2377.544971704483
2124.640352010727,119.67397022247314,25.770596027374268,163.6867733001709,2433.7716915607452
2128.4592909812927,119.67397022247314,25.770596027374268,163.6867733001709,2437.590630531311
2143.381493330002,119.67397022247314,25.770596027374268,163.6867733001709,2452.51283288002
2118.174387693405,119.67397022247314,25.770596027374268,163.6867733001709,2427.3057272434235
2085.49760222435,119.67397022247314,25.770596027374268,163.6867733001709,2394.6289417743683
2107.145852804184,119.67397022247314,25.770596027374268,163.6867733001709,2416.2771923542023
2139.72962641716,119.67397022247314,22.07059597969055,131.2329616546631,2412.707154273987
2172.224273443222,141.48669910430908,22.07059597969055,120.27421855926514,2456.055787086487
2157.5438656806946,141.48669910430908,22.07059597969055,120.27421855926514,2441.3753793239594
2183.0611188411713,141.48669910430908,22.07059597969055,120.27421855926514,2466.892632484436
2216.0008161067963,130.5880937576294,22.07059597969055,120.27421855926514,2488.9337244033813
2327.221980571747,130.5880937576294,22.07059597969055,120.27421855926514,2600.154888868332
2353.1266536712646,108.83696460723877,22.07059597969055,120.27421855926514,2604.308432817459
2345.5213570594788,108.83696460723877,22.07059597969055,120.27421855926514,2596.703136205673
2301.947943210602,108.83696460723877,22.07059597969055,109.3895959854126,2542.2450997829437
2309.5386114120483,87.61146259307861,22.07059597969055,109.3895959854126,2528.61026597023
2338.7958014011383,87.61146259307861,22.07059597969055,76.72213363647461,2525.199993610382
2360.5759007930756,87.61146259307861,22.07059597969055,76.72213363647461,2546.9800930023193
2371.2406623363495,87.61146259307861,22.07059597969055,76.72213363647461,2557.6448545455933
2369.0213539600372,65.61146259307861,22.07059597969055,76.72213363647461,2533.425546169281
2451.9681899547577,65.61146259307861,22.07059597969055,76.72213363647461,2616.3723821640015
2500.587597846985,65.61146259307861,22.07059597969055,76.72213363647461,2664.9917900562286
2527.8780901432037,65.61146259307861,22.07059597969055,76.72213363647461,2692.2822823524475
2568.9437296390533,65.61146259307861,22.07059597969055,76.72213363647461,2733.347921848297
2554.4202308654785,65.61146259307861,11.089597940444946,76.72213363647461,2707.8434250354767
2558.0324668884277,65.61146259307861,11.089597940444946,76.72213363647461,2711.455661058426
2583.3628215789795,65.61146259307861,11.089597940444946,76.72213363647461,2736.7860157489777
2594.331413269043,54.61146259307861,11.089597940444946,76.72213363647461,2736.754607439041
2598.981728553772,54.61146259307861,11.089597940444946,76.72213363647461,2741.40492272377
2588.0718171596527,54.61146259307861,11.089597940444946,76.72213363647461,2730.495011329651
2588.132735013962,54.61146259307861,11.089597940444946,65.72213363647461,2719.55592918396
2631.420282125473,54.61146259307861,11.089597940444946,65.72213363647461,2762.843476295471
2645.7605657577515,54.61146259307861,11.089597940444946,65.72213363647461,2777.1837599277496
2656.7951629161835,54.61146259307861,11.089597940444946,65.72213363647461,2788.2183570861816
2594.8844339847565,54.61146259307861,11.089597940444946,65.72213363647461,2726.3076281547546
2562.653400659561,54.61146259307861,11.089597940444946,65.72213363647461,2694.0765948295593
2586.9705708026886,54.61146259307861,11.089597940444946,65.72213363647461,2718.3937649726868
2575.546117782593,54.61146259307861,11.089597940444946,65.72213363647461,2706.969311952591
2568.518477201462,54.61146259307861,11.089597940444946,65.72213363647461,2699.94167137146
2528.9335634708405,54.61146259307861,11.089597940444946,65.72213363647461,2660.3567576408386
2550.8807604312897,54.61146259307861,11.089597940444946,65.72213363647461,2682.303954601288
2555.5195019245148,54.61146259307861,11.089597940444946,65.72213363647461,2686.942696094513
2601.9889974594116,54.61146259307861,11.089597940444946,54.8015832901001,2722.4916412830353
2605.83829498291,54.61146259307861,11.089597940444946,54.8015832901001,2726.340938806534
2591.3423454761505,54.61146259307861,11.089597940444946,54.8015832901001,2711.844989299774
2570.19060921669,54.61146259307861,11.089597940444946,54.8015832901001,2690.6932530403137
2623.5234365463257,54.61146259307861,11.089597940444946,54.8015832901001,2744.0260803699493
2663.57541847229,54.61146259307861,11.089597940444946,43.8015832901001,2773.0780622959137
2689.7673482894897,54.61146259307861,11.089597940444946,43.8015832901001,2799.2699921131134
2675.1126997470856,54.61146259307861,11.089597940444946,32.828078269958496,2773.6418385505676
2632.045209169388,54.61146259307861,11.089597940444946,32.828078269958496,2730.57434797287
2617.1326932907104,43.67094612121582,11.089597940444946,32.828078269958496,2704.7213156223297
2598.868942975998,43.67094612121582,11.089597940444946,32.828078269958496,2686.457565307617
2603.7284138202667,43.67094612121582,11.089597940444946,32.828078269958496,2691.317036151886
2610.84717130661,21.858217239379883,11.089597940444946,32.828078269958496,2676.6230647563934
2614.700753927231,10.90101146697998,11.089597940444946,32.828078269958496,2669.5194416046143
2607.5526361465454,10.90101146697998,11.089597940444946,21.861244201660156,2651.4044897556305
2618.444359779358,10.90101146697998,11.089597940444946,21.861244201660156,2662.296213388443
2629.425365924835,10.90101146697998,11.089597940444946,10.904958724975586,2662.3209340572357
2640.5397934913635,10.90101146697998,11.089597940444946,10.904958724975586,2673.435361623764
2657.69544172287,10.90101146697998,11.089597940444946,10.904958724975586,2690.5910098552704
2639.495735168457,10.90101146697998,11.089597940444946,10.904958724975586,2672.3913033008575
2636.602330684662,10.90101146697998,11.089597940444946,10.904958724975586,2669.4978988170624
2625.6710896492004,10.90101146697998,11.089597940444946,10.904958724975586,2658.566657781601
2615.2425026893616,10.90101146697998,11.089597940444946,10.904958724975586,2648.138070821762
2586.2685832977295,10.90101146697998,11.089597940444946,10.904958724975586,2619.16415143013
2586.190311193466,10.90101146697998,11.089597940444946,21.661527633666992,2629.842448234558
2582.654399394989,31.922423362731934,11.089597940444946,43.66152763366699,2669.327948331833
2546.954460144043,31.922423362731934,11.089597940444946,43.66152763366699,2633.628009080887
2529.0693624019623,31.922423362731934,11.089597940444946,43.66152763366699,2615.742911338806
2503.739726305008,31.922423362731934,11.089597940444946,43.66152763366699,2590.413275241852
2496.5124611854553,31.922423362731934,11.089597940444946,43.66152763366699,2583.186010122299
2478.714663505554,21.021411895751953,11.089597940444946,43.66152763366699,2554.487200975418
2435.379346370697,21.021411895751953,11.089597940444946,43.66152763366699,2511.151883840561
2395.2115161418915,21.021411895751953,11.089597940444946,43.66152763366699,2470.9840536117554
2326.01779794693,21.021411895751953,11.089597940444946,32.756568908691406,2390.8853766918182
2304.180356502533,21.021411895751953,22.005645036697388,32.756568908691406,2379.9639823436737
2282.604118824005,21.021411895751953,22.005645036697388,32.756568908691406,2358.387744665146
2279.297990322113,21.021411895751953,22.005645036697388,43.756568908691406,2366.081616163254
2257.3984570503235,21.021411895751953,22.005645036697388,43.756568908691406,2344.1820828914642
2257.264855861664,21.021411895751953,22.005645036697388,21.756568908691406,2322.0484817028046
2257.185188770294,21.021411895751953,22.005645036697388,21.756568908691406,2321.968814611435
2243.000650405884,21.021411895751953,22.005645036697388,21.756568908691406,2307.7842762470245
2286.4945821762085,21.021411895751953,22.005645036697388,21.756568908691406,2351.2782080173492
2264.633502960205,21.021411895751953,22.005645036697388,21.756568908691406,2329.417128801346
2253.633502960205,21.021411895751953,22.005645036697388,21.756568908691406,2318.417128801346
2235.518923521042,21.021411895751953,22.005645036697388,21.756568908691406,2300.3025493621826
2245.803588628769,0.0,22.005645036697388,21.756568908691406,2289.5658025741577
2245.683073759079,0.0,22.005645036697388,21.756568908691406,2289.445287704468
2234.761602163315,0.0,22.005645036697388,21.756568908691406,2278.5238161087036
2184.1577203273773,0.0,65.2294590473175,21.756568908691406,2271.1437482833862
2184.1244752407074,0.0,65.2294590473175,21.756568908691406,2271.1105031967163
2231.6731221675873,0.0,65.2294590473175,21.756568908691406,2318.659150123596
2231.6892075538635,0.0,65.2294590473175,21.756568908691406,2318.6752355098724
2220.7611622810364,0.0,76.19761490821838,21.756568908691406,2318.715346097946
2172.837894678116,0.0,76.19761490821838,21.756568908691406,2270.7920784950256
2111.183822631836,0.0,76.19761490821838,21.756568908691406,2209.1380064487457
2114.8426122665405,0.0,76.19761490821838,21.756568908691406,2212.7967960834503
2100.277573108673,0.0,76.19761490821838,21.756568908691406,2198.231756925583
2045.7159085273743,0.0,76.19761490821838,21.756568908691406,2143.670092344284
2071.785629272461,0.0,98.0332338809967,21.756568908691406,2191.575432062149
1998.7875559329987,0.0,98.0332338809967,11.0,2107.8207898139954
2016.7647874355316,0.0,98.0332338809967,11.0,2125.7980213165283
2020.464388370514,0.0,98.0332338809967,11.0,2129.4976222515106
2009.6273560523987,0.0,98.0332338809967,11.0,2118.6605899333954
1933.0694327354431,0.0,98.0332338809967,11.0,2042.1026666164398
1866.3009486198425,0.0,98.0332338809967,11.0,1975.3341825008392
1855.4264855384827,0.0,98.0332338809967,11.0,1964.4597194194794
1844.4962821006775,0.0,98.0332338809967,11.0,1953.5295159816742
1833.5168690681458,0.0,98.0332338809967,11.0,1942.5501029491425
1837.2527117729187,0.0,98.0332338809967,11.0,1946.2859456539154
1815.222276210785,0.0,98.0332338809967,11.0,1924.2555100917816
1724.6581251621246,0.0,98.0332338809967,11.0,1833.6913590431213
1715.3946106433868,0.0,98.0332338809967,11.0,1824.4278445243835
1715.3946106433868,0.0,98.0332338809967,11.0,1824.4278445243835
1690.0329329967499,0.0,98.0332338809967,11.0,1799.0661668777466
1722.154991865158,0.0,98.0332338809967,11.0,1831.1882257461548
1700.3512618541718,0.0,98.0332338809967,11.0,1809.3844957351685
1667.5369832515717,0.0,87.11718678474426,11.0,1765.654170036316
1663.8571562767029,0.0,87.11718678474426,11.0,1761.9743430614471
1623.6094744205475,0.0,76.14903092384338,11.0,1710.7585053443909
1612.5398299694061,0.0,79.8490309715271,11.0,1703.3888609409332
1565.132250547409,0.0,79.8490309715271,11.0,1655.9812815189362
1550.5908961296082,0.0,79.8490309715271,11.0,1641.4399271011353
1535.9457108974457,0.0,79.8490309715271,11.0,1626.7947418689728
1525.009694814682,0.0,79.8490309715271,11.0,1615.858725786209
1459.641411781311,0.0,79.8490309715271,11.0,1550.4904427528381
1459.641411781311,0.0,79.8490309715271,11.0,1550.4904427528381
1448.6468172073364,0.0,79.8490309715271,11.0,1539.4958481788635
1437.730034828186,0.0,79.8490309715271,11.0,1528.5790657997131
1416.135437965393,0.0,79.8490309715271,11.0,1506.9844689369202
1390.6618344783783,0.0,79.8490309715271,11.0,1481.5108654499054
1376.0292463302612,0.0,61.99979209899902,11.0,1449.0290384292603
1339.5210537910461,0.0,80.26295781135559,11.0,1430.7840116024017
1328.5843319892883,0.0,91.24307942390442,11.0,1430.8274114131927
1317.710214138031,0.0,91.24307942390442,11.0,1419.9532935619354
1328.364456653595,0.0,91.24307942390442,11.0,1430.6075360774994
1324.6722784042358,0.0,91.24307942390442,11.0,1426.9153578281403
1284.4330978393555,0.0,87.54830121994019,11.0,1382.9813990592957
1258.9341707229614,0.0,87.54830121994019,11.0,1357.4824719429016
1222.2127318382263,0.0,98.43905305862427,11.0,1331.6517848968506
1200.267962694168,0.0,98.43905305862427,11.0,1309.7070157527924
1175.2198588848114,0.0,76.73913812637329,11.0,1262.9589970111847
1145.9594407081604,0.0,76.73913812637329,11.0,1233.6985788345337
1153.3309676647186,0.0,76.73913812637329,11.0,1241.070105791092
1175.239226102829,0.0,76.73913812637329,11.0,1262.9783642292023
1164.3305613994598,0.0,76.73913812637329,11.0,1252.0696995258331
1142.4392278194427,0.0,76.73913812637329,0.0,1219.178365945816
1109.7124116420746,0.0,76.73913812637329,0.0,1186.4515497684479
1076.842624425888,0.0,87.70205354690552,0.0,1164.5446779727936
1069.4603548049927,0.0,87.70205354690552,0.0,1157.1624083518982
1054.829675912857,0.0,87.70205354690552,10.997177124023438,1153.528906583786
1043.8521168231964,0.0,87.70205354690552,10.997177124023438,1142.5513474941254
1020.7738687992096,0.0,87.70205354690552,10.997177124023438,1119.4730994701385
1006.3968844413757,0.0,87.70205354690552,10.997177124023438,1105.0961151123047
1003.9799971580505,0.0,87.70205354690552,10.997177124023438,1102.6792278289795
1014.9851174354553,0.0,87.70205354690552,10.997177124023438,1113.6843481063843
993.102792263031,0.0,98.6674599647522,10.997177124023438,1102.7674293518066
993.0540051460266,0.0,98.6674599647522,10.997177124023438,1102.7186422348022
971.1443257331848,0.0,98.6674599647522,10.997177124023438,1080.8089628219604
956.5118849277496,0.0,98.6674599647522,10.997177124023438,1066.1765220165253
956.77450299263,0.0,76.83184099197388,10.997177124023438,1044.6035211086273
956.77450299263,0.0,76.83184099197388,10.997177124023438,1044.6035211086273
956.77450299263,0.0,76.83184099197388,10.997177124023438,1044.6035211086273
945.8602697849274,0.0,87.73743963241577,10.997177124023438,1044.5948865413666
938.6273486614227,0.0,87.73743963241577,10.997177124023438,1037.361965417862
931.440267086029,0.0,84.03743958473206,10.997177124023438,1026.4748837947845
942.3690104484558,0.0,84.03743958473206,10.997177124023438,1037.4036271572113
935.0310966968536,0.0,84.03743958473206,10.997177124023438,1030.0657134056091
924.1465198993683,0.0,84.03743958473206,10.997177124023438,1019.1811366081238
902.4368908405304,0.0,84.03743958473206,10.997177124023438,997.4715075492859
920.5803518295288,0.0,84.03743958473206,10.997177124023438,1015.6149685382843
898.6621837615967,0.0,84.03743958473206,10.997177124023438,993.6968004703522
884.0428645610809,0.0,84.03743958473206,10.997177124023438,979.0774812698364
894.6522538661957,0.0,84.03743958473206,10.997177124023438,989.6868705749512
887.2813153266907,0.0,84.03743958473206,10.997177124023438,982.3159320354462
872.6071689128876,0.0,84.03743958473206,10.997177124023438,967.6417856216431
861.6858193874359,0.0,62.078611612319946,10.997177124023438,934.7616081237793
858.0093159675598,0.0,62.078611612319946,10.997177124023438,931.0851047039032
865.2689974308014,0.0,62.078611612319946,10.997177124023438,938.3447861671448
857.8877334594727,0.0,62.078611612319946,10.997177124023438,930.963522195816
854.2003781795502,0.0,62.078611612319946,10.997177124023438,927.2761669158936
868.9448020458221,0.0,62.078611612319946,10.997177124023438,942.0205907821655
847.2460691928864,0.0,62.078611612319946,10.997177124023438,920.3218579292297
847.1870005130768,0.0,62.078611612319946,10.997177124023438,920.2627892494202
836.3624031543732,0.0,62.078611612319946,10.997177124023438,909.4381918907166
836.3624031543732,0.0,62.078611612319946,10.997177124023438,909.4381918907166
810.7097806930542,0.0,62.078611612319946,10.997177124023438,883.7855694293976
756.6022281646729,0.0,62.078611612319946,10.997177124023438,829.6780169010162
752.9061939716339,0.0,62.078611612319946,21.96786880493164,836.9526743888855
727.4350600242615,0.0,62.078611612319946,21.96786880493164,811.4815404415131
727.4350600242615,0.0,73.07861161231995,21.96786880493164,822.4815404415131
731.2099225521088,0.0,73.07861161231995,21.96786880493164,826.2564029693604
720.2511146068573,0.0,73.07861161231995,21.96786880493164,815.2975950241089
742.0209090709686,0.0,83.90945172309875,21.96786880493164,847.898229598999
745.6110150814056,0.0,83.90945172309875,21.96786880493164,851.488335609436
741.9219825267792,0.0,83.90945172309875,21.96786880493164,847.7993030548096
745.6123020648956,0.0,83.90945172309875,21.96786880493164,851.489622592926
738.4011752605438,0.0,83.90945172309875,21.96786880493164,844.2784957885742
738.4011752605438,0.0,83.90945172309875,21.96786880493164,844.2784957885742
738.4011752605438,0.0,83.90945172309875,21.96786880493164,844.2784957885742
716.4929168224335,0.0,83.90945172309875,21.96786880493164,822.3702373504639
705.4327976703644,0.0,83.90945172309875,21.96786880493164,811.3101181983948
694.5168154239655,0.0,83.90945172309875,21.96786880493164,800.3941359519958
716.0918800830841,0.0,83.90945172309875,21.96786880493164,821.9692006111145
716.0918800830841,0.0,83.90945172309875,21.96786880493164,821.9692006111145
705.1563937664032,0.0,83.90945172309875,21.96786880493164,811.0337142944336
690.6239404678345,0.0,83.90945172309875,21.96786880493164,796.5012609958649
694.316930770874,0.0,83.90945172309875,21.96786880493164,800.1942512989044
690.6262722015381,0.0,83.90945172309875,21.96786880493164,796.5035927295685
697.7986559867859,0.0,83.90945172309875,21.96786880493164,803.6759765148163
697.7986559867859,0.0,83.90945172309875,21.96786880493164,803.6759765148163
694.1080865859985,0.0,83.90945172309875,21.96786880493164,799.9854071140289
661.1734294891357,0.0,83.90945172309875,21.96786880493164,767.0507500171661
656.7915961742401,0.0,83.90945172309875,21.96786880493164,762.6689167022705
667.7329432964325,0.0,83.90945172309875,21.96786880493164,773.6102638244629
649.436265707016,0.0,83.90945172309875,21.96786880493164,755.3135862350464
649.400735616684,0.0,83.90945172309875,21.96786880493164,755.2780561447144
631.0713582038879,0.0,83.90945172309875,21.96786880493164,736.9486787319183
631.0713582038879,0.0,83.90945172309875,21.96786880493164,736.9486787319183
631.0713582038879,0.0,83.90945172309875,21.96786880493164,736.9486787319183
627.3968286514282,0.0,83.90945172309875,21.96786880493164,733.2741491794586
627.3968286514282,0.0,83.90945172309875,21.96786880493164,733.2741491794586
623.7001967430115,0.0,83.90945172309875,21.96786880493164,729.5775172710419
640.3897633552551,0.0,83.90945172309875,21.96786880493164,746.2670838832855
626.414675951004,0.0,83.90945172309875,21.96786880493164,732.2919964790344
626.414675951004,0.0,83.90945172309875,21.96786880493164,732.2919964790344
622.7185137271881,0.0,83.90945172309875,21.96786880493164,728.5958342552185
600.8542234897614,0.0,80.23479151725769,21.96786880493164,703.0568838119507
600.8542234897614,0.0,80.23479151725769,21.96786880493164,703.0568838119507
611.7814953327179,0.0,80.23479151725769,21.96786880493164,713.9841556549072
608.0859270095825,0.0,80.23479151725769,21.96786880493164,710.2885873317719
597.1676826477051,0.0,80.23479151725769,21.96786880493164,699.3703429698944
597.1676826477051,0.0,80.23479151725769,21.96786880493164,699.3703429698944
576.7886695861816,0.0,80.23479151725769,21.96786880493164,678.991329908371
584.0714993476868,0.0,80.23479151725769,21.96786880493164,686.2741596698761
605.9019150733948,0.0,80.23479151725769,21.96786880493164,708.1045753955841
602.2081851959229,0.0,69.3291928768158,21.96786880493164,693.5052468776703
609.4194049835205,0.0,69.3291928768158,21.96786880493164,700.716466665268
620.3951988220215,0.0,58.438441038131714,21.96786880493164,700.8015086650848
616.7008216381073,0.0,47.47552561759949,21.96786880493164,686.1442160606384
616.7008216381073,0.0,47.47552561759949,21.96786880493164,686.1442160606384
594.931027173996,0.0,36.47552561759949,21.96786880493164,653.3744215965271
569.2448627948761,0.0,25.64468550682068,21.96786880493164,616.8574171066284
580.0369341373444,0.0,25.64468550682068,21.96786880493164,627.6494884490967
590.9956991672516,0.0,25.64468550682068,21.96786880493164,638.6082534790039
590.9956991672516,0.0,25.64468550682068,21.96786880493164,638.6082534790039
583.6011865139008,0.0,25.64468550682068,21.96786880493164,631.2137408256531
569.001885175705,0.0,14.679279088973999,21.96786880493164,605.6490330696106
569.001885175705,0.0,14.679279088973999,21.96786880493164,605.6490330696106
554.425906419754,0.0,14.679279088973999,21.96786880493164,591.0730543136597
554.398246049881,0.0,14.679279088973999,21.96786880493164,591.0453939437866
550.7152969837189,0.0,14.679279088973999,21.96786880493164,587.3624448776245
547.0268752574921,0.0,14.679279088973999,21.96786880493164,583.6740231513977
536.2358195781708,0.0,14.679279088973999,21.96786880493164,572.8829674720764
536.2358195781708,0.0,14.679279088973999,21.96786880493164,572.8829674720764
532.552419424057,0.0,14.679279088973999,21.96786880493164,569.1995673179626
510.75658202171326,0.0,14.679279088973999,21.96786880493164,547.4037299156189
519.5624854564667,0.0,14.679279088973999,21.96786880493164,556.2096333503723
501.209041595459,0.0,14.679279088973999,10.970691680908203,526.8590123653412
501.209041595459,0.0,14.679279088973999,10.970691680908203,526.8590123653412
504.9038407802582,0.0,14.679279088973999,10.970691680908203,530.5538115501404
485.09793734550476,0.0,3.699157476425171,10.970691680908203,499.76778650283813
495.9852044582367,0.0,0.0,10.970691680908203,506.9558961391449
492.28678345680237,0.0,0.0,10.970691680908203,503.25747513771057
481.35202145576477,0.0,0.0,10.970691680908203,492.322713136673
477.65413999557495,0.0,0.0,10.970691680908203,488.62483167648315
477.65413999557495,0.0,0.0,10.970691680908203,488.62483167648315
477.65413999557495,0.0,0.0,10.970691680908203,488.62483167648315
492.18019342422485,0.0,0.0,10.970691680908203,503.15088510513306
492.18019342422485,0.0,0.0,10.970691680908203,503.15088510513306
492.18019342422485,0.0,0.0,10.970691680908203,503.15088510513306
506.77569675445557,0.0,0.0,10.970691680908203,517.7463884353638
506.77569675445557,0.0,0.0,10.970691680908203,517.7463884353638
503.077317237854,0.0,0.0,10.970691680908203,514.0480089187622
499.3816125392914,0.0,0.0,10.970691680908203,510.3523042201996
484.6945848464966,0.0,0.0,10.970691680908203,495.6652765274048
470.09418392181396,0.0,0.0,10.970691680908203,481.06487560272217
448.1820344924927,0.0,0.0,10.970691680908203,459.1527261734009
444.4888472557068,0.0,0.0,10.970691680908203,455.459538936615
444.4888472557068,0.0,0.0,10.970691680908203,455.459538936615
444.4888472557068,0.0,0.0,10.970691680908203,455.459538936615
444.4888472557068,0.0,0.0,10.970691680908203,455.459538936615
455.2098708152771,0.0,0.0,10.970691680908203,466.1805624961853
451.5149302482605,0.0,0.0,10.970691680908203,462.4856219291687
447.8229010105133,0.0,0.0,10.970691680908203,458.7935926914215
433.3100354671478,0.0,0.0,10.970691680908203,444.28072714805603
429.61892318725586,0.0,0.0,0.0,429.61892318725586
429.61892318725586,0.0,0.0,0.0,429.61892318725586
400.5453176498413,0.0,0.0,0.0,400.5453176498413
400.5453176498413,0.0,0.0,0.0,400.5453176498413
364.06997323036194,0.0,0.0,0.0,364.06997323036194
377.9228723049164,0.0,0.0,0.0,377.9228723049164
388.72812724113464,0.0,0.0,0.0,388.72812724113464
363.78731751441956,0.0,0.0,0.0,363.78731751441956
363.78731751441956,0.0,0.0,0.0,363.78731751441956
363.78731751441956,0.0,0.0,0.0,363.78731751441956
363.78731751441956,0.0,0.0,0.0,363.78731751441956
363.78731751441956,0.0,0.0,0.0,363.78731751441956
360.0943992137909,0.0,0.0,0.0,360.0943992137909
345.4570367336273,0.0,0.0,0.0,345.4570367336273
345.4570367336273,0.0,0.0,0.0,345.4570367336273
345.4570367336273,0.0,0.0,0.0,345.4570367336273
349.14761900901794,0.0,0.0,0.0,349.14761900901794
345.45477843284607,0.0,0.0,0.0,345.45477843284607
367.4029519557953,0.0,0.0,0.0,367.4029519557953
367.4029519557953,0.0,0.0,0.0,367.4029519557953
367.4029519557953,0.0,0.0,0.0,367.4029519557953
367.4029519557953,0.0,0.0,0.0,367.4029519557953
370.95779728889465,0.0,0.0,0.0,370.95779728889465
367.2585792541504,0.0,0.0,0.0,367.2585792541504
367.2585792541504,0.0,0.0,0.0,367.2585792541504
363.56558895111084,0.0,0.0,0.0,363.56558895111084
381.8493070602417,0.0,0.0,0.0,381.8493070602417
370.75731801986694,0.0,0.0,0.0,370.75731801986694
370.75731801986694,0.0,0.0,0.0,370.75731801986694
380.8575167655945,0.0,0.0,0.0,380.8575167655945
380.8575167655945,0.0,0.0,0.0,380.8575167655945
391.78582239151,0.0,0.0,0.0,391.78582239151
402.6991686820984,0.0,0.0,0.0,402.6991686820984
391.9781451225281,0.0,0.0,0.0,391.9781451225281
388.2833921909332,0.0,0.0,0.0,388.2833921909332
384.5957787036896,0.0,0.0,0.0,384.5957787036896
384.5957787036896,0.0,0.0,0.0,384.5957787036896
384.5957787036896,0.0,0.0,0.0,384.5957787036896
366.266804933548,0.0,0.0,0.0,366.266804933548
356.16241097450256,0.0,0.0,0.0,356.16241097450256
379.68801522254944,0.0,0.0,0.0,379.68801522254944
376.00120091438293,0.0,0.0,0.0,376.00120091438293
365.0739290714264,0.0,0.0,0.0,365.0739290714264
361.3750319480896,0.0,0.0,0.0,361.3750319480896
357.67654514312744,0.0,0.0,0.0,357.67654514312744
357.00077056884766,0.0,0.0,0.0,357.00077056884766
353.31092739105225,0.0,0.0,0.0,353.31092739105225
374.7545156478882,0.0,8.936755180358887,0.0,383.69127082824707
371.06092381477356,0.0,8.936755180358887,0.0,379.99767899513245
381.94267892837524,0.0,8.936755180358887,0.0,390.87943410873413
351.13595056533813,0.0,8.936755180358887,0.0,360.072705745697
326.3489031791687,0.0,8.936755180358887,0.0,335.2856583595276
326.3489031791687,0.0,0.0,0.0,326.3489031791687
326.3489031791687,0.0,0.0,0.0,326.3489031791687
315.3489031791687,0.0,0.0,0.0,315.3489031791687
315.3489031791687,0.0,0.0,0.0,315.3489031791687
311.659672498703,0.0,0.0,0.0,311.659672498703
307.9624881744385,0.0,0.0,0.0,307.9624881744385
307.9624881744385,0.0,0.0,0.0,307.9624881744385
307.9624881744385,0.0,0.0,0.0,307.9624881744385
307.9624881744385,0.0,0.0,0.0,307.9624881744385
307.9624881744385,0.0,0.0,0.0,307.9624881744385
307.9624881744385,0.0,0.0,0.0,307.9624881744385
307.9624881744385,0.0,0.0,0.0,307.9624881744385
278.6200268268585,0.0,0.0,0.0,278.6200268268585
274.9319095611572,0.0,0.0,0.0,274.9319095611572
264.0446424484253,0.0,0.0,0.0,264.0446424484253
270.96423292160034,10.910577774047852,0.0,0.0,281.8748106956482
270.96423292160034,10.910577774047852,0.0,0.0,281.8748106956482
234.87026143074036,10.910577774047852,0.0,0.0,245.7808392047882
231.1825122833252,10.910577774047852,0.0,0.0,242.09309005737305
227.48615646362305,10.910577774047852,0.0,0.0,238.3967342376709
223.78706979751587,10.910577774047852,0.0,0.0,234.69764757156372
223.78706979751587,10.910577774047852,0.0,0.0,234.69764757156372
220.09881472587585,10.910577774047852,0.0,0.0,231.0093924999237
220.09881472587585,10.910577774047852,0.0,0.0,231.0093924999237
220.09881472587585,10.910577774047852,0.0,0.0,231.0093924999237
216.40142703056335,10.910577774047852,0.0,0.0,227.3120048046112
216.40142703056335,10.910577774047852,0.0,0.0,227.3120048046112
216.40142703056335,10.910577774047852,0.0,0.0,227.3120048046112
212.70374941825867,10.910577774047852,0.0,0.0,223.61432719230652
212.70374941825867,10.910577774047852,0.0,0.0,223.61432719230652
212.70374941825867,10.910577774047852,0.0,0.0,223.61432719230652
212.70374941825867,10.910577774047852,0.0,0.0,223.61432719230652
212.70374941825867,10.910577774047852,0.0,0.0,223.61432719230652
212.70374941825867,10.910577774047852,0.0,0.0,223.61432719230652
209.0050630569458,10.910577774047852,0.0,0.0,219.91564083099365
201.61703085899353,10.910577774047852,0.0,0.0,212.52760863304138
186.97176098823547,10.910577774047852,0.0,0.0,197.88233876228333
172.67204451560974,10.910577774047852,0.0,0.0,183.5826222896576
165.28185963630676,10.910577774047852,0.0,0.0,176.19243741035461
165.28185963630676,10.910577774047852,0.0,0.0,176.19243741035461
161.5852861404419,10.910577774047852,0.0,0.0,172.49586391448975
154.19746279716492,10.910577774047852,0.0,0.0,165.10804057121277
154.19746279716492,10.910577774047852,0.0,0.0,165.10804057121277
154.19746279716492,10.910577774047852,0.0,0.0,165.10804057121277
154.19746279716492,10.910577774047852,0.0,0.0,165.10804057121277
143.28906416893005,10.910577774047852,0.0,0.0,154.1996419429779
139.59925436973572,10.910577774047852,0.0,0.0,150.50983214378357
139.59925436973572,10.910577774047852,0.0,0.0,150.50983214378357
139.59925436973572,10.910577774047852,0.0,0.0,150.50983214378357
139.59925436973572,10.910577774047852,0.0,0.0,150.50983214378357
139.59925436973572,10.910577774047852,0.0,0.0,150.50983214378357
139.59925436973572,10.910577774047852,0.0,0.0,150.50983214378357
128.6897428035736,10.910577774047852,0.0,0.0,139.60032057762146
124.99536633491516,10.910577774047852,0.0,0.0,135.905944108963
132.2673716545105,10.910577774047852,0.0,0.0,143.17794942855835
132.2673716545105,10.910577774047852,0.0,0.0,143.17794942855835
132.2673716545105,10.910577774047852,0.0,0.0,143.17794942855835
128.57671570777893,10.910577774047852,0.0,0.0,139.48729348182678
128.57671570777893,10.910577774047852,0.0,0.0,139.48729348182678
128.57671570777893,10.910577774047852,0.0,0.0,139.48729348182678
128.57671570777893,10.910577774047852,0.0,0.0,139.48729348182678
128.57671570777893,10.910577774047852,0.0,0.0,139.48729348182678
128.57671570777893,10.910577774047852,0.0,0.0,139.48729348182678
128.57671570777893,10.910577774047852,0.0,10.97271728515625,150.46001076698303
117.6484100818634,10.910577774047852,0.0,10.97271728515625,139.5317051410675
110.25298070907593,10.910577774047852,0.0,10.97271728515625,132.13627576828003
106.55459642410278,10.910577774047852,0.0,10.97271728515625,128.43789148330688
106.55459642410278,10.910577774047852,0.0,10.97271728515625,128.43789148330688
106.55459642410278,10.910577774047852,0.0,10.97271728515625,128.43789148330688
106.55459642410278,10.910577774047852,0.0,10.97271728515625,128.43789148330688
106.55459642410278,10.910577774047852,0.0,10.97271728515625,128.43789148330688
106.55459642410278,10.910577774047852,0.0,10.97271728515625,128.43789148330688
106.55459642410278,10.910577774047852,0.0,10.97271728515625,128.43789148330688
106.55459642410278,10.910577774047852,0.0,10.97271728515625,128.43789148330688
106.55459642410278,10.910577774047852,0.0,10.97271728515625,128.43789148330688
102.88908290863037,10.910577774047852,0.0,10.97271728515625,124.77237796783447
102.88908290863037,10.910577774047852,0.0,10.97271728515625,124.77237796783447
102.88908290863037,10.910577774047852,0.0,10.97271728515625,124.77237796783447
99.20284152030945,10.910577774047852,0.0,10.97271728515625,121.08613657951355
99.20284152030945,10.910577774047852,0.0,10.97271728515625,121.08613657951355
99.20284152030945,10.910577774047852,0.0,10.97271728515625,121.08613657951355
99.20284152030945,10.910577774047852,0.0,10.97271728515625,121.08613657951355
102.8621416091919,10.910577774047852,0.0,10.97271728515625,124.745436668396
102.8621416091919,10.910577774047852,0.0,10.97271728515625,124.745436668396
99.1625406742096,0.0,0.0,10.97271728515625,110.13525795936584
99.1625406742096,0.0,0.0,10.97271728515625,110.13525795936584
99.1625406742096,0.0,0.0,10.97271728515625,110.13525795936584
99.1625406742096,0.0,0.0,10.97271728515625,110.13525795936584
84.48671054840088,0.0,0.0,10.97271728515625,95.45942783355713
84.48671054840088,0.0,0.0,10.97271728515625,95.45942783355713
84.48671054840088,0.0,0.0,10.97271728515625,95.45942783355713
84.48671054840088,0.0,0.0,10.97271728515625,95.45942783355713
84.48671054840088,0.0,0.0,10.97271728515625,95.45942783355713
69.88188815116882,0.0,0.0,10.97271728515625,80.85460543632507
69.88188815116882,0.0,0.0,10.97271728515625,80.85460543632507
69.88188815116882,0.0,0.0,10.97271728515625,80.85460543632507
69.88188815116882,0.0,0.0,10.97271728515625,80.85460543632507
66.1856415271759,0.0,0.0,10.97271728515625,77.15835881233215
66.1856415271759,0.0,0.0,10.97271728515625,77.15835881233215
66.1856415271759,0.0,11.0,10.97271728515625,88.15835881233215
55.2499897480011,0.0,11.0,10.97271728515625,77.22270703315735
55.2499897480011,0.0,11.0,10.97271728515625,77.22270703315735
55.2499897480011,0.0,11.0,10.97271728515625,77.22270703315735
55.2499897480011,0.0,11.0,10.97271728515625,77.22270703315735
51.56038022041321,0.0,32.896257400512695,10.97271728515625,95.42935490608215
51.56038022041321,0.0,32.896257400512695,10.97271728515625,95.42935490608215
51.56038022041321,0.0,32.896257400512695,10.97271728515625,95.42935490608215
51.56038022041321,0.0,32.896257400512695,10.97271728515625,95.42935490608215
47.86607384681702,0.0,32.896257400512695,10.97271728515625,91.73504853248596
36.89848732948303,0.0,32.896257400512695,10.97271728515625,80.76746201515198
36.89848732948303,0.0,32.896257400512695,0.0,69.79474472999573
36.89848732948303,0.0,32.896257400512695,0.0,69.79474472999573
36.89848732948303,0.0,32.896257400512695,0.0,69.79474472999573
36.89848732948303,0.0,32.896257400512695,0.0,69.79474472999573
36.89848732948303,0.0,32.896257400512695,0.0,69.79474472999573
36.89848732948303,0.0,32.896257400512695,0.0,69.79474472999573
36.89848732948303,9.323359489440918,32.896257400512695,0.0,79.11810421943665
36.89848732948303,9.323359489440918,32.896257400512695,0.0,79.11810421943665
36.89848732948303,9.323359489440918,32.896257400512695,0.0,79.11810421943665
36.89848732948303,9.323359489440918,32.896257400512695,0.0,79.11810421943665
36.89848732948303,0.0,32.896257400512695,0.0,69.79474472999573
36.89848732948303,0.0,32.896257400512695,0.0,69.79474472999573
36.89848732948303,0.0,32.896257400512695,0.0,69.79474472999573
47.558658838272095,0.0,43.79858207702637,0.0,91.35724091529846
47.558658838272095,0.0,43.79858207702637,0.0,91.35724091529846
47.558658838272095,0.0,43.79858207702637,0.0,91.35724091529846
43.86398911476135,0.0,43.79858207702637,0.0,87.66257119178772
43.86398911476135,0.0,43.79858207702637,0.0,87.66257119178772
40.16599655151367,21.708271026611328,43.79858207702637,0.0,105.67284965515137
40.16599655151367,21.708271026611328,47.47784662246704,0.0,109.35211420059204
40.16599655151367,21.708271026611328,47.47784662246704,0.0,109.35211420059204
40.16599655151367,21.708271026611328,47.47784662246704,0.0,109.35211420059204
36.506696462631226,21.708271026611328,47.47784662246704,0.0,105.6928141117096
36.506696462631226,21.708271026611328,47.47784662246704,0.0,105.6928141117096
36.506696462631226,21.708271026611328,47.47784662246704,0.0,105.6928141117096
36.506696462631226,21.708271026611328,47.47784662246704,0.0,105.6928141117096
36.506696462631226,21.708271026611328,47.47784662246704,0.0,105.6928141117096
32.81610560417175,21.708271026611328,47.47784662246704,0.0,102.00222325325012
29.11702060699463,21.708271026611328,47.47784662246704,0.0,98.303138256073
29.11702060699463,21.708271026611328,47.47784662246704,0.0,98.303138256073
29.11702060699463,21.708271026611328,47.47784662246704,0.0,98.303138256073
51.01351261138916,21.708271026611328,47.47784662246704,0.0,120.19963026046753
51.01351261138916,21.708271026611328,47.47784662246704,0.0,120.19963026046753
51.01351261138916,21.708271026611328,47.47784662246704,0.0,120.19963026046753
51.01351261138916,21.708271026611328,47.47784662246704,0.0,120.19963026046753
60.887404441833496,21.708271026611328,47.47784662246704,0.0,130.07352209091187
60.887404441833496,21.708271026611328,47.47784662246704,0.0,130.07352209091187
60.887404441833496,21.708271026611328,47.47784662246704,0.0,130.07352209091187
50.227232933044434,21.708271026611328,47.47784662246704,0.0,119.4133505821228
61.183963775634766,21.708271026611328,47.47784662246704,0.0,130.37008142471313
61.183963775634766,21.708271026611328,47.47784662246704,0.0,130.37008142471313
51.31007194519043,21.708271026611328,47.47784662246704,0.0,120.4961895942688
51.31007194519043,21.708271026611328,47.47784662246704,0.0,120.4961895942688
51.31007194519043,21.708271026611328,25.581589221954346,0.0,98.5999321937561
62.28709125518799,21.708271026611328,25.581589221954346,0.0,109.57695150375366
62.28709125518799,21.708271026611328,25.581589221954346,0.0,109.57695150375366
62.28709125518799,21.708271026611328,25.581589221954346,0.0,109.57695150375366
62.28709125518799,21.708271026611328,25.581589221954346,0.0,109.57695150375366
62.28709125518799,21.708271026611328,25.581589221954346,0.0,109.57695150375366
62.28709125518799,21.708271026611328,25.581589221954346,0.0,109.57695150375366
62.28709125518799,21.708271026611328,25.581589221954346,0.0,109.57695150375366
62.28709125518799,21.708271026611328,25.581589221954346,0.0,109.57695150375366
62.28709125518799,21.708271026611328,25.581589221954346,0.0,109.57695150375366
62.28709125518799,21.708271026611328,25.581589221954346,0.0,109.57695150375366
51.330360412597656,21.708271026611328,25.581589221954346,0.0,98.62022066116333
51.330360412597656,21.708271026611328,25.581589221954346,0.0,98.62022066116333
51.330360412597656,21.708271026611328,25.581589221954346,0.0,98.62022066116333
51.330360412597656,21.708271026611328,25.581589221954346,0.0,98.62022066116333
51.330360412597656,21.708271026611328,25.581589221954346,0.0,98.62022066116333
51.330360412597656,21.708271026611328,25.581589221954346,0.0,98.62022066116333
51.330360412597656,21.708271026611328,25.581589221954346,0.0,98.62022066116333
51.330360412597656,21.708271026611328,25.581589221954346,0.0,98.62022066116333
51.330360412597656,21.708271026611328,25.581589221954346,0.0,98.62022066116333
51.330360412597656,21.708271026611328,25.581589221954346,0.0,98.62022066116333
51.330360412597656,21.708271026611328,25.581589221954346,0.0,98.62022066116333
51.330360412597656,21.708271026611328,25.581589221954346,0.0,98.62022066116333
51.330360412597656,21.708271026611328,25.581589221954346,0.0,98.62022066116333
51.330360412597656,21.708271026611328,25.581589221954346,0.0,98.62022066116333
51.330360412597656,21.708271026611328,25.581589221954346,0.0,98.62022066116333
51.330360412597656,0.0,25.581589221954346,0.0,76.911949634552
51.330360412597656,0.0,25.581589221954346,0.0,76.911949634552
51.330360412597656,0.0,25.581589221954346,0.0,76.911949634552
55.02308797836304,0.0,25.581589221954346,0.0,80.60467720031738
55.02308797836304,0.0,25.581589221954346,0.0,80.60467720031738
55.02308797836304,0.0,25.581589221954346,0.0,80.60467720031738
55.02308797836304,0.0,25.581589221954346,0.0,80.60467720031738
55.02308797836304,0.0,25.581589221954346,0.0,80.60467720031738
55.02308797836304,0.0,25.581589221954346,0.0,80.60467720031738
51.33276844024658,0.0,25.581589221954346,0.0,76.91435766220093
62.28044891357422,0.0,25.581589221954346,0.0,87.86203813552856
62.28044891357422,0.0,25.581589221954346,0.0,87.86203813552856
62.28044891357422,0.0,25.581589221954346,0.0,87.86203813552856
40.38395690917969,0.0,47.511513233184814,0.0,87.8954701423645
40.38395690917969,0.0,47.511513233184814,0.0,87.8954701423645
40.38395690917969,0.0,47.511513233184814,0.0,87.8954701423645
40.38395690917969,0.0,47.511513233184814,0.0,87.8954701423645
40.38395690917969,0.0,47.511513233184814,0.0,87.8954701423645
40.38395690917969,21.881980895996094,47.511513233184814,0.0,109.7774510383606
40.38395690917969,21.881980895996094,47.511513233184814,0.0,109.7774510383606
51.304176330566406,21.881980895996094,47.511513233184814,0.0,120.69767045974731
51.304176330566406,21.881980895996094,47.511513233184814,0.0,120.69767045974731
51.304176330566406,21.881980895996094,47.511513233184814,0.0,120.69767045974731
51.304176330566406,21.881980895996094,47.511513233184814,0.0,120.69767045974731
51.304176330566406,21.881980895996094,47.511513233184814,0.0,120.69767045974731
51.304176330566406,21.881980895996094,47.511513233184814,0.0,120.69767045974731
51.304176330566406,21.881980895996094,47.511513233184814,0.0,120.69767045974731
51.304176330566406,21.881980895996094,47.511513233184814,0.0,120.69767045974731
51.304176330566406,21.881980895996094,47.511513233184814,0.0,120.69767045974731
51.304176330566406,21.881980895996094,47.511513233184814,0.0,120.69767045974731
51.304176330566406,21.881980895996094,47.511513233184814,0.0,120.69767045974731
51.304176330566406,21.881980895996094,47.511513233184814,0.0,120.69767045974731
51.304176330566406,21.881980895996094,47.511513233184814,0.0,120.69767045974731
51.304176330566406,21.881980895996094,47.511513233184814,0.0,120.69767045974731
51.304176330566406,21.881980895996094,47.511513233184814,0.0,120.69767045974731
51.304176330566406,21.881980895996094,47.511513233184814,0.0,120.69767045974731
47.61707162857056,21.881980895996094,47.511513233184814,0.0,117.01056575775146
47.61707162857056,21.881980895996094,47.511513233184814,0.0,117.01056575775146
58.56399202346802,21.881980895996094,47.511513233184814,0.0,127.95748615264893
58.56399202346802,21.881980895996094,47.511513233184814,0.0,127.95748615264893
58.56399202346802,21.881980895996094,47.511513233184814,0.0,127.95748615264893
58.56399202346802,21.881980895996094,47.511513233184814,0.0,127.95748615264893
69.2519679069519,21.881980895996094,47.511513233184814,0.0,138.6454620361328
69.2519679069519,21.881980895996094,47.511513233184814,0.0,138.6454620361328
69.2519679069519,21.881980895996094,47.511513233184814,0.0,138.6454620361328
69.2519679069519,21.881980895996094,47.511513233184814,0.0,138.6454620361328
69.2519679069519,21.881980895996094,36.60918855667114,0.0,127.74313735961914
69.2519679069519,21.881980895996094,36.60918855667114,0.0,127.74313735961914
69.2519679069519,43.59636306762695,36.60918855667114,0.0,149.45751953125
69.2519679069519,43.59636306762695,36.60918855667114,0.0,149.45751953125
69.2519679069519,43.59636306762695,36.60918855667114,0.0,149.45751953125
69.2519679069519,43.59636306762695,36.60918855667114,0.0,149.45751953125
69.2519679069519,43.59636306762695,36.60918855667114,0.0,149.45751953125
80.20350122451782,43.59636306762695,36.60918855667114,0.0,160.40905284881592
80.20350122451782,43.59636306762695,25.609188556671143,0.0,149.40905284881592
80.20350122451782,43.59636306762695,25.609188556671143,0.0,149.40905284881592
80.20350122451782,43.59636306762695,25.609188556671143,0.0,149.40905284881592
80.20350122451782,43.59636306762695,25.609188556671143,0.0,149.40905284881592
80.20350122451782,43.59636306762695,25.609188556671143,0.0,149.40905284881592
80.20350122451782,43.59636306762695,25.609188556671143,0.0,149.40905284881592
80.20350122451782,43.59636306762695,25.609188556671143,0.0,149.40905284881592
80.20350122451782,43.59636306762695,25.609188556671143,0.0,149.40905284881592
69.51552534103394,43.59636306762695,25.609188556671143,0.0,138.72107696533203
69.51552534103394,43.59636306762695,25.609188556671143,0.0,138.72107696533203
69.51552534103394,43.59636306762695,25.609188556671143,0.0,138.72107696533203
69.51552534103394,43.59636306762695,25.609188556671143,0.0,138.72107696533203
69.51552534103394,43.59636306762695,25.609188556671143,0.0,138.72107696533203
69.51552534103394,43.59636306762695,25.609188556671143,0.0,138.72107696533203
79.69455194473267,43.59636306762695,25.609188556671143,0.0,148.90010356903076
97.69142198562622,43.59636306762695,25.609188556671143,0.0,166.89697360992432
93.99737858772278,43.59636306762695,25.609188556671143,0.0,163.20293021202087
93.99737858772278,43.59636306762695,25.609188556671143,0.0,163.20293021202087
93.99737858772278,43.59636306762695,25.609188556671143,0.0,163.20293021202087
76.00050854682922,43.59636306762695,25.609188556671143,0.0,145.20606017112732
76.00050854682922,43.59636306762695,25.609188556671143,0.0,145.20606017112732
76.00050854682922,43.59636306762695,25.609188556671143,0.0,145.20606017112732
76.00050854682922,43.59636306762695,25.609188556671143,0.0,145.20606017112732
76.00050854682922,43.59636306762695,25.609188556671143,0.0,145.20606017112732
54.844462633132935,43.59636306762695,25.609188556671143,0.0,124.05001425743103
51.14966344833374,43.59636306762695,25.609188556671143,0.0,120.35521507263184
51.14966344833374,43.59636306762695,25.609188556671143,0.0,120.35521507263184
51.14966344833374,43.59636306762695,36.47586679458618,0.0,131.22189331054688
51.14966344833374,43.59636306762695,36.47586679458618,0.0,131.22189331054688
51.14966344833374,43.59636306762695,36.47586679458618,0.0,131.22189331054688
51.14966344833374,43.59636306762695,14.545942783355713,0.0,109.2919692993164
51.14966344833374,43.59636306762695,14.545942783355713,0.0,109.2919692993164
51.14966344833374,43.59636306762695,14.545942783355713,0.0,109.2919692993164
51.14966344833374,54.595808029174805,14.545942783355713,0.0,120.29141426086426
51.14966344833374,32.71382713317871,14.545942783355713,0.0,98.40943336486816
51.14966344833374,32.71382713317871,14.545942783355713,0.0,98.40943336486816
51.14966344833374,32.71382713317871,24.538501262664795,0.0,108.40199184417725
51.14966344833374,32.71382713317871,24.538501262664795,0.0,108.40199184417725
51.14966344833374,32.71382713317871,24.538501262664795,0.0,108.40199184417725
51.14966344833374,32.71382713317871,24.538501262664795,0.0,108.40199184417725
62.079944133758545,32.71382713317871,24.538501262664795,0.0,119.33227252960205
62.079944133758545,54.36607551574707,13.671823024749756,0.0,130.11784267425537
62.079944133758545,54.36607551574707,13.671823024749756,0.0,130.11784267425537
62.079944133758545,54.36607551574707,9.992558479309082,0.0,126.4385781288147
62.079944133758545,54.36607551574707,9.992558479309082,0.0,126.4385781288147
62.079944133758545,54.36607551574707,0.0,0.0,116.44601964950562
94.48539876937866,54.36607551574707,0.0,0.0,148.85147428512573
94.48539876937866,54.36607551574707,0.0,0.0,148.85147428512573
94.48539876937866,54.36607551574707,0.0,0.0,148.85147428512573
94.48539876937866,54.36607551574707,0.0,0.0,148.85147428512573
94.48539876937866,54.36607551574707,0.0,0.0,148.85147428512573
94.48539876937866,32.65169334411621,0.0,0.0,127.13709211349487
94.48539876937866,32.65169334411621,0.0,0.0,127.13709211349487
94.48539876937866,32.65169334411621,0.0,0.0,127.13709211349487
94.48539876937866,32.65169334411621,0.0,0.0,127.13709211349487
116.40093564987183,32.65169334411621,0.0,0.0,149.05262899398804
116.40093564987183,32.65169334411621,0.0,0.0,149.05262899398804
116.40093564987183,32.65169334411621,0.0,0.0,149.05262899398804
116.40093564987183,32.65169334411621,0.0,0.0,149.05262899398804
105.47065496444702,32.65169334411621,0.0,0.0,138.12234830856323
105.47065496444702,32.65169334411621,0.0,0.0,138.12234830856323
105.47065496444702,32.65169334411621,0.0,0.0,138.12234830856323
105.47065496444702,32.65169334411621,0.0,0.0,138.12234830856323
105.47065496444702,32.65169334411621,0.0,0.0,138.12234830856323
105.47065496444702,32.65169334411621,0.0,0.0,138.12234830856323
105.47065496444702,32.65169334411621,0.0,0.0,138.12234830856323
105.47065496444702,32.65169334411621,0.0,0.0,138.12234830856323
105.47065496444702,32.65169334411621,0.0,0.0,138.12234830856323
116.43675374984741,32.65169334411621,0.0,0.0,149.08844709396362
127.17103815078735,32.65169334411621,0.0,0.0,159.82273149490356
127.17103815078735,32.65169334411621,0.0,0.0,159.82273149490356
127.17103815078735,32.65169334411621,0.0,0.0,159.82273149490356
127.17103815078735,32.65169334411621,0.0,0.0,159.82273149490356
127.17103815078735,32.65169334411621,0.0,0.0,159.82273149490356
127.17103815078735,32.65169334411621,0.0,0.0,159.82273149490356
127.17103815078735,32.65169334411621,0.0,0.0,159.82273149490356
123.48045587539673,32.65169334411621,0.0,0.0,156.13214921951294
123.48045587539673,32.65169334411621,0.0,0.0,156.13214921951294
102.04690599441528,10.999444961547852,0.0,0.0,113.04635095596313
102.04690599441528,10.999444961547852,0.0,0.0,113.04635095596313
80.3649411201477,10.999444961547852,0.0,0.0,91.36438608169556
80.3649411201477,10.999444961547852,0.0,0.0,91.36438608169556
80.3649411201477,10.999444961547852,0.0,0.0,91.36438608169556
58.44940423965454,10.999444961547852,0.0,0.0,69.44884920120239
58.44940423965454,10.999444961547852,0.0,0.0,69.44884920120239
58.44940423965454,10.999444961547852,0.0,0.0,69.44884920120239
58.44940423965454,10.999444961547852,0.0,0.0,69.44884920120239
58.44940423965454,10.999444961547852,0.0,0.0,69.44884920120239
58.44940423965454,10.999444961547852,0.0,0.0,69.44884920120239
58.44940423965454,10.999444961547852,0.0,0.0,69.44884920120239
58.44940423965454,10.999444961547852,0.0,0.0,69.44884920120239
58.44940423965454,10.999444961547852,0.0,0.0,69.44884920120239
58.44940423965454,10.999444961547852,0.0,0.0,69.44884920120239
58.44940423965454,10.999444961547852,0.0,0.0,69.44884920120239
58.44940423965454,10.999444961547852,0.0,0.0,69.44884920120239
58.44940423965454,10.999444961547852,10.588052749633789,0.0,80.03690195083618
79.8157639503479,10.999444961547852,10.588052749633789,0.0,101.40326166152954
79.8157639503479,27.436975479125977,10.588052749633789,0.0,117.84079217910767
83.51576399803162,27.436975479125977,10.588052749633789,0.0,121.54079222679138
72.54385924339294,10.999444961547852,10.588052749633789,0.0,94.13135695457458
72.54385924339294,10.999444961547852,10.588052749633789,0.0,94.13135695457458
72.54385924339294,10.999444961547852,10.588052749633789,0.0,94.13135695457458
72.54385924339294,10.999444961547852,10.588052749633789,0.0,94.13135695457458
61.623639822006226,10.999444961547852,0.0,0.0,72.62308478355408
50.67210650444031,10.999444961547852,0.0,0.0,61.67155146598816
50.67210650444031,10.999444961547852,0.0,21.833621978759766,83.50517344474792
50.67210650444031,10.999444961547852,0.0,21.833621978759766,83.50517344474792
50.67210650444031,10.999444961547852,0.0,21.833621978759766,83.50517344474792
50.67210650444031,10.999444961547852,0.0,21.833621978759766,83.50517344474792
54.36647915840149,10.999444961547852,0.0,21.833621978759766,87.1995460987091
54.36647915840149,10.999444961547852,8.238093376159668,21.833621978759766,95.43763947486877
54.36647915840149,10.999444961547852,8.238093376159668,21.833621978759766,95.43763947486877
54.36647915840149,21.992504119873047,0.0,21.833621978759766,98.1926052570343
54.36647915840149,21.992504119873047,0.0,21.833621978759766,98.1926052570343
54.36647915840149,43.88708686828613,0.0,21.833621978759766,120.08718800544739
54.36647915840149,43.88708686828613,0.0,21.833621978759766,120.08718800544739
54.36647915840149,43.88708686828613,0.0,21.833621978759766,120.08718800544739
54.36647915840149,43.88708686828613,0.0,21.833621978759766,120.08718800544739
54.36647915840149,43.88708686828613,0.0,21.833621978759766,120.08718800544739
54.36647915840149,43.88708686828613,0.0,21.833621978759766,120.08718800544739
54.36647915840149,43.88708686828613,0.0,21.833621978759766,120.08718800544739
54.36647915840149,43.88708686828613,0.0,21.833621978759766,120.08718800544739
54.36647915840149,43.88708686828613,0.0,21.833621978759766,120.08718800544739
54.36647915840149,43.88708686828613,0.0,21.833621978759766,120.08718800544739
33.00011944770813,43.88708686828613,0.0,21.833621978759766,98.72082829475403
33.00011944770813,54.80507278442383,0.0,21.833621978759766,109.63881421089172
33.00011944770813,76.7855052947998,0.0,21.833621978759766,131.6192467212677
33.00011944770813,76.7855052947998,0.0,21.833621978759766,131.6192467212677
33.00011944770813,76.7855052947998,0.0,32.806660652160645,142.59228539466858
33.00011944770813,76.7855052947998,0.0,32.806660652160645,142.59228539466858
43.734965562820435,76.7855052947998,0.0,32.806660652160645,153.32713150978088
43.734965562820435,76.7855052947998,0.0,32.806660652160645,153.32713150978088
43.734965562820435,98.65441703796387,0.0,32.806660652160645,175.19604325294495
43.734965562820435,117.85385513305664,0.0,32.806660652160645,194.39548134803772
32.788045167922974,117.85385513305664,0.0,32.806660652160645,183.44856095314026
32.788045167922974,139.720552444458,0.0,32.806660652160645,205.31525826454163
32.788045167922974,139.720552444458,0.0,32.806660652160645,205.31525826454163
43.788045167922974,139.720552444458,0.0,32.806660652160645,216.31525826454163
43.788045167922974,150.6965970993042,0.0,32.806660652160645,227.29130291938782
43.788045167922974,173.61195468902588,0.0,32.806660652160645,250.2066605091095
43.788045167922974,173.61195468902588,0.0,32.806660652160645,250.2066605091095
43.788045167922974,195.4293508529663,0.0,32.806660652160645,272.0240566730499
43.788045167922974,195.4293508529663,0.0,32.806660652160645,272.0240566730499
47.48270130157471,173.56265354156494,0.0,32.806660652160645,253.8520154953003
47.48270130157471,173.56265354156494,0.0,32.806660652160645,253.8520154953003
47.48270130157471,173.56265354156494,0.0,54.57370471954346,275.6190595626831
47.48270130157471,184.94237232208252,0.0,54.57370471954346,286.9987783432007
47.48270130157471,173.94292736053467,0.0,54.57370471954346,275.99933338165283
47.48270130157471,162.5632085800171,0.0,54.57370471954346,264.61961460113525
47.48270130157471,184.5039472579956,0.0,54.57370471954346,286.56035327911377
47.48270130157471,195.5039472579956,0.0,54.57370471954346,297.56035327911377
47.48270130157471,217.13949489593506,0.0,54.57370471954346,319.1959009170532
47.48270130157471,228.05464458465576,0.0,54.57370471954346,330.1110506057739
47.48270130157471,206.23724842071533,0.0,54.57370471954346,308.2936544418335
58.441914558410645,238.66393566131592,0.0,54.57370471954346,351.67955493927
62.1284236907959,217.9920530319214,0.0,54.57370471954346,334.69418144226074
62.1284236907959,217.9920530319214,0.0,54.57370471954346,334.69418144226074
62.1284236907959,217.9920530319214,0.0,54.57370471954346,334.69418144226074
62.1284236907959,217.9920530319214,0.0,54.57370471954346,334.69418144226074
62.1284236907959,239.21814823150635,0.0,54.57370471954346,355.9202766418457
51.393577575683594,239.21814823150635,0.0,54.57370471954346,345.1854305267334
51.393577575683594,239.21814823150635,0.0,54.57370471954346,345.1854305267334
51.393577575683594,261.09419441223145,0.0,54.57370471954346,367.0614767074585
51.393577575683594,261.09419441223145,0.0,54.57370471954346,367.0614767074585
51.393577575683594,272.09419441223145,0.0,32.74008274078369,356.22785472869873
51.393577575683594,272.09419441223145,0.0,32.74008274078369,356.22785472869873
51.393577575683594,294.0719566345215,0.0,32.74008274078369,378.20561695098877
51.393577575683594,304.9016532897949,0.0,32.74008274078369,389.0353136062622
51.393577575683594,304.9016532897949,0.0,32.74008274078369,389.0353136062622
51.393577575683594,337.59305000305176,0.0,32.74008274078369,421.72671031951904
51.393577575683594,348.5369338989258,0.0,32.74008274078369,432.67059421539307
51.393577575683594,359.5315246582031,0.0,32.74008274078369,443.6651849746704
51.393577575683594,370.52337646484375,0.0,32.74008274078369,454.65703678131104
51.393577575683594,370.52337646484375,0.0,32.74008274078369,454.65703678131104
51.393577575683594,349.0804634094238,0.0,43.682106018066406,444.1561470031738
51.393577575683594,349.0804634094238,0.0,43.682106018066406,444.1561470031738
62.35372066497803,338.0804634094238,0.0,43.682106018066406,444.11629009246826
62.35372066497803,338.0804634094238,0.0,43.682106018066406,444.11629009246826
51.38762187957764,338.0804634094238,0.0,43.682106018066406,433.15019130706787
62.29814529418945,381.78031158447266,0.0,43.682106018066406,487.7605628967285
62.29814529418945,401.95641326904297,0.0,43.682106018066406,507.9366645812988
62.29814529418945,401.95641326904297,0.0,43.682106018066406,507.9366645812988
62.29814529418945,401.95641326904297,0.0,43.682106018066406,507.9366645812988
62.29814529418945,380.730318069458,0.0,43.682106018066406,486.71056938171387
73.18776321411133,380.730318069458,0.0,43.682106018066406,497.60018730163574
73.18776321411133,391.730318069458,0.0,43.682106018066406,508.60018730163574
62.18776321411133,391.730318069458,0.0,43.682106018066406,497.60018730163574
62.18776321411133,402.4692802429199,0.0,43.682106018066406,508.33914947509766
62.18776321411133,434.60214614868164,0.0,43.682106018066406,540.4720153808594
62.18776321411133,414.4260444641113,0.0,43.682106018066406,520.2959136962891
62.18776321411133,414.4260444641113,0.0,43.682106018066406,520.2959136962891
83.86467838287354,414.4260444641113,0.0,43.682106018066406,541.9728288650513
83.86467838287354,458.38811683654785,0.0,43.682106018066406,585.9349012374878
83.86467838287354,458.38811683654785,0.0,43.682106018066406,585.9349012374878
83.86467838287354,458.38811683654785,0.0,43.682106018066406,585.9349012374878
83.86467838287354,425.5174894332886,0.0,43.682106018066406,553.0642738342285
83.86467838287354,435.4732732772827,0.0,43.682106018066406,563.0200576782227
83.86467838287354,457.1856698989868,0.0,43.682106018066406,584.7324542999268
83.86467838287354,468.1011571884155,0.0,43.682106018066406,595.6479415893555
83.86467838287354,446.5977144241333,0.0,43.682106018066406,574.1444988250732
83.86467838287354,446.5977144241333,0.0,21.915061950683594,552.3774547576904
83.86467838287354,446.5977144241333,0.0,21.915061950683594,552.3774547576904
105.47401523590088,424.72880268096924,0.0,21.915061950683594,552.1178798675537
105.47401523590088,424.72880268096924,0.0,21.915061950683594,552.1178798675537
105.47401523590088,424.72880268096924,0.0,21.915061950683594,552.1178798675537
105.47401523590088,424.72880268096924,0.0,21.915061950683594,552.1178798675537
116.44252586364746,446.7142000198364,0.0,21.915061950683594,585.0717878341675
116.44252586364746,458.7429304122925,0.0,21.915061950683594,597.1005182266235
116.44252586364746,458.7429304122925,0.0,21.915061950683594,597.1005182266235
116.44252586364746,437.4441165924072,0.0,21.915061950683594,575.8017044067383
116.44252586364746,430.3476333618164,0.0,21.915061950683594,568.7052211761475
116.44252586364746,430.3476333618164,0.0,21.915061950683594,568.7052211761475
105.75481700897217,437.4968948364258,0.0,21.915061950683594,565.1667737960815
116.74989032745361,459.39593505859375,0.0,21.915061950683594,598.060887336731
127.72140789031982,470.3578805923462,0.0,32.36208724975586,630.4413757324219
127.72140789031982,405.0229654312134,0.0,32.36208724975586,565.1064605712891
127.72140789031982,405.0229654312134,0.0,32.36208724975586,565.1064605712891
127.72140789031982,405.0229654312134,0.0,21.915061950683594,554.6594352722168
127.72140789031982,394.07908153533936,0.0,21.915061950683594,543.7155513763428
127.72140789031982,394.07908153533936,0.0,10.973038673400879,532.7735280990601
138.72140789031982,383.2493848800659,0.0,10.973038673400879,532.9438314437866
138.72140789031982,383.2493848800659,0.0,10.973038673400879,532.9438314437866
138.72140789031982,361.2873125076294,0.0,10.973038673400879,510.9817590713501
138.72140789031982,350.2873125076294,0.0,10.973038673400879,499.9817590713501
138.72140789031982,339.2873125076294,0.0,10.973038673400879,488.9817590713501
138.72140789031982,339.2873125076294,0.0,10.973038673400879,488.9817590713501
138.72140789031982,339.2873125076294,0.0,10.973038673400879,488.9817590713501
149.70674228668213,339.2873125076294,0.0,10.973038673400879,499.9670934677124
153.40674233436584,339.2873125076294,0.0,10.973038673400879,503.6670935153961
175.0868637561798,350.2397298812866,0.0,10.973038673400879,536.2996323108673
175.0868637561798,339.73782444000244,0.0,10.973038673400879,525.7977268695831
186.03616166114807,317.73782444000244,0.0,10.973038673400879,514.7470247745514
186.03616166114807,317.73782444000244,0.0,10.973038673400879,514.7470247745514
196.97794842720032,317.73782444000244,0.0,10.973038673400879,525.6888115406036
196.97794842720032,339.54514026641846,0.0,10.973038673400879,547.4961273670197
207.86022210121155,317.804575920105,0.0,10.973038673400879,536.6378366947174
207.86022210121155,317.804575920105,0.0,10.973038673400879,536.6378366947174
207.86022210121155,306.8865900039673,0.0,10.973038673400879,525.7198507785797
218.80484223365784,306.8865900039673,0.0,10.973038673400879,536.664470911026
222.49468231201172,317.86680126190186,0.0,10.973038673400879,551.3345222473145
222.49468231201172,339.63517665863037,0.0,10.973038673400879,573.102897644043
222.49468231201172,339.63517665863037,0.0,10.973038673400879,573.102897644043
237.12892317771912,339.63517665863037,0.0,10.973038673400879,587.7371385097504
237.12892317771912,361.3570432662964,0.0,10.973038673400879,609.4590051174164
258.6211850643158,361.3570432662964,0.0,10.973038673400879,630.9512670040131
258.5447051525116,394.13654041290283,0.0,10.973038673400879,663.6542842388153
258.5447051525116,394.13654041290283,0.0,10.973038673400879,663.6542842388153
258.5447051525116,416.0887746810913,0.0,10.973038673400879,685.6065185070038
258.63385939598083,394.1042604446411,0.0,10.973038673400879,663.7111585140228
247.34738516807556,416.1042604446411,0.0,10.973038673400879,674.4246842861176
272.88158988952637,470.2532787322998,0.0,32.844882011413574,775.9797506332397
283.0165605545044,459.2592439651489,0.0,32.844882011413574,775.1206865310669
283.0165605545044,459.2592439651489,0.0,32.844882011413574,775.1206865310669
305.00821590423584,532.2625799179077,0.0,32.844882011413574,870.1156778335571
305.1266756057739,543.2625799179077,0.0,32.844882011413574,881.2341375350952
338.0434226989746,554.2371006011963,0.0,32.844882011413574,925.1254053115845
327.9084520339966,543.3204212188721,0.0,32.844882011413574,904.0737552642822
317.5855894088745,565.2886791229248,0.0,32.844882011413574,915.7191505432129
317.5855894088745,576.2567129135132,0.0,32.844882011413574,926.6871843338013
317.5855894088745,576.3259840011597,0.0,32.844882011413574,926.7564554214478
328.4917812347412,557.9537420272827,0.0,32.844882011413574,919.2904052734375
328.4917812347412,547.038254737854,0.0,32.844882011413574,908.3749179840088
328.4917812347412,558.0168514251709,21.927642822265625,32.844882011413574,941.2811574935913
328.4917812347412,558.0168514251709,21.927642822265625,32.844882011413574,941.2811574935913
328.4917812347412,558.0168514251709,21.927642822265625,32.844882011413574,941.2811574935913
317.49596881866455,568.9359407424927,21.927642822265625,32.844882011413574,941.2044343948364
328.3530740737915,579.9072265625,21.927642822265625,32.844882011413574,963.0328254699707
328.3530740737915,579.9072265625,21.927642822265625,32.844882011413574,963.0328254699707
332.0496611595154,557.9218292236328,21.927642822265625,21.871843338012695,933.7709765434265
343.0496611595154,568.9218292236328,21.927642822265625,21.871843338012695,955.7709765434265
375.60672998428345,568.9218292236328,21.927642822265625,21.871843338012695,988.3280453681946
375.60672998428345,600.7455558776855,21.927642822265625,21.871843338012695,1020.1517720222473
379.29927110671997,653.388819694519,21.927642822265625,21.871843338012695,1076.4875769615173
411.9680600166321,683.5194826126099,21.927642822265625,21.871843338012695,1139.2870287895203
422.9153342247009,683.5194826126099,21.927642822265625,135.25175666809082,1263.6142163276672
433.78637075424194,653.6744737625122,21.927642822265625,135.25175666809082,1244.6402440071106
448.4853081703186,697.0710744857788,21.927642822265625,135.25175666809082,1302.7357821464539
470.06859827041626,718.8518342971802,21.927642822265625,135.25175666809082,1346.0998320579529
459.1084551811218,687.8822240829468,21.927642822265625,135.25175666809082,1304.170078754425
437.1167998313904,665.8822240829468,21.927642822265625,135.25175666809082,1260.1784234046936
447.59834718704224,665.8876333236694,21.927642822265625,135.25175666809082,1270.6653800010681
447.59834718704224,676.8837966918945,21.927642822265625,135.25175666809082,1281.6615433692932
462.2050733566284,677.0327014923096,21.927642822265625,146.25175666809082,1307.4171743392944
462.2050733566284,677.0327014923096,21.927642822265625,146.25175666809082,1307.4171743392944
429.6540107727051,709.99755859375,21.927642822265625,146.25175666809082,1307.8309688568115
444.0570454597473,709.99755859375,21.927642822265625,146.25175666809082,1322.2340035438538
444.07597303390503,710.404218673706,21.927642822265625,146.25175666809082,1322.6595911979675
411.6200635433197,765.1474781036377,21.927642822265625,32.871843338012695,1231.5670278072357
433.5424268245697,765.1474781036377,21.927642822265625,32.871843338012695,1253.4893910884857
411.75374579429626,786.9595174789429,21.927642822265625,32.871843338012695,1253.5127494335175
444.32763171195984,819.8670034408569,21.927642822265625,32.871843338012695,1318.994121313095
466.1438739299774,819.8670034408569,21.927642822265625,32.871843338012695,1340.8103635311127
466.1438739299774,819.8670034408569,21.927642822265625,32.871843338012695,1340.8103635311127
466.1438739299774,819.8670034408569,21.927642822265625,32.871843338012695,1340.8103635311127
469.8315486907959,819.9214754104614,21.927642822265625,32.871843338012695,1344.5525102615356
491.6892547607422,825.5335960388184,21.927642822265625,32.871843338012695,1372.0223369598389
491.6892547607422,803.5653381347656,21.927642822265625,32.871843338012695,1350.0540790557861
480.8761167526245,825.0714273452759,21.927642822265625,32.871843338012695,1360.7470302581787
480.8761167526245,830.420033454895,21.927642822265625,32.871843338012695,1366.0956363677979
480.8761167526245,830.420033454895,21.927642822265625,32.871843338012695,1366.0956363677979
492.31168365478516,852.1632242202759,21.927642822265625,32.871843338012695,1399.2743940353394
492.31168365478516,852.1632242202759,21.927642822265625,32.871843338012695,1399.2743940353394
492.31168365478516,830.3684244155884,21.927642822265625,32.871843338012695,1377.4795942306519
481.6695976257324,819.7051849365234,43.68924140930176,43.837432861328125,1388.9014568328857
481.6695976257324,808.7051849365234,43.68924140930176,43.837432861328125,1377.9014568328857
485.36349630355835,808.7051849365234,43.68924140930176,43.837432861328125,1381.5953555107117
485.36349630355835,852.4305381774902,43.68924140930176,43.837432861328125,1425.3207087516785
485.42686128616333,852.4846286773682,43.68924140930176,43.837432861328125,1425.4381642341614
489.1180248260498,798.0295391082764,43.68924140930176,43.837432861328125,1374.674238204956
500.0844831466675,787.1088037490845,43.68924140930176,43.837432861328125,1374.7199611663818
500.0844831466675,808.9333600997925,43.68924140930176,43.837432861328125,1396.5445175170898
510.97845935821533,743.3305063247681,43.68924140930176,54.76542663574219,1352.7636337280273
542.3996171951294,764.5414247512817,43.68924140930176,54.76542663574219,1405.395709991455
553.4087295532227,764.5414247512817,43.68924140930176,32.89358329772949,1394.5329790115356
586.3260297775269,731.9367837905884,43.68924140930176,32.89358329772949,1394.8456382751465
608.3257284164429,731.9337539672852,43.68924140930176,65.06556224822998,1449.0142860412598
586.5665912628174,775.2796382904053,43.68924140930176,65.06556224822998,1470.6010332107544
590.2646155357361,775.2796382904053,43.68924140930176,65.06556224822998,1474.299057483673
601.3056092262268,818.8455104827881,43.68924140930176,76.00839233398438,1539.848753452301
612.1997199058533,807.8847904205322,43.68924140930176,76.00839233398438,1539.7821440696716
611.964008808136,797.0734786987305,43.68924140930176,76.00839233398438,1528.7351212501526
619.3160202503204,797.1134853363037,43.68924140930176,76.00839233398438,1536.1271393299103
619.3160202503204,808.0277290344238,43.68924140930176,76.00839233398438,1547.0413830280304
619.3160202503204,797.3217430114746,43.68924140930176,76.00839233398438,1536.3353970050812
619.3015739917755,829.6618976593018,43.68924140930176,76.00839233398438,1568.6611053943634
577.125260591507,873.5258159637451,43.68924140930176,76.00839233398438,1570.3487102985382
577.125260591507,917.2141265869141,43.68924140930176,76.00839233398438,1614.0370209217072
598.4903194904327,906.2353286743164,43.68924140930176,76.00839233398438,1624.4232819080353
598.4903194904327,916.9001588821411,43.68924140930176,76.00839233398438,1635.08811211586
598.4903194904327,927.8535842895508,43.68924140930176,76.00839233398438,1646.0415375232697
609.483656167984,927.8535842895508,43.68924140930176,86.62228393554688,1667.6487658023834
602.3967628479004,949.2947759628296,43.68924140930176,75.84814739227295,1671.2289276123047
588.1467933654785,949.2947759628296,43.68924140930176,75.84814739227295,1656.9789581298828
599.0613994598389,990.9576272964478,43.68924140930176,86.79315948486328,1720.5014276504517
599.0613994598389,979.9576272964478,43.68924140930176,86.79315948486328,1709.5014276504517
580.9077303409576,980.1704092025757,43.68924140930176,86.79315948486328,1691.5605404376984
580.9077303409576,969.338457107544,43.68924140930176,76.39531707763672,1670.33074593544
580.9077303409576,969.338457107544,43.68924140930176,87.16989040374756,1681.105319261551
591.8608810901642,980.3039588928223,43.68924140930176,87.16989040374756,1703.0239717960358
581.0037758350372,980.2916574478149,43.68924140930176,87.16989040374756,1692.1545650959015
581.0037758350372,980.2916574478149,43.68924140930176,87.16989040374756,1692.1545650959015
570.1715128421783,980.2916574478149,43.68924140930176,87.16989040374756,1681.3223021030426
591.9540464878082,991.5548648834229,43.68924140930176,87.16989040374756,1714.3680431842804
591.9540464878082,1000.6606407165527,43.68924140930176,87.16989040374756,1723.4738190174103
581.0308182239532,1000.6606407165527,43.68924140930176,87.16989040374756,1712.5505907535553
581.0308182239532,891.7070894241333,43.68924140930176,87.16989040374756,1603.5970394611359
602.6537945270538,880.8510694503784,43.68924140930176,87.16989040374756,1614.3639957904816
613.6045506000519,858.8510694503784,43.68924140930176,87.16989040374756,1603.3147518634796
602.7346041202545,847.9104690551758,43.68924140930176,87.16989040374756,1581.5042049884796
602.7346041202545,816.365629196167,43.68924140930176,76.55599880218506,1539.3454735279083
581.3695452213287,784.3535413742065,65.13277244567871,76.55599880218506,1507.411857843399
581.3695452213287,784.3535413742065,65.13277244567871,76.55599880218506,1507.411857843399
548.4524309635162,740.7536993026733,43.205129623413086,76.55599880218506,1408.9672586917877
552.1278402805328,751.7273349761963,43.205129623413086,76.55599880218506,1423.6163036823273
563.1238520145416,772.0672760009766,43.205129623413086,87.43717384338379,1465.833431482315
552.1287786960602,761.6476707458496,43.205129623413086,87.43717384338379,1444.4187529087067
541.1395723819733,729.0420227050781,43.205129623413086,87.43717384338379,1400.8238985538483
541.1395723819733,707.3538103103638,43.205129623413086,87.43717384338379,1379.135686159134
541.1395723819733,686.0871210098267,43.205129623413086,87.43717384338379,1357.8689968585968
530.0381262302399,664.310305595398,43.205129623413086,98.37498378753662,1335.9285452365875
508.15706181526184,664.310305595398,43.205129623413086,120.24680995941162,1335.9193069934845
529.8818218708038,653.310305595398,43.205129623413086,120.24680995941162,1346.6440670490265
529.8818218708038,642.3399076461792,43.205129623413086,120.24680995941162,1335.6736690998077
515.3346767425537,642.3399076461792,43.205129623413086,120.24680995941162,1321.1265239715576
551.8653652667999,621.9999666213989,43.205129623413086,120.24680995941162,1337.3172714710236
551.8653652667999,632.9924507141113,157.4871883392334,120.24680995941162,1462.5918142795563
544.623806476593,643.9550819396973,157.4871883392334,120.24680995941162,1466.3128867149353
566.5400567054749,643.9550819396973,157.4871883392334,120.24680995941162,1488.2291369438171
588.4745030403137,633.0398387908936,157.4871883392334,120.24680995941162,1499.2483401298523
621.4201979637146,633.0398387908936,157.4871883392334,120.24680995941162,1532.1940350532532
628.6793851852417,622.0662031173706,157.4871883392334,120.24680995941162,1528.4795866012573
628.4783973693848,611.0662031173706,43.205129623413086,120.24680995941162,1402.99654006958
628.4783973693848,611.9069623947144,43.205129623413086,120.24680995941162,1403.8372993469238
632.1630272865295,611.9069623947144,21.443531036376953,120.24680995941162,1385.7603306770325
632.1630272865295,557.5963687896729,21.443531036376953,109.47223663330078,1320.6751637458801
632.1630272865295,557.5963687896729,21.443531036376953,109.47223663330078,1320.6751637458801
632.1630272865295,579.0899085998535,21.443531036376953,109.47223663330078,1342.1687035560608
632.1630272865295,579.0899085998535,21.443531036376953,109.47223663330078,1342.1687035560608
643.1053576469421,601.0510330200195,21.443531036376953,109.47223663330078,1375.0721583366394
632.26398229599,579.2570533752441,21.443531036376953,109.47223663330078,1342.4368033409119
621.250946521759,590.2677354812622,21.443531036376953,109.47223663330078,1342.434449672699
621.2778677940369,590.2677354812622,21.443531036376953,109.47223663330078,1342.4613709449768
635.9707579612732,590.2677354812622,0.0,109.47223663330078,1335.7107300758362
625.0176072120667,590.2677354812622,0.0,109.47223663330078,1324.7575793266296
650.5955128669739,579.276686668396,0.0,109.47223663330078,1339.3444361686707
628.6021761894226,579.276686668396,0.0,109.47223663330078,1317.3510994911194
628.6021761894226,557.3429040908813,10.902600288391113,223.34869384765625,1420.1963744163513
628.6021761894226,557.3429040908813,10.902600288391113,223.34869384765625,1420.1963744163513
632.298134803772,557.289716720581,10.902600288391113,223.34869384765625,1423.8391456604004
621.298134803772,546.3365526199341,10.902600288391113,223.34869384765625,1401.8859815597534
621.298134803772,524.5119962692261,10.902600288391113,223.34869384765625,1380.0614252090454
599.3399450778961,524.5119962692261,10.902600288391113,223.34869384765625,1358.1032354831696
610.2946541309357,491.7545156478882,10.902600288391113,223.34869384765625,1336.3004639148712
621.1623241901398,470.0494375228882,10.902600288391113,223.34869384765625,1325.4630558490753
624.8623242378235,459.0447998046875,10.902600288391113,109.47223663330078,1204.2819609642029
621.2103128433228,459.0447998046875,10.902600288391113,120.5974988937378,1211.7552118301392
610.2198677062988,448.2727098464966,10.902600288391113,120.5974988937378,1189.9926767349243
631.9003896713257,437.1857147216797,10.902600288391113,120.5974988937378,1200.5862035751343
621.0062789916992,459.02958488464355,10.902600288391113,109.5974988937378,1200.5359630584717
599.0616588592529,437.1056823730469,10.902600288391113,109.5974988937378,1156.6674404144287
599.0616588592529,426.1609716415405,10.902600288391113,109.5974988937378,1145.7227296829224
588.315372467041,430.227915763855,10.902600288391113,120.55349254608154,1149.9993810653687
577.656307220459,430.227915763855,10.902600288391113,120.55349254608154,1139.3403158187866
533.8664283752441,426.1609716415405,10.902600288391113,120.55349254608154,1091.4834928512573
533.8664283752441,426.1609716415405,10.902600288391113,120.55349254608154,1091.4834928512573
533.8664283752441,426.1609716415405,10.902600288391113,120.55349254608154,1091.4834928512573
541.1135318279266,393.6343107223511,21.68526268005371,109.58790302276611,1066.0210082530975
541.1135318279266,382.8621940612793,21.68526268005371,109.58790302276611,1055.2488915920258
541.1135318279266,382.8621940612793,21.68526268005371,109.58790302276611,1055.2488915920258
541.1135318279266,404.6623783111572,21.68526268005371,120.5075855255127,1087.9687583446503
552.1058347225189,404.6623783111572,21.68526268005371,120.5075855255127,1098.9610612392426
537.4547343254089,404.6623783111572,21.68526268005371,141.93488883972168,1105.7372641563416
537.4547343254089,404.6623783111572,21.68526268005371,130.93488883972168,1094.7372641563416
544.8177862167358,404.6623783111572,21.68526268005371,130.93488883972168,1102.1003160476685
544.8177862167358,404.6623783111572,21.68526268005371,108.93488883972168,1080.1003160476685
555.6553430557251,404.6623783111572,21.68526268005371,108.93488883972168,1090.9378728866577
515.6053123474121,404.6623783111572,21.68526268005371,108.93488883972168,1050.8878421783447
497.4140884876251,404.6623783111572,21.68526268005371,108.93488883972168,1032.6966183185577
497.4140884876251,361.2450065612793,21.68526268005371,108.93488883972168,989.2792465686798
486.44250321388245,372.31507778167725,21.68526268005371,108.93488883972168,989.3777325153351
471.83595848083496,372.31507778167725,21.68526268005371,108.93488883972168,974.7711877822876
471.83595848083496,372.31507778167725,21.68526268005371,108.93488883972168,974.7711877822876
493.2479305267334,350.43826961517334,21.68526268005371,108.93488883972168,974.3063516616821
489.5553894042969,350.43826961517334,21.68526268005371,119.85641098022461,981.5353326797485
489.5553894042969,350.43826961517334,21.68526268005371,119.85641098022461,981.5353326797485
489.5553894042969,350.43826961517334,21.68526268005371,119.85641098022461,981.5353326797485
489.5553894042969,339.4835662841797,21.68526268005371,119.85641098022461,970.5806293487549
489.5553894042969,339.4835662841797,21.68526268005371,108.97523593902588,959.6994543075562
489.5553894042969,328.54734992980957,21.68526268005371,98.03240585327148,937.8204078674316
478.61968326568604,328.54734992980957,21.68526268005371,98.03240585327148,926.8847017288208
467.7214307785034,306.58553886413574,21.68526268005371,98.03240585327148,894.0246381759644
467.7214307785034,306.58553886413574,21.68526268005371,98.03240585327148,894.0246381759644
467.7214307785034,306.58553886413574,21.68526268005371,108.98059558868408,904.972827911377
445.8290491104126,306.58553886413574,21.68526268005371,108.98059558868408,883.0804462432861
434.94566440582275,306.58553886413574,21.68526268005371,108.98059558868408,872.1970615386963
434.94566440582275,306.58553886413574,21.68526268005371,108.98059558868408,872.1970615386963
412.98666858673096,306.58553886413574,21.68526268005371,108.98059558868408,850.2380657196045
412.98666858673096,295.6197910308838,21.68526268005371,108.98059558868408,839.2723178863525
412.98666858673096,295.6197910308838,21.68526268005371,87.5532922744751,817.8450145721436
412.98666858673096,295.6197910308838,21.68526268005371,76.60828018188477,806.9000024795532
412.98666858673096,284.8983678817749,21.68526268005371,76.60828018188477,796.1785793304443
412.98666858673096,284.8983678817749,21.68526268005371,76.60828018188477,796.1785793304443
391.220232963562,284.8983678817749,21.68526268005371,76.60828018188477,774.4121437072754
391.220232963562,284.8983678817749,21.68526268005371,76.60828018188477,774.4121437072754
391.220232963562,284.8983678817749,21.68526268005371,87.60828018188477,785.4121437072754
391.220232963562,284.8983678817749,21.68526268005371,87.60828018188477,785.4121437072754
391.220232963562,251.9460391998291,21.68526268005371,76.60828018188477,741.4598150253296
402.220232963562,251.9460391998291,21.68526268005371,76.60828018188477,752.4598150253296
405.9114923477173,240.96374607086182,21.68526268005371,76.60828018188477,745.1687812805176
405.9114923477173,240.96374607086182,21.68526268005371,76.60828018188477,745.1687812805176
427.69143772125244,218.967999458313,32.58983612060547,76.60828018188477,755.8575534820557
395.32870960235596,240.92785549163818,32.58983612060547,65.6802864074707,734.5266876220703
395.32870960235596,208.19963359832764,32.58983612060547,65.6802864074707,701.7984657287598
395.32870960235596,208.19963359832764,43.58583354949951,76.47054290771484,723.584719657898
384.33519077301025,208.19963359832764,43.58583354949951,76.47054290771484,712.5912008285522
380.6505608558655,208.19963359832764,32.803171157836914,76.47054290771484,698.1239085197449
369.6763987541199,208.19963359832764,32.803171157836914,76.47054290771484,687.1497464179993
369.6763987541199,208.19963359832764,21.9005708694458,76.47054290771484,676.2471461296082
373.3763988018036,208.19963359832764,21.9005708694458,87.3306131362915,690.8072164058685
362.5087287425995,208.19963359832764,21.9005708694458,87.3306131362915,679.9395463466644
362.5087287425995,208.19963359832764,21.9005708694458,87.3306131362915,679.9395463466644
362.5087287425995,197.20405387878418,134.1164674758911,87.3306131362915,781.1598632335663
362.5087287425995,207.41793251037598,145.1164674758911,87.3306131362915,802.3737418651581
362.5087287425995,196.53040027618408,145.1164674758911,108.64452075958252,812.8001172542572
362.5087287425995,185.561674118042,145.1164674758911,108.64452075958252,801.8313910961151
362.5087287425995,185.561674118042,145.1164674758911,119.54710483551025,812.7339751720428
351.56752467155457,163.63490867614746,272.1196565628052,119.54710483551025,906.8691947460175
340.6241271495819,163.63490867614746,272.1196565628052,119.54710483551025,895.9257972240448
340.6241271495819,163.63490867614746,272.1196565628052,119.54710483551025,895.9257972240448
340.6241271495819,163.63490867614746,272.1196565628052,119.54710483551025,895.9257972240448
340.6241271495819,163.63490867614746,272.1196565628052,119.54710483551025,895.9257972240448
340.6241271495819,152.72006225585938,163.60348296165466,119.54710483551025,776.4947772026062
325.9995548725128,152.72006225585938,174.5088231563568,119.54710483551025,772.7755451202393
325.9995548725128,152.72006225585938,174.5088231563568,119.54710483551025,772.7755451202393
325.9995548725128,142.50618362426758,196.48395323753357,119.54710483551025,784.5367965698242
315.16199803352356,142.50618362426758,196.48395323753357,141.28163814544678,795.4337730407715
311.4788954257965,142.50618362426758,196.48395323753357,141.28163814544678,791.7506704330444
311.4788954257965,98.69417572021484,196.48395323753357,141.28163814544678,747.9386625289917
311.4788954257965,98.69417572021484,196.48395323753357,141.28163814544678,747.9386625289917
289.68132519721985,76.77284049987793,196.48395323753357,141.28163814544678,704.2197570800781
282.2367856502533,76.77284049987793,196.48395323753357,141.28163814544678,696.7752175331116
304.12118315696716,76.77284049987793,80.4807641506195,119.96773052215576,581.3425183296204
304.12118315696716,76.77284049987793,80.4807641506195,119.96773052215576,581.3425183296204
304.12118315696716,76.77284049987793,113.3162009716034,119.96773052215576,614.1779551506042
304.12118315696716,76.77284049987793,113.3162009716034,119.96773052215576,614.1779551506042
304.12118315696716,76.77284049987793,113.3162009716034,130.9458065032959,625.1560311317444
293.1608989238739,76.77284049987793,113.3162009716034,230.24865531921387,713.4985957145691
289.46629190444946,76.77284049987793,113.3162009716034,230.24865531921387,709.8039886951447
289.46629190444946,76.77284049987793,113.3162009716034,230.24865531921387,709.8039886951447
289.46629190444946,76.77284049987793,135.3162009716034,230.24865531921387,731.8039886951447
293.1171565055847,76.77284049987793,146.26642870903015,130.9458065032959,647.1022322177887
293.1171565055847,65.80566787719727,146.26642870903015,130.9458065032959,636.135059595108
293.1171565055847,65.80566787719727,146.26642870903015,130.9458065032959,636.135059595108
293.1171565055847,54.840166091918945,146.26642870903015,130.9458065032959,625.1695578098297
304.10437536239624,54.840166091918945,146.26642870903015,120.15555000305176,625.3665201663971
324.4123148918152,54.840166091918945,146.26642870903015,120.15555000305176,645.674459695816
342.7106394767761,54.840166091918945,146.26642870903015,120.15555000305176,663.972784280777
342.7106394767761,54.840166091918945,146.26642870903015,120.15555000305176,663.972784280777
342.7106394767761,54.840166091918945,135.26642870903015,120.15555000305176,652.972784280777
342.7106394767761,54.840166091918945,146.26033473014832,120.15555000305176,663.9666903018951
342.7106394767761,54.840166091918945,168.11018443107605,120.15555000305176,685.8165400028229
339.16257762908936,54.840166091918945,309.0041377544403,141.93766593933105,844.9445474147797
300.5563135147095,54.840166091918945,309.0041377544403,130.99985599517822,795.400473356247
289.5707540512085,54.840166091918945,309.0041377544403,130.99985599517822,784.414913892746
289.5707540512085,54.840166091918945,309.0041377544403,141.87750625610352,795.2925641536713
300.43799018859863,54.840166091918945,334.6926381587982,141.87750625610352,831.8483006954193
311.00093173980713,54.840166091918945,334.6926381587982,141.87750625610352,842.4112422466278
311.00093173980713,54.840166091918945,334.6926381587982,130.89943027496338,831.4331662654877
300.03634452819824,43.882325172424316,334.6926381587982,130.89943027496338,809.5107381343842
289.0543556213379,43.882325172424316,334.6926381587982,130.89943027496338,798.5287492275238
289.0543556213379,43.882325172424316,334.6926381587982,130.89943027496338,798.5287492275238
285.35628056526184,43.882325172424316,334.6926381587982,130.89943027496338,794.8306741714478
281.66860580444336,43.882325172424316,334.6926381587982,141.4956178665161,801.739187002182
259.7986545562744,43.882325172424316,345.087424993515,163.4956178665161,812.2640225887299
270.7657232284546,43.882325172424316,225.87327551841736,163.4956178665161,704.0169417858124
270.7657232284546,43.882325172424316,225.87327551841736,163.4956178665161,704.0169417858124
259.7734203338623,32.92248725891113,225.87327551841736,163.4956178665161,682.0648009777069
259.7734203338623,32.92248725891113,236.83555674552917,163.4956178665161,693.0270822048187
259.7734203338623,32.92248725891113,236.83555674552917,163.4956178665161,693.0270822048187
237.99347496032715,32.92248725891113,236.83555674552917,163.4956178665161,671.2471368312836
237.98669481277466,10.962631225585938,236.83555674552917,163.4956178665161,649.2805006504059
237.98669481277466,10.962631225585938,236.83555674552917,152.57593536376953,638.3608181476593
230.7351052761078,10.962631225585938,247.80326533317566,152.57593536376953,642.0769371986389
220.1721637248993,10.962631225585938,247.80326533317566,152.57593536376953,631.5139956474304
220.1721637248993,10.962631225585938,247.80326533317566,174.0841293334961,653.022189617157
242.02950930595398,10.962631225585938,237.40847849845886,174.0841293334961,664.4847483634949
238.3383457660675,10.962631225585938,237.40847849845886,174.0841293334961,660.7935848236084
242.02988386154175,10.962631225585938,237.40847849845886,174.0841293334961,664.4851229190826
231.0751748085022,10.962631225585938,241.10847854614258,174.0841293334961,657.2304139137268
231.0751748085022,10.962631225585938,359.66728687286377,163.48794174194336,765.1930346488953
231.0751748085022,10.962631225585938,359.66728687286377,174.39685726165771,776.1019501686096
231.0751748085022,0.0,359.66728687286377,174.39685726165771,765.1393189430237
231.0751748085022,0.0,359.66728687286377,163.53678703308105,754.279248714447
220.11126375198364,0.0,251.78231525421143,152.53969860076904,624.4332776069641
220.11126375198364,0.0,251.78231525421143,152.53969860076904,624.4332776069641
220.11126375198364,0.0,229.80718517303467,141.5837049484253,591.5021538734436
209.17277193069458,0.0,207.936448097229,141.5837049484253,558.6929249763489
209.17277193069458,0.0,207.936448097229,141.5837049484253,558.6929249763489
209.17277193069458,0.0,207.936448097229,141.5837049484253,558.6929249763489
205.494286775589,0.0,336.2114725112915,141.5837049484253,683.2894642353058
205.494286775589,0.0,336.2114725112915,141.5837049484253,683.2894642353058
205.494286775589,0.0,336.2114725112915,119.84917163848877,661.5549309253693
205.494286775589,0.0,323.02038288116455,119.84917163848877,648.3638412952423
205.494286775589,0.0,326.70563292503357,119.84917163848877,652.0490913391113
190.81913018226624,0.0,326.70563292503357,119.84917163848877,637.3739347457886
176.13243103027344,21.363344192504883,326.70563292503357,119.84917163848877,644.0505797863007
172.43805837631226,21.363344192504883,326.70563292503357,98.3409776687622,618.8480131626129
172.43805837631226,21.363344192504883,306.8967225551605,98.3409776687622,599.0391027927399
172.43805837631226,21.363344192504883,306.8967225551605,109.27625942230225,609.9743845462799
161.49095487594604,21.363344192504883,306.8967225551605,109.27625942230225,599.0272810459137
161.49095487594604,21.363344192504883,252.31234526634216,109.27625942230225,544.4429037570953
161.49095487594604,21.363344192504883,145.97725558280945,109.27625942230225,438.1078140735626
172.43941640853882,21.363344192504883,135.01497435569763,120.25509643554688,449.0728313922882
150.57218027114868,21.363344192504883,135.01497435569763,109.35251235961914,416.30301117897034
143.19607543945312,21.363344192504883,135.01497435569763,120.32841110229492,419.90280508995056
164.7337303161621,21.363344192504883,156.37261176109314,142.0561065673828,484.52579283714294
164.7337303161621,21.363344192504883,156.37261176109314,142.0561065673828,484.52579283714294
164.7337303161621,21.363344192504883,145.6987750530243,142.0561065673828,473.8519561290741
164.7337303161621,21.363344192504883,145.6987750530243,142.0561065673828,473.8519561290741
164.7337303161621,21.363344192504883,156.4285752773285,131.13458442687988,473.66023421287537
142.87638473510742,21.363344192504883,156.4285752773285,131.13458442687988,451.8028886318207
142.87638473510742,21.363344192504883,156.4285752773285,131.13458442687988,451.8028886318207
153.80724143981934,21.363344192504883,156.4285752773285,131.13458442687988,462.7337453365326
153.80724143981934,21.363344192504883,156.4285752773285,131.13458442687988,462.7337453365326
153.80724143981934,21.363344192504883,156.4285752773285,131.13458442687988,462.7337453365326
150.11740136146545,21.363344192504883,167.07084727287292,177.54364681243896,516.0952396392822
146.4665367603302,21.363344192504883,177.96067309379578,242.0632905960083,587.8538446426392
146.4665367603302,21.363344192504883,188.93197321891785,206.6037721633911,563.365626335144
146.4665367603302,21.363344192504883,177.96727347373962,206.6037721633911,552.4009265899658
157.32273125648499,21.363344192504883,177.96727347373962,195.72612190246582,552.3794708251953
146.32273125648499,21.363344192504883,177.96727347373962,217.69540786743164,563.3487567901611
146.32273125648499,0.0,177.96727347373962,217.69540786743164,541.9854125976562
146.32273125648499,0.0,199.8502595424652,239.37388801574707,585.5468788146973
146.32273125648499,0.0,210.7513988018036,239.37388801574707,596.4480180740356
157.29730534553528,0.0,221.73336958885193,239.37388801574707,618.4045629501343
157.29730534553528,0.0,221.73336958885193,196.31769561767578,575.348370552063
157.29730534553528,0.0,225.43336963653564,196.31769561767578,579.0483705997467
146.30944275856018,0.0,225.43336963653564,196.31769561767578,568.0605080127716
157.12476563453674,0.0,225.43336963653564,196.31769561767578,578.8758308887482
153.43568396568298,0.0,192.67817974090576,218.16123390197754,564.2750976085663
153.43568396568298,0.0,192.67817974090576,218.16123390197754,564.2750976085663
153.43568396568298,0.0,192.67817974090576,218.16123390197754,564.2750976085663
157.1356840133667,0.0,192.67817974090576,218.5612030029297,568.3750667572021
153.43989062309265,0.0,192.67817974090576,218.5612030029297,564.6792733669281
153.43989062309265,0.0,214.56663990020752,196.7790870666504,564.7856175899506
153.43989062309265,0.0,182.4792022705078,196.7790870666504,532.6981799602509
153.43989062309265,0.0,182.4792022705078,196.7790870666504,532.6981799602509
157.13989067077637,0.0,182.4792022705078,207.73815727233887,547.357250213623
157.13989067077637,0.0,171.4792022705078,207.73815727233887,536.357250213623
157.13989067077637,0.0,171.4792022705078,218.71895599365234,547.3380489349365
157.13989067077637,0.0,171.4792022705078,218.71895599365234,547.3380489349365
164.34221982955933,0.0,160.83693027496338,218.71895599365234,543.898106098175
160.6422197818756,0.0,160.83693027496338,218.71895599365234,540.1981060504913
160.6422197818756,0.0,160.83693027496338,218.71895599365234,540.1981060504913
160.6422197818756,0.0,160.83693027496338,218.71895599365234,540.1981060504913
160.6422197818756,0.0,160.83693027496338,218.71895599365234,540.1981060504913
160.6422197818756,21.61214828491211,160.83693027496338,218.71895599365234,561.8102543354034
149.67515110969543,21.61214828491211,160.83693027496338,229.66879653930664,561.7930262088776
138.81895661354065,21.61214828491211,160.83693027496338,240.18671989440918,561.4547550678253
135.12339091300964,21.61214828491211,160.83693027496338,240.18671989440918,557.7591893672943
135.12339091300964,21.61214828491211,160.83693027496338,229.27780437469482,546.85027384758
113.58573603630066,21.61214828491211,138.9539442062378,207.55010890960693,481.7019374370575
113.58573603630066,21.61214828491211,138.9539442062378,207.55010890960693,481.7019374370575
113.58573603630066,21.61214828491211,138.9539442062378,207.55010890960693,481.7019374370575
135.4444510936737,21.61214828491211,138.9539442062378,229.3763313293457,525.3868749141693
135.4444510936737,21.61214828491211,138.9539442062378,229.3763313293457,525.3868749141693
135.4444510936737,21.61214828491211,131.75280499458313,229.3763313293457,518.1857357025146
135.4444510936737,21.61214828491211,120.77083420753479,218.44104957580566,496.26848316192627
142.74811053276062,21.61214828491211,120.77083420753479,218.48150730133057,503.6126003265381
142.74811053276062,21.61214828491211,120.77083420753479,218.48150730133057,503.6126003265381
142.74811053276062,21.61214828491211,120.77083420753479,229.41594123840332,514.5470342636108
142.74811053276062,21.61214828491211,120.77083420753479,229.41594123840332,514.5470342636108
142.74811053276062,21.61214828491211,120.77083420753479,229.41594123840332,514.5470342636108
153.67958521842957,21.61214828491211,120.77083420753479,229.41594123840332,525.4785089492798
153.67958521842957,21.61214828491211,120.77083420753479,229.41594123840332,525.4785089492798
153.67958521842957,21.61214828491211,120.77083420753479,207.7374610900879,503.80002880096436
153.67958521842957,21.61214828491211,120.77083420753479,207.7374610900879,503.80002880096436
153.67958521842957,21.61214828491211,120.77083420753479,218.4447479248047,514.5073156356812
153.67958521842957,21.61214828491211,131.76949906349182,207.92682456970215,514.9880571365356
153.67958521842957,42.6441650390625,131.76949906349182,207.92682456970215,536.020073890686
157.37958526611328,42.6441650390625,120.81927132606506,196.88836002349854,517.7313816547394
157.37958526611328,42.6441650390625,141.36281037330627,196.88836002349854,538.2749207019806
157.37958526611328,42.6441650390625,130.41179299354553,196.88836002349854,527.3239033222198
157.37958526611328,42.6441650390625,130.41179299354553,218.73539447784424,549.1709377765656
157.37958526611328,42.6441650390625,130.41179299354553,218.73539447784424,549.1709377765656
157.37958526611328,42.6441650390625,119.52196717262268,218.73539447784424,538.2811119556427
157.37958526611328,42.6441650390625,108.52596974372864,207.80650234222412,516.3562223911285
146.56426239013672,42.6441650390625,108.52596974372864,196.85831260681152,494.5927097797394
146.56426239013672,42.6441650390625,108.52596974372864,218.80463981628418,516.539036989212
146.56426239013672,42.6441650390625,108.52596974372864,229.5637903213501,527.298187494278
135.5770435333252,42.6441650390625,108.52596974372864,229.5637903213501,516.3109686374664
124.62858200073242,42.6441650390625,108.52596974372864,229.5637903213501,505.36250710487366
124.62858200073242,42.6441650390625,87.98243069648743,229.5637903213501,484.81896805763245
124.62858200073242,42.6441650390625,87.98243069648743,229.5637903213501,484.81896805763245
124.62858200073242,42.6441650390625,98.89677357673645,250.7981595993042,516.9676802158356
124.62858200073242,21.61214828491211,98.89677357673645,272.5926637649536,517.7301676273346
128.32289862632751,21.61214828491211,102.4892590045929,283.5002098083496,535.9245157241821
128.32289862632751,21.61214828491211,102.4892590045929,272.516450881958,524.9407567977905
131.9904980659485,21.61214828491211,102.49508690834045,283.5492534637451,539.6469867229462
131.9904980659485,21.61214828491211,106.19508695602417,283.5492534637451,543.3469867706299
131.9904980659485,21.61214828491211,106.19508695602417,283.5492534637451,543.3469867706299
131.9904980659485,21.61214828491211,106.19508695602417,283.5492534637451,543.3469867706299
131.9904980659485,21.61214828491211,106.19508695602417,294.53301429748535,554.3307476043701
131.9904980659485,21.61214828491211,106.19508695602417,294.53301429748535,554.3307476043701
131.9904980659485,21.61214828491211,128.1599259376526,294.53301429748535,576.2955865859985
131.9904980659485,21.61214828491211,128.1599259376526,316.4395055770874,598.2020778656006
131.9904980659485,21.61214828491211,128.1599259376526,316.4395055770874,598.2020778656006
110.13178300857544,21.61214828491211,128.1599259376526,316.4395055770874,576.3433628082275
110.13178300857544,21.61214828491211,139.96373796463013,305.4587068557739,577.1663761138916
110.13178300857544,21.61214828491211,139.96373796463013,305.4587068557739,577.1663761138916
110.13178300857544,21.61214828491211,139.96373796463013,305.4587068557739,577.1663761138916
121.10147714614868,21.61214828491211,128.1599259376526,284.2243375778198,555.0978889465332
124.78721046447754,21.61214828491211,128.1599259376526,284.2243375778198,558.7836222648621
124.78721046447754,0.0,128.1599259376526,294.8089771270752,547.7561135292053
124.78721046447754,0.0,139.15643167495728,294.8089771270752,558.75261926651
113.8557357788086,0.0,139.15643167495728,305.8089771270752,558.8211445808411
113.8557357788086,0.0,139.15643167495728,316.8089771270752,569.8211445808411
113.8557357788086,0.0,139.15643167495728,316.8089771270752,569.8211445808411
110.16284561157227,0.0,139.15643167495728,305.8330783843994,555.152355670929
121.07304000854492,0.0,139.15643167495728,316.7264795303345,576.9559512138367
131.9668550491333,0.0,139.15643167495728,316.7264795303345,587.849766254425
131.9668550491333,0.0,139.15643167495728,316.7264795303345,587.849766254425
131.9668550491333,0.0,139.15643167495728,316.7264795303345,587.849766254425
131.9668550491333,0.0,139.15643167495728,327.66242599487305,598.7857127189636
131.9668550491333,0.0,139.15643167495728,338.6157331466675,609.739019870758
121.06720733642578,0.0,139.15643167495728,338.8298282623291,599.0534672737122
121.06720733642578,0.0,139.15643167495728,360.81823348999023,621.0418725013733
124.7629325389862,0.0,139.15643167495728,382.4805030822754,646.3998672962189
124.7629325389862,0.0,139.15643167495728,382.4805030822754,646.3998672962189
124.7629325389862,0.0,150.1549506187439,393.4805030822754,668.3983862400055
124.7629325389862,0.0,139.2150158882141,404.4805030822754,668.4584515094757
124.7629325389862,20.821598052978516,139.2150158882141,415.44764518737793,700.2471916675568
135.72372221946716,42.78655242919922,135.5265154838562,415.44764518737793,729.4844353199005
135.74122309684753,42.78655242919922,135.5265154838562,415.44764518737793,729.5019361972809
146.71895575523376,42.78655242919922,135.5265154838562,415.44764518737793,740.4796688556671
146.71895575523376,42.78655242919922,135.5265154838562,426.69249629974365,751.7245199680328
146.71895575523376,42.78655242919922,157.25653409957886,426.69249629974365,773.4545385837555
168.6040494441986,42.78655242919922,157.25653409957886,437.5408811569214,806.1880171298981
157.62947535514832,64.78655242919922,146.28882551193237,437.5408811569214,806.2457344532013
157.63006567955017,64.78655242919922,157.27663660049438,530.4819707870483,910.1752254962921
157.63006567955017,86.61347389221191,157.27663660049438,550.986870765686,952.5070469379425
157.63006567955017,86.61347389221191,157.27663660049438,479.8966455459595,881.4168217182159
157.63006567955017,86.61347389221191,157.27663660049438,479.8966455459595,881.4168217182159
161.32835698127747,86.61347389221191,157.27663660049438,501.8966455459595,907.1151130199432
172.24719834327698,86.61347389221191,153.57663655281067,501.8966455459595,914.333954334259
172.24719834327698,86.61347389221191,153.57663655281067,512.8966455459595,925.333954334259
172.24719834327698,86.61347389221191,153.57663655281067,481.4326753616333,893.8699841499329
172.24719834327698,86.61347389221191,153.57663655281067,492.365873336792,904.8031821250916
183.23225808143616,86.61347389221191,153.57663655281067,503.2841510772705,926.7065196037292
183.23225808143616,86.61347389221191,164.36177468299866,513.2843799591064,947.4918866157532
205.23225808143616,76.66284656524658,164.36177468299866,513.2843799591064,959.5412592887878
205.23225808143616,76.66284656524658,164.36177468299866,556.8428974151611,1003.0997767448425
205.23225808143616,76.66284656524658,164.36177468299866,535.924147605896,982.1810269355774
205.23225808143616,76.66284656524658,164.36177468299866,535.924147605896,982.1810269355774
205.23225808143616,97.45863056182861,164.36177468299866,535.924147605896,1002.9768109321594
205.23225808143616,97.45863056182861,175.34719586372375,535.924147605896,1013.9622321128845
205.23225808143616,141.31525897979736,175.34719586372375,503.0832815170288,1024.977994441986
226.85463547706604,152.15029048919678,171.66194581985474,481.2362470626831,1031.9031188488007
230.53956174850464,152.15029048919678,171.66194581985474,448.3845615386963,1002.7363595962524
230.53956174850464,152.15029048919678,171.66194581985474,448.3845615386963,1002.7363595962524
230.53956174850464,152.15029048919678,171.66194581985474,437.3845615386963,991.7363595962524
230.53956174850464,152.15029048919678,171.66194581985474,448.3845615386963,1002.7363595962524
230.53956174850464,152.15029048919678,171.66194581985474,448.3845615386963,1002.7363595962524
230.53956174850464,152.15029048919678,181.95499467849731,448.3845615386963,1013.029408454895
230.53956174850464,152.15029048919678,178.2549946308136,448.3845615386963,1009.3294084072113
241.53279733657837,163.01077938079834,178.2549946308136,426.6444721221924,1009.4430434703827
252.4404091835022,119.04582500457764,178.2549946308136,404.80249214172363,954.5437209606171
263.3806052207947,119.04582500457764,178.2549946308136,404.80249214172363,965.4839169979095
263.3806052207947,129.83961963653564,178.2549946308136,426.76265716552734,998.2378766536713
267.0619263648987,162.80297565460205,178.2549946308136,426.76265716552734,1034.8825538158417
267.0619263648987,162.80297565460205,199.96970295906067,426.76265716552734,1056.5972621440887
270.7611520290375,173.80297565460205,217.57977414131165,448.4810600280762,1110.6249618530273
270.7611520290375,184.80297565460205,217.57977414131165,448.4810600280762,1121.6249618530273
292.6392982006073,204.93453884124756,217.57977414131165,426.818790435791,1141.9724016189575
288.9392981529236,204.93453884124756,206.60847401618958,415.8350296020508,1116.3173406124115
288.93252635002136,204.93453884124756,206.60847401618958,415.8350296020508,1116.3105688095093
287.8616397380829,204.93453884124756,185.31676030158997,415.8350296020508,1093.9479684829712
302.5173444747925,204.93453884124756,178.65998482704163,415.8350296020508,1101.9468977451324
313.5001344680786,185.7095766067505,178.65998482704163,415.8350296020508,1093.7047255039215
313.5001344680786,185.7095766067505,178.65998482704163,415.8350296020508,1093.7047255039215
324.46903800964355,207.6247320175171,178.65998482704163,415.8350296020508,1126.588784456253
320.76903796195984,207.6247320175171,178.3728964328766,426.7961883544922,1133.5628547668457
324.46809434890747,207.6247320175171,178.3728964328766,415.7961883544922,1126.2619111537933
324.46809434890747,207.6247320175171,178.3728964328766,403.709867477417,1114.1755902767181
346.39096117019653,229.53406429290771,189.37225556373596,403.709867477417,1169.0071485042572
360.9135980606079,229.53406429290771,189.37225556373596,403.709867477417,1183.5297853946686
360.9135980606079,251.47527408599854,178.58711743354797,381.9153633117676,1172.891352891922
339.291220664978,262.3997755050659,200.58711743354797,370.9153633117676,1173.1934769153595
339.291220664978,262.3997755050659,200.58711743354797,392.9153633117676,1195.1934769153595
350.09039306640625,283.8021116256714,200.58711743354797,403.9067134857178,1238.3863356113434
349.98883605003357,283.8021116256714,204.2871174812317,403.9067134857178,1241.9847786426544
349.98883605003357,283.8021116256714,226.14272928237915,383.24079513549805,1243.1744720935822
375.1397633552551,283.8021116256714,226.14272928237915,383.24079513549805,1268.3253993988037
375.1397633552551,283.8021116256714,226.14272928237915,405.23794746398926,1290.322551727295
378.83180975914,283.8021116256714,226.14272928237915,427.2124423980713,1315.9890930652618
382.5207576751709,283.8021116256714,226.14272928237915,427.2124423980713,1319.6780409812927
371.53041648864746,283.8021116256714,226.14272928237915,427.2124423980713,1308.6876997947693
350.60130310058594,305.6162004470825,226.14272928237915,427.2124423980713,1309.572675228119
350.7046785354614,305.6162004470825,226.14272928237915,427.2124423980713,1309.6760506629944
361.6210517883301,305.6162004470825,226.14272928237915,448.55796813964844,1341.9379496574402
365.32031893730164,294.6162004470825,226.14272928237915,448.55796813964844,1334.6372168064117
369.01070642471313,294.6162004470825,226.14272928237915,437.618106842041,1327.3877429962158
404.25470876693726,294.6162004470825,226.14272928237915,426.67252349853516,1351.686161994934
407.954708814621,294.6162004470825,226.14272928237915,415.684118270874,1344.3977568149567
411.6514194011688,305.6320924758911,226.14272928237915,426.66627502441406,1370.0925161838531
411.6514194011688,305.6320924758911,226.14272928237915,426.66627502441406,1370.0925161838531
418.9086437225342,305.6320924758911,237.14272928237915,437.66627502441406,1399.3497405052185
440.9057197570801,305.6320924758911,248.06761121749878,437.66627502441406,1432.271698474884
440.9057197570801,305.6320924758911,248.06761121749878,551.3959274291992,1546.0013508796692
440.8693389892578,305.6320924758911,248.06761121749878,540.4160833358765,1534.9851260185242
462.6985912322998,327.40496730804443,248.06761121749878,518.5654458999634,1556.7366156578064
470.53559732437134,306.00263118743896,248.06761121749878,518.5654458999634,1543.1712856292725
466.839638710022,306.00263118743896,248.33744955062866,529.5379266738892,1550.7176461219788
466.839638710022,295.20883655548096,248.33744955062866,507.70843601226807,1518.0943608283997
501.5035767555237,273.38191509246826,226.33744955062866,507.70843601226807,1508.9313774108887
534.3300728797913,273.38191509246826,226.33744955062866,507.70843601226807,1541.7578735351562
534.3300728797913,273.25458240509033,215.42310667037964,485.7752380371094,1508.7829999923706
555.6033387184143,240.33942699432373,215.42310667037964,485.7752380371094,1497.141110420227
545.8110194206238,240.33942699432373,182.70087957382202,485.7752380371094,1454.626564025879
527.6134371757507,260.177960395813,182.70087957382202,463.7752380371094,1434.2675151824951
538.5868525505066,281.90607738494873,182.70087957382202,442.08723068237305,1445.2810401916504
538.5868525505066,281.90607738494873,182.70087957382202,317.4406547546387,1320.634464263916
564.0590374469757,281.90607738494873,193.69624948501587,295.5472536087036,1335.208617925644
567.8864386081696,271.04558849334717,327.31379556655884,306.4919385910034,1472.737761259079
600.3142025470734,292.8774080276489,327.31379556655884,262.8054790496826,1483.3108851909637
625.9048464298248,292.8774080276489,327.31379556655884,262.8115539550781,1508.9076039791107
620.3605780601501,273.03887462615967,327.31379556655884,262.8115539550781,1483.5248022079468
598.4377112388611,240.31698036193848,305.59908723831177,262.8115539550781,1407.1653327941895
587.6681895256042,240.31698036193848,305.59908723831177,262.8115539550781,1396.3958110809326
605.6757898330688,240.31698036193848,301.89908719062805,262.8115539550781,1410.7034113407135
616.4326410293579,229.34277534484863,301.89908719062805,262.8115539550781,1410.4860575199127
638.1625280380249,240.34277534484863,301.89908719062805,273.8115539550781,1454.2159445285797
640.6968450546265,240.34277534484863,301.89908719062805,263.1524877548218,1446.091195344925
658.7764365673065,240.34277534484863,301.89908719062805,252.20264720916748,1453.2209463119507
658.7764365673065,240.34277534484863,301.89908719062805,252.20264720916748,1453.2209463119507
666.8094220161438,251.32745552062988,183.04160690307617,252.20264720916748,1353.3811316490173
696.4351086616516,251.32745552062988,183.04160690307617,252.20264720916748,1383.0068182945251
714.7401947975159,250.96554946899414,172.07550811767578,252.20264720916748,1389.9838995933533
732.6488871574402,250.96554946899414,172.07550811767578,252.20264720916748,1407.8925919532776
721.7863183021545,250.96554946899414,182.83067893981934,252.20264720916748,1407.7851939201355
732.663715839386,250.96554946899414,182.83067893981934,252.20264720916748,1418.662591457367
725.440268278122,250.96554946899414,193.33612060546875,263.3321371078491,1433.074075460434
740.1066966056824,250.96554946899414,214.67554664611816,263.3321371078491,1469.0799298286438
736.4127979278564,229.08312606811523,214.67554664611816,263.3321371078491,1443.503607749939
714.5863018035889,229.08312606811523,214.67554664611816,263.3321371078491,1421.6771116256714
736.3056907653809,229.08312606811523,214.67554664611816,263.3321371078491,1443.3965005874634
743.6123290061951,207.25130653381348,203.67581272125244,274.2759599685669,1428.8154082298279
790.5714383125305,185.47843170166016,203.67581272125244,285.2434940338135,1464.9691767692566
794.2568411827087,163.56909942626953,181.67581272125244,285.2434940338135,1424.7452473640442
870.0628952980042,185.56909942626953,181.67581272125244,263.28332901000977,1500.591136455536
881.0198683738708,185.56909942626953,181.67581272125244,252.28332901000977,1500.5481095314026
877.410772562027,185.56909942626953,185.36809253692627,230.48184967041016,1478.829814195633
891.1761250495911,206.59162712097168,185.36809253692627,219.5086326599121,1502.6444773674011
924.0809426307678,206.59162712097168,195.9772825241089,230.5086326599121,1557.1584849357605
935.1345896720886,228.59162712097168,195.9772825241089,230.5086326599121,1590.2121319770813
902.7068257331848,239.59162712097168,195.9772825241089,230.5086326599121,1568.7843680381775
931.2059528827667,250.59162712097168,184.97876358032227,219.57268619537354,1586.3490297794342
960.9296722412109,250.59162712097168,184.97876358032227,230.5981912612915,1627.0982542037964
986.4285898208618,294.0948009490967,184.97876358032227,230.5981912612915,1696.1003456115723
995.2856864929199,305.0948009490967,184.97876358032227,230.5981912612915,1715.9574422836304
984.5913400650024,305.0948009490967,163.44469165802002,230.5981912612915,1683.7290239334106
1072.399901151657,283.28071212768555,163.44469165802002,241.14351844787598,1760.2688233852386
1130.7840061187744,261.9402332305908,163.44469165802002,230.22524070739746,1786.3941717147827
1158.3055965900421,251.01573181152344,163.44469165802002,230.22524070739746,1802.991260766983
1176.5775835514069,251.01573181152344,152.8960313796997,230.22524070739746,1810.7145874500275
1175.1158683300018,251.01573181152344,281.39966678619385,252.18363571166992,1959.714902639389
1204.3397512435913,251.01573181152344,281.39966678619385,241.23730850219727,1977.9924583435059
1298.5320084095001,229.9932041168213,281.39966678619385,262.73571968078613,2072.6605989933014
1305.8052344322205,229.9932041168213,260.06024074554443,284.5223636627197,2080.381042957306
1316.7346806526184,240.9932041168213,260.06024074554443,284.5223636627197,2102.310489177704
1338.7029671669006,240.9932041168213,260.06024074554443,306.2819232940674,2146.0383353233337
1342.8412070274353,240.9932041168213,260.06024074554443,339.1675453186035,2183.0621972084045
1357.6002035140991,240.9932041168213,260.06024074554443,339.1675453186035,2197.8211936950684
1402.2863092422485,240.9932041168213,281.7785997390747,339.16082859039307,2264.2189416885376
1388.1723864078522,240.9932041168213,271.02342891693115,350.153058052063,2250.3420774936676
1398.8182165622711,240.9932041168213,271.02342891693115,339.4687671661377,2250.3036167621613
1409.8251287937164,219.12053680419922,271.02342891693115,350.3753890991211,2250.344483613968
1460.8273713588715,219.12053680419922,260.0280590057373,328.44098472595215,2268.41695189476
1483.4363486766815,219.12053680419922,263.7100305557251,328.44098472595215,2294.707900762558
1524.1773607730865,219.12053680419922,263.7100305557251,440.71497917175293,2447.722907304764
1517.0264642238617,219.12053680419922,263.7100305557251,429.74249839782715,2429.599529981613
1542.7455911636353,197.12053680419922,146.14114475250244,429.74249839782715,2315.749771118164
1546.551587343216,197.12053680419922,113.28679275512695,429.74249839782715,2286.7014153003693
1590.220647096634,197.12053680419922,113.28679275512695,449.5861568450928,2350.214133501053
1572.042691707611,197.12053680419922,124.18830680847168,482.41778659820557,2375.7693219184875
1640.3725204467773,197.12053680419922,124.18830680847168,493.41778659820557,2455.099150657654
1672.7925035953522,197.12053680419922,124.18830680847168,504.39165687561035,2498.4930040836334
1652.883898973465,175.12053680419922,124.18830680847168,509.48822689056396,2461.6809694767
1657.5398154258728,186.12053680419922,124.18830680847168,397.2142324447632,2365.062891483307
1669.6629002094269,186.12053680419922,135.1526002883911,339.6803569793701,2330.6163942813873
1699.2712535858154,186.12053680419922,135.1526002883911,339.6803569793701,2360.224747657776
1720.5672492980957,175.1571807861328,135.1526002883911,317.6803569793701,2348.5573873519897
1774.9172995090485,164.1571807861328,124.1647891998291,317.6803569793701,2380.9196264743805
1774.902408838272,164.1571807861328,124.1647891998291,317.6803569793701,2380.904735803604
1840.350034236908,164.1571807861328,124.1647891998291,306.6803569793701,2435.35236120224
1862.130835056305,142.6540069580078,124.1647891998291,306.6803569793701,2435.629988193512
1870.0688536167145,142.78814697265625,124.1647891998291,306.6803569793701,2443.70214676857
1874.3630454540253,142.78814697265625,124.1647891998291,306.6803569793701,2447.9963386058807
1856.4778039455414,164.78814697265625,135.06226634979248,295.81932067871094,2452.147537946701
1918.491176366806,164.78814697265625,127.71010565757751,295.81932067871094,2506.8087496757507
1965.8269214630127,175.78814697265625,127.71010565757751,306.761510848999,2576.0866849422455
2001.4410963058472,175.78814697265625,131.40455722808838,328.5398750305176,2637.1736755371094
2022.9510593414307,153.78814697265625,131.40455722808838,328.5398750305176,2636.683638572693
2106.635957956314,153.78814697265625,142.37158107757568,306.5398750305176,2709.3355610370636
2139.242728471756,153.78814697265625,142.37158107757568,328.5398750305176,2763.9423315525055
2161.1727755069733,175.32215118408203,258.5294256210327,350.408390045166,2945.432742357254
2135.733749628067,175.32215118408203,258.5294256210327,361.01033210754395,2930.5956585407257
2212.591201066971,142.3809413909912,280.32185459136963,361.01033210754395,2996.3043291568756
2223.313670396805,142.3809413909912,280.32185459136963,361.01033210754395,3007.0267984867096
2201.781930923462,142.3809413909912,291.32185459136963,361.01033210754395,2996.4950590133667
2238.277212381363,142.3809413909912,291.32185459136963,361.01033210754395,3032.9903404712677
2226.6808960437775,142.3809413909912,291.32185459136963,361.01033210754395,3021.3940241336823
2217.1458961963654,153.3809413909912,280.42437744140625,361.01033210754395,3011.9615471363068
2224.163221359253,153.3809413909912,280.42437744140625,361.01033210754395,3018.9788722991943
2195.117061138153,153.3809413909912,301.7445487976074,371.6941080093384,3021.93665933609
2210.3333830833435,142.3809413909912,323.51936531066895,371.6941080093384,3047.927797794342
2214.4651758670807,120.38094139099121,323.51936531066895,371.6941080093384,3030.059590578079
2229.039557695389,120.38094139099121,323.51936531066895,371.6941080093384,3044.6339724063873
2178.495514392853,120.38094139099121,323.51936531066895,371.6941080093384,2994.0899291038513
2192.9348866939545,109.38094139099121,207.3615207672119,371.6941080093384,2881.371456861496
2229.50004196167,109.38094139099121,207.3615207672119,371.6941080093384,2917.9366121292114
2292.0635418891907,109.38094139099121,207.3615207672119,371.6941080093384,2980.500112056732
2273.78875374794,109.38094139099121,207.3615207672119,349.9345483779907,2940.465764284134
2310.1145889759064,109.38094139099121,211.06152081489563,349.9345483779907,2980.491599559784
2288.6831562519073,109.38094139099121,211.06152081489563,349.9345483779907,2959.060166835785
2261.730301141739,120.37038230895996,211.06152081489563,349.9345483779907,2943.096752643585
2283.32067322731,142.35510444641113,211.06152081489563,349.9345483779907,2986.6718468666077
2257.9868154525757,142.35510444641113,200.07609963417053,360.8854351043701,2961.3034546375275
2283.5349526405334,164.19727325439453,200.07609963417053,350.0169200897217,2997.82524561882
2298.178026199341,186.19727325439453,211.02335476875305,350.0169200897217,3045.41557431221
2330.563599586487,186.19727325439453,211.02335476875305,339.0169200897217,3066.801147699356
2323.5889508724213,186.19727325439453,211.02335476875305,339.0169200897217,3059.8264989852905
2345.5157401561737,164.66326904296875,211.02335476875305,339.0169200897217,3060.219284057617
2334.298411130905,186.55524444580078,189.70318341255188,339.0169200897217,3049.5737590789795
2378.051484107971,186.55524444580078,189.70318341255188,339.0169200897217,3093.3268320560455
2361.001916885376,175.55524444580078,189.70318341255188,339.0169200897217,3065.2772648334503
2407.660188436508,175.55524444580078,189.70318341255188,360.82995986938477,3133.7485761642456
2412.1475772857666,175.55524444580078,189.70318341255188,360.82995986938477,3138.235965013504
2483.090658903122,175.55524444580078,189.70318341255188,360.82995986938477,3209.1790466308594
2457.664540052414,175.55524444580078,189.70318341255188,339.0515956878662,3161.974563598633
2461.4566962718964,175.55524444580078,189.70318341255188,339.0515956878662,3165.7667198181152
2527.406995534897,175.55524444580078,167.9848244190216,339.0515956878662,3209.9986600875854
2552.891224384308,175.55524444580078,167.9848244190216,317.0515956878662,3213.4828889369965
2523.6496908664703,175.55524444580078,167.9848244190216,317.0515956878662,3184.241355419159
2537.8305497169495,175.55524444580078,167.9848244190216,295.2736015319824,3176.6442201137543
2567.9792020320892,175.55524444580078,167.9848244190216,262.31805419921875,3173.8373250961304
2564.379697561264,175.55524444580078,167.9848244190216,240.71611213684082,3148.6358785629272
2618.0908105373383,175.55524444580078,167.9848244190216,251.6750955581665,3213.305974960327
2589.283660173416,175.55524444580078,157.03152871131897,240.99131965637207,3162.861752986908
2628.4404022693634,175.55524444580078,157.03152871131897,240.99131965637207,3202.018495082855
2617.474144220352,175.55524444580078,157.03152871131897,240.99131965637207,3191.052237033844
2559.531087398529,175.55524444580078,157.03152871131897,240.99131965637207,3133.109180212021
2621.3410046100616,175.55524444580078,146.0321695804596,240.99131965637207,3183.919738292694
2668.333672761917,175.55524444580078,156.79942154884338,240.99131965637207,3241.6796584129333
2661.459594964981,175.55524444580078,156.79942154884338,219.17827987670898,3212.9925408363342
2617.4233808517456,175.55524444580078,156.79942154884338,331.61479568481445,3281.392842531204
2636.8797311782837,175.55524444580078,156.79942154884338,331.61479568481445,3300.8491928577423
2655.3487315177917,153.55524444580078,145.89790749549866,309.6976947784424,3264.4995782375336
2670.005551338196,175.51966094970703,145.89790749549866,298.71553802490234,3290.138657808304
2695.5036585330963,175.51966094970703,145.89790749549866,298.71553802490234,3315.6367650032043
2753.9287724494934,175.51966094970703,142.25006818771362,298.71553802490234,3370.4140396118164
2735.6438884735107,175.51966094970703,142.25006818771362,298.71553802490234,3352.1291556358337
2725.1364316940308,175.51966094970703,142.25006818771362,298.71553802490234,3341.6216988563538
2685.048216819763,197.24143981933594,142.25006818771362,298.71553802490234,3323.255262851715
2681.658180952072,197.24143981933594,142.25006818771362,287.8107738494873,3308.960462808609
2696.463517189026,197.24143981933594,142.25006818771362,276.9041519165039,3312.8591771125793
2728.4563779830933,197.24143981933594,131.29678106307983,276.9041519165039,3333.898750782013
2685.369255065918,197.24143981933594,131.29678106307983,164.46763610839844,3178.375112056732
2681.784126996994,197.24143981933594,131.29678106307983,164.46763610839844,3174.7899839878082
2714.6366751194,197.24143981933594,131.29678106307983,164.46763610839844,3207.6425321102142
2732.5807189941406,175.25671768188477,109.59477949142456,164.38908863067627,3181.821304798126
2707.308049917221,175.25671768188477,109.59477949142456,164.38908863067627,3156.5486357212067
2718.996504306793,175.25671768188477,109.59477949142456,164.38908863067627,3168.237090110779
2755.3537645339966,164.25671768188477,109.59477949142456,175.38908863067627,3204.594350337982
2748.127746105194,164.25671768188477,109.59477949142456,164.4215545654297,3186.400797843933
2747.6322407722473,98.55229187011719,105.91452097892761,164.4215545654297,3116.520608186722
2762.3215701580048,98.55229187011719,105.91452097892761,142.56815338134766,3109.356536388397
2802.413537502289,98.55229187011719,127.75592303276062,142.56815338134766,3171.2899057865143
2816.553421497345,98.55229187011719,127.75592303276062,142.56815338134766,3185.4297897815704
2796.0452423095703,98.55229187011719,127.75592303276062,142.56815338134766,3164.921610593796
2774.1259660720825,98.55229187011719,127.75592303276062,142.56815338134766,3143.002334356308
2742.0559644699097,98.55229187011719,127.75592303276062,142.56815338134766,3110.932332754135
2734.9077503681183,76.58787536621094,127.75592303276062,142.56815338134766,3081.8197021484375
2749.422750711441,76.58787536621094,147.94128489494324,142.56815338134766,3116.520064353943
2741.9888441562653,76.58787536621094,147.94128489494324,142.56815338134766,3109.086157798767
2724.021952152252,76.58787536621094,147.94128489494324,142.56815338134766,3091.119265794754
2706.333649158478,98.43192481994629,147.94128489494324,142.56815338134766,3095.275012254715
2714.0846815109253,98.43192481994629,147.94128489494324,142.56815338134766,3103.0260446071625
2694.5120010375977,98.43192481994629,147.94128489494324,142.56815338134766,3083.453364133835
2672.678375720978,98.43192481994629,144.2490050792694,142.56815338134766,3057.927459001541
2646.7286887168884,98.43192481994629,144.2490050792694,163.61100387573242,3053.0206224918365
2665.0453810691833,98.43192481994629,144.2490050792694,163.61100387573242,3071.3373148441315
2643.376959323883,98.43192481994629,236.928866147995,152.61100387573242,3131.3487541675568
2676.8559794425964,98.43192481994629,236.928866147995,141.66631889343262,3153.8830893039703
2709.726991176605,98.43192481994629,258.9049994945526,141.66631889343262,3208.7302343845367
2676.8853402137756,98.43192481994629,238.71963763237,141.66631889343262,3155.7032215595245
2669.705591917038,98.43192481994629,238.71963763237,141.66631889343262,3148.523473262787
2678.4802062511444,87.43192481994629,216.94482111930847,141.66631889343262,3124.523271083832
2700.2802741527557,87.43192481994629,216.94482111930847,141.66631889343262,3146.323338985443
2704.0160551071167,87.43192481994629,216.94482111930847,141.66631889343262,3150.059119939804
2651.639437675476,87.43192481994629,216.94482111930847,120.62346839904785,3076.6396520137787
2618.86670589447,87.43192481994629,216.94482111930847,109.64959812164307,3032.893049955368
2578.9642009735107,87.43192481994629,216.94482111930847,98.6713695526123,2982.012316465378
2560.70215177536,87.43192481994629,216.94482111930847,98.6713695526123,2963.750267267227
2560.7351639270782,87.43192481994629,216.94482111930847,87.67914009094238,2952.7910499572754
2531.8506939411163,76.44724464416504,91.52527594566345,87.67914009094238,2787.502354621887
2553.859167575836,76.44724464416504,201.7646176815033,87.67914009094238,2919.750169992447
2550.3108541965485,76.44724464416504,212.70982432365417,87.67914009094238,2927.14706325531
2532.244912624359,76.44724464416504,212.70982432365417,87.67914009094238,2909.0811216831207
2521.399453639984,76.44724464416504,223.70982432365417,87.67914009094238,2909.2356626987457
2521.590651988983,76.44724464416504,223.70982432365417,87.67914009094238,2909.4268610477448
2485.2642679214478,76.44724464416504,223.70982432365417,87.67914009094238,2873.1004769802094
2510.8515548706055,76.44724464416504,113.47048258781433,76.67914009094238,2777.448422193527
2478.0415802001953,76.44724464416504,113.47048258781433,76.67914009094238,2744.638447523117
2463.4373104572296,76.44724464416504,113.47048258781433,76.67914009094238,2730.0341777801514
2416.0951673984528,76.44724464416504,113.47048258781433,65.73531723022461,2671.7482118606567
2419.916886329651,76.44724464416504,113.47048258781433,65.73531723022461,2675.569930791855
2365.461887359619,76.44724464416504,113.47048258781433,65.73531723022461,2621.114931821823
2387.4433500766754,76.44724464416504,109.77048254013062,65.73531723022461,2639.3963944911957
2372.9500789642334,76.44724464416504,109.77048254013062,65.73531723022461,2624.9031233787537
2325.8950684070587,76.44724464416504,109.77048254013062,65.73531723022461,2577.848112821579
2303.948717355728,76.44724464416504,109.77048254013062,65.73531723022461,2555.9017617702484
2292.9960980415344,76.44724464416504,109.77048254013062,65.73531723022461,2544.9491424560547
2292.9818460941315,76.44724464416504,87.92908048629761,65.73531723022461,2523.0934884548187
2260.4601662158966,76.44724464416504,87.92908048629761,65.73531723022461,2490.571808576584
2289.241997718811,76.44724464416504,98.84848642349243,65.73531723022461,2530.273046016693
2278.305805206299,76.44724464416504,98.84848642349243,65.73531723022461,2519.336853504181
2274.403401374817,76.44724464416504,98.84848642349243,65.73531723022461,2515.434449672699
2256.3780505657196,76.44724464416504,98.84848642349243,65.73531723022461,2497.4090988636017
2263.5912370681763,76.44724464416504,98.84848642349243,65.73531723022461,2504.6222853660583
2252.6404790878296,76.44724464416504,98.84848642349243,65.73531723022461,2493.6715273857117
2194.1297574043274,76.44724464416504,76.88146257400513,65.73531723022461,2413.193781852722
2172.3610348701477,76.44724464416504,76.88146257400513,54.76679611206055,2380.4565382003784
2182.894015789032,76.44724464416504,76.88146257400513,54.76679611206055,2390.9895191192627
2171.958152294159,76.44724464416504,76.88146257400513,54.76679611206055,2380.0536556243896
2153.8192842006683,76.44724464416504,76.88146257400513,54.76679611206055,2361.914787530899
2128.223910331726,54.72546577453613,76.88146257400513,54.76679611206055,2314.597634792328
2146.3792054653168,54.72546577453613,76.88146257400513,54.76679611206055,2332.7529299259186
2123.933196783066,54.72546577453613,76.88146257400513,54.76679611206055,2310.3069212436676
2120.2530732154846,54.72546577453613,76.88146257400513,54.76679611206055,2306.6267976760864
2098.9327816963196,54.72546577453613,76.88146257400513,54.76679611206055,2285.3065061569214
2077.305728673935,54.72546577453613,76.88146257400513,65.69197940826416,2274.6046364307404
2033.5262401103973,54.72546577453613,76.88146257400513,65.69197940826416,2230.8251478672028
2011.6260163784027,54.72546577453613,76.88146257400513,65.69197940826416,2208.924924135208
2000.426479101181,54.72546577453613,76.88146257400513,65.69197940826416,2197.7253868579865
2000.426479101181,54.72546577453613,76.88146257400513,65.69197940826416,2197.7253868579865
2000.426479101181,54.72546577453613,76.88146257400513,65.69197940826416,2197.7253868579865
1982.3580560684204,54.72546577453613,76.88146257400513,65.69197940826416,2179.656963825226
1945.8931069374084,54.72546577453613,76.88146257400513,65.69197940826416,2143.192014694214
1905.575343132019,54.72546577453613,76.88146257400513,65.69197940826416,2102.8742508888245
1883.6698970794678,54.72546577453613,73.18146252632141,65.69197940826416,2077.2688047885895
1861.9285745620728,54.72546577453613,73.18146252632141,65.69197940826416,2055.5274822711945
1847.347918510437,54.72546577453613,73.18146252632141,65.69197940826416,2040.9468262195587
1825.6493043899536,54.72546577453613,73.18146252632141,65.69197940826416,2019.2482120990753
1781.9420557022095,54.72546577453613,73.18146252632141,65.69197940826416,1975.5409634113312
1759.9590072631836,54.72546577453613,73.18146252632141,65.69197940826416,1953.5579149723053
1781.8424625396729,32.88141632080078,73.18146252632141,65.69197940826416,1953.5973207950592
1763.5906915664673,32.88141632080078,73.18146252632141,65.69197940826416,1935.3455498218536
1752.474288225174,32.88141632080078,51.205329179763794,54.741092681884766,1891.3021264076233
1741.5370953083038,32.88141632080078,54.897528648376465,54.741092681884766,1884.0571329593658
1730.5388491153717,32.88141632080078,54.897528648376465,54.741092681884766,1873.0588867664337
1708.5746700763702,32.88141632080078,54.897528648376465,54.741092681884766,1851.0947077274323
1697.6372606754303,32.88141632080078,54.897528648376465,54.741092681884766,1840.1572983264923
1708.6247560977936,10.951112747192383,54.897528648376465,54.741092681884766,1829.2144901752472
1686.7692873477936,10.951112747192383,43.93323516845703,54.741092681884766,1796.3947279453278
1679.5246138572693,10.951112747192383,43.93323516845703,54.741092681884766,1789.1500544548035
1661.367208480835,10.951112747192383,43.93323516845703,54.741092681884766,1770.9926490783691
1584.9856157302856,10.951112747192383,43.93323516845703,43.747809410095215,1683.6177730560303
1584.9578876495361,0.0,43.93323516845703,43.747809410095215,1672.6389322280884
1617.7273683547974,0.0,43.93323516845703,43.747809410095215,1705.4084129333496
1617.7273683547974,0.0,43.93323516845703,43.747809410095215,1705.4084129333496
1574.6944856643677,0.0,47.62849187850952,43.747809410095215,1666.0707869529724
1549.0157985687256,0.0,58.62849187850952,43.747809410095215,1651.3920998573303
1570.945074081421,0.0,58.62849187850952,43.747809410095215,1673.3213753700256
1534.6657254695892,0.0,58.62849187850952,32.80561923980713,1626.0998365879059
1523.7194612026215,0.0,58.62849187850952,32.80561923980713,1615.153572320938
1498.085230588913,0.0,58.62849187850952,32.80561923980713,1589.5193417072296
1472.5338678359985,0.0,58.62849187850952,32.80561923980713,1563.9679789543152
1472.542839050293,0.0,58.62849187850952,32.80561923980713,1563.9769501686096
1461.542839050293,0.0,58.62849187850952,32.80561923980713,1552.9769501686096
1465.2859206199646,0.0,58.62849187850952,32.80561923980713,1556.7200317382812
1443.3772711753845,0.0,54.94652032852173,32.80561923980713,1531.1294107437134
1439.58855509758,0.0,54.94652032852173,32.80561923980713,1527.3406946659088
1417.4536292552948,0.0,76.6494812965393,32.80561923980713,1526.9087297916412
1413.7811615467072,0.0,76.6494812965393,32.80561923980713,1523.2362620830536
1409.8829278945923,0.0,76.6494812965393,32.80561923980713,1519.3380284309387
1398.926438331604,0.0,76.6494812965393,32.80561923980713,1508.3815388679504
1362.6218366622925,0.0,76.6494812965393,32.80561923980713,1472.076937198639
1347.9995746612549,0.0,76.6494812965393,32.80561923980713,1457.4546751976013
1329.7285499572754,0.0,76.6494812965393,32.80561923980713,1439.1836504936218
1322.326842546463,0.0,76.6494812965393,32.80561923980713,1431.7819430828094
1300.4383223056793,0.0,76.6494812965393,32.80561923980713,1409.8934228420258
1293.1648812294006,0.0,76.6494812965393,32.80561923980713,1402.619981765747
1282.3970351219177,0.0,76.6494812965393,32.80561923980713,1391.8521356582642
1278.718037366867,0.0,76.6494812965393,32.80561923980713,1388.1731379032135
1260.4408690929413,0.0,76.6494812965393,32.80561923980713,1369.8959696292877
1249.4981181621552,0.0,76.6494812965393,32.80561923980713,1358.9532186985016
1224.0298383235931,0.0,76.6494812965393,21.846635818481445,1322.525955438614
1209.4706256389618,0.0,65.6494812965393,21.846635818481445,1296.9667427539825
1205.800937652588,0.0,65.6494812965393,21.846635818481445,1293.2970547676086
1180.1949996948242,0.0,65.6494812965393,21.846635818481445,1267.691116809845
1172.8259789943695,0.0,65.6494812965393,21.846635818481445,1260.3220961093903
1136.255959033966,0.0,65.6494812965393,10.925183296203613,1212.830623626709
1125.3103499412537,0.0,65.6494812965393,10.925183296203613,1201.8850145339966
1107.2060384750366,0.0,87.19540071487427,10.925183296203613,1205.3266224861145
1081.6001954078674,0.0,87.19540071487427,10.925183296203613,1179.7207794189453
1059.6810812950134,0.0,87.19540071487427,10.925183296203613,1157.8016653060913
1076.6279895305634,0.0,87.19540071487427,10.925183296203613,1174.7485735416412
1088.0327422618866,0.0,87.19540071487427,10.925183296203613,1186.1533262729645
1066.2778995037079,0.0,87.19540071487427,10.925183296203613,1164.3984835147858
1054.8532297611237,0.0,76.19540071487427,10.925183296203613,1141.9738137722015
1054.8532297611237,0.0,87.12960577011108,10.925183296203613,1152.9080188274384
1050.5870916843414,0.0,87.12960577011108,10.925183296203613,1148.6418807506561
1028.749275445938,0.0,87.12960577011108,10.925183296203613,1126.8040645122528
1028.6807205677032,0.0,76.21019983291626,10.925183296203613,1115.8161036968231
1024.9822132587433,0.0,76.21019983291626,10.925183296203613,1112.1175963878632
1010.3203163146973,0.0,76.21019983291626,10.925183296203613,1097.4556994438171
995.6459724903107,0.0,54.6642804145813,10.925183296203613,1061.2354362010956
984.6755344867706,0.0,54.6642804145813,10.925183296203613,1050.2649981975555
984.6755344867706,0.0,54.6642804145813,10.925183296203613,1050.2649981975555
953.0274908542633,0.0,54.6642804145813,10.925183296203613,1018.6169545650482
942.0737020969391,0.0,54.6642804145813,10.925183296203613,1007.663165807724
942.0737020969391,0.0,54.6642804145813,10.925183296203613,1007.663165807724
942.0737020969391,0.0,54.6642804145813,10.925183296203613,1007.663165807724
923.7522761821747,0.0,54.6642804145813,10.925183296203613,989.3417398929596
934.7011249065399,0.0,54.6642804145813,10.925183296203613,1000.2905886173248
934.7011249065399,0.0,54.6642804145813,10.925183296203613,1000.2905886173248
934.7011249065399,0.0,54.6642804145813,10.925183296203613,1000.2905886173248
931.0023810863495,0.0,54.6642804145813,10.925183296203613,996.5918447971344
894.3521003723145,0.0,54.6642804145813,10.925183296203613,959.9415640830994
879.6937065124512,0.0,54.6642804145813,10.925183296203613,945.2831702232361
868.7194833755493,0.0,54.6642804145813,10.925183296203613,934.3089470863342
868.7194833755493,0.0,54.6642804145813,10.925183296203613,934.3089470863342
847.5465154647827,0.0,32.96131944656372,10.925183296203613,891.43301820755
843.8576738834381,0.0,32.96131944656372,10.925183296203613,887.7441766262054
840.1636164188385,0.0,43.899757862091064,10.925183296203613,894.9885575771332
818.4059689044952,0.0,43.899757862091064,10.925183296203613,873.2309100627899
818.4059689044952,0.0,43.899757862091064,10.925183296203613,873.2309100627899
792.9115431308746,0.0,43.899757862091064,10.925183296203613,847.7364842891693
792.9115431308746,0.0,43.899757862091064,10.925183296203613,847.7364842891693
781.9804213047028,0.0,43.899757862091064,10.925183296203613,836.8053624629974
781.9804213047028,0.0,43.899757862091064,10.925183296203613,836.8053624629974
770.9869921207428,0.0,43.899757862091064,10.925183296203613,825.8119332790375
760.0439693927765,0.0,43.899757862091064,10.925183296203613,814.8689105510712
727.2397568225861,0.0,43.899757862091064,10.925183296203613,782.0646979808807
727.2397568225861,0.0,43.899757862091064,10.925183296203613,782.0646979808807
723.5477104187012,0.0,43.899757862091064,10.925183296203613,778.3726515769958
723.5477104187012,0.0,43.899757862091064,10.925183296203613,778.3726515769958
712.6060123443604,0.0,43.899757862091064,10.925183296203613,767.430953502655
708.9221987724304,0.0,43.899757862091064,10.925183296203613,763.7471399307251
708.942430973053,0.0,43.899757862091064,10.925183296203613,763.7673721313477
697.9750466346741,0.0,43.899757862091064,10.925183296203613,752.7999877929688
686.9801878929138,0.0,43.899757862091064,10.925183296203613,741.8051290512085
708.4600386619568,0.0,32.954551219940186,10.925183296203613,752.3397731781006
708.4600386619568,0.0,32.954551219940186,10.925183296203613,752.3397731781006
708.4600386619568,0.0,32.954551219940186,10.925183296203613,752.3397731781006
704.7692914009094,0.0,32.954551219940186,10.925183296203613,748.6490259170532
704.768060207367,0.0,32.954551219940186,10.925183296203613,748.6477947235107
704.768060207367,0.0,32.954551219940186,10.925183296203613,748.6477947235107
704.768060207367,0.0,32.954551219940186,10.925183296203613,748.6477947235107
697.4460644721985,0.0,32.954551219940186,10.925183296203613,741.3257989883423
697.4460644721985,0.0,32.954551219940186,10.925183296203613,741.3257989883423
704.6096205711365,0.0,32.954551219940186,10.925183296203613,748.4893550872803
704.6096205711365,0.0,32.954551219940186,0.0,737.5641717910767
682.7023310661316,0.0,32.954551219940186,0.0,715.6568822860718
649.852921962738,0.0,32.954551219940186,0.0,682.8074731826782
642.883348941803,0.0,32.954551219940186,0.0,675.8379001617432
628.2334213256836,0.0,32.954551219940186,0.0,661.1879725456238
628.2334213256836,0.0,32.954551219940186,99.91521453857422,761.103187084198
628.2334213256836,0.0,32.954551219940186,99.91521453857422,761.103187084198
617.3564958572388,0.0,32.954551219940186,99.91521453857422,750.2262616157532
617.3564958572388,0.0,32.954551219940186,99.91521453857422,750.2262616157532
606.3821649551392,0.0,32.954551219940186,99.91521453857422,739.2519307136536
606.3821649551392,0.0,32.954551219940186,99.91521453857422,739.2519307136536
595.3900175094604,0.0,32.954551219940186,0.0,628.3445687294006
595.3900175094604,0.0,32.954551219940186,0.0,628.3445687294006
598.6529750823975,0.0,32.954551219940186,0.0,631.6075263023376
598.6529750823975,0.0,32.954551219940186,0.0,631.6075263023376
594.9579782485962,0.0,32.954551219940186,0.0,627.9125294685364
594.9579782485962,0.0,32.954551219940186,0.0,627.9125294685364
583.9638929367065,0.0,32.954551219940186,0.0,616.9184441566467
558.3954229354858,0.0,32.954551219940186,0.0,591.349974155426
558.3954229354858,0.0,32.954551219940186,0.0,591.349974155426
547.4606428146362,0.0,32.954551219940186,0.0,580.4151940345764
536.7914018630981,0.0,32.954551219940186,0.0,569.7459530830383
537.226583480835,0.0,32.954551219940186,0.0,570.1811347007751
526.3093156814575,0.0,32.954551219940186,0.0,559.2638669013977
522.6151208877563,0.0,32.954551219940186,0.0,555.5696721076965
522.6151208877563,0.0,32.954551219940186,0.0,555.5696721076965
507.9826445579529,0.0,32.954551219940186,0.0,540.9371957778931
507.9826445579529,0.0,32.954551219940186,0.0,540.9371957778931
507.9826445579529,0.0,32.954551219940186,0.0,540.9371957778931
507.9826445579529,0.0,54.73750638961792,0.0,562.7201509475708
507.9826445579529,0.0,54.73750638961792,0.0,562.7201509475708
528.7237620353699,0.0,54.73750638961792,0.0,583.4612684249878
528.7133603096008,0.0,54.73750638961792,0.0,583.4508666992188
528.7133603096008,0.0,54.73750638961792,0.0,583.4508666992188
528.7133603096008,0.0,54.73750638961792,0.0,583.4508666992188
528.7133603096008,0.0,54.73750638961792,0.0,583.4508666992188
539.3610923290253,0.0,54.73750638961792,0.0,594.0985987186432
539.3610923290253,0.0,54.73750638961792,0.0,594.0985987186432
521.0366244316101,0.0,54.73750638961792,0.0,575.774130821228
521.0366244316101,0.0,54.73750638961792,0.0,575.774130821228
521.0366244316101,0.0,54.73750638961792,0.0,575.774130821228
517.3399138450623,0.0,54.73750638961792,0.0,572.0774202346802
513.6441886425018,0.0,54.73750638961792,0.0,568.3816950321198
488.04642844200134,0.0,54.73750638961792,0.0,542.7839348316193
462.3760623931885,0.0,54.73750638961792,0.0,517.1135687828064
462.3760623931885,0.0,32.954551219940186,0.0,495.33061361312866
454.9913275241852,0.0,32.954551219940186,0.0,487.94587874412537
454.9913275241852,0.0,32.954551219940186,0.0,487.94587874412537
434.2502100467682,0.0,32.954551219940186,0.0,467.2047612667084
434.1277000904083,0.0,32.954551219940186,0.0,467.0822513103485
434.1277000904083,0.0,32.954551219940186,0.0,467.0822513103485
430.4277000427246,0.0,32.954551219940186,0.0,463.3822512626648
408.6960639953613,0.0,32.954551219940186,0.0,441.6506152153015
405.0116229057312,0.0,32.954551219940186,0.0,437.9661741256714
405.0116229057312,0.0,32.954551219940186,0.0,437.9661741256714
401.31852316856384,0.0,32.954551219940186,0.0,434.273074388504
401.3175940513611,0.0,32.954551219940186,0.0,434.27214527130127
401.3175940513611,0.0,32.954551219940186,0.0,434.27214527130127
390.386821269989,0.0,32.954551219940186,0.0,423.3413724899292
375.78631496429443,0.0,32.954551219940186,0.0,408.7408661842346
368.3970010280609,0.0,32.954551219940186,0.0,401.3515522480011
368.3970010280609,0.0,32.954551219940186,0.0,401.3515522480011
368.3970010280609,0.0,32.954551219940186,0.0,401.3515522480011
368.3970010280609,0.0,32.954551219940186,0.0,401.3515522480011
368.3970010280609,0.0,32.954551219940186,0.0,401.3515522480011
364.6977753639221,0.0,32.954551219940186,0.0,397.6523265838623
361.00091886520386,0.0,32.954551219940186,0.0,393.95547008514404
361.00091886520386,0.0,32.954551219940186,0.0,393.95547008514404
371.80051279067993,0.0,32.954551219940186,0.0,404.7550640106201
371.80051279067993,0.0,32.954551219940186,0.0,404.7550640106201
371.80051279067993,0.0,32.954551219940186,0.0,404.7550640106201
381.8029532432556,0.0,32.954551219940186,0.0,414.7575044631958
381.8029532432556,0.0,32.954551219940186,0.0,414.7575044631958
381.8029532432556,0.0,29.259294509887695,0.0,411.0622477531433
381.8029532432556,0.0,29.259294509887695,0.0,411.0622477531433
385.47174048423767,0.0,29.259294509887695,0.0,414.73103499412537
392.7894592285156,0.0,29.259294509887695,0.0,422.0487537384033
392.7894592285156,0.0,29.259294509887695,0.0,422.0487537384033
392.7894592285156,0.0,29.259294509887695,0.0,422.0487537384033
400.06286239624023,0.0,29.259294509887695,0.0,429.32215690612793
389.0721826553345,0.0,29.259294509887695,0.0,418.33147716522217
385.3791434764862,0.0,29.259294509887695,0.0,414.6384379863739
385.3791434764862,0.0,29.259294509887695,0.0,414.6384379863739
397.1779601573944,0.0,29.259294509887695,0.0,426.4372546672821
386.21412348747253,0.0,29.259294509887695,0.0,415.47341799736023
386.21412348747253,0.0,29.259294509887695,0.0,415.47341799736023
386.21412348747253,0.0,29.259294509887695,0.0,415.47341799736023
375.3873870372772,0.0,29.259294509887695,0.0,404.6466815471649
371.69030475616455,0.0,29.259294509887695,0.0,400.94959926605225
371.69030475616455,0.0,29.259294509887695,0.0,400.94959926605225
378.98836040496826,0.0,29.259294509887695,0.0,408.24765491485596
378.98836040496826,0.0,29.259294509887695,0.0,408.24765491485596
389.8520841598511,0.0,29.259294509887695,0.0,419.11137866973877
400.8202362060547,0.0,29.259294509887695,0.0,430.0795307159424
400.8202362060547,0.0,29.259294509887695,0.0,430.0795307159424
400.8202362060547,0.0,29.259294509887695,0.0,430.0795307159424
400.8202362060547,0.0,29.259294509887695,0.0,430.0795307159424
411.7725124359131,0.0,29.259294509887695,0.0,441.0318069458008
408.0801546573639,0.0,29.259294509887695,0.0,437.3394491672516
408.0801546573639,0.0,29.259294509887695,0.0,437.3394491672516
408.08868622779846,0.0,29.259294509887695,0.0,437.34798073768616
408.0673065185547,0.0,29.259294509887695,0.0,437.3266010284424
397.11974143981934,0.0,29.259294509887695,0.0,426.37903594970703
386.32014751434326,0.0,29.259294509887695,0.0,415.57944202423096
386.32014751434326,0.0,29.259294509887695,0.0,415.57944202423096
386.32014751434326,0.0,29.259294509887695,0.0,415.57944202423096
375.35215950012207,0.0,29.259294509887695,0.0,404.61145401000977
375.35215950012207,0.0,29.259294509887695,0.0,404.61145401000977
375.35215950012207,0.0,29.259294509887695,0.0,404.61145401000977
375.35215950012207,0.0,29.259294509887695,0.0,404.61145401000977
375.35215950012207,0.0,29.259294509887695,0.0,404.61145401000977
375.35215950012207,0.0,29.259294509887695,0.0,404.61145401000977
371.6527290344238,0.0,18.32508945465088,0.0,389.9778184890747
364.2671856880188,0.0,18.32508945465088,0.0,382.5922751426697
360.5705363750458,0.0,18.32508945465088,0.0,378.89562582969666
356.87832403182983,0.0,14.632889986038208,0.0,371.51121401786804
356.87832403182983,0.0,14.632889986038208,0.0,371.51121401786804
353.1892178058624,0.0,14.632889986038208,0.0,367.82210779190063
353.1892178058624,0.0,14.632889986038208,0.0,367.82210779190063
349.49952125549316,0.0,14.632889986038208,0.0,364.1324112415314
349.49952125549316,0.0,14.632889986038208,0.0,364.1324112415314
349.49952125549316,0.0,14.632889986038208,0.0,364.1324112415314
349.49952125549316,0.0,14.632889986038208,0.0,364.1324112415314
349.49952125549316,0.0,14.632889986038208,0.0,364.1324112415314
349.49952125549316,0.0,14.632889986038208,0.0,364.1324112415314
338.5008478164673,0.0,14.632889986038208,0.0,353.1337378025055
334.80524373054504,0.0,14.632889986038208,0.0,349.43813371658325
334.80524373054504,0.0,14.632889986038208,0.0,349.43813371658325
334.80524373054504,0.0,14.632889986038208,0.0,349.43813371658325
334.80524373054504,0.0,14.632889986038208,0.0,349.43813371658325
327.41607189178467,0.0,14.632889986038208,0.0,342.0489618778229
323.7214457988739,0.0,14.632889986038208,0.0,338.3543357849121
323.7214457988739,0.0,14.632889986038208,0.0,338.3543357849121
323.7214457988739,0.0,14.632889986038208,0.0,338.3543357849121
320.0364661216736,0.0,14.632889986038208,0.0,334.6693561077118
320.0364661216736,0.0,18.21040678024292,0.0,338.2468729019165
320.0364661216736,0.0,18.21040678024292,0.0,338.2468729019165
320.0364661216736,0.0,18.21040678024292,0.0,338.2468729019165
320.0364661216736,0.0,18.21040678024292,0.0,338.2468729019165
320.0364661216736,0.0,18.21040678024292,0.0,338.2468729019165
316.3385474681854,0.0,18.21040678024292,0.0,334.54895424842834
316.3385474681854,0.0,18.21040678024292,0.0,334.54895424842834
305.4748237133026,0.0,18.21040678024292,0.0,323.68523049354553
294.5259749889374,0.0,18.21040678024292,0.0,312.7363817691803
294.5259749889374,0.0,18.21040678024292,0.0,312.7363817691803
287.133980512619,0.0,18.21040678024292,0.0,305.34438729286194
287.133980512619,0.0,7.271968364715576,0.0,294.4059488773346
287.133980512619,0.0,7.271968364715576,0.0,294.4059488773346
287.133980512619,0.0,7.271968364715576,0.0,294.4059488773346
276.16475462913513,0.0,7.271968364715576,0.0,283.4367229938507
276.16475462913513,0.0,7.271968364715576,0.0,283.4367229938507
276.16475462913513,0.0,29.100663661956787,0.0,305.2654182910919
276.16475462913513,0.0,29.100663661956787,0.0,305.2654182910919
276.16475462913513,0.0,29.100663661956787,0.0,305.2654182910919
272.47573161125183,0.0,29.100663661956787,0.0,301.5763952732086
272.47573161125183,0.0,29.100663661956787,0.0,301.5763952732086
272.47573161125183,0.0,29.100663661956787,0.0,301.5763952732086
272.47573161125183,0.0,29.100663661956787,0.0,301.5763952732086
272.47573161125183,0.0,29.100663661956787,0.0,301.5763952732086
272.47573161125183,0.0,29.100663661956787,0.0,301.5763952732086
268.780157327652,0.0,29.100663661956787,0.0,297.88082098960876
268.780157327652,0.0,29.100663661956787,0.0,297.88082098960876
268.780157327652,0.0,25.523146867752075,0.0,294.30330419540405
268.780157327652,0.0,25.523146867752075,0.0,294.30330419540405
265.0808901786804,0.0,25.523146867752075,0.0,290.6040370464325
265.0808901786804,0.0,25.523146867752075,0.0,290.6040370464325
261.3834445476532,0.0,25.523146867752075,0.0,286.9065914154053
261.3834445476532,0.0,29.22314691543579,0.0,290.606591463089
253.99300289154053,0.0,29.22314691543579,0.0,283.2161498069763
253.99300289154053,0.0,29.22314691543579,0.0,283.2161498069763
250.2974717617035,0.0,29.22314691543579,0.0,279.5206186771393
246.60129690170288,0.0,40.01573705673218,0.0,286.61703395843506
246.60129690170288,0.0,40.01573705673218,0.0,286.61703395843506
232.01888179779053,0.0,40.01573705673218,0.0,272.0346188545227
221.03110790252686,0.0,40.01573705673218,0.0,261.04684495925903
221.03110790252686,0.0,40.01573705673218,0.0,261.04684495925903
221.03110790252686,0.0,40.01573705673218,0.0,261.04684495925903
217.33176732063293,0.0,40.01573705673218,0.0,257.3475043773651
217.33176732063293,0.0,40.01573705673218,0.0,257.3475043773651
210.06054496765137,0.0,40.01573705673218,0.0,250.07628202438354
210.06054496765137,0.0,40.01573705673218,0.0,250.07628202438354
206.36840438842773,0.0,40.01573705673218,0.0,246.3841414451599
206.36840438842773,0.0,40.01573705673218,0.0,246.3841414451599
202.67142415046692,0.0,40.01573705673218,0.0,242.6871612071991
202.67142415046692,0.0,40.01573705673218,0.0,242.6871612071991
198.97910284996033,0.0,40.01573705673218,0.0,238.9948399066925
180.70646405220032,0.0,40.01573705673218,0.0,220.7222011089325
202.64448475837708,0.0,40.01573705673218,0.0,242.66022181510925
198.95251774787903,0.0,40.01573705673218,0.0,238.9682548046112
195.25818753242493,0.0,40.01573705673218,0.0,235.2739245891571
195.25818753242493,0.0,40.01573705673218,0.0,235.2739245891571
191.5643846988678,0.0,40.01573705673218,0.0,231.58012175559998
191.5643846988678,0.0,61.94552946090698,0.0,253.50991415977478
191.5643846988678,0.0,61.94552946090698,0.0,253.50991415977478
187.86824917793274,0.0,61.94552946090698,0.0,249.81377863883972
187.86824917793274,0.0,61.94552946090698,0.0,249.81377863883972
191.56824922561646,0.0,61.94552946090698,0.0,253.51377868652344
187.87655544281006,0.0,61.94552946090698,0.0,249.82208490371704
187.87655544281006,0.0,72.94552946090698,0.0,260.82208490371704
187.87655544281006,0.0,72.94552946090698,0.0,260.82208490371704
187.87655544281006,0.0,72.94552946090698,0.0,260.82208490371704
187.87655544281006,0.0,72.94552946090698,0.0,260.82208490371704
187.87655544281006,0.0,72.94552946090698,0.0,260.82208490371704
187.87655544281006,0.0,72.94552946090698,0.0,260.82208490371704
187.87655544281006,0.0,72.94552946090698,0.0,260.82208490371704
187.87655544281006,0.0,72.94552946090698,0.0,260.82208490371704
184.17655539512634,0.0,72.94552946090698,0.0,257.1220848560333
184.17655539512634,0.0,72.94552946090698,0.0,257.1220848560333
180.506694316864,0.0,72.94552946090698,0.0,253.452223777771
176.81284999847412,0.0,72.94552946090698,0.0,249.7583794593811
173.11644339561462,0.0,72.94552946090698,0.0,246.0619728565216
173.11644339561462,0.0,72.94552946090698,0.0,246.0619728565216
173.11644339561462,0.0,72.94552946090698,0.0,246.0619728565216
165.72093272209167,0.0,72.94552946090698,0.0,238.66646218299866
165.72093272209167,0.0,72.94552946090698,0.0,238.66646218299866
165.72093272209167,0.0,72.94552946090698,0.0,238.66646218299866
162.02126216888428,0.0,72.94552946090698,0.0,234.96679162979126
162.02126216888428,0.0,72.94552946090698,0.0,234.96679162979126
162.02126216888428,0.0,72.94552946090698,0.0,234.96679162979126
162.02126216888428,0.0,72.94552946090698,0.0,234.96679162979126
162.02126216888428,0.0,72.94552946090698,0.0,234.96679162979126
172.86721801757812,0.0,72.94552946090698,10.666975975036621,256.47972345352173
172.86721801757812,0.0,51.152939319610596,10.666975975036621,234.68713331222534
172.86721801757812,0.0,51.152939319610596,10.666975975036621,234.68713331222534
169.1672375202179,0.0,51.152939319610596,10.666975975036621,230.9871528148651
169.1672375202179,0.0,51.152939319610596,10.666975975036621,230.9871528148651
169.1672375202179,0.0,51.152939319610596,10.666975975036621,230.9871528148651
169.1672375202179,0.0,51.152939319610596,10.666975975036621,230.9871528148651
183.81452298164368,0.0,51.152939319610596,10.666975975036621,245.6344382762909
183.81452298164368,0.0,51.152939319610596,10.666975975036621,245.6344382762909
176.42076706886292,0.0,29.324244022369385,10.666975975036621,216.41198706626892
176.42076706886292,0.0,29.324244022369385,10.666975975036621,216.41198706626892
176.42076706886292,0.0,29.324244022369385,10.666975975036621,216.41198706626892
176.42076706886292,0.0,29.324244022369385,10.666975975036621,216.41198706626892
176.42076706886292,0.0,29.324244022369385,10.666975975036621,216.41198706626892
176.42076706886292,0.0,29.324244022369385,0.0,205.7450110912323
176.42076706886292,0.0,29.324244022369385,0.0,205.7450110912323
176.42076706886292,0.0,29.324244022369385,0.0,205.7450110912323
165.45372891426086,0.0,7.39445161819458,0.0,172.84818053245544
161.7581467628479,0.0,7.39445161819458,0.0,169.15259838104248
161.7581467628479,0.0,7.39445161819458,0.0,169.15259838104248
161.7581467628479,0.0,7.39445161819458,0.0,169.15259838104248
158.06363725662231,0.0,7.39445161819458,0.0,165.4580888748169
161.75044512748718,0.0,7.39445161819458,0.0,169.14489674568176
161.75044512748718,0.0,7.39445161819458,0.0,169.14489674568176
158.05320525169373,0.0,7.39445161819458,0.0,165.4476568698883
158.05320525169373,0.0,18.304463863372803,0.0,176.35766911506653
158.05320525169373,0.0,18.304463863372803,0.0,176.35766911506653
154.35839891433716,0.0,18.304463863372803,0.0,172.66286277770996
154.35839891433716,0.0,18.304463863372803,0.0,172.66286277770996
154.35839891433716,0.0,18.304463863372803,0.0,172.66286277770996
146.96104097366333,0.0,18.304463863372803,0.0,165.26550483703613
135.99288892745972,0.0,18.304463863372803,0.0,154.29735279083252
135.99288892745972,0.0,40.0712103843689,0.0,176.0640993118286
135.99288892745972,0.0,40.0712103843689,0.0,176.0640993118286
135.99288892745972,0.0,40.0712103843689,0.0,176.0640993118286
110.3619327545166,0.0,40.0712103843689,0.0,150.4331431388855
121.34415912628174,0.0,40.0712103843689,0.0,161.41536951065063
121.34415912628174,0.0,40.0712103843689,0.0,161.41536951065063
121.34415912628174,0.0,40.0712103843689,0.0,161.41536951065063
121.34415912628174,0.0,40.0712103843689,0.0,161.41536951065063
121.34415912628174,0.0,40.0712103843689,0.0,161.41536951065063
121.34415912628174,0.0,40.0712103843689,0.0,161.41536951065063
121.34415912628174,0.0,40.0712103843689,0.0,161.41536951065063
121.34415912628174,0.0,40.0712103843689,0.0,161.41536951065063
121.34415912628174,0.0,40.0712103843689,0.0,161.41536951065063
110.39188289642334,0.0,40.0712103843689,0.0,150.46309328079224
110.39188289642334,0.0,40.0712103843689,0.0,150.46309328079224
110.39188289642334,0.0,36.37121033668518,0.0,146.76309323310852
110.39188289642334,0.0,36.37121033668518,0.0,146.76309323310852
110.39188289642334,0.0,36.37121033668518,0.0,146.76309323310852
110.39188289642334,0.0,36.37121033668518,0.0,146.76309323310852
106.69311809539795,0.0,36.37121033668518,0.0,143.06432843208313
106.69311809539795,0.0,36.37121033668518,0.0,143.06432843208313
106.69311809539795,0.0,36.37121033668518,0.0,143.06432843208313
113.92479276657104,0.0,36.37121033668518,0.0,150.29600310325623
113.92479276657104,0.0,36.37121033668518,0.0,150.29600310325623
103.0788369178772,0.0,36.37121033668518,0.0,139.45004725456238
110.24022030830383,0.0,36.37121033668518,0.0,146.611430644989
110.24022030830383,0.0,36.37121033668518,0.0,146.611430644989
106.5482919216156,0.0,36.37121033668518,0.0,142.91950225830078
106.5482919216156,0.0,36.37121033668518,0.0,142.91950225830078
123.39766550064087,0.0,36.37121033668518,0.0,159.76887583732605
123.39766550064087,0.0,36.37121033668518,0.0,159.76887583732605
134.32402563095093,0.0,36.37121033668518,0.0,170.6952359676361
134.32402563095093,0.0,36.37121033668518,0.0,170.6952359676361
156.13169240951538,0.0,36.37121033668518,0.0,192.50290274620056
156.13169240951538,0.0,36.37121033668518,0.0,192.50290274620056
156.13169240951538,0.0,36.37121033668518,0.0,192.50290274620056
156.13169240951538,0.0,32.676758766174316,0.0,188.8084511756897
156.13169240951538,0.0,32.676758766174316,0.0,188.8084511756897
156.13169240951538,0.0,32.676758766174316,0.0,188.8084511756897
146.13575506210327,0.0,32.676758766174316,0.0,178.8125138282776
146.13575506210327,0.0,32.676758766174316,0.0,178.8125138282776
156.5603528022766,0.0,54.52586269378662,0.0,211.08621549606323
156.5603528022766,0.0,54.52586269378662,0.0,211.08621549606323
156.5603528022766,0.0,54.52586269378662,0.0,211.08621549606323
156.5603528022766,0.0,54.52586269378662,0.0,211.08621549606323
156.5603528022766,0.0,54.52586269378662,0.0,211.08621549606323
167.5094599723816,0.0,54.52586269378662,0.0,222.0353226661682
167.5094599723816,0.0,54.52586269378662,0.0,222.0353226661682
167.5094599723816,0.0,54.52586269378662,0.0,222.0353226661682
167.5094599723816,0.0,54.52586269378662,0.0,222.0353226661682
153.26415514945984,0.0,54.52586269378662,0.0,207.79001784324646
153.26415514945984,0.0,54.52586269378662,0.0,207.79001784324646
160.35860800743103,0.0,54.52586269378662,0.0,214.88447070121765
160.35860800743103,0.0,54.52586269378662,0.0,214.88447070121765
149.9340102672577,0.0,32.75911617279053,0.0,182.69312644004822
149.9340102672577,0.0,32.75911617279053,0.0,182.69312644004822
146.23646426200867,0.0,32.75911617279053,0.0,178.9955804347992
157.21213793754578,0.0,32.75911617279053,0.0,189.9712541103363
157.21213793754578,0.0,32.75911617279053,0.0,189.9712541103363
157.21213793754578,0.0,32.75911617279053,0.0,189.9712541103363
157.21213793754578,0.0,32.75911617279053,0.0,189.9712541103363
157.21213793754578,0.0,32.75911617279053,0.0,189.9712541103363
157.21213793754578,0.0,10.910012245178223,0.0,168.122150182724
157.21213793754578,0.0,10.910012245178223,0.0,168.122150182724
157.21213793754578,0.0,10.910012245178223,0.0,168.122150182724
153.51391100883484,0.0,10.910012245178223,10.9597806930542,175.38370394706726
153.51391100883484,0.0,10.910012245178223,10.9597806930542,175.38370394706726
153.51391100883484,0.0,10.910012245178223,10.9597806930542,175.38370394706726
153.51391100883484,0.0,10.910012245178223,10.9597806930542,175.38370394706726
139.03114700317383,0.0,10.910012245178223,10.9597806930542,160.90093994140625
139.03114700317383,0.0,10.910012245178223,10.9597806930542,160.90093994140625
139.03114700317383,0.0,10.910012245178223,10.9597806930542,160.90093994140625
139.03114700317383,0.0,10.910012245178223,10.9597806930542,160.90093994140625
139.03114700317383,0.0,10.910012245178223,10.9597806930542,160.90093994140625
139.03114700317383,0.0,10.910012245178223,10.9597806930542,160.90093994140625
139.03114700317383,0.0,10.910012245178223,10.9597806930542,160.90093994140625
139.03114700317383,0.0,10.910012245178223,10.9597806930542,160.90093994140625
139.03114700317383,0.0,10.910012245178223,10.9597806930542,160.90093994140625
139.03114700317383,0.0,10.910012245178223,10.9597806930542,160.90093994140625
139.03114700317383,0.0,10.910012245178223,10.9597806930542,160.90093994140625
128.17393493652344,0.0,10.910012245178223,10.9597806930542,150.04372787475586
128.17393493652344,0.0,32.7815580368042,10.9597806930542,171.91527366638184
128.17393493652344,0.0,32.7815580368042,10.9597806930542,171.91527366638184
128.17393493652344,0.0,32.7815580368042,10.9597806930542,171.91527366638184
128.17393493652344,0.0,32.7815580368042,10.9597806930542,171.91527366638184
128.17393493652344,0.0,32.7815580368042,10.9597806930542,171.91527366638184
124.4743070602417,0.0,32.7815580368042,10.9597806930542,168.2156457901001
124.4743070602417,0.0,32.7815580368042,10.9597806930542,168.2156457901001
124.4743070602417,0.0,32.7815580368042,10.9597806930542,168.2156457901001
124.4743070602417,0.0,32.7815580368042,10.9597806930542,168.2156457901001
124.4743070602417,0.0,32.7815580368042,10.9597806930542,168.2156457901001
124.4743070602417,0.0,32.7815580368042,10.9597806930542,168.2156457901001
124.4743070602417,0.0,32.7815580368042,10.9597806930542,168.2156457901001
124.4743070602417,0.0,32.7815580368042,10.9597806930542,168.2156457901001
120.77706122398376,0.0,32.7815580368042,10.9597806930542,164.51839995384216
109.8511426448822,0.0,32.7815580368042,10.9597806930542,153.5924813747406
109.8511426448822,0.0,32.7815580368042,10.9597806930542,153.5924813747406
109.8511426448822,0.0,32.7815580368042,10.9597806930542,153.5924813747406
109.8511426448822,0.0,32.7815580368042,10.9597806930542,153.5924813747406
109.8511426448822,0.0,32.7815580368042,10.9597806930542,153.5924813747406
106.15169286727905,0.0,32.7815580368042,10.9597806930542,149.89303159713745
106.15169286727905,0.0,32.7815580368042,10.9597806930542,149.89303159713745
106.15169286727905,0.0,32.7815580368042,10.9597806930542,149.89303159713745
106.15169286727905,0.0,32.7815580368042,10.9597806930542,149.89303159713745
106.15169286727905,0.0,32.7815580368042,10.9597806930542,149.89303159713745
106.15169286727905,0.0,32.7815580368042,10.9597806930542,149.89303159713745
106.15169286727905,0.0,32.7815580368042,10.9597806930542,149.89303159713745
106.15169286727905,0.0,32.7815580368042,10.9597806930542,149.89303159713745
106.15169286727905,0.0,32.7815580368042,10.9597806930542,149.89303159713745
106.15169286727905,0.0,32.7815580368042,10.9597806930542,149.89303159713745
106.15169286727905,0.0,32.7815580368042,10.9597806930542,149.89303159713745
106.15169286727905,0.0,21.871545791625977,10.9597806930542,138.98301935195923
106.15169286727905,0.0,21.871545791625977,10.9597806930542,138.98301935195923
106.15169286727905,0.0,21.871545791625977,10.9597806930542,138.98301935195923
106.15169286727905,0.0,21.871545791625977,10.9597806930542,138.98301935195923
106.15169286727905,0.0,21.871545791625977,10.9597806930542,138.98301935195923
106.15169286727905,0.0,21.871545791625977,10.9597806930542,138.98301935195923
102.45748710632324,0.0,21.871545791625977,10.9597806930542,135.28881359100342
106.14987301826477,0.0,21.871545791625977,10.9597806930542,138.98119950294495
106.14987301826477,0.0,21.871545791625977,10.9597806930542,138.98119950294495
106.14987301826477,0.0,21.871545791625977,10.9597806930542,138.98119950294495
106.14987301826477,0.0,21.871545791625977,10.9597806930542,138.98119950294495
106.14987301826477,0.0,21.871545791625977,10.9597806930542,138.98119950294495
106.14987301826477,0.0,21.871545791625977,10.9597806930542,138.98119950294495
106.14987301826477,0.0,21.871545791625977,10.9597806930542,138.98119950294495
95.20076584815979,0.0,21.871545791625977,10.9597806930542,128.03209233283997
95.20076584815979,0.0,21.871545791625977,28.320786476135254,145.39309811592102
106.20076584815979,0.0,21.871545791625977,28.320786476135254,156.39309811592102
106.20076584815979,0.0,21.871545791625977,28.320786476135254,156.39309811592102
106.20076584815979,0.0,21.871545791625977,28.320786476135254,156.39309811592102
106.20076584815979,0.0,21.871545791625977,10.9597806930542,139.03209233283997
106.20076584815979,0.0,21.871545791625977,10.9597806930542,139.03209233283997
106.20076584815979,0.0,21.871545791625977,10.9597806930542,139.03209233283997
73.44200921058655,0.0,21.871545791625977,10.9597806930542,106.27333569526672
73.44200921058655,0.0,21.871545791625977,10.9597806930542,106.27333569526672
73.44200921058655,0.0,21.871545791625977,10.9597806930542,106.27333569526672
69.75004696846008,0.0,21.871545791625977,10.9597806930542,102.58137345314026
69.75004696846008,0.0,21.871545791625977,10.9597806930542,102.58137345314026
69.75004696846008,0.0,21.871545791625977,10.9597806930542,102.58137345314026
69.75004696846008,0.0,21.871545791625977,10.9597806930542,102.58137345314026
69.75004696846008,0.0,21.871545791625977,10.9597806930542,102.58137345314026
69.75004696846008,0.0,21.871545791625977,10.9597806930542,102.58137345314026
69.75004696846008,0.0,21.871545791625977,10.9597806930542,102.58137345314026
69.75004696846008,0.0,21.871545791625977,10.9597806930542,102.58137345314026
69.70869755744934,0.0,21.871545791625977,10.9597806930542,102.54002404212952
69.70869755744934,0.0,21.871545791625977,10.9597806930542,102.54002404212952
69.70869755744934,0.0,21.871545791625977,10.9597806930542,102.54002404212952
69.70869755744934,0.0,21.871545791625977,10.9597806930542,102.54002404212952
69.70869755744934,10.959390640258789,21.871545791625977,10.9597806930542,113.4994146823883
69.70869755744934,10.959390640258789,21.871545791625977,10.9597806930542,113.4994146823883
69.70869755744934,10.959390640258789,21.871545791625977,10.9597806930542,113.4994146823883
80.70869755744934,10.959390640258789,21.871545791625977,10.9597806930542,124.4994146823883
69.78233742713928,10.959390640258789,21.871545791625977,10.9597806930542,113.57305455207825
69.78233742713928,10.959390640258789,21.871545791625977,10.9597806930542,113.57305455207825
69.78233742713928,10.959390640258789,21.871545791625977,10.9597806930542,113.57305455207825
58.800111055374146,10.959390640258789,21.871545791625977,10.9597806930542,102.59082818031311
58.800111055374146,10.959390640258789,21.871545791625977,21.957181930541992,113.5882294178009
58.800111055374146,10.959390640258789,21.871545791625977,21.957181930541992,113.5882294178009
58.800111055374146,10.959390640258789,21.871545791625977,21.957181930541992,113.5882294178009
58.800111055374146,10.959390640258789,21.871545791625977,21.957181930541992,113.5882294178009
58.800111055374146,10.959390640258789,21.871545791625977,21.957181930541992,113.5882294178009
55.10494112968445,10.959390640258789,21.871545791625977,21.957181930541992,109.8930594921112
73.24142599105835,10.959390640258789,21.871545791625977,21.957181930541992,128.0295443534851
73.24142599105835,10.959390640258789,21.871545791625977,21.957181930541992,128.0295443534851
83.95993185043335,10.959390640258789,21.871545791625977,21.957181930541992,138.7480502128601
83.95993185043335,10.959390640258789,21.871545791625977,21.957181930541992,138.7480502128601
83.95993185043335,10.959390640258789,21.871545791625977,21.957181930541992,138.7480502128601
83.95993185043335,10.959390640258789,21.871545791625977,21.957181930541992,138.7480502128601
83.95993185043335,10.959390640258789,21.871545791625977,21.957181930541992,138.7480502128601
83.95993185043335,10.959390640258789,21.871545791625977,21.957181930541992,138.7480502128601
83.95993185043335,10.959390640258789,21.871545791625977,21.957181930541992,138.7480502128601
83.95993185043335,10.959390640258789,21.871545791625977,21.957181930541992,138.7480502128601
83.95993185043335,10.959390640258789,21.871545791625977,21.957181930541992,138.7480502128601
83.95993185043335,10.959390640258789,21.871545791625977,21.957181930541992,138.7480502128601
83.95993185043335,10.959390640258789,21.871545791625977,21.957181930541992,138.7480502128601
83.95993185043335,10.959390640258789,21.871545791625977,21.957181930541992,138.7480502128601
83.95993185043335,10.959390640258789,21.871545791625977,21.957181930541992,138.7480502128601
83.95993185043335,10.959390640258789,21.871545791625977,21.957181930541992,138.7480502128601
83.95993185043335,10.959390640258789,21.871545791625977,21.957181930541992,138.7480502128601
83.95993185043335,10.959390640258789,21.871545791625977,21.957181930541992,138.7480502128601
83.95993185043335,10.959390640258789,21.871545791625977,21.957181930541992,138.7480502128601
83.95993185043335,10.959390640258789,21.871545791625977,21.957181930541992,138.7480502128601
83.95993185043335,10.959390640258789,21.871545791625977,21.957181930541992,138.7480502128601
83.95993185043335,10.959390640258789,21.871545791625977,21.957181930541992,138.7480502128601
83.95993185043335,10.959390640258789,21.871545791625977,21.957181930541992,138.7480502128601
83.95993185043335,10.959390640258789,21.871545791625977,21.957181930541992,138.7480502128601
83.95993185043335,10.959390640258789,21.871545791625977,21.957181930541992,138.7480502128601
72.95993185043335,10.959390640258789,21.871545791625977,21.957181930541992,127.74805021286011
58.55461812019348,10.959390640258789,0.0,21.957181930541992,91.47119069099426
58.55461812019348,10.959390640258789,0.0,21.957181930541992,91.47119069099426
58.55461812019348,10.959390640258789,0.0,21.957181930541992,91.47119069099426
58.55461812019348,10.959390640258789,0.0,21.957181930541992,91.47119069099426
58.55461812019348,10.959390640258789,0.0,21.957181930541992,91.47119069099426
58.55461812019348,10.959390640258789,0.0,21.957181930541992,91.47119069099426
58.55461812019348,10.959390640258789,0.0,21.957181930541992,91.47119069099426
58.55461812019348,10.959390640258789,0.0,21.957181930541992,91.47119069099426
58.55461812019348,10.959390640258789,0.0,10.9597806930542,80.47378945350647
58.55461812019348,10.959390640258789,0.0,10.9597806930542,80.47378945350647
69.5456030368805,10.959390640258789,0.0,10.9597806930542,91.46477437019348
80.49000859260559,10.959390640258789,0.0,10.9597806930542,102.40917992591858
80.49000859260559,10.959390640258789,0.0,10.9597806930542,102.40917992591858
80.49000859260559,10.959390640258789,0.0,10.9597806930542,102.40917992591858
80.49000859260559,10.959390640258789,0.0,10.9597806930542,102.40917992591858
80.49000859260559,10.959390640258789,0.0,10.9597806930542,102.40917992591858
80.49000859260559,10.959390640258789,0.0,10.9597806930542,102.40917992591858
80.49000859260559,10.959390640258789,0.0,10.9597806930542,102.40917992591858
91.43487191200256,10.959390640258789,0.0,10.9597806930542,113.35404324531555
91.43487191200256,10.959390640258789,0.0,10.9597806930542,113.35404324531555
91.43487191200256,10.959390640258789,0.0,10.9597806930542,113.35404324531555
91.43487191200256,10.959390640258789,0.0,10.9597806930542,113.35404324531555
80.5005476474762,10.959390640258789,0.0,10.9597806930542,102.41971898078918
91.37980389595032,10.959390640258789,0.0,10.9597806930542,113.2989752292633
91.37980389595032,10.959390640258789,0.0,10.9597806930542,113.2989752292633
102.05764126777649,10.959390640258789,0.0,10.9597806930542,123.97681260108948
102.05764126777649,10.959390640258789,0.0,10.9597806930542,123.97681260108948
105.7448468208313,10.959390640258789,0.0,10.9597806930542,127.66401815414429
105.7448468208313,10.959390640258789,0.0,10.9597806930542,127.66401815414429
105.7448468208313,10.959390640258789,0.0,10.9597806930542,127.66401815414429
105.7448468208313,10.959390640258789,0.0,10.9597806930542,127.66401815414429
105.7448468208313,21.93491268157959,0.0,10.9597806930542,138.6395401954651
105.7448468208313,21.93491268157959,0.0,10.9597806930542,138.6395401954651
105.7448468208313,40.571810722351074,0.0,10.9597806930542,157.27643823623657
105.7448468208313,51.571810722351074,0.0,10.9597806930542,168.27643823623657
105.7448468208313,51.571810722351074,0.0,10.9597806930542,168.27643823623657
105.7448468208313,51.571810722351074,0.0,10.9597806930542,168.27643823623657
105.7448468208313,73.57181072235107,0.0,10.9597806930542,190.27643823623657
105.7448468208313,54.93491268157959,0.0,10.9597806930542,171.6395401954651
105.7448468208313,75.79911136627197,0.0,10.9597806930542,192.50373888015747
105.7448468208313,75.79911136627197,0.0,10.9597806930542,192.50373888015747
105.7448468208313,75.79911136627197,0.0,10.9597806930542,192.50373888015747
105.7448468208313,75.79911136627197,0.0,10.9597806930542,192.50373888015747
105.7448468208313,75.79911136627197,0.0,10.9597806930542,192.50373888015747
116.09037065505981,97.66468906402588,0.0,10.9597806930542,224.7148404121399
116.09037065505981,119.38842105865479,0.0,10.9597806930542,246.4385724067688
116.09037065505981,119.38842105865479,0.0,10.9597806930542,246.4385724067688
116.09037065505981,119.38842105865479,0.0,10.9597806930542,246.4385724067688
116.09037065505981,119.38842105865479,0.0,10.9597806930542,246.4385724067688
105.0993857383728,130.3287477493286,0.0,10.9597806930542,246.38791418075562
105.0993857383728,120.22061061859131,0.0,10.9597806930542,236.2797770500183
115.61946249008179,120.22061061859131,0.0,10.9597806930542,246.7998538017273
115.61946249008179,142.16432666778564,0.0,10.9597806930542,268.74356985092163
115.61946249008179,163.66658306121826,0.0,10.9597806930542,290.24582624435425
115.61946249008179,163.66658306121826,0.0,10.9597806930542,290.24582624435425
115.61946249008179,163.66658306121826,0.0,10.9597806930542,290.24582624435425
115.61946249008179,163.66658306121826,0.0,10.9597806930542,290.24582624435425
105.0993857383728,206.69851779937744,0.0,10.9597806930542,322.75768423080444
84.07602453231812,206.69851779937744,0.0,10.9597806930542,301.73432302474976
94.68384599685669,185.19626140594482,0.0,10.9597806930542,290.8398880958557
116.5156102180481,227.90442562103271,0.0,10.9597806930542,355.379816532135
116.5156102180481,206.03651523590088,0.0,10.9597806930542,333.5119061470032
94.68341112136841,206.03651523590088,0.0,10.9597806930542,311.6797070503235
94.68341112136841,206.03651523590088,0.0,10.9597806930542,311.6797070503235
94.68341112136841,185.328351020813,0.0,10.9597806930542,290.9715428352356
94.68341112136841,185.328351020813,0.0,10.9597806930542,290.9715428352356
105.53397417068481,185.328351020813,0.0,10.9597806930542,301.822105884552
127.52996110916138,185.328351020813,0.0,10.9597806930542,323.81809282302856
127.52996110916138,196.328351020813,0.0,10.9597806930542,334.81809282302856
127.52996110916138,196.328351020813,0.0,10.9597806930542,334.81809282302856
127.52996110916138,218.1914758682251,0.0,10.9597806930542,356.6812176704407
138.36325407028198,229.12874126434326,0.0,10.9597806930542,378.45177602767944
149.3254542350769,250.62336254119873,0.0,10.9597806930542,410.90859746932983
149.3254542350769,250.62336254119873,0.0,10.9597806930542,410.90859746932983
149.3254542350769,283.570387840271,0.0,10.9597806930542,443.8556227684021
149.3254542350769,261.8466558456421,0.0,10.9597806930542,422.1318907737732
149.3254542350769,283.67912006378174,0.0,10.9597806930542,443.96435499191284
138.71763277053833,283.67912006378174,0.0,0.0,422.39675283432007
138.71763277053833,262.5150957107544,0.0,0.0,401.2327284812927
153.46882963180542,251.7285499572754,0.0,0.0,405.1973795890808
153.46882963180542,251.7285499572754,0.0,0.0,405.1973795890808
153.46882963180542,251.7285499572754,0.0,0.0,405.1973795890808
157.1551685333252,251.7285499572754,0.0,10.936029434204102,419.8197479248047
142.4039716720581,284.1749210357666,0.0,10.936029434204102,437.5149221420288
142.4039716720581,284.1749210357666,0.0,10.936029434204102,437.5149221420288
142.4039716720581,284.1749210357666,0.0,10.936029434204102,437.5149221420288
142.4039716720581,273.1749210357666,0.0,10.936029434204102,426.5149221420288
142.4039716720581,273.1749210357666,0.0,10.936029434204102,426.5149221420288
149.7901256084442,251.1749210357666,0.0,10.936029434204102,411.9010760784149
138.7901256084442,262.1497344970703,0.0,10.936029434204102,411.8758895397186
142.481351852417,282.89764404296875,0.0,10.936029434204102,436.31502532958984
146.0578372478485,304.6349449157715,0.0,10.936029434204102,461.6288115978241
146.0578372478485,304.28403091430664,0.0,10.936029434204102,461.27789759635925
135.1785809993744,326.0706615447998,0.0,10.936029434204102,472.1852719783783
138.87382674217224,326.0706615447998,0.0,10.936029434204102,475.88051772117615
149.815527677536,337.03343296051025,0.0,10.936029434204102,497.78499007225037
149.815527677536,337.03343296051025,0.0,10.936029434204102,497.78499007225037
149.815527677536,337.03343296051025,10.911375999450684,10.936029434204102,508.69636607170105
149.815527677536,380.3857755661011,10.911375999450684,10.936029434204102,552.0487086772919
153.48706436157227,391.38550758361816,10.911375999450684,10.936029434204102,566.7199773788452
149.79086875915527,391.38550758361816,10.911375999450684,10.936029434204102,563.0237817764282
149.79086875915527,412.9683837890625,10.911375999450684,10.936029434204102,584.6066579818726
138.94030570983887,423.8935794830322,10.911375999450684,10.936029434204102,584.6812906265259
149.94030570983887,423.8935794830322,10.911375999450684,10.936029434204102,595.6812906265259
149.94030570983887,445.54752922058105,10.911375999450684,10.936029434204102,617.3352403640747
142.79358315467834,445.54752922058105,10.911375999450684,21.9360294342041,621.1885178089142
142.79358315467834,465.3952808380127,10.911375999450684,21.9360294342041,641.0362694263458
149.99601316452026,444.9923629760742,10.911375999450684,21.9360294342041,627.8357815742493
153.66452431678772,444.95056343078613,10.911375999450684,21.9360294342041,631.4624931812286
153.66452431678772,455.7687463760376,10.911375999450684,21.9360294342041,642.2806761264801
153.66452431678772,471.8525438308716,10.911375999450684,21.9360294342041,658.3644735813141
157.36452436447144,430.56163120269775,10.911375999450684,21.9360294342041,620.773561000824
157.36452436447144,430.56163120269775,10.911375999450684,21.9360294342041,620.773561000824
157.36452436447144,430.56163120269775,10.911375999450684,21.9360294342041,620.773561000824
157.36452436447144,393.03146266937256,10.911375999450684,21.9360294342041,583.2433924674988
157.36452436447144,414.92041873931885,10.911375999450684,21.9360294342041,605.1323485374451
168.13871049880981,436.3320999145508,10.911375999450684,32.9360294342041,648.3182158470154
168.13871049880981,436.3320999145508,10.911375999450684,32.9360294342041,648.3182158470154
179.0961365699768,436.3320999145508,10.911375999450684,32.9360294342041,659.2756419181824
190.06613683700562,436.3320999145508,10.911375999450684,32.9360294342041,670.2456421852112
200.81105184555054,455.555908203125,10.911375999450684,32.9360294342041,700.2143654823303
200.81105184555054,433.9769458770752,10.911375999450684,32.9360294342041,678.6354031562805
204.5079381465912,433.9769458770752,10.911375999450684,32.9360294342041,682.3322894573212
204.5079381465912,433.9769458770752,10.911375999450684,32.9360294342041,682.3322894573212
200.81555223464966,433.9769458770752,10.911375999450684,32.9360294342041,678.6399035453796
215.50324940681458,444.8036069869995,10.911375999450684,32.9360294342041,704.1542618274689
226.4419252872467,444.8036069869995,10.911375999450684,43.9360294342041,726.092937707901
182.61417412757874,403.84249782562256,10.911375999450684,43.9360294342041,641.3040773868561
202.51164650917053,414.70954513549805,10.911375999450684,43.9360294342041,672.0685970783234
202.51164650917053,425.2639675140381,10.911375999450684,43.9360294342041,682.6230194568634
202.51164650917053,414.2891540527344,10.911375999450684,54.91622829437256,682.6284048557281
202.6822874546051,447.0874786376953,10.911375999450684,54.91622829437256,715.5973703861237
209.8848419189453,447.0874786376953,10.911375999450684,54.91622829437256,722.7999248504639
220.8369541168213,425.23619747161865,10.911375999450684,54.91622829437256,711.9007558822632
220.81258964538574,414.8245162963867,10.911375999450684,54.91622829437256,701.4647102355957
213.56808710098267,435.5097961425781,21.871135711669922,54.91622829437256,725.8652472496033
246.47253274917603,457.3852005004883,21.871135711669922,54.91622829437256,780.6450972557068
241.15963745117188,446.4562940597534,21.871135711669922,54.91622829437256,764.4032955169678
248.30074429512024,446.84856510162354,21.871135711669922,54.91622829437256,771.9366734027863
248.30074429512024,446.84856510162354,21.871135711669922,54.91622829437256,771.9366734027863
248.30074429512024,431.38661766052246,21.871135711669922,54.91622829437256,756.4747259616852
248.30074429512024,431.38661766052246,21.871135711669922,54.91622829437256,756.4747259616852
237.55582928657532,464.1352491378784,21.871135711669922,54.91622829437256,778.4784424304962
226.61142373085022,474.828839302063,21.871135711669922,54.91622829437256,778.2276270389557
237.61142373085022,457.57734775543213,21.871135711669922,54.91622829437256,771.9761354923248
252.29772639274597,499.53277683258057,21.871135711669922,54.91622829437256,828.617867231369
252.29772639274597,573.0098218917847,21.871135711669922,54.91622829437256,902.0949122905731
274.00736117362976,552.3245420455933,21.871135711669922,54.91622829437256,903.1192672252655
270.3358244895935,530.435585975647,21.871135711669922,76.79197597503662,899.434522151947
270.3358244895935,530.435585975647,21.871135711669922,76.79197597503662,899.434522151947
270.3358244895935,519.8811635971069,21.871135711669922,76.79197597503662,888.880099773407
259.55690908432007,511.3302812576294,21.871135711669922,76.79197597503662,869.550302028656
259.55690908432007,532.9758358001709,21.871135711669922,76.79197597503662,891.1958565711975
259.55690908432007,533.0321197509766,21.871135711669922,76.79197597503662,891.2521405220032
259.55690908432007,521.9363136291504,21.871135711669922,98.34058475494385,901.7049431800842
259.67127752304077,501.98088455200195,21.871135711669922,98.34058475494385,881.8638825416565
259.67127752304077,512.9415302276611,21.871135711669922,98.34058475494385,892.8245282173157
259.67127752304077,556.6956958770752,21.871135711669922,98.34058475494385,936.5786938667297
259.67127752304077,578.5631446838379,21.871135711669922,98.34058475494385,958.4461426734924
281.4892077445984,610.7736501693726,21.871135711669922,98.34058475494385,1012.4745783805847
285.18004155158997,599.7409906387329,21.871135711669922,98.34058475494385,1005.1327526569366
285.18004155158997,632.5636644363403,21.871135711669922,98.34058475494385,1037.955426454544
296.1727125644684,665.2550392150879,21.871135711669922,119.76078701019287,1103.059674501419
307.15635800361633,654.3298435211182,21.871135711669922,119.76078701019287,1103.1181242465973
307.15635800361633,709.091516494751,21.871135711669922,119.76078701019287,1157.87979722023
307.15635800361633,730.6189804077148,10.959759712219238,119.76078701019287,1168.4958851337433
307.15635800361633,752.6160850524902,10.959759712219238,130.72900104522705,1201.4612038135529
343.1667914390564,796.2812061309814,21.916332244873047,141.72900104522705,1303.093330860138
364.896701335907,785.4760112762451,21.916332244873047,141.72900104522705,1314.0180459022522
364.896701335907,796.2237615585327,21.916332244873047,141.72900104522705,1324.7657961845398
383.1179459095001,816.1018514633179,21.916332244873047,130.72900104522705,1351.865130662918
404.6853115558624,848.5354518890381,21.916332244873047,130.72900104522705,1405.8660967350006
404.6853115558624,848.5354518890381,21.916332244873047,130.72900104522705,1405.8660967350006
419.38531160354614,848.0198621749878,21.916332244873047,130.72900104522705,1420.050507068634
408.38531160354614,848.0198621749878,21.916332244873047,130.72900104522705,1409.050507068634
401.08391976356506,817.3724269866943,21.916332244873047,130.72900104522705,1371.1016800403595
401.08391976356506,828.1979999542236,21.916332244873047,130.72900104522705,1381.9272530078888
408.2005763053894,796.1547861099243,21.916332244873047,130.72900104522705,1357.0006957054138
408.2005763053894,785.1425018310547,21.916332244873047,130.72900104522705,1345.9884114265442
419.2005763053894,785.2235679626465,21.916332244873047,130.72900104522705,1357.069477558136
430.2005763053894,817.4244060516357,21.916332244873047,130.72900104522705,1400.2703156471252
440.9095540046692,859.4020671844482,21.916332244873047,141.69293117523193,1463.9208846092224
451.885488986969,881.0804176330566,32.91633224487305,141.69293117523193,1507.5751700401306
419.22374200820923,902.775541305542,32.91633224487305,141.69293117523193,1496.6085467338562
433.8414981365204,880.9990921020508,32.91633224487305,141.69293117523193,1489.4498536586761
444.75437808036804,859.3974266052246,32.91633224487305,141.69293117523193,1478.7610681056976
427.0907883644104,881.3516426086426,32.91633224487305,141.69293117523193,1483.051694393158
427.0907883644104,881.3516426086426,32.91633224487305,131.25661373138428,1472.6153769493103
423.3954544067383,881.3516426086426,32.91633224487305,131.25661373138428,1468.9200429916382
423.3954544067383,870.9915647506714,32.91633224487305,131.25661373138428,1458.559965133667
423.3954544067383,914.469069480896,32.91633224487305,131.25661373138428,1502.0374698638916
423.3954544067383,914.469069480896,32.91633224487305,131.25661373138428,1502.0374698638916
477.3908643722534,927.301064491272,32.91633224487305,109.70800495147705,1547.3162660598755
455.66095447540283,948.7152624130249,32.91633224487305,109.70800495147705,1547.0005540847778
455.66095447540283,926.9286317825317,32.91633224487305,109.70800495147705,1525.2139234542847
466.54498958587646,947.6271619796753,32.91633224487305,109.70800495147705,1556.7964887619019
481.18460631370544,947.274001121521,32.91633224487305,109.70800495147705,1571.0829446315765
488.567125082016,936.23450756073,54.55512046813965,109.70800495147705,1589.0647580623627
499.5425250530243,936.7521181106567,54.55512046813965,109.70800495147705,1600.5577685832977
499.5425250530243,925.8850708007812,54.55512046813965,120.57889461517334,1600.5616109371185
510.43923258781433,882.662483215332,54.55512046813965,120.57889461517334,1568.2357308864594
510.43923258781433,861.2795639038086,54.55512046813965,120.57889461517334,1546.852811574936
521.4392325878143,839.925220489502,54.55512046813965,120.57889461517334,1536.4984681606293
517.8259983062744,850.8854608535767,54.55512046813965,131.57889461517334,1554.845474243164
517.8259983062744,817.9228963851929,54.55512046813965,131.57889461517334,1521.8829097747803
517.8259983062744,817.9228963851929,54.55512046813965,131.57889461517334,1521.8829097747803
517.8259983062744,828.8566617965698,54.55512046813965,131.57889461517334,1532.8166751861572
536.1542954444885,872.4815835952759,54.55512046813965,131.57889461517334,1594.7698941230774
557.851704120636,861.6560106277466,54.55512046813965,131.57889461517334,1605.6417298316956
568.3791069984436,861.6560106277466,54.55512046813965,131.57889461517334,1616.1691327095032
590.3377623558044,819.2241792678833,54.55512046813965,131.57889461517334,1595.6959567070007
590.3377623558044,807.9171876907349,54.55512046813965,131.57889461517334,1584.3889651298523
583.1469192504883,764.2749834060669,54.55512046813965,131.57889461517334,1533.5559177398682
572.1469192504883,818.9926090240479,54.55512046813965,142.52279663085938,1588.2174453735352
561.2258129119873,797.4940128326416,54.55512046813965,142.52279663085938,1555.797742843628
561.2258129119873,775.7398471832275,54.55512046813965,142.52279663085938,1534.0435771942139
561.6111698150635,754.0930080413818,54.55512046813965,164.27439880371094,1534.533697128296
572.5319375991821,775.9616050720215,54.55512046813965,164.27439880371094,1567.3230619430542
551.0834493637085,765.3360872268677,54.55512046813965,175.2194480895996,1546.1941051483154
554.7761054039001,721.7122621536255,54.55512046813965,175.2194480895996,1506.262936115265
562.0405533313751,743.3556394577026,54.55512046813965,175.2194480895996,1535.170761346817
565.7391855716705,743.3556394577026,54.55512046813965,175.2194480895996,1538.8693935871124
576.7216885089874,786.5467901229858,54.55512046813965,175.2194480895996,1593.0430471897125
591.195718050003,786.5467901229858,54.55512046813965,175.2194480895996,1607.5170767307281
580.5224716663361,797.4597225189209,54.55512046813965,175.2194480895996,1607.7567627429962
580.5224716663361,797.4597225189209,54.55512046813965,175.2194480895996,1607.7567627429962
602.3848850727081,819.3950424194336,54.55512046813965,175.2194480895996,1651.554496049881
613.3625881671906,819.3950424194336,54.55512046813965,186.2194480895996,1673.5321991443634
613.3625881671906,851.5792779922485,54.55512046813965,186.2194480895996,1705.7164347171783
624.3122751712799,829.6579141616821,54.55512046813965,186.2194480895996,1694.7447578907013
613.5237009525299,829.0403032302856,54.55512046813965,186.2194480895996,1683.3385727405548
613.5237009525299,862.1111478805542,54.55512046813965,197.1665391921997,1727.3565084934235
635.0651905536652,862.2099943161011,54.55512046813965,197.1665391921997,1748.9968445301056
624.5377876758575,840.2964639663696,54.55512046813965,208.1665391921997,1727.5559113025665
639.0748143196106,829.9157180786133,54.55512046813965,230.1665391921997,1753.7121920585632
606.5447888374329,840.650185585022,54.55512046813965,219.1665391921997,1720.9166340827942
602.8447887897491,840.650185585022,32.91633224487305,219.1665391921997,1695.5778458118439
580.971581697464,818.6530809402466,32.91633224487305,240.7891664505005,1673.330161333084
580.971581697464,829.2583198547363,32.91633224487305,240.7891664505005,1683.9354002475739
570.0167639255524,829.2583198547363,32.91633224487305,240.7891664505005,1672.9805824756622
559.0331184864044,829.2583198547363,32.91633224487305,240.7891664505005,1661.9969370365143
562.7325129508972,829.2583198547363,32.91633224487305,240.7891664505005,1665.696331501007
562.7962355613708,829.2583198547363,32.91633224487305,240.7891664505005,1665.7600541114807
573.7430119514465,785.5747108459473,32.91633224487305,229.7891664505005,1622.0232214927673
570.0461256504059,708.9868278503418,32.91633224487305,207.91341876983643,1519.8627045154572
570.0461256504059,708.9868278503418,32.91633224487305,196.92953395843506,1508.8788197040558
580.86363530159,729.8333148956299,32.91633224487305,196.92953395843506,1540.542816400528
580.86363530159,708.004487991333,32.91633224487305,185.99350452423096,1507.777960062027
570.2852699756622,718.9829206466675,32.91633224487305,185.99350452423096,1508.1780273914337
570.2852699756622,729.9430704116821,32.91633224487305,185.99350452423096,1519.1381771564484
573.9762485027313,686.4113607406616,32.91633224487305,185.99350452423096,1479.297446012497
594.6729438304901,686.4113607406616,32.91633224487305,174.99350452423096,1488.9941413402557
594.6729438304901,686.4113607406616,32.91633224487305,174.99350452423096,1488.9941413402557
605.515707731247,675.4113607406616,32.91633224487305,185.98725605010986,1499.8306567668915
605.515707731247,631.9736490249634,32.91633224487305,185.98725605010986,1456.3929450511932
623.7781269550323,631.9659223556519,32.91633224487305,185.98725605010986,1474.6476376056671
612.8644125461578,610.5781469345093,32.91633224487305,185.98725605010986,1442.34614777565
612.8644125461578,555.9902858734131,32.91633224487305,185.98725605010986,1387.7582867145538
612.8644125461578,567.0293369293213,32.91633224487305,175.02332592010498,1387.8334076404572
609.1866431236267,556.6829719543457,32.91633224487305,164.0551118850708,1362.8410592079163
609.1866431236267,524.8105335235596,32.91633224487305,142.43248462677002,1309.3459935188293
609.1866431236267,524.8105335235596,32.91633224487305,142.43248462677002,1309.3459935188293
627.3339025974274,524.8105335235596,32.91633224487305,142.43248462677002,1327.49325299263
605.5683214664459,546.5416011810303,32.91633224487305,163.98840999603271,1349.014664888382
594.2414591312408,535.9363622665405,32.91633224487305,153.11752033233643,1316.2116739749908
559.0587344169617,524.9363622665405,32.91633224487305,131.11752033233643,1248.0289492607117
559.0587344169617,503.35026264190674,32.91633224487305,142.08006858825684,1237.4053978919983
559.0587344169617,503.35026264190674,32.91633224487305,142.08006858825684,1237.4053978919983
580.507387638092,524.9186563491821,32.91633224487305,152.95777893066406,1291.3001551628113
580.507387638092,524.9186563491821,32.91633224487305,152.95777893066406,1291.3001551628113
580.507387638092,524.7037210464478,32.91633224487305,152.95777893066406,1291.085219860077
584.2019689083099,535.1292705535889,32.91633224487305,152.95777893066406,1305.205350637436
584.2019689083099,535.1292705535889,21.95657253265381,152.95777893066406,1294.2455909252167
583.9923388957977,535.1292705535889,21.95657253265381,152.95777893066406,1294.0359609127045
583.9923388957977,491.5299129486084,21.95657253265381,152.95777893066406,1250.436603307724
565.762996673584,491.5299129486084,21.95657253265381,142.01387691497803,1221.2633590698242
566.0600824356079,491.5299129486084,21.95657253265381,152.85509490966797,1232.401662826538
598.2739362716675,480.61698055267334,25.656572580337524,152.85509490966797,1257.4025843143463
598.2739362716675,480.61698055267334,25.656572580337524,152.85509490966797,1257.4025843143463
612.8981866836548,480.61698055267334,25.656572580337524,152.85509490966797,1272.0268347263336
612.8981866836548,480.61698055267334,36.58774971961975,152.85509490966797,1282.9580118656158
601.9173946380615,500.7641477584839,58.369793176651,131.1034927368164,1292.1548283100128
605.6138482093811,511.5936870574951,58.369793176651,131.1034927368164,1306.6808211803436
605.6138482093811,489.7903118133545,68.66744923591614,120.1034927368164,1284.1751019954681
605.6138482093811,489.7903118133545,68.66052174568176,120.1034927368164,1284.1681745052338
605.6218991279602,489.7903118133545,68.66052174568176,109.12329387664795,1273.1960265636444
598.4579112529755,489.7903118133545,68.66052174568176,120.12329387664795,1277.0320386886597
587.4671800136566,489.7903118133545,68.66052174568176,120.12329387664795,1266.0413074493408
598.4279639720917,469.64314460754395,68.66052174568176,120.12329387664795,1256.8549242019653
569.9108381271362,469.64314460754395,68.66052174568176,120.12329387664795,1228.33779835701
569.8496770858765,448.063533782959,68.66052174568176,120.12329387664795,1206.6970264911652
591.6551370620728,458.9485082626343,68.66052174568176,120.12329387664795,1239.3874609470367
591.6551370620728,458.9485082626343,68.66052174568176,120.12329387664795,1239.3874609470367
591.6551370620728,458.9485082626343,72.36052179336548,120.12329387664795,1243.0874609947205
591.6551370620728,469.86003017425537,72.36052179336548,120.12329387664795,1253.9989829063416
591.6551370620728,469.86003017425537,72.36052179336548,131.11068439483643,1264.98637342453
580.8570003509521,469.86003017425537,72.36052179336548,109.55475902557373,1232.6323113441467
591.6987953186035,448.0677194595337,72.36052179336548,109.55475902557373,1221.6817955970764
591.6987953186035,448.0677194595337,62.06286573410034,109.55475902557373,1211.3841395378113
580.6987953186035,448.0677194595337,62.06286573410034,109.55475902557373,1200.3841395378113
591.4716234207153,469.98534870147705,62.06286573410034,109.55475902557373,1233.0745968818665
591.4716234207153,480.44267082214355,62.06286573410034,109.55475902557373,1243.531919002533
591.4716234207153,480.44267082214355,62.06286573410034,109.55475902557373,1243.531919002533
595.171623468399,480.44267082214355,62.06286573410034,109.55475902557373,1247.2319190502167
595.171623468399,458.53063774108887,81.96909475326538,98.55475902557373,1234.226114988327
638.9369471073151,458.53063774108887,81.96909475326538,98.55475902557373,1277.991438627243
638.9369471073151,458.53063774108887,81.96909475326538,109.3756856918335,1288.8123652935028
627.9528982639313,437.11538314819336,81.96909475326538,109.3756856918335,1256.4130618572235
627.9752848148346,437.11538314819336,62.06286573410034,109.3756856918335,1236.5292193889618
627.9752848148346,437.11538314819336,62.06286573410034,109.3756856918335,1236.5292193889618
627.9752848148346,437.11538314819336,62.06286573410034,109.3756856918335,1236.5292193889618
627.9752848148346,437.11538314819336,84.06286573410034,109.3756856918335,1258.5292193889618
617.0618755817413,426.11557960510254,84.06286573410034,109.3756856918335,1236.6160066127777
606.4825823307037,426.11557960510254,84.06286573410034,120.17804145812988,1236.8390691280365
595.8023617267609,382.6134204864502,84.06286573410034,120.17804145812988,1182.6566894054413
588.5246586799622,360.70620346069336,95.03112077713013,120.17804145812988,1164.4400243759155
577.597029209137,349.66467475891113,95.03112077713013,120.17804145812988,1142.470866203308
573.9083874225616,327.8625316619873,116.81911897659302,120.17804145812988,1138.7680795192719
541.263571023941,327.8625316619873,116.81911897659302,120.17804145812988,1106.1232631206512
530.4208071231842,327.8625316619873,116.81911897659302,120.17804145812988,1095.2804992198944
508.4918472766876,327.8625316619873,116.81911897659302,120.17804145812988,1073.3515393733978
497.58301281929016,327.8625316619873,116.81911897659302,131.10008907318115,1073.3647525310516
490.2960410118103,305.98978424072266,116.81911897659302,120.27916240692139,1033.3841066360474
501.28321409225464,305.98978424072266,116.81911897659302,120.27916240692139,1044.3712797164917
504.98321413993835,305.98978424072266,116.81911897659302,109.40145206451416,1037.1935694217682
504.98321413993835,305.98978424072266,116.81911897659302,109.40145206451416,1037.1935694217682
504.98321413993835,284.05446434020996,116.81911897659302,109.40145206451416,1015.2582495212555
515.8665673732758,262.32339668273926,116.81911897659302,109.40145206451416,1004.4105350971222
497.7611074447632,229.99148845672607,116.81911897659302,109.40145206451416,953.9731669425964
508.7111110687256,208.1180944442749,116.81911897659302,109.40145206451416,943.0497765541077
508.7111110687256,208.1180944442749,113.1191189289093,109.40145206451416,939.349776506424
515.9788024425507,208.1180944442749,91.1191189289093,109.40145206451416,924.617467880249
504.9168167114258,208.1180944442749,91.1191189289093,109.40145206451416,913.5554821491241
493.9657335281372,208.1180944442749,91.1191189289093,98.40145206451416,891.6043989658356
493.9657335281372,208.1180944442749,91.1191189289093,120.3993330001831,913.6022799015045
439.19287109375,208.1180944442749,91.1191189289093,98.57072448730469,837.0008089542389
439.19287109375,208.1180944442749,91.1191189289093,87.62567520141602,826.0557596683502
449.84851264953613,208.1180944442749,91.1191189289093,87.62567520141602,836.7114012241364
449.84851264953613,208.1180944442749,91.1191189289093,87.62567520141602,836.7114012241364
449.84851264953613,197.1578540802002,91.1191189289093,87.62567520141602,825.7511608600616
449.84851264953613,186.17808628082275,91.1191189289093,87.62567520141602,814.7713930606842
460.8000679016113,186.17808628082275,91.1191189289093,87.62567520141602,825.7229483127594
428.1693172454834,186.17808628082275,91.1191189289093,87.62567520141602,793.0921976566315
428.1693172454834,186.17808628082275,112.7773220539093,87.62567520141602,814.7504007816315
428.1693172454834,186.17808628082275,112.7773220539093,87.62567520141602,814.7504007816315
402.6374969482422,186.17808628082275,112.7773220539093,87.62567520141602,789.2185804843903
402.6374969482422,186.17808628082275,112.7773220539093,98.62567520141602,800.2185804843903
402.6374969482422,186.17808628082275,112.7773220539093,98.62567520141602,800.2185804843903
402.8578271865845,186.17808628082275,112.7773220539093,98.62567520141602,800.4389107227325
402.8578271865845,186.17808628082275,112.7773220539093,98.62567520141602,800.4389107227325
413.8306121826172,186.17808628082275,112.7773220539093,98.62567520141602,811.4116957187653
391.8902292251587,186.17808628082275,112.7773220539093,109.61632537841797,800.4619629383087
402.8469066619873,186.17808628082275,112.7773220539093,129.79474449157715,831.5970594882965
391.8834619522095,186.17808628082275,90.99527859687805,129.79474449157715,798.8515713214874
391.8834619522095,164.2604570388794,90.99527859687805,129.79474449157715,776.9339420795441
391.8834619522095,164.2604570388794,90.99527859687805,129.79474449157715,776.9339420795441
391.8834619522095,164.2604570388794,90.99527859687805,129.79474449157715,776.9339420795441
391.8834619522095,164.2604570388794,90.99527859687805,118.80099296569824,765.9401905536652
391.8834619522095,164.2604570388794,90.99527859687805,118.80099296569824,765.9401905536652
391.8834619522095,164.2604570388794,90.99527859687805,118.80099296569824,765.9401905536652
391.8834619522095,164.2604570388794,90.99527859687805,98.62257385253906,745.761771440506
391.8834619522095,164.2604570388794,90.99527859687805,98.62257385253906,745.761771440506
370.01250076293945,164.2604570388794,90.99527859687805,109.54611301422119,734.8143494129181
370.01250076293945,164.2604570388794,90.99527859687805,109.54611301422119,734.8143494129181
370.01250076293945,175.2576560974121,90.99527859687805,98.7437572479248,735.0091927051544
370.01250076293945,175.2576560974121,80.00220608711243,87.7437572479248,713.0161201953888
370.01250076293945,175.2576560974121,80.00220608711243,87.7437572479248,713.0161201953888
359.1707057952881,175.2576560974121,80.00220608711243,87.7437572479248,702.1743252277374
379.7764587402344,175.2576560974121,80.00220608711243,87.7437572479248,722.7800781726837
379.7764587402344,175.2576560974121,90.94101738929749,87.7437572479248,733.7188894748688
379.7764587402344,197.11157989501953,90.94101738929749,87.7437572479248,755.5728132724762
390.69264698028564,197.11157989501953,90.94101738929749,87.7437572479248,766.4890015125275
390.69264698028564,197.11157989501953,79.9727623462677,87.7437572479248,755.5207464694977
379.74109172821045,164.27893257141113,79.9727623462677,87.7437572479248,711.7365438938141
379.74109172821045,164.27893257141113,90.96808457374573,87.7437572479248,722.7318661212921
354.14475893974304,142.4535427093506,90.96808457374573,87.7437572479248,675.3101434707642
354.14475893974304,142.4535427093506,90.96808457374573,87.7437572479248,675.3101434707642
354.14475893974304,142.4535427093506,87.26808452606201,87.7437572479248,671.6101434230804
354.14475893974304,131.55465507507324,87.26808452606201,87.7437572479248,660.7112557888031
343.1610667705536,131.55465507507324,87.26808452606201,76.7812089920044,638.7650153636932
343.1610667705536,131.55465507507324,87.26808452606201,87.7812089920044,649.7650153636932
343.1610667705536,131.55465507507324,87.26808452606201,87.7812089920044,649.7650153636932
321.3957431316376,131.55465507507324,87.26808452606201,87.7812089920044,627.9996917247772
322.6632182598114,120.5564317703247,98.22260761260986,87.7812089920044,629.2234666347504
311.6986005306244,120.5564317703247,98.22260761260986,87.7812089920044,618.2588489055634
322.3804614543915,120.5564317703247,98.22260761260986,87.7812089920044,628.9407098293304
322.3804614543915,120.5564317703247,98.22260761260986,87.7812089920044,628.9407098293304
318.7074227333069,120.5564317703247,98.22260761260986,87.7812089920044,625.2676711082458
315.02066445350647,120.5564317703247,98.22260761260986,87.7812089920044,621.5809128284454
315.02066445350647,120.5564317703247,87.26603507995605,87.7812089920044,610.6243402957916
325.9686062335968,120.5564317703247,87.26603507995605,87.7812089920044,621.572282075882
325.9686062335968,109.58909130096436,87.26603507995605,98.7812089920044,621.6049416065216
325.9686062335968,98.67756938934326,87.26603507995605,98.7812089920044,610.6934196949005
300.3451840877533,98.67756938934326,65.60783195495605,98.7812089920044,563.411794424057
300.3451840877533,98.67756938934326,65.60783195495605,87.85766983032227,552.4882552623749
289.3950574398041,98.67756938934326,65.60783195495605,109.85766983032227,563.5381286144257
285.69505739212036,98.67756938934326,76.60783195495605,109.85766983032227,570.838128566742
274.7339072227478,98.67756938934326,87.52244091033936,109.85766983032227,570.7915873527527
263.7877707481384,98.67756938934326,109.25636196136475,109.85766983032227,581.5793719291687
263.7877707481384,98.67756938934326,109.25636196136475,109.85766983032227,581.5793719291687
285.7877707481384,87.71706295013428,109.25636196136475,109.85766983032227,592.6188654899597
285.7877707481384,87.71706295013428,109.25636196136475,109.85766983032227,592.6188654899597
285.7877707481384,87.71706295013428,109.25636196136475,109.85766983032227,592.6188654899597
282.100257396698,76.74641132354736,109.25636196136475,109.85766983032227,577.9607005119324
282.100257396698,76.74641132354736,109.25636196136475,87.85978889465332,555.9628195762634
271.1075863838196,76.74641132354736,109.25636196136475,98.85978889465332,555.970148563385
249.23435831069946,76.74641132354736,98.32518482208252,98.85978889465332,523.1657433509827
249.23435831069946,76.74641132354736,109.10071659088135,98.85978889465332,533.9412751197815
245.5529501438141,76.74641132354736,109.10071659088135,98.85978889465332,530.2598669528961
245.5529501438141,76.74641132354736,130.23853397369385,76.85978889465332,529.3976843357086
227.19124746322632,76.74641132354736,130.23853397369385,98.65666198730469,532.8328547477722
227.19124746322632,76.74641132354736,130.23853397369385,98.65666198730469,532.8328547477722
227.19124746322632,76.74641132354736,108.45053577423096,98.65666198730469,511.0448565483093
236.21372270584106,76.74641132354736,108.45053577423096,87.66601181030273,509.0766816139221
236.21372270584106,76.74641132354736,108.45053577423096,87.66601181030273,509.0766816139221
247.1147255897522,76.74641132354736,108.45053577423096,76.74396419525146,509.055636882782
247.1147255897522,65.77877140045166,130.2509527206421,76.74396419525146,519.8884139060974
236.1679491996765,65.77877140045166,119.31214141845703,76.74396419525146,498.00282621383667
221.79440569877625,65.77877140045166,108.31214141845703,87.74396419525146,483.6292827129364
232.69489073753357,65.77877140045166,108.31214141845703,87.74396419525146,494.5297677516937
221.72210574150085,65.77877140045166,108.31214141845703,87.74396419525146,483.556982755661
221.72210574150085,65.77877140045166,108.31214141845703,109.40219783782959,505.21521639823914
210.75953078269958,65.77877140045166,108.31214141845703,109.40219783782959,494.25264143943787
210.75953078269958,65.77877140045166,108.31214141845703,109.40219783782959,494.25264143943787
190.7664086818695,43.92484760284424,108.31214141845703,109.40219783782959,452.40559554100037
190.7664086818695,43.92484760284424,108.31214141845703,109.40219783782959,452.40559554100037
190.7664086818695,43.92484760284424,130.17004013061523,109.40219783782959,474.26349425315857
190.7664086818695,43.92484760284424,130.17004013061523,109.40219783782959,474.26349425315857
190.7664086818695,43.92484760284424,130.17004013061523,98.45510673522949,463.3164031505585
179.86592364311218,43.92484760284424,152.17004013061523,98.45510673522949,474.41591811180115
176.16674828529358,43.92484760284424,152.17004013061523,98.45510673522949,470.71674275398254
176.16674828529358,43.92484760284424,131.03222274780273,109.42806243896484,460.5518810749054
176.16674828529358,43.92484760284424,131.03222274780273,109.42806243896484,460.5518810749054
187.0773937702179,32.96469783782959,131.03222274780273,109.42806243896484,460.50237679481506
176.12770676612854,32.96469783782959,134.71751236915588,109.42806243896484,453.23797941207886
176.12770676612854,32.96469783782959,145.67215180397034,109.42806243896484,464.1926188468933
176.12770676612854,32.96469783782959,145.67215180397034,109.42806243896484,464.1926188468933
176.12770676612854,32.96469783782959,145.67215180397034,109.42806243896484,464.1926188468933
176.12770676612854,32.96469783782959,145.67215180397034,109.42806243896484,464.1926188468933
187.12770676612854,32.96469783782959,156.5876181125641,109.42806243896484,486.10808515548706
187.12770676612854,32.96469783782959,156.5876181125641,109.42806243896484,486.10808515548706
187.12770676612854,21.986265182495117,156.5876181125641,109.42806243896484,475.1296525001526
190.80650568008423,21.986265182495117,160.2876181602478,109.42806243896484,482.508451461792
201.7594017982483,21.986265182495117,171.19086122512817,109.42806243896484,504.3645906448364
201.7594017982483,21.986265182495117,171.19086122512817,109.42806243896484,504.3645906448364
201.7594017982483,21.986265182495117,171.19086122512817,109.42806243896484,504.3645906448364
201.7594017982483,21.986265182495117,171.19086122512817,109.42806243896484,504.3645906448364
201.7594017982483,21.986265182495117,181.96477365493774,109.42806243896484,515.138503074646
201.7594017982483,21.986265182495117,181.96477365493774,120.39071464538574,526.1011552810669
216.37586760520935,21.986265182495117,181.96477365493774,120.39071464538574,540.717621088028
220.07586765289307,21.986265182495117,181.96477365493774,120.39071464538574,544.4176211357117
220.07586765289307,21.986265182495117,181.96477365493774,131.33767986297607,555.364586353302
220.07592749595642,21.986265182495117,181.96477365493774,131.33767986297607,555.3646461963654
198.07592749595642,21.986265182495117,181.96477365493774,131.33767986297607,533.3646461963654
198.07592749595642,21.986265182495117,181.96477365493774,153.1474142074585,555.1743805408478
187.07984709739685,21.986265182495117,298.97463846206665,153.1474142074585,661.1881649494171
187.07984709739685,21.986265182495117,298.97463846206665,153.1474142074585,661.1881649494171
176.17884421348572,21.986265182495117,291.89910674095154,153.1474142074585,643.2116303443909
176.17884421348572,21.986265182495117,291.89910674095154,153.1474142074585,643.2116303443909
165.2681987285614,21.986265182495117,291.89910674095154,164.05873680114746,643.2123074531555
165.2681987285614,21.986265182495117,270.04120802879333,258.53527641296387,715.8309483528137
168.96819877624512,21.986265182495117,291.6107804775238,258.53527641296387,741.1005208492279
190.2328281402588,21.986265182495117,291.6107804775238,258.53527641296387,762.3651502132416
190.2328281402588,21.986265182495117,291.6107804775238,258.53527641296387,762.3651502132416
186.53753757476807,21.986265182495117,152.6009156703949,164.24853420257568,525.3732526302338
186.53753757476807,21.986265182495117,152.6009156703949,153.24853420257568,514.3732526302338
186.53753757476807,21.986265182495117,152.6009156703949,153.24853420257568,514.3732526302338
186.53753757476807,21.986265182495117,174.23997473716736,275.2174654006958,657.9812428951263
186.53753757476807,21.986265182495117,174.23997473716736,275.2174654006958,657.9812428951263
186.53753757476807,21.986265182495117,152.43955779075623,286.0701560974121,647.0335166454315
182.83753752708435,21.986265182495117,152.43955779075623,307.86219596862793,665.1255564689636
182.83753752708435,21.986265182495117,152.43955779075623,307.86219596862793,665.1255564689636
204.661550283432,21.986265182495117,152.43955779075623,307.86219596862793,686.9495692253113
204.661550283432,21.986265182495117,141.66564536094666,307.86219596862793,676.1756567955017
204.661550283432,21.986265182495117,141.66564536094666,307.86219596862793,676.1756567955017
215.6265571117401,21.986265182495117,174.39143919944763,318.66593647003174,730.6701979637146
226.58380484580994,21.986265182495117,196.087144613266,307.66593647003174,752.3231511116028
226.58380484580994,21.986265182495117,207.087144613266,307.66593647003174,763.3231511116028
222.89773797988892,21.986265182495117,185.3532235622406,307.66593647003174,737.9031631946564
222.89773797988892,21.986265182495117,185.3532235622406,307.66593647003174,737.9031631946564
222.89773797988892,21.986265182495117,185.3532235622406,240.5156488418579,670.7528755664825
222.89773797988892,21.986265182495117,200.01198744773865,251.42665672302246,696.3226473331451
226.59773802757263,21.986265182495117,200.01198744773865,251.42665672302246,700.0226473808289
194.4169204235077,21.986265182495117,200.01198744773865,251.42665672302246,667.8418297767639
194.4169204235077,21.986265182495117,318.1387269496918,229.61692237854004,764.1588349342346
194.4169204235077,21.986265182495117,318.1387269496918,229.61692237854004,764.1588349342346
194.4169204235077,21.986265182495117,318.1387269496918,229.61692237854004,764.1588349342346
194.4169204235077,21.986265182495117,296.4996678829193,229.61692237854004,742.5197758674622
194.4169204235077,10.989066123962402,296.4996678829193,229.61692237854004,731.5225768089294
194.4169204235077,10.989066123962402,296.4996678829193,240.58409023284912,742.4897446632385
209.02916169166565,10.989066123962402,296.4996678829193,240.58409023284912,757.1019859313965
209.02916169166565,10.989066123962402,296.4996678829193,284.04774951934814,800.5656452178955
209.02916169166565,0.0,296.4996678829193,273.04774951934814,778.5765790939331
198.07915806770325,0.0,296.4996678829193,273.02830696105957,767.6071329116821
198.07915806770325,21.799596786499023,296.4996678829193,262.17561626434326,778.5540390014648
198.07915806770325,21.799596786499023,296.4996678829193,240.38357639312744,756.761999130249
198.07915806770325,21.799596786499023,292.81437826156616,240.38357639312744,753.0767095088959
198.07915806770325,21.799596786499023,303.81009244918823,240.38357639312744,764.072423696518
198.07915806770325,21.799596786499023,314.67405366897583,251.24373245239258,785.7965409755707
198.07915806770325,21.799596786499023,303.6787314414978,251.24373245239258,774.8012187480927
198.07915806770325,21.799596786499023,303.6787314414978,262.1267032623291,785.6841895580292
198.07915806770325,21.799596786499023,292.7641224861145,262.1267032623291,774.7695806026459
198.07915806770325,21.799596786499023,292.7641224861145,240.32983016967773,752.9727075099945
201.77785539627075,21.799596786499023,174.63738298416138,240.32983016967773,638.5446653366089
223.44016885757446,21.799596786499023,153.0678105354309,240.32983016967773,638.6374063491821
223.44016885757446,21.799596786499023,153.0678105354309,240.32983016967773,638.6374063491821
234.0275855064392,21.799596786499023,131.30801820755005,240.32983016967773,627.465030670166
234.0275855064392,21.799596786499023,131.30801820755005,240.32983016967773,627.465030670166
244.85776281356812,21.799596786499023,131.30801820755005,240.38033866882324,638.3457164764404
244.85776281356812,21.799596786499023,131.30801820755005,240.38033866882324,638.3457164764404
264.7248492240906,21.799596786499023,131.30801820755005,240.38033866882324,658.2128028869629
264.7248492240906,21.799596786499023,131.30801820755005,251.37690448760986,669.2093687057495
261.0296239852905,21.799596786499023,131.30801820755005,262.29251766204834,676.4297566413879
261.0296239852905,21.799596786499023,120.40477514266968,262.29251766204834,665.5265135765076
264.71811032295227,21.799596786499023,120.40477514266968,262.29251766204834,669.2149999141693
264.71811032295227,21.799596786499023,120.40477514266968,262.29251766204834,669.2149999141693
264.71811032295227,21.799596786499023,120.40477514266968,262.29251766204834,669.2149999141693
253.73093724250793,21.799596786499023,120.40477514266968,262.29251766204834,658.227826833725
253.73093724250793,21.799596786499023,120.40477514266968,273.201865196228,669.1371743679047
250.04010343551636,21.799596786499023,98.43877363204956,262.2908573150635,632.5693311691284
250.04010343551636,21.799596786499023,98.43877363204956,262.2908573150635,632.5693311691284
230.1730170249939,21.799596786499023,109.43877363204956,240.55212211608887,601.9635095596313
230.1730170249939,21.799596786499023,109.43877363204956,229.57916641235352,590.990553855896
230.1730170249939,21.799596786499023,131.21165227890015,207.7754259109497,590.9596920013428
230.1730170249939,21.799596786499023,141.84038019180298,207.7754259109497,601.5884199142456
241.16713762283325,21.799596786499023,141.84038019180298,207.7754259109497,612.582540512085
241.16713762283325,21.799596786499023,141.84038019180298,218.74203491210938,623.5491495132446
241.16713762283325,21.799596786499023,120.06095266342163,218.74203491210938,601.7697219848633
219.7495436668396,21.799596786499023,120.06095266342163,207.81329822540283,569.4233913421631
219.7495436668396,21.799596786499023,141.74905157089233,207.81329822540283,591.1114902496338
219.7495436668396,21.799596786499023,141.74905157089233,207.81329822540283,591.1114902496338
219.7495436668396,21.799596786499023,163.74905157089233,207.81329822540283,613.1114902496338
219.7495436668396,21.799596786499023,163.74905157089233,207.81329822540283,613.1114902496338
219.7495436668396,21.799596786499023,163.74905157089233,207.81329822540283,613.1114902496338
219.7495436668396,43.637502670288086,153.1203236579895,207.81329822540283,624.32066822052
216.0707447528839,43.637502670288086,142.16580057144165,207.81329822540283,609.6873462200165
216.0707447528839,43.637502670288086,142.16580057144165,207.81329822540283,609.6873462200165
216.0707447528839,43.637502670288086,142.16580057144165,207.81329822540283,609.6873462200165
216.0707447528839,43.637502670288086,142.16580057144165,218.7167797088623,620.590827703476
205.0707447528839,43.637502670288086,142.16580057144165,218.7167797088623,609.590827703476
205.0707447528839,43.637502670288086,142.16580057144165,218.7167797088623,609.590827703476
205.0707447528839,43.637502670288086,142.16580057144165,218.7541275024414,609.628175497055
190.45427894592285,43.637502670288086,142.16580057144165,218.7541275024414,595.011709690094
190.45427894592285,43.637502670288086,120.47009515762329,262.41236114501953,616.9742379188538
190.45427894592285,43.637502670288086,120.47009515762329,262.41236114501953,616.9742379188538
194.15427899360657,43.637502670288086,98.78199625015259,240.68743705749512,577.2612149715424
194.15427899360657,43.637502670288086,109.65437078475952,251.65777206420898,599.1039245128632
194.15427899360657,43.637502670288086,109.65437078475952,251.65777206420898,599.1039245128632
194.15427899360657,43.637502670288086,109.65437078475952,251.65777206420898,599.1039245128632
194.15427899360657,43.637502670288086,120.55758810043335,262.657772064209,621.007141828537
194.15427899360657,43.637502670288086,87.81868124008179,262.657772064209,588.2682349681854
194.15427899360657,43.637502670288086,87.81868124008179,262.657772064209,588.2682349681854
194.15427899360657,43.637502670288086,87.81868124008179,251.79761600494385,577.4080789089203
190.45708060264587,43.637502670288086,87.81868124008179,251.79761600494385,573.7108805179596
190.45708060264587,43.637502670288086,91.51646375656128,262.40477657318115,588.0158236026764
186.75708055496216,43.637502670288086,113.11950445175171,251.4983139038086,595.0124015808105
186.75708055496216,43.637502670288086,113.11950445175171,345.5133972167969,689.0274848937988
168.6005916595459,43.637502670288086,113.11950445175171,389.3500690460205,714.7076678276062
168.6005916595459,43.637502670288086,113.11950445175171,389.3500690460205,714.7076678276062
168.6005916595459,43.637502670288086,113.11950445175171,306.2954435348511,631.6530423164368
157.64334392547607,43.637502670288086,113.11950445175171,306.2954435348511,620.695794582367
125.03308868408203,64.27415084838867,113.11950445175171,306.2954435348511,608.7221875190735
125.03308868408203,64.27415084838867,124.0979495048523,306.2954435348511,619.7006325721741
135.99922370910645,64.27415084838867,124.0979495048523,328.0117311477661,652.3830552101135
135.99922370910645,64.27415084838867,124.0979495048523,328.0117311477661,652.3830552101135
135.99922370910645,64.27415084838867,124.0979495048523,328.0117311477661,652.3830552101135
135.99922370910645,64.27415084838867,124.0979495048523,328.0117311477661,652.3830552101135
139.69249844551086,64.27415084838867,134.91609239578247,317.0721044540405,655.9548461437225
139.69249844551086,64.27415084838867,156.82177686691284,317.0721044540405,677.8605306148529
150.60668110847473,64.27415084838867,167.82177686691284,306.13053607940674,688.833144903183
146.91570258140564,64.27415084838867,167.82177686691284,424.36113452911377,803.3727648258209
146.91570258140564,64.27415084838867,167.82177686691284,413.433611869812,792.4452421665192
143.21570253372192,64.27415084838867,167.82177686691284,504.423451423645,879.7350816726685
139.52112126350403,64.27415084838867,189.48806715011597,504.423451423645,897.7067906856537
139.52112126350403,64.27415084838867,189.48806715011597,504.423451423645,897.7067906856537
139.52112126350403,64.27415084838867,185.78806710243225,504.4947786331177,894.0781178474426
143.22112131118774,64.27415084838867,185.78806710243225,504.585431098938,897.8687703609467
132.22796297073364,64.27415084838867,185.78806710243225,504.585431098938,886.8756120204926
132.22796297073364,43.637502670288086,185.78806710243225,504.585431098938,866.238963842392
132.22796297073364,43.637502670288086,185.78806710243225,482.8291959762573,844.4827287197113
135.92488479614258,43.637502670288086,184.94741940498352,482.8291959762573,847.3390028476715
146.86621570587158,54.18459510803223,184.94741940498352,482.8291959762573,868.8274261951447
150.5662157535553,54.18459510803223,184.94741940498352,493.8291959762573,883.5274262428284
150.5662157535553,76.18459510803223,184.94741940498352,493.8291959762573,905.5274262428284
150.5662157535553,76.18459510803223,184.94741940498352,482.8291959762573,894.5274262428284
150.5662157535553,76.18459510803223,184.94741940498352,369.93735790252686,781.6355881690979
150.5662157535553,76.18459510803223,184.94741940498352,348.33019733428955,760.0284276008606
161.5317347049713,76.18459510803223,196.37723183631897,348.33019733428955,782.4237589836121
172.4197494983673,76.18459510803223,196.37723183631897,359.09672260284424,804.0782990455627
157.79932951927185,76.18459510803223,196.37723183631897,348.12638759613037,778.4875440597534
146.8052089214325,76.18459510803223,196.37723183631897,196.9403133392334,616.3073492050171
157.35595774650574,54.3849983215332,196.37723183631897,303.7266778945923,711.8448657989502
161.05191445350647,54.3849983215332,196.37723183631897,303.7266778945923,715.5408225059509
172.05191445350647,32.54709243774414,196.37723183631897,303.7266778945923,704.7029166221619
183.0441448688507,32.54709243774414,196.37723183631897,303.7266778945923,715.6951470375061
183.0441448688507,32.54709243774414,184.28943467140198,303.7266778945923,703.6073498725891
193.93431210517883,54.35655212402344,184.28943467140198,303.7266778945923,736.3069767951965
224.97479033470154,54.35655212402344,184.28943467140198,303.7266778945923,767.3474550247192
224.97479033470154,54.35655212402344,184.28943467140198,303.7266778945923,767.3474550247192
235.7572581768036,54.35655212402344,206.22619652748108,314.7266778945923,811.0666847229004
235.7572581768036,65.73667907714844,206.22619652748108,314.7266778945923,822.4468116760254
219.41594195365906,65.73667907714844,184.42742562294006,314.7266778945923,784.3067245483398
212.549706697464,65.73667907714844,184.42742562294006,218.46980953216553,681.183620929718
208.8532531261444,65.73667907714844,184.42742562294006,218.46980953216553,677.4871673583984
208.8532531261444,65.73667907714844,184.42742562294006,229.24402904510498,688.2613868713379
208.8532531261444,65.73667907714844,184.42742562294006,207.3062868118286,666.3236446380615
208.8532531261444,65.73667907714844,184.42742562294006,207.3062868118286,666.3236446380615
230.77450442314148,65.73667907714844,184.42742562294006,229.14480304718018,710.0834121704102
230.77450442314148,98.60165786743164,167.61218214035034,229.14480304718018,726.1331474781036
230.77450442314148,98.60165786743164,156.91583013534546,240.0539321899414,726.34592461586
219.8603217601776,98.60165786743164,275.30679845809937,229.15045070648193,822.9192287921906
219.8603217601776,98.60165786743164,279.0067985057831,229.15045070648193,826.6192288398743
219.8603217601776,98.60165786743164,268.10358119010925,229.15045070648193,815.7160115242004
230.79571795463562,76.60165786743164,268.10358119010925,218.18861961364746,793.689576625824
230.79571795463562,76.60165786743164,268.10358119010925,229.04558849334717,804.5465455055237
230.79571795463562,76.60165786743164,268.10358119010925,229.04558849334717,804.5465455055237
230.79571795463562,76.60165786743164,268.10358119010925,229.04558849334717,804.5465455055237
227.08980989456177,98.38309097290039,246.43729090690613,207.1466588973999,779.0568506717682
227.08980989456177,98.38309097290039,235.61914801597595,218.13126182556152,779.2233107089996
227.08980989456177,98.38309097290039,235.61914801597595,207.13249969482422,768.2245485782623
227.08980989456177,98.38309097290039,224.62343382835388,207.13249969482422,757.2288343906403
216.1553235054016,109.36538028717041,235.62343382835388,196.13249969482422,757.2766373157501
219.85532355308533,109.36538028717041,235.62343382835388,185.35828018188477,750.2024178504944
240.97620940208435,109.36538028717041,246.557359457016,185.35828018188477,782.2572293281555
240.97620940208435,127.41881275177002,246.557359457016,185.35828018188477,800.3106617927551
240.97620940208435,127.41881275177002,246.557359457016,196.1626558303833,811.1150374412537
259.0102114677429,127.41881275177002,246.557359457016,196.1626558303833,829.1490395069122
248.04520463943481,127.41881275177002,246.557359457016,185.092848777771,807.1142256259918
248.04520463943481,149.2397756576538,246.557359457016,163.37656116485596,807.2189009189606
291.097327709198,131.1863431930542,246.557359457016,163.37656116485596,832.2175915241241
283.785062789917,131.1863431930542,246.557359457016,163.60711574554443,825.1358811855316
283.785062789917,164.00336074829102,246.557359457016,163.60711574554443,857.9528987407684
291.03206872940063,164.00336074829102,246.557359457016,163.60711574554443,865.1999046802521
294.71956181526184,174.79112339019775,250.23307299613953,152.84059047698975,872.5843486785889
294.71956181526184,218.4861192703247,131.84210467338562,141.92497730255127,786.9727630615234
298.41512656211853,240.37241458892822,153.754061460495,141.92497730255127,834.466579914093
309.34912848472595,250.87874698638916,150.05406141281128,141.92497730255127,852.2069141864777
309.34912848472595,250.87874698638916,150.05406141281128,141.92497730255127,852.2069141864777
309.34912848472595,272.8021192550659,160.97983121871948,141.92497730255127,885.0560562610626
316.6035530567169,272.8021192550659,150.02519178390503,141.92497730255127,881.3558413982391
373.4523983001709,272.8021192550659,150.02519178390503,141.92497730255127,938.2046866416931
406.24576473236084,272.8021192550659,160.85463666915894,141.92497730255127,981.827497959137
417.2416353225708,272.8021192550659,182.6045126914978,141.92497730255127,1014.5732445716858
442.36383175849915,294.8021192550659,182.6045126914978,141.92497730255127,1061.6954410076141
435.27760648727417,294.8021192550659,193.50588941574097,130.92841148376465,1054.5140266418457
457.1619801521301,294.8021192550659,193.50588941574097,141.89510345458984,1087.3650922775269
446.80702543258667,294.8021192550659,193.50588941574097,152.86824321746826,1087.9832773208618
459.21541452407837,305.8021192550659,204.43197774887085,163.86824321746826,1133.3177547454834
459.21541452407837,327.5084352493286,178.8391649723053,153.01127433776855,1118.5742890834808
470.21541452407837,339.0021028518677,178.8391649723053,153.01127433776855,1141.06795668602
470.21541452407837,339.0021028518677,178.8391649723053,153.01127433776855,1141.06795668602
480.7846703529358,339.0021028518677,182.539165019989,153.01127433776855,1155.337212562561
491.78034353256226,349.91291904449463,193.45346879959106,153.01127433776855,1188.1580057144165
470.548951625824,339.01518058776855,328.2097611427307,120.46253490447998,1258.2364282608032
470.548951625824,339.01518058776855,328.2097611427307,120.46253490447998,1258.2364282608032
459.58281660079956,317.12463569641113,447.49629831314087,120.46253490447998,1344.6662855148315
459.58281660079956,317.12463569641113,469.2328610420227,120.46253490447998,1366.4028482437134
474.56879019737244,317.12463569641113,349.94632387161255,131.41489791870117,1273.0546476840973
496.48253417015076,317.12463569641113,339.02023553848267,131.41489791870117,1284.0423033237457
532.6523351669312,317.12463569641113,339.02023553848267,131.41489791870117,1320.2121043205261
554.3665418624878,317.12463569641113,339.02023553848267,131.41489791870117,1341.9263110160828
532.4452905654907,359.4321479797363,226.04238367080688,131.41489791870117,1249.334720134735
543.391975402832,359.4321479797363,226.04238367080688,142.21331310272217,1271.0798201560974
565.1873378753662,359.4321479797363,215.11661386489868,153.17469787597656,1292.9107975959778
565.1873378753662,411.9065570831299,215.11661386489868,153.17469787597656,1345.3852066993713
583.3388755321503,433.6730613708496,215.11661386489868,153.17469787597656,1385.3032486438751
594.322457075119,433.6730613708496,215.11661386489868,153.17469787597656,1396.2868301868439
608.5846252441406,444.6730613708496,215.11661386489868,153.17469787597656,1421.5489983558655
597.61203956604,422.6730613708496,215.11661386489868,164.1202793121338,1399.5219941139221
597.61203956604,422.6730613708496,226.03309965133667,185.9047737121582,1432.2229743003845
597.61203956604,402.3655490875244,226.03309965133667,185.9047737121582,1411.9154620170593
619.4121904373169,402.0321731567383,226.03309965133667,185.9047737121582,1433.38223695755
630.3836841583252,423.9841823577881,333.53165078163147,185.9047737121582,1573.804291009903
630.3836841583252,404.01876640319824,322.79304909706116,185.9047737121582,1543.1002733707428
659.6010468006134,425.53933334350586,322.79304909706116,174.94431591033936,1582.8777451515198
659.5472061634064,425.53933334350586,311.81376099586487,187.3210220336914,1584.2213225364685
670.639493227005,392.8585834503174,311.81376099586487,176.3210220336914,1551.6328597068787
652.882476568222,370.8585834503174,311.81376099586487,163.94431591033936,1499.4991369247437
656.8647394180298,370.8585834503174,311.81376099586487,152.9777069091797,1492.5147907733917
689.3974599838257,392.6294937133789,289.87699913978577,152.9777069091797,1524.88165974617
689.3473176956177,414.6294937133789,289.87699913978577,142.08017826080322,1535.9339888095856
689.3473176956177,434.6382083892822,289.87699913978577,153.03001594543457,1566.8925411701202
718.31369972229,434.6382083892822,289.87699913978577,153.03001594543457,1595.8589231967926
743.8296327590942,434.6382083892822,300.8379156589508,153.03001594543457,1632.3357727527618
696.6956534385681,391.1617794036865,186.1928198337555,174.6320915222168,1448.682344198227
740.218008518219,369.2345600128174,186.1928198337555,174.6320915222168,1470.2774798870087
787.6161065101624,349.22584533691406,186.1928198337555,163.8336763381958,1486.8684480190277
831.2464480400085,360.22584533691406,186.1928198337555,163.8336763381958,1541.498789548874
856.8359997272491,360.22584533691406,189.8928198814392,163.8336763381958,1570.7883412837982
867.7375071048737,360.22584533691406,200.7121138572693,163.8336763381958,1592.5091426372528
868.1197664737701,360.22584533691406,200.7121138572693,163.8336763381958,1592.8914020061493
888.2182438373566,360.22584533691406,233.46375513076782,163.8336763381958,1645.7415206432343
899.2182438373566,381.8589115142822,233.46375513076782,174.6987886428833,1689.23969912529
910.1694300174713,381.8589115142822,233.46375513076782,174.6987886428833,1700.1908853054047
943.1694300174713,381.8589115142822,233.46375513076782,174.6987886428833,1733.1908853054047
954.0373365879059,359.9790620803833,222.63431024551392,174.6987886428833,1711.3494975566864
943.1471693515778,359.9790620803833,222.63431024551392,163.6987886428833,1689.4593303203583
973.8869831562042,381.09846019744873,222.63431024551392,163.6987886428833,1741.3185422420502
1014.4941484928131,381.26506519317627,211.63431024551392,163.6987886428833,1771.0923125743866
1025.492092370987,381.26506519317627,211.63431024551392,163.6987886428833,1782.0902564525604
1061.5696415901184,381.26506519317627,211.63431024551392,163.6987886428833,1818.167805671692
1094.3973717689514,392.25609016418457,207.9343101978302,174.38425636291504,1868.9720284938812
1155.7185485363007,392.25609016418457,207.9343101978302,174.38425636291504,1930.2932052612305
1177.6327664852142,392.25609016418457,207.9343101978302,174.38425636291504,1952.207423210144
1169.9663484096527,392.25609016418457,207.9343101978302,163.41756439208984,1933.5743131637573
1188.0975642204285,403.25609016418457,218.87217926979065,163.41756439208984,1973.6433980464935
1195.849173784256,403.25609016418457,218.87217926979065,163.41756439208984,1981.395007610321
1203.185992717743,403.25609016418457,218.87217926979065,174.3565731048584,1999.6708352565765
1232.4312031269073,403.25609016418457,218.87217926979065,196.18732261657715,2050.7467951774597
1221.6503784656525,403.25609016418457,218.87217926979065,196.18732261657715,2039.9659705162048
1218.0698339939117,403.25609016418457,218.87217926979065,207.1864013671875,2047.3845047950745
1243.7751531600952,381.25609016418457,215.17944359779358,207.1864013671875,2047.3970882892609
1225.7450873851776,337.73552322387695,204.24607491493225,218.07218742370605,1985.7988729476929
1258.490609884262,337.73552322387695,204.24607491493225,229.0470666885376,2029.519274711609
1291.1385066509247,337.73552322387695,204.24607491493225,229.0470666885376,2062.1671714782715
1327.318861246109,337.73552322387695,225.38650727272034,229.0470666885376,2119.487958431244
1331.0097386837006,337.73552322387695,225.38650727272034,229.0470666885376,2123.1788358688354
1323.8178663253784,337.73552322387695,225.38650727272034,218.26290321350098,2105.2028000354767
1334.901707649231,337.73552322387695,225.38650727272034,218.1348066329956,2116.158544778824
1378.6443300247192,359.5745801925659,225.38650727272034,218.1348066329956,2181.740224123001
1389.7033767700195,337.94151401519775,224.95639634132385,218.1348066329956,2170.7360937595367
1361.7397100925446,305.8221158981323,224.95639634132385,218.1348066329956,2110.6530289649963
1379.9997444152832,284.0556116104126,235.83621430397034,218.1348066329956,2118.0263769626617
1379.8709030151367,284.0556116104126,224.83621430397034,207.15020370483398,2095.9129326343536
1390.9493081569672,262.13633251190186,228.51889061927795,207.15020370483398,2088.754734992981
1405.6225967407227,273.12001514434814,217.55797410011292,207.15020370483398,2103.4507896900177
1394.6592845916748,251.45339107513428,217.55797410011292,207.15020370483398,2070.820853471756
1383.721121788025,229.73537349700928,217.55797410011292,196.1888189315796,2027.2032883167267
1423.4111380577087,251.7015733718872,217.55797410011292,196.1888189315796,2088.8595044612885
1473.8284225463867,240.9041519165039,217.55797410011292,196.1888189315796,2128.479367494583
1488.4817621707916,240.9041519165039,217.55797410011292,196.1888189315796,2143.132707118988
1499.388417482376,262.9041519165039,217.55797410011292,196.1888189315796,2176.0393624305725
1473.7277672290802,262.9041519165039,195.73188424110413,196.1888189315796,2128.552622318268
1498.6054034233093,241.13324165344238,195.73188424110413,185.50335121154785,2120.9738805294037
1538.3622074127197,259.91652488708496,195.73188424110413,185.59275245666504,2179.603368997574
1531.1889770030975,216.1721897125244,184.81758046150208,207.19226455688477,2139.371011734009
1509.5681502819061,216.1721897125244,184.81758046150208,174.59018898010254,2085.148109436035
1524.2395572662354,216.1721897125244,184.81758046150208,152.80569458007812,2078.03502202034
1524.656909942627,238.1006317138672,184.81758046150208,152.80569458007812,2100.3808166980743
1542.9756882190704,227.1006317138672,184.81758046150208,152.80569458007812,2107.699594974518
1524.769372701645,208.3173484802246,184.81758046150208,152.80569458007812,2070.7099962234497
1513.769372701645,208.3173484802246,174.62551140785217,152.80569458007812,2049.5179271698
1579.7353751659393,208.3173484802246,174.62551140785217,152.80569458007812,2115.4839296340942
1590.2915744781494,208.3173484802246,185.5998146533966,152.80569458007812,2137.0144321918488
1627.7315969467163,208.3173484802246,174.78052067756653,141.85333156585693,2152.6827976703644
1714.8866798877716,230.3173484802246,153.46075558662415,141.85333156585693,2240.5181155204773
1714.2142717838287,230.3173484802246,153.46075558662415,141.85333156585693,2239.8457074165344
1725.111976146698,230.3173484802246,153.46075558662415,141.85333156585693,2250.7434117794037
1743.9733955860138,241.2739429473877,153.46075558662415,141.85333156585693,2280.5614256858826
1747.5972082614899,241.2739429473877,153.46075558662415,152.83956718444824,2295.17147397995
1798.8335337638855,263.1485290527344,164.2512104511261,152.83956718444824,2379.072840452194
1806.2079634666443,263.1485290527344,164.2512104511261,152.83956718444824,2386.447270154953
1820.9035589694977,263.1485290527344,164.2512104511261,152.83956718444824,2401.1428656578064
1845.745148897171,263.38148498535156,164.2512104511261,163.83956718444824,2437.217411518097
1878.8114454746246,284.25967025756836,164.2512104511261,174.8038568496704,2502.1261830329895
1857.0337326526642,284.25967025756836,174.88282704353333,174.8038568496704,2490.9800868034363
1899.0469133853912,284.25967025756836,178.58187079429626,174.8038568496704,2536.6923112869263
1924.802550792694,284.25967025756836,178.58187079429626,174.8038568496704,2562.447948694229
1953.894765138626,284.25967025756836,167.60342574119568,174.8038568496704,2580.5617179870605
1984.5889701843262,273.25967025756836,156.6869399547577,153.137038230896,2567.672618627548
1981.0959079265594,251.25967025756836,156.6869399547577,153.137038230896,2542.1795563697815
1958.2984585762024,251.25967025756836,156.6869399547577,153.137038230896,2519.3821070194244
1976.3132820129395,251.25967025756836,156.6869399547577,153.137038230896,2537.3969304561615
1987.4399564266205,251.25967025756836,145.76138854026794,153.137038230896,2537.598053455353
2023.7959578037262,240.25967025756836,123.84943175315857,153.137038230896,2541.042098045349
1991.353770494461,240.25967025756836,112.91550612449646,164.12927532196045,2508.6582221984863
1945.9201390743256,240.25967025756836,112.91550612449646,164.12927532196045,2463.224590778351
1931.6458005905151,262.19021224975586,98.58388948440552,164.12927532196045,2456.549177646637
1946.2871553897858,262.19021224975586,98.58388948440552,164.12927532196045,2471.1905324459076
1949.9351198673248,262.19021224975586,98.58388948440552,164.12927532196045,2474.8384969234467
1928.0194981098175,262.19021224975586,98.58388948440552,164.12927532196045,2452.9228751659393
1938.9166662693024,283.78514671325684,120.38108682632446,153.1902666091919,2496.2731664180756
1945.7419033050537,305.78514671325684,120.38108682632446,153.1902666091919,2525.098403453827
1985.7422528266907,305.78514671325684,120.38108682632446,153.1902666091919,2565.098752975464
1945.8278901576996,284.90696144104004,120.38108682632446,153.1902666091919,2504.306205034256
1895.2904953956604,327.7244625091553,120.38108682632446,153.1902666091919,2496.586311340332
1882.8757328987122,327.7244625091553,120.38108682632446,153.1902666091919,2484.171548843384
1882.76939535141,327.7244625091553,120.38108682632446,153.1902666091919,2484.0652112960815
1892.8814368247986,327.7244625091553,120.38108682632446,164.1804723739624,2505.1674585342407
1932.4589672088623,327.7244625091553,120.38108682632446,164.1804723739624,2544.7449889183044
1958.0337097644806,327.7244625091553,116.70537328720093,164.1804723739624,2566.644017934799
1914.7642405033112,349.55525398254395,116.70537328720093,142.58096027374268,2523.6058280467987
1925.386792421341,349.55525398254395,116.70537328720093,142.58096027374268,2534.2283799648285
1903.639719247818,349.55525398254395,116.70537328720093,142.58096027374268,2512.4813067913055
1936.5659210681915,349.55525398254395,116.70537328720093,142.58096027374268,2545.407508611679
1958.5780510902405,349.55525398254395,116.70537328720093,142.58096027374268,2567.419638633728
1976.6699759960175,327.55525398254395,116.70537328720093,142.58096027374268,2563.511563539505
1995.0088293552399,327.55525398254395,116.70537328720093,142.58096027374268,2581.8504168987274
2005.978548526764,327.55525398254395,116.70537328720093,142.58096027374268,2592.8201360702515
2020.6052920818329,327.55525398254395,105.76750421524048,142.58096027374268,2596.50901055336
2057.0045404434204,327.55525398254395,84.07567262649536,142.58096027374268,2611.2164273262024
2069.535915374756,327.55525398254395,80.37567257881165,142.58096027374268,2620.047802209854
2058.5800313949585,327.55525398254395,80.37567257881165,142.58096027374268,2609.0919182300568
2094.083332300186,262.6604404449463,80.37567257881165,142.58096027374268,2579.7004055976868
2119.255964756012,262.6604404449463,80.37567257881165,142.58096027374268,2604.8730380535126
2133.9571402072906,262.6604404449463,80.37567257881165,142.58096027374268,2619.5742135047913
2149.113107919693,284.596399307251,80.37567257881165,142.58096027374268,2656.6661400794983
2189.2764065265656,306.33954429626465,80.37567257881165,142.58096027374268,2718.5725836753845
2156.527137041092,306.33954429626465,80.37567257881165,142.58096027374268,2685.823314189911
2112.8054144382477,306.33954429626465,80.37567257881165,153.22192001342773,2652.7425513267517
2105.734326839447,328.29113006591797,80.37567257881165,174.73399353027344,2689.13512301445
2159.5235505104065,328.29113006591797,80.37567257881165,174.71374416351318,2742.9040973186493
2120.566495656967,328.29113006591797,80.37567257881165,174.71374416351318,2703.94704246521
2098.7476766109467,306.29113006591797,80.37567257881165,174.71374416351318,2660.1282234191895
2098.710916042328,306.29113006591797,80.37567257881165,174.71374416351318,2660.0914628505707
2098.890418291092,306.29113006591797,80.37567257881165,174.71374416351318,2660.2709650993347
2113.4951071739197,284.31506538391113,80.37567257881165,185.65476989746094,2663.8406150341034
2124.505259990692,284.31506538391113,80.37567257881165,174.68163013458252,2663.8776280879974
2102.6257367134094,284.31506538391113,80.37567257881165,174.6577911376953,2641.9742658138275
2098.995759010315,284.31506538391113,80.37567257881165,174.6577911376953,2638.344288110733
2106.3924584388733,262.31506538391113,80.37567257881165,174.6577911376953,2623.7409875392914
2132.0440328121185,262.31506538391113,80.37567257881165,174.6577911376953,2649.3925619125366
2110.2633323669434,240.44047927856445,80.37567257881165,196.42160606384277,2627.5010902881622
2117.6547338962555,240.44047927856445,102.16143536567688,196.42160606384277,2656.6782546043396
2052.492775440216,240.44047927856445,91.2816174030304,196.42160606384277,2580.6364781856537
2052.357002735138,218.84554481506348,91.2816174030304,218.2889804840088,2580.7731454372406
2048.166441679001,218.84554481506348,91.2816174030304,218.2889804840088,2576.5825843811035
2058.9596207141876,218.84554481506348,91.2816174030304,218.2889804840088,2587.3757634162903
1961.4281990528107,218.84554481506348,91.2816174030304,218.2889804840088,2489.8443417549133
1939.5310461521149,218.84554481506348,91.2816174030304,218.2889804840088,2467.9471888542175
1896.1958684921265,218.84554481506348,91.2816174030304,218.2889804840088,2424.612011194229
1939.9975032806396,240.71182823181152,91.2816174030304,218.2889804840088,2490.2799293994904
1943.6858658790588,240.71182823181152,91.2816174030304,218.2889804840088,2493.9682919979095
1918.2662630081177,240.71182823181152,91.2816174030304,218.2889804840088,2468.5486891269684
1892.6721687316895,240.71182823181152,91.2816174030304,207.64802074432373,2432.313635110855
1881.7472381591797,240.71182823181152,102.27387261390686,207.64802074432373,2432.380959749222
1842.2846105098724,240.71182823181152,102.27387261390686,207.64802074432373,2392.9183320999146
1857.0481433868408,240.71182823181152,102.27387261390686,196.69350719451904,2396.7273514270782
1831.7087650299072,240.71182823181152,102.27387261390686,174.92969226837158,2349.624158143997
1781.0298748016357,240.71182823181152,102.27387261390686,174.92969226837158,2298.9452679157257
1781.1396734714508,240.71182823181152,102.27387261390686,174.92969226837158,2299.0550665855408
1773.6706087589264,240.71182823181152,102.27387261390686,174.92969226837158,2291.5860018730164
1791.8681852817535,240.71182823181152,80.48810982704163,174.92969226837158,2287.9978156089783
1824.7835104465485,240.71182823181152,80.48810982704163,174.92969226837158,2320.913140773773
1813.9610245227814,240.71182823181152,80.48810982704163,153.41761875152588,2288.5785813331604
1760.5983822345734,240.71182823181152,80.48810982704163,153.41761875152588,2235.2159390449524
1764.4278311729431,219.01115608215332,80.48810982704163,142.41854000091553,2206.3456370830536
1753.4566960334778,219.01115608215332,80.48810982704163,142.41854000091553,2195.3745019435883
1746.1866912841797,197.08061408996582,80.48810982704163,120.58779048919678,2144.343205690384
1738.8870041370392,197.08061408996582,80.48810982704163,120.58779048919678,2137.0435185432434
1753.1807572841644,186.0980577468872,80.48810982704163,120.58779048919678,2140.35471534729
1786.083431005478,186.0980577468872,80.48810982704163,120.58779048919678,2173.2573890686035
1786.083431005478,186.0980577468872,80.48810982704163,120.58779048919678,2173.2573890686035
1778.8736510276794,186.0980577468872,80.48810982704163,120.58779048919678,2166.047609090805
1778.9250874519348,186.0980577468872,80.48810982704163,120.58779048919678,2166.0990455150604
1771.648921251297,186.0980577468872,80.48810982704163,120.58779048919678,2158.8228793144226
1764.4826800823212,186.0980577468872,80.48810982704163,120.58779048919678,2151.656638145447
1753.517323255539,189.55255222320557,80.48810982704163,120.58779048919678,2144.145775794983
1760.879293680191,189.55255222320557,80.48810982704163,120.58779048919678,2151.507746219635
1738.9722998142242,186.0980577468872,80.48810982704163,120.58779048919678,2126.14625787735
1738.911957025528,186.0980577468872,69.53974652290344,120.58779048919678,2115.1375517845154
1753.35280585289,164.16961574554443,69.53974652290344,120.58779048919678,2107.6499586105347
1742.4174745082855,164.16961574554443,69.53974652290344,120.58779048919678,2096.71462726593
1735.132120847702,164.16961574554443,69.53974652290344,141.82128810882568,2110.6627712249756
1709.4651827812195,142.21302127838135,69.53974652290344,141.82128810882568,2063.03923869133
1698.5675683021545,142.21302127838135,69.53974652290344,141.82128810882568,2052.141624212265
1709.504388332367,142.21302127838135,69.53974652290344,141.82128810882568,2063.0784442424774
1713.1767642498016,142.21302127838135,69.53974652290344,141.82128810882568,2066.750820159912
1702.289838552475,131.23073196411133,69.53974652290344,130.87570667266846,2033.9360237121582
1724.1981427669525,109.39994049072266,69.53974652290344,130.87570667266846,2034.013536453247
1778.3851182460785,87.65679550170898,69.53974652290344,130.87570667266846,2066.4573669433594
1749.2675104141235,87.65679550170898,69.53974652290344,130.87570667266846,2037.3397591114044
1738.3608665466309,87.65679550170898,69.53974652290344,130.87570667266846,2026.4331152439117
1727.4127368927002,87.65679550170898,69.53974652290344,119.89954566955566,2004.5088245868683
1705.422508239746,87.65679550170898,69.53974652290344,119.89954566955566,1982.5185959339142
1690.8366265296936,87.65679550170898,69.53974652290344,119.89954566955566,1967.9327142238617
1668.9801707267761,87.65679550170898,69.53974652290344,119.89954566955566,1946.0762584209442
1669.0329439640045,87.65679550170898,69.53974652290344,119.89954566955566,1946.1290316581726
1647.3679249286652,87.65679550170898,69.53974652290344,119.89954566955566,1924.4640126228333
1629.2163858413696,87.65679550170898,69.53974652290344,119.89954566955566,1906.3124735355377
1607.3862142562866,87.65679550170898,69.53974652290344,119.89954566955566,1884.4823019504547
1614.7733614444733,87.65679550170898,91.31113934516907,119.89954566955566,1913.640841960907
1603.8890974521637,87.65679550170898,91.31113934516907,119.89954566955566,1902.7565779685974
1596.6453158855438,87.65679550170898,91.31113934516907,119.89954566955566,1895.5127964019775
1607.774527311325,87.65679550170898,91.31113934516907,119.89954566955566,1906.6420078277588
1603.9134240150452,87.65679550170898,91.31113934516907,119.89954566955566,1902.7809045314789
1600.2143278121948,87.65679550170898,58.5159809589386,119.89954566955566,1866.286649942398
1567.3668985366821,87.65679550170898,58.5159809589386,119.89954566955566,1833.4392206668854
1545.9190473556519,87.65679550170898,58.5159809589386,119.89954566955566,1811.991369485855
1513.0512170791626,87.65679550170898,58.5159809589386,119.89954566955566,1779.1235392093658
1502.2454586029053,87.65679550170898,58.5159809589386,109.60159015655518,1758.019825220108
1491.3868062496185,87.65679550170898,58.5159809589386,109.60159015655518,1747.1611728668213
1498.5418682098389,87.65679550170898,58.5159809589386,109.60159015655518,1754.3162348270416
1509.5233335494995,87.65679550170898,58.5159809589386,109.60159015655518,1765.2977001667023
1509.5233335494995,87.65679550170898,54.83330464363098,109.60159015655518,1761.6150238513947
1516.7811980247498,87.65679550170898,54.83330464363098,109.60159015655518,1768.872888326645
1516.7811980247498,87.65679550170898,54.83330464363098,109.60159015655518,1768.872888326645
1494.8098616600037,87.65679550170898,54.83330464363098,109.60159015655518,1746.9015519618988
1483.8715653419495,87.65679550170898,65.80232834815979,131.49102878570557,1768.8217179775238
1487.5446772575378,109.62162208557129,65.80232834815979,131.49102878570557,1794.4596564769745
1480.3366811275482,109.62162208557129,65.80232834815979,131.49102878570557,1787.2516603469849
1469.3733537197113,109.62162208557129,65.80232834815979,131.49102878570557,1776.288332939148
1447.4833476543427,109.62162208557129,65.80232834815979,131.49102878570557,1754.3983268737793
1447.4817295074463,109.62162208557129,65.80232834815979,131.49102878570557,1754.396708726883
1421.9518315792084,109.62162208557129,65.80232834815979,131.49102878570557,1728.866810798645
1432.9425656795502,109.62162208557129,65.80232834815979,131.49102878570557,1739.8575448989868
1429.375846862793,109.62162208557129,65.80232834815979,131.49102878570557,1736.2908260822296
1389.458907842636,109.62162208557129,65.80232834815979,131.49102878570557,1696.3738870620728
1396.6673367023468,109.62162208557129,87.21661400794983,131.49102878570557,1724.9966015815735
1389.282958984375,109.62162208557129,87.21661400794983,142.37961959838867,1728.5008146762848
1352.6385581493378,109.62162208557129,87.21661400794983,142.37961959838867,1691.8564138412476
1337.9265291690826,109.62162208557129,87.21661400794983,142.37961959838867,1677.1443848609924
1316.0550138950348,109.62162208557129,87.21661400794983,142.37961959838867,1655.2728695869446
1279.5669450759888,98.63059711456299,87.21661400794983,142.37961959838867,1607.7937757968903
1279.5669450759888,98.63059711456299,87.21661400794983,142.37961959838867,1607.7937757968903
1279.5669450759888,98.63059711456299,87.21661400794983,142.37961959838867,1607.7937757968903
1264.8688790798187,98.63059711456299,87.21661400794983,142.37961959838867,1593.0957098007202
1282.9858088493347,98.63059711456299,87.21661400794983,142.37961959838867,1611.2126395702362
1239.2616305351257,98.63059711456299,87.21661400794983,142.37961959838867,1567.4884612560272
1239.2616305351257,76.67901134490967,87.21661400794983,142.37961959838867,1545.536875486374
1228.2957475185394,76.67901134490967,87.21661400794983,142.37961959838867,1534.5709924697876
1228.2957475185394,76.67901134490967,87.21661400794983,142.37961959838867,1534.5709924697876
1206.4233767986298,76.67901134490967,65.80232834815979,142.37961959838867,1491.284336090088
1191.7360446453094,76.67901134490967,65.80232834815979,142.37961959838867,1476.5970039367676
1191.7360446453094,76.67901134490967,65.80232834815979,142.37961959838867,1476.5970039367676
1173.4315309524536,76.67901134490967,65.80232834815979,142.37961959838867,1458.2924902439117
1173.4315309524536,54.74305248260498,65.80232834815979,142.37961959838867,1436.356531381607
1162.4443712234497,54.74305248260498,65.80232834815979,142.37961959838867,1425.3693716526031
1162.4443712234497,54.74305248260498,65.80232834815979,131.38941383361816,1414.3791658878326
1166.1443712711334,54.74305248260498,65.80232834815979,131.38941383361816,1418.0791659355164
1166.1443712711334,54.74305248260498,65.80232834815979,120.50082302093506,1407.1905751228333
1151.5236732959747,54.74305248260498,65.80232834815979,120.50082302093506,1392.5698771476746
1114.9163620471954,54.74305248260498,54.828025102615356,120.50082302093506,1344.9882626533508
1107.5402550697327,54.74305248260498,54.828025102615356,120.38908672332764,1337.5004193782806
1107.5402550697327,54.74305248260498,54.828025102615356,120.38908672332764,1337.5004193782806
1085.7422852516174,54.74305248260498,54.828025102615356,109.4142074584961,1304.7275702953339
1074.742311000824,54.74305248260498,58.52802515029907,109.4142074584961,1297.4275960922241
1074.7320551872253,54.74305248260498,58.52802515029907,109.4142074584961,1297.4173402786255
1052.9349637031555,54.74305248260498,58.52802515029907,109.4142074584961,1275.6202487945557
1052.9349637031555,54.74305248260498,58.52802515029907,98.44415760040283,1264.6501989364624
1049.32626414299,54.74305248260498,58.52802515029907,98.44415760040283,1261.041499376297
1049.1671693325043,54.74305248260498,58.52802515029907,87.47216987609863,1249.910416841507
1045.4782490730286,54.74305248260498,58.52802515029907,87.47216987609863,1246.2214965820312
1016.3875308036804,54.74305248260498,58.52802515029907,87.47216987609863,1217.130778312683
1016.3875308036804,54.74305248260498,58.52802515029907,87.47216987609863,1217.130778312683
994.449601650238,54.74305248260498,58.52802515029907,87.47216987609863,1195.1928491592407
946.9089157581329,54.74305248260498,58.52802515029907,87.47216987609863,1147.6521632671356
935.9845535755157,54.74305248260498,58.52802515029907,87.47216987609863,1136.7278010845184
936.0023891925812,54.74305248260498,69.15778398513794,76.53114414215088,1136.434369802475
925.1146767139435,54.74305248260498,69.15778398513794,76.53114414215088,1125.5466573238373
932.1948583126068,54.74305248260498,69.15778398513794,76.53114414215088,1132.6268389225006
924.8229477405548,54.74305248260498,69.15778398513794,76.53114414215088,1125.2549283504486
902.9599487781525,54.74305248260498,69.15778398513794,76.53114414215088,1103.3919293880463
902.9599487781525,54.74305248260498,69.15778398513794,76.53114414215088,1103.3919293880463
881.0840599536896,54.74305248260498,69.15778398513794,76.53114414215088,1081.5160405635834
881.0840599536896,54.74305248260498,69.15778398513794,76.53114414215088,1081.5160405635834
870.1499569416046,54.74305248260498,69.15778398513794,76.53114414215088,1070.5819375514984
866.457028388977,32.876769065856934,69.15778398513794,76.53114414215088,1045.0227255821228
866.457028388977,32.876769065856934,69.15778398513794,76.53114414215088,1045.0227255821228
840.8928906917572,32.876769065856934,47.386391162872314,76.53114414215088,997.6871950626373
829.9467236995697,32.876769065856934,51.08639121055603,76.53114414215088,990.4410281181335
822.5339183807373,21.964826583862305,51.08639121055603,76.53114414215088,972.1162803173065
833.5880298614502,21.964826583862305,51.08639121055603,76.53114414215088,983.1703917980194
837.2880299091339,21.964826583862305,51.08639121055603,76.53114414215088,986.8703918457031
826.3905355930328,21.964826583862305,51.08639121055603,65.54490852355957,964.9866619110107
826.3905355930328,21.964826583862305,40.094135999679565,65.54490852355957,953.9944067001343
822.6940493583679,21.964826583862305,40.094135999679565,65.54490852355957,950.2979204654694
822.6940493583679,21.964826583862305,40.094135999679565,65.54490852355957,950.2979204654694
811.7465195655823,21.964826583862305,40.094135999679565,65.54490852355957,939.3503906726837
800.7715764045715,21.964826583862305,40.094135999679565,65.54490852355957,928.375447511673
789.99223279953,21.964826583862305,40.094135999679565,65.54490852355957,917.5961039066315
779.0494561195374,21.964826583862305,40.094135999679565,65.54490852355957,906.6533272266388
768.112636089325,21.964826583862305,29.4643771648407,65.54490852355957,885.0867483615875
768.112636089325,21.964826583862305,29.4643771648407,65.54490852355957,885.0867483615875
735.234423160553,21.964826583862305,29.4643771648407,65.54490852355957,852.2085354328156
724.2533745765686,21.964826583862305,29.4643771648407,65.54490852355957,841.2274868488312
724.2533745765686,21.964826583862305,36.73697829246521,65.54490852355957,848.5000879764557
713.2816500663757,21.964826583862305,36.73697829246521,87.52374839782715,859.5072033405304
705.9317858219147,21.964826583862305,36.73697829246521,87.52374839782715,852.1573390960693
705.9317858219147,21.964826583862305,36.73697829246521,87.52374839782715,852.1573390960693
705.9317858219147,21.964826583862305,36.73697829246521,76.55945873260498,841.1930494308472
705.9317858219147,21.964826583862305,36.73697829246521,76.55945873260498,841.1930494308472
705.9317858219147,21.964826583862305,36.73697829246521,76.55945873260498,841.1930494308472
694.9421265125275,21.964826583862305,36.73697829246521,76.55945873260498,830.20339012146
683.9173815250397,21.964826583862305,36.73697829246521,76.55945873260498,819.1786451339722
680.2191367149353,21.964826583862305,36.73697829246521,76.55945873260498,815.4804003238678
680.2191367149353,21.964826583862305,36.73697829246521,76.55945873260498,815.4804003238678
691.0030627250671,21.964826583862305,36.73697829246521,65.62391662597656,815.3287842273712
712.403537273407,21.964826583862305,36.73697829246521,65.62391662597656,836.7292587757111
719.7250080108643,21.964826583862305,36.73697829246521,65.62391662597656,844.0507295131683
716.0299208164215,21.964826583862305,36.73697829246521,65.62391662597656,840.3556423187256
712.3344278335571,21.964826583862305,36.73697829246521,65.62391662597656,836.6601493358612
712.3344278335571,21.964826583862305,36.73697829246521,65.62391662597656,836.6601493358612
697.6522696018219,21.964826583862305,36.73697829246521,65.62391662597656,821.977991104126
697.6522696018219,21.964826583862305,36.73697829246521,65.62391662597656,821.977991104126
697.6522696018219,21.964826583862305,36.73697829246521,65.62391662597656,821.977991104126
704.9244349002838,21.964826583862305,36.73697829246521,65.62391662597656,829.2501564025879
708.6244349479675,21.964826583862305,36.73697829246521,65.62391662597656,832.9501564502716
716.024435043335,21.964826583862305,36.73697829246521,65.62391662597656,840.350156545639
716.024435043335,21.964826583862305,36.73697829246521,21.978839874267578,796.70507979393
672.3698215484619,0.0,36.73697829246521,32.97883987426758,742.0856397151947
672.3698215484619,0.0,36.73697829246521,32.97883987426758,742.0856397151947
668.4653015136719,0.0,36.73697829246521,32.97883987426758,738.1811196804047
682.9188067913055,0.0,36.73697829246521,32.97883987426758,752.6346249580383
661.0001389980316,0.0,36.73697829246521,32.97883987426758,730.7159571647644
682.9798123836517,0.0,36.73697829246521,32.97883987426758,752.6956305503845
682.9798123836517,0.0,36.73697829246521,32.97883987426758,752.6956305503845
700.6429538726807,0.0,36.73697829246521,32.97883987426758,770.3587720394135
700.6429538726807,0.0,36.73697829246521,32.97883987426758,770.3587720394135
689.6791791915894,0.0,36.73697829246521,32.97883987426758,759.3949973583221
689.6791791915894,0.0,33.038451194763184,32.97883987426758,755.6964702606201
668.2787046432495,0.0,33.038451194763184,32.97883987426758,734.2959957122803
646.2820158004761,0.0,33.038451194763184,32.97883987426758,712.2993068695068
642.5829281806946,0.0,33.038451194763184,32.97883987426758,708.6002192497253
627.8855741024017,0.0,33.038451194763184,32.97883987426758,693.9028651714325
627.8855741024017,0.0,33.038451194763184,32.97883987426758,693.9028651714325
624.1984269618988,0.0,33.038451194763184,32.97883987426758,690.2157180309296
624.1984269618988,0.0,33.038451194763184,32.97883987426758,690.2157180309296
620.5006372928619,0.0,33.038451194763184,32.97883987426758,686.5179283618927
616.8040208816528,0.0,22.069427490234375,32.97883987426758,671.8522882461548
602.1522343158722,0.0,22.069427490234375,32.97883987426758,657.2005016803741
587.6770579814911,0.0,22.069427490234375,32.97883987426758,642.725325345993
551.028528213501,0.0,22.069427490234375,32.97883987426758,606.0767955780029
547.3337190151215,0.0,22.069427490234375,32.97883987426758,602.3819863796234
546.9830281734467,0.0,22.069427490234375,32.97883987426758,602.0312955379486
524.9965159893036,0.0,22.069427490234375,32.97883987426758,580.0447833538055
514.0400111675262,0.0,22.069427490234375,32.97883987426758,569.0882785320282
514.0400111675262,0.0,22.069427490234375,32.97883987426758,569.0882785320282
514.0400111675262,0.0,22.069427490234375,32.97883987426758,569.0882785320282
514.0400111675262,0.0,22.069427490234375,32.97883987426758,569.0882785320282
492.6911895275116,0.0,22.069427490234375,32.97883987426758,547.7394568920135
488.99869418144226,0.0,22.069427490234375,32.97883987426758,544.0469615459442
510.7670600414276,0.0,22.069427490234375,32.97883987426758,565.8153274059296
507.0719139575958,0.0,22.069427490234375,32.97883987426758,562.1201813220978
518.0719139575958,0.0,22.069427490234375,32.97883987426758,573.1201813220978
499.68892765045166,0.0,22.069427490234375,32.97883987426758,554.7371950149536
477.9739933013916,0.0,22.069427490234375,32.97883987426758,533.0222606658936
474.2773804664612,0.0,22.069427490234375,32.97883987426758,529.3256478309631
474.2773804664612,0.0,22.069427490234375,32.97883987426758,529.3256478309631
474.2773804664612,0.0,22.069427490234375,32.97883987426758,529.3256478309631
474.2773804664612,0.0,22.069427490234375,32.97883987426758,529.3256478309631
474.2773804664612,0.0,22.069427490234375,32.97883987426758,529.3256478309631
470.5875782966614,0.0,22.069427490234375,32.97883987426758,525.6358456611633
470.5875782966614,0.0,22.069427490234375,32.97883987426758,525.6358456611633
466.90727281570435,0.0,22.069427490234375,32.97883987426758,521.9555401802063
463.2187023162842,0.0,22.069427490234375,32.97883987426758,518.2669696807861
463.2187023162842,0.0,22.069427490234375,32.97883987426758,518.2669696807861
416.23915219306946,0.0,22.069427490234375,32.97883987426758,471.2874195575714
412.54390382766724,0.0,22.069427490234375,11.0,445.6133313179016
412.54390382766724,0.0,22.069427490234375,11.0,445.6133313179016
401.5975413322449,0.0,22.069427490234375,11.0,434.66696882247925
401.5975413322449,0.0,22.069427490234375,11.0,434.66696882247925
408.87773180007935,0.0,22.069427490234375,11.0,441.9471592903137
405.17906379699707,0.0,22.069427490234375,11.0,438.24849128723145
397.79165983200073,0.0,22.069427490234375,11.0,430.8610873222351
397.79165983200073,0.0,22.069427490234375,11.0,430.8610873222351
408.6134877204895,0.0,22.069427490234375,11.0,441.6829152107239
408.6134877204895,0.0,22.069427490234375,11.0,441.6829152107239
404.9270279407501,0.0,22.069427490234375,11.0,437.9964554309845
404.9301207065582,0.0,22.069427490234375,11.0,437.9995481967926
401.2400281429291,0.0,22.069427490234375,11.0,434.30945563316345
401.2400281429291,0.0,22.069427490234375,11.0,434.30945563316345
401.2400281429291,0.0,22.069427490234375,11.0,434.30945563316345
397.5531656742096,0.0,22.069427490234375,11.0,430.62259316444397
393.857075214386,0.0,22.069427490234375,11.0,426.92650270462036
393.857075214386,0.0,22.069427490234375,11.0,426.92650270462036
393.857075214386,0.0,22.069427490234375,11.0,426.92650270462036
379.1993579864502,0.0,22.069427490234375,11.0,412.26878547668457
379.1993579864502,0.0,22.069427490234375,11.0,412.26878547668457
375.5191149711609,0.0,22.069427490234375,11.0,408.58854246139526
386.516104221344,0.0,22.069427490234375,11.0,419.58553171157837
397.516104221344,0.0,22.069427490234375,11.0,430.58553171157837
386.6942763328552,0.0,22.069427490234375,11.0,419.7637038230896
386.6942763328552,0.0,22.069427490234375,11.0,419.7637038230896
386.6942763328552,0.0,22.069427490234375,11.0,419.7637038230896
408.6942763328552,0.0,22.069427490234375,11.0,441.7637038230896
405.00395941734314,0.0,22.069427490234375,11.0,438.0733869075775
401.30768609046936,0.0,33.069427490234375,11.0,445.37711358070374
401.30768609046936,0.0,33.069427490234375,11.0,445.37711358070374
412.30768609046936,0.0,33.069427490234375,11.0,456.37711358070374
412.30768609046936,0.0,33.069427490234375,11.0,456.37711358070374
412.30768609046936,0.0,33.069427490234375,11.0,456.37711358070374
416.0076861381531,0.0,33.069427490234375,11.0,460.07711362838745
405.01069688796997,0.0,29.370383739471436,11.0,445.3810806274414
405.01069688796997,0.0,29.370383739471436,11.0,445.3810806274414
393.9412524700165,0.0,29.370383739471436,11.0,434.3116362094879
382.96503043174744,0.0,29.370383739471436,11.0,423.3354141712189
382.9672763347626,0.0,18.40000009536743,11.0,412.36727643013
382.9672763347626,0.0,18.40000009536743,11.0,412.36727643013
386.5969715118408,0.0,18.40000009536743,11.0,415.99697160720825
386.5969715118408,0.0,18.40000009536743,11.0,415.99697160720825
364.82860565185547,0.0,18.40000009536743,11.0,394.2286057472229
361.1348388195038,0.0,18.40000009536743,11.0,390.5348389148712
361.1348388195038,0.0,18.40000009536743,11.0,390.5348389148712
361.1348388195038,0.0,18.40000009536743,11.0,390.5348389148712
370.6834075450897,0.0,18.40000009536743,11.0,400.08340764045715
377.98499035835266,0.0,18.40000009536743,11.0,407.3849904537201
374.2870206832886,0.0,18.40000009536743,11.0,403.687020778656
374.2870206832886,0.0,18.40000009536743,11.0,403.687020778656
396.2870206832886,0.0,18.40000009536743,11.0,425.687020778656
392.5903298854828,0.0,18.40000009536743,11.0,421.9903299808502
379.4118330478668,0.0,18.40000009536743,11.0,408.81183314323425
379.4118330478668,0.0,18.40000009536743,11.0,408.81183314323425
379.4118330478668,0.0,18.40000009536743,11.0,408.81183314323425
379.4118330478668,0.0,18.40000009536743,11.0,408.81183314323425
368.4303677082062,0.0,18.40000009536743,11.0,397.8303678035736
357.4834358692169,0.0,18.40000009536743,11.0,386.88343596458435
346.5084002017975,0.0,18.40000009536743,11.0,375.9084002971649
342.81253957748413,0.0,18.40000009536743,11.0,372.21253967285156
364.8169529438019,0.0,18.40000009536743,11.0,394.2169530391693
364.8169529438019,0.0,18.40000009536743,11.0,394.2169530391693
361.1296977996826,0.0,18.40000009536743,11.0,390.52969789505005
