,0
0,26.355124
1,7.553538
2,22.811796
3,8.164181
4,13.300828
5,7.5923467
6,1.6142528
7,10.339819
8,1.3090373
9,1.4666667
10,2.8063724
11,4.688224
12,14.116667
13,6.8482165
14,9.009599
15,10.475383
16,11.63884
17,9.48065
18,12.0089855
19,3.720442
20,6.5988297
21,11.295213
22,7.15
23,17.461393
24,13.687836
25,10.911174
26,8.821303
27,23.46398
28,8.152882
29,9.539751
30,8.200367
31,7.454064
32,7.974002
33,13.694169
34,5.060236
35,5.3989353
36,0.84843904
37,10.6034155
38,9.266709
39,24.034313
40,6.4658856
41,13.463909
42,9.760021
43,22.253965
44,7.772566
45,4.735761
46,0.06665125
47,4.936231
48,11.119697
49,23.007845
50,8.573614
51,35.627872
52,15.82207
53,3.1166666
54,0.8878044
55,11.341772
56,10.526471
57,8.667323
58,2.943979
59,4.6031876
60,2.7825038
61,2.3833334
62,7.2873163
63,4.77918
64,3.692124
65,5.8159695
66,4.908786
67,19.997078
68,8.622792
69,7.9978585
70,1.2200145
71,10.285842
72,8.743868
73,10.093703
74,10.513358
75,11.401972
76,4.2166667
77,16.398907
78,9.066486
79,4.9784727
80,1.5322102
81,3.84246
82,11.990375
83,7.467203
84,13.753056
85,4.302409
86,4.204128
87,36.259
88,6.437248
89,20.999166
90,9.608798
91,46.550957
92,5.6111817
93,13.582244
94,17.544283
95,11.893393
96,21.23049
97,8.678941
98,2.0166667
99,6.7345295
100,10.553996
101,3.0815735
102,18.893333
103,10.985309
104,11.317956
105,9.548226
106,0.5295276
107,23.752308
108,4.2026834
109,5.627434
110,20.070923
111,12.336744
112,23.2747
113,7.5256176
114,2.155238
115,8.262117
116,9.442688
117,7.425812
118,1.8791622
119,10.3446245
120,0.3496144
121,7.412301
122,3.4833333
123,6.801141
124,5.317742
125,4.478441
126,12.528103
127,8.498431
128,5.3282976
129,15.180308
130,8.808294
131,25.445421
132,8.791644
133,10.60968
134,10.257906
135,14.110064
136,11.337307
137,8.595294
138,0.8225044
139,5.0982895
140,5.870302
141,3.9422119
142,5.6807475
143,3.0088034
144,9.169141
145,10.808202
146,10.115477
147,10.9719305
148,19.653984
149,21.593119
150,14.997722
151,3.1061172
152,21.107433
153,7.5216556
154,11.679571
155,10.344611
156,5.7200065
157,4.022439
158,13.541062
159,12.823248
160,6.8158846
161,7.793493
162,9.510264
163,7.4955897
164,6.096708
165,4.399352
166,19.507555
167,7.953008
168,8.906139
169,9.065471
170,21.742096
171,8.063223
172,9.6749735
173,10.78069
174,3.663911
175,4.2568045
176,0.67778426
177,10.382971
178,20.253828
179,6.150736
180,14.329169
181,7.537684
182,10.683152
183,0.8368624
184,1.2833333
185,20.676352
186,11.695121
187,7.516667
188,2.3997626
189,9.3538885
190,4.95
191,7.105258
192,5.376168
193,13.434676
194,9.460238
195,21.883596
196,20.7663
197,1.8333334
198,6.214909
199,9.006207
200,9.96896
201,9.925857
202,17.662619
203,6.6232014
204,11.332448
205,19.463566
206,2.7535365
207,16.286123
208,1.5755099
209,11.072052
210,8.9249735
211,9.877325
212,12.302612
213,8.449011
214,12.129691
215,5.2498846
216,5.300707
217,11.560374
218,9.403812
219,11.811282
220,9.975618
221,10.547333
222,11.184362
223,10.222978
224,8.532763
225,6.894921
226,1.1880265
227,8.010415
228,12.925043
229,9.467126
230,5.3884583
231,25.790876
232,7.992216
233,9.878861
234,9.973568
235,9.865047
236,6.9098077
237,3.8042068
238,0.8138683
239,9.1804
240,10.890751
241,8.721788
242,8.847713
243,20.662865
244,0.3154675
245,7.871443
246,5.20077
247,0.19265547
248,5.540014
249,12.24702
250,9.798979
251,11.190271
252,8.206633
253,23.851355
254,3.1166666
255,7.599871
256,5.137046
257,2.141741
258,9.745835
259,10.963031
260,10.57324
261,8.208208
262,9.420354
263,11.858504
264,7.5904927
265,8.748943
266,9.271662
267,8.759262
268,1.65
269,8.27543
270,8.929637
271,5.740206
272,5.0095844
273,11.413163
274,11.792355
275,9.949779
276,11.46049
277,2.0166667
278,7.6368
279,9.014354
280,11.553872
281,12.070909
282,9.859284
283,10.671789
284,9.392898
285,10.058919
286,8.01309
287,10.278015
288,2.1982324
289,29.150412
290,1.451492
291,7.9466114
292,21.768093
293,9.43107
294,6.521092
295,7.840342
296,8.9874935
297,11.555262
298,7.3826447
299,12.46757
300,3.0081143
301,0.23656425
302,7.248004
303,5.674057
304,3.639579
305,9.229594
306,10.341976
307,9.722406
308,11.557739
309,20.945112
310,8.627256
311,10.577798
312,10.5413065
313,9.242548
314,22.188202
315,9.792023
316,9.788448
317,8.729751
318,12.091439
319,22.246311
320,8.689165
321,14.064789
322,21.513674
323,8.531399
324,9.813798
325,13.168613
326,0.17209847
327,4.3974323
328,3.6814346
329,2.9333334
330,17.61414
331,13.3057575
332,9.9
333,20.38222
334,9.019959
335,9.682416
336,9.972626
337,9.6524315
338,9.480953
339,12.53507
340,11.74405
341,3.6305058
342,0.77391994
343,0.42257035
344,3.9349005
345,5.2770777
346,29.391846
347,8.48227
348,10.523187
349,0.18333334
350,18.7
351,6.07227
352,0.7392036
353,6.526458
354,1.4666667
355,35.8246
356,9.270231
357,10.468576
358,19.609175
359,1.354363
360,4.5043497
361,19.221903
362,8.663838
363,8.568273
364,10.594753
365,6.05
366,30.552588
367,9.8151245
368,2.9871733
369,7.1196823
370,5.2900567
371,3.1310184
372,12.385065
373,4.6237965
374,3.400101
375,7.9166365
376,8.351802
377,5.899284
378,17.200403
379,9.835537
380,9.718312
381,8.570221
382,4.259203
383,6.920257
384,5.417083
385,6.6744885
386,10.80623
387,10.455383
388,0.19378133
389,8.492443
390,11.475737
391,10.628963
392,4.792346
393,1.2833333
394,4.053474
395,1.4377698
396,6.8938475
397,9.533334
398,59.42944
399,2.7028985
400,20.13061
401,31.02185
402,9.878835
403,12.283334
404,20.207272
405,9.283809
406,11.256709
407,9.774328
408,8.98425
409,9.507989
410,10.199082
411,9.302072
412,9.35
413,12.980542
414,9.834821
415,10.6332445
416,7.936598
417,12.900061
418,10.540883
419,11.551156
420,11.366667
421,10.262462
422,6.359471
423,1.9951396
424,13.546996
425,12.126433
426,12.439091
427,11.061419
428,9.502942
429,12.030695
430,10.502459
431,10.621786
432,0.09955299
433,10.816667
434,11.974137
435,9.883762
436,9.888476
437,24.891033
438,3.5859349
439,3.4836793
440,9.662312
441,11.158374
442,3.1619203
443,5.301966
444,10.82692
445,9.526609
446,11.105245
447,8.236897
448,12.539968
449,9.991236
450,11.262774
451,10.117053
452,11.439099
453,10.877572
454,11.7647505
455,5.091098
456,5.7386303
457,10.6349
458,8.798584
459,10.617906
460,8.639667
461,10.668385
462,0.69639415
463,9.327118
464,9.144069
465,10.305511
466,20.039387
467,7.4930716
468,8.013249
469,2.5666666
470,8.779767
471,8.92304
472,12.026232
473,8.456325
474,10.88928
475,11.560771
476,10.146646
477,7.266336
478,11.063062
479,6.9607368
480,7.404964
481,11.960148
482,9.539723
483,3.7790005
484,18.17628
485,11.7874155
486,12.362453
487,8.850084
488,10.748733
489,9.676641
490,11.29185
491,11.701119
492,25.608553
493,6.4468126
494,8.395499
495,7.884689
496,0.9166667
497,10.361752
498,20.652294
499,8.196765
500,10.729828
501,9.786287
502,13.228073
503,12.345699
504,5.616823
505,12.927015
506,20.088596
507,8.307007
508,10.274384
509,11.916667
510,4.0224524
511,3.4242601
512,11.269145
513,18.501293
514,3.5922258
515,3.8581822
516,22.005266
517,3.7392242
518,15.189818
519,9.338723
520,4.0333333
521,6.1317015
522,16.41663
523,11.366667
524,9.813478
525,1.1490465
526,2.8865201
527,12.316028
528,8.460322
529,8.747923
530,8.965293
531,8.662689
532,11.762327
533,8.891636
534,7.7888703
535,9.43976
536,10.315511
537,9.4017725
538,30.392265
539,8.786296
540,3.4833333
541,17.313253
542,21.905474
543,5.9729285
544,9.591156
545,3.85
546,17.5526
547,10.846204
548,10.682954
549,8.116896
550,10.136511
551,9.49078
552,9.649198
553,10.754388
554,10.4232235
555,8.817342
556,9.166667
557,8.819793
558,10.211892
559,1.2457637
560,8.342676
561,10.942897
562,9.2728
563,1.1119314
564,9.493803
565,7.787333
566,12.034801
567,10.415039
568,11.244627
569,2.084043
570,4.95
571,13.562242
572,2.0747848
573,1.4395318
574,4.2342877
575,0.002861023
576,0.016383946
577,8.847333
578,11.754752
579,18.127237
580,13.35184
581,11.0609255
582,2.3340912
583,7.0020623
584,9.096834
585,10.440469
586,8.587095
587,12.553905
588,10.463437
589,9.624084
590,9.760114
591,10.506047
592,2.5103886
593,7.601567
594,0.5929206
595,3.4833333
596,5.2813563
597,4.041248
598,6.950882
599,19.773535
600,7.5632586
601,10.53034
602,8.441317
603,8.740637
604,11.542532
605,4.748411
606,6.419527
607,12.848933
608,9.506822
609,8.25
610,0.6057555
611,11.433297
612,24.47098
613,0.40688783
614,20.853453
615,7.661621
616,11.195025
617,25.089937
618,6.6726475
619,10.418256
620,22.850237
621,9.405481
622,13.292273
623,9.032607
624,13.574656
625,1.780775
626,5.2396994
627,2.708435
628,3.2085047
629,5.676535
630,2.75
631,8.180527
632,9.158717
633,22.262268
634,9.4983425
635,21.55201
636,8.213494
637,9.165263
638,9.712111
639,6.7833333
640,1.8333334
641,25.217373
642,9.2210655
643,0.36666667
644,10.463224
645,24.800144
646,7.7
647,5.756414
648,0.71496874
649,5.21179
650,10.511372
651,8.874282
652,1.8170408
653,16.842573
654,6.8202558
655,5.763503
656,3.0033193
657,7.1144776
658,16.006008
659,2.2
660,15.882015
661,9.554053
662,9.723146
663,9.556043
664,25.033724
665,8.136709
666,21.531572
667,8.340519
668,19.079912
669,7.8044357
670,4.599359
671,15.271561
672,8.9419565
673,3.762974
674,4.1656227
675,10.808785
676,6.9666667
677,4.766667
678,7.118158
679,23.122896
680,9.3694515
681,11.037642
682,2.580908
683,18.824488
684,9.142716
685,6.05
686,9.635224
687,3.7068532
688,11.426106
689,10.199734
690,5.2963495
691,3.6663883
692,0.23059055
693,14.06712
694,1.3841785
695,7.8465137
696,1.6055636
697,7.192388
698,22.702484
699,9.522093
700,22.103632
701,17.644697
702,10.537942
703,4.240461
704,5.1753387
705,13.043125
706,9.488398
707,3.5379457
708,8.384704
709,3.6666667
710,14.90348
711,9.143075
712,1.3865235
713,8.069131
714,29.066341
715,8.485727
716,12.16262
717,7.588294
718,0.41385487
719,8.916087
720,11.735917
721,2.68605
722,1.4666667
723,5.740537
724,12.301591
725,6.0272503
726,5.653567
727,0.9166667
728,5.780908
729,9.912583
730,10.638104
731,9.247516
732,4.2166667
733,6.3824787
734,5.8738794
735,5.1818957
736,11.631463
737,12.084593
738,4.7950883
739,5.521391
740,2.3833334
741,7.6597414
742,10.030615
743,10.30849
744,18.157043
745,3.5269663
746,11.042847
747,9.136001
748,11.105314
749,11.187489
750,11.183333
751,21.592472
752,8.1835985
753,11.425734
754,11.430502
755,9.456423
756,9.801282
757,23.936958
758,10.083333
759,20.065687
760,8.285589
761,4.339139
762,4.272726
763,4.6501565
764,4.5622854
765,10.936579
766,11.818528
767,4.4533415
768,5.9635377
769,10.225255
770,8.25
771,1.186278
772,10.403898
773,20.025703
774,9.732404
775,11.279081
776,22.132254
777,2.5666666
778,5.983233
779,0.73333335
780,10.995376
781,0.3786353
782,9.4936695
783,10.885611
784,11.891101
785,9.365691
786,10.578141
787,12.569932
788,10.888444
789,10.549068
790,13.902014
791,9.843032
792,11.8437605
793,15.502993
794,4.3485694
795,14.861161
796,10.045581
797,21.633333
798,10.743366
799,3.1166666
800,33.997696
801,18.59484
802,7.6459904
803,23.482283
804,9.374618
805,10.504075
806,8.123544
807,13.730578
808,9.617276
809,8.850999
810,12.267867
811,24.470345
812,9.392129
813,12.91544
814,10.792096
815,24.238495
816,33.10873
817,8.69237
818,9.504238
819,5.897245
820,14.194289
821,5.029612
822,4.520139
823,11.363971
824,2.2417705
825,7.505258
826,28.349186
827,8.432972
828,6.6
829,18.259352
830,19.733335
831,10.218064
832,10.004587
833,10.436602
834,0.18333334
835,11.592177
836,0.9418198
837,10.154724
838,11.4169655
839,10.808071
840,4.2875876
841,6.535955
842,10.168064
843,4.5542855
844,0.44243863
845,4.3046603
846,46.631527
847,6.0936084
848,10.597376
849,5.296191
850,3.7375686
851,22.173841
852,1.4406577
853,7.0335865
854,11.545286
855,9.735066
856,30.065897
857,18.971895
858,8.207363
859,10.2789
860,10.43631
861,12.781834
862,11.247701
863,3.5966895
864,5.858726
865,9.27802
866,9.126016
867,11.368978
868,13.933633
869,7.570877
870,6.4642963
871,5.484317
872,5.094145
873,7.844065
874,12.1375065
875,10.177772
876,8.206872
877,2.0166667
878,20.096884
879,7.3331738
880,20.5897
881,5.167525
882,4.528616
883,4.376345
884,6.035686
885,21.048483
886,3.9628875
887,6.7904134
888,10.464803
889,9.515498
890,6.156882
891,4.0953946
892,22.757809
893,7.112331
894,12.001725
895,11.186071
896,21.375872
897,19.025383
898,9.0446205
899,4.9794116
900,0.58205926
901,5.0651097
902,10.424457
903,10.049408
904,10.033488
905,4.2418904
906,6.6366467
907,11.983594
908,14.116667
909,0.5480581
910,5.630109
911,11.621318
912,9.492728
913,8.411342
914,8.280927
915,12.491586
916,10.827211
917,2.2768843
918,34.545303
919,7.905894
920,9.513973
921,4.95
922,13.865179
923,4.2166667
924,5.4072275
925,0.18333334
926,8.462682
927,19.419987
928,3.9914317
929,5.4507384
930,15.42282
931,3.4166708
932,7.6270647
933,4.086866
934,10.840415
935,14.546484
936,4.29025
937,10.784641
938,9.077826
939,4.0333333
940,4.9555173
941,9.851959
942,0.55
943,33.850113
944,11.326247
945,2.6895335
946,3.8439567
947,6.1712656
948,12.39884
949,1.65
950,5.0848594
951,5.8510175
952,3.2453933
953,10.93924
954,24.591845
955,3.5676425
956,16.490883
957,1.5997621
958,4.300594
959,2.8893423
960,9.994598
961,12.885743
962,12.314955
963,9.443668
964,4.201055
965,5.019864
966,12.408853
967,20.981447
968,8.210036
969,12.288253
970,9.004156
971,11.704869
972,9.037415
973,1.2313527
974,21.345165
975,8.280702
976,7.570809
977,4.4937396
978,8.7550745
979,23.461803
980,8.983414
981,9.042171
982,10.421475
983,11.206588
984,3.689355
985,3.9351246
986,12.098376
987,10.089131
988,3.2910244
989,5.6661763
990,7.478715
991,0.85845274
992,7.2996087
993,9.141154
994,5.9961486
995,7.775136
996,2.0166667
997,2.0990374
998,12.125372
999,7.73622
1000,9.828832
1001,1.6958183
1002,7.3590546
1003,10.258886
1004,10.631403
1005,11.436384
1006,5.2245207
1007,5.867601
1008,15.671214
1009,11.616405
1010,2.2679698
1011,8.845622
1012,0.9949871
1013,5.3166666
1014,3.5135477
1015,12.201998
1016,8.711286
1017,11.621238
1018,0.36666667
1019,12.470101
1020,7.8822775
1021,17.54835
1022,3.4833333
1023,4.611678
1024,24.239595
1025,10.032482
1026,22.650305
1027,7.7248273
1028,0.8327564
1029,7.883986
1030,8.797937
1031,10.491784
1032,8.367857
1033,4.1229987
1034,1.0644065
1035,5.0428185
1036,5.2376056
1037,16.245432
1038,12.279842
1039,9.076251
1040,5.581194
1041,13.134546
1042,22.760233
1043,22.931328
1044,3.2211547
1045,0.31718937
1046,3.2527978
1047,11.199859
1048,11.969316
1049,14.483334
1050,14.638757
1051,10.978076
1052,10.449066
1053,8.242105
1054,2.117926
1055,0.36666667
1056,7.9852753
1057,3.5877228
1058,16.710087
1059,0.35517743
1060,9.429788
1061,9.321504
1062,0.39325815
1063,4.6846743
1064,4.012174
1065,12.217696
1066,8.867911
1067,0.41358998
1068,23.399817
1069,17.048717
1070,4.179027
1071,4.3739347
1072,8.969744
1073,18.664795
1074,0.62896156
1075,8.580777
1076,10.935996
1077,26.829935
1078,12.584182
1079,17.849976
1080,8.453103
1081,20.562052
1082,7.5595255
1083,8.556791
1084,4.0512753
1085,4.2666993
1086,6.5634656
1087,4.058997
1088,6.693495
1089,2.5343363
1090,17.928585
1091,2.029194
1092,0.21191435
1093,29.7
1094,4.2062063
1095,6.3931155
1096,11.410794
1097,9.619489
1098,9.086173
1099,10.584367
1100,22.490965
1101,5.14306
1102,11.341451
1103,11.4651
1104,4.484601
1105,5.071098
1106,5.8618784
1107,4.4489827
1108,8.929158
1109,4.562736
1110,5.2701364
1111,12.001647
1112,11.06429
1113,9.932016
1114,4.524364
1115,5.214294
1116,4.7129393
1117,4.8427715
1118,11.862132
1119,3.4833333
1120,8.562805
1121,10.252476
1122,20.00466
1123,19.163013
1124,9.09857
1125,3.1166666
1126,6.0240307
1127,11.9173765
1128,11.314353
1129,9.14938
1130,11.091976
1131,13.186509
1132,4.813512
1133,14.578753
1134,8.55397
1135,1.2227298
1136,9.139182
1137,10.265523
1138,5.6328907
1139,3.9724243
1140,12.867026
1141,12.649273
1142,10.432892
1143,21.712412
1144,9.28186
1145,9.328009
1146,9.718858
1147,7.292046
1148,10.945678
1149,9.992482
1150,0.55
1151,9.536558
1152,9.103286
1153,12.887201
1154,6.805937
1155,5.1771936
1156,11.051245
1157,10.703857
1158,4.0361223
1159,0.13167328
1160,5.2048497
1161,9.148122
1162,2.9802063
1163,5.1314697
1164,10.653682
1165,9.174005
1166,11.641768
1167,5.427241
1168,14.711568
1169,13.405202
1170,12.336241
1171,22.396248
1172,2.893792
1173,5.738749
1174,10.391566
1175,11.177421
1176,35.19668
1177,2.0395522
1178,7.997699
1179,12.284571
1180,10.588511
1181,4.20177
1182,6.512828
1183,11.341016
1184,9.574692
1185,9.229727
1186,5.7176623
1187,6.159995
1188,0.18333334
1189,35.58364
1190,7.769505
1191,0.4846255
1192,5.1897106
1193,2.6109886
1194,1.2682148
1195,13.540454
1196,10.145094
1197,4.843778
1198,2.882905
1199,12.976475
1200,10.676238
1201,13.029735
1202,11.775746
1203,22.664192
1204,8.446653
1205,22.78139
1206,18.890886
1207,12.919373
1208,12.178088
1209,10.517332
1210,9.265555
1211,4.7504115
1212,6.993228
1213,1.8333334
1214,4.2166667
1215,5.3401523
1216,13.072436
1217,9.383559
1218,9.849164
1219,10.442774
1220,9.261755
1221,10.391912
1222,1.425412
1223,10.296026
1224,10.275033
1225,8.559269
1226,5.7337556
1227,7.7
1228,12.332267
1229,12.203522
1230,10.446694
1231,24.39512
1232,4.0333333
1233,29.149569
1234,6.4877534
1235,12.456999
1236,11.23614
1237,11.928864
1238,10.43239
1239,11.068478
1240,10.338054
1241,0.78676796
1242,8.308491
1243,9.0651245
1244,9.810766
1245,9.232721
1246,9.090411
1247,9.473855
1248,9.315664
1249,9.901947
1250,11.18333
1251,0.012199084
1252,9.922359
1253,5.0998135
1254,2.3833334
1255,14.140156
1256,5.8625803
1257,24.576994
1258,5.303701
1259,8.995505
1260,10.418494
1261,11.852223
1262,12.401172
1263,8.15373
1264,11.987235
1265,23.198381
1266,3.1166666
1267,3.2942693
1268,10.954062
1269,2.3833334
1270,20.190714
1271,1.1
1272,17.7402
1273,18.37696
1274,10.180078
1275,8.965387
1276,10.8095665
1277,1.5346076
1278,18.767557
1279,0.9340709
1280,22.116753
1281,8.663838
1282,2.7831264
1283,6.5574512
1284,4.0333333
1285,3.8369105
1286,3.3484833
1287,8.86398
1288,0.36666667
1289,9.166667
1290,6.868852
1291,2.651943
1292,3.7482061
1293,0.5820062
1294,1.7460849
1295,4.0550494
1296,11.2328
1297,9.844249
1298,8.713497
1299,11.058992
1300,10.1987505
1301,11.149976
1302,19.301706
1303,6.233333
1304,5.0266056
1305,2.7212434
1306,21.197582
1307,6.4166665
1308,19.973833
1309,7.7478104
1310,4.6340375
1311,3.9980023
1312,0.94679993
1313,18.552896
1314,15.05583
1315,24.383333
1316,10.72236
1317,0.36666667
1318,10.571745
1319,5.324762
1320,6.451171
1321,10.207284
1322,11.307465
1323,12.272966
1324,7.777201
1325,10.002362
1326,2.387219
1327,5.881535
1328,9.208175
1329,12.664134
1330,3.4523416
1331,3.635406
1332,13.091538
1333,7.9189396
1334,6.7719755
1335,4.993875
1336,6.475542
1337,3.9212568
1338,32.79896
1339,7.46784
1340,9.55256
1341,11.648721
1342,9.833271
1343,7.6790133
1344,8.891398
1345,10.463609
1346,10.159625
1347,0.55374044
1348,5.552663
1349,4.2301016
1350,11.702153
1351,11.219556
1352,19.109064
1353,0.60212606
1354,9.547871
1355,13.98827
1356,10.623626
1357,15.321466
1358,8.733287
1359,11.642138
1360,4.753192
1361,6.057527
1362,4.359246
1363,4.9103365
1364,12.89642
1365,6.6
1366,2.274421
1367,3.0922358
1368,6.7195096
1369,0.95391273
1370,23.728832
1371,10.865132
1372,8.900935
1373,3.5577216
1374,4.301455
1375,15.954164
1376,3.4833333
1377,15.356777
1378,9.516837
1379,11.147685
1380,1.198093
1381,13.288127
1382,3.7260585
1383,6.2130175
1384,4.589307
1385,10.198196
1386,9.550414
1387,50.07394
1388,8.195268
1389,6.429156
1390,0.41033158
1391,9.22852
1392,0.4656049
1393,11.695506
1394,17.953213
1395,3.7450392
1396,4.341761
1397,7.4955893
1398,18.442034
1399,41.983334
1400,8.109542
1401,10.331075
1402,10.656649
1403,10.115983
1404,8.972024
1405,3.6700041
1406,11.256414
1407,13.922494
1408,1.8333334
1409,9.745452
1410,0.3987418
1411,7.6918335
1412,21.926323
1413,8.104021
1414,12.360917
1415,10.96148
1416,6.3623333
1417,5.958133
1418,2.3833334
1419,10.898191
1420,11.543791
1421,21.807169
1422,21.578167
1423,3.974292
1424,6.1978097
1425,14.774166
1426,8.984248
1427,1.9733642
1428,8.628912
1429,11.858463
1430,1.1
1431,21.999887
1432,9.669558
1433,2.169225
1434,6.9666667
1435,11.676152
1436,10.183665
1437,9.222811
1438,0.2342693
1439,10.542118
1440,4.073328
1441,4.743337
1442,24.119694
1443,2.4443197
1444,5.6706533
1445,10.89467
1446,19.888878
1447,9.308219
1448,6.032016
1449,6.341086
1450,12.491557
1451,24.123508
1452,8.796705
1453,11.87629
1454,12.244358
1455,13.354448
1456,1.65
1457,18.248083
1458,22.55881
1459,20.982439
1460,3.8607495
1461,1.0863578
1462,5.3181386
1463,10.963508
1464,8.1572275
1465,11.281305
1466,9.428182
1467,9.381944
1468,0.18333334
1469,9.061403
1470,0.79209274
1471,4.583412
1472,5.654376
1473,8.986619
1474,8.591692
1475,5.0547657
1476,5.242322
1477,21.873507
1478,8.669403
1479,7.451812
1480,5.663104
1481,22.402767
1482,21.960579
1483,3.3
1484,14.919744
1485,9.488781
1486,8.732517
1487,10.224622
1488,10.428548
1489,9.240879
1490,11.507432
1491,2.5323634
1492,4.4408903
1493,12.802866
1494,1.6407437
1495,7.1385174
1496,8.774388
1497,2.6062589
1498,8.77991
1499,23.598278
1500,1.8273197
1501,6.6833773
1502,11.362263
1503,8.964764
1504,8.897647
1505,8.4833975
1506,4.0335393
1507,3.8662496
1508,2.7896295
1509,7.328946
1510,9.582505
1511,9.066503
1512,8.369008
1513,10.8999
1514,9.5961895
1515,21.168165
1516,9.170981
1517,6.2097573
1518,4.3740935
1519,4.5111976
1520,6.2229095
1521,8.348623
1522,12.333657
1523,17.218962
1524,7.8163013
1525,15.780227
1526,2.0166667
1527,9.102265
1528,21.216406
1529,1.8333334
1530,28.91504
1531,0.4532337
1532,8.936764
1533,20.026527
1534,2.3833334
1535,6.55822
1536,4.47562
1537,5.4281015
1538,18.974691
1539,0.73333335
1540,11.005971
1541,4.9367476
1542,5.225777
1543,2.405922
1544,10.485213
1545,21.85512
1546,9.989196
1547,22.705832
1548,11.534957
1549,22.697975
1550,9.347796
1551,10.703193
1552,11.572098
1553,0.6768438
1554,8.913715
1555,9.249357
1556,10.618516
1557,1.5515357
1558,8.563387
1559,12.403887
1560,8.978129
1561,5.3680735
1562,4.7143564
1563,12.473531
1564,9.048395
1565,10.448973
1566,4.5833335
1567,9.1550255
1568,2.764186
1569,18.390682
1570,8.109092
1571,5.9312315
1572,4.8955154
1573,1.65
1574,8.382267
1575,15.278685
1576,14.85
1577,4.695349
1578,0.73333335
1579,19.24605
1580,10.286345
1581,13.493575
1582,5.490171
1583,11.680828
1584,12.7968
1585,7.957182
1586,3.6120546
1587,16.936106
1588,8.40799
1589,12.619641
1590,11.695133
1591,23.65
1592,5.1831403
1593,3.6919515
1594,2.3833334
1595,7.3333335
1596,10.849454
1597,31.465096
1598,9.270455
1599,46.25825
1600,4.8392215
1601,11.215595
1602,10.347354
1603,5.133333
1604,17.346235
1605,11.519763
1606,21.874228
1607,0.55
1608,4.5077925
1609,2.4313
1610,10.230912
1611,7.2100434
1612,10.859806
1613,6.6
1614,14.863955
1615,10.752454
1616,8.943386
1617,14.821013
1618,2.9847894
1619,3.8930974
1620,14.723962
1621,11.611383
1622,7.15
1623,29.39157
1624,9.697201
1625,36.789333
1626,9.544784
1627,8.8726015
1628,8.933795
1629,9.739107
1630,4.071328
1631,4.339232
1632,1.4593998
1633,13.301334
1634,0.93804467
1635,10.765487
1636,11.223938
1637,10.312983
1638,10.322664
1639,11.031641
1640,0.55
1641,18.858477
1642,19.419289
1643,8.223322
1644,9.0539465
1645,18.98849
1646,1.4666667
1647,27.09533
1648,5.948212
1649,10.260251
1650,10.156261
1651,6.169982
1652,4.4162273
1653,13.388872
1654,9.661912
1655,10.521689
1656,13.214906
1657,9.672683
1658,9.190189
1659,8.382148
1660,11.528054
1661,0.43941867
1662,8.3510475
1663,8.79697
1664,8.433333
1665,15.59533
1666,4.5085754
1667,5.5172973
1668,1.4826988
1669,17.902111
1670,0.8031939
1671,3.0330403
1672,12.5621805
1673,15.953413
1674,4.1881137
1675,0.04094178
1676,8.912127
1677,0.36666667
1678,2.2
1679,14.638704
1680,2.993412
1681,9.165288
1682,9.207091
1683,20.692867
1684,9.363863
1685,0.11055999
1686,9.368961
1687,3.6714346
1688,3.7739673
1689,2.3833334
1690,9.506888
1691,3.077057
1692,7.082702
1693,6.7523327
1694,2.869924
1695,10.686834
1696,9.023931
1697,10.767698
1698,7.883333
1699,2.3461318
1700,1.1186867
1701,5.7292643
1702,6.1418233
1703,10.121783
1704,11.934147
1705,20.972265
1706,8.97732
1707,10.614766
1708,20.313225
1709,8.515227
1710,4.5833335
1711,2.0092728
1712,3.4239955
1713,10.586182
1714,7.9323707
1715,11.514386
1716,5.601777
1717,4.5128403
1718,10.974686
1719,8.48708
1720,10.630157
1721,11.045999
1722,0.22678904
1723,7.301213
1724,9.156891
1725,9.061946
1726,9.258866
1727,9.867362
1728,9.588029
1729,2.850056
1730,8.066667
1731,10.030613
1732,9.384447
1733,5.31549
1734,6.4345336
1735,0.56673425
1736,8.258913
1737,21.152643
1738,19.366833
1739,5.964055
1740,4.52896
1741,10.281748
1742,10.473873
1743,3.8879576
1744,5.007532
1745,1.3269849
1746,11.088955
1747,32.06277
1748,8.240752
1749,8.49275
1750,9.747876
1751,0.8947849
1752,4.726385
1753,2.5689998
1754,11.456266
1755,8.012982
1756,9.4043665
1757,12.955545
1758,8.775803
1759,9.893392
1760,0.7122491
1761,10.923492
1762,8.919055
1763,5.6797786
1764,3.832102
1765,9.295688
1766,11.070251
1767,7.8521857
1768,14.838422
1769,0.9224548
1770,6.5754385
1771,9.517431
1772,10.511638
1773,5.3767624
1774,0.1823505
1775,4.0282946
1776,13.47816
1777,9.328696
1778,9.098292
1779,18.811308
1780,10.9582615
1781,4.95
1782,17.491394
1783,0.71260655
1784,19.381626
1785,8.848056
1786,5.6833334
1787,4.1677027
1788,5.4053597
1789,4.8634477
1790,5.1347423
1791,17.040157
1792,7.7794394
1793,3.594955
1794,4.6326585
1795,7.7783537
1796,10.901134
1797,3.8452291
1798,4.5596232
1799,12.120447
1800,9.237249
1801,3.5336287
1802,8.25
1803,1.2453927
1804,6.6
1805,3.0239954
1806,9.36152
1807,10.549665
1808,2.6003385
1809,6.1181784
1810,0.691692
1811,8.322147
1812,22.178957
1813,7.9991965
1814,22.889154
1815,19.913568
1816,3.9983058
1817,16.584757
1818,3.85
1819,12.831105
1820,19.460001
1821,8.968962
1822,13.094715
1823,5.7717686
1824,3.492184
1825,24.976229
1826,7.1365304
1827,13.708711
1828,2.5730784
1829,1.5394288
1830,13.752143
1831,0.18333334
1832,26.348255
1833,2.7399192
1834,1.9772848
1835,5.4645934
1836,0.0412729
1837,4.766667
1838,0.73333335
1839,12.28873
1840,4.3770204
1841,5.9105306
1842,11.183333
1843,21.496311
1844,10.426723
1845,11.998401
1846,9.62852
1847,4.549674
1848,2.8852756
1849,10.3604
1850,9.961939
1851,14.407119
1852,10.178157
1853,3.4833333
1854,7.3227234
1855,4.9873853
1856,4.729125
1857,5.9757366
1858,3.0267634
1859,0.109328166
1860,15.824955
1861,8.862335
1862,0.55
1863,22.261608
1864,7.3489885
1865,20.228533
1866,9.214532
1867,0.46122074
1868,9.778168
1869,13.383333
1870,4.830825
1871,10.327828
1872,10.183732
1873,13.895248
1874,9.968029
1875,2.2
1876,19.965185
1877,1.65
1878,20.356546
1879,12.30754
1880,20.67065
1881,4.4
1882,4.456057
1883,3.4838917
1884,7.050488
1885,8.487609
1886,21.8948
1887,5.653395
1888,3.9147804
1889,11.282711
1890,10.403992
1891,8.100948
1892,4.423314
1893,5.8147254
1894,11.622178
1895,13.026093
1896,6.7427287
1897,6.250765
1898,6.4607067
1899,23.055319
1900,8.816006
1901,0.55
1902,11.126109
1903,10.607044
1904,3.7497816
1905,17.578432
1906,9.231077
1907,10.439663
1908,8.756571
1909,19.84678
1910,15.775389
1911,3.256851
1912,11.542374
1913,9.551167
1914,4.6039166
1915,6.4631577
1916,4.7421193
1917,4.7374835
1918,11.058028
1919,9.461801
1920,6.274634
1921,14.848247
1922,1.7900602
1923,10.083333
1924,7.5792613
1925,9.23342
1926,11.243634
1927,8.176936
1928,11.100122
1929,3.1934843
1930,4.752769
1931,7.716748
1932,1.3095539
1933,10.844338
1934,11.091695
1935,9.832341
1936,4.5833335
1937,4.9202056
1938,10.757142
1939,9.31161
1940,17.930002
1941,3.4559577
1942,4.2543406
1943,0.14066696
1944,8.741419
1945,10.474364
1946,5.606904
1947,3.6552482
1948,3.7046804
1949,0.7523255
1950,6.1553903
1951,12.315938
1952,8.715855
1953,13.633411
1954,4.4
1955,13.08987
1956,14.404748
1957,9.109843
1958,20.099905
1959,2.1965506
1960,7.368988
1961,2.0792086
1962,11.580363
1963,3.652798
1964,0.7894172
1965,3.9464502
1966,12.180501
1967,10.469967
1968,11.016437
1969,9.40707
1970,10.484283
1971,10.544739
1972,4.535159
1973,10.79427
1974,9.099628
1975,5.7149324
1976,3.0538905
1977,4.5408015
1978,11.829601
1979,0.73333335
1980,9.5955515
1981,25.253777
1982,9.172334
1983,0.69913596
1984,11.708139
1985,10.506907
1986,9.417705
1987,10.568685
1988,8.39044
1989,4.093819
1990,6.9104834
1991,15.02012
1992,9.0994835
1993,19.588724
1994,0.011029124
1995,5.9557266
1996,11.409072
1997,11.183333
1998,13.753678
1999,6.163029
2000,9.02046
2001,12.273023
2002,7.9189277
2003,11.230906
2004,7.2101493
2005,4.9609475
2006,5.89845
2007,10.235388
2008,11.088039
2009,9.762222
2010,10.704492
2011,10.642727
2012,3.9609272
2013,6.729418
2014,11.49759
2015,3.3020844
2016,6.400227
2017,12.005926
2018,9.364763
2019,5.318245
2020,5.219791
2021,0.27796954
2022,11.290021
2023,10.081677
2024,11.146401
2025,43.09776
2026,7.5513525
2027,9.376062
2028,4.5131307
2029,3.6728253
2030,19.603796
2031,9.349863
2032,10.96397
2033,12.897298
2034,4.1536098
2035,13.189475
2036,9.820779
2037,9.587194
2038,26.438154
2039,8.528288
2040,4.0708127
2041,3.5098126
2042,29.953682
2043,0.05340576
2044,9.462093
2045,23.730846
2046,11.211356
2047,11.366667
2048,0.73333335
2049,19.574738
2050,9.236878
2051,9.720656
2052,32.769173
2053,3.4297972
2054,5.1857104
2055,13.889949
2056,2.9299128
2057,10.239297
2058,3.85
2059,6.5832925
2060,10.597442
2061,2.0166667
2062,10.013302
2063,0.60678846
2064,9.870107
2065,22.705343
2066,8.057303
2067,9.5416155
2068,11.177671
2069,9.169049
2070,5.592161
2071,2.3678145
2072,9.732419
2073,1.65
2074,7.812527
2075,10.198079
2076,2.0166667
2077,6.9401937
2078,2.2888849
2079,13.475924
2080,17.545565
2081,4.2166667
2082,19.434519
2083,8.759101
2084,11.145288
2085,17.819166
2086,2.5403497
2087,0.532839
2088,12.537268
2089,4.889197
2090,4.973438
2091,12.517678
2092,10.330478
2093,5.159139
2094,4.24646
2095,11.808553
2096,4.3215756
2097,4.1108527
2098,7.5585713
2099,23.25458
2100,4.0477915
2101,16.131443
2102,23.074215
2103,14.22869
2104,4.7062116
2105,1.7164418
2106,16.07581
2107,1.5704501
2108,3.048592
2109,5.2545724
2110,10.730294
2111,10.511265
2112,8.090944
2113,3.766272
2114,11.484491
2115,9.618707
2116,10.284914
2117,4.95
2118,15.814159
2119,7.0191097
2120,8.309352
2121,23.535078
2122,9.626337
2123,2.5256078
2124,9.209289
2125,2.5413566
2126,7.33524
2127,22.968239
2128,8.125055
2129,10.613163
2130,6.908907
2131,29.092049
2132,6.3327155
2133,4.7698545
2134,0.6815328
2135,4.747073
2136,13.139767
2137,22.170439
2138,9.221753
2139,2.0350618
2140,7.332974
2141,11.699215
2142,6.48615
2143,3.6666667
2144,2.4128494
2145,9.810541
2146,11.0099325
2147,8.2633505
2148,11.213197
2149,9.66713
2150,8.578992
2151,10.859529
2152,9.308416
2153,8.719297
2154,2.492639
2155,3.205989
2156,17.67851
2157,10.25649
2158,8.011738
2159,4.850866
2160,4.493621
2161,4.308793
2162,6.608712
2163,11.459164
2164,8.724186
2165,24.351477
2166,8.138829
2167,13.87889
2168,7.989738
2169,11.063284
2170,12.107359
2171,9.477297
2172,9.758236
2173,3.8702884
2174,5.1925855
2175,18.836937
2176,7.33271
2177,9.520093
2178,20.611792
2179,20.649609
2180,6.494589
2181,0.73333335
2182,8.872324
2183,12.619311
2184,0.07323424
2185,9.432886
2186,17.737997
2187,4.5390687
2188,0.8361442
2189,4.2888184
2190,0.18333334
2191,0.55
2192,31.265326
2193,19.621399
2194,0.1758337
2195,7.666099
2196,11.653568
2197,19.494112
2198,0.18333334
2199,21.947449
2200,8.088192
2201,9.468014
2202,9.672496
2203,3.3327076
2204,4.806373
2205,22.110067
2206,1.8333334
2207,1.8520999
2208,13.511911
2209,0.6668966
2210,8.185333
2211,9.787705
2212,0.06015974
2213,10.367529
2214,9.190586
2215,11.125047
2216,9.292312
2217,1.7668271
2218,5.7438874
2219,13.318235
2220,11.396197
2221,32.498367
2222,1.65
2223,18.981604
2224,7.077866
2225,6.580114
2226,9.689119
2227,6.2825675
2228,9.293423
2229,10.654754
2230,3.6998858
2231,4.5778494
2232,11.058543
2233,10.030892
2234,9.963711
2235,9.411283
2236,7.290363
2237,9.157338
2238,11.092662
2239,27.338356
2240,2.8937922
2241,13.05473
2242,7.5809827
2243,10.917969
2244,9.03029
2245,11.166388
2246,5.2891846
2247,1.004749
2248,5.12188
2249,6.8561625
2250,6.451845
2251,13.983517
2252,11.21521
2253,8.639298
2254,9.459044
2255,4.965464
2256,5.1133637
2257,9.960932
2258,4.309641
2259,0.36794612
2260,5.050461
2261,9.784341
2262,10.615771
2263,10.072046
2264,11.337704
2265,8.768637
2266,0.63114685
2267,5.4570837
2268,3.7678878
2269,12.233203
2270,7.066992
2271,1.1608732
2272,0.27422106
2273,11.139976
2274,7.717927
2275,2.5177877
2276,2.8229737
2277,5.219792
2278,4.860415
2279,27.49945
2280,3.1476285
2281,4.889276
2282,11.557617
2283,9.725012
2284,10.301195
2285,6.826044
2286,2.5188391
2287,5.778458
2288,12.068312
2289,9.399202
2290,4.515648
2291,3.0304193
2292,36.91984
2293,7.8445005
2294,0.08165838
2295,5.569299
2296,5.117165
2297,9.305875
2298,13.1821785
2299,19.697718
2300,11.356912
2301,9.077667
2302,10.047715
2303,1.8021667
2304,6.7667694
2305,10.423209
2306,8.745923
2307,10.04117
2308,6.1874385
2309,3.5229526
2310,0.45662454
2311,5.748642
2312,3.6009152
2313,11.454621
2314,10.213348
2315,8.885516
2316,9.651541
2317,10.44937
2318,0.55
2319,20.53204
2320,11.208097
2321,12.362097
2322,10.323379
2323,9.436833
2324,9.317464
2325,0.4643599
2326,9.498968
2327,17.01368
2328,3.1922262
2329,13.150533
2330,8.750068
2331,3.8884346
2332,6.0241747
2333,11.288273
2334,9.381624
2335,5.184372
2336,13.998933
2337,9.493325
2338,10.712041
2339,9.481564
2340,10.830787
2341,10.205827
2342,7.5193906
2343,11.937737
2344,2.0987196
2345,5.3695984
2346,6.05
2347,3.7336879
2348,9.694828
2349,11.212575
2350,8.780027
2351,6.961359
2352,24.088636
2353,1.9822787
2354,4.041737
2355,9.283371
2356,0.06251865
2357,8.4683895
2358,19.887709
2359,9.269635
2360,0.04666381
2361,11.246007
2362,8.603904
2363,10.931743
2364,12.451396
2365,8.320225
2366,4.9419794
2367,7.0197983
2368,12.356785
2369,10.719141
2370,10.681271
2371,9.970493
2372,3.43842
2373,7.3931603
2374,10.830165
2375,3.5627415
2376,0.86642635
2377,14.940764
2378,10.266666
2379,11.808157
2380,10.20413
2381,10.080059
2382,10.128312
2383,4.274501
2384,1.2140274
2385,4.6315184
2386,14.653218
2387,3.2133796
2388,5.555789
2389,9.052435
2390,11.152532
2391,10.80929
2392,10.576765
2393,9.544558
2394,11.973594
2395,9.368882
2396,11.254535
2397,4.7085156
2398,7.921324
2399,10.75999
2400,1.65
2401,8.764451
2402,9.687543
2403,1.1
2404,10.760877
2405,0.110771924
2406,9.620282
2407,9.745982
2408,13.713043
2409,5.7781544
2410,1.0464457
2411,11.4131365
2412,9.752657
2413,7.359836
2414,5.2080417
2415,4.1790147
2416,5.459918
2417,13.279185
2418,20.831455
2419,1.65
2420,1.9889407
2421,3.9607675
2422,6.2108426
2423,4.3031635
2424,11.168693
2425,1.1
2426,8.561982
2427,5.2488375
2428,4.2898784
2429,3.121337
2430,8.306359
2431,32.598553
2432,7.3766446
2433,12.373754
2434,11.260232
2435,4.1917567
2436,5.1836576
2437,1.2833333
2438,9.784088
2439,8.729339
2440,9.6359005
2441,1.1896158
2442,8.691735
2443,0.9166667
2444,10.018296
2445,5.8071084
2446,6.043805
2447,11.417418
2448,22.593262
2449,21.816668
2450,22.366667
2451,26.893957
2452,5.2257233
2453,7.285502
2454,15.479688
2455,10.816667
2456,9.588851
2457,8.409819
2458,11.540414
2459,13.383333
2460,6.6121964
2461,10.467145
2462,9.481707
2463,2.75
2464,9.902822
2465,11.47228
2466,16.843346
2467,2.0166667
2468,7.2939787
2469,24.067932
2470,8.779898
2471,4.0601487
2472,9.485111
2473,7.890424
2474,10.675642
2475,23.872774
2476,11.177263
2477,9.487166
2478,22.682055
2479,23.716043
2480,11.110945
2481,3.5115876
2482,17.233334
2483,12.275816
2484,10.75105
2485,8.753511
2486,20.862858
2487,9.825391
2488,22.37026
2489,10.475742
2490,10.628619
2491,11.839921
2492,0.5669594
2493,9.33255
2494,9.376699
2495,10.194025
2496,20.188082
2497,8.043223
2498,22.963724
2499,7.854634
2500,8.242315
2501,13.02233
2502,19.126535
2503,4.630367
2504,5.585592
2505,8.948619
2506,8.474124
2507,13.557592
2508,9.219357
2509,11.183333
2510,7.939086
2511,8.519159
2512,30.566826
2513,22.316032
2514,8.768282
2515,8.25
2516,3.6182668
2517,21.979826
2518,33.7434
2519,7.5128613
2520,4.0333333
2521,7.174306
2522,13.858741
2523,2.829777
2524,10.791103
2525,11.177421
2526,9.4682255
2527,9.303492
2528,12.216832
2529,9.215011
2530,0.8968513
2531,8.732557
2532,0.9402963
2533,8.07378
2534,11.628707
2535,11.333958
2536,7.9136953
2537,33.637905
2538,8.153878
2539,44.702442
2540,7.129271
2541,3.840367
2542,6.4547596
2543,10.797276
2544,5.773928
2545,2.8886132
2546,9.307781
2547,8.433333
2548,1.45389
2549,6.994606
2550,5.49927
2551,21.596697
2552,3.4833333
2553,5.3299146
2554,10.91332
2555,10.211043
2556,1.3816093
2557,7.7763267
2558,12.00223
2559,7.3455057
2560,12.542925
2561,9.796687
2562,9.6590395
2563,9.491284
2564,23.728477
2565,18.29484
2566,18.238611
2567,10.221269
2568,40.303654
2569,5.5367556
2570,3.1166666
2571,7.672363
2572,10.317591
2573,8.773751
2574,37.329037
2575,5.4821444
2576,11.106928
2577,3.6772752
2578,0.90077215
2579,5.1112046
2580,20.829798
2581,5.484063
2582,0.32403743
2583,14.766506
2584,4.4293275
2585,9.860702
2586,9.104331
2587,11.853973
2588,3.1166666
2589,16.428085
2590,0.36515126
2591,9.554492
2592,10.74558
2593,10.618552
2594,8.12067
2595,18.344337
2596,3.6822824
2597,11.134796
2598,3.9327545
2599,6.014784
2600,12.774536
2601,9.899669
2602,4.0333333
2603,4.48725
2604,9.088213
2605,15.072357
2606,17.518799
2607,0.47492984
2608,8.027992
2609,6.7833333
2610,18.661793
2611,2.83077
2612,4.6874704
2613,1.3888799
2614,2.712528
2615,0.73333335
2616,20.610863
2617,3.8315856
2618,5.119933
2619,12.259482
2620,11.050079
2621,3.8145385
2622,6.777181
2623,13.22827
2624,9.753889
2625,9.159644
2626,2.2948585
2627,8.041013
2628,8.757382
2629,11.9162655
2630,8.016546
2631,12.7393675
2632,8.777262
2633,7.191273
2634,11.133391
2635,9.9
2636,29.466885
2637,7.466145
2638,9.438157
2639,20.508606
2640,8.650394
2641,8.581374
2642,5.3296366
2643,6.33155
2644,34.527134
2645,6.587254
2646,11.416978
2647,28.15041
2648,3.4833333
2649,4.316979
2650,2.3833334
2651,22.602997
2652,10.691154
2653,7.8119836
2654,15.6967
2655,7.503098
2656,8.281388
2657,4.6103406
2658,17.198048
2659,8.14271
2660,11.996783
2661,4.076905
2662,4.7042236
2663,11.002184
2664,0.8790891
2665,8.330305
2666,11.682115
2667,0.36666667
2668,7.048104
2669,10.496389
2670,3.5776963
2671,4.6179566
2672,4.539079
2673,3.8621156
2674,11.796607
2675,28.285267
2676,9.3210945
2677,4.053792
2678,5.085627
2679,0.14474654
2680,7.8727674
2681,4.9611726
2682,4.6860647
2683,12.63482
2684,11.020197
2685,10.229798
2686,9.991988
2687,12.537307
2688,9.429415
2689,12.1345
2690,19.715588
2691,11.15808
2692,8.192366
2693,9.791561
2694,3.6385987
2695,13.442383
2696,3.857984
2697,11.190984
2698,9.185752
2699,11.311332
2700,11.355176
2701,8.899038
2702,10.332265
2703,12.429346
2704,9.708722
2705,4.4542418
2706,18.840487
2707,8.656899
2708,20.947803
2709,10.568646
2710,0.38346985
2711,5.6307974
2712,4.6932435
2713,3.4833333
2714,20.837309
2715,9.211847
2716,9.23028
2717,6.006307
2718,3.637764
2719,1.000603
2720,10.58156
2721,7.041944
2722,4.3394957
2723,5.0414147
2724,9.11963
2725,10.046879
2726,8.660541
2727,10.903291
2728,10.056032
2729,2.0583339
2730,0.16491297
2731,5.936867
2732,6.6
2733,3.8679044
2734,10.784267
2735,8.433333
2736,13.687611
2737,2.9862854
2738,0.29741395
2739,0.41993454
2740,3.4886866
2741,11.878409
2742,21.732878
2743,20.761118
2744,8.118578
2745,9.459192
2746,5.7653594
2747,4.257507
2748,7.263568
2749,9.331611
2750,9.950824
2751,9.755107
2752,11.284683
2753,11.358063
2754,4.681349
2755,3.5571647
2756,1.7555954
2757,8.298847
2758,10.399528
2759,9.927367
2760,3.6401885
2761,7.574175
2762,9.582995
2763,10.805158
2764,24.508162
2765,8.934843
2766,0.9166667
2767,21.770796
2768,3.2355783
2769,4.3430333
2770,5.648441
2771,4.728569
2772,10.17715
2773,13.67961
2774,10.745261
2775,22.669756
2776,10.497226
2777,1.2833333
2778,8.9064455
2779,3.85
2780,6.160154
2781,11.475153
2782,11.243132
2783,11.500888
2784,3.8845541
2785,4.5833335
2786,2.7952724
2787,4.9051847
2788,11.460901
2789,5.494608
2790,11.922862
2791,10.376493
2792,6.2379694
2793,4.0637126
2794,12.999842
2795,7.499191
2796,9.109721
2797,10.168935
2798,11.805204
2799,6.3926644
2800,9.483854
2801,9.994824
2802,13.075564
2803,9.00368
2804,11.189776
2805,14.046775
2806,21.86289
2807,3.5631392
2808,3.5283296
2809,0.6823009
2810,11.928889
2811,9.898318
2812,10.644568
2813,11.75237
2814,10.159467
2815,8.006082
2816,15.08281
2817,6.2351623
2818,9.0365
2819,5.3183374
2820,0.036332346
2821,4.279561
2822,13.818194
2823,7.7499156
2824,11.6646
2825,0.11430847
2826,11.196216
2827,10.488879
2828,2.5666666
2829,7.9786515
2830,0.54630977
2831,8.742465
2832,13.894359
2833,9.615605
2834,7.1389546
2835,1.8465782
2836,26.583334
2837,9.827391
2838,3.1091247
2839,1.2192063
2840,5.3943663
2841,1.0031728
2842,18.209866
2843,26.447771
2844,2.2872417
2845,5.2621503
2846,8.108351
2847,11.18505
2848,9.290523
2849,10.651827
2850,8.650832
2851,27.982061
2852,1.4381013
2853,9.716666
2854,4.14541
2855,12.693274
2856,10.137584
2857,9.459485
2858,10.130261
2859,9.229741
2860,9.751903
2861,10.645217
2862,9.494758
2863,3.465519
2864,9.016235
2865,14.586212
2866,10.337921
2867,11.151261
2868,9.053523
2869,3.8254004
2870,10.3638315
2871,3.1645432
2872,2.2625048
2873,3.2197185
2874,1.9402771
2875,22.29369
2876,9.498358
2877,4.0688257
2878,0.8357497
2879,4.5630274
2880,5.7313046
2881,4.5268006
2882,2.6126974
2883,8.688822
2884,10.21368
2885,10.324982
2886,9.924729
2887,12.4775305
2888,9.786379
2889,4.5609217
2890,5.377638
2891,8.361643
2892,7.118795
2893,2.1777284
2894,11.270007
2895,10.680742
2896,11.082981
2897,11.610774
2898,10.627126
2899,10.785115
2900,11.368406
2901,10.981889
2902,3.1166666
2903,6.1142316
2904,11.315797
2905,9.265226
2906,10.820283
2907,9.482995
2908,11.735918
2909,24.037365
2910,18.99469
2911,8.481067
2912,8.777207
2913,10.242382
2914,21.844612
2915,7.6176715
2916,7.010076
2917,3.286229
2918,0.8817779
2919,12.488378
2920,1.92021
2921,5.734113
2922,9.705489
2923,4.2395196
2924,14.808576
2925,9.0218115
2926,6.727842
2927,0.36666667
2928,24.669832
2929,3.4136512
2930,5.015002
2931,7.840858
2932,0.1516077
2933,11.01572
2934,11.317147
2935,0.55
2936,12.1
2937,1.0238848
2938,10.632651
2939,13.074982
2940,9.990084
2941,21.35327
2942,9.371322
2943,9.526956
2944,12.4141655
2945,9.589169
2946,10.599269
2947,24.933332
2948,10.633333
2949,13.886437
2950,3.5144088
2951,13.715176
2952,20.540955
2953,1.5651252
2954,28.25545
2955,8.833593
2956,12.055795
2957,40.255093
2958,3.718614
2959,11.579368
2960,21.847261
2961,7.1056957
2962,11.952586
2963,11.368222
2964,9.292072
2965,10.706478
2966,7.543233
2967,8.250713
2968,2.0228229
2969,8.305922
2970,9.717199
2971,10.1752825
2972,0.027908219
2973,5.1159854
2974,3.3662186
2975,9.192215
2976,4.1362047
2977,4.278012
2978,11.567302
2979,13.933333
2980,6.8793178
2981,11.006606
2982,9.148809
2983,12.153178
2984,11.039442
2985,0.18333334
2986,21.430859
2987,9.807706
2988,6.790863
2989,0.8940831
2990,5.0540233
2991,15.072531
2992,17.871737
2993,9.584361
2994,5.578545
2995,2.4758575
2996,9.377612
2997,8.855395
2998,11.597329
2999,11.309107
3000,10.416838
3001,1.6093255
3002,8.799235
3003,8.188407
3004,9.250165
3005,0.19074816
3006,15.433062
3007,0.73333335
3008,24.879467
3009,9.560573
3010,5.593645
3011,5.1398683
3012,11.216893
3013,31.517416
3014,4.794743
3015,12.757619
3016,3.2742283
3017,5.784842
3018,2.3335483
3019,7.9073505
3020,9.975751
3021,4.678899
3022,5.467017
3023,11.799731
3024,18.262627
3025,10.611005
3026,4.6704082
3027,14.934697
3028,4.9541125
3029,5.0651503
3030,11.207846
3031,9.492212
3032,7.8185925
3033,11.33642
3034,11.071722
3035,5.0119157
3036,5.2913156
3037,6.269243
3038,28.219479
3039,8.810043
3040,10.485677
3041,10.096073
3042,10.595242
3043,5.6449966
3044,7.497139
3045,8.707775
3046,4.042506
3047,4.2737203
3048,6.9666667
3049,12.97984
3050,28.034328
3051,1.0722613
3052,26.97517
3053,8.350968
3054,10.123425
3055,7.3744726
3056,12.536209
3057,1.9893249
3058,1.6112858
3059,4.895767
3060,1.7759804
3061,3.6138425
3062,17.141794
3063,13.401642
3064,1.4666667
3065,8.797843
3066,11.697107
3067,25.36741
3068,9.353906
3069,8.084072
3070,10.759922
3071,10.907068
3072,10.641587
3073,0.18333334
3074,25.313606
3075,0.5300309
3076,5.5549154
3077,13.594838
3078,1.444671
3079,23.417002
3080,8.569983
3081,12.581416
3082,8.473119
3083,21.740107
3084,9.293729
3085,10.273393
3086,10.684305
3087,11.612296
3088,0.47390997
3089,7.735532
3090,0.43284893
3091,8.856919
3092,5.077163
3093,5.4766464
3094,0.36666667
3095,21.309732
3096,9.196718
3097,12.331577
3098,9.369772
3099,20.31614
3100,13.298751
3101,9.110398
3102,12.265538
3103,22.04425
3104,20.580412
3105,20.438158
3106,8.414969
3107,11.10274
3108,10.51581
3109,10.131162
3110,3.9334433
3111,7.234668
3112,10.902696
3113,8.683706
3114,10.077476
3115,11.4086485
3116,11.262761
3117,21.580153
3118,8.319087
3119,7.8056655
3120,9.982573
3121,3.9959357
3122,6.8439913
3123,31.486103
3124,9.253939
3125,10.836151
3126,2.9894378
3127,5.072554
3128,10.644955
3129,21.951982
3130,21.576418
3131,9.309529
3132,10.19858
3133,7.8076396
3134,4.2166667
3135,17.98785
3136,9.239132
3137,12.1
3138,10.633333
3139,14.18401
3140,9.114053
3141,9.3003645
3142,4.4355793
3143,5.2583356
3144,8.963068
3145,9.510517
3146,8.69424
3147,10.220384
3148,10.139689
3149,9.934796
3150,1.2833333
3151,8.018613
3152,8.762744
3153,8.615468
3154,4.231386
3155,4.6949644
3156,12.010031
3157,10.098842
3158,9.71165
3159,8.322093
3160,11.41898
3161,14.348879
3162,4.2623944
3163,9.842477
3164,10.807622
3165,11.641066
3166,7.7
3167,19.438452
3168,5.869628
3169,11.837576
3170,20.806225
3171,4.0477643
3172,5.864342
3173,23.153212
3174,8.259203
3175,6.492852
3176,15.978693
3177,3.7504694
3178,7.000037
3179,12.805263
3180,22.995806
3181,2.0166667
3182,8.087263
3183,13.99174
3184,11.297666
3185,2.292911
3186,18.767529
3187,9.447986
3188,11.64268
3189,8.0457
3190,10.067981
3191,8.500059
3192,10.230264
3193,12.166303
3194,9.353388
3195,10.815714
3196,8.694108
3197,12.032364
3198,8.609812
3199,5.679025
3200,7.345636
3201,10.478709
3202,9.533334
3203,13.587661
3204,2.4950368
3205,1.0628833
3206,0.018530421
3207,3.7246675
3208,12.126512
3209,0.2559291
3210,7.5505176
3211,21.383577
3212,14.773183
3213,16.413769
3214,10.42362
3215,8.744399
3216,10.87822
3217,11.848265
3218,9.824078
3219,7.821985
3220,16.193789
3221,2.583954
3222,8.8137
3223,11.027191
3224,1.375662
3225,9.675582
3226,10.347168
3227,12.385701
3228,10.029966
3229,9.744048
3230,31.201483
3231,7.5723343
3232,8.500936
3233,15.289809
3234,2.19414
3235,19.192858
3236,8.192513
3237,10.627921
3238,3.9074554
3239,20.686811
3240,11.648869
3241,11.0461855
3242,24.073442
3243,4.8560963
3244,4.2387915
3245,4.7971945
3246,9.056
3247,11.391122
3248,14.82259
3249,0.80566937
3250,5.7671204
3251,10.89267
3252,10.051556
3253,10.279231
3254,15.892478
3255,5.575419
3256,11.340911
3257,11.108717
3258,22.217356
3259,2.8247037
3260,4.8148227
3261,8.744147
3262,13.528812
3263,13.967501
3264,10.626886
3265,0.43149778
3266,9.468014
3267,13.299731
3268,2.5209718
3269,7.231394
3270,11.024211
3271,11.527669
3272,10.954354
3273,8.983334
3274,21.507172
3275,10.611893
3276,10.821847
3277,11.885882
3278,7.7464314
3279,3.588186
3280,33.099957
3281,10.199746
3282,10.065306
3283,0.636114
3284,4.4414597
3285,3.1725302
3286,6.141372
3287,5.8792562
3288,10.370905
3289,10.889265
3290,10.846444
3291,9.940875
3292,8.900549
3293,21.896944
3294,2.6866195
3295,5.0593615
3296,0.845684
3297,2.259745
3298,22.05006
3299,8.59691
3300,8.493624
3301,14.743857
3302,3.4047098
3303,11.588892
3304,0.89497024
3305,9.689992
3306,23.64675
3307,6.7833333
3308,25.471912
3309,6.760385
3310,4.427936
3311,9.357517
3312,1.2833333
3313,5.594267
3314,11.065774
3315,11.139339
3316,9.142865
3317,11.498797
3318,13.207129
3319,9.291265
3320,9.336883
3321,10.389434
3322,6.498589
3323,3.5334823
3324,9.170491
3325,9.207419
3326,11.300535
3327,3.3
3328,16.34713
3329,12.438747
3330,8.648741
3331,9.550358
3332,27.534449
3333,6.0353413
3334,36.01414
3335,7.1713796
3336,7.5195484
3337,3.8191743
3338,10.725155
3339,11.284801
3340,11.017614
3341,11.149751
3342,7.7701416
3343,1.808736
3344,8.483396
3345,0.9166667
3346,0.19491036
3347,34.823986
3348,6.968974
3349,4.3181314
3350,4.557557
3351,0.73333335
3352,9.742922
3353,4.607783
3354,0.9693173
3355,3.7284684
3356,13.015746
3357,3.4518378
3358,5.157617
3359,9.656284
3360,9.098556
3361,8.470667
3362,0.46560505
3363,5.5918565
3364,4.4420557
3365,2.4985213
3366,2.3833334
3367,4.7048063
3368,5.9566493
3369,5.462858
3370,10.227957
3371,1.65
3372,16.9462
3373,21.088757
3374,9.391746
3375,8.274769
3376,4.973213
3377,10.713882
3378,11.149819
3379,11.547036
3380,10.770467
3381,25.120512
3382,6.651269
3383,29.639074
3384,7.3232512
3385,9.181885
3386,4.9642463
3387,3.4888186
3388,11.72594
3389,9.423587
3390,0.90181834
3391,8.860071
3392,20.490238
3393,7.775652
3394,18.583063
3395,9.332882
3396,8.878469
3397,24.385742
3398,6.9631743
3399,10.9341
3400,7.208148
3401,9.448105
3402,22.985725
3403,6.70237
3404,2.6474533
3405,6.735431
3406,11.767122
3407,16.517445
3408,4.481501
3409,3.1796167
3410,21.757643
3411,6.008719
3412,8.213148
3413,6.05
3414,16.265722
3415,7.861919
3416,10.372415
3417,20.589474
3418,10.84149
3419,4.6782627
3420,5.1828756
3421,0.7849138
3422,12.360109
3423,7.99811
3424,10.796588
3425,38.643353
3426,8.697139
3427,12.856232
3428,10.187083
3429,9.480569
3430,11.564744
3431,9.6813965
3432,11.931551
3433,7.6847076
3434,9.926744
3435,9.392567
3436,12.538369
3437,9.758447
3438,8.981415
3439,10.238674
3440,17.746687
3441,8.664978
3442,0.2826055
3443,10.997479
3444,10.491689
3445,8.174075
3446,4.9537554
3447,20.798328
3448,10.931731
3449,15.20599
3450,9.654458
3451,8.102667
3452,24.333757
3453,10.474099
3454,21.168419
3455,18.949272
3456,18.816181
3457,3.4833333
3458,3.6643877
3459,5.636507
3460,6.283946
3461,24.23697
3462,24.422209
3463,8.261428
3464,6.3335896
3465,3.772048
3466,20.936527
3467,23.833334
3468,6.4166665
3469,18.04556
3470,2.1822054
3471,10.83296
3472,9.689926
3473,4.197213
3474,4.4140153
3475,2.3070307
3476,8.1062975
3477,4.022095
3478,6.289628
3479,11.700605
3480,23.043976
3481,10.201387
3482,23.360996
3483,19.45751
3484,7.373625
3485,11.870254
3486,8.785911
3487,9.681913
3488,4.6963167
3489,5.7562456
3490,8.968062
3491,13.330671
3492,9.360312
3493,10.352625
3494,9.823297
3495,22.445995
3496,10.816667
3497,15.748794
3498,2.7204752
3499,12.573284
3500,7.7985
3501,1.6005569
3502,27.98675
3503,0.6511079
3504,4.1113696
3505,0.52404404
3506,8.848879
3507,11.551195
3508,2.7407272
3509,4.444745
3510,1.6414589
3511,10.377817
3512,11.10094
3513,2.2379425
3514,6.924643
3515,8.4214735
3516,3.7576091
3517,14.428361
3518,1.7622313
3519,7.9113636
3520,10.805064
3521,8.427714
3522,10.167863
3523,8.63474
3524,10.044747
3525,21.857025
3526,6.5597014
3527,2.3959875
3528,10.458365
3529,8.335033
3530,14.929293
3531,0.2398491
3532,5.0597057
3533,0.18333334
3534,10.440389
3535,20.030073
3536,8.617253
3537,6.337868
3538,4.612843
3539,8.711563
3540,1.0226699
3541,5.644029
3542,4.4283996
3543,9.439006
3544,9.585037
3545,5.3166666
3546,15.819379
3547,8.924988
3548,8.972949
3549,10.202118
3550,10.541266
3551,10.909387
3552,10.838998
3553,2.7773118
3554,0.55
3555,7.683143
3556,9.918597
3557,8.560736
3558,10.901744
3559,10.6281185
3560,8.950845
3561,10.561042
3562,9.063643
3563,3.192584
3564,0.060319908
3565,4.6488976
3566,8.188342
3567,13.340246
3568,6.0523744
3569,6.1569877
3570,10.399423
3571,11.855775
3572,10.340784
3573,9.848886
3574,9.549777
3575,11.982997
3576,13.828371
3577,1.65
3578,7.852713
3579,7.9213796
3580,2.2937458
3581,8.377619
3582,10.172141
3583,10.103546
3584,9.611274
3585,6.32665
3586,6.783565
3587,11.541089
3588,9.023482
3589,1.8333334
3590,7.8845944
3591,11.1631155
3592,10.405752
3593,9.221447
3594,11.699613
3595,1.2171402
3596,11.342275
3597,9.796078
3598,10.016217
3599,10.570791
3600,35.33406
3601,7.9679217
3602,21.000317
3603,3.533548
3604,4.127503
3605,24.23448
3606,10.476417
3607,22.231445
3608,1.65
3609,8.431606
3610,9.723913
3611,8.334173
3612,11.137419
3613,26.760118
3614,3.4833333
3615,17.905794
3616,2.474851
3617,8.498033
3618,2.968828
3619,7.1074705
3620,8.733881
3621,12.8003235
3622,11.114443
3623,16.128393
3624,17.082918
3625,5.249699
3626,14.789886
3627,8.901476
3628,20.502499
3629,10.03027
3630,11.185143
3631,9.197341
3632,5.4582624
3633,5.2391686
3634,11.318406
3635,8.834363
3636,12.202301
3637,2.5406282
3638,8.433333
3639,7.8048325
3640,11.289053
3641,9.478146
3642,10.062323
3643,1.2120671
3644,9.327134
3645,11.506029
3646,10.280874
3647,14.3467865
3648,4.4
3649,7.2881513
3650,12.381725
3651,6.5518494
3652,4.8868937
3653,0.9952385
3654,10.256487
3655,0.6110351
3656,11.377895
3657,6.8695016
3658,3.4833333
3659,10.443011
3660,11.405361
3661,13.943315
3662,10.452271
3663,9.015372
3664,9.853178
3665,4.921993
3666,15.057127
3667,0.046266448
3668,10.211243
3669,12.593775
3670,0.83263725
3671,8.578129
3672,9.944001
3673,11.836847
3674,9.493203
3675,2.75
3676,7.963499
3677,10.015581
3678,13.566667
3679,11.087657
3680,9.710139
3681,9.726695
3682,11.70165
3683,24.39447
3684,9.165539
3685,2.4184124
3686,10.80105
3687,2.556443
3688,7.1971946
3689,10.374758
3690,9.890729
3691,4.4
3692,18.401705
3693,8.598012
3694,15.327879
3695,5.5874457
3696,10.355792
3697,11.786819
3698,10.048534
3699,8.208964
3700,9.756513
3701,9.6751995
3702,0.15233622
3703,18.538727
3704,4.409406
3705,3.4551752
3706,13.830568
3707,11.366667
3708,7.812674
3709,0.69603664
3710,8.518948
3711,9.192796
3712,9.298868
3713,1.3197263
3714,10.371752
3715,6.7833333
3716,13.975157
3717,10.93156
3718,11.5274315
3719,10.349394
3720,11.55
3721,8.595929
3722,1.2833333
3723,8.342691
3724,4.610288
3725,0.48455933
3726,3.7027736
3727,1.8333334
3728,11.535844
3729,10.859913
3730,0.55
3731,8.708055
3732,9.57052
3733,11.961038
3734,9.181924
3735,3.6386788
3736,4.0638576
3737,2.7944515
3738,15.4
3739,1.7434889
3740,16.449821
3741,17.45445
3742,6.8201885
3743,9.311662
3744,10.5623255
3745,11.222681
3746,7.9049945
3747,1.65
3748,22.732033
3749,6.8776083
3750,8.483715
3751,11.014185
3752,4.5833335
3753,5.6833334
3754,8.460164
3755,10.142009
3756,0.18333334
3757,8.72171
3758,12.36203
3759,11.270906
3760,11.533062
3761,8.228476
3762,10.319843
3763,8.656157
3764,10.323923
3765,6.2709513
3766,2.7120247
3767,9.776022
3768,14.652425
3769,2.9087725
3770,1.0527638
3771,1.1735624
3772,7.5580153
3773,30.616667
3774,4.90525
3775,3.5256944
3776,9.678285
3777,18.26652
3778,7.338748
3779,9.520955
3780,9.595658
3781,10.255231
3782,34.673347
3783,8.396293
3784,8.725471
3785,12.44308
3786,10.175769
3787,9.184424
3788,7.3823795
3789,8.587453
3790,5.011122
3791,5.9846897
3792,4.5833335
3793,4.911993
3794,11.854916
3795,9.038633
3796,10.182725
3797,11.195937
3798,9.354948
3799,10.498286
3800,4.2314663
3801,4.6941314
3802,11.055774
3803,6.233333
3804,8.033951
3805,4.3203034
3806,18.271778
3807,21.201796
3808,3.2424395
3809,5.3637424
3810,5.179631
3811,2.7982392
3812,0.0036954875
3813,11.890598
3814,10.759379
3815,4.8966675
3816,4.1802325
3817,4.2870574
3818,5.2532625
3819,10.620607
3820,13.861618
3821,1.6178688
3822,1.0993084
3823,3.510144
3824,7.281847
3825,2.3238525
3826,20.751001
3827,1.7001892
3828,7.2913575
3829,4.5833335
3830,5.8981576
3831,12.466666
3832,6.0804553
3833,24.661856
3834,23.484497
3835,9.020923
3836,11.729348
3837,10.465994
3838,22.13905
3839,8.663905
3840,10.949919
3841,4.0163465
3842,6.1015024
3843,4.5282974
3844,15.61508
3845,8.048549
3846,18.313885
3847,8.661589
3848,9.600904
3849,6.0836077
3850,4.0416718
3851,10.424707
3852,10.210315
3853,12.355935
3854,9.612443
3855,11.533156
3856,10.433675
3857,5.027016
3858,32.683945
3859,19.231983
3860,3.9556296
3861,10.238435
3862,5.53355
3863,5.314523
3864,6.0544677
3865,11.506135
3866,10.997812
3867,7.6975293
3868,3.883759
3869,6.280172
3870,2.6571214
3871,6.7455235
3872,11.613926
3873,11.861604
3874,4.5916367
3875,3.6663613
3876,9.703385
3877,31.483988
3878,7.882398
3879,10.912353
3880,8.195705
3881,9.35
3882,1.4590156
3883,1.0384454
3884,7.858011
3885,8.682924
3886,8.1743
3887,13.681692
3888,9.534863
3889,8.539943
3890,5.102913
3891,5.015625
3892,9.937033
3893,22.174614
3894,10.055569
3895,12.004175
3896,29.189177
3897,4.0655804
3898,9.58787
3899,21.68886
3900,9.478119
3901,20.630468
3902,2.2413473
3903,6.5767503
3904,8.501504
3905,9.700628
3906,0.6554789
3907,7.0408854
3908,8.35416
3909,3.3323104
3910,12.287604
3911,23.474438
3912,2.9474497
3913,5.1054688
3914,21.134552
3915,2.7655494
3916,0.31389132
3917,4.610593
3918,9.162441
3919,9.739862
3920,11.532611
3921,9.95542
3922,11.262351
3923,10.121597
3924,8.39783
3925,4.884707
3926,0.020676188
3927,4.345642
3928,9.874967
3929,21.431404
3930,8.950711
3931,10.009765
3932,10.094801
3933,4.4599643
3934,0.0011920931
3935,5.9266763
3936,5.448037
3937,2.8900702
3938,19.750792
3939,2.9616232
3940,0.9020699
3941,10.173614
3942,11.800383
3943,23.820574
3944,8.826957
3945,9.330363
3946,9.134532
3947,10.491199
3948,8.589108
3949,0.13800463
3950,8.557889
3951,4.021314
3952,5.1672063
3953,11.724656
3954,7.478291
3955,12.438617
3956,2.9900737
3957,5.880012
3958,11.878915
3959,10.41333
3960,10.019265
3961,9.73907
3962,9.260945
3963,9.958797
3964,8.596169
3965,10.894498
3966,9.115895
3967,11.190706
3968,11.755337
3969,10.731498
3970,9.046914
3971,21.905832
3972,20.88748
3973,0.55
3974,8.104536
3975,11.487748
3976,7.7276764
3977,10.869916
3978,10.748266
3979,1.4964607
3980,4.8892627
3981,4.5215425
3982,11.916667
3983,0.9078317
3984,10.341526
3985,9.849337
3986,11.436277
3987,9.633581
3988,12.285804
3989,0.42092794
3990,10.046456
3991,9.947286
3992,22.301844
3993,4.373484
3994,4.4020686
3995,11.394262
3996,1.9532574
3997,11.18387
3998,3.6666667
3999,6.73404
4000,6.2089486
4001,6.392334
4002,23.563835
4003,9.701411
4004,9.514331
4005,11.2060995
4006,9.695002
4007,33.711037
4008,6.48717
4009,9.889284
4010,11.389587
4011,11.615236
4012,11.926715
4013,10.425462
4014,11.06008
4015,2.5666666
4016,19.285547
4017,0.07890331
4018,8.850629
4019,8.42268
4020,10.263682
4021,22.19742
4022,21.243904
4023,0.73333335
4024,20.388643
4025,8.709351
4026,12.264597
4027,3.6039348
4028,6.932325
4029,11.806226
4030,11.428847
4031,11.178809
4032,5.2710114
4033,10.884816
4034,9.166667
4035,2.9333334
4036,2.5243096
4037,1.4666667
4038,80.564766
4039,11.926823
4040,0.2725257
4041,12.312626
4042,21.43502
4043,0.20481482
4044,8.322331
4045,33.750374
4046,7.276998
4047,10.222688
4048,3.3763516
4049,7.9180126
4050,23.35693
4051,7.287186
4052,4.3362646
4053,30.053192
4054,2.9343498
4055,4.4630237
4056,22.847443
4057,9.401944
4058,22.4507
4059,11.665264
4060,0.55
4061,8.719192
4062,5.694349
4063,5.726524
4064,11.331387
4065,9.148401
4066,42.981945
4067,14.768812
4068,13.219687
4069,11.0
4070,11.596033
4071,7.3294635
4072,34.742424
4073,5.5379734
4074,1.4346837
4075,20.659895
4076,9.169022
4077,4.245189
4078,5.130821
4079,8.047117
4080,11.007244
4081,12.73093
4082,10.389091
4083,9.083259
4084,11.653346
4085,10.305353
4086,8.888471
4087,23.524788
4088,14.030547
4089,4.9136343
4090,13.976058
4091,21.159184
4092,9.118148
4093,8.94875
4094,5.766605
4095,0.20975539
4096,5.4322753
4097,12.968951
4098,34.660522
4099,16.512577
4100,7.834727
4101,7.883333
4102,32.700394
4103,4.28331
4104,22.384045
4105,6.6
4106,49.883976
4107,11.672788
4108,23.723381
4109,9.649821
4110,9.070583
4111,12.65
4112,7.2592883
4113,2.9675162
4114,4.8334203
4115,1.6611682
4116,3.4833333
4117,7.1722393
4118,12.683457
4119,11.247635
4120,11.203448
4121,9.040145
4122,10.019488
4123,9.018435
4124,1.4743142
4125,4.483527
4126,3.9603713
4127,21.661736
4128,8.903914
4129,20.989857
4130,6.6642904
4131,2.1766818
4132,15.078254
4133,2.0166667
4134,23.509806
4135,5.6833334
4136,11.366667
4137,24.79923
4138,2.7737224
4139,17.91615
4140,7.667913
4141,9.975923
4142,5.0816946
4143,4.0333333
4144,1.3656883
4145,4.4912767
4146,6.072814
4147,21.754915
4148,9.65949
4149,4.377034
4150,5.3891735
4151,22.23918
4152,10.123174
4153,4.766667
4154,19.012264
4155,18.620544
4156,8.309999
4157,9.617754
4158,7.5720034
4159,4.4121075
4160,1.7182268
4161,4.1599174
4162,0.0062518665
4163,6.907251
4164,4.590856
4165,12.034627
4166,6.413765
4167,21.99527
4168,8.15291
4169,5.111985
4170,2.0166667
4171,1.650943
4172,6.7073107
4173,18.272615
4174,1.8319557
4175,6.4937406
4176,6.05
4177,14.042577
4178,10.7907715
4179,2.0166667
4180,8.824046
4181,9.057443
4182,11.061245
4183,2.973901
4184,4.2472954
4185,9.436753
4186,11.165023
4187,11.320923
4188,7.9599752
4189,7.0647807
4190,14.501084
4191,1.404802
4192,5.6006107
4193,21.906694
4194,9.107749
4195,16.896616
4196,4.003034
4197,9.919737
4198,11.4829
4199,11.909934
4200,10.067755
4201,4.6011477
4202,4.4539504
4203,22.759687
4204,7.607817
4205,0.29069847
4206,9.147075
4207,1.9839475
4208,3.099441
4209,3.9663322
4210,9.149249
4211,13.555858
4212,4.5694256
4213,20.242584
4214,0.73333335
4215,9.4509535
4216,9.542954
4217,0.75758845
4218,12.427634
4219,22.225328
4220,3.9298272
4221,6.821076
4222,9.8498125
4223,11.650165
4224,1.6340019
4225,13.535183
4226,8.17148
4227,0.37757552
4228,10.020522
4229,0.764966
4230,7.9265575
4231,12.057027
4232,1.8680893
4233,1.6029869
4234,2.8052278
4235,2.1092093
4236,9.836263
4237,8.061422
4238,7.495523
4239,12.314506
4240,10.104777
4241,24.239632
4242,32.70208
4243,9.263674
4244,5.618467
4245,4.369987
4246,0.13935566
4247,6.3319073
4248,19.790972
4249,9.989977
4250,4.3226213
4251,5.7079005
4252,2.155198
4253,5.559563
4254,24.365442
4255,7.117999
4256,23.699614
4257,7.549486
4258,0.097473465
4259,11.263621
4260,5.987472
4261,2.2878118
4262,11.680773
4263,5.9718037
4264,5.348033
4265,10.925108
4266,9.005997
4267,12.27453
4268,18.241142
4269,21.202433
4270,8.6427
4271,9.075217
4272,8.94846
4273,8.874442
4274,10.874591
4275,17.64994
4276,15.155459
4277,0.36666667
4278,2.903025
4279,10.855383
4280,12.889901
4281,9.572253
4282,10.530074
4283,10.497756
4284,11.013983
4285,9.482901
4286,2.2282865
4287,5.589035
4288,7.5301723
4289,9.35083
4290,9.808289
4291,9.452567
4292,18.65898
4293,10.558352
4294,2.1022823
4295,7.4026055
4296,19.040348
4297,8.312743
4298,4.5916767
4299,5.5212574
4300,10.58372
4301,26.87477
4302,7.7740216
4303,19.572298
4304,6.0892105
4305,9.351465
4306,10.493437
4307,8.42146
4308,19.979065
4309,3.0831363
4310,4.976524
4311,10.681097
4312,6.233333
4313,2.6243925
4314,9.460398
4315,9.1258955
4316,10.6484375
4317,9.362884
4318,33.617912
4319,7.20909
4320,8.688237
4321,0.31369266
4322,11.690618
4323,9.734684
4324,10.292716
4325,8.877755
4326,24.41136
4327,7.0028963
4328,1.65
4329,8.091834
4330,9.602786
4331,10.546088
4332,11.588695
4333,11.046926
4334,10.235032
4335,9.094238
4336,10.440961
4337,4.403658
4338,4.11643
4339,10.863994
4340,20.196733
4341,6.577319
4342,10.142381
4343,15.846732
4344,3.306137
4345,22.32856
4346,8.812189
4347,10.74069
4348,1.1
4349,8.066178
4350,10.693868
4351,9.293093
4352,8.829647
4353,9.608016
4354,10.573759
4355,8.059794
4356,10.718135
4357,11.77568
4358,3.816022
4359,5.2018685
4360,2.3833334
4361,9.628958
4362,8.971109
4363,10.221971
4364,21.66039
4365,8.607878
4366,3.8160222
4367,0.6433328
4368,4.7892995
4369,1.1190838
4370,8.6569
4371,8.792692
4372,2.928548
4373,11.4760685
4374,20.423466
4375,3.1285288
4376,6.5754795
4377,11.210785
4378,22.29361
4379,10.27604
4380,8.457117
4381,10.224011
4382,0.8686648
4383,4.4274735
4384,4.3651786
4385,11.516466
4386,10.302411
4387,12.600555
4388,12.721763
4389,34.16097
4390,5.678694
4391,13.154786
4392,4.95
4393,1.8333334
4394,16.475224
4395,10.623257
4396,3.357635
4397,15.392051
4398,3.0331085
4399,5.8532953
4400,9.625737
4401,1.7016462
4402,10.209705
4403,0.28313535
4404,9.893404
4405,10.939481
4406,7.795306
4407,11.565633
4408,10.127359
4409,11.651517
4410,3.72084
4411,8.616667
4412,17.12957
4413,22.020195
4414,8.682661
4415,11.757931
4416,10.47614
4417,20.202517
4418,9.63382
4419,10.348332
4420,5.895137
4421,3.8834279
4422,13.75
4423,6.8298306
4424,2.894839
4425,7.292853
4426,4.218261
4427,0.39437085
4428,6.388373
4429,10.723391
4430,2.957331
4431,5.536291
4432,6.78791
4433,4.090653
4434,0.50685143
4435,11.360461
4436,10.77501
4437,12.7223625
4438,9.658323
4439,11.889856
4440,20.914091
4441,10.984805
4442,7.7
4443,2.988948
4444,2.9333334
4445,8.017169
4446,11.143274
4447,8.200937
4448,11.826633
4449,6.3201194
4450,4.453276
4451,11.314539
4452,1.404405
4453,4.8610363
4454,33.09846
4455,6.4423075
4456,11.841907
4457,6.6414013
4458,4.7450857
4459,11.134954
4460,3.350642
4461,2.75
4462,5.000287
4463,6.4166665
4464,4.898125
4465,14.5854
4466,10.781739
4467,8.894323
4468,11.893353
4469,21.277985
4470,9.575421
4471,8.155413
4472,11.19411
4473,4.3065677
4474,11.36491
4475,6.608355
4476,10.273696
4477,21.144274
4478,6.9913726
4479,8.797408
4480,4.1358867
4481,4.8624554
4482,15.204986
4483,4.596074
4484,0.6781684
4485,4.277918
4486,0.73333335
4487,20.545572
4488,6.935597
4489,6.9666667
4490,11.308563
4491,9.207711
4492,11.827561
4493,20.079268
4494,0.24931958
4495,5.332734
4496,13.077204
4497,2.9499135
4498,2.4166505
4499,3.7777953
4500,5.866667
4501,6.156008
4502,9.102079
4503,11.141565
4504,3.5291781
4505,3.5969553
4506,2.75
4507,32.67326
4508,20.836882
4509,8.865595
4510,4.0333333
4511,6.598724
4512,12.005131
4513,3.1976974
4514,7.983035
4515,10.311114
4516,11.972917
4517,11.073896
4518,18.36096
4519,9.864833
4520,8.28882
4521,8.820495
4522,10.052508
4523,9.15922
4524,7.7023253
4525,11.811904
4526,4.5563784
4527,2.0475528
4528,3.104355
4529,0.20070873
4530,11.194057
4531,15.727719
4532,11.250749
4533,0.29155943
4534,6.947148
4535,0.6024837
4536,6.9332113
4537,1.65
4538,8.488325
4539,9.840487
4540,6.604764
4541,1.9669665
4542,7.2012477
4543,4.492071
4544,0.18333334
4545,11.662006
4546,1.2833333
4547,8.998898
4548,6.4454207
4549,13.394014
4550,1.5597613
4551,6.8606415
4552,10.925742
4553,6.8036456
4554,3.3760068
4555,5.74165
4556,11.40584
4557,8.683045
4558,9.193737
4559,0.36666667
4560,7.8792706
4561,7.35875
4562,12.499677
4563,1.9081038
4564,3.9830465
4565,7.639634
4566,1.0916789
4567,6.9787903
4568,12.048671
4569,9.162057
4570,7.3205385
4571,0.9329717
4572,12.0347595
4573,13.464408
4574,5.052103
4575,5.604307
4576,10.297047
4577,12.052338
4578,8.101569
4579,7.680007
4580,8.440297
4581,3.8711493
4582,11.561701
4583,8.6415205
4584,10.822152
4585,9.364262
4586,10.634264
4587,4.7830486
4588,4.8151956
4589,9.810065
4590,5.267184
4591,4.9877295
4592,9.047587
4593,5.542755
4594,14.683604
4595,10.39207
4596,3.9624777
4597,3.750749
4598,19.76375
4599,8.469938
4600,4.3416424
4601,6.2784505
4602,3.9813657
4603,0.026711825
4604,7.212193
4605,10.799078
4606,10.276107
4607,8.509357
4608,7.4522758
4609,1.7214087
4610,4.522986
4611,3.3720343
4612,1.163443
4613,9.804594
4614,4.563159
4615,5.7412515
4616,12.169004
4617,8.72722
4618,13.399707
4619,6.895741
4620,8.770175
4621,0.31556022
4622,2.2
4623,7.696919
4624,4.015353
4625,4.0165057
4626,0.21436483
4627,2.1888812
4628,3.505574
4629,5.119416
4630,9.147778
4631,4.8043337
4632,4.399577
4633,5.3292637
4634,7.1327167
4635,8.797276
4636,8.59099
4637,8.323801
4638,7.061111
4639,7.5064516
4640,5.117628
4641,5.4188566
4642,7.0677075
4643,6.9666667
4644,0.92507744
4645,24.221224
4646,9.277093
4647,22.168451
4648,10.119305
4649,10.102986
4650,11.851286
4651,10.507626
4652,10.446138
4653,3.5730467
4654,6.217626
4655,8.748227
4656,10.884272
4657,7.15
4658,2.441658
4659,11.611302
4660,11.032343
4661,6.9666667
4662,3.2253535
4663,0.18333334
4664,10.200344
4665,9.502199
4666,20.789425
4667,21.400408
4668,9.127364
4669,7.450674
4670,5.539498
4671,6.8205066
4672,14.782611
4673,3.75851
4674,1.4728838
4675,8.784532
4676,10.799714
4677,9.96967
4678,12.5777855
4679,11.663291
4680,27.882086
4681,7.883333
4682,33.423004
4683,8.984567
4684,24.148664
4685,9.3176365
4686,7.80907
4687,1.4666667
4688,6.6
4689,3.353834
4690,2.208869
4691,4.7716575
4692,4.3686366
4693,11.80792
4694,2.5666666
4695,6.539213
4696,23.950573
4697,7.495059
4698,4.666144
4699,3.91376
4700,3.3283894
4701,7.2416058
4702,13.906004
4703,6.545543
4704,10.112246
4705,9.726538
4706,10.847753
4707,3.8170676
4708,5.5312047
4709,10.5322485
4710,9.379758
4711,12.5282755
4712,14.152432
4713,11.071509
4714,9.37801
4715,12.36427
4716,10.566858
4717,1.3715293
4718,8.966404
4719,16.5
4720,4.626592
4721,12.027463
4722,0.0076029035
4723,11.923938
4724,5.5085025
4725,2.1589334
4726,11.573938
4727,11.071549
4728,12.65
4729,17.61137
4730,21.35763
4731,8.029726
4732,16.678358
4733,7.516667
4734,5.3101125
4735,3.9644384
4736,0.61613995
4737,5.981062
4738,6.3939223
4739,4.2909117
4740,11.272298
4741,3.62987
4742,4.0888
4743,19.05362
4744,9.886688
4745,10.873106
4746,0.56415135
4747,8.145928
4748,9.452197
4749,5.014407
4750,3.94241
4751,14.38439
4752,1.2525849
4753,10.522684
4754,4.361206
4755,9.697915
4756,0.73333335
4757,10.844138
4758,8.408798
4759,1.8333334
4760,8.498511
4761,4.5348535
4762,1.65
4763,12.342558
4764,7.4098763
4765,4.090375
4766,5.9665713
4767,10.133108
4768,8.22127
4769,10.098696
4770,10.444018
4771,9.664549
4772,9.921617
4773,17.864214
4774,5.7869353
4775,0.025312109
4776,5.1929293
4777,22.574825
4778,3.1166666
4779,6.4166665
4780,11.163499
4781,8.315431
4782,9.277093
4783,0.9043482
4784,10.083333
4785,20.186728
4786,30.423595
4787,7.514555
4788,11.765613
4789,10.87255
4790,10.917493
4791,8.143544
4792,10.211031
4793,0.19931793
4794,10.924869
4795,9.739559
4796,9.254947
4797,9.402274
4798,21.57528
4799,8.208632
4800,11.757162
4801,8.655733
4802,1.2933019
4803,4.223068
4804,5.206015
4805,9.659848
4806,8.866787
4807,9.492187
4808,13.833525
4809,12.452855
4810,9.360274
4811,7.359929
4812,11.363877
4813,10.425091
4814,10.885092
4815,8.955479
4816,9.396606
4817,0.9109709
4818,9.233659
4819,22.224178
4820,22.3485
4821,11.227143
4822,5.5578947
4823,17.473457
4824,3.3563108
4825,11.870278
4826,16.451042
4827,20.058475
4828,11.153182
4829,7.2150087
4830,0.02654394
4831,4.377829
4832,13.050358
4833,8.701377
4834,9.860437
4835,11.006967
4836,21.60503
4837,9.332591
4838,11.025152
4839,1.65
4840,32.222603
4841,8.872853
4842,3.6250625
4843,0.08974983
4844,6.923558
4845,10.626886
4846,12.0212755
4847,8.0814905
4848,10.0368
4849,19.47571
4850,11.252256
4851,3.022539
4852,5.5429535
4853,12.427317
4854,9.576174
4855,5.6833334
4856,43.8847
4857,5.0573673
4858,7.25306
4859,0.056147575
4860,5.335982
4861,5.875214
4862,9.377463
4863,1.9705297
4864,13.735586
4865,3.5193045
4866,12.150057
4867,10.297769
4868,7.852577
4869,5.4270186
4870,0.54646325
4871,5.5509653
4872,21.139326
4873,1.0256133
4874,7.4121957
4875,7.431078
4876,9.755483
4877,8.74846
4878,10.567776
4879,8.0903225
4880,9.454915
4881,9.628066
4882,19.163948
4883,10.017004
4884,6.658069
4885,0.21178673
4886,1.3279603
4887,11.859298
4888,10.894108
4889,8.721599
4890,1.6959745
4891,4.1079764
4892,2.7889175
4893,10.466099
4894,9.4119625
4895,9.644938
4896,1.9140877
4897,3.0562398
4898,28.236877
4899,8.478586
4900,11.8662195
4901,5.49415
4902,11.289742
4903,4.8215227
4904,25.30048
4905,16.953373
4906,5.7669086
4907,9.888864
4908,9.362986
4909,4.6862926
4910,5.232254
4911,2.6898394
4912,7.2276034
4913,10.275493
4914,10.208146
4915,9.761438
4916,8.041675
4917,8.511964
4918,4.9116225
4919,2.3480976
4920,8.638523
4921,2.6894255
4922,7.495222
4923,7.4455338
4924,4.2406244
4925,4.4407935
4926,8.661183
4927,8.777936
4928,18.129
4929,0.8490403
4930,9.343003
4931,0.36666667
4932,8.537357
4933,8.2855625
4934,23.988405
4935,5.167389
4936,5.2913747
4937,4.0876865
4938,11.34209
4939,9.196568
4940,6.3189588
4941,17.551191
4942,7.206479
4943,5.0689225
4944,13.0286455
4945,2.2151551
4946,5.570364
4947,9.218321
4948,31.36124
4949,16.416271
4950,1.2833333
4951,4.73593
4952,1.8744625
4953,8.392992
4954,10.311604
4955,5.5
4956,3.1319458
4957,10.443329
4958,2.7384045
4959,5.521543
4960,0.43276146
4961,4.8273163
4962,3.210465
4963,18.372877
4964,8.342759
4965,8.20935
4966,10.152482
4967,7.501443
4968,9.652631
4969,7.620732
4970,10.633794
4971,11.314106
4972,2.4955904
4973,3.9085474
4974,2.129777
4975,6.8075337
4976,10.663859
4977,5.6833334
4978,12.14977
4979,8.634845
4980,7.945014
4981,9.342257
4982,8.572546
4983,17.431269
4984,5.538965
4985,1.2431064
4986,3.5663123
4987,2.5930884
4988,8.726406
4989,10.29547
4990,5.5581493
4991,9.975561
4992,6.3587737
4993,1.7923435
4994,17.112923
4995,17.96996
4996,7.3926306
4997,6.55117
4998,10.586167
4999,8.714391
5000,10.211461
5001,9.647291
5002,2.621905
5003,4.66787
5004,10.854254
5005,3.5312247
5006,0.2058177
5007,4.2192626
5008,18.133928
5009,6.969889
5010,10.164048
5011,9.339547
5012,1.4666667
5013,1.4666667
5014,13.094277
5015,21.098001
5016,18.539738
5017,7.3817487
5018,8.326173
5019,8.074634
5020,8.2952585
5021,7.860789
5022,0.73143643
5023,21.029585
5024,0.36666667
5025,27.435297
5026,6.948281
5027,7.61776
5028,2.7760344
5029,5.722754
5030,9.578913
5031,7.4799533
5032,18.632908
5033,9.597142
5034,9.049988
5035,9.866683
5036,3.3943663
5037,5.050667
5038,0.31167677
5039,3.9540772
5040,4.274591
5041,9.973591
5042,8.133126
5043,18.828863
5044,3.3508542
5045,4.169003
5046,11.451517
5047,19.798166
5048,7.610926
5049,7.516667
5050,11.605294
5051,3.0086045
5052,0.8103768
5053,3.59919
5054,0.04310608
5055,0.6340662
5056,11.190629
5057,7.453888
5058,21.096388
5059,1.6782526
5060,5.050612
5061,11.073288
5062,6.0480604
5063,10.264326
5064,2.6209116
5065,9.940251
5066,4.3930845
5067,8.332069
5068,8.346249
5069,10.600982
5070,6.627576
5071,0.67334974
5072,20.964964
5073,5.9811115
5074,10.054867
5075,0.36666667
5076,7.6910806
5077,8.93398
5078,6.2040243
5079,11.611645
5080,9.954819
5081,20.382074
5082,8.108434
5083,9.7686825
5084,9.635456
5085,1.2459998
5086,9.283274
5087,11.906132
5088,8.982761
5089,1.7183784
5090,4.5455365
5091,2.0593402
5092,1.2833333
5093,17.811441
5094,1.4666667
5095,3.7698512
5096,7.523728
5097,1.1173564
5098,9.202639
5099,6.8309145
5100,9.706832
5101,9.996184
5102,25.522942
5103,6.2484574
5104,1.8514553
5105,8.729808
5106,8.77556
5107,8.932113
5108,19.244345
5109,8.108678
5110,2.1734874
5111,4.445203
5112,25.74879
5113,7.0809765
5114,9.959521
5115,11.347684
5116,16.569511
5117,2.6921594
5118,5.7378063
5119,10.735799
5120,7.4166303
5121,8.066667
5122,9.051926
5123,8.631803
5124,11.249374
5125,11.326369
5126,8.040301
5127,9.508816
5128,8.679008
5129,9.890208
5130,7.1575713
5131,8.199177
5132,0.9308895
5133,7.086659
5134,8.827622
5135,16.133333
5136,20.66576
5137,1.4488537
5138,4.808125
5139,8.302244
5140,10.042699
5141,7.8671465
5142,9.006562
5143,9.313783
5144,9.016085
5145,7.091435
5146,16.315886
5147,16.791128
5148,5.7866497
5149,7.4389853
5150,19.82881
5151,0.9166667
5152,5.695224
5153,9.400296
5154,8.259782
5155,20.56421
5156,7.626343
5157,8.04363
5158,0.39951006
5159,3.8408682
5160,17.059597
5161,14.67293
5162,8.928538
5163,8.652449
5164,8.092023
5165,7.0305343
5166,8.525235
5167,4.01512
5168,3.3517683
5169,4.7759776
5170,5.72137
5171,8.979313
5172,0.22563142
5173,9.936954
5174,9.348266
5175,11.55
5176,2.6442761
5177,9.734696
5178,4.6430826
5179,4.953615
5180,9.798472
5181,8.55705
5182,1.8333334
5183,7.798004
5184,20.232044
5185,6.540862
5186,9.341747
5187,24.490126
5188,4.6832013
5189,7.8725653
5190,9.934751
5191,14.782685
5192,2.4184701
5193,11.610826
5194,23.914206
5195,0.49304962
5196,27.269173
5197,8.2877245
5198,9.875243
5199,10.881064
5200,1.9573767
5201,0.6482839
5202,8.861574
5203,29.474773
5204,7.105955
5205,9.997654
5206,1.9648788
5207,7.5187845
5208,2.3175714
5209,5.9870014
5210,42.144512
5211,6.420445
5212,20.79065
5213,6.725899
5214,11.403005
5215,8.924581
5216,10.140729
5217,9.286124
5218,8.688925
5219,11.624052
5220,9.734098
5221,1.65
5222,6.935747
5223,1.996096
5224,3.6831143
5225,15.089848
5226,8.371633
5227,8.502578
5228,9.30132
5229,8.213806
5230,8.18239
5231,7.489276
5232,10.306765
5233,7.0057077
5234,8.706801
5235,9.443783
5236,10.236502
5237,1.663462
5238,3.7120738
5239,3.552723
5240,11.544499
5241,2.543195
5242,4.7891307
5243,10.457031
5244,9.833917
5245,1.1
5246,9.484665
5247,18.762112
5248,7.858468
5249,6.153647
5250,9.237101
5251,5.5231094
5252,16.565142
5253,7.9621615
5254,8.1242485
5255,19.086433
5256,11.273789
5257,1.4007488
5258,4.0177264
5259,12.788723
5260,7.0000157
5261,0.054518383
5262,9.010974
5263,10.692708
5264,10.552739
5265,10.285051
5266,3.6630392
5267,4.6142025
5268,20.139824
5269,8.067504
5270,10.810168
5271,10.391117
5272,9.728058
5273,9.750136
5274,9.309015
5275,7.8925624
5276,7.7416906
5277,2.0594277
5278,20.450172
5279,8.367404
5280,1.8481017
5281,7.775474
5282,9.077246
5283,3.6356375
5284,5.7692933
5285,2.3833334
5286,6.8796163
5287,9.491339
5288,3.1424124
5289,6.988438
5290,2.3833334
5291,8.629228
5292,9.785352
5293,20.880987
5294,2.40066
5295,3.876059
5296,11.359977
5297,3.7420354
5298,5.372581
5299,11.803403
5300,4.262074
5301,5.428847
5302,9.441256
5303,9.9389305
5304,10.070978
5305,8.898687
5306,11.531606
5307,8.163857
5308,23.186705
5309,1.8333334
5310,6.0195923
5311,5.866667
5312,3.2607317
5313,5.94694
5314,4.5109997
5315,0.7200798
5316,3.3
5317,16.849081
5318,7.3767743
5319,11.326583
5320,4.016781
5321,2.6788554
5322,8.031106
5323,9.286515
5324,2.619497
5325,6.9568086
5326,8.989882
5327,8.690405
5328,1.8333334
5329,0.52046776
5330,16.57362
5331,10.293628
5332,4.815158
5333,3.160795
5334,3.1663585
5335,4.957295
5336,6.843376
5337,5.5
5338,11.28572
5339,18.253563
5340,17.68247
5341,16.98516
5342,2.2213063
5343,6.178467
5344,14.266341
5345,2.7232885
5346,8.632295
5347,38.866665
5348,7.0233912
5349,3.6426146
5350,3.7597265
5351,3.2475235
5352,8.215421
5353,10.372496
5354,8.237729
5355,8.192461
5356,21.685774
5357,1.4666667
5358,6.8754516
5359,10.59351
5360,2.8122587
5361,7.396117
5362,3.6480825
5363,0.6012888
5364,2.9173644
5365,2.9961824
5366,2.0477374
5367,3.8285892
5368,9.875917
5369,7.2638426
5370,9.043153
5371,4.6524568
5372,1.7894062
5373,5.4907727
5374,10.137195
5375,16.768389
5376,6.4166665
5377,2.3850281
5378,9.46684
5379,4.624986
5380,3.234005
5381,9.659878
5382,6.138976
5383,2.2685368
5384,9.799139
5385,18.426697
5386,8.464551
5387,8.2120905
5388,8.84557
5389,1.981997
5390,7.6096773
5391,8.230441
5392,9.506204
5393,18.453993
5394,7.530848
5395,7.557902
5396,8.092109
5397,1.8333334
5398,6.6284986
5399,7.590866
5400,19.325136
5401,14.919056
5402,3.0595856
5403,19.035727
5404,1.6195375
5405,14.400985
5406,4.747192
5407,3.123418
5408,1.2833333
5409,9.623241
5410,8.384958
5411,21.598833
5412,6.748939
5413,8.941149
5414,7.4487686
5415,22.213224
5416,8.203198
5417,8.458027
5418,15.342689
5419,8.059003
5420,8.442713
5421,3.3
5422,1.420903
5423,5.498139
5424,3.3401892
5425,0.55
5426,4.675817
5427,9.576321
5428,16.245447
5429,7.597883
5430,9.184996
5431,7.337108
5432,7.9890814
5433,17.103935
5434,15.980986
5435,17.416666
5436,19.080915
5437,7.602653
5438,2.5417645
5439,5.902831
5440,8.606878
5441,11.226377
5442,2.6355665
5443,5.8326335
5444,9.252597
5445,7.1184316
5446,9.194597
5447,19.091036
5448,3.2209396
5449,7.4452963
5450,21.12434
5451,0.73333335
5452,2.0166667
5453,45.08391
5454,4.364157
5455,13.214398
5456,8.936994
5457,9.956183
5458,7.223224
5459,10.707728
5460,8.683364
5461,13.360801
5462,10.846877
5463,4.6924834
5464,4.2896037
5465,9.77905
5466,9.102704
5467,24.181726
5468,6.523299
5469,10.066018
5470,10.172575
5471,0.9166667
5472,19.176344
5473,9.214774
5474,38.09209
5475,1.04177
5476,6.5407033
5477,10.637467
5478,3.0405123
5479,16.93566
5480,8.790233
5481,0.73333335
5482,8.027483
5483,10.665789
5484,2.8765676
5485,5.0340815
5486,7.7137713
5487,8.355435
5488,7.626431
5489,10.770814
5490,9.141422
5491,9.411183
5492,8.359624
5493,1.65
5494,6.739846
5495,11.535239
5496,13.499808
5497,2.6281278
5498,8.251951
5499,8.547878
5500,9.457493
5501,8.066667
5502,10.836954
5503,7.1917224
5504,4.193084
5505,3.8706229
5506,9.456467
5507,0.38591236
5508,9.830347
5509,11.523312
5510,10.704924
5511,0.86054003
5512,8.762177
5513,22.14679
5514,9.3254
5515,8.656566
5516,10.322237
5517,8.870824
5518,9.479983
5519,9.965761
5520,8.523806
5521,1.6465901
5522,4.624843
5523,7.2295756
5524,18.375813
5525,8.380009
5526,5.784479
5527,9.651248
5528,4.098591
5529,17.512167
5530,18.595667
5531,8.552201
5532,7.450567
5533,8.301578
5534,7.349762
5535,0.6418387
5536,12.490129
5537,7.711498
5538,7.6603336
5539,9.558241
5540,9.199366
5541,0.4883925
5542,8.685843
5543,6.5527124
5544,8.147813
5545,2.8943071
5546,5.8803253
5547,4.1532674
5548,2.7237732
5549,7.7
5550,6.4691143
5551,2.1579106
5552,3.1593165
5553,6.760326
5554,7.635498
5555,6.448531
5556,1.3118347
5557,14.727988
5558,2.334841
5559,1.4889637
5560,10.966356
5561,9.7816305
5562,6.9292636
5563,0.22718896
5564,1.2636503
5565,10.020176
5566,6.723166
5567,13.154188
5568,8.125431
5569,8.956408
5570,9.130145
5571,9.218154
5572,9.608475
5573,3.9698918
5574,4.766667
5575,10.370874
5576,7.839417
5577,2.9303782
5578,8.172179
5579,9.273297
5580,3.2384236
5581,11.011146
5582,3.7658372
5583,0.36666667
5584,9.279758
5585,8.064779
5586,8.542292
5587,2.4637222
5588,7.5158114
5589,3.8964114
5590,5.941502
5591,9.71465
5592,17.5632
5593,7.248544
5594,8.130296
5595,9.683704
5596,3.5211802
5597,16.698736
5598,3.416658
5599,5.639259
5600,8.974854
5601,9.0353
5602,7.4347973
5603,10.4384575
5604,11.624233
5605,5.456877
5606,4.3642445
5607,23.388609
5608,8.430924
5609,9.8432
5610,11.629215
5611,0.36666667
5612,19.483782
5613,8.636847
5614,20.179646
5615,8.684762
5616,8.558195
5617,14.85
5618,11.892564
5619,9.5647335
5620,1.3475577
5621,7.080849
5622,10.857638
5623,17.967932
5624,8.474588
5625,8.422709
5626,8.788157
5627,9.899432
5628,9.730052
5629,3.9597354
5630,3.5851243
5631,20.158918
5632,21.07517
5633,6.825003
5634,36.078133
5635,4.4
5636,0.073973335
5637,1.65
5638,7.6724133
5639,6.9200187
5640,1.3314883
5641,9.591366
5642,6.3971276
5643,16.794071
5644,3.0050125
5645,11.429452
5646,3.081044
5647,6.259903
5648,10.272686
5649,20.999506
5650,6.293288
5651,7.8223777
5652,35.552612
5653,7.082367
5654,9.504779
5655,28.628126
5656,7.733505
5657,12.283334
5658,16.52397
5659,11.916667
5660,16.39519
5661,2.9333334
5662,5.639808
5663,9.784912
5664,7.7189045
5665,11.379663
5666,4.9045963
5667,1.0125846
5668,4.4819307
5669,9.995192
5670,1.4691112
5671,5.1375628
5672,2.9930034
5673,11.74639
5674,4.7040315
5675,4.773926
5676,10.399836
5677,10.462728
5678,9.6046915
5679,11.278645
5680,12.222982
5681,8.980902
5682,8.207632
5683,3.8578517
5684,5.3166666
5685,6.665977
5686,2.2579274
5687,1.1408089
5688,12.314019
5689,8.297708
5690,2.3833334
5691,8.474494
5692,9.39281
5693,2.7674434
5694,7.0812774
5695,10.142955
5696,8.578174
5697,10.812022
5698,0.016744932
5699,8.909838
5700,10.089612
5701,3.2298474
5702,5.010652
5703,11.848561
5704,8.251349
5705,11.462544
5706,8.509263
5707,8.741022
5708,8.433333
5709,5.866667
5710,4.2593474
5711,11.820977
5712,9.097315
5713,16.748291
5714,5.144588
5715,9.39626
5716,7.652951
5717,10.34232
5718,8.68005
5719,7.13373
5720,3.5088382
5721,3.8671656
5722,22.343214
5723,6.917755
5724,16.562613
5725,16.746077
5726,9.063379
5727,2.964871
5728,12.833333
5729,10.091375
5730,10.118589
5731,5.6833334
5732,10.922497
5733,6.1085787
5734,8.208735
5735,16.422606
5736,10.733024
5737,8.863059
5738,8.347607
5739,9.783649
5740,9.57006
5741,4.4
5742,2.8311648
5743,7.217686
5744,6.57405
5745,10.251801
5746,8.50311
5747,9.762564
5748,8.056737
5749,4.791856
5750,5.684527
5751,9.208114
5752,17.823109
5753,5.9287233
5754,10.501879
5755,8.368541
5756,5.739856
5757,10.2067
5758,10.219432
5759,6.579637
5760,2.7994869
5761,18.627047
5762,0.67782396
5763,6.249713
5764,5.866667
5765,12.780975
5766,10.5449095
5767,9.153875
5768,8.346891
5769,9.0985775
5770,11.680764
5771,10.577455
5772,6.7157116
5773,8.756448
5774,8.383481
5775,7.926195
5776,20.17279
5777,5.507803
5778,7.92718
5779,8.882181
5780,7.888763
5781,8.529329
5782,4.1852317
5783,2.9196582
5784,8.370813
5785,9.976069
5786,9.018636
5787,0.55
5788,9.038542
5789,2.655642
5790,4.117282
5791,1.1010967
5792,9.964799
5793,8.391832
5794,10.265977
5795,29.562834
5796,7.0323396
5797,19.380331
5798,9.057156
5799,0.9166667
5800,7.7245717
5801,8.556455
5802,1.9360859
5803,7.4179325
5804,8.849017
5805,18.661299
5806,2.6279845
5807,4.1354575
5808,8.820891
5809,9.074537
5810,3.6209183
5811,4.3711743
5812,17.102306
5813,7.6231556
5814,5.527194
5815,4.3880463
5816,1.1017005
5817,8.068244
5818,7.65946
5819,20.025555
5820,0.028125443
5821,7.434544
5822,3.9961812
5823,0.6953001
5824,3.587763
5825,11.279653
5826,8.026274
5827,8.8225765
5828,9.690001
5829,3.5016456
5830,24.339108
5831,5.587387
5832,9.503174
5833,8.145062
5834,9.491308
5835,27.758059
5836,7.3284955
5837,9.669558
5838,8.06718
5839,1.1829219
5840,4.643885
5841,2.51828
5842,11.442948
5843,8.165273
5844,2.5060735
5845,17.73226
5846,8.717822
5847,6.8261466
5848,9.475102
5849,9.255347
5850,0.11968613
5851,7.309976
5852,10.45
5853,6.482093
5854,1.8540703
5855,3.2224574
5856,4.377635
5857,10.097815
5858,9.168514
5859,4.4
5860,0.74203795
5861,11.930434
5862,8.311955
5863,19.110676
5864,6.9100537
5865,0.09678204
5866,9.072526
5867,27.561373
5868,7.105263
5869,3.277469
5870,7.0010343
5871,18.854902
5872,3.5640872
5873,4.0297265
5874,20.9
5875,4.0437703
5876,4.44204
5877,9.936094
5878,6.05
5879,3.4089804
5880,3.3710244
5881,6.929884
5882,0.7709503
5883,8.46192
5884,8.551439
5885,2.4573877
5886,5.597894
5887,8.449292
5888,7.8035364
5889,7.6374373
5890,8.622407
5891,1.65
5892,5.5952473
5893,9.321094
5894,7.734116
5895,6.1385794
5896,3.8601797
5897,9.438095
5898,1.1763651
5899,7.3933992
5900,2.3833334
5901,5.773163
5902,8.197245
5903,1.2833333
5904,9.059802
5905,0.8565981
5906,3.178271
5907,2.788027
5908,9.564011
5909,9.117301
5910,9.937684
5911,19.985725
5912,7.5151124
5913,19.808723
5914,17.188559
5915,2.7026021
5916,4.824464
5917,10.446445
5918,12.032955
5919,5.113999
5920,2.8957999
5921,8.066667
5922,13.816252
5923,6.713447
5924,3.4487333
5925,5.5159965
5926,1.521341
5927,6.37219
5928,12.402335
5929,2.3843207
5930,6.1529083
5931,8.812142
5932,7.8139057
5933,9.102672
5934,3.2458627
5935,5.7893767
5936,8.09652
5937,7.6256356
5938,9.114854
5939,4.724924
5940,4.182451
5941,8.032901
5942,1.5384674
5943,9.882213
5944,0.19600058
5945,8.141561
5946,8.168125
5947,8.154765
5948,9.196607
5949,2.0166667
5950,6.0550923
5951,8.131463
5952,8.696074
5953,10.386586
5954,9.476599
5955,2.0193338
5956,6.8826923
5957,8.088803
5958,9.526762
5959,1.2833333
5960,16.919428
5961,9.9
5962,8.228239
5963,4.82262
5964,4.0021505
5965,14.941636
5966,8.6802025
5967,1.9809725
5968,6.7956686
5969,10.411884
5970,10.855929
5971,18.236597
5972,26.172968
5973,4.88662
5974,9.989213
5975,3.6546474
5976,3.5155854
5977,8.183828
5978,9.667556
5979,9.583728
5980,9.4805
5981,4.379631
5982,6.7831826
5983,11.1638155
5984,8.602468
5985,6.4290204
5986,12.782517
5987,8.574668
5988,10.737866
5989,0.55
5990,7.597072
5991,8.418307
5992,9.883746
5993,8.622955
5994,16.011816
5995,8.8595295
5996,8.026631
5997,4.0597906
5998,5.7865624
5999,9.765959
6000,8.672205
6001,9.795945
6002,8.051381
6003,15.845468
6004,8.4845295
6005,9.526896
6006,8.189115
6007,9.838511
6008,17.91754
6009,11.04327
6010,17.785177
6011,6.374065
6012,18.677555
6013,4.5868864
6014,8.762248
6015,4.7054133
6016,0.35222366
6017,4.653732
6018,9.491976
6019,6.233333
6020,14.84338
6021,2.0166667
6022,11.531314
6023,4.5136538
6024,11.527857
6025,10.768575
6026,10.818815
6027,1.8333334
6028,7.374057
6029,11.819189
6030,9.225202
6031,10.4709635
6032,8.70506
6033,9.628496
6034,4.766667
6035,5.3707356
6036,18.746965
6037,18.680414
6038,2.0166667
6039,11.819823
6040,3.8371966
6041,6.337889
6042,5.491424
6043,3.2940946
6044,21.101387
6045,7.18921
6046,8.070922
6047,7.9098234
6048,7.949757
6049,4.4401884
6050,3.550227
6051,6.3966665
6052,18.382988
6053,9.847665
6054,2.75
6055,26.71058
6056,7.088311
6057,1.8333334
6058,8.007194
6059,9.569217
6060,10.754651
6061,7.925637
6062,11.1281
6063,0.5219063
6064,3.1166666
6065,4.2390347
6066,19.790535
6067,7.1818666
6068,1.7826003
6069,2.1992612
6070,2.5991273
6071,2.9744866
6072,0.44811568
6073,11.370343
6074,7.493997
6075,0.49515566
6076,19.55944
6077,9.011419
6078,1.2036246
6079,8.017629
6080,6.328401
6081,12.831633
6082,7.8092656
6083,10.655577
6084,5.0612783
6085,6.3490243
6086,12.11908
6087,9.325226
6088,8.780758
6089,0.71330875
6090,8.899507
6091,11.855826
6092,9.982554
6093,31.387148
6094,8.535059
6095,13.383333
6096,11.334611
6097,3.979055
6098,3.5841548
6099,11.561107
6100,4.5538735
6101,16.520359
6102,10.473317
6103,8.779613
6104,10.048309
6105,7.0417886
6106,4.021113
6107,1.4030855
6108,13.842447
6109,1.6906582
6110,0.7800341
6111,2.75
6112,6.6525226
6113,10.875338
6114,18.79615
6115,7.175295
6116,0.66208047
6117,11.00002
6118,9.039997
6119,3.934424
6120,6.1811695
6121,9.032489
6122,9.890684
6123,5.3929963
6124,3.1020157
6125,6.297358
6126,5.2066803
6127,9.2324505
6128,2.8467102
6129,5.4248424
6130,7.6853685
6131,0.270168
6132,9.677919
6133,8.643126
6134,8.633208
6135,9.975202
6136,11.8963175
6137,8.944424
6138,18.836967
6139,7.756767
6140,9.524312
6141,11.179923
6142,7.0694113
6143,9.168092
6144,8.285826
6145,9.756391
6146,1.863082
6147,6.549105
6148,2.886471
6149,1.4666667
6150,3.722032
6151,14.757914
6152,4.0032477
6153,0.40524802
6154,9.796922
6155,10.43962
6156,8.639709
6157,8.89937
6158,2.4619584
6159,6.7836375
6160,18.060707
6161,8.823546
6162,8.046985
6163,10.111388
6164,0.73333335
6165,0.18333334
6166,33.576714
6167,7.135885
6168,8.118386
6169,4.0768385
6170,0.8229653
6171,5.484184
6172,10.570217
6173,24.637835
6174,6.7374463
6175,9.293089
6176,2.2
6177,16.378431
6178,20.129236
6179,18.233007
6180,38.69604
6181,4.0408936
6182,8.977285
6183,8.150737
6184,3.0347824
6185,4.957509
6186,2.9262302
6187,6.3755755
6188,3.6666667
6189,14.991466
6190,7.673224
6191,7.3377604
6192,8.203633
6193,8.89647
6194,17.87024
6195,7.408435
6196,4.23046
6197,1.385999
6198,15.615145
6199,7.271504
6200,5.3701005
6201,4.418811
6202,9.33455
6203,10.816667
6204,7.1402793
6205,5.6985145
6206,1.9209144
6207,0.55057216
6208,4.957208
6209,4.675777
6210,8.131575
6211,7.8140655
6212,10.098267
6213,8.140191
6214,10.086417
6215,0.5002101
6216,9.119129
6217,5.678447
6218,3.3043866
6219,7.897084
6220,8.111915
6221,6.1447854
6222,1.0603268
6223,7.5549846
6224,8.793719
6225,7.597352
6226,9.707141
6227,9.5195055
6228,5.603417
6229,20.26449
6230,6.447394
6231,4.568863
6232,4.248865
6233,10.105428
6234,9.143027
6235,9.5565
6236,8.193422
6237,7.6870294
6238,9.131511
6239,8.236799
6240,8.368707
6241,7.7998004
6242,4.2035265
6243,1.335009
6244,4.3971143
6245,16.123035
6246,8.635157
6247,0.5214453
6248,3.2377317
6249,22.67513
6250,7.4202366
6251,16.306728
6252,9.856295
6253,14.19169
6254,2.8613012
6255,8.871724
6256,1.7380159
6257,2.206095
6258,4.5887866
6259,9.214291
6260,9.979925
6261,12.797826
6262,8.360401
6263,9.758581
6264,3.4833333
6265,2.787797
6266,4.917303
6267,3.8117409
6268,12.471637
6269,19.623144
6270,14.786855
6271,0.46589372
6272,6.4065623
6273,10.087544
6274,10.242932
6275,8.378109
6276,10.096186
6277,2.5666666
6278,5.91248
6279,7.8857813
6280,8.059596
6281,9.256641
6282,14.834563
6283,11.047442
6284,7.923142
6285,5.274861
6286,4.6510468
6287,8.790397
6288,8.460062
6289,17.233334
6290,9.749459
6291,13.826832
6292,4.661035
6293,0.24647713
6294,5.5008974
6295,12.373417
6296,8.428145
6297,9.23385
6298,10.715661
6299,8.949591
6300,12.159143
6301,5.2375083
6302,4.9280567
6303,3.036682
6304,1.1641821
6305,3.3181114
6306,28.322357
6307,1.4666667
6308,27.433784
6309,6.2665854
6310,11.016392
6311,1.5721558
6312,0.31387806
6313,3.875017
6314,1.8565656
6315,9.46617
6316,18.413496
6317,3.6267912
6318,3.4024165
6319,3.85
6320,5.3953013
6321,20.143877
6322,3.85
6323,15.190578
6324,15.530886
6325,7.329322
6326,4.3662233
6327,3.31606
6328,3.504117
6329,7.130432
6330,0.8855184
6331,8.932305
6332,9.390712
6333,8.768025
6334,2.75
6335,8.52565
6336,9.345762
6337,17.695387
6338,8.8
6339,7.051412
6340,8.707484
6341,11.650842
6342,9.893807
6343,7.2439513
6344,4.2328353
6345,3.5188441
6346,15.418252
6347,18.211935
6348,8.4885435
6349,6.6764207
6350,10.356523
6351,10.021163
6352,8.845003
6353,7.2319117
6354,10.986296
6355,8.056004
6356,8.010747
6357,2.4160867
6358,5.690607
6359,32.038414
6360,0.8954604
6361,2.7700658
6362,0.8067291
6363,9.798226
6364,21.652843
6365,7.9662547
6366,9.618274
6367,7.210676
6368,10.417836
6369,8.303124
6370,8.792919
6371,9.200843
6372,9.24994
6373,12.783925
6374,2.4021149
6375,20.113504
6376,3.3228722
6377,4.0743275
6378,2.0166667
6379,2.2
6380,2.75
6381,19.256409
6382,7.854717
6383,19.10224
6384,19.340902
6385,7.610702
6386,10.139919
6387,9.673316
6388,8.60842
6389,8.497462
6390,18.315483
6391,7.8906302
6392,8.71335
6393,0.9070557
6394,5.128805
6395,1.1
6396,1.8964688
6397,11.717877
6398,8.828719
6399,1.1
6400,8.541467
6401,7.7776766
6402,16.85911
6403,6.4292755
6404,8.982707
6405,18.351084
6406,8.881132
6407,7.238803
6408,6.5847487
6409,3.449671
6410,4.651324
6411,14.960031
6412,8.84858
6413,11.140101
6414,33.09219
6415,5.8447285
6416,13.884109
6417,7.8403406
6418,10.007272
6419,19.721338
6420,9.915624
6421,7.9906554
6422,5.5773025
6423,13.381021
6424,1.2386881
6425,8.590872
6426,9.872237
6427,7.5706177
6428,8.607149
6429,9.611949
6430,5.5252156
6431,4.672551
6432,9.920859
6433,19.73939
6434,6.633623
6435,10.274492
6436,0.2488931
6437,8.51744
6438,5.8696356
6439,5.032723
6440,13.264219
6441,9.940275
6442,4.0333333
6443,4.01454
6444,2.8803506
6445,4.986851
6446,7.473428
6447,4.710867
6448,2.8795803
6449,4.9927626
6450,17.36429
6451,3.2651825
6452,5.6953044
6453,7.874648
6454,9.771258
6455,1.4666667
6456,6.312403
6457,9.998959
6458,1.8333334
6459,6.989798
6460,22.466015
6461,8.500702
6462,0.42737326
6463,6.4166665
6464,14.9560995
6465,1.1
6466,15.08348
6467,7.462001
6468,12.537129
6469,3.9948065
6470,15.95
6471,3.9649327
6472,18.902193
6473,9.125041
6474,9.533334
6475,0.16188622
6476,10.335612
6477,7.980904
6478,6.2732143
6479,3.390503
6480,12.213745
6481,5.3166666
6482,15.099199
6483,8.30347
6484,9.096114
6485,8.089456
6486,0.61876786
6487,6.727887
6488,1.6225893
6489,9.3478365
6490,9.070706
6491,8.775021
6492,1.203561
6493,9.949581
6494,7.5146127
6495,10.669875
6496,11.837443
6497,29.630335
6498,0.55
6499,15.868225
6500,6.8889465
6501,8.705744
6502,9.17639
6503,8.983334
6504,0.7485402
6505,20.65971
6506,8.951632
6507,9.946824
6508,9.493438
6509,5.541618
6510,5.0971584
6511,9.212405
6512,1.12617
6513,0.9166667
6514,6.6837554
6515,9.836649
6516,12.205775
6517,1.2249947
6518,7.869713
6519,8.714461
6520,5.9983172
6521,0.0823473
6522,4.757845
6523,9.456175
6524,8.869767
6525,7.618762
6526,4.639394
6527,16.50956
6528,7.3406696
6529,9.993712
6530,9.716666
6531,0.56472623
6532,6.8704677
6533,3.4066923
6534,11.55
6535,8.019512
6536,5.3358235
6537,2.0040355
6538,8.250991
6539,6.4319215
6540,4.485822
6541,10.166693
6542,18.172033
6543,7.256373
6544,1.4165003
6545,17.209133
6546,4.0196176
6547,5.2976766
6548,8.135612
6549,0.3285011
6550,7.40064
6551,31.982536
6552,4.6993337
6553,4.1931224
6554,5.7227373
6555,0.9370567
6556,12.986843
6557,10.583273
6558,1.5964032
6559,19.239359
6560,8.813468
6561,4.3982906
6562,3.0810444
6563,0.64845073
6564,6.9546704
6565,3.755824
6566,10.396687
6567,24.23229
6568,16.681486
6569,9.467786
6570,6.3662457
6571,7.9064207
6572,9.379752
6573,8.840734
6574,4.754305
6575,3.7162857
6576,7.4951253
6577,8.967932
6578,9.324892
6579,9.416533
6580,3.274775
6581,3.768602
6582,28.29307
6583,8.804378
6584,9.523136
6585,9.20799
6586,0.55
6587,4.398974
6588,12.249064
6589,4.041521
6590,5.2742643
6591,9.667842
6592,14.374357
6593,3.584369
6594,1.1713187
6595,7.723126
6596,9.493225
6597,8.933798
6598,9.403148
6599,8.449173
6600,10.470058
6601,8.206583
6602,3.1973207
6603,4.782915
6604,0.16023318
6605,11.270689
6606,8.54571
6607,5.0315533
6608,13.82773
6609,9.236186
6610,7.0393076
6611,21.389677
6612,1.9079444
6613,1.1
6614,4.376189
6615,8.4699
6616,2.5453494
6617,4.9425035
6618,10.181752
6619,4.4113245
6620,3.8120673
6621,8.038457
6622,15.809391
6623,11.696253
6624,2.8626924
6625,8.8
6626,9.967088
6627,8.455133
6628,8.145095
6629,9.0276165
6630,0.06013711
6631,8.593885
6632,0.15175344
6633,0.6171704
6634,16.974806
6635,7.5621524
6636,8.9085
6637,8.225352
6638,2.7179003
6639,6.9521747
6640,4.079565
6641,8.835834
6642,3.8808503
6643,8.8550415
6644,7.951792
6645,8.09532
6646,4.762705
6647,14.265913
6648,5.1580353
6649,4.147983
6650,30.832727
6651,3.768396
6652,0.3232877
6653,10.075824
6654,8.921401
6655,7.6337037
6656,6.980443
6657,19.27572
6658,6.943512
6659,8.99527
6660,7.8726783
6661,3.6487427
6662,5.8984203
6663,10.059642
6664,9.631635
6665,2.9333334
6666,4.447707
6667,30.69352
6668,9.228103
6669,12.309804
6670,18.287493
6671,7.8114758
6672,9.036216
6673,8.540935
6674,6.5669293
6675,3.1282828
6676,5.140758
6677,9.760493
6678,6.8185496
6679,9.061861
6680,9.719626
6681,2.5761526
6682,4.3700213
6683,1.6868907
6684,10.293207
6685,7.4158673
6686,5.866519
6687,4.522761
6688,8.7281065
6689,3.673864
6690,3.9100168
6691,9.886759
6692,18.783804
6693,15.132413
6694,16.004044
6695,8.720167
6696,0.76402014
6697,7.245231
6698,8.525458
6699,3.199609
6700,5.5227127
6701,5.270394
6702,5.699278
6703,12.037357
6704,9.91857
6705,30.243372
6706,8.825692
6707,10.605231
6708,7.8261952
6709,0.9166667
6710,10.354718
6711,18.846827
6712,6.068135
6713,20.547518
6714,1.5450475
6715,5.9156513
6716,8.527955
6717,7.663974
6718,8.609874
6719,8.110189
6720,20.801186
6721,0.17549992
6722,3.5863395
6723,4.544099
6724,1.0777315
6725,6.9011836
6726,6.05
6727,2.2583249
6728,10.2108
6729,3.1811557
6730,2.8096044
6731,9.955638
6732,8.31144
6733,8.946784
6734,0.80468655
6735,8.777039
6736,20.256685
6737,2.1424367
6738,6.3890543
6739,12.613002
6740,12.211847
6741,18.531727
6742,6.271705
6743,6.618619
6744,9.895716
6745,3.3879042
6746,2.896253
6747,6.7464266
6748,3.4033773
6749,8.858449
6750,9.653322
6751,6.43453
6752,0.36666667
6753,7.6917896
6754,4.319215
6755,13.914355
6756,10.607967
6757,8.212813
6758,3.6436083
6759,4.9403186
6760,2.7278264
6761,5.494769
6762,8.886296
6763,10.076467
6764,3.1892543
6765,5.337333
6766,8.791956
6767,20.081324
6768,8.930802
6769,10.628477
6770,1.4323946
6771,6.7352614
6772,2.0166667
6773,7.0189004
6774,4.757373
6775,9.338611
6776,12.198736
6777,7.0105953
6778,9.707141
6779,4.9318867
6780,4.9879394
6781,20.695728
6782,6.7993712
6783,17.63493
6784,13.552461
6785,3.2287278
6786,21.57157
6787,13.733404
6788,9.373449
6789,8.091975
6790,8.544908
6791,58.77888
6792,4.6418104
6793,3.983967
6794,3.5931427
6795,9.483425
6796,6.4166665
6797,11.090287
6798,7.626853
6799,11.941482
6800,7.5974865
6801,9.512836
6802,9.17283
6803,11.208693
6804,7.749199
6805,11.339815
6806,7.8202734
6807,7.883333
6808,1.4677923
6809,9.718093
6810,3.3372004
6811,19.640768
6812,4.165006
6813,2.741058
6814,19.969734
6815,21.010433
6816,0.55208206
6817,7.9036083
6818,9.872803
6819,9.638286
6820,9.685057
6821,8.775901
6822,8.968013
6823,4.2231727
6824,3.4723918
6825,0.4217784
6826,8.752091
6827,8.966278
6828,8.957235
6829,7.829158
6830,10.494581
6831,11.4478655
6832,4.4667716
6833,3.664692
6834,8.584387
6835,6.067118
6836,4.153292
6837,4.928493
6838,3.0468068
6839,11.710412
6840,3.1000214
6841,8.586686
6842,9.530465
6843,10.298482
6844,8.8440895
6845,0.5457401
6846,9.901874
6847,3.9412417
6848,14.478308
6849,6.698601
6850,9.265828
6851,8.083853
6852,9.700551
6853,8.798049
6854,7.4652023
6855,8.683206
6856,2.2
6857,7.2941866
6858,7.1646137
6859,0.3216108
6860,8.832206
6861,7.9448624
6862,10.497355
6863,1.5322444
6864,6.860184
6865,10.7649145
6866,8.99074
6867,4.938499
6868,13.576319
6869,10.8796425
6870,9.200392
6871,1.1589131
6872,8.362021
6873,1.3130741
6874,8.242949
6875,9.888943
6876,9.760611
6877,10.147849
6878,11.366667
6879,47.226467
6880,5.039636
6881,10.350211
6882,7.777738
6883,10.0198765
6884,9.564653
6885,1.2833333
6886,15.852157
6887,0.040467583
6888,7.720813
6889,19.672583
6890,7.5022864
6891,2.4523342
6892,17.058079
6893,9.8633995
6894,8.59116
6895,11.901339
6896,3.3
6897,16.445782
6898,14.85
6899,11.749537
6900,0.064071015
6901,11.640922
6902,5.881596
6903,6.1109385
6904,10.473209
6905,8.484658
6906,8.122278
6907,8.825747
6908,9.655921
6909,5.9246535
6910,2.9937906
6911,4.5002713
6912,6.712477
6913,3.0815997
6914,10.840067
6915,26.9454
6916,46.498245
6917,3.196398
6918,7.999922
6919,9.762145
6920,2.1865845
6921,4.250574
6922,3.0197704
6923,7.035207
6924,3.5451417
6925,11.956541
6926,10.420938
6927,1.2555599
6928,10.346523
6929,9.358693
6930,7.583546
6931,8.181597
6932,8.296864
6933,5.7632685
6934,3.384749
6935,11.248016
6936,8.360799
6937,28.27058
6938,4.760313
6939,9.666325
6940,1.7549914
6941,4.448677
6942,2.392594
6943,18.639889
6944,3.6190512
6945,3.9001548
6946,9.208474
6947,8.509882
6948,7.7815533
6949,7.479653
6950,1.4668227
6951,7.287542
6952,8.963259
6953,7.6158834
6954,1.9029859
6955,7.4760604
6956,4.5833335
6957,2.7892354
6958,10.792834
6959,3.2201772
6960,6.0845623
6961,12.51178
6962,0.95982563
6963,11.825712
6964,20.793255
6965,8.414007
6966,10.107684
6967,25.193739
6968,15.944932
6969,0.22497971
6970,8.419475
6971,18.096163
6972,9.745502
6973,7.889326
6974,19.246761
6975,17.438753
6976,8.694912
6977,19.580412
6978,1.145776
6979,1.360766
6980,0.37634563
6981,4.3081656
6982,8.733122
6983,9.417399
6984,9.875782
6985,10.868327
6986,10.057229
6987,22.15843
6988,7.3640747
6989,12.01114
6990,4.9770904
6991,9.152135
6992,2.6479485
6993,2.4893205
6994,4.077466
6995,12.170458
6996,6.366818
6997,1.6112565
6998,10.358502
6999,13.215862
7000,2.9948556
7001,10.403218
7002,7.9182324
7003,8.213751
7004,10.556993
7005,8.056093
7006,18.8861
7007,3.595431
7008,4.567512
7009,8.8074045
7010,8.460523
7011,17.898502
7012,10.185351
7013,7.2010283
7014,28.100452
7015,6.154324
7016,9.328669
7017,5.701391
7018,2.8093338
7019,6.859398
7020,8.920679
7021,8.86201
7022,7.638527
7023,6.7750936
7024,10.749848
7025,9.9
7026,0.8798892
7027,4.669279
7028,8.638485
7029,0.61567616
7030,14.197461
7031,7.5030265
7032,11.281705
7033,10.668319
7034,8.164049
7035,2.2999523
7036,2.3164988
7037,4.177721
7038,6.233333
7039,9.349082
7040,9.348385
7041,2.8506205
7042,5.7904563
7043,0.88870513
7044,3.9871695
7045,3.6936047
7046,6.4770536
7047,3.7556093
7048,9.290933
7049,39.58291
7050,4.195373
7051,4.5636096
7052,4.725846
7053,10.902507
7054,12.128599
7055,7.5208273
7056,7.869682
7057,17.69007
7058,6.9744983
7059,7.362954
7060,6.3779116
7061,1.6314905
7062,3.0514553
7063,4.1480703
7064,10.207916
7065,10.068823
7066,10.967302
7067,1.0647486
7068,6.92728
7069,28.171621
7070,16.313147
7071,1.1
7072,18.298666
7073,17.820606
7074,2.0166667
7075,8.063181
7076,19.745596
7077,7.630594
7078,10.11738
7079,9.189335
7080,19.202757
7081,19.870686
7082,8.006057
7083,10.101486
7084,9.37005
7085,20.178629
7086,3.157576
7087,3.7509437
7088,9.944415
7089,10.876856
7090,9.756263
7091,9.629576
7092,8.835347
7093,9.943746
7094,9.235683
7095,10.720174
7096,8.227553
7097,5.2076974
7098,4.333377
7099,0.87346244
7100,10.510598
7101,0.9609302
7102,3.4412775
7103,4.5013356
7104,2.6088872
7105,6.9650326
7106,30.300297
7107,18.663504
7108,6.4166665
7109,12.430676
7110,7.2446346
7111,0.3224691
7112,2.2
7113,7.9970775
7114,18.6163
7115,7.7613273
7116,6.8759046
7117,19.576883
7118,11.557143
7119,3.6175892
7120,10.096883
7121,19.129435
7122,7.3495073
7123,9.330462
7124,2.0166667
7125,0.36666667
7126,17.587496
7127,9.361238
7128,1.2066207
7129,8.070008
7130,8.089749
7131,3.2382574
7132,5.5427947
7133,0.058253605
7134,19.667809
7135,8.227731
7136,10.961654
7137,7.809448
7138,9.3967285
7139,0.79471284
7140,7.69163
7141,8.340151
7142,3.3505836
7143,3.5626168
7144,0.01587073
7145,8.735505
7146,9.046691
7147,11.526745
7148,8.663495
7149,8.391729
7150,9.2542095
7151,7.242227
7152,6.2703137
7153,7.7401633
7154,4.2493663
7155,4.1282334
7156,10.309186
7157,8.389186
7158,8.480105
7159,7.5259066
7160,0.30695596
7161,8.206282
7162,4.6906633
7163,5.378819
7164,8.752345
7165,9.783112
7166,2.3880162
7167,4.239003
7168,10.097902
7169,7.99517
7170,3.7255604
7171,15.47417
7172,2.456745
7173,5.7706747
7174,11.768309
7175,8.826818
7176,3.4833333
7177,3.895553
7178,7.7
7179,1.8855014
7180,6.443605
7181,14.661313
7182,15.935389
7183,6.990775
7184,3.8534243
7185,5.9432983
7186,18.063599
7187,5.537614
7188,17.831747
7189,13.754743
7190,8.626891
7191,0.65667635
7192,8.272561
7193,5.0884566
7194,4.1855407
7195,4.6787977
7196,3.8758676
7197,7.844058
7198,9.353774
7199,20.018307
7200,2.3538666
7201,0.18333334
7202,3.924863
7203,10.349527
7204,8.575138
7205,8.25
7206,9.576558
7207,3.2964468
7208,4.7983813
7209,4.2945547
7210,5.2780867
7211,6.126197
7212,17.318115
7213,10.758855
7214,6.766279
7215,14.17715
7216,4.5030913
7217,0.5485377
7218,10.460417
7219,5.166553
7220,16.027441
7221,7.243118
7222,9.018437
7223,33.435246
7224,7.2325068
7225,8.486819
7226,7.6455603
7227,7.531977
7228,13.679823
7229,3.7906485
7230,10.293794
7231,8.369859
7232,3.3
7233,5.3703785
7234,11.295079
7235,10.174395
7236,4.1456466
7237,6.6996655
7238,10.710018
7239,8.463503
7240,9.591404
7241,2.4627843
7242,7.483427
7243,8.988696
7244,9.328906
7245,0.5576134
7246,9.057569
7247,9.14789
7248,8.25
7249,1.9068239
7250,11.40129
7251,2.6345341
7252,4.8497195
7253,2.2
7254,8.174236
7255,9.726325
7256,9.731492
7257,11.845721
7258,3.0766647
7259,3.5141869
7260,20.20199
7261,8.00844
7262,19.740763
7263,8.497756
7264,1.0988631
7265,7.37028
7266,10.445212
7267,9.948453
7268,7.8103466
7269,7.9530554
7270,6.5604525
7271,11.537703
7272,9.63513
7273,6.3293447
7274,14.371798
7275,24.398726
7276,8.821806
7277,22.251274
7278,7.7319365
7279,1.0667245
7280,0.9166667
7281,6.62318
7282,9.854825
7283,7.6455913
7284,9.633557
7285,8.683857
7286,6.5245624
7287,4.464348
7288,4.9617057
7289,5.421996
7290,0.55
7291,20.358679
7292,8.457623
7293,3.4791386
7294,4.5482407
7295,0.26396114
7296,11.384591
7297,10.218007
7298,9.203784
7299,12.1
7300,2.9333334
7301,13.068518
7302,11.962978
7303,9.26187
7304,5.158623
7305,4.923193
7306,11.002452
7307,11.001525
7308,2.6399925
7309,5.336349
7310,1.4037765
7311,20.556414
7312,12.656251
7313,4.5208945
7314,20.704344
7315,4.6483912
7316,1.8074434
7317,10.025415
7318,20.410532
7319,4.95
7320,2.4397771
7321,11.788163
7322,1.5830756
7323,19.274984
7324,6.286788
7325,0.71481866
7326,5.0805807
7327,4.0089445
7328,4.529619
7329,2.6585264
7330,0.5709727
7331,1.4276108
7332,10.57284
7333,8.301243
7334,0.37175804
7335,9.2173815
7336,9.410628
7337,8.537119
7338,9.7212
7339,8.785582
7340,4.7041984
7341,4.6454906
7342,3.3
7343,17.676506
7344,20.003162
7345,2.2375185
7346,4.136737
7347,6.919767
7348,0.7575671
7349,11.591976
7350,21.548016
7351,19.279058
7352,0.4550298
7353,4.382205
7354,1.9615966
7355,3.3
7356,17.941334
7357,6.913988
7358,20.388844
7359,16.30807
7360,7.4021974
7361,5.4296026
7362,4.367589
7363,0.26319823
7364,8.672317
7365,3.6372025
7366,1.7630736
7367,7.15
7368,2.6543062
7369,9.568715
7370,8.573581
7371,4.572741
7372,4.15593
7373,8.484348
7374,1.1
7375,8.124892
7376,8.043726
7377,4.921992
7378,10.5751505
7379,9.2310505
7380,7.75149
7381,5.2813935
7382,1.5677851
7383,9.266034
7384,9.361165
7385,9.883514
7386,6.05
7387,21.40992
7388,8.301387
7389,17.78719
7390,9.192063
7391,8.077599
7392,8.291793
7393,1.0320823
7394,3.1318583
7395,4.5406747
7396,5.864167
7397,4.462378
7398,9.6473
7399,8.110643
7400,20.414553
7401,15.695006
7402,3.635876
7403,3.5412633
7404,9.448369
7405,19.342527
7406,9.484508
7407,7.0954394
7408,3.8077753
7409,0.04395644
7410,3.0324376
7411,8.888316
7412,6.5697355
7413,11.590703
7414,6.555899
7415,3.3953755
7416,7.032601
7417,9.253255
7418,7.9835496
7419,7.610664
7420,9.666421
7421,9.326404
7422,2.2828026
7423,6.903505
7424,9.528015
7425,4.3709917
7426,4.4151464
7427,19.876926
7428,4.95
7429,0.4150788
7430,9.287602
7431,8.191174
7432,7.9283466
7433,8.8389635
7434,9.17855
7435,40.046825
7436,7.8182144
7437,10.175928
7438,9.181874
7439,38.31579
7440,4.837791
7441,8.801225
7442,8.5081415
7443,9.36601
7444,11.15354
7445,6.367923
7446,8.371822
7447,9.43904
7448,10.263483
7449,7.3433957
7450,9.606433
7451,16.586884
7452,17.777897
7453,6.9870777
7454,8.74266
7455,9.679325
7456,0.8332809
7457,13.195817
7458,3.6598203
7459,0.97258884
7460,11.178136
7461,6.0914125
7462,7.496381
7463,10.070325
7464,9.82121
7465,6.827354
7466,9.18858
7467,7.950139
7468,9.325368
7469,10.54782
7470,10.021757
7471,7.796415
7472,8.644898
7473,8.254131
7474,9.658391
7475,8.795437
7476,10.149917
7477,16.37207
7478,5.994328
7479,9.545263
7480,4.41215
7481,3.439498
7482,8.9862585
7483,9.320355
7484,0.855104
7485,6.3474813
7486,9.404191
7487,9.570481
7488,8.379522
7489,7.3594494
7490,8.038512
7491,19.229626
7492,3.9009898
7493,4.8519216
7494,8.925167
7495,10.139814
7496,2.3833334
7497,6.4832287
7498,8.441465
7499,4.8854666
7500,3.9526145
7501,14.255046
7502,10.308179
7503,11.633332
7504,10.477431
7505,1.5185835
7506,7.3857007
7507,2.5666666
7508,5.041512
7509,9.62468
7510,8.832519
7511,3.9816215
7512,4.6550994
7513,1.0187389
7514,9.611072
7515,9.407832
7516,19.188911
7517,24.97561
7518,8.10124
7519,3.172858
7520,6.73178
7521,0.35975772
7522,8.268395
7523,4.068033
7524,0.73333335
7525,32.498093
7526,4.738633
7527,8.489092
7528,16.08511
7529,6.4855175
7530,7.803306
7531,1.1280617
7532,5.825623
7533,16.463982
7534,7.693949
7535,8.433333
7536,13.734691
7537,9.647703
7538,12.2184925
7539,11.53678
7540,7.896733
7541,18.684141
7542,1.1
7543,15.953068
7544,0.8389314
7545,6.0812945
7546,10.161796
7547,18.471598
7548,4.4
7549,11.003056
7550,7.2003284
7551,10.82329
7552,7.3333335
7553,11.668021
7554,9.968019
7555,8.12714
7556,10.537442
7557,8.755351
7558,9.27759
7559,0.49485365
7560,5.058448
7561,5.289548
7562,9.957259
7563,3.984411
7564,14.592728
7565,5.6689343
7566,8.790747
7567,7.674423
7568,7.403827
7569,9.812284
7570,3.5933492
7571,4.5976796
7572,10.439945
7573,8.087977
7574,1.0124205
7575,7.591867
7576,8.436917
7577,9.656024
7578,0.18333334
7579,10.013733
7580,8.194645
7581,9.762437
7582,19.874102
7583,3.0577583
7584,3.104647
7585,9.402608
7586,10.063782
7587,4.5409274
7588,3.49741
7589,2.3833334
7590,30.533869
7591,11.648813
7592,6.4463305
7593,18.229706
7594,1.2833333
7595,26.784859
7596,5.8790455
7597,8.160107
7598,8.286198
7599,5.866667
7600,10.709032
7601,7.327882
7602,19.734701
7603,9.3855505
7604,3.9369578
7605,4.699977
7606,8.706348
7607,9.920175
7608,28.812986
7609,7.918923
7610,7.947595
7611,4.05279
7612,4.6938415
7613,1.8104317
7614,0.4008045
7615,8.560039
7616,4.1628675
7617,3.9446752
7618,9.751965
7619,22.266815
7620,8.262309
7621,10.898551
7622,18.540075
7623,4.194212
7624,12.805493
7625,8.4403925
7626,8.2201
7627,9.111176
7628,8.181866
7629,7.994373
7630,8.819916
7631,0.4508654
7632,5.503853
7633,4.166587
7634,8.030604
7635,0.3523191
7636,4.4109898
7637,0.1563386
7638,6.030203
7639,13.485416
7640,1.2441876
7641,5.9110394
7642,2.2
7643,4.95
7644,23.275301
7645,6.154323
7646,8.127109
7647,0.09514489
7648,8.433333
7649,8.845075
7650,10.953317
7651,30.43698
7652,6.221255
7653,2.6137109
7654,7.666675
7655,10.245823
7656,14.751165
7657,1.8312932
7658,10.220546
7659,13.461804
7660,3.4147744
7661,0.19796686
7662,10.675226
7663,12.162638
7664,18.995605
7665,9.030375
7666,10.013333
7667,2.2146146
7668,4.1163354
7669,11.537854
7670,0.31292439
7671,9.771737
7672,7.8236113
7673,1.3774475
7674,7.0325613
7675,19.992016
7676,24.9441
7677,7.5411234
7678,5.5
7679,4.7854342
7680,11.044017
7681,8.237211
7682,19.17399
7683,5.3166666
7684,12.267726
7685,2.7569292
7686,4.358133
7687,10.014233
7688,8.825945
7689,13.86442
7690,12.32652
7691,7.778732
7692,4.4468327
7693,4.909421
7694,9.302941
7695,9.995953
7696,5.3996334
7697,4.627824
7698,11.499379
7699,22.788248
7700,0.8088827
7701,3.029498
7702,4.0598474
7703,11.102517
7704,4.0333333
7705,6.7906785
7706,10.183084
7707,7.8764987
7708,9.621869
7709,13.148363
7710,4.4441066
7711,2.6569045
7712,12.081185
7713,10.293398
7714,5.9906645
7715,12.657788
7716,4.0486574
7717,5.406659
7718,6.9693885
7719,8.74002
7720,11.231587
7721,6.9888034
7722,10.871394
7723,20.291113
7724,7.9219656
7725,8.498176
7726,10.540547
7727,8.911483
7728,8.12459
7729,19.912512
7730,2.4394834
7731,5.500388
7732,8.779767
7733,8.76233
7734,1.2833333
7735,6.0466285
7736,5.8461018
7737,1.3957897
7738,10.5167055
7739,7.7744803
7740,6.4374847
7741,0.8187055
7742,1.3180733
7743,1.8333334
7744,7.874116
7745,9.64992
7746,10.261249
7747,0.06668568
7748,7.4178457
7749,9.9613285
7750,9.71253
7751,8.903783
7752,8.101201
7753,5.571437
7754,3.9922638
7755,9.739295
7756,8.836365
7757,8.146788
7758,4.418342
7759,6.9937377
7760,9.449721
7761,0.64511293
7762,4.0273747
7763,3.6071622
7764,5.1608243
7765,5.7428436
7766,11.265674
7767,8.400171
7768,8.633168
7769,8.683221
7770,4.766667
7771,7.5925994
7772,10.537831
7773,7.17434
7774,0.72628844
7775,7.616717
7776,0.3390551
7777,9.776998
7778,5.1879015
7779,3.3815303
7780,11.39482
7781,19.22555
7782,6.9210205
7783,11.198489
7784,7.247694
7785,16.576006
7786,9.518479
7787,2.7741196
7788,3.3920057
7789,0.18277963
7790,9.92272
7791,10.008668
7792,0.20523071
7793,8.936945
7794,8.667134
7795,9.084184
7796,0.40791038
7797,1.65
7798,6.649772
7799,5.603456
7800,3.2126033
7801,8.562166
7802,2.6046672
7803,6.2144427
7804,10.243926
7805,8.962616
7806,3.6958542
7807,4.8556647
7808,10.581391
7809,0.39985973
7810,0.18333334
7811,8.232587
7812,10.222768
7813,17.877714
7814,7.9187946
7815,9.266543
7816,3.4875472
7817,5.38598
7818,0.6881793
7819,7.6310706
7820,3.2272558
7821,0.8944454
7822,14.630826
7823,8.483411
7824,25.80738
7825,6.63774
7826,21.426044
7827,0.20820299
7828,7.727893
7829,3.5102925
7830,4.9451914
7831,1.5001297
7832,6.853906
7833,16.438524
7834,18.432453
7835,1.6177335
7836,16.61127
7837,7.6357045
7838,8.714955
7839,8.249902
7840,6.935422
7841,4.386227
7842,20.773834
7843,5.155031
7844,10.15362
7845,9.675822
7846,1.838573
7847,1.1983714
7848,4.288157
7849,17.604603
7850,0.73333335
7851,7.640553
7852,0.28785068
7853,7.7886276
7854,6.185071
7855,2.40372
7856,8.899433
7857,3.8484175
7858,3.089595
7859,5.059027
7860,5.211378
7861,9.3124
7862,1.3435919
7863,2.7201648
7864,4.8998513
7865,8.534799
7866,6.8240485
7867,10.671116
7868,4.8048015
7869,2.917838
7870,11.080981
7871,9.042949
7872,7.938425
7873,7.6990047
7874,8.325743
7875,8.315493
7876,8.303706
7877,21.259882
7878,8.500705
7879,7.561334
7880,9.98431
7881,15.947725
7882,2.7271433
7883,8.922967
7884,9.004863
7885,8.195074
7886,10.433948
7887,9.705107
7888,12.198154
7889,10.134253
7890,4.4366837
7891,5.0377126
7892,3.705375
7893,2.5587642
7894,8.895518
7895,9.480119
7896,9.849779
7897,5.62559
7898,9.812522
7899,9.598104
7900,9.363627
7901,8.123597
7902,8.640735
7903,9.92582
7904,8.511477
7905,20.02349
7906,5.988693
7907,0.31211376
7908,7.772749
7909,8.144727
7910,8.779207
7911,7.6686544
7912,4.7366056
7913,19.475428
7914,8.42123
7915,20.036308
7916,7.6966534
7917,11.563055
7918,23.486387
7919,9.026988
7920,9.550221
7921,3.7354307
7922,6.14825
7923,10.305015
7924,19.851744
7925,6.6683373
7926,2.828717
7927,6.040733
7928,10.64318
7929,12.035736
7930,7.4853826
7931,5.690733
7932,2.4782503
7933,9.535822
7934,2.2634034
7935,1.3530176
7936,3.995784
7937,9.798989
7938,8.613229
7939,9.160813
7940,10.493945
7941,3.3313353
7942,4.3037505
7943,10.456769
7944,8.56026
7945,20.717289
7946,7.7512035
7947,8.701451
7948,11.233067
7949,8.654484
7950,8.738558
7951,10.196653
7952,1.2833333
7953,8.73208
7954,20.688944
7955,11.434778
7956,1.2512764
7957,9.352112
7958,19.419533
7959,3.4733775
7960,5.1886005
7961,17.617918
7962,7.062658
7963,4.869414
7964,1.6670146
7965,5.5011277
7966,9.586764
7967,8.063356
7968,8.469097
7969,17.522766
7970,7.5567565
7971,9.543888
7972,4.6872067
7973,3.9017284
7974,8.805928
7975,9.705242
7976,8.605592
7977,9.886847
7978,8.426793
7979,19.975363
7980,9.132924
7981,9.811576
7982,3.3
7983,5.823629
7984,3.5295813
7985,10.169412
7986,4.0713162
7987,2.2524598
7988,6.960139
7989,9.667078
7990,7.1531296
7991,3.7009547
7992,4.3970103
7993,5.133333
7994,13.025849
7995,10.716589
7996,7.7210674
7997,8.930254
7998,3.7716787
7999,4.1335826
8000,1.1938808
8001,7.520518
8002,16.78076
8003,7.7988863
8004,7.6051006
8005,4.330389
8006,4.519646
8007,3.863566
8008,1.2881999
8009,3.8880117
8010,1.0021133
8011,7.2442384
8012,8.360991
8013,9.944686
8014,18.3747
8015,1.3208548
8016,4.9992414
8017,8.626661
8018,6.236656
8019,12.6550455
8020,3.8595276
8021,18.527548
8022,6.5333276
8023,9.034896
8024,9.825628
8025,5.6833334
8026,8.093405
8027,3.5519762
8028,10.130772
8029,8.663042
8030,9.357898
8031,3.2099407
8032,3.2129607
8033,10.338607
8034,8.460562
8035,16.5957
8036,19.712305
8037,1.3290088
8038,7.0645347
8039,8.141351
8040,9.916807
8041,10.553583
8042,21.771736
8043,2.561521
8044,5.5114594
8045,8.457725
8046,8.9873
8047,10.133442
8048,10.351659
8049,10.007554
8050,20.689648
8051,6.626249
8052,17.288534
8053,19.77644
8054,9.056926
8055,7.8677573
8056,4.4
8057,15.036037
8058,13.411587
8059,1.9870998
8060,10.917593
8061,7.604662
8062,9.008361
8063,11.165396
8064,1.8333334
8065,8.709845
8066,5.8669887
8067,2.4469936
8068,9.96616
8069,11.477829
8070,10.106443
8071,8.066667
8072,12.724448
8073,9.33361
8074,10.593916
8075,21.447277
8076,18.382067
8077,17.49088
8078,9.807698
8079,7.579413
8080,7.8258996
8081,39.32089
8082,7.4307666
8083,10.045751
8084,6.816213
8085,10.725045
8086,8.227681
8087,26.494967
8088,9.001614
8089,10.362752
8090,31.42941
8091,6.447507
8092,15.583333
8093,3.9748275
8094,9.7452545
8095,9.919152
8096,16.873924
8097,9.314132
8098,10.314084
8099,7.9703493
8100,18.533062
8101,8.332523
8102,9.7591305
8103,20.817616
8104,7.9728456
8105,0.26772815
8106,0.35801616
8107,8.975977
8108,3.230214
8109,7.333876
8110,5.0866685
8111,5.7347136
8112,22.038158
8113,0.40314993
8114,18.86248
8115,24.019114
8116,8.943709
8117,1.9991238
8118,3.3
8119,15.23916
8120,9.398183
8121,9.48477
8122,7.6167827
8123,19.787304
8124,8.730294
8125,18.818068
8126,2.2334337
8127,6.066401
8128,6.080071
8129,0.3615791
8130,3.4866557
8131,10.861119
8132,1.0673282
8133,4.944357
8134,3.1353712
8135,27.148746
8136,8.757566
8137,0.15822253
8138,7.535277
8139,1.2833333
8140,10.879746
8141,0.73333335
8142,7.3612523
8143,0.9166667
8144,8.421811
8145,8.446795
8146,8.578253
8147,9.24116
8148,6.0039043
8149,0.03244082
8150,20.123587
8151,9.785128
8152,1.4666667
8153,2.3833334
8154,4.903761
8155,2.2
8156,22.0
8157,3.4677348
8158,10.819889
8159,7.83387
8160,2.60605
8161,3.9496748
8162,8.01584
8163,9.146928
8164,11.085193
8165,9.37427
8166,9.678723
8167,8.358089
8168,8.399209
8169,5.4761963
8170,13.885953
8171,8.985886
8172,7.1568975
8173,0.7459879
8174,9.139673
8175,6.431954
8176,8.487852
8177,9.82051
8178,8.237647
8179,8.314068
8180,8.924063
8181,9.468755
8182,8.734529
8183,8.440122
8184,1.9868774
8185,6.796949
8186,15.858429
8187,5.555336
8188,11.245315
8189,9.402022
8190,2.9554446
8191,13.729112
8192,8.510208
8193,1.5934705
8194,2.7586699
8195,3.888043
8196,3.7787204
8197,5.979958
8198,9.070446
8199,17.993673
8200,7.3140697
8201,0.2928892
8202,5.5666604
8203,4.1768713
8204,9.941237
8205,2.7801282
8206,5.617785
8207,8.46146
8208,7.812945
8209,8.811076
8210,1.1
8211,5.4260254
8212,17.233513
8213,1.7144841
8214,0.1543661
8215,5.1558275
8216,0.010800364
8217,6.431349
8218,4.162233
8219,2.8516455
8220,1.4249723
8221,3.8297968
8222,10.7194605
8223,9.436371
8224,2.5666666
8225,6.8588104
8226,1.2833333
8227,13.999534
8228,4.204885
8229,6.2373157
8230,17.97803
8231,2.2091303
8232,4.3797574
8233,2.2783675
8234,9.721019
8235,9.297038
8236,2.607059
8237,1.9994818
8238,2.955826
8239,0.071819626
8240,8.731349
8241,2.5615692
8242,6.2287965
8243,10.124668
8244,8.222073
8245,6.4182606
8246,9.617519
8247,8.760093
8248,18.833931
8249,10.219836
8250,7.169533
8251,8.003283
8252,7.8371367
8253,13.067989
8254,4.84968
8255,8.138761
8256,4.1907883
8257,0.2820253
8258,4.682303
8259,7.5783954
8260,8.0741415
8261,7.999755
8262,9.606025
8263,25.731707
8264,6.6353393
8265,4.4
8266,3.8838785
8267,1.9997362
8268,8.216993
8269,9.863464
8270,8.394305
8271,3.2661998
8272,4.5041094
8273,9.029103
8274,17.215036
8275,7.6334248
8276,8.698893
8277,4.145249
8278,4.558953
8279,10.320043
8280,9.177995
8281,9.058072
8282,8.89679
8283,8.875203
8284,0.9166667
8285,7.024782
8286,17.872105
8287,0.26941305
8288,0.8101146
8289,7.944227
8290,8.674733
8291,6.032935
8292,3.2721837
8293,0.18333334
8294,26.42584
8295,3.1086926
8296,9.710415
8297,3.50252
8298,3.968167
8299,14.546792
8300,9.6770525
8301,7.978152
8302,6.086039
8303,1.5307424
8304,8.110014
8305,7.7778025
8306,6.6170545
8307,3.5600026
8308,5.2547617
8309,6.315104
8310,2.080242
8311,8.240136
8312,10.509751
8313,4.3000693
8314,5.348182
8315,8.924272
8316,9.788202
8317,8.373824
8318,1.5643438
8319,5.0860324
8320,2.2
8321,13.016666
8322,2.9643283
8323,7.7551603
8324,0.46655336
8325,8.215538
8326,4.429929
8327,4.4583483
8328,9.982361
8329,4.1992583
8330,4.7861423
8331,9.649706
8332,4.480123
8333,3.9315145
8334,5.318038
8335,4.845263
8336,11.138226
8337,3.6464453
8338,6.1379437
8339,7.9399514
8340,8.098651
8341,9.574662
8342,11.803778
8343,11.139496
8344,4.731576
8345,2.1972814
8346,10.941854
8347,14.729794
8348,10.416675
8349,8.201045
8350,14.1428585
8351,4.089379
8352,3.5796888
8353,4.006394
8354,10.338133
8355,8.716441
8356,8.113733
8357,7.176695
8358,5.0211434
8359,5.0711703
8360,1.7911675
8361,3.393276
8362,3.023402
8363,9.298699
8364,8.750216
8365,7.8902946
8366,5.718263
8367,14.145426
8368,7.9093466
8369,0.4132271
8370,8.03102
8371,10.99894
8372,0.9184281
8373,8.584507
8374,8.785502
8375,10.338338
8376,21.064606
8377,0.19244352
8378,4.7288337
8379,2.5690637
8380,7.619405
8381,10.980162
8382,8.263103
8383,0.73333335
8384,6.3931856
8385,10.7266035
8386,20.30491
8387,7.581235
8388,8.346353
8389,1.6039847
8390,6.532542
8391,28.101313
8392,5.706892
8393,4.2615733
8394,4.5761423
8395,5.1303463
8396,3.3458552
8397,18.142569
8398,8.02417
8399,0.19806226
8400,9.373411
8401,1.695983
8402,4.4840975
8403,10.096342
8404,7.587084
8405,8.670599
8406,19.746883
8407,6.551966
8408,7.294845
8409,8.830491
8410,2.047801
8411,6.598481
8412,8.960849
8413,1.4666667
8414,6.865215
8415,8.403397
8416,10.376039
8417,8.366243
8418,8.818729
8419,12.247587
8420,2.389773
8421,0.52435404
8422,9.860563
8423,9.062511
8424,7.4507723
8425,3.2052045
8426,5.178253
8427,8.114012
8428,10.111174
8429,8.55248
8430,8.005546
8431,0.17440319
8432,4.4012628
8433,2.7263565
8434,7.010905
8435,3.237947
8436,7.737517
8437,8.74227
8438,3.2510366
8439,5.6532693
8440,7.6456695
8441,8.485667
8442,8.56584
8443,9.119019
8444,17.457397
8445,9.191482
8446,9.448212
8447,10.390623
8448,7.0779724
8449,7.039619
8450,6.972226
8451,1.1
8452,9.622616
8453,15.317295
8454,8.397708
8455,9.1614485
8456,9.133189
8457,19.66044
8458,7.528479
8459,0.73333335
8460,8.67571
8461,1.5464386
8462,5.027254
8463,11.688614
8464,4.099377
8465,6.7833333
8466,7.2554517
8467,10.207717
8468,10.11688
8469,2.3400471
8470,5.8679824
8471,30.44737
8472,8.007336
8473,2.040116
8474,0.15249252
8475,7.1104755
8476,7.0294147
8477,4.0635586
8478,4.888693
8479,0.47029653
8480,10.826358
8481,9.957155
8482,8.602421
8483,8.983334
8484,18.437956
8485,3.2704828
8486,5.762561
8487,20.878878
8488,9.886271
8489,32.288727
8490,5.3120055
8491,20.941051
8492,2.985255
8493,4.5742116
8494,1.9316274
8495,11.2617655
8496,8.41725
8497,11.524154
8498,19.16529
8499,4.822612
8500,5.740491
8501,2.5651453
8502,30.193428
8503,5.69334
8504,16.367542
8505,3.8270717
8506,5.270887
8507,9.477972
8508,6.4166665
8509,24.810526
8510,8.251977
8511,9.3658695
8512,7.3273406
8513,3.7923093
8514,19.255375
8515,8.549491
8516,4.3814425
8517,3.8642964
8518,9.716666
8519,2.6913877
8520,12.104447
8521,3.2598577
8522,3.8402078
8523,8.5883465
8524,7.3449864
8525,8.600498
8526,16.133333
8527,11.0350685
8528,4.890282
8529,0.39381182
8530,23.10865
8531,1.65
8532,15.526852
8533,8.356982
8534,16.90251
8535,8.39424
8536,0.36916736
8537,11.03035
8538,11.91318
8539,8.217709
8540,17.303556
8541,3.8556416
8542,10.178407
8543,9.735441
8544,8.496722
8545,9.495266
8546,9.505392
8547,4.068128
8548,4.318596
8549,12.752064
8550,18.56446
8551,9.353581
8552,42.775627
8553,0.7037799
8554,3.4131687
8555,9.758607
8556,7.8597474
8557,9.155981
8558,9.523432
8559,8.616667
8560,4.766667
8561,5.639513
8562,6.7833333
8563,14.389617
8564,8.386732
8565,8.776568
8566,9.297141
8567,1.6660213
8568,3.9889495
8569,3.3746324
8570,11.27321
8571,8.8241415
8572,17.429296
8573,7.994231
8574,9.063006
8575,0.2855778
8576,3.4651835
8577,3.7149196
8578,5.362224
8579,3.5128357
8580,9.174579
8581,8.428025
8582,9.651439
8583,8.200629
8584,9.340668
8585,7.6031537
8586,18.580683
8587,0.9166667
8588,5.1564374
8589,2.4863243
8590,19.836792
8591,1.5462638
8592,26.985075
8593,8.503739
8594,9.082579
8595,9.136344
8596,9.700639
8597,8.359972
8598,9.6689
8599,9.243369
8600,9.924824
8601,18.985718
8602,7.110811
8603,9.180165
8604,7.8830247
8605,8.8846445
8606,26.821167
8607,7.1809845
8608,9.0344515
8609,9.20317
8610,3.2414439
8611,17.997099
8612,6.5443435
8613,4.5502105
8614,1.2833333
8615,3.432266
8616,8.874814
8617,4.7960687
8618,26.746998
8619,9.723505
8620,5.3166666
8621,4.732077
8622,7.5631533
8623,3.380362
8624,5.1142936
8625,8.027959
8626,17.156866
8627,3.768778
8628,10.347079
8629,10.4041815
8630,7.8815455
8631,8.910131
8632,2.8123138
8633,1.0201534
8634,4.970582
8635,8.14832
8636,6.4166665
8637,34.935913
8638,15.61668
8639,8.019416
8640,9.516907
8641,9.366162
8642,8.866636
8643,18.227163
8644,21.421396
8645,7.3486733
8646,9.515397
8647,1.65
8648,5.3996797
8649,4.766667
8650,3.6711376
8651,9.384005
8652,2.4372103
8653,1.8462023
8654,13.93834
8655,9.255465
8656,8.224043
8657,17.986826
8658,3.3387742
8659,0.19837214
8660,14.674551
8661,7.8705463
8662,16.784319
8663,7.0953608
8664,1.8333334
8665,6.8327503
8666,2.0929492
8667,5.5
8668,13.228768
8669,7.4657054
8670,18.084814
8671,8.764919
8672,8.715987
8673,7.5166793
8674,15.13269
8675,3.2798126
8676,0.21723112
8677,7.555198
8678,9.386715
8679,27.00112
8680,7.7609305
8681,8.894609
8682,8.510805
8683,10.363166
8684,9.830554
8685,18.50456
8686,7.9332266
8687,10.83221
8688,1.1284907
8689,15.975967
8690,7.077329
8691,11.988632
8692,10.1020975
8693,10.281404
8694,4.1802645
8695,4.1780148
8696,9.577785
8697,7.8588076
8698,9.712386
8699,18.863224
8700,2.7481637
8701,0.7589579
8702,4.6289124
8703,9.117738
8704,9.394011
8705,4.0111704
8706,3.3
8707,1.8428482
8708,7.1067257
8709,2.8663075
8710,8.695882
8711,0.23247401
8712,9.911992
8713,18.45923
8714,8.353034
8715,20.77774
8716,6.480781
8717,20.09012
8718,7.15
8719,9.514014
8720,10.825556
8721,10.253007
8722,2.8401766
8723,4.8691506
8724,9.602356
8725,9.44736
8726,10.716081
8727,9.932971
8728,11.410946
8729,3.1166666
8730,7.001702
8731,12.10786
8732,8.856629
8733,9.140882
8734,4.184159
8735,6.1233997
8736,11.895562
8737,7.55183
8738,9.734153
8739,10.103194
8740,8.446996
8741,7.797893
8742,5.359467
8743,5.435674
8744,8.7053385
8745,8.22591
8746,8.456176
8747,4.766667
8748,13.204
8749,8.231514
8750,7.125242
8751,3.4920375
8752,9.540503
8753,9.685557
8754,6.537208
8755,8.050847
8756,0.20267963
8757,6.7933793
8758,4.1053615
8759,12.656077
8760,1.8068397
8761,4.542534
8762,1.4170566
8763,8.446877
8764,10.008653
8765,2.5666666
8766,7.2367034
8767,9.741498
8768,2.0038762
8769,8.499255
8770,23.168966
8771,9.248789
8772,4.95944
8773,8.482146
8774,8.450001
8775,3.4149568
8776,12.352961
8777,7.2376566
8778,9.4016075
8779,8.010135
8780,1.4666667
8781,7.881754
8782,8.897243
8783,8.25847
8784,8.538072
8785,8.8719225
8786,7.267745
8787,9.07046
8788,14.92913
8789,6.5070386
8790,2.662262
8791,6.9035363
8792,2.0575125
8793,16.65302
8794,7.8268228
8795,9.149996
8796,8.076311
8797,4.9268727
8798,11.555059
8799,7.297819
8800,2.862088
8801,18.214535
8802,14.015142
8803,5.9241285
8804,2.6643832
8805,5.686322
8806,9.582711
8807,10.051528
8808,9.772229
8809,8.949218
8810,6.839673
8811,7.3629074
8812,16.753094
8813,1.0889767
8814,6.3714275
8815,8.675401
8816,8.25483
8817,1.1
8818,24.416924
8819,7.094645
8820,9.229113
8821,9.279624
8822,6.3821716
8823,7.4694552
8824,8.270139
8825,6.956832
8826,8.991988
8827,7.3410993
8828,7.706635
8829,2.9310784
8830,14.390922
8831,7.9534373
8832,7.8952312
8833,9.066758
8834,7.465314
8835,9.428646
8836,23.115238
8837,4.604825
8838,9.385293
8839,8.718318
8840,18.974861
8841,8.152071
8842,8.549556
8843,6.9666667
8844,10.939058
8845,8.963656
8846,10.799495
8847,1.65
8848,30.456709
8849,5.3730655
8850,0.38747787
8851,10.926596
8852,2.5084336
8853,12.727705
8854,1.7477756
8855,18.894148
8856,7.2413125
8857,9.089327
8858,8.859588
8859,9.718823
8860,30.352743
8861,7.272443
8862,10.175166
8863,1.5141805
8864,8.807015
8865,10.491449
8866,9.707546
8867,9.910162
8868,9.480198
8869,10.51228
8870,8.3330555
8871,11.745581
8872,7.55229
8873,10.046433
8874,22.014935
8875,4.203002
8876,3.6666667
8877,17.512142
8878,8.353972
8879,2.75
8880,5.508352
8881,9.846417
8882,7.4581623
8883,8.80634
8884,4.6900916
8885,3.1396866
8886,8.324575
8887,13.011418
8888,8.340756
8889,8.036098
8890,12.466666
8891,7.0696354
8892,5.5828247
8893,3.261535
8894,8.150109
8895,0.77852416
8896,9.716666
8897,23.283333
8898,27.405252
8899,6.063509
8900,0.008598964
8901,4.817279
8902,5.188433
8903,9.421405
8904,7.758141
8905,9.498596
8906,2.995555
8907,7.3876634
8908,8.144976
8909,20.326637
8910,3.390924
8911,5.2724833
8912,4.5083766
8913,4.8489575
8914,9.932726
8915,5.602655
8916,6.3112264
8917,2.1355946
8918,3.5543125
8919,2.5646527
8920,11.153699
8921,9.716666
8922,8.20876
8923,9.930311
8924,5.131761
8925,4.7494173
8926,10.584666
8927,6.4166665
8928,16.742498
8929,0.102837875
8930,11.173893
8931,21.722578
8932,9.428009
8933,9.311263
8934,8.459639
8935,9.169341
8936,8.727377
8937,12.709532
8938,8.992594
8939,8.63754
8940,10.409801
8941,7.63409
8942,4.698555
8943,4.5211234
8944,10.229896
8945,1.1465787
8946,8.66801
8947,19.274332
8948,1.0944842
8949,4.8020043
8950,9.854373
8951,8.022055
8952,9.746226
8953,9.631095
8954,10.669893
8955,3.0000923
8956,3.5822957
8957,0.87560815
8958,9.152446
8959,7.0700727
8960,2.2865057
8961,2.6112711
8962,2.0166667
8963,2.1394017
8964,5.908028
8965,5.4294987
8966,11.073623
8967,19.191414
8968,10.308012
8969,1.0976473
8970,14.939016
8971,1.266996
8972,7.2598524
8973,6.360373
8974,1.9785248
8975,10.360058
8976,2.3833334
8977,6.629793
8978,9.078304
8979,10.121338
8980,8.469909
8981,0.9166667
8982,9.226823
8983,8.593631
8984,1.2857674
8985,7.5626535
8986,20.202328
8987,7.6621623
8988,9.983905
8989,4.766667
8990,15.094924
8991,18.894215
8992,9.185211
8993,2.9940217
8994,1.4118593
8995,4.1514874
8996,10.414244
8997,9.550213
8998,8.9673605
8999,8.986139
9000,22.020855
9001,2.0166667
9002,5.916818
9003,29.29557
9004,6.6273446
9005,8.213162
9006,3.370667
9007,6.470895
9008,3.4833333
9009,6.233333
9010,8.857702
9011,9.242383
9012,1.9147317
9013,3.8793895
9014,2.9126725
9015,0.3493786
9016,8.586638
9017,6.9896317
9018,7.5029144
9019,8.10202
9020,2.6069484
9021,4.889107
9022,12.791937
9023,6.4283447
9024,8.7469425
9025,2.9013317
9026,5.9140606
9027,20.575697
9028,1.4666667
9029,14.124908
9030,8.513624
9031,16.04422
9032,7.6500573
9033,19.911488
9034,9.695268
9035,8.452122
9036,22.183332
9037,7.5368967
9038,0.97263646
9039,0.16299886
9040,3.824337
9041,8.375033
9042,10.138593
9043,6.5333376
9044,10.212626
9045,8.081406
9046,9.889252
9047,0.97716635
9048,10.473044
9049,2.2882538
9050,5.557188
9051,8.892688
9052,25.212782
9053,1.371495
9054,0.41334632
9055,1.4666667
9056,1.1000402
9057,6.616418
9058,4.2255483
9059,3.9419336
9060,6.014887
9061,3.5762
9062,4.3294435
9063,4.4368978
9064,8.40624
9065,9.626761
9066,18.975971
9067,9.606568
9068,8.701841
9069,9.150195
9070,17.00911
9071,8.354617
9072,7.2404704
9073,8.523455
9074,7.8953676
9075,27.165495
9076,7.969666
9077,10.274633
9078,28.795712
9079,2.270238
9080,3.9861197
9081,8.225004
9082,9.06391
9083,6.5615025
9084,9.617488
9085,6.1009736
9086,16.534395
9087,0.7622401
9088,0.9166667
9089,8.024645
9090,9.344626
9091,10.1837
9092,6.4568605
9093,0.2888282
9094,4.7102537
9095,3.4588501
9096,11.092424
9097,9.462628
9098,8.258328
9099,31.339842
9100,13.554121
9101,10.806966
9102,9.572357
9103,1.2454988
9104,8.732677
9105,9.485046
9106,9.426243
9107,9.427672
9108,7.0337467
9109,8.043607
9110,12.227456
9111,8.52909
9112,8.19653
9113,1.5769085
9114,7.3627462
9115,8.459736
9116,8.578628
9117,6.554755
9118,10.218813
9119,7.7186904
9120,7.7809176
9121,8.68902
9122,3.4896455
9123,0.61269605
9124,3.7337701
9125,13.395693
9126,0.7993857
9127,8.588472
9128,18.37375
9129,5.5413103
9130,1.354917
9131,8.164977
9132,9.433802
9133,5.1681995
9134,4.8649144
9135,2.1115384
9136,8.114776
9137,11.098303
9138,12.197396
9139,14.894979
9140,9.075856
9141,10.529986
9142,7.6390257
9143,10.202734
9144,2.3263373
9145,6.665398
9146,9.808747
9147,1.4008125
9148,7.496461
9149,8.742586
9150,7.8831515
9151,0.43700537
9152,3.49644
9153,3.9283993
9154,3.2275517
9155,4.473543
9156,1.3397377
9157,8.928253
9158,8.697176
9159,9.350842
9160,6.9485173
9161,19.985128
9162,7.373714
9163,7.9390044
9164,8.676282
9165,6.0578113
9166,1.9095346
9167,8.013654
9168,8.746799
9169,6.9783297
9170,8.569774
9171,9.591421
9172,8.571942
9173,10.132687
9174,9.521055
9175,10.17855
9176,8.155458
9177,0.48129556
9178,15.780672
9179,3.6686254
9180,4.893184
9181,4.0624537
9182,5.254165
9183,21.197216
9184,8.218781
9185,9.45747
9186,4.077634
9187,5.3203106
9188,8.447337
9189,7.3944807
9190,0.8219005
9191,5.2459
9192,13.382412
9193,7.400592
9194,9.479531
9195,10.970306
9196,8.599431
9197,19.58829
9198,3.6881845
9199,5.105082
9200,9.92535
9201,8.53772
9202,4.031293
9203,5.7295165
9204,10.142637
9205,7.563893
9206,2.7062576
9207,0.7394473
9208,4.8319902
9209,8.714311
9210,7.627592
9211,1.0671456
9212,4.95
9213,0.07301796
9214,19.021177
9215,7.349786
9216,3.2560987
9217,6.05
9218,13.542464
9219,2.8001628
9220,5.133333
9221,4.2200565
9222,9.263652
9223,8.01719
9224,9.859872
9225,0.9166667
9226,7.0686035
9227,3.85
9228,8.762956
9229,7.8615346
9230,11.739929
9231,4.2857485
9232,1.2372495
9233,7.4162574
9234,5.9065747
9235,10.556617
9236,4.317403
9237,4.087949
9238,9.485038
9239,8.661311
9240,9.053755
9241,9.897326
9242,7.280954
9243,7.3837214
9244,10.837826
9245,4.31571
9246,13.383333
9247,20.520472
9248,8.1939945
9249,2.8812811
9250,4.68436
9251,11.247882
9252,5.4021993
9253,14.889701
9254,8.070811
9255,8.621114
9256,19.392168
9257,17.388605
9258,0.9166667
9259,9.541226
9260,7.2363453
9261,1.8333334
9262,19.015446
9263,3.26767
9264,4.779912
9265,8.539414
9266,2.0166667
9267,17.580013
9268,9.83925
9269,7.70812
9270,7.60948
9271,10.3836775
9272,7.3104544
9273,19.787615
9274,8.315578
9275,10.066492
9276,3.9631052
9277,4.096063
9278,9.386356
9279,7.539161
9280,7.6422453
9281,8.506044
9282,9.21463
9283,8.869904
9284,32.969555
9285,7.7102823
9286,3.9102397
9287,16.071598
9288,8.087214
9289,3.506716
9290,5.426931
9291,10.202787
9292,1.8333334
9293,9.734782
9294,10.623391
9295,6.9754767
9296,9.891573
9297,6.120111
9298,1.7286147
9299,2.75
9300,7.257263
9301,2.5666666
9302,6.7252955
9303,22.338022
9304,6.7469606
9305,9.284632
9306,8.338881
9307,7.2264767
9308,1.0733209
9309,9.0411825
9310,9.692493
9311,21.217043
9312,7.683635
9313,11.882574
9314,9.9623375
9315,3.7580252
9316,5.6310263
9317,9.47492
9318,38.683334
9319,6.4191356
9320,4.0680404
9321,2.2434871
9322,16.19208
9323,7.988159
9324,0.9166667
9325,12.283334
9326,0.1447076
9327,4.003577
9328,7.606188
9329,20.030134
9330,9.7268505
9331,8.16106
9332,7.242513
9333,8.058446
9334,7.9034557
9335,11.7470455
9336,7.1070437
9337,9.451939
9338,10.715779
9339,10.062439
9340,9.949414
9341,8.233119
9342,13.651414
9343,9.69334
9344,2.3833334
9345,20.441572
9346,7.809243
9347,0.097783424
9348,21.024708
9349,7.5797253
9350,9.560775
9351,1.0569812
9352,21.02773
9353,19.743788
9354,11.38462
9355,3.3
9356,11.766321
9357,4.149644
9358,3.3167121
9359,8.771554
9360,20.184765
9361,8.44454
9362,8.972963
9363,10.164966
9364,9.644444
9365,9.482183
9366,2.2359686
9367,4.760448
9368,13.462045
9369,10.510215
9370,17.042635
9371,3.34417
9372,16.724745
9373,6.7101727
9374,5.67464
9375,0.8936167
9376,5.3166666
9377,4.6403413
9378,4.684901
9379,0.32734072
9380,4.9478297
9381,9.058452
9382,8.401783
9383,7.7699575
9384,9.563503
9385,14.518724
9386,2.0624
9387,10.379514
9388,8.087404
9389,10.828234
9390,8.293558
9391,2.1637359
9392,2.8864942
9393,13.455794
9394,4.578614
9395,3.7077353
9396,9.320689
9397,0.73333335
9398,19.922743
9399,6.8604155
9400,13.900483
9401,13.343685
9402,7.8507757
9403,0.55
9404,16.76179
9405,0.6560405
9406,6.151652
9407,9.522439
9408,5.1291785
9409,9.578985
9410,3.8935423
9411,6.945817
9412,0.22749896
9413,8.399392
9414,8.658774
9415,8.440558
9416,17.497437
9417,8.323646
9418,9.419026
9419,6.4166665
9420,9.816607
9421,7.6781034
9422,8.408403
9423,10.814317
9424,3.6666667
9425,4.6378536
9426,9.081132
9427,3.6431153
9428,0.73333335
9429,4.3605804
9430,10.765146
9431,8.106218
9432,8.803353
9433,8.969435
9434,9.927614
9435,8.850869
9436,7.216318
9437,2.696045
9438,6.0817637
9439,2.7477186
9440,6.320859
9441,8.001533
9442,4.221138
9443,5.5384088
9444,9.134253
9445,6.941359
9446,12.1
9447,12.814102
9448,8.394407
9449,7.907844
9450,17.085827
9451,7.303779
9452,8.682879
9453,19.66064
9454,5.6871247
9455,1.5954338
9456,5.1888633
9457,8.052048
9458,5.475991
9459,4.284683
9460,4.3913045
9461,3.9522727
9462,7.7827544
9463,3.129665
9464,6.6
9465,21.274641
9466,0.6982644
9467,7.618222
9468,17.646944
9469,10.474055
9470,5.3268514
9471,15.793736
9472,0.12615521
9473,2.75
9474,3.8295584
9475,3.3
9476,10.653551
9477,7.930788
9478,15.286104
9479,8.740903
9480,6.577364
9481,10.339635
9482,7.532891
9483,8.432682
9484,5.1563034
9485,4.543527
9486,9.564353
9487,11.057757
9488,7.0315766
9489,8.405288
9490,17.805428
9491,3.9975972
9492,2.88771
9493,6.991523
9494,6.467064
9495,0.31677875
9496,5.5
9497,6.0271497
9498,8.283241
9499,7.7671847
9500,18.147404
9501,8.039602
9502,8.444555
9503,2.8276525
9504,6.73705
9505,5.0658464
9506,5.0095234
9507,10.278304
9508,9.58054
9509,7.705959
9510,4.21238
9511,16.138752
9512,9.044425
9513,10.372123
9514,9.996708
9515,8.329176
9516,11.593484
9517,2.8243704
9518,4.419438
9519,1.9365945
9520,7.9641814
9521,7.247813
9522,0.8767605
9523,0.24630226
9524,10.935252
9525,10.142726
9526,7.631326
9527,9.057356
9528,8.89976
9529,4.4704366
9530,6.0895205
9531,5.7129946
9532,9.397134
9533,0.56656206
9534,9.609955
9535,8.775218
9536,7.1500154
9537,1.7784835
9538,6.6356425
9539,6.917229
9540,4.0335183
9541,4.1998386
9542,9.221539
9543,18.894451
9544,8.232913
9545,2.5787036
9546,0.96065205
9547,4.1413784
9548,5.530286
9549,2.5433624
9550,23.838776
9551,0.36666667
9552,7.432787
9553,5.9664903
9554,3.1876874
9555,10.251897
9556,4.499253
9557,2.6007893
9558,20.084818
9559,4.077062
9560,4.055556
9561,9.73894
9562,9.079998
9563,5.2148337
9564,2.3148854
9565,8.751034
9566,15.145583
9567,2.5616803
9568,19.895203
9569,6.407961
9570,7.00566
9571,29.820532
9572,10.347789
9573,7.7
9574,31.69326
9575,6.603639
9576,2.9819648
9577,0.5730311
9578,3.3094568
9579,9.752727
9580,8.956305
9581,8.529845
9582,1.4011304
9583,5.8643265
9584,10.692503
9585,9.215124
9586,11.639572
9587,10.723432
9588,7.0779314
9589,1.5680791
9590,18.444324
9591,2.3619568
9592,5.723111
9593,8.912459
9594,5.293894
9595,9.748485
9596,9.30426
9597,8.621875
9598,4.178739
9599,4.1216455
9600,8.174007
9601,8.446091
9602,10.507361
9603,20.0005
9604,1.1323929
9605,5.0628586
9606,3.534953
9607,4.7168093
9608,10.993719
9609,2.641312
9610,2.994839
9611,8.943494
9612,0.27463436
9613,5.3557796
9614,4.745206
9615,1.4666667
9616,5.6833334
9617,10.904179
9618,8.621018
9619,10.701982
9620,0.68232894
9621,17.545597
9622,23.833334
9623,1.1984506
9624,5.8505225
9625,3.5745854
9626,6.760749
9627,7.883788
9628,8.484158
9629,1.65
9630,7.81061
9631,7.79411
9632,6.654899
9633,6.685067
9634,8.581584
9635,9.146055
9636,7.0870156
9637,9.433382
9638,20.642918
9639,0.9166667
9640,15.567677
9641,7.666311
9642,3.9467492
9643,13.029008
9644,4.535596
9645,9.025335
9646,10.827701
9647,10.023482
9648,8.371495
9649,5.9678063
9650,2.198219
9651,3.647454
9652,3.2875218
9653,6.7947774
9654,2.8070295
9655,9.833391
9656,0.6060759
9657,8.483808
9658,9.5117655
9659,6.05
9660,1.9526726
9661,9.503978
9662,9.584689
9663,7.1240835
9664,3.780126
9665,8.508309
9666,7.3778396
9667,8.604175
9668,9.491006
9669,8.495258
9670,8.8329735
9671,4.786961
9672,3.6573014
9673,4.715991
9674,5.450074
9675,4.137517
9676,15.995473
9677,32.466732
9678,8.564435
9679,10.162395
9680,0.5166848
9681,5.667177
9682,12.946494
9683,7.2924848
9684,9.884237
9685,7.933562
9686,9.504136
9687,10.416983
9688,1.5205305
9689,7.389346
9690,3.8414235
9691,8.25
9692,4.959989
9693,9.362721
9694,9.217438
9695,8.82342
9696,3.866418
9697,6.025624
9698,7.827417
9699,3.0042014
9700,15.533853
9701,6.478533
9702,21.616268
9703,9.355467
9704,9.309054
9705,0.36666667
9706,19.161573
9707,7.190759
9708,6.2790637
9709,12.102747
9710,9.457318
9711,11.595362
9712,7.3227873
9713,1.1239369
9714,8.90003
9715,9.61144
9716,4.9493003
9717,3.0370398
9718,16.35945
9719,3.7569041
9720,9.821813
9721,19.267736
9722,16.854326
9723,6.686035
9724,9.277788
9725,10.215506
9726,31.69034
9727,1.2869914
9728,2.9901345
9729,0.10131199
9730,9.886471
9731,10.102628
9732,45.305363
9733,0.08074443
9734,18.15107
9735,9.314618
9736,8.619534
9737,10.558565
9738,5.117226
9739,2.941394
9740,8.898051
9741,11.358579
9742,9.826701
9743,7.6025257
9744,18.845709
9745,8.730642
9746,8.308505
9747,8.923078
9748,11.512654
9749,9.340359
9750,7.7052603
9751,11.403489
9752,8.859198
9753,1.1
9754,8.395935
9755,4.930623
9756,3.9064405
9757,12.008382
9758,9.083429
9759,13.768904
9760,1.5014966
9761,1.8333334
9762,7.1135297
9763,7.6316447
9764,10.593524
9765,9.782386
9766,11.849777
9767,11.32045
9768,8.25
9769,11.219955
9770,0.30443665
9771,8.631207
9772,4.2374215
9773,0.5032937
9774,11.501923
9775,3.2464664
9776,10.046665
9777,10.361617
9778,2.75
9779,7.5775547
9780,10.039488
9781,9.918736
9782,23.502254
9783,10.102653
9784,4.139924
9785,4.018704
9786,9.347709
9787,10.3246765
9788,8.144696
9789,4.6420255
9790,3.6003118
9791,9.990247
9792,8.391643
9793,3.7394135
9794,5.9517465
9795,9.670695
9796,6.442976
9797,2.0277421
9798,3.9653773
9799,2.9019597
9800,4.4611845
9801,0.79988635
9802,14.8076315
9803,4.2423415
9804,7.426071
9805,6.9235163
9806,9.485553
9807,9.857495
9808,12.02512
9809,2.9388428
9810,0.4124385
9811,0.12018073
9812,6.6
9813,5.8588276
9814,5.217473
9815,4.1483645
9816,7.225411
9817,0.070150696
9818,0.81827176
9819,7.4362245
9820,9.990885
9821,5.3166666
9822,4.988567
9823,9.142685
9824,9.34286
9825,9.851886
9826,8.923801
9827,7.817381
9828,11.397005
9829,3.5304942
9830,5.7917204
9831,8.818937
9832,8.018964
9833,10.309649
9834,8.773852
9835,7.9586844
9836,17.34133
9837,7.8812923
9838,20.92274
9839,7.341377
9840,10.248486
9841,9.224485
9842,14.15157
9843,3.173391
9844,9.265826
9845,8.146327
9846,9.771867
9847,9.816432
9848,9.166667
9849,6.8192167
9850,6.233333
9851,13.4769125
9852,6.6630445
9853,8.549103
9854,11.7572
9855,8.906787
9856,4.2441287
9857,3.777584
9858,17.74648
9859,8.683222
9860,0.09791056
9861,11.807443
9862,7.6251435
9863,9.050614
9864,1.634407
9865,7.549453
9866,9.260751
9867,8.183608
9868,8.472037
9869,16.254824
9870,10.153406
9871,8.901531
9872,8.1894245
9873,18.199318
9874,8.079171
9875,8.82295
9876,9.747784
9877,5.4707055
9878,3.3165216
9879,18.64389
9880,0.73333335
9881,5.8082185
9882,29.070463
9883,1.8872657
9884,3.344488
9885,5.113722
9886,4.166802
9887,6.0131955
9888,5.6573873
9889,9.684824
9890,1.4956555
9891,3.9252515
9892,2.2478824
9893,3.528206
9894,4.3676696
9895,19.32679
9896,7.8888426
9897,21.605835
9898,7.3864694
9899,9.302552
9900,8.47114
9901,9.531865
9902,8.585515
9903,7.267087
9904,8.729355
9905,8.371243
9906,8.865897
9907,17.54868
9908,0.16390486
9909,7.726615
9910,9.072504
9911,8.628124
9912,0.18333334
9913,7.5789533
9914,9.6699
9915,4.3920674
9916,3.5018525
9917,19.119953
9918,15.849674
9919,4.7839007
9920,15.02321
9921,8.481503
9922,9.928935
9923,10.984096
9924,10.238369
9925,4.347682
9926,4.879085
9927,9.639789
9928,8.153654
9929,10.597683
9930,8.88915
9931,12.305118
9932,9.184442
9933,17.472261
9934,9.602627
9935,22.500872
9936,1.9096375
9937,9.359982
9938,8.564758
9939,30.428062
9940,7.1197834
9941,8.42409
9942,5.133333
9943,5.6833334
9944,45.769955
9945,4.6359224
9946,3.6666667
9947,18.748425
9948,12.738149
9949,8.18212
9950,9.099699
9951,8.993936
9952,0.73333335
9953,11.284481
9954,3.820197
9955,8.810487
9956,5.1552615
9957,2.7221038
9958,10.69468
9959,8.815623
9960,5.929747
9961,2.9810905
9962,19.372913
9963,9.397571
9964,9.972351
9965,8.408205
9966,10.478155
9967,10.03074
9968,8.70196
9969,10.351992
9970,10.613839
9971,9.854373
9972,20.826185
9973,8.1704445
9974,3.5588105
9975,3.8739126
9976,4.4
9977,15.244159
9978,8.063038
9979,0.6048997
9980,2.8094451
9981,4.1600146
9982,9.108084
9983,9.423207
9984,0.18333334
9985,7.7177305
9986,5.060816
9987,7.118987
9988,3.1345682
9989,1.4124316
9990,4.109065
9991,39.28676
9992,16.41322
9993,7.7528796
9994,8.3169775
9995,6.977241
9996,9.139467
9997,0.55
9998,6.349929
9999,0.07026993
10000,9.832454
10001,10.242493
10002,9.448132
10003,8.301067
10004,6.888962
10005,7.5065126
10006,8.267959
10007,6.969953
10008,8.706911
10009,4.2166667
10010,2.485458
10011,10.663668
10012,11.431321
10013,2.366169
10014,22.623268
10015,7.789557
10016,8.980505
10017,10.06743
10018,19.774755
10019,7.1564035
10020,5.8895183
10021,2.6407638
10022,9.415593
10023,7.6747575
10024,5.669061
10025,8.6579485
10026,7.477897
10027,5.41877
10028,1.7348367
10029,6.871946
10030,5.0738006
10031,3.9585197
10032,9.477647
10033,0.38154924
10034,7.6873617
10035,9.035
10036,8.472593
10037,9.794928
10038,20.99548
10039,7.8810854
10040,1.9233464
10041,6.816053
10042,7.405249
10043,16.690565
10044,7.4007907
10045,6.8850436
10046,2.0530937
10047,6.3662696
10048,9.699401
10049,1.0431448
10050,8.293844
10051,10.078837
10052,21.116133
10053,8.829053
10054,8.138666
10055,0.40279236
10056,7.8796062
10057,6.1083007
10058,22.741404
10059,13.728166
10060,4.2434134
10061,10.118461
10062,2.6007414
10063,6.368398
10064,9.607895
10065,18.602564
10066,5.3166666
10067,0.46237308
10068,9.781798
10069,7.263065
10070,19.669905
10071,5.394713
10072,4.3262877
10073,10.115712
10074,12.331019
10075,9.676433
10076,7.4888144
10077,9.964682
10078,9.415149
10079,8.076176
10080,7.2797613
10081,8.483973
10082,10.71826
10083,10.069434
10084,7.3333335
10085,2.5959413
10086,11.717732
10087,2.3833334
10088,6.715656
10089,10.799504
10090,2.6546633
10091,5.4894123
10092,11.087591
10093,6.3648143
10094,1.2764852
10095,8.930127
10096,2.4670522
10097,6.672556
10098,3.3
10099,15.253736
10100,7.9428186
10101,6.3647027
10102,0.28340816
10103,3.999671
10104,10.637053
10105,12.080257
10106,7.879361
10107,4.5429707
10108,4.533927
10109,12.310766
10110,9.346715
10111,9.533334
10112,7.6863513
10113,5.3166666
10114,4.244097
10115,10.457389
10116,4.185296
10117,0.67072403
10118,4.4391346
10119,1.1
10120,7.02974
10121,18.451778
10122,9.342559
10123,0.36666667
10124,7.667916
10125,10.341651
10126,3.8433478
10127,0.031093465
10128,4.197618
10129,38.128624
10130,6.921928
10131,24.526112
10132,8.176431
10133,4.9098816
10134,4.988368
10135,2.056265
10136,7.9530725
10137,8.406846
10138,35.816017
10139,3.408551
10140,10.22869
10141,9.076244
10142,7.0223107
10143,8.911681
10144,10.363165
10145,27.519238
10146,8.306567
10147,9.39157
10148,9.804782
10149,4.0147467
10150,4.252522
10151,1.3563712
10152,1.4666667
10153,15.717292
10154,18.478886
10155,6.942987
10156,9.293255
10157,9.304618
10158,8.362372
10159,8.339907
10160,8.954072
10161,10.612449
10162,11.019375
10163,10.038845
10164,2.1307704
10165,1.8794614
10166,0.1573955
10167,4.5959487
10168,5.3453517
10169,3.9998698
10170,1.569954
10171,2.9333334
10172,6.358123
10173,22.505604
10174,7.885028
10175,5.25032
10176,6.0963
10177,9.018127
10178,21.706799
10179,8.671482
10180,10.848133
10181,2.2
10182,17.05
10183,11.421647
10184,0.23676555
10185,4.709124
10186,3.542178
10187,11.050352
10188,7.177178
10189,17.831257
10190,31.175272
10191,8.211382
10192,6.5807266
10193,2.2
10194,6.9186697
10195,3.2764673
10196,0.98672706
10197,4.689273
10198,8.59204
10199,3.395343
10200,5.5728836
10201,10.257275
10202,7.6874256
10203,0.6156445
10204,8.894506
10205,10.855753
10206,1.1175039
10207,9.97552
10208,8.455976
10209,0.1769702
10210,8.760389
10211,2.9484355
10212,5.939586
10213,10.600566
10214,1.0849001
10215,4.4219413
10216,3.1870606
10217,7.0415745
10218,7.969666
10219,22.167086
10220,7.966392
10221,9.23749
10222,9.350006
10223,9.383329
10224,10.39694
10225,28.814156
10226,5.463107
10227,6.733839
10228,2.9108286
10229,10.457413
10230,10.063981
10231,8.640259
10232,10.513894
10233,6.4608502
10234,7.606053
10235,8.381105
10236,10.226879
10237,10.41561
10238,9.123738
10239,20.352255
10240,5.240568
10241,4.9934535
10242,4.1258335
10243,9.686875
10244,10.139069
10245,0.17378327
10246,21.315672
10247,10.344775
10248,9.313232
10249,7.9886837
10250,17.08594
10251,7.713319
10252,3.874922
10253,4.8124795
10254,0.73333335
10255,14.551891
10256,7.464902
10257,7.3144135
10258,6.05
10259,10.904828
10260,4.4
10261,16.39003
10262,7.157485
10263,4.274504
10264,3.5284362
10265,11.975169
10266,8.589229
10267,8.369566
10268,7.770507
10269,21.03298
10270,6.692688
10271,9.492702
10272,8.74869
10273,9.896143
10274,38.122143
10275,5.469044
10276,0.3490766
10277,11.376382
10278,1.65
10279,5.6321855
10280,8.7368
10281,0.36666667
10282,20.70302
10283,7.8963437
10284,5.212919
10285,4.4293323
10286,6.5034947
10287,4.0159235
10288,4.2240615
10289,0.9307464
10290,4.216996
10291,3.259842
10292,4.717564
10293,30.002962
10294,8.616667
10295,6.037736
10296,4.282944
10297,5.0137205
10298,9.176525
10299,21.469353
10300,5.794438
10301,0.3602266
10302,0.9166667
10303,13.309986
10304,4.133392
10305,8.353901
10306,8.68176
10307,16.632065
10308,6.233333
10309,0.83924925
10310,9.576274
10311,9.255323
10312,2.2510293
10313,4.8416295
10314,3.3
10315,5.976184
10316,22.645252
10317,6.7789946
10318,6.1966496
10319,7.264932
10320,9.095256
10321,1.2833333
10322,1.5504673
10323,13.9542055
10324,7.5458446
10325,10.424741
10326,9.971159
10327,3.85
10328,15.046802
10329,29.747576
10330,8.816465
10331,8.60486
10332,9.848692
10333,7.175938
10334,7.516667
10335,10.0074215
10336,8.365256
10337,30.408993
10338,7.8936176
10339,17.451351
10340,7.933966
10341,5.7765965
10342,0.9943326
10343,10.313114
10344,9.108943
10345,8.207702
10346,4.6434083
10347,3.0064428
10348,9.233078
10349,7.888985
10350,0.9020011
10351,3.4675758
10352,3.4148858
10353,5.0461116
10354,3.5553136
10355,17.208635
10356,8.343101
10357,8.19262
10358,11.129545
10359,18.675732
10360,0.34139156
10361,8.925177
10362,11.416271
10363,1.5489103
10364,7.9317093
10365,10.7935505
10366,10.010639
10367,4.322211
10368,3.5248282
10369,9.942438
10370,9.002582
10371,7.4813213
10372,4.766667
10373,5.1572328
10374,2.6028078
10375,5.6204405
10376,11.826524
10377,6.6090984
10378,11.143264
10379,10.545048
10380,0.74739444
10381,6.4725018
10382,6.0606565
10383,2.1838353
10384,1.8333334
10385,18.920666
10386,7.0287147
10387,6.7603345
10388,5.758611
10389,0.5340815
10390,5.2823634
10391,3.323229
10392,4.3313036
10393,4.907608
10394,7.3623505
10395,3.3
10396,4.710119
10397,8.690135
10398,9.775321
10399,10.289518
10400,17.335209
10401,8.928554
10402,9.340205
10403,5.8097515
10404,3.9878607
10405,5.640135
10406,4.937204
10407,1.4456192
10408,10.285163
10409,9.359701
10410,10.39105
10411,5.042354
10412,1.460425
10413,20.567305
10414,3.7693508
10415,3.7082748
10416,1.6608636
10417,17.249783
10418,1.9702117
10419,3.9291375
10420,2.5161505
10421,17.611834
10422,2.6462314
10423,3.4817135
10424,9.587272
10425,9.21135
10426,0.73333335
10427,7.020887
10428,8.338659
10429,9.4327755
10430,7.6259446
10431,4.614543
10432,4.294363
10433,12.520829
10434,6.3715696
10435,10.300668
10436,7.6011667
10437,1.9610565
10438,7.632748
10439,8.813001
10440,7.889643
10441,10.62585
10442,17.963419
10443,2.0182772
10444,4.656609
10445,8.486898
10446,15.609303
10447,3.4914098
10448,4.078865
10449,9.983016
10450,4.6991196
10451,12.666894
10452,1.8816395
10453,17.274363
10454,8.113172
10455,5.9404864
10456,3.973659
10457,6.891338
10458,8.527876
10459,19.71116
10460,9.119915
10461,6.5758295
10462,10.746957
10463,28.884981
10464,11.183333
10465,22.068804
10466,8.093349
10467,7.9204316
10468,7.719564
10469,3.7403975
10470,3.6400557
10471,10.163442
10472,7.9710097
10473,8.851464
10474,2.5666666
10475,7.3570557
10476,3.4833333
10477,17.466267
10478,11.405762
10479,0.12669565
10480,4.7330623
10481,2.952568
10482,9.457549
10483,4.921921
10484,3.9419494
10485,11.147182
10486,8.671927
10487,3.5836384
10488,1.6455967
10489,4.737322
10490,1.65
10491,13.745648
10492,4.060642
10493,10.967811
10494,9.225751
10495,9.66801
10496,8.890891
10497,9.376644
10498,7.484857
10499,1.9357126
10500,3.067422
10501,3.1079144
10502,7.584532
10503,5.72838
10504,29.994291
10505,7.9552655
10506,5.137507
10507,5.080168
10508,11.7242985
10509,5.6401806
10510,5.6702213
10511,10.264713
10512,10.247263
10513,0.70327115
10514,4.7332997
10515,4.709784
10516,2.9333334
10517,38.098057
10518,17.91114
10519,7.2028565
10520,7.880862
10521,9.97606
10522,8.359419
10523,6.4210024
10524,8.465555
10525,7.056665
10526,8.775983
10527,9.643044
10528,10.598716
10529,7.6186023
10530,7.9062862
10531,8.461833
10532,8.926465
10533,3.4833333
10534,5.658611
10535,9.344357
10536,19.387142
10537,8.915719
10538,2.0166667
10539,17.596012
10540,20.042023
10541,20.986568
10542,19.145271
10543,33.183334
10544,10.623075
10545,8.26571
10546,9.784006
10547,10.568731
10548,9.385372
10549,13.933333
10550,15.091727
10551,8.115021
10552,2.7829254
10553,4.4135733
10554,7.8480315
10555,8.624372
10556,9.781297
10557,5.410353
10558,0.5058368
10559,14.188734
10560,7.434806
10561,8.485715
10562,6.4312296
10563,5.160872
10564,8.256849
10565,7.6406646
10566,7.9246693
10567,10.335447
10568,19.593933
10569,3.8248062
10570,4.229919
10571,9.769401
10572,28.326586
10573,7.2496176
10574,8.324029
10575,0.36666667
10576,7.062013
10577,11.992687
10578,6.0115585
10579,2.0110214
10580,8.290172
10581,9.537387
10582,3.4833333
10583,16.977715
10584,9.504041
10585,10.622144
10586,3.3466413
10587,6.6926007
10588,4.0052967
10589,5.0316496
10590,7.6566544
10591,8.803105
10592,9.328517
10593,9.838271
10594,9.504818
10595,0.4178444
10596,10.837076
10597,8.754054
10598,3.4175076
10599,4.3890476
10600,8.472499
10601,15.237744
10602,3.5494094
10603,3.8572311
10604,4.836194
10605,20.47886
10606,9.078288
10607,7.734553
10608,3.1411011
10609,4.5216556
10610,10.410842
10611,9.434129
10612,1.9384227
10613,4.621012
10614,4.6240897
10615,3.809341
10616,20.951302
10617,8.4937105
10618,8.040142
10619,0.18333334
10620,8.411741
10621,14.0654335
10622,1.1
10623,2.1661758
10624,21.248653
10625,5.6833334
10626,9.83499
10627,0.101759106
10628,3.4343693
10629,7.523067
10630,0.12519361
10631,8.867495
10632,8.164995
10633,9.975895
10634,4.0333333
10635,15.54563
10636,9.817569
10637,9.533366
10638,7.6226635
10639,9.17658
10640,10.561482
10641,8.5505085
10642,0.024872454
10643,6.715563
10644,16.852919
10645,6.8635006
10646,0.6064574
10647,6.9035373
10648,9.313891
10649,2.3833334
10650,13.854092
10651,2.3262498
10652,1.9510667
10653,6.131181
10654,1.8333334
10655,8.43037
10656,11.2123
10657,10.149647
10658,2.75
10659,14.687055
10660,10.053953
10661,20.461174
10662,6.0006146
10663,7.9323697
10664,8.924778
10665,1.1523168
10666,2.3833334
10667,7.7615256
10668,9.156466
10669,6.578071
10670,3.9440792
10671,2.5269825
10672,3.1347117
10673,11.381087
10674,16.250675
10675,7.630365
10676,8.457393
10677,3.7992005
10678,5.3497157
10679,8.869657
10680,5.1538777
10681,3.5282767
10682,10.988751
10683,0.17918746
10684,3.7694535
10685,0.6609756
10686,4.2491283
10687,8.673842
10688,4.69637
10689,1.0095199
10690,15.09501
10691,8.3041525
10692,8.052619
10693,0.79515773
10694,8.851958
10695,0.7353624
10696,6.8976483
10697,8.855279
10698,2.6497207
10699,1.3955432
10700,4.003469
10701,10.7115755
10702,8.628417
10703,7.9653106
10704,7.776315
10705,8.049193
10706,8.458853
10707,6.248021
10708,2.4840038
10709,7.858603
10710,10.8932495
10711,6.156652
10712,7.265036
10713,9.245882
10714,3.401049
10715,4.2423325
10716,6.571348
10717,8.494958
10718,2.75
10719,14.939943
10720,10.539405
10721,9.490347
10722,4.5511956
10723,3.591951
10724,4.2645535
10725,2.7626517
10726,10.796213
10727,9.561357
10728,5.4753394
10729,3.0826254
10730,4.5601764
10731,8.1547985
10732,17.865166
10733,11.744088
10734,1.8612067
10735,3.982997
10736,0.21598339
10737,7.5989795
10738,7.6899524
10739,7.934666
10740,10.711749
10741,26.603271
10742,1.1908054
10743,4.0695195
10744,4.087583
10745,0.55
10746,4.0250864
10747,4.8762956
10748,3.9460342
10749,0.37999153
10750,11.882535
10751,2.3161092
10752,4.3349667
10753,10.591961
10754,17.964922
10755,7.826535
10756,9.513395
10757,10.266925
10758,1.206263
10759,4.040154
10760,3.9755342
10761,10.518542
10762,9.514404
10763,15.4
10764,0.8165758
10765,10.332332
10766,10.094064
10767,7.7566233
10768,6.293781
10769,17.944386
10770,9.489793
10771,2.75
10772,5.170624
10773,9.219375
10774,7.944219
10775,8.45515
10776,9.313139
10777,7.701119
10778,4.1044717
10779,14.08999
10780,16.669132
10781,8.724078
10782,7.2957206
10783,1.7263331
10784,9.039634
10785,3.9463925
10786,3.7234697
10787,0.60071945
10788,1.1
10789,8.144935
10790,10.041514
10791,9.470775
10792,0.69671464
10793,14.213238
10794,10.271564
10795,11.325105
10796,9.977309
10797,0.06286304
10798,16.63011
10799,4.5041246
10800,14.274906
10801,8.158335
10802,10.096035
10803,0.28058684
10804,7.765389
10805,9.462236
10806,2.3854976
10807,0.73333335
10808,15.022268
10809,9.152403
10810,11.443704
10811,9.4344845
10812,9.750613
10813,1.9862732
10814,6.536157
10815,9.217658
10816,7.0022817
10817,10.687209
10818,0.2808765
10819,7.2225385
10820,0.5163591
10821,7.9760065
10822,7.8936644
10823,9.395305
10824,9.678587
10825,7.440217
10826,4.978854
10827,3.9837918
10828,10.301632
10829,6.4278045
10830,9.613674
10831,10.39397
10832,8.652863
10833,11.150193
10834,4.4956207
10835,5.6122947
10836,2.0022233
10837,7.8232055
10838,3.6913002
10839,22.088745
10840,2.2200902
10841,1.65
10842,17.517242
10843,7.223693
10844,10.103609
10845,8.073339
10846,10.649355
10847,3.3203518
10848,3.9612927
10849,9.779494
10850,7.7263274
10851,11.152999
10852,8.423408
10853,9.339984
10854,7.3729687
10855,0.73333335
10856,6.8131766
10857,9.681654
10858,7.1502857
10859,4.12945
10860,4.7176046
10861,10.5871525
10862,8.420188
10863,18.0109
10864,8.028188
10865,0.6604831
10866,7.6026297
10867,6.3893404
10868,3.0538325
10869,3.2545328
10870,5.1456523
10871,6.8987527
10872,9.655252
10873,8.19986
10874,11.397434
10875,9.670949
10876,11.469468
10877,9.696546
10878,3.4702544
10879,3.8950527
10880,5.0573516
10881,0.36666667
10882,3.521554
10883,8.177042
10884,7.9720907
10885,8.21828
10886,9.300582
10887,9.803327
10888,0.17951329
10889,16.88994
10890,8.981681
10891,8.653013
10892,9.186881
10893,5.314843
10894,12.2321205
10895,7.91653
10896,20.10359
10897,8.115069
10898,4.5833335
10899,3.5337129
10900,2.8987482
10901,4.833817
10902,1.65
10903,25.613586
10904,2.75
10905,3.3193512
10906,0.18333334
10907,21.304163
10908,7.3829975
10909,1.4666667
10910,7.15
10911,39.134182
10912,0.635759
10913,15.275026
10914,11.7275715
10915,8.743676
10916,0.36666667
10917,9.932996
10918,8.3250675
10919,12.329125
10920,6.573637
10921,18.504915
10922,17.022705
10923,9.534265
10924,8.302935
10925,7.9200583
10926,9.893235
10927,0.06371339
10928,8.576082
10929,7.1708446
10930,9.725118
10931,11.290575
10932,1.313408
10933,5.7133765
10934,9.381851
10935,5.516998
10936,3.6798868
10937,0.8762757
10938,4.016344
10939,5.2630105
10940,7.977773
10941,20.9333
10942,6.69078
10943,5.1472573
10944,0.04331271
10945,3.777759
10946,10.7625
10947,10.953785
10948,9.578069
10949,0.8294107
10950,8.259424
10951,19.075052
10952,16.388187
10953,2.0121653
10954,15.858388
10955,8.549547
10956,0.6817262
10957,8.470058
10958,18.09831
10959,12.773648
10960,7.2763367
10961,10.308775
10962,20.792534
10963,9.289272
10964,5.212552
10965,3.3724942
10966,9.942078
10967,9.006055
10968,9.429201
10969,8.925658
10970,5.9067793
10971,4.6721544
10972,9.601202
10973,18.177067
10974,9.5706415
10975,34.063313
10976,6.2397714
10977,10.892048
10978,9.8646
10979,18.636406
10980,10.542322
10981,1.1217991
10982,6.6313753
10983,8.050999
10984,9.528279
10985,8.324855
10986,10.387589
10987,11.7564335
10988,0.8294741
10989,18.18057
10990,7.3896656
10991,10.16632
10992,6.553587
10993,10.0626
10994,9.468284
10995,9.652965
10996,10.112972
10997,10.612352
10998,10.742297
10999,10.744454
11000,18.43617
11001,7.6618915
11002,9.6599
11003,0.50820524
11004,4.8719325
11005,0.19710064
11006,3.2437723
11007,8.278872
11008,11.716309
11009,31.829828
11010,7.9383774
11011,41.128162
11012,1.9968591
11013,4.370332
11014,10.104178
11015,1.5011472
11016,6.70329
11017,1.2736636
11018,4.230284
11019,0.23477076
11020,4.1896105
11021,4.8194423
11022,3.6271813
11023,18.61872
11024,12.0249195
11025,5.174566
11026,10.80812
11027,8.661698
11028,6.851983
11029,8.807525
11030,9.624394
11031,8.441202
11032,8.876309
11033,10.667696
11034,17.796425
11035,7.2911887
11036,10.619006
11037,8.274706
11038,9.272297
11039,21.199886
11040,15.353623
11041,8.537554
11042,8.531309
11043,11.137304
11044,9.35
11045,8.445358
11046,10.427862
11047,9.6132765
11048,8.403348
11049,9.587313
11050,15.95
11051,4.1822276
11052,7.624832
11053,19.87311
11054,17.233334
11055,8.39979
11056,0.14489491
11057,9.325052
11058,8.348546
11059,7.5776105
11060,4.1350694
11061,10.506113
11062,9.86349
11063,9.319282
11064,0.8292118
11065,8.518195
11066,8.1034975
11067,8.338435
11068,7.9267898
11069,10.597428
11070,4.9700575
11071,3.6990006
11072,5.0050354
11073,4.433664
11074,9.878269
11075,8.689109
11076,4.4
11077,28.854614
11078,6.439209
11079,10.432711
11080,6.517904
11081,3.4700713
11082,8.20311
11083,8.15096
11084,5.0411615
11085,3.3165936
11086,9.805472
11087,8.681187
11088,2.2
11089,6.277371
11090,10.40651
11091,4.183054
11092,6.5946584
11093,2.6348035
11094,2.3961942
11095,4.5833335
11096,9.416571
11097,15.041989
11098,8.060791
11099,15.427653
11100,14.700961
11101,20.360392
11102,7.7883167
11103,9.593624
11104,20.597475
11105,8.611424
11106,26.280846
11107,7.90519
11108,6.066179
11109,2.6914363
11110,7.9972024
11111,9.242558
11112,8.896831
11113,19.196272
11114,9.296719
11115,6.6295776
11116,3.0916214
11117,1.2913547
11118,3.2058873
11119,9.263492
11120,9.376264
11121,8.673867
11122,29.88384
11123,3.346292
11124,17.400478
11125,0.44153535
11126,7.9071784
11127,2.629757
11128,5.799413
11129,9.754134
11130,5.3166666
11131,29.700977
11132,18.484339
11133,2.3445601
11134,1.3757231
11135,13.550783
11136,7.2070365
11137,1.1
11138,7.937384
11139,5.2776184
11140,2.61515
11141,10.205683
11142,10.299539
11143,7.939212
11144,9.38789
11145,11.040228
11146,9.099802
11147,2.2
11148,9.936268
11149,5.095847
11150,31.604467
11151,4.2166667
11152,2.755475
11153,6.199899
11154,3.8483696
11155,9.825426
11156,0.2028545
11157,3.4833333
11158,5.494174
11159,11.628113
11160,10.149218
11161,2.9363794
11162,4.511666
11163,8.973512
11164,8.323456
11165,8.157866
11166,0.7435163
11167,7.666286
11168,9.137089
11169,0.016768774
11170,9.983643
11171,8.287723
11172,4.2166667
11173,4.542265
11174,3.85
11175,0.36666667
11176,16.640362
11177,7.6127844
11178,21.198494
11179,1.423637
11180,4.555138
11181,9.764026
11182,4.271245
11183,4.263123
11184,9.613832
11185,12.17603
11186,6.7388144
11187,3.6471608
11188,4.465516
11189,9.843166
11190,0.7164558
11191,8.106986
11192,3.6666667
11193,8.122247
11194,1.2157283
11195,4.87868
11196,2.2588093
11197,10.949621
11198,1.8333334
11199,5.6423583
11200,2.3025432
11201,10.132107
11202,4.5299845
11203,3.8177252
11204,3.0075076
11205,5.1859937
11206,0.5752723
11207,4.542724
11208,4.6584444
11209,9.152834
11210,9.708142
11211,8.066667
11212,8.977056
11213,8.80207
11214,9.573929
11215,9.758001
11216,8.556152
11217,8.065885
11218,1.755707
11219,6.086396
11220,9.055377
11221,16.089884
11222,7.1388803
11223,8.827328
11224,2.5666666
11225,6.2223034
11226,1.47539
11227,8.661891
11228,7.64966
11229,9.280381
11230,8.129398
11231,9.457898
11232,9.674001
11233,3.647002
11234,5.459101
11235,11.103433
11236,24.015665
11237,6.38574
11238,9.014472
11239,8.761342
11240,5.523562
11241,3.0354583
11242,1.2100617
11243,9.350626
11244,6.4193487
11245,2.6043015
11246,5.250883
11247,4.5814033
11248,4.011949
11249,11.101597
11250,7.291738
11251,7.611482
11252,9.443364
11253,3.3982434
11254,4.3088994
11255,7.69945
11256,0.7433017
11257,4.0583286
11258,13.6523905
11259,5.866667
11260,12.27858
11261,8.8024435
11262,8.888745
11263,8.267611
11264,17.444492
11265,3.575826
11266,2.7672615
11267,4.401128
11268,12.65685
11269,17.665718
11270,8.458503
11271,18.196447
11272,7.026355
11273,7.968976
11274,7.808176
11275,17.939848
11276,6.813947
11277,5.412317
11278,4.745031
11279,10.338124
11280,9.303436
11281,6.233333
11282,0.5982637
11283,8.869975
11284,10.581096
11285,4.5734253
11286,4.4668436
11287,5.8637376
11288,4.4944215
11289,9.535395
11290,8.561421
11291,8.8083105
11292,16.658974
11293,0.13461113
11294,6.2119317
11295,2.1455922
11296,9.779651
11297,7.371338
11298,10.503278
11299,8.954415
11300,9.359211
11301,9.693186
11302,10.026345
11303,8.983357
11304,2.2207654
11305,7.111168
11306,9.68012
11307,7.556979
11308,10.0375185
11309,18.996456
11310,8.40888
11311,10.172271
11312,9.307535
11313,18.949438
11314,6.9784718
11315,6.178284
11316,3.7816367
11317,12.08241
11318,4.29283
11319,4.9839015
11320,10.588845
11321,8.542115
11322,9.154932
11323,8.339684
11324,15.738677
11325,5.5638795
11326,11.077547
11327,9.145005
11328,33.270237
11329,6.275353
11330,5.30738
11331,6.2666497
11332,4.1316586
11333,25.975548
11334,7.7255645
11335,7.9329886
11336,9.520427
11337,16.71877
11338,9.59046
11339,10.382725
11340,2.9333334
11341,6.467621
11342,8.5785
11343,3.1166666
11344,4.6408253
11345,10.116974
11346,9.398333
11347,0.4561344
11348,3.7613952
11349,4.7086325
11350,9.377614
11351,8.83476
11352,8.221509
11353,2.6197438
11354,14.999049
11355,9.178655
11356,10.587978
11357,1.0635617
11358,8.445198
11359,8.24078
11360,8.706738
11361,3.8329918
11362,2.3833334
11363,4.657427
11364,14.570016
11365,4.013554
11366,10.745239
11367,7.9897623
11368,6.505783
11369,5.703505
11370,5.2998137
11371,0.65823394
11372,4.1207633
11373,2.903843
11374,19.888805
11375,7.466308
11376,9.383242
11377,7.6852965
11378,8.4604435
11379,3.9904754
11380,1.1950495
11381,14.549262
11382,23.65
11383,23.72643
11384,3.4611778
11385,11.864179
11386,7.514199
11387,10.709407
11388,9.972979
11389,4.433504
11390,3.3470151
11391,10.083358
11392,10.964758
11393,4.915508
11394,3.9719586
11395,9.324701
11396,2.2379315
11397,4.6210527
11398,10.714142
11399,9.585231
11400,2.0166667
11401,7.5216694
11402,10.642999
11403,3.9017117
11404,5.007036
11405,9.4647255
11406,9.077739
11407,10.091733
11408,21.90504
11409,6.8546844
11410,12.423939
11411,8.689325
11412,1.2188911
11413,7.549492
11414,11.039814
11415,20.062267
11416,5.188377
11417,3.9135144
11418,10.114425
11419,8.845123
11420,9.7401
11421,10.828725
11422,9.310636
11423,10.118764
11424,9.322024
11425,9.498652
11426,8.089702
11427,2.2924027
11428,5.9439726
11429,11.7412
11430,0.55
11431,9.198817
11432,10.29837
11433,29.107327
11434,6.2538223
11435,8.239819
11436,1.8484194
11437,16.527243
11438,6.520566
11439,9.050924
11440,20.994701
11441,8.093477
11442,4.8891234
11443,3.2564485
11444,28.73091
11445,18.38263
11446,6.283823
11447,21.954094
11448,6.3126416
11449,19.433332
11450,8.379698
11451,8.435942
11452,8.71246
11453,7.1019244
11454,15.227471
11455,4.23948
11456,10.933114
11457,9.293111
11458,7.7755604
11459,9.612647
11460,10.830165
11461,1.0514259
11462,4.8644214
11463,3.1446621
11464,8.301052
11465,9.411167
11466,2.5728781
11467,6.046351
11468,19.991678
11469,9.232014
11470,5.0520406
11471,2.773205
11472,20.606794
11473,6.512801
11474,9.673833
11475,4.975375
11476,3.7409067
11477,9.788289
11478,6.420216
11479,30.049517
11480,6.743551
11481,18.92168
11482,9.798749
11483,6.066243
11484,5.5362062
11485,4.8011703
11486,12.953918
11487,8.796216
11488,8.143823
11489,7.5873294
11490,6.3130784
11491,2.9513917
11492,6.371935
11493,13.457394
11494,3.8522558
11495,3.2290452
11496,0.5942106
11497,8.168974
11498,7.304295
11499,12.796911
11500,3.6384816
11501,0.09135405
11502,3.2714365
11503,9.724595
11504,7.270105
11505,6.039969
11506,8.912945
11507,2.4461665
11508,24.842781
11509,1.719618
11510,3.8832903
11511,6.2010694
11512,10.642028
11513,9.287007
11514,16.614183
11515,1.8333334
11516,7.6165996
11517,12.833333
11518,5.334195
11519,7.748849
11520,6.776787
11521,16.133333
11522,12.697227
11523,8.795507
11524,9.911172
11525,9.01785
11526,6.05
11527,22.903402
11528,7.255387
11529,0.87014824
11530,8.167681
11531,9.047627
11532,7.2989697
11533,9.148779
11534,9.350841
11535,6.784932
11536,1.3602973
11537,20.898312
11538,17.338785
11539,6.8524995
11540,10.182343
11541,9.626993
11542,11.366667
11543,2.4778051
11544,9.434692
11545,7.0964417
11546,8.727606
11547,8.178831
11548,8.41209
11549,3.9137282
11550,0.44497648
11551,6.0444427
11552,8.37218
11553,18.685658
11554,8.319323
11555,8.347185
11556,0.9166667
11557,6.97492
11558,8.447408
11559,11.941513
11560,4.4685206
11561,14.096943
11562,17.963781
11563,6.8189225
11564,10.266666
11565,0.14236768
11566,10.213319
11567,7.1542993
11568,8.926035
11569,9.5137205
11570,8.680685
11571,9.182589
11572,10.912443
11573,7.2552047
11574,9.530512
11575,0.3387133
11576,15.765509
11577,8.271114
11578,10.231082
11579,8.703073
11580,7.5124273
11581,11.482668
11582,8.008949
11583,4.420869
11584,5.3628836
11585,17.392317
11586,17.829634
11587,3.1066344
11588,2.0178716
11589,10.482758
11590,3.3464434
11591,7.4486094
11592,21.129692
11593,7.979927
11594,10.7088175
11595,0.9166667
11596,9.703818
11597,10.733097
11598,10.498883
11599,9.543969
11600,8.821576
11601,8.985155
11602,4.4631557
11603,8.983334
11604,5.028644
11605,4.7214355
11606,1.8333334
11607,13.545267
11608,8.255903
11609,9.614118
11610,8.311623
11611,4.327202
11612,3.9429672
11613,0.1664718
11614,10.4466505
11615,9.582328
11616,7.418959
11617,9.455522
11618,8.055703
11619,18.007055
11620,4.791514
11621,4.1205645
11622,4.4
11623,15.028706
11624,8.721757
11625,9.505796
11626,8.903026
11627,8.80553
11628,9.187841
11629,11.070451
11630,6.923064
11631,10.016863
11632,3.5659556
11633,7.0711374
11634,1.0816098
11635,8.823228
11636,1.2833333
11637,6.1782284
11638,18.79327
11639,7.5896754
11640,12.687397
11641,7.1235027
11642,8.707737
11643,3.6701608
11644,4.2165995
11645,25.515085
11646,14.859935
11647,7.764467
11648,18.394049
11649,8.18359
11650,8.25
11651,2.959784
11652,7.4183145
11653,10.020415
11654,4.000124
11655,3.7318792
11656,7.925661
11657,21.067102
11658,7.321104
11659,9.095557
11660,30.008825
11661,6.170782
11662,0.55
11663,20.192434
11664,2.3666382
11665,9.400487
11666,8.293787
11667,8.400084
11668,9.774655
11669,7.836805
11670,2.9333334
11671,7.0761137
11672,0.9166667
11673,7.1543713
11674,8.405924
11675,9.492849
11676,7.0807467
11677,2.8413455
11678,5.5470867
11679,8.68013
11680,0.8373181
11681,7.0549107
11682,8.777739
11683,9.663853
11684,17.07061
11685,4.2013483
11686,6.0236144
11687,8.428661
11688,3.3476036
11689,5.1167574
11690,8.132815
11691,8.560808
11692,6.9660435
11693,20.90698
11694,8.57051
11695,3.6666667
11696,4.1602135
11697,9.877132
11698,4.4
11699,3.97079
11700,17.75901
11701,9.844668
11702,9.786184
11703,7.3141103
11704,7.189242
11705,40.633163
11706,23.217518
11707,2.0235143
11708,1.76088
11709,1.1
11710,28.163076
11711,7.8393064
11712,9.737475
11713,17.854317
11714,8.378021
11715,10.031772
11716,4.1524014
11717,3.3855276
11718,19.735973
11719,7.0038176
11720,11.409896
11721,17.52194
11722,1.8333334
11723,14.621431
11724,8.621645
11725,9.268309
11726,10.3802595
11727,2.0166667
11728,6.131562
11729,10.303594
11730,10.420642
11731,10.408172
11732,20.973263
11733,3.115503
11734,13.890155
11735,0.7057667
11736,4.10374
11737,5.1489196
11738,9.955534
11739,20.211681
11740,6.8197885
11741,11.89654
11742,2.6321967
11743,26.919033
11744,7.697288
11745,9.033244
11746,8.614642
11747,8.502809
11748,8.184965
11749,10.196695
11750,3.8062332
11751,0.11254946
11752,3.8627155
11753,19.631044
11754,0.9166667
11755,0.40160215
11756,16.033192
11757,20.361717
11758,8.218804
11759,10.266666
11760,1.1348646
11761,9.097095
11762,9.533334
11763,6.3068314
11764,5.3048053
11765,0.8943003
11766,3.117975
11767,3.4553604
11768,21.369894
11769,17.739004
11770,18.083168
11771,7.80987
11772,4.0447636
11773,14.096818
11774,2.108717
11775,6.754241
11776,8.141359
11777,9.66208
11778,0.5001704
11779,8.882904
11780,9.178219
11781,4.6510777
11782,5.4451537
11783,2.1871567
11784,8.992171
11785,9.577348
11786,0.36666667
11787,30.350029
11788,3.5055082
11789,4.1789536
11790,11.916667
11791,36.03926
11792,4.680848
11793,9.905011
11794,9.215698
11795,6.7833333
11796,22.738644
11797,7.946652
11798,30.78251
11799,8.047787
11800,9.575639
11801,6.6
11802,1.5338501
11803,11.137302
11804,9.804678
11805,9.645516
11806,10.710452
11807,8.179768
11808,8.25
11809,26.052364
11810,8.050744
11811,18.466309
11812,6.9348583
11813,8.809207
11814,8.694236
11815,0.6926219
11816,3.4833333
11817,4.4654055
11818,10.380563
11819,7.410623
11820,8.900849
11821,6.5646496
11822,1.1
11823,9.9
11824,6.5887065
11825,25.011696
11826,16.74866
11827,8.701133
11828,15.4
11829,0.73901016
11830,8.131773
11831,3.0115287
11832,6.785782
11833,8.293407
11834,9.764099
11835,9.335288
11836,7.344698
11837,20.735407
11838,8.066203
11839,3.9307039
11840,5.458792
11841,7.951459
11842,8.519038
11843,10.796747
11844,10.939534
11845,8.169993
11846,0.18333334
11847,5.3166666
11848,8.198157
11849,3.200213
11850,4.5833335
11851,29.657196
11852,7.2637644
11853,8.822846
11854,7.915298
11855,7.3365617
11856,19.135265
11857,11.183333
11858,8.232482
11859,15.204065
11860,2.5334678
11861,5.7444644
11862,8.685199
11863,9.612854
11864,8.970809
11865,9.729783
11866,1.9338447
11867,8.94838
11868,8.72473
11869,10.161529
11870,10.825866
11871,18.060667
11872,3.4020102
11873,3.470962
11874,7.816197
11875,18.623466
11876,8.911124
11877,7.4020863
11878,8.733153
11879,9.066303
11880,7.8542385
11881,8.304471
11882,8.103545
11883,8.541957
11884,9.233323
11885,8.973632
11886,4.1972
11887,4.374781
11888,0.34581026
11889,0.73333335
11890,7.589625
11891,10.847172
11892,3.394692
11893,6.7833333
11894,7.2531004
11895,7.5075946
11896,9.206669
11897,4.091247
11898,4.5370665
11899,4.0
11900,4.8040395
11901,8.251714
11902,7.0680065
11903,3.3
11904,3.890292
11905,10.28305
11906,6.906074
11907,0.90166736
11908,7.6908417
11909,8.425149
11910,8.892202
11911,17.422413
11912,19.403093
11913,24.809313
11914,2.5956154
11915,3.3610184
11916,9.464946
11917,9.696372
11918,1.4666667
11919,5.804317
11920,22.539604
11921,6.868227
11922,6.05
11923,7.8354287
11924,4.0334463
11925,8.786607
11926,8.855512
11927,8.1187
11928,7.6156387
11929,8.915665
11930,4.5383854
11931,3.6424477
11932,9.206312
11933,4.5833335
11934,2.305555
11935,21.681286
11936,7.05499
11937,9.248447
11938,7.3278265
11939,10.48049
11940,6.484311
11941,10.664362
11942,5.133333
11943,22.732615
11944,9.705965
11945,0.9166667
11946,8.140159
11947,21.43896
11948,11.702321
11949,9.060374
11950,9.428827
11951,0.36849174
11952,3.4833333
11953,4.595096
11954,7.9280615
11955,9.543762
11956,6.9609475
11957,9.614562
11958,26.274797
11959,6.389729
11960,7.5181494
11961,21.038216
11962,7.2287087
11963,1.7854453
11964,14.445251
11965,7.4973574
11966,2.712107
11967,6.957945
11968,5.133333
11969,20.601875
11970,1.993704
11971,1.5468119
11972,4.149198
11973,9.579365
11974,5.899986
11975,5.04338
11976,17.432007
11977,5.376888
11978,7.9246693
11979,7.840667
11980,10.018755
11981,8.710456
11982,1.3473668
11983,2.9511847
11984,5.7348495
11985,4.277849
11986,15.523124
11987,2.3833334
11988,5.3643384
11989,8.272791
11990,12.01544
11991,7.945913
11992,18.481598
11993,7.683428
11994,21.508455
11995,4.3849554
11996,8.495481
11997,1.1606059
11998,7.0713854
11999,4.7763357
12000,11.094578
12001,7.2499366
12002,9.998567
12003,2.7686832
12004,4.940199
12005,0.15874703
12006,8.845744
12007,3.841123
12008,1.3919666
12009,5.133333
12010,13.423465
12011,4.324906
12012,2.854125
12013,7.9786224
12014,8.573198
12015,15.596191
12016,7.411806
12017,7.576552
12018,3.5387359
12019,5.7662797
12020,1.4409623
12021,8.508374
12022,7.955743
12023,10.379918
12024,8.827488
12025,10.157864
12026,1.501282
12027,6.510107
12028,3.6757228
12029,4.931132
12030,0.88699645
12031,20.867764
12032,7.706498
12033,10.323502
12034,8.131209
12035,8.62267
12036,7.956887
12037,9.198788
12038,5.8683476
12039,8.293167
12040,2.8582332
12041,3.9557533
12042,1.1541923
12043,10.325201
12044,7.9441137
12045,3.633976
12046,5.3940296
12047,9.983341
12048,2.67187
12049,1.3580322
12050,4.1433487
12051,5.1545706
12052,17.203352
12053,3.09399
12054,10.74067
12055,13.64457
12056,5.241736
12057,8.215961
12058,10.631999
12059,0.9588004
12060,7.577483
12061,8.169962
12062,9.678507
12063,8.237148
12064,9.912816
12065,8.436433
12066,2.0406642
12067,5.865789
12068,10.4483385
12069,4.4736066
12070,4.0140147
12071,8.498573
12072,7.6066885
12073,8.715264
12074,0.55
12075,6.363169
12076,11.719956
12077,15.226221
12078,16.692951
12079,8.7596655
12080,7.902145
12081,8.331792
12082,9.027283
12083,8.776912
12084,7.5829663
12085,8.821712
12086,8.817944
12087,9.298188
12088,8.724514
12089,9.986393
12090,9.4279785
12091,8.570161
12092,8.192571
12093,9.696515
12094,9.597809
12095,3.212762
12096,4.927737
12097,9.758889
12098,22.727095
12099,1.059723
12100,7.241281
12101,30.534563
12102,19.147392
12103,2.2
12104,13.16596
12105,8.347488
12106,9.425156
12107,0.15470189
12108,19.882788
12109,3.9837203
12110,6.414922
12111,7.2037783
12112,7.4357734
12113,2.3833334
12114,6.979164
12115,10.208919
12116,8.990963
12117,8.567611
12118,8.2156105
12119,20.958796
12120,2.7736979
12121,4.8667274
12122,4.9705505
12123,6.0553074
12124,8.415747
12125,10.4443865
12126,5.1256976
12127,4.8239074
12128,10.109742
12129,8.671123
12130,9.741688
12131,11.712185
12132,7.920543
12133,8.090314
12134,7.8922596
12135,9.492405
12136,10.211413
12137,9.535862
12138,10.026337
12139,10.328143
12140,19.928736
12141,8.315763
12142,8.741324
12143,8.846823
12144,9.888959
12145,2.7843707
12146,5.2797084
12147,9.186418
12148,9.972127
12149,10.0518465
12150,7.091062
12151,11.160486
12152,0.55
12153,19.930126
12154,3.3846693
12155,15.641492
12156,28.174887
12157,7.030606
12158,0.3993909
12159,9.162203
12160,9.5083475
12161,12.030023
12162,7.7956266
12163,2.4902582
12164,4.620774
12165,2.317126
12166,7.5851207
12167,7.739713
12168,20.411184
12169,4.4033456
12170,1.1986493
12171,2.6009955
12172,6.8609242
12173,5.3221383
12174,4.8232164
12175,19.309822
12176,8.949097
12177,9.514085
12178,10.50086
12179,8.0387125
12180,2.5666666
12181,19.140316
12182,7.741936
12183,8.672141
12184,3.7613542
12185,2.3833334
12186,48.2617
12187,3.5800295
12188,0.16479492
12189,6.03203
12190,3.1697116
12191,0.2467235
12192,2.4604876
12193,7.7899384
12194,9.183127
12195,33.809013
12196,7.7207255
12197,9.501456
12198,10.942269
12199,1.9883955
12200,15.695761
12201,2.8768225
12202,5.558181
12203,10.228489
12204,3.8333662
12205,14.613137
12206,10.152778
12207,4.95
12208,3.436319
12209,9.064841
12210,8.885153
12211,9.988333
12212,2.218763
12213,6.8260345
12214,9.716105
12215,3.4190178
12216,6.527043
12217,10.850133
12218,1.4666667
12219,10.047873
12220,8.519061
12221,20.323555
12222,2.1022243
12223,5.129662
12224,0.09244283
12225,1.8421654
12226,8.43025
12227,9.41158
12228,12.626623
12229,31.453068
12230,6.38012
12231,0.2563238
12232,21.483965
12233,8.272346
12234,9.021196
12235,9.119965
12236,17.654856
12237,0.7515669
12238,4.3703003
12239,2.8383417
12240,8.159979
12241,10.021481
12242,10.81388
12243,9.000867
12244,10.379584
12245,5.8974447
12246,4.442755
12247,8.588965
12248,9.214991
12249,7.811562
12250,8.513578
12251,1.9202709
12252,5.512016
12253,8.887618
12254,10.45
12255,3.277866
12256,9.27082
12257,9.363562
12258,20.185766
12259,2.1381698
12260,4.010336
12261,9.050185
12262,18.6174
12263,6.3988843
12264,18.156982
12265,13.465659
12266,4.423865
12267,8.582108
12268,10.647002
12269,10.956788
12270,11.215551
12271,8.087611
12272,5.8104024
12273,3.0311427
12274,7.189377
12275,9.665975
12276,8.122397
12277,9.533334
12278,10.936297
12279,10.02009
12280,17.926151
12281,18.037907
12282,1.7879326
12283,9.475486
12284,5.4131823
12285,4.8443785
12286,5.1681833
12287,5.2398996
12288,8.823442
12289,10.064704
12290,8.2224865
12291,1.3793468
12292,6.801669
12293,9.239976
12294,2.876408
12295,6.0809703
12296,8.713969
12297,10.261227
12298,9.755359
12299,9.075959
12300,9.646631
12301,9.35
12302,6.421041
12303,3.3470862
12304,5.272382
12305,1.9281074
12306,8.40923
12307,10.158458
12308,9.4385395
12309,0.9166667
12310,18.833103
12311,7.557448
12312,1.2833333
12313,5.2790637
12314,2.4772165
12315,15.913057
12316,5.1555014
12317,3.1427302
12318,1.4666667
12319,6.931305
12320,8.631228
12321,7.164153
12322,7.152923
12323,9.836278
12324,4.4339337
12325,5.5655313
12326,7.787117
12327,11.685069
12328,8.426238
12329,8.507268
12330,9.030548
12331,7.516667
12332,4.3396306
12333,11.216115
12334,12.341492
12335,4.151018
12336,20.297136
12337,3.1934419
12338,0.37101898
12339,10.185296
12340,4.1105595
12341,6.0696197
12342,8.426889
12343,9.001486
12344,8.921155
12345,19.090612
12346,1.1653265
12347,4.5120564
12348,6.1436896
12349,3.6420584
12350,9.197053
12351,9.34042
12352,8.239675
12353,0.93371075
12354,9.912705
12355,12.933026
12356,3.3
12357,5.394125
12358,8.983334
12359,9.916282
12360,10.075466
12361,10.367808
12362,11.646082
12363,10.05388
12364,0.6765683
12365,3.7983105
12366,3.0150578
12367,9.754309
12368,13.050938
12369,6.05
12370,2.5593278
12371,9.034196
12372,11.264842
12373,8.019646
12374,7.7530694
12375,8.415762
12376,5.767648
12377,38.04445
12378,0.5128225
12379,3.9602122
12380,12.000141
12381,18.776371
12382,6.6604047
12383,0.36666667
12384,7.586003
12385,7.4574156
12386,32.898006
12387,16.749788
12388,8.713071
12389,7.7894845
12390,0.634416
12391,4.7029576
12392,3.6335475
12393,10.0365095
12394,6.9576902
12395,10.609039
12396,4.4
12397,2.6714644
12398,9.3801985
12399,7.590605
12400,4.2166667
12401,3.6898057
12402,9.720422
12403,8.949511
12404,20.079733
12405,5.661305
12406,4.002817
12407,4.869723
12408,2.0869021
12409,7.197436
12410,9.088031
12411,5.963796
12412,1.3312577
12413,1.8413785
12414,7.4703054
12415,8.322486
12416,8.563256
12417,9.227124
12418,2.3137808
12419,5.716437
12420,5.266142
12421,5.9042454
12422,10.180711
12423,9.785765
12424,9.009035
12425,4.766667
12426,26.274439
12427,9.688338
12428,7.0588665
12429,19.50949
12430,5.6293807
12431,9.716558
12432,9.889777
12433,7.1160874
12434,8.135495
12435,7.66492
12436,7.411798
12437,16.001644
12438,9.527446
12439,7.9722967
12440,0.9166667
12441,0.2911196
12442,6.8349814
12443,8.711887
12444,9.636178
12445,8.424489
12446,10.000976
12447,5.566438
12448,10.621944
12449,5.471548
12450,9.680716
12451,7.1817718
12452,20.552486
12453,3.5723524
12454,3.7028706
12455,22.901392
12456,6.954956
12457,6.472747
12458,1.1
12459,27.683332
12460,8.35294
12461,10.2259865
12462,10.845143
12463,8.180579
12464,0.8827368
12465,7.8616304
12466,16.49712
12467,7.639672
12468,1.5817798
12469,5.5983458
12470,8.444333
12471,9.394947
12472,2.4914668
12473,0.031781197
12474,4.5720105
12475,0.9744007
12476,19.091656
12477,7.660317
12478,8.171718
12479,1.6431652
12480,6.3007116
12481,8.332204
12482,8.864347
12483,8.825057
12484,10.0449705
12485,8.942628
12486,9.43265
12487,16.654055
12488,9.605878
12489,12.743545
12490,3.2578948
12491,7.152065
12492,2.7794678
12493,0.8152802
12494,9.966436
12495,6.9130664
12496,8.345103
12497,8.528845
12498,16.948254
12499,4.0366173
12500,0.024595885
12501,6.6408887
12502,19.814705
12503,9.939465
12504,9.399001
12505,8.056402
12506,3.639556
12507,5.165975
12508,14.666667
12509,11.398285
12510,11.653892
12511,7.448714
12512,0.02497832
12513,9.240818
12514,8.984797
12515,4.5683384
12516,2.5666666
12517,24.736828
12518,3.7968552
12519,4.2172675
12520,0.31057203
12521,10.482193
12522,9.622328
12523,8.742509
12524,4.8961
12525,5.1481404
12526,5.7169123
12527,4.056716
12528,10.414291
12529,9.266885
12530,9.108943
12531,9.22479
12532,8.715852
12533,2.8660138
12534,4.198807
12535,8.080493
12536,4.081226
12537,9.166667
12538,7.5740094
12539,18.431824
12540,7.7627425
12541,9.629639
12542,6.7224193
12543,10.279362
12544,9.651067
12545,8.428844
12546,11.905017
12547,8.009386
12548,7.744941
12549,8.795229
12550,6.881531
12551,21.791311
12552,8.401975
12553,19.933277
12554,8.256921
12555,0.87588614
12556,3.5154188
12557,4.1994495
12558,4.5249705
12559,5.9966173
12560,19.17152
12561,7.634886
12562,14.270878
12563,17.821705
12564,1.0976552
12565,6.868561
12566,8.832018
12567,0.73333335
12568,7.942533
12569,9.437974
12570,7.4230423
12571,11.19519
12572,8.102815
12573,17.713285
12574,8.701579
12575,7.6151996
12576,29.330763
12577,6.9783216
12578,8.893966
12579,9.755437
12580,10.58619
12581,0.5617698
12582,9.687575
12583,20.876886
12584,8.459616
12585,4.735962
12586,4.4430337
12587,9.584651
12588,11.518512
12589,11.631205
12590,4.2386065
12591,5.0621033
12592,8.680813
12593,8.717911
12594,6.05
12595,2.9970486
12596,12.398378
12597,10.767356
12598,11.333003
12599,3.5570307
12600,1.4703118
12601,8.7291975
12602,7.886451
12603,19.818766
12604,7.5258727
12605,9.068998
12606,8.311844
12607,8.164057
12608,8.270087
12609,9.922361
12610,10.433246
12611,9.144902
12612,0.6285429
12613,7.464464
12614,9.78179
12615,8.508167
12616,8.142439
12617,9.052863
12618,8.097308
12619,19.28316
12620,9.920073
12621,3.4833333
12622,12.573711
12623,11.064513
12624,10.129849
12625,8.825938
12626,9.311303
12627,16.247099
12628,7.831534
12629,1.277995
12630,9.2876835
12631,11.470382
12632,9.152213
12633,9.969037
12634,8.043457
12635,1.358358
12636,3.095651
12637,25.040998
12638,6.758341
12639,9.189114
12640,12.05691
12641,7.833235
12642,20.086447
12643,18.241781
12644,0.55
12645,10.810742
12646,9.411635
12647,8.011087
12648,4.984736
12649,2.9715145
12650,11.10921
12651,16.316668
12652,4.3865204
12653,6.6
12654,11.754823
12655,8.446676
12656,9.189584
12657,9.040786
12658,9.2497835
12659,9.206726
12660,1.791183
12661,8.530044
12662,8.140326
12663,10.984254
12664,7.6813483
12665,7.980546
12666,7.988763
12667,8.480047
12668,11.875001
12669,7.2878056
12670,9.744739
12671,6.233333
12672,11.211885
12673,5.151121
12674,2.8740962
12675,10.795195
12676,9.533334
12677,12.938507
12678,7.12676
12679,1.7842374
12680,7.386853
12681,8.934992
12682,3.6537805
12683,3.7797368
12684,8.524435
12685,0.58444345
12686,8.497327
12687,8.876975
12688,17.51205
12689,8.851139
12690,5.1493244
12691,2.5727353
12692,18.517948
12693,16.251627
12694,8.732381
12695,1.8073795
12696,27.35511
12697,7.2501273
12698,9.046331
12699,6.5981393
12700,1.7775302
12701,6.083783
12702,9.96244
12703,9.371702
12704,5.4201765
12705,3.9490142
12706,18.42831
12707,11.666401
12708,3.171754
12709,1.9397657
12710,19.364544
12711,1.2833333
12712,7.484436
12713,9.964824
12714,8.518241
12715,8.465506
12716,7.351596
12717,8.07562
12718,7.127587
12719,7.997879
12720,8.984217
12721,7.844456
12722,8.203475
12723,10.547685
12724,7.8216
12725,9.096319
12726,3.8840456
12727,5.9810395
12728,3.1166666
12729,6.045174
12730,2.6820104
12731,6.430602
12732,7.919899
12733,19.251238
12734,6.539137
12735,9.478465
12736,8.395949
12737,8.006461
12738,10.414515
12739,7.579954
12740,10.701428
12741,2.7930186
12742,1.6810099
12743,4.4594445
12744,9.747728
12745,0.1420657
12746,17.182695
12747,16.728172
12748,8.740903
12749,24.459822
12750,5.4569793
12751,8.590516
12752,18.835625
12753,10.099674
12754,8.976581
12755,3.54131
12756,5.445075
12757,6.829738
12758,9.806624
12759,4.844974
12760,4.736987
12761,19.325981
12762,7.1080446
12763,10.146903
12764,8.475232
12765,8.821559
12766,7.6669607
12767,7.9542084
12768,7.755876
12769,18.212381
12770,7.782126
12771,10.003718
12772,8.921981
12773,0.4811763
12774,10.29009
12775,9.807308
12776,7.976015
12777,12.9669485
12778,0.23837887
12779,5.225594
12780,2.2275922
12781,10.511446
12782,17.891146
12783,8.972533
12784,2.7538617
12785,7.362398
12786,9.782578
12787,8.43107
12788,9.898943
12789,8.441147
12790,10.915883
12791,1.65
12792,6.7331786
12793,8.730111
12794,17.531242
12795,10.228085
12796,2.023983
12797,7.34361
12798,4.2409577
12799,3.4776764
12800,9.067179
12801,6.827895
12802,9.4174795
12803,18.492144
12804,8.900653
12805,3.2269003
12806,4.98457
12807,8.541123
12808,9.582934
12809,9.952116
12810,6.8209014
12811,8.056265
12812,3.3343954
12813,5.5226483
12814,10.878778
12815,14.483334
12816,10.975495
12817,8.889715
12818,10.3873415
12819,8.486256
12820,5.9769964
12821,0.6839116
12822,3.85
12823,5.7260284
12824,3.9513977
12825,0.18333334
12826,3.9278426
12827,1.9063631
12828,5.993636
12829,9.140753
12830,6.6
12831,27.772806
12832,5.879554
12833,0.2747854
12834,6.2781816
12835,0.39804944
12836,4.1104703
12837,7.217296
12838,8.988785
12839,7.8577447
12840,0.4570404
12841,6.4062204
12842,6.6
12843,2.2274256
12844,4.278946
12845,1.1293412
12846,4.066213
12847,9.975362
12848,8.941284
12849,7.345986
12850,9.209322
12851,8.271473
12852,19.32996
12853,6.9866343
12854,9.81094
12855,7.8241506
12856,8.670058
12857,9.188526
12858,1.2126925
12859,2.9007275
12860,4.0462255
12861,7.7678914
12862,1.2833333
12863,8.253139
12864,10.217175
12865,3.6837022
12866,4.24753
12867,10.787176
12868,15.735395
12869,4.984736
12870,3.5811508
12871,5.3503356
12872,5.460136
12873,11.788711
12874,5.369346
12875,20.417198
12876,7.8232446
12877,8.045919
12878,21.393063
12879,7.266546
12880,9.482752
12881,9.736816
12882,8.023795
12883,3.609761
12884,1.4608941
12885,3.2596426
12886,7.0712323
12887,4.0607295
12888,10.140078
12889,7.767805
12890,4.2166667
12891,30.083384
12892,7.369415
12893,7.15
12894,12.1934
12895,7.6218047
12896,15.965804
12897,19.396406
12898,5.8070264
12899,8.825572
12900,10.184098
12901,10.017466
12902,7.509405
12903,31.09608
12904,7.491462
12905,9.872555
12906,0.36075115
12907,0.77226156
12908,8.51233
12909,1.65
12910,7.91777
12911,8.129717
12912,20.007956
12913,7.477149
12914,13.427567
12915,10.031216
12916,8.769711
12917,8.387859
12918,0.09675822
12919,4.120032
12920,4.816684
12921,2.0166667
12922,5.6833334
12923,13.064107
12924,19.356998
12925,8.815374
12926,6.9964337
12927,7.8454275
12928,0.22692305
12929,7.658654
12930,9.389314
12931,6.364918
12932,3.1907878
12933,4.265388
12934,1.65
12935,7.762925
12936,8.716415
12937,0.73333335
12938,8.80347
12939,9.61797
12940,9.501067
12941,4.286623
12942,6.1592255
12943,7.446989
12944,10.089136
12945,8.000468
12946,9.178956
12947,8.710225
12948,9.091616
12949,9.708508
12950,11.278844
12951,9.270581
12952,8.897557
12953,9.832509
12954,9.2021055
12955,9.514435
12956,9.405344
12957,2.75
12958,6.468709
12959,10.457413
12960,5.782915
12961,2.6524146
12962,2.3833334
12963,15.426107
12964,30.710184
12965,5.0027456
12966,2.9863596
12967,5.140471
12968,7.532526
12969,10.039546
12970,9.216008
12971,6.1175427
12972,9.610749
12973,4.766667
12974,3.0119817
12975,7.793402
12976,5.311792
12977,5.499419
12978,3.7510006
12979,4.1143346
12980,1.8520278
12981,8.326572
12982,2.3642142
12983,1.8333334
12984,2.0166667
12985,13.837155
12986,6.6
12987,1.5334369
12988,8.433333
12989,31.273329
12990,10.192704
12991,9.668215
12992,8.402078
12993,10.666055
12994,9.438674
12995,11.696307
12996,5.005488
12997,15.858102
12998,2.9200315
12999,1.65
13000,3.3267655
13001,10.223645
13002,5.8923407
13003,5.016208
13004,2.012054
13005,8.409405
13006,8.576369
13007,9.28975
13008,9.219059
13009,9.658472
13010,9.370058
13011,11.955748
13012,1.65
13013,6.9825654
13014,10.566982
13015,8.871778
13016,7.6748767
13017,11.449641
13018,9.25653
13019,6.814925
13020,9.333683
13021,21.426271
13022,9.082182
13023,9.153803
13024,9.358509
13025,7.07473
13026,7.9094257
13027,7.174627
13028,9.413448
13029,10.383798
13030,8.836738
13031,7.3506265
13032,8.148209
13033,4.4
13034,16.014462
13035,5.7234597
13036,10.448481
13037,0.4492999
13038,8.309817
13039,8.676847
13040,4.126406
13041,5.608885
13042,8.379047
13043,12.765575
13044,7.276057
13045,19.58422
13046,8.954661
13047,9.037384
13048,0.56289834
13049,8.213457
13050,18.021646
13051,7.7767234
13052,9.972296
13053,8.997695
13054,5.652484
13055,4.209177
13056,7.1870246
13057,1.1274894
13058,6.941898
13059,8.8119755
13060,8.413458
13061,8.743882
13062,8.933313
13063,8.362762
13064,8.536959
13065,20.57315
13066,10.91857
13067,7.88386
13068,0.3102064
13069,19.175291
13070,5.328592
13071,12.174002
13072,10.9661255
13073,8.254393
13074,8.565227
13075,0.28200942
13076,7.135471
13077,21.404806
13078,7.3539805
13079,11.582938
13080,8.145483
13081,4.95
13082,2.9894116
13083,10.048914
13084,4.958876
13085,13.983609
13086,7.735848
13087,5.609734
13088,4.2003865
13089,0.42150015
13090,8.832702
13091,8.848645
13092,6.792172
13093,8.835539
13094,9.339016
13095,7.255419
13096,20.81019
13097,3.1656744
13098,5.1245604
13099,9.195193
13100,9.28793
13101,4.5451803
13102,4.5457926
13103,17.275883
13104,8.066667
13105,18.220434
13106,8.396077
13107,7.0389433
13108,2.0477774
13109,5.2325244
13110,8.5772915
13111,18.594267
13112,4.4749665
13113,3.129204
13114,10.734989
13115,8.394552
13116,9.230526
13117,0.7907152
13118,8.223096
13119,8.145214
13120,19.892607
13121,3.7395477
13122,3.7313945
13123,7.6306124
13124,7.191548
13125,8.504495
13126,0.18333334
13127,17.496094
13128,17.564665
13129,30.46097
13130,9.545207
13131,8.134835
13132,11.262196
13133,8.569144
13134,2.2928634
13135,5.438956
13136,8.433239
13137,9.362553
13138,1.7994406
13139,0.5984465
13140,1.1
13141,17.06973
13142,8.403651
13143,11.031572
13144,9.06369
13145,17.33599
13146,0.3472805
13147,8.23718
13148,11.111594
13149,8.16342
13150,8.701914
13151,9.1452055
13152,8.765365
13153,0.079107285
13154,5.550194
13155,15.341068
13156,1.6508896
13157,8.265478
13158,10.092601
13159,2.031366
13160,14.82997
13161,9.15262
13162,10.61392
13163,6.297908
13164,0.6926298
13165,0.9166667
13166,7.367046
13167,6.7588096
13168,11.554057
13169,0.22367637
13170,6.906843
13171,7.845919
13172,9.578358
13173,0.23794177
13174,8.009879
13175,8.676831
13176,0.41772527
13177,4.63771
13178,10.596882
13179,3.2649598
13180,11.0
13181,8.723181
13182,8.595768
13183,11.002652
13184,4.766667
13185,9.265289
13186,3.0066965
13187,9.092007
13188,4.0798035
13189,4.01969
13190,8.472204
13191,10.100078
13192,7.620095
13193,3.5971804
13194,4.5919743
13195,3.3847735
13196,6.434679
13197,13.485049
13198,10.847695
13199,3.2898662
13200,6.428599
13201,7.443517
13202,3.2773657
13203,5.4011188
13204,7.9210114
13205,1.375882
13206,3.4304774
13207,3.8346057
13208,6.523809
13209,5.813321
13210,10.476915
13211,0.36666667
13212,18.87227
13213,7.7830243
13214,8.252621
13215,12.965021
13216,3.4820633
13217,7.9249954
13218,10.136184
13219,7.842454
13220,9.491055
13221,7.0890265
13222,5.9908237
13223,3.1103454
13224,10.106159
13225,1.65
13226,7.5880694
13227,9.068569
13228,0.455141
13229,8.573025
13230,1.4105004
13231,7.0668464
13232,6.009364
13233,3.6718287
13234,10.743713
13235,3.3
13236,5.1803203
13237,2.7051206
13238,1.65
13239,12.771027
13240,12.285091
13241,2.5013843
13242,6.256716
13243,11.965554
13244,11.490847
13245,11.808651
13246,8.620248
13247,11.871846
13248,10.571782
13249,8.734124
13250,3.2934906
13251,17.573565
13252,8.798877
13253,2.6205223
13254,5.938745
13255,4.5833335
13256,12.931126
13257,1.9143344
13258,6.32256
13259,9.473515
13260,9.443569
13261,20.018959
13262,7.9387197
13263,8.473421
13264,8.330083
13265,8.229971
13266,1.4115573
13267,6.9676332
13268,10.280981
13269,9.761692
13270,8.854063
13271,8.258383
13272,7.8365874
13273,7.38391
13274,4.2977576
13275,9.958348
13276,18.223011
13277,12.283334
13278,2.679539
13279,17.682728
13280,8.183851
13281,0.73333335
13282,8.299073
13283,9.963186
13284,3.4833333
13285,5.356718
13286,8.742785
13287,2.3058183
13288,16.878431
13289,10.179521
13290,9.417636
13291,9.770156
13292,7.975659
13293,0.36666667
13294,7.7081766
13295,8.472166
13296,10.745439
13297,4.4
13298,4.0363636
13299,9.93124
13300,8.683452
13301,9.245426
13302,9.3568325
13303,10.277907
13304,4.2724776
13305,3.0759099
13306,10.936618
13307,4.6913457
13308,5.2973437
13309,11.67129
13310,9.92937
13311,10.21174
13312,6.519286
13313,0.54443675
13314,5.3915424
13315,12.435968
13316,9.06275
13317,1.7020304
13318,5.714304
13319,9.267004
13320,9.026265
13321,9.975078
13322,8.90027
13323,3.6666667
13324,6.0308304
13325,9.197729
13326,8.78358
13327,9.81655
13328,9.716097
13329,9.1105
13330,8.255363
13331,9.447455
13332,18.48332
13333,3.3
13334,4.5355883
13335,0.50597984
13336,11.118175
13337,8.035015
13338,8.359751
13339,10.334396
13340,12.9152
13341,9.183502
13342,7.7441134
13343,3.1166666
13344,16.996607
13345,7.0844016
13346,18.053625
13347,22.05367
13348,16.219221
13349,5.29906
13350,14.471726
13351,2.75
13352,7.830198
13353,9.306034
13354,7.9412365
13355,8.709599
13356,3.8899505
13357,15.345064
13358,18.970394
13359,8.773794
13360,4.219675
13361,5.398163
13362,3.7289937
13363,6.1211104
13364,10.07142
13365,8.172577
13366,5.850489
13367,5.060863
13368,2.5666666
13369,27.94154
13370,18.184492
13371,1.1551781
13372,5.5531025
13373,6.8356442
13374,5.2155895
13375,4.8161025
13376,13.15449
13377,2.4259725
13378,0.4272223
13379,15.280129
13380,9.266321
13381,2.9608648
13382,6.7434945
13383,10.646836
13384,4.7201867
13385,9.716666
13386,17.28459
13387,8.623767
13388,8.845204
13389,22.681206
13390,7.913806
13391,5.1878533
13392,5.594214
13393,18.794413
13394,8.560331
13395,10.777873
13396,0.3318469
13397,8.832194
13398,5.0903635
13399,3.4867291
13400,9.348838
13401,4.4779763
13402,3.7562852
13403,8.659275
13404,5.2171307
13405,3.4278638
13406,0.07514159
13407,8.049703
13408,8.050799
13409,10.712625
13410,8.786169
13411,10.862446
13412,12.583439
13413,7.2883363
13414,2.8798025
13415,9.651033
13416,10.234929
13417,18.11129
13418,9.788735
13419,8.478308
13420,9.038178
13421,11.241063
13422,20.3014
13423,9.182343
13424,7.883333
13425,19.693316
13426,3.6237953
13427,0.30189353
13428,4.7020755
13429,9.889921
13430,10.026899
13431,10.578705
13432,9.780788
13433,8.524433
13434,9.6886635
13435,0.9166667
13436,0.36666667
13437,6.963275
13438,9.962797
13439,4.4509187
13440,14.595242
13441,2.7716799
13442,4.742027
13443,10.580333
13444,41.380478
13445,7.6134534
13446,5.565341
13447,1.9416969
13448,7.3829093
13449,17.39851
13450,9.387914
13451,19.83455
13452,8.55832
13453,0.8669376
13454,9.446908
13455,9.816239
13456,4.4164896
13457,4.7229695
13458,8.040023
13459,3.6666667
13460,15.037307
13461,10.537776
13462,7.5988035
13463,1.4666667
13464,4.8486233
13465,17.949963
13466,7.777024
13467,9.881576
13468,8.513945
13469,2.3684816
13470,3.7435699
13471,3.117101
13472,3.4127638
13473,2.5206885
13474,3.7193372
13475,13.295824
13476,7.621567
13477,10.585722
13478,9.867921
13479,10.225694
13480,9.695713
13481,8.3729515
13482,10.404038
13483,7.8763795
13484,2.2
13485,3.9524083
13486,6.878011
13487,7.47947
13488,7.0199494
13489,9.349489
13490,14.97412
13491,2.9737792
13492,9.234263
13493,8.26137
13494,6.29139
13495,7.786385
13496,8.327174
13497,9.12204
13498,4.4279895
13499,5.1144114
13500,32.07622
13501,4.7743163
13502,6.8667736
13503,10.4443865
13504,2.5666666
13505,16.40768
13506,8.051753
13507,3.6627135
13508,5.522974
13509,4.7588825
13510,9.216085
13511,2.5291126
13512,1.7548878
13513,5.129671
13514,6.6609163
13515,0.9166667
13516,26.984385
13517,7.966512
13518,7.0637455
13519,3.2087564
13520,4.5407224
13521,7.149323
13522,4.242404
13523,16.120512
13524,6.9841795
13525,10.699361
13526,11.366667
13527,35.97369
13528,6.584979
13529,3.8935187
13530,3.1800745
13531,9.751901
13532,6.10772
13533,8.840624
13534,9.489068
13535,3.4680128
13536,0.73878765
13537,4.0073233
13538,2.2645075
13539,14.964828
13540,17.346415
13541,7.1873994
13542,7.9190493
13543,8.673654
13544,3.7511036
13545,4.976002
13546,3.3
13547,5.1270165
13548,3.4997938
13549,5.8222136
13550,7.5882196
13551,5.449478
13552,3.3449655
13553,9.280507
13554,9.429439
13555,9.744946
13556,8.414395
13557,2.782663
13558,6.990965
13559,6.362708
13560,11.011568
13561,7.2525096
13562,9.710835
13563,8.8939905
13564,8.615631
13565,4.214589
13566,4.6648426
13567,9.256753
13568,7.6103144
13569,17.087454
13570,6.796495
13571,10.1448145
13572,6.515893
13573,2.208217
13574,3.4833333
13575,2.4806972
13576,5.2753134
13577,5.2461944
13578,0.16959506
13579,21.083427
13580,8.3109455
13581,9.959546
13582,11.126758
13583,13.429197
13584,4.191701
13585,11.38432
13586,2.1385748
13587,7.1200604
13588,11.170841
13589,21.203424
13590,6.7884045
13591,7.535798
13592,2.3833334
13593,6.1731496
13594,7.51331
13595,0.25118986
13596,9.612266
13597,8.785859
13598,4.0309668
13599,3.7462077
13600,8.824524
13601,11.424972
13602,19.01722
13603,6.613391
13604,3.029776
13605,6.529951
13606,11.637734
13607,14.139955
13608,12.466666
13609,13.63736
13610,9.301711
13611,11.973937
13612,8.404461
13613,4.1198335
13614,6.081597
13615,8.881378
13616,7.8508945
13617,1.7162083
13618,7.824301
13619,9.035277
13620,9.924139
13621,9.625682
13622,7.438374
13623,9.951807
13624,17.583944
13625,8.670552
13626,18.766682
13627,7.273786
13628,3.1929011
13629,0.5140543
13630,0.55
13631,34.971325
13632,4.5918074
13633,7.6698146
13634,0.5699158
13635,10.853664
13636,7.547681
13637,0.53435963
13638,7.883341
13639,0.020011267
13640,4.217959
13641,16.772844
13642,15.552442
13643,2.2482255
13644,27.183086
13645,6.1801586
13646,11.724823
13647,20.46063
13648,6.828459
13649,8.792059
13650,11.010868
13651,20.460482
13652,7.6700845
13653,8.96542
13654,6.9722815
13655,8.994739
13656,10.248002
13657,9.626938
13658,8.271598
13659,8.444357
13660,7.3869467
13661,4.3792253
13662,7.2903876
13663,15.586641
13664,1.9971133
13665,5.143228
13666,9.004181
13667,10.287523
13668,6.9647703
13669,9.10198
13670,8.736388
13671,3.5461986
13672,4.638926
13673,1.2795448
13674,7.3523517
13675,11.37046
13676,8.894086
13677,8.825898
13678,10.93371
13679,9.394282
13680,0.8992036
13681,7.435888
13682,8.906237
13683,1.9518616
13684,0.6317457
13685,15.253145
13686,7.264464
13687,8.723141
13688,7.5187287
13689,10.831451
13690,2.0261526
13691,5.66001
13692,32.92306
13693,6.4980264
13694,0.636522
13695,8.293064
13696,7.5836334
13697,17.957476
13698,19.660961
13699,8.300528
13700,10.532172
13701,8.668455
13702,8.29141
13703,20.343344
13704,5.575411
13705,8.518498
13706,8.080188
13707,7.9922996
13708,1.3683319
13709,1.8333334
13710,5.6617193
13711,0.9430328
13712,8.832113
13713,5.2429748
13714,2.6974208
13715,11.085948
13716,11.859523
13717,2.7970393
13718,6.779249
13719,8.692257
13720,0.7774831
13721,7.529131
13722,8.037361
13723,7.64676
13724,0.018278757
13725,9.57067
13726,9.159826
13727,19.54266
13728,10.638936
13729,8.873016
13730,9.231553
13731,7.3914995
13732,9.960175
13733,2.9544907
13734,7.4222007
13735,0.91193527
13736,19.526022
13737,10.0962715
13738,0.18333334
13739,8.066667
13740,23.167564
13741,4.2288136
13742,3.147443
13743,8.63042
13744,9.115752
13745,18.431835
13746,7.6586323
13747,7.955972
13748,8.802566
13749,0.30097958
13750,10.1385355
13751,7.8704515
13752,9.166701
13753,6.0089664
13754,2.8906271
13755,0.08307299
13756,2.0545702
13757,1.9464351
13758,6.589881
13759,11.595987
13760,5.4612474
13761,12.3371525
13762,9.583058
13763,8.333755
13764,5.4420543
13765,3.8172085
13766,2.9333334
13767,8.641824
13768,3.6319342
13769,4.5281415
13770,10.057848
13771,3.0822992
13772,4.786483
13773,1.8980026
13774,10.475787
13775,6.994867
13776,9.372815
13777,4.6158156
13778,3.964504
13779,9.158849
13780,9.247691
13781,8.838495
13782,7.516667
13783,0.68352216
13784,19.552298
13785,10.2454195
13786,19.32961
13787,17.233334
13788,12.747518
13789,3.4142258
13790,0.82439584
13791,4.0378656
13792,8.881506
13793,8.445844
13794,15.95
13795,8.392526
13796,8.5998535
13797,9.535274
13798,14.226485
13799,7.482156
13800,9.338927
13801,18.931744
13802,0.9729625
13803,6.399941
13804,8.187635
13805,10.665814
13806,9.376756
13807,8.690237
13808,4.46202
13809,5.382434
13810,10.061708
13811,10.228516
13812,7.1478853
13813,11.535558
13814,2.8662841
13815,6.6785574
13816,21.89982
13817,9.36629
13818,3.3
13819,8.088557
13820,5.8503857
13821,0.36981112
13822,3.737712
13823,0.2667586
13824,23.887094
13825,4.95
13826,38.557354
13827,5.3203506
13828,7.621472
13829,11.837219
13830,0.26798242
13831,10.775153
13832,8.96554
13833,9.586707
13834,10.860531
13835,0.0071048737
13836,5.267787
13837,3.0516627
13838,11.614911
13839,10.450091
13840,12.283334
13841,7.4985504
13842,18.46429
13843,8.6032715
13844,2.1920762
13845,7.7928944
13846,20.865576
13847,1.5643839
13848,4.334402
13849,4.9641376
13850,21.813896
13851,2.7503252
13852,4.951604
13853,10.17217
13854,9.776171
13855,9.822775
13856,3.5575078
13857,5.1522727
13858,10.010346
13859,7.058596
13860,7.375638
13861,6.789176
13862,6.497996
13863,1.7867486
13864,3.4810789
13865,5.177776
13866,4.7279124
13867,3.545181
13868,13.038065
13869,0.65248805
13870,4.169306
13871,8.84962
13872,9.777706
13873,7.5223207
13874,1.8737239
13875,15.035598
13876,8.6863365
13877,7.9931726
13878,8.389941
13879,12.063923
13880,5.841669
13881,19.612524
13882,16.177616
13883,8.6278925
13884,8.434622
13885,9.871069
13886,7.8676314
13887,9.825651
13888,17.190483
13889,9.053113
13890,9.03751
13891,10.314974
13892,0.30093196
13893,9.191754
13894,10.9637
13895,7.8309298
13896,0.14943282
13897,3.6198854
13898,4.667981
13899,10.343068
13900,8.371918
13901,0.46691105
13902,0.73333335
13903,8.380174
13904,10.0476885
13905,1.558725
13906,2.3833334
13907,15.728235
13908,7.3284698
13909,3.0917485
13910,6.3921213
13911,10.834765
13912,7.3944087
13913,8.841086
13914,8.994222
13915,0.7046779
13916,5.133333
13917,23.959206
13918,7.185865
13919,4.5833335
13920,24.877777
13921,8.024733
13922,10.3152685
13923,10.339132
13924,8.139904
13925,8.154607
13926,6.6
13927,9.724013
13928,18.62677
13929,9.22564
13930,8.752911
13931,2.2
13932,5.9893217
13933,3.089595
13934,5.134256
13935,9.3313055
13936,0.6553809
13937,9.826669
13938,7.9163623
13939,20.501522
13940,8.16954
13941,18.857052
13942,9.8805275
13943,4.6555357
13944,2.4662807
13945,21.989134
13946,8.286143
13947,7.5344086
13948,4.820775
13949,3.1210265
13950,9.334239
13951,7.987817
13952,4.418643
13953,5.1530757
13954,9.874528
13955,5.941844
13956,7.5017686
13957,7.1628966
13958,8.106924
13959,5.1004333
13960,3.2624164
13961,8.164231
13962,10.413209
13963,4.5833335
13964,13.121151
13965,9.736643
13966,7.698449
13967,1.1
13968,8.005833
13969,5.6997385
13970,6.3508525
13971,4.953003
13972,10.2815
13973,8.438754
13974,9.520698
13975,2.2
13976,3.9204519
13977,4.6463566
13978,0.12430276
13979,2.486055
13980,18.125187
13981,16.666311
13982,8.784548
13983,7.9102283
13984,9.690277
13985,7.361459
13986,8.766699
13987,20.330439
13988,7.8930764
13989,14.5436945
13990,3.6236844
13991,9.129104
13992,10.112691
13993,10.2750225
13994,4.7732115
13995,15.169887
13996,2.6968873
13997,3.1757357
13998,28.325985
13999,7.972685
14000,18.139063
14001,6.7343626
14002,5.20618
14003,3.2357457
14004,9.4015665
14005,21.48062
14006,7.7581
14007,9.698178
14008,2.4605038
14009,3.4784558
14010,1.5418528
14011,9.039474
14012,3.0726101
14013,1.170518
14014,4.65521
14015,9.868194
14016,8.382717
14017,9.743881
14018,8.904791
14019,9.443323
14020,11.289357
14021,12.107379
14022,23.79903
14023,7.8647075
14024,2.394001
14025,6.1433077
14026,8.314435
14027,11.299609
14028,19.107597
14029,9.248377
14030,6.7920694
14031,2.0195482
14032,2.0663025
14033,12.128599
14034,7.9186606
14035,3.107071
14036,5.405823
14037,10.366885
14038,9.468446
14039,13.016666
14040,15.659379
14041,7.3621287
14042,8.937667
14043,11.372162
14044,9.096908
14045,8.033617
14046,19.643824
14047,7.071178
14048,11.530295
14049,8.969212
14050,10.283366
14051,3.0885696
14052,5.4275675
14053,19.982166
14054,8.706553
14055,4.671876
14056,4.92526
14057,21.89742
14058,9.277065
14059,5.7630854
14060,0.55
14061,16.169899
14062,5.901439
14063,5.058098
14064,2.2675984
14065,18.249132
14066,6.384682
14067,9.49348
14068,9.962281
14069,8.979871
14070,0.29432777
14071,8.582712
14072,42.541
14073,0.75159055
14074,3.0748606
14075,10.485696
14076,9.996096
14077,4.3070636
14078,4.8100863
14079,0.25343105
14080,8.983334
14081,0.076786675
14082,21.199255
14083,7.863259
14084,8.528948
14085,8.166989
14086,7.7783833
14087,3.0308084
14088,1.4353912
14089,4.7483764
14090,8.483394
14091,8.968107
14092,8.432182
14093,9.302782
14094,8.042654
14095,8.2443
14096,10.065022
14097,6.1844587
14098,0.30413476
14099,17.424429
14100,2.5179148
14101,0.400877
14102,3.7398255
14103,0.74364346
14104,6.843455
14105,0.91537637
14106,3.36082
14107,3.3
14108,8.8741865
14109,3.319764
14110,5.0430064
14111,7.7335763
14112,8.0513
14113,10.383496
14114,6.8303747
14115,9.248273
14116,8.109729
14117,3.85
14118,5.52377
14119,8.457249
14120,2.2
14121,6.593632
14122,9.26846
14123,10.672475
14124,6.2199035
14125,2.0610018
14126,6.6714773
14127,10.850803
14128,8.9927435
14129,9.716497
14130,4.991842
14131,4.1137934
14132,9.664154
14133,10.847665
14134,9.22904
14135,30.194185
14136,6.2081504
14137,8.677102
14138,8.726645
14139,9.905625
14140,9.3736315
14141,8.281025
14142,20.522469
14143,7.6499615
14144,11.017108
14145,10.646494
14146,9.637277
14147,23.634144
14148,8.932407
14149,12.102945
14150,3.85
14151,11.895353
14152,9.891859
14153,0.13834636
14154,7.8461018
14155,5.216447
14156,4.168836
14157,13.111224
14158,1.3142978
14159,3.6448555
14160,1.6836647
14161,8.019727
14162,8.922426
14163,19.97312
14164,21.686144
14165,0.36666667
14166,7.4510274
14167,1.1
14168,7.154138
14169,10.254718
14170,2.0439785
14171,6.2841177
14172,5.875029
14173,3.1102815
14174,1.7665707
14175,6.946761
14176,7.8970275
14177,10.712768
14178,9.627508
14179,8.656183
14180,9.793814
14181,9.481477
14182,10.769948
14183,6.3428326
14184,8.491786
14185,6.1673875
14186,3.1461484
14187,8.90008
14188,9.517273
14189,0.28107166
14190,5.4785886
14191,2.7971747
14192,12.921285
14193,8.460521
14194,8.633653
14195,9.860787
14196,10.362203
14197,10.19183
14198,11.022886
14199,18.641031
14200,3.4833333
14201,44.41815
14202,5.8747606
14203,9.346948
14204,2.7691846
14205,1.0164896
14206,4.3658247
14207,10.892313
14208,9.585325
14209,5.3166666
14210,12.156781
14211,7.468883
14212,4.4449735
14213,4.1311345
14214,9.291227
14215,9.2575865
14216,0.55
14217,3.85
14218,3.176006
14219,8.944346
14220,7.2069335
14221,9.961476
14222,8.086635
14223,5.04489
14224,4.7394114
14225,9.868717
14226,21.733402
14227,3.0919464
14228,8.007876
14229,0.17134349
14230,5.439154
14231,10.128698
14232,30.410742
14233,6.674162
14234,11.7269125
14235,8.523185
14236,13.677256
14237,25.70205
14238,1.4990807
14239,11.661731
14240,4.5877934
14241,10.466157
14242,2.2
14243,8.864895
14244,22.192583
14245,6.1128454
14246,10.338244
14247,6.3217316
14248,8.400258
14249,9.60094
14250,8.148814
14251,9.612775
14252,11.816058
14253,9.430712
14254,10.442337
14255,15.498048
14256,8.307425
14257,7.6523786
14258,8.815035
14259,2.2578077
14260,7.809361
14261,8.601085
14262,9.789364
14263,17.45636
14264,10.063482
14265,9.792225
14266,18.965015
14267,7.720766
14268,7.914503
14269,10.256235
14270,9.802461
14271,8.219061
14272,9.9105835
14273,3.4833333
14274,6.646275
14275,9.335559
14276,3.0967
14277,5.964383
14278,8.956994
14279,6.0089345
14280,4.839929
14281,8.788402
14282,9.1736555
14283,10.216324
14284,19.880867
14285,0.5470197
14286,6.624763
14287,5.8989124
14288,10.43981
14289,0.55
14290,8.667319
14291,20.732927
14292,0.397857
14293,7.4535847
14294,10.575168
14295,10.611368
14296,17.975378
14297,5.5035686
14298,3.7291844
14299,7.3333335
14300,11.56788
14301,6.9342546
14302,9.486928
14303,8.8511305
14304,2.4080591
14305,6.8561244
14306,9.080227
14307,9.28355
14308,2.728185
14309,5.034089
14310,19.551409
14311,7.640227
14312,27.94742
14313,8.38542
14314,0.26472402
14315,4.378454
14316,12.694981
14317,8.531397
14318,3.7872467
14319,3.8514934
14320,16.293335
14321,6.744479
14322,8.515357
14323,10.262513
14324,2.7927244
14325,4.4366994
14326,17.012272
14327,6.954996
14328,25.530745
14329,6.4888635
14330,8.781402
14331,9.5917845
14332,1.1
14333,7.8541183
14334,4.0987096
14335,6.7468014
14336,8.243704
14337,6.332533
14338,7.835015
14339,3.6027505
14340,24.201136
14341,7.39704
14342,7.420579
14343,10.090739
14344,8.355481
14345,7.8051085
14346,9.005811
14347,9.481726
14348,4.2786436
14349,13.932522
14350,0.53370005
14351,9.4563875
14352,7.779312
14353,10.740804
14354,2.2
14355,6.0012183
14356,8.484906
14357,10.996366
14358,6.984027
14359,6.63952
14360,8.687568
14361,7.95912
14362,17.607943
14363,7.277894
14364,11.442971
14365,7.588745
14366,10.749858
14367,7.7197857
14368,4.8204503
14369,3.1034627
14370,0.9352366
14371,8.566713
14372,18.898722
14373,3.47147
14374,4.7852907
14375,9.143377
14376,8.729895
14377,5.5
14378,11.507781
14379,10.387412
14380,19.626514
14381,7.702725
14382,10.513203
14383,8.655673
14384,9.248431
14385,10.467515
14386,11.282499
14387,10.813389
14388,11.574475
14389,19.508297
14390,8.23345
14391,8.016697
14392,40.41183
14393,4.561973
14394,6.380773
14395,11.722398
14396,10.619284
14397,4.593936
14398,23.992754
14399,8.170295
14400,8.078998
14401,3.6666667
14402,16.566816
14403,10.385435
14404,2.75
14405,6.1785307
14406,6.5191903
14407,19.178097
14408,7.5160823
14409,8.498962
14410,11.766046
14411,10.553036
14412,11.055716
14413,1.028212
14414,8.868154
14415,11.342121
14416,10.231416
14417,10.074777
14418,5.098033
14419,4.8469625
14420,7.218416
14421,7.6307545
14422,9.715636
14423,3.827811
14424,6.7928863
14425,9.646251
14426,0.16597112
14427,8.553205
14428,8.428931
14429,9.378117
14430,0.9694339
14431,3.244662
14432,4.0607853
14433,6.116478
14434,9.012715
14435,5.537034
14436,8.128389
14437,1.8628677
14438,9.288384
14439,7.4045978
14440,2.0752115
14441,1.2833333
14442,27.137362
14443,6.818803
14444,2.0945787
14445,3.5203059
14446,13.461701
14447,9.67044
14448,1.3256868
14449,8.92853
14450,8.041938
14451,9.782806
14452,9.613729
14453,3.6913545
14454,4.478486
14455,20.733236
14456,5.5334096
14457,8.616667
14458,10.940347
14459,0.13263226
14460,7.691049
14461,3.518073
14462,15.264199
14463,14.840555
14464,17.742764
14465,8.705419
14466,2.772316
14467,5.076837
14468,5.708139
14469,15.247974
14470,9.190474
14471,7.7736144
14472,8.141368
14473,2.4307568
14474,6.9209247
14475,4.5826116
14476,3.1166666
14477,0.21022157
14478,8.870983
14479,7.2932553
14480,3.4287927
14481,4.407263
14482,6.736502
14483,8.368214
14484,7.445106
14485,3.1113234
14486,1.163435
14487,2.7604182
14488,4.766667
14489,23.794373
14490,7.5595546
14491,6.040566
14492,9.141111
14493,6.9103007
14494,10.934664
14495,7.184259
14496,10.377582
14497,9.797026
14498,11.040084
14499,9.608984
14500,8.624292
14501,8.401013
14502,6.931003
14503,7.881833
14504,20.138285
14505,5.967258
14506,2.5705333
14507,1.3391496
14508,2.8392634
14509,23.446272
14510,6.0899973
14511,9.659918
14512,8.283721
14513,9.420013
14514,7.8030744
14515,7.785011
14516,19.7949
14517,1.2897096
14518,6.044951
14519,4.821864
14520,1.714301
14521,19.396433
14522,8.218408
14523,12.101534
14524,0.5174481
14525,2.9056702
14526,4.1226397
14527,10.901229
14528,0.9275913
14529,7.452218
14530,9.34836
14531,2.3584208
14532,6.469901
14533,11.916667
14534,6.387871
14535,8.026171
14536,1.65
14537,6.0883045
14538,10.124763
14539,10.266666
14540,4.863175
14541,12.804517
14542,8.433333
14543,18.552595
14544,6.9904804
14545,7.65663
14546,9.472012
14547,1.9981705
14548,11.394716
14549,18.242815
14550,11.916667
14551,3.219938
14552,8.066667
14553,6.418746
14554,0.7211128
14555,3.6478603
14556,4.1695356
14557,16.647371
14558,7.8568296
14559,10.46842
14560,10.03046
14561,9.772967
14562,1.5036824
14563,3.5885656
14564,4.154516
14565,5.9227223
14566,5.6833334
14567,9.748292
14568,18.109785
14569,2.8188071
14570,5.6769614
14571,20.424736
14572,9.372941
14573,10.464215
14574,7.3333335
14575,35.29458
14576,5.196516
14577,10.496037
14578,8.896413
14579,8.781386
14580,10.076324
14581,8.056951
14582,8.371083
14583,8.298786
14584,15.387565
14585,2.360797
14586,5.746668
14587,4.269163
14588,9.112955
14589,5.133333
14590,4.0556507
14591,4.319621
14592,3.6843538
14593,0.011777878
14594,3.1166666
14595,17.00531
14596,34.269386
14597,8.583525
14598,9.127125
14599,9.099697
14600,5.3301415
14601,4.2452903
14602,11.094514
14603,10.108296
14604,12.65
14605,1.5299903
14606,12.7256365
14607,9.564116
14608,8.983404
14609,19.436352
14610,6.9756994
14611,9.720071
14612,8.736905
14613,4.5336485
14614,4.757086
14615,13.9690695
14616,6.8453546
14617,7.0978727
14618,4.7352552
14619,4.008683
14620,0.73142856
14621,5.5570683
14622,4.747955
14623,8.349506
14624,7.4268017
14625,9.909814
14626,6.4893084
14627,12.233291
14628,7.9328623
14629,1.0953664
14630,7.979155
14631,4.3122134
14632,5.6975527
14633,9.188446
14634,9.542593
14635,19.82918
14636,23.691263
14637,7.974473
14638,5.1076417
14639,5.230705
14640,7.8750772
14641,11.106309
14642,8.045307
14643,11.456553
14644,9.83406
14645,42.29464
14646,6.7571635
14647,8.373944
14648,9.501171
14649,0.12296838
14650,9.27488
14651,4.2526402
14652,4.512128
14653,20.444275
14654,20.148905
14655,35.85529
14656,5.352426
14657,8.8
14658,11.648372
14659,10.848493
14660,9.567372
14661,7.467811
14662,8.8
14663,12.600098
14664,17.687674
14665,8.538215
14666,5.758635
14667,2.445857
14668,6.479081
14669,3.9017599
14670,19.301348
14671,8.2589
14672,9.825475
14673,8.226466
14674,4.2735014
14675,10.816667
14676,2.1958985
14677,17.045523
14678,28.619751
14679,6.033373
14680,8.764705
14681,7.5298786
14682,4.385916
14683,4.16406
14684,9.872716
14685,1.4666667
14686,4.44119
14687,4.6242323
14688,12.65
14689,6.6163154
14690,20.413797
14691,9.0154505
14692,7.942247
14693,4.2173543
14694,3.997557
14695,1.1495272
14696,9.112685
14697,8.921289
14698,8.598313
14699,4.590098
14700,7.07446
14701,8.484014
14702,9.081006
14703,9.001023
14704,13.013315
14705,15.249516
14706,8.370869
14707,0.55
14708,7.3551736
14709,7.5381985
14710,3.4399107
14711,4.868293
14712,2.022481
14713,14.216305
14714,11.040289
14715,1.2920458
14716,9.013867
14717,8.856853
14718,9.411652
14719,9.639343
14720,7.1707087
14721,8.600094
14722,4.0333333
14723,7.7862325
14724,2.6216588
14725,3.521053
14726,2.2158148
14727,10.507877
14728,3.3085184
14729,4.9499116
14730,9.083875
14731,8.350158
14732,8.431912
14733,4.5890174
14734,4.1508436
14735,9.276518
14736,8.018096
14737,8.750653
14738,0.33539933
14739,9.819802
14740,9.603724
14741,8.598192
14742,8.84192
14743,25.216095
14744,5.866667
14745,19.538221
14746,8.035923
14747,7.9909396
14748,8.936834
14749,8.431108
14750,8.692034
14751,15.952071
14752,9.871031
14753,1.2833333
14754,7.709328
14755,10.228882
14756,8.012778
14757,3.4632685
14758,4.978642
14759,40.60876
14760,6.059457
14761,10.337146
14762,2.2930384
14763,5.387108
14764,10.784302
14765,0.13027984
14766,7.819098
14767,7.9309
14768,0.9166667
14769,18.149775
14770,9.664272
14771,9.314121
14772,7.185571
14773,1.121688
14774,9.78504
14775,19.31556
14776,3.3517518
14777,1.1
14778,2.4118109
14779,9.589982
14780,10.366931
14781,11.895292
14782,4.56663
14783,3.7303126
14784,8.601484
14785,4.1764736
14786,9.039465
14787,7.8355155
14788,11.181888
14789,9.405988
14790,9.480373
14791,6.5226
14792,10.059165
14793,8.546337
14794,8.2951145
14795,18.67888
14796,7.2938676
14797,7.306075
14798,0.19261837
14799,11.313027
14800,7.883333
14801,10.700719
14802,8.327358
14803,9.419556
14804,3.6989293
14805,5.052956
14806,7.9938335
14807,7.393408
14808,8.858213
14809,3.3
14810,1.65
14811,3.3643563
14812,9.736435
14813,5.042951
14814,1.3816915
14815,8.509834
14816,11.885128
14817,14.151119
14818,1.2833333
14819,19.372416
14820,16.221596
14821,7.092572
14822,4.2366743
14823,5.457449
14824,7.7
14825,10.815311
14826,1.4666667
14827,15.3782835
14828,17.34786
14829,19.86016
14830,17.065447
14831,8.225322
14832,8.633414
14833,9.4103985
14834,7.945124
14835,9.627278
14836,3.8831394
14837,2.9644647
14838,1.3146721
14839,6.626003
14840,8.162117
14841,9.446269
14842,7.354959
14843,2.2
14844,16.771452
14845,9.394169
14846,10.716844
14847,15.291286
14848,9.145077
14849,2.991271
14850,4.551101
14851,1.5040799
14852,3.6666667
14853,15.26697
14854,1.8746219
14855,5.285566
14856,17.062984
14857,10.864432
14858,6.023034
14859,10.52482
14860,9.129355
14861,7.439121
14862,19.402416
14863,7.804219
14864,8.322718
14865,7.7126436
14866,10.817958
14867,10.083247
14868,7.6222105
14869,6.6026125
14870,8.93212
14871,3.6978798
14872,9.567103
14873,3.5069947
14874,2.9333334
14875,16.330729
14876,6.572993
14877,9.877879
14878,9.979953
14879,9.07336
14880,8.839711
14881,9.089478
14882,8.896931
14883,10.354568
14884,6.3191733
14885,8.844114
14886,5.5874033
14887,2.993695
14888,18.028433
14889,6.9308276
14890,8.391166
14891,11.194889
14892,17.722818
14893,8.880973
14894,17.13422
14895,10.606353
14896,0.4778544
14897,7.5735254
14898,9.080348
14899,6.9934053
14900,20.785252
14901,6.2011952
14902,0.8981467
14903,8.244999
14904,8.695453
14905,1.1686484
14906,3.543234
14907,4.9165244
14908,9.564137
14909,9.975855
14910,6.677231
14911,8.64234
14912,7.8912425
14913,26.397205
14914,2.778324
14915,8.911102
14916,9.174053
14917,7.442198
14918,13.530453
14919,11.981195
14920,3.6676176
14921,0.32974088
14922,4.0350833
14923,23.302399
14924,16.68798
14925,9.561587
14926,11.7138
14927,13.358372
14928,2.5666666
14929,1.6827108
14930,10.662517
14931,3.5442913
14932,6.367755
14933,8.703963
14934,23.858906
14935,6.2164307
14936,21.210726
14937,7.24109
14938,9.098389
14939,5.38223
14940,14.031559
14941,2.7498565
14942,5.698777
14943,2.6908243
14944,6.7167363
14945,4.0333333
14946,6.315295
14947,10.053609
14948,13.094895
14949,9.356334
14950,7.771357
14951,4.945683
14952,4.40209
14953,10.871594
14954,2.0811005
14955,7.109015
14956,0.949804
14957,8.242751
14958,9.083837
14959,19.192858
14960,7.0569043
14961,8.919717
14962,21.437788
14963,4.480712
14964,7.2617297
14965,6.911906
14966,20.103558
14967,5.6739573
14968,9.49115
14969,10.906331
14970,6.7309623
14971,9.706481
14972,4.6363044
14973,4.4718504
14974,4.2112193
14975,4.7704616
14976,24.852787
14977,9.390403
14978,1.741902
14979,15.95
14980,10.380356
14981,11.352483
14982,9.467673
14983,10.083333
14984,37.06211
14985,0.14895597
14986,5.782245
14987,4.869326
14988,3.2865286
14989,0.35880402
14990,10.403912
14991,4.3630524
14992,3.8884323
14993,9.876117
14994,0.73333335
14995,11.221847
14996,9.434119
14997,9.058738
14998,3.5831769
14999,4.788629
15000,5.426932
15001,4.5988317
15002,2.8913267
15003,5.2672377
15004,3.389263
15005,5.6105857
15006,10.189143
15007,9.107178
15008,9.226902
15009,3.4445364
15010,6.792403
15011,3.5177386
15012,6.6697674
15013,9.945296
15014,9.236853
15015,3.9543548
15016,7.5326443
15017,9.332866
15018,5.0381274
15019,3.101325
15020,1.8736521
15021,8.616667
15022,7.399185
15023,4.3929577
15024,11.823138
15025,10.314504
15026,10.779828
15027,9.519379
15028,22.575684
15029,8.487941
15030,12.000598
15031,9.119065
15032,2.466282
15033,6.6334004
15034,10.382224
15035,10.289606
15036,7.8439627
15037,9.470739
15038,42.58229
15039,2.3242157
15040,13.251311
15041,5.596194
15042,6.6479206
15043,19.546001
15044,1.5121142
15045,6.61897
15046,19.643335
15047,2.75
15048,5.715156
15049,9.781408
15050,4.6766443
15051,4.7954164
15052,6.4166665
15053,2.2896528
15054,2.9333334
15055,7.662535
15056,7.868686
15057,4.387609
15058,5.005305
15059,8.733306
15060,8.69704
15061,1.5833931
15062,7.0370917
15063,8.919328
15064,9.1038065
15065,10.2541685
15066,7.8526483
15067,4.766667
15068,4.4925847
15069,8.593043
15070,8.124552
15071,9.945735
15072,0.73333335
15073,6.3551984
15074,11.267081
15075,9.081435
15076,4.1147785
15077,0.73703945
15078,3.1794631
15079,9.45355
15080,9.53652
15081,8.61732
15082,20.484816
15083,9.096464
15084,9.51663
15085,7.2908096
15086,20.015661
15087,3.0428174
15088,5.740691
15089,2.7838943
15090,16.615654
15091,7.4094543
15092,0.060032383
15093,0.00800432
15094,20.7004
15095,8.392582
15096,5.680673
15097,10.970243
15098,9.224654
15099,0.6031513
15100,3.886374
15101,3.706487
15102,9.272506
15103,4.8241377
15104,4.534141
15105,1.0763247
15106,3.6666667
15107,4.778203
15108,0.1657848
15109,9.947088
15110,7.1414227
15111,7.5587277
15112,8.239548
15113,7.761709
15114,8.539963
15115,0.69146955
15116,9.187281
15117,5.9907994
15118,2.5589306
15119,10.46021
15120,3.6666667
15121,23.955086
15122,4.8717027
15123,10.060908
15124,10.495154
15125,2.1023195
15126,6.36204
15127,8.831835
15128,9.81497
15129,5.0583034
15130,5.3947845
15131,9.740306
15132,0.39771405
15133,4.498228
15134,3.172238
15135,8.279301
15136,10.095121
15137,7.950736
15138,8.651852
15139,21.664286
15140,6.347537
15141,9.981172
15142,6.6619244
15143,2.2
15144,15.785498
15145,10.8928995
15146,18.445223
15147,3.891293
15148,4.510132
15149,9.53335
15150,6.482076
15151,1.600766
15152,6.3947754
15153,9.361784
15154,26.3137
15155,5.4202323
15156,2.813085
15157,13.555649
15158,21.137564
15159,9.448028
15160,4.0140944
15161,2.4485748
15162,9.280333
15163,16.98127
15164,0.7872421
15165,6.3442626
15166,28.075907
15167,6.629006
15168,14.85
15169,19.715982
15170,4.854695
15171,4.0207233
15172,1.37163
15173,4.8886065
15174,3.5450618
15175,1.919516
15176,7.219236
15177,9.216183
15178,8.753712
15179,8.871572
15180,9.083193
15181,10.278566
15182,18.564314
15183,7.5778413
15184,8.64277
15185,8.833057
15186,0.3383637
15187,3.7637231
15188,0.123427056
15189,3.1738389
15190,3.1166666
15191,25.609453
15192,11.231757
15193,3.3074775
15194,8.887129
15195,4.4071836
15196,9.063308
15197,16.613102
15198,17.991335
15199,2.792215
15200,1.0420959
15201,3.1720796
15202,10.031859
15203,2.9898005
15204,9.702626
15205,16.072266
15206,17.654688
15207,7.3640666
15208,9.89936
15209,9.32545
15210,7.9486213
15211,8.5188465
15212,4.525511
15213,2.4320443
15214,18.29114
15215,9.27925
15216,7.904014
15217,9.32114
15218,4.1147475
15219,4.7394996
15220,0.8657695
15221,3.1068163
15222,5.4634886
15223,10.051362
15224,4.394594
15225,4.3251514
15226,25.841381
15227,8.680201
15228,11.916667
15229,6.3671813
15230,3.6209025
15231,17.281734
15232,9.059981
15233,9.81536
15234,9.081223
15235,8.728202
15236,3.4225304
15237,13.224127
15238,3.7974594
15239,4.21435
15240,5.538877
15241,16.994759
15242,7.6272492
15243,8.619707
15244,9.273039
15245,5.7270293
15246,2.8650687
15247,3.596965
15248,10.641202
15249,4.3719053
15250,24.086548
15251,17.128914
15252,7.0227304
15253,11.633101
15254,10.245905
15255,12.640518
15256,7.0297394
15257,3.745611
15258,9.668064
15259,5.473869
15260,2.62293
15261,10.59851
15262,4.389818
15263,4.467551
15264,18.949547
15265,5.1916437
15266,2.5633252
15267,8.1058035
15268,9.034237
15269,7.535743
15270,0.08362929
15271,10.416333
15272,6.8135114
15273,24.419706
15274,2.7267537
15275,4.012394
15276,7.407475
15277,0.11668205
15278,8.4504595
15279,10.427936
15280,8.855231
15281,18.857584
15282,7.009387
15283,5.130633
15284,4.642105
15285,5.512365
15286,6.866503
15287,9.894364
15288,8.110826
15289,10.369643
15290,1.0441144
15291,6.7050934
15292,9.697174
15293,0.035915457
15294,2.3001199
15295,7.431841
15296,10.110785
15297,10.571576
15298,2.1113393
15299,6.706015
15300,0.73333335
15301,24.028849
15302,15.500632
15303,4.0139594
15304,4.321543
15305,10.700273
15306,5.166952
15307,3.7323873
15308,1.0846456
15309,9.960318
15310,7.407125
15311,9.309324
15312,11.591124
15313,8.343738
15314,9.57274
15315,9.796706
15316,7.309834
15317,7.6364293
15318,4.677407
15319,2.9944499
15320,29.397148
15321,7.43943
15322,8.851188
15323,8.825199
15324,0.62209755
15325,7.8018284
15326,11.118756
15327,16.410225
15328,0.55
15329,9.977842
15330,8.2865
15331,4.877908
15332,12.582406
15333,9.648911
15334,8.969784
15335,14.663702
15336,3.6657174
15337,11.245536
15338,11.564351
15339,2.6892197
15340,3.3215683
15341,10.016872
15342,8.85486
15343,9.447805
15344,3.958361
15345,4.519295
15346,10.64743
15347,8.868592
15348,12.466666
15349,5.714624
15350,9.3784895
15351,8.866589
15352,7.385962
15353,10.801035
15354,9.9698
15355,7.6455364
15356,19.11249
15357,8.834013
15358,10.637896
15359,9.868144
15360,21.71417
15361,9.037258
15362,10.067853
15363,9.496737
15364,6.2927976
15365,2.1363974
15366,2.7250447
15367,7.901494
15368,4.9210405
15369,4.511269
15370,12.295429
15371,1.8220983
15372,5.96858
15373,9.333848
15374,8.608585
15375,2.5666666
15376,7.0103498
15377,8.348267
15378,20.958553
15379,4.2166667
15380,3.225446
15381,10.924923
15382,9.693171
15383,10.007334
15384,10.825994
15385,9.110221
15386,8.066098
15387,9.974084
15388,11.051306
15389,9.992927
15390,4.1774974
15391,5.2299976
15392,10.737259
15393,1.3235967
15394,8.563956
15395,0.3930172
15396,7.628242
15397,9.291778
15398,6.408668
15399,9.878503
15400,8.879565
15401,3.85
15402,18.354973
15403,7.417416
15404,5.0425773
15405,5.5316052
15406,8.595562
15407,48.963753
15408,7.152867
15409,2.694138
15410,29.435099
15411,30.616667
15412,6.9432974
15413,3.5327985
15414,5.756951
15415,4.811747
15416,10.320505
15417,9.225203
15418,5.133333
15419,3.523493
15420,8.75214
15421,2.2878726
15422,6.2999415
15423,3.4253998
15424,4.958558
15425,11.803866
15426,9.7826805
15427,22.600643
15428,9.112446
15429,8.64524
15430,0.62944895
15431,11.030035
15432,10.952847
15433,9.947508
15434,2.75
15435,4.249692
15436,5.814313
15437,4.748337
15438,19.329842
15439,10.405278
15440,9.2559185
15441,8.075388
15442,8.84761
15443,9.973672
15444,20.05264
15445,8.644063
15446,9.96794
15447,6.233333
15448,0.7578135
15449,0.18333334
15450,33.681175
15451,6.832957
15452,8.646759
15453,5.3155107
15454,4.966569
15455,8.25
15456,11.947933
15457,18.341818
15458,1.0771674
15459,34.63359
15460,15.9276085
15461,7.6720395
15462,9.876554
15463,8.649889
15464,3.2863932
15465,5.8496795
15466,11.631609
15467,8.095431
15468,7.124909
15469,8.6857395
15470,8.5546255
15471,10.356212
15472,9.6996155
15473,21.028337
15474,8.069388
15475,20.593597
15476,7.348434
15477,6.1311574
15478,3.7744608
15479,9.74083
15480,6.352472
15481,9.009141
15482,10.461202
15483,9.650992
15484,9.084814
15485,24.212006
15486,9.056553
15487,9.646256
15488,8.563536
15489,16.960796
15490,4.140012
15491,5.0615635
15492,28.709606
15493,3.6666667
15494,3.8978653
15495,8.344841
15496,20.529419
15497,2.947792
15498,3.6998672
15499,10.535017
15500,8.03086
15501,8.887776
15502,9.647068
15503,1.65
15504,27.517096
15505,3.0896263
15506,4.4214406
15507,9.783474
15508,9.911601
15509,10.306637
15510,4.2166667
15511,16.887419
15512,1.4602422
15513,3.8073268
15514,0.3263423
15515,2.0212095
15516,8.096949
15517,17.875847
15518,8.1199255
15519,1.0369856
15520,8.083144
15521,10.729609
15522,5.1341605
15523,3.5238428
15524,7.3472733
15525,9.527883
15526,8.390863
15527,7.639734
15528,9.357906
15529,7.1748185
15530,1.5975951
15531,10.694066
15532,20.914062
15533,6.805881
15534,9.687179
15535,8.797868
15536,9.113351
15537,8.0278
15538,17.944242
15539,7.158853
15540,9.687775
15541,7.933149
15542,8.543978
15543,9.459599
15544,10.174205
15545,9.624871
15546,2.75
15547,3.3044734
15548,10.588789
15549,5.3166666
15550,12.402772
15551,9.307861
15552,7.6338696
15553,4.9069643
15554,2.946027
15555,6.833331
15556,2.069791
15557,17.953127
15558,6.635515
15559,9.533817
15560,8.73416
15561,4.6557117
15562,15.423171
15563,18.489124
15564,9.834426
15565,4.5464435
15566,7.876928
15567,3.3
15568,3.622016
15569,7.4972706
15570,38.990894
15571,6.959852
15572,11.916667
15573,6.9520884
15574,10.309903
15575,4.0728965
15576,16.179035
15577,2.2
15578,5.2993145
15579,7.53142
15580,16.107204
15581,0.97112656
15582,7.5181093
15583,7.671707
15584,9.828958
15585,9.215442
15586,10.049898
15587,1.2685696
15588,9.962313
15589,9.822551
15590,10.70629
15591,21.566925
15592,11.159205
15593,2.5240428
15594,6.235393
15595,14.85
15596,3.3636093
15597,11.7445
15598,7.7800446
15599,8.721003
15600,7.9683943
15601,8.213387
15602,8.159971
15603,6.608781
15604,8.145008
15605,3.204338
15606,16.336283
15607,18.084768
15608,6.836501
15609,19.31595
15610,8.485325
15611,13.135409
15612,8.756439
15613,10.820102
15614,2.5926268
15615,7.170113
15616,0.11924107
15617,9.156307
15618,9.502538
15619,10.500956
15620,5.978258
15621,2.4100463
15622,4.041863
15623,9.990708
15624,8.983548
15625,11.022234
15626,7.255672
15627,21.830969
15628,9.10802
15629,2.5666666
15630,7.7649436
15631,9.768144
15632,8.388997
15633,9.680699
15634,7.6927905
15635,3.6666667
15636,2.5666666
15637,2.0968044
15638,28.19332
15639,5.442143
15640,6.0437207
15641,2.2446158
15642,5.7677026
15643,9.288572
15644,9.529996
15645,9.009909
15646,8.215579
15647,24.384556
15648,2.145203
15649,6.4791923
15650,9.572871
15651,8.800005
15652,2.5666666
15653,0.18333334
15654,15.8330965
15655,2.2334814
15656,5.841041
15657,9.159772
15658,10.16554
15659,4.6044745
15660,3.8642247
15661,9.5001545
15662,7.6090655
15663,7.5114565
15664,9.079655
15665,9.109259
15666,11.319694
15667,22.991402
15668,18.00956
15669,7.5961194
15670,7.5768943
15671,5.2943554
15672,8.750972
15673,4.205529
15674,14.117863
15675,0.37474626
15676,7.149783
15677,9.3715105
15678,7.259886
15679,2.3563464
15680,17.82815
15681,17.486738
15682,21.44608
15683,6.669561
15684,10.132624
15685,8.251429
15686,8.5728655
15687,5.2720537
15688,10.911472
15689,0.6200393
15690,7.726654
15691,9.349992
15692,3.9462805
15693,4.705342
15694,4.8125825
15695,4.745492
15696,8.363771
15697,8.525951
15698,8.371679
15699,10.583868
15700,10.226654
15701,18.124763
15702,24.887337
15703,6.02657
15704,10.356282
15705,8.661056
15706,5.717476
15707,4.0711164
15708,3.8796108
15709,5.39434
15710,8.16672
15711,10.348623
15712,8.912023
15713,9.236861
15714,10.474722
15715,19.787724
15716,0.48360443
15717,6.5286603
15718,19.564205
15719,1.5109936
15720,5.4867835
15721,9.54768
15722,8.845638
15723,1.9508997
15724,8.367204
15725,18.802805
15726,6.623602
15727,10.044789
15728,13.198353
15729,3.0184119
15730,10.638236
15731,8.750773
15732,10.049223
15733,9.431228
15734,8.170239
15735,1.5429896
15736,4.257734
15737,3.9434354
15738,5.481726
15739,5.08624
15740,11.808452
15741,9.212823
15742,1.0258913
15743,2.96011
15744,8.8654585
15745,6.9285455
15746,1.5400968
15747,6.5843515
15748,1.8286465
15749,18.894022
15750,5.6256695
15751,20.882679
15752,7.34478
15753,20.191683
15754,7.1056223
15755,7.7
15756,3.03545
15757,20.6198
15758,19.51602
15759,3.8631842
15760,3.4007475
15761,6.5608897
15762,6.73825
15763,10.039608
15764,22.324371
15765,8.840839
15766,2.985144
15767,4.3277264
15768,18.1518
15769,8.987108
15770,29.995039
15771,6.30819
15772,9.51216
15773,20.373425
15774,8.686741
15775,11.016011
15776,8.882649
15777,10.46598
15778,8.550692
15779,10.149957
15780,10.310386
15781,42.998734
15782,7.4928827
15783,20.11216
15784,6.1156025
15785,2.3627837
15786,7.659411
15787,10.35285
15788,9.31979
15789,9.77266
15790,9.846641
15791,4.159618
15792,16.772242
15793,19.254255
15794,17.501625
15795,6.7313523
15796,10.846958
15797,1.4666667
15798,7.150873
15799,6.9666667
15800,8.616667
15801,20.66331
15802,11.044615
15803,6.4357057
15804,5.0160728
15805,0.9197712
15806,13.670008
15807,9.533334
15808,17.526953
15809,11.081504
15810,9.156545
15811,10.500622
15812,17.880693
15813,7.78172
15814,12.314399
15815,22.956371
15816,6.3082843
15817,4.8520575
15818,2.9333334
15819,10.476955
15820,9.034221
15821,9.625729
15822,3.060683
15823,4.3232045
15824,8.136718
15825,9.46696
15826,5.5
15827,1.2545427
15828,20.564169
15829,6.639378
15830,0.9385903
15831,9.007208
15832,7.62597
15833,7.0642633
15834,10.726873
15835,7.871788
15836,0.8157809
15837,9.579159
15838,0.60685474
15839,9.6198
15840,6.78289
15841,7.6244597
15842,10.633333
15843,17.516321
15844,8.01944
15845,9.317891
15846,8.257475
15847,9.084345
15848,10.4353285
15849,7.883333
15850,9.245451
15851,6.9354687
15852,2.7752798
15853,4.113038
15854,16.91296
15855,14.116667
15856,4.0203094
15857,8.908598
15858,8.102162
15859,10.813635
15860,11.615601
15861,7.948248
15862,6.4657297
15863,4.3667154
15864,21.155396
15865,7.029121
15866,7.685947
15867,2.5666666
15868,4.4
15869,20.09322
15870,7.4756136
15871,7.847572
15872,8.938495
15873,7.556567
15874,8.964723
15875,7.8677816
15876,8.899497
15877,6.681744
15878,3.2148123
15879,9.457931
15880,9.392812
15881,10.749259
15882,7.9548745
15883,10.909898
15884,0.21135806
15885,9.559513
15886,2.2
15887,5.978313
15888,0.18333334
15889,9.664321
15890,11.193849
15891,6.7324004
15892,8.875865
15893,9.137638
15894,18.789003
15895,1.8333334
15896,25.189423
15897,4.6908545
15898,5.3166666
15899,3.6577861
15900,1.1
15901,15.031063
15902,8.013329
15903,8.34434
15904,18.130121
15905,0.507474
15906,3.9095643
15907,3.442796
15908,9.853951
15909,8.925096
15910,11.860045
15911,4.9229712
15912,4.309367
15913,0.40709177
15914,18.076193
15915,2.94493
15916,4.5717163
15917,8.420175
15918,9.365068
15919,5.2113056
15920,3.2000704
15921,6.9698973
15922,7.2434025
15923,8.861711
15924,1.8333334
15925,6.3653393
15926,8.816758
15927,7.812095
15928,0.69530016
15929,15.931524
15930,3.2884836
15931,8.918493
15932,6.79005
15933,0.7518608
15934,0.55
15935,14.023027
15936,2.2012951
15937,5.3166666
15938,2.5666666
15939,39.441982
15940,28.387886
15941,7.918199
15942,22.0
15943,5.6833334
15944,4.3120227
15945,2.9827197
15946,8.461547
15947,8.533468
15948,11.217022
15949,1.6390561
15950,8.274786
15951,9.450452
15952,9.234207
15953,0.10649363
15954,7.5414276
15955,19.635612
15956,7.6770782
15957,16.264248
15958,9.326991
15959,10.887824
15960,4.6077886
15961,5.0666413
15962,5.6833334
15963,9.558549
15964,1.2081304
15965,3.85
15966,3.529612
15967,6.751617
15968,2.3444493
15969,0.5717993
15970,8.433333
15971,25.432926
15972,8.411955
15973,11.156286
15974,6.6
15975,11.3363285
15976,8.207973
15977,6.571326
15978,7.9905834
15979,10.405168
15980,9.211778
15981,8.66108
15982,5.740038
15983,7.83208
15984,1.3989209
15985,3.6196945
15986,4.041377
15987,12.692435
15988,11.857804
15989,7.138618
15990,0.38723946
15991,7.553458
15992,18.954338
15993,3.1165433
15994,3.1520925
15995,11.22779
15996,8.021658
15997,17.738558
15998,8.522645
15999,19.721518
16000,11.7059
16001,0.4785776
16002,3.9499686
16003,4.127645
16004,12.24653
16005,8.357334
16006,3.3
16007,5.9582796
16008,1.3327441
16009,8.378767
16010,3.8367193
16011,4.1046305
16012,0.56542563
16013,12.26204
16014,1.3301293
16015,8.189956
16016,7.1278577
16017,9.0524845
16018,6.3993206
16019,1.2436627
16020,10.8128805
16021,6.944871
16022,3.9959671
16023,5.0219617
16024,0.19757748
16025,8.96391
16026,8.331649
16027,17.829872
16028,3.2596273
16029,6.381703
16030,9.729672
16031,6.9666667
16032,4.5310893
16033,6.6711674
16034,9.820996
16035,9.431275
16036,2.0242136
16037,12.064022
16038,4.005718
16039,9.292991
16040,9.70695
16041,0.013248126
16042,10.316205
16043,9.720642
16044,8.14128
16045,25.597837
16046,2.5224202
16047,9.662294
16048,9.536267
16049,5.5
16050,14.26986
16051,17.464283
16052,8.840934
16053,8.941548
16054,7.6275187
16055,8.659069
16056,3.1826656
16057,0.55
16058,6.733625
16059,3.5969265
16060,5.032603
16061,3.810795
16062,4.0630174
16063,21.01508
16064,6.2714734
16065,12.770669
16066,8.369748
16067,5.195014
16068,4.8649793
16069,3.1111562
16070,6.43545
16071,0.234739
16072,7.8448224
16073,6.682092
16074,11.392767
16075,7.293162
16076,10.794098
16077,2.030182
16078,5.6292934
16079,7.2346845
16080,10.603247
16081,8.499479
16082,7.8996897
16083,8.861933
16084,7.796471
16085,4.64406
16086,5.649877
16087,3.8067577
16088,4.582708
16089,0.54234666
16090,5.923948
16091,3.6025045
16092,10.399827
16093,8.215395
16094,14.032785
16095,3.168114
16096,11.053674
16097,3.1271923
16098,6.536205
16099,16.840994
16100,27.899988
16101,5.478907
16102,17.8257
16103,8.774319
16104,2.9760435
16105,10.85136
16106,3.2863617
16107,14.830178
16108,2.9316263
16109,9.9822445
16110,9.021138
16111,10.072326
16112,1.4666667
16113,6.5734386
16114,7.4297824
16115,8.74637
16116,0.06420613
16117,7.542021
16118,8.846355
16119,3.85
16120,12.048731
16121,13.231515
16122,8.58888
16123,10.42393
16124,0.7897537
16125,4.580743
16126,3.7704947
16127,10.335463
16128,8.894191
16129,28.746763
16130,0.24650888
16131,13.585004
16132,2.9622552
16133,2.9300375
16134,5.668625
16135,5.700087
16136,4.233567
16137,8.800763
16138,0.49188143
16139,8.55306
16140,30.231129
16141,1.7781576
16142,16.454828
16143,19.074942
16144,10.97549
16145,7.4441824
16146,9.763876
16147,7.6347585
16148,10.74478
16149,4.800241
16150,0.49362978
16151,4.221964
16152,0.36475664
16153,16.496365
16154,5.600524
16155,8.643953
16156,8.579159
16157,15.069851
16158,14.763515
16159,5.887724
16160,0.36666667
16161,10.332553
16162,7.30768
16163,12.466666
16164,12.912656
16165,2.2848766
16166,5.422663
16167,10.378178
16168,8.696111
16169,1.5162464
16170,7.580726
16171,10.312464
16172,2.8978438
16173,0.8748207
16174,4.863183
16175,9.728471
16176,1.0053715
16177,0.37463507
16178,4.975176
16179,3.5540655
16180,8.961574
16181,3.7346447
16182,5.8983965
16183,9.254797
16184,1.4888685
16185,2.772442
16186,2.2
16187,1.1733768
16188,6.0367117
16189,13.802456
16190,8.531889
16191,8.963118
16192,16.619581
16193,5.084332
16194,2.1847088
16195,5.95003
16196,5.235068
16197,5.2798033
16198,16.31469
16199,19.134052
16200,6.146399
16201,5.2163453
16202,5.206719
16203,9.444406
16204,31.917065
16205,5.519692
16206,7.5238547
16207,9.335374
16208,10.036047
16209,5.6884456
16210,9.2438135
16211,9.220935
16212,1.65
16213,6.609376
16214,4.766667
16215,3.9255226
16216,12.380251
16217,23.520266
16218,2.5742052
16219,6.2143807
16220,12.489588
16221,2.5187728
16222,5.0015287
16223,5.866667
16224,5.572733
16225,20.189445
16226,2.35521
16227,4.3273697
16228,9.992751
16229,9.96298
16230,4.95
16231,1.0247389
16232,10.468856
16233,2.6900694
16234,10.209973
16235,18.265898
16236,0.6346465
16237,7.914582
16238,9.3508
16239,10.525761
16240,7.8140016
16241,0.9030264
16242,8.393786
16243,7.081803
16244,8.513339
16245,1.4509599
16246,6.79818
16247,10.896636
16248,15.464289
16249,1.4131227
16250,0.36666667
16251,27.5
16252,6.5016894
16253,4.734445
16254,5.3332653
16255,11.310746
16256,8.407323
16257,9.873176
16258,27.735933
16259,20.476046
16260,6.4250703
16261,8.847593
16262,7.449984
16263,12.127963
16264,17.62109
16265,7.942772
16266,8.931105
16267,8.755613
16268,18.807596
16269,6.492202
16270,7.6496124
16271,10.099078
16272,9.424399
16273,10.622923
16274,1.722924
16275,4.4538097
16276,2.4015427
16277,21.064514
16278,7.809829
16279,8.641737
16280,3.7226598
16281,18.883333
16282,13.570494
16283,10.105641
16284,4.7022567
16285,3.6532247
16286,9.612744
16287,9.220028
16288,0.36666667
16289,8.380343
16290,11.079391
16291,7.7400837
16292,29.459047
16293,4.3945003
16294,6.2518754
16295,14.8701935
16296,8.733844
16297,9.280255
16298,9.17685
16299,20.89521
16300,2.4119377
16301,6.1367598
16302,16.5
16303,7.4119344
16304,4.360255
16305,11.387579
16306,7.767669
16307,16.72509
16308,6.232588
16309,8.086753
16310,8.421858
16311,10.6196575
16312,6.2644806
16313,16.888008
16314,7.130153
16315,9.257421
16316,3.3
16317,6.227295
16318,6.6
16319,12.580125
16320,14.4176855
16321,0.23517609
16322,9.053733
16323,7.637199
16324,10.459678
16325,17.228212
16326,7.962243
16327,8.717471
16328,6.6239038
16329,9.952443
16330,3.0538716
16331,9.533334
16332,3.3
16333,22.342978
16334,6.5943713
16335,10.212169
16336,18.4742
16337,7.736612
16338,8.964547
16339,6.7149005
16340,3.9288914
16341,4.8355584
16342,17.988495
16343,4.497727
16344,4.564612
16345,2.681819
16346,12.70312
16347,4.437669
16348,3.7343104
16349,6.1079183
16350,6.447911
16351,9.978383
16352,8.627438
16353,19.977747
16354,4.7375846
16355,9.527781
16356,9.756621
16357,2.3833334
16358,1.65
16359,15.131848
16360,6.119307
16361,17.360222
16362,2.2959237
16363,4.643401
16364,19.418934
16365,7.8619404
16366,6.881403
16367,7.9156246
16368,8.913723
16369,7.585416
16370,9.73042
16371,26.677546
16372,1.1
16373,7.029391
16374,12.845382
16375,21.352047
16376,6.30378
16377,9.49889
16378,10.834065
16379,8.256946
16380,4.4
16381,4.4446306
16382,13.092983
16383,24.730364
16384,4.091422
16385,9.225726
16386,8.022022
16387,7.6383595
16388,8.147764
16389,10.367593
16390,8.489753
16391,7.0412154
16392,8.517583
16393,3.2785184
16394,4.26352
16395,2.1925447
16396,8.28592
16397,0.73333335
16398,9.115928
16399,10.426745
16400,2.813792
16401,5.7833753
16402,19.157848
16403,7.0093403
16404,11.810137
16405,10.77273
16406,7.532017
16407,2.3833334
16408,15.136948
16409,2.7884479
16410,4.4729075
16411,7.5160985
16412,3.1871638
16413,5.621656
16414,10.540405
16415,2.8168197
16416,13.016495
16417,7.953851
16418,10.280936
16419,8.190601
16420,0.19011499
16421,8.6086035
16422,9.2555275
16423,9.153653
16424,9.184991
16425,10.267162
16426,8.499886
16427,16.180176
16428,11.434022
16429,1.372393
16430,3.9926047
16431,2.4086156
16432,10.65972
16433,7.939339
16434,8.1725445
16435,12.972945
16436,3.4969094
16437,10.305578
16438,6.903951
16439,10.415174
16440,11.993002
16441,8.691405
16442,3.7962914
16443,4.0673895
16444,9.627126
16445,10.127273
16446,3.4958367
16447,0.6014188
16448,6.2360682
16449,3.4266315
16450,4.458173
16451,22.818995
16452,6.810975
16453,38.39773
16454,6.4290366
16455,9.726947
16456,7.459602
16457,9.094716
16458,3.2415311
16459,5.5238566
16460,9.404118
16461,10.837492
16462,8.225417
16463,3.4469762
16464,13.122823
16465,12.867764
16466,0.013211967
16467,3.567231
16468,8.187899
16469,16.99237
16470,5.7430906
16471,0.7533232
16472,7.7863536
16473,7.9457445
16474,10.31618
16475,6.3122344
16476,8.619665
16477,8.711751
16478,18.671143
16479,1.4283103
16480,3.3779142
16481,7.4652667
16482,9.476559
16483,8.211987
16484,8.6830225
16485,8.308969
16486,8.25828
16487,9.980145
16488,9.253749
16489,8.667008
16490,8.011753
16491,6.727234
16492,0.1988729
16493,9.704161
16494,7.9554157
16495,7.5321116
16496,9.156537
16497,10.374595
16498,18.386568
16499,6.7831674
16500,6.757776
16501,2.2004526
16502,4.4861474
16503,14.101481
16504,9.126599
16505,9.809383
16506,9.375
16507,8.551043
16508,20.326555
16509,3.9539104
16510,13.908744
16511,2.8526073
16512,4.648082
16513,8.271766
16514,8.045338
16515,1.0867914
16516,7.247559
16517,0.8732001
16518,6.599165
16519,4.949022
16520,5.175384
16521,9.098879
16522,10.119182
16523,9.977619
16524,1.9673904
16525,6.5148206
16526,9.300431
16527,8.306337
16528,6.4076905
16529,4.08264
16530,4.5833335
16531,14.4346075
16532,4.0333333
16533,4.1090097
16534,9.551846
16535,5.633092
16536,3.115916
16537,9.55506
16538,4.7695394
16539,5.687849
16540,8.977953
16541,9.283218
16542,0.3138228
16543,7.7029233
16544,7.6155176
16545,0.50992966
16546,9.4086
16547,19.609453
16548,5.837211
16549,10.393372
16550,9.300995
16551,10.2218685
16552,8.702809
16553,9.853857
16554,9.36295
16555,10.129987
16556,8.995176
16557,18.701918
16558,3.9546165
16559,12.558166
16560,6.1025624
16561,4.610967
16562,22.125072
16563,19.326578
16564,8.62929
16565,8.5395565
16566,7.385499
16567,0.8282741
16568,8.286468
16569,3.0496519
16570,1.8098829
16571,12.853711
16572,8.263436
16573,9.615429
16574,9.161313
16575,20.636686
16576,12.665201
16577,4.3151298
16578,8.95462
16579,10.550012
16580,9.019526
16581,5.442206
16582,4.7988973
16583,10.825532
16584,49.142212
16585,5.7255507
16586,7.6688366
16587,6.6121736
16588,5.1623425
16589,4.979047
16590,21.304089
16591,8.359211
16592,8.586565
16593,7.9165373
16594,5.275344
16595,4.8637085
16596,5.637789
16597,6.6
16598,6.9090047
16599,8.02676
16600,1.65
16601,6.589166
16602,9.057387
16603,9.279935
16604,0.1355489
16605,17.727633
16606,9.911474
16607,9.865706
16608,10.303571
16609,3.85
16610,22.712896
16611,8.51256
16612,31.82312
16613,6.929938
16614,7.0295577
16615,2.8877497
16616,8.524798
16617,8.758575
16618,2.3321154
16619,3.5327754
16620,0.1599089
16621,4.7439637
16622,12.150668
16623,10.660006
16624,8.584794
16625,8.987665
16626,6.0249887
16627,5.1763062
16628,0.18333334
16629,9.582426
16630,1.5068452
16631,8.197935
16632,10.439484
16633,19.71884
16634,9.204093
16635,10.852654
16636,3.3433435
16637,14.8087015
16638,8.684841
16639,20.820398
16640,6.9666667
16641,7.9309063
16642,9.081419
16643,5.684583
16644,13.023011
16645,0.26860237
16646,8.62964
16647,8.968839
16648,9.935817
16649,0.020265583
16650,5.226342
16651,14.993573
16652,8.020656
16653,7.722766
16654,3.1534116
16655,2.5666666
16656,2.2989833
16657,7.407372
16658,9.574628
16659,10.116315
16660,11.274694
16661,10.0674095
16662,8.660832
16663,10.507974
16664,2.9009268
16665,4.226598
16666,8.946639
16667,9.755215
16668,5.3166666
16669,12.311294
16670,7.0969105
16671,11.579609
16672,1.209903
16673,8.90039
16674,9.202448
16675,2.4994931
16676,4.7350335
16677,9.723114
16678,8.033864
16679,24.663948
16680,7.7028036
16681,9.101693
16682,9.56262
16683,33.733334
16684,3.8073304
16685,14.625722
16686,8.412099
16687,10.030913
16688,16.270418
16689,8.371427
16690,1.0842246
16691,4.0504293
16692,4.0534897
16693,9.474517
16694,8.547044
16695,10.71813
16696,10.263986
16697,18.354454
16698,6.4029856
16699,10.041656
16700,0.0020345051
16701,8.460506
16702,8.888509
16703,2.5666666
16704,7.758355
16705,9.97789
16706,17.121906
16707,3.7812629
16708,3.4420013
16709,10.195209
16710,7.745267
16711,18.738956
16712,8.288027
16713,21.371725
16714,4.9233837
16715,7.4726357
16716,2.3833334
16717,18.71455
16718,8.943304
16719,4.559985
16720,3.5367649
16721,9.546693
16722,7.431898
16723,10.728354
16724,8.150833
16725,0.81905526
16726,7.3539505
16727,5.484032
16728,4.1884427
16729,7.422289
16730,8.327048
16731,2.2687757
16732,3.6712015
16733,1.0480722
16734,10.252725
16735,8.235606
16736,7.909616
16737,1.3492901
16738,6.431087
16739,0.054581955
16740,8.184514
16741,8.7338705
16742,8.851457
16743,7.5470376
16744,8.414119
16745,15.350859
16746,6.759858
16747,7.6446776
16748,9.784984
16749,7.9115887
16750,4.0333333
16751,5.8607583
16752,11.025753
16753,8.30962
16754,9.055161
16755,7.95424
16756,29.568316
16757,3.9059243
16758,15.302881
16759,2.2398784
16760,5.976916
16761,4.039614
16762,8.639662
16763,8.176438
16764,6.481362
16765,8.089613
16766,4.506779
16767,7.132617
16768,11.876295
16769,0.4606407
16770,7.932289
16771,2.7709885
16772,3.7754614
16773,1.1656919
16774,19.521843
16775,2.964536
16776,5.8093786
16777,7.356588
16778,10.728941
16779,8.864125
16780,6.615289
16781,9.550954
16782,8.72593
16783,9.980361
16784,8.465115
16785,13.426827
16786,3.5447125
16787,9.991664
16788,8.4009495
16789,5.1994567
16790,7.83596
16791,1.8392006
16792,4.920983
16793,9.756923
16794,9.713593
16795,9.855357
16796,9.933957
16797,9.639332
16798,3.1971538
16799,4.778402
16800,1.425759
16801,2.4390056
16802,4.14745
16803,6.9066195
16804,1.9456706
16805,21.332136
16806,7.978773
16807,21.679094
16808,7.866088
16809,11.424925
16810,2.5666666
16811,9.338404
16812,11.031772
16813,9.772183
16814,10.748544
16815,19.567022
16816,6.5673747
16817,6.4166665
16818,21.145195
16819,8.826859
16820,9.979486
16821,8.316311
16822,6.788103
16823,3.1254919
16824,2.726493
16825,4.2615976
16826,2.9621837
16827,3.865592
16828,1.8110433
16829,9.931073
16830,20.87567
16831,3.85
16832,9.945829
16833,9.136145
16834,8.882276
16835,0.37290248
16836,7.519613
16837,9.939249
16838,10.119938
16839,8.005151
16840,7.8610253
16841,8.137362
16842,1.3399198
16843,16.079039
16844,8.759371
16845,10.019214
16846,7.75559
16847,4.022844
16848,0.0625054
16849,4.0901585
16850,6.2821393
16851,3.6740308
16852,8.84126
16853,4.0791354
16854,6.5279956
16855,3.9318173
16856,3.320193
16857,7.612023
16858,9.157848
16859,7.5633607
16860,11.489034
16861,16.602057
16862,8.169844
16863,4.411125
16864,2.9310708
16865,4.7094345
16866,4.54658
16867,13.935806
16868,8.586263
16869,9.392213
16870,6.2928915
16871,9.648014
16872,9.037488
16873,8.207537
16874,11.10615
16875,8.129382
16876,7.3333335
16877,9.235303
16878,15.989955
16879,2.5707085
16880,14.677486
16881,7.9368677
16882,6.661909
16883,3.9157076
16884,6.9053497
16885,7.622813
16886,4.578797
16887,4.126152
16888,0.46242082
16889,5.1935678
16890,2.6565073
16891,8.894531
16892,8.791669
16893,6.341402
16894,10.7173605
16895,9.22637
16896,4.834708
16897,13.387411
16898,4.3583546
16899,3.1825063
16900,4.0333333
16901,5.08903
16902,7.4423704
16903,9.563739
16904,10.04088
16905,8.944385
16906,8.4764805
16907,4.7591605
16908,4.0425615
16909,7.579541
16910,8.191817
16911,5.980181
16912,9.582218
16913,6.10466
16914,8.013392
16915,8.497253
16916,1.4666667
16917,16.088415
16918,15.254807
16919,9.285028
16920,17.533716
16921,17.84304
16922,9.046993
16923,9.118376
16924,9.252381
16925,3.514393
16926,5.3347507
16927,10.423039
16928,9.864005
16929,4.0935364
16930,9.166667
16931,15.754413
16932,6.583977
16933,0.9769918
16934,13.1006565
16935,3.0563593
16936,0.15683174
16937,13.318778
16938,3.167987
16939,8.3420105
16940,7.9115386
16941,11.554496
16942,3.2598016
16943,6.6902394
16944,9.569281
16945,10.721937
16946,8.419635
16947,10.720611
16948,9.335032
16949,9.74618
16950,17.160978
16951,8.831645
16952,8.357556
16953,8.448799
16954,9.900324
16955,10.935609
16956,6.05
16957,8.774176
16958,10.927057
16959,29.351105
16960,7.222931
16961,8.951314
16962,10.547878
16963,10.590023
16964,9.197982
16965,8.143474
16966,10.780223
16967,0.7294576
16968,8.704455
16969,10.012222
16970,10.190814
16971,8.930628
16972,18.31673
16973,8.927075
16974,1.0701975
16975,5.714599
16976,8.523615
16977,9.323272
16978,8.551597
16979,0.40338838
16980,8.053788
16981,23.149345
16982,18.32262
16983,16.140825
16984,2.0710552
16985,8.561001
16986,16.316668
16987,2.456697
16988,10.943182
16989,3.585553
16990,4.122997
16991,10.517042
16992,9.446812
16993,54.10842
16994,4.306913
16995,18.400623
16996,3.7420278
16997,4.1702747
16998,4.0333333
16999,22.80353
17000,8.394615
17001,10.144824
17002,5.125405
17003,4.896465
17004,11.860356
17005,10.78689
17006,1.8496119
17007,6.229893
17008,4.808371
17009,15.725209
17010,7.994423
17011,6.259879
17012,3.5196307
17013,9.647386
17014,7.856187
17015,10.305048
17016,0.92629594
17017,4.5585475
17018,3.5671315
17019,11.957272
17020,30.67086
17021,7.726295
17022,1.4666667
17023,11.762333
17024,9.569946
17025,10.425361
17026,9.18905
17027,2.872714
17028,7.106353
17029,17.905346
17030,7.7466416
17031,0.041302044
17032,9.286174
17033,4.2264776
17034,5.881643
17035,9.168703
17036,0.8944672
17037,6.6986246
17038,8.776522
17039,7.2537737
17040,7.243157
17041,8.13086
17042,8.42596
17043,9.194397
17044,10.075291
17045,0.34071603
17046,15.651823
17047,0.9166667
17048,6.7151318
17049,9.700028
17050,5.2057495
17051,4.0568113
17052,0.71262515
17053,11.521936
17054,9.070293
17055,4.7664256
17056,5.103724
17057,8.840123
17058,1.886598
17059,7.00748
17060,10.165874
17061,8.3284855
17062,7.344127
17063,8.469511
17064,15.593929
17065,3.1076672
17066,0.73333335
17067,11.2358265
17068,8.199239
17069,5.245773
17070,5.508144
17071,0.59436965
17072,8.707437
17073,8.610398
17074,10.272471
17075,9.309674
17076,7.965025
17077,8.274189
17078,21.372925
17079,17.620903
17080,6.1776333
17081,1.1772474
17082,0.8628846
17083,8.733526
17084,2.580428
17085,1.4497757
17086,22.497232
17087,3.3964715
17088,4.643369
17089,11.782632
17090,8.327689
17091,0.32715797
17092,11.220791
17093,28.746668
17094,6.862386
17095,8.8216305
17096,4.7685466
17097,4.735087
17098,11.220717
17099,8.136956
17100,7.1344366
17101,9.5700035
17102,10.17225
17103,11.44093
17104,7.076717
17105,1.6233921
17106,7.005509
17107,8.405391
17108,19.052408
17109,8.753562
17110,9.400694
17111,9.628971
17112,11.066638
17113,5.7892966
17114,7.2645197
17115,10.992551
17116,7.6016035
17117,4.0127435
17118,5.351329
17119,9.062711
17120,8.870086
17121,7.690223
17122,9.64125
17123,8.799085
17124,6.4166665
17125,11.276841
17126,10.32134
17127,9.055608
17128,9.908659
17129,7.8590474
17130,24.9707
17131,26.310698
17132,6.6463156
17133,1.9011899
17134,6.7951913
17135,0.07507006
17136,17.474997
17137,5.568633
17138,9.672259
17139,6.981199
17140,10.6474
17141,9.526372
17142,0.39954993
17143,10.419235
17144,7.58024
17145,9.8861265
17146,0.7401307
17147,4.002349
17148,0.09457273
17149,10.937801
17150,6.703688
17151,3.654432
17152,10.028195
17153,1.1
17154,4.4789867
17155,9.606212
17156,10.178097
17157,20.384539
17158,11.116213
17159,4.934486
17160,9.999456
17161,17.432163
17162,9.590086
17163,2.5301936
17164,3.4230545
17165,0.36666667
17166,11.694661
17167,8.473174
17168,18.540955
17169,1.0307233
17170,4.163543
17171,22.965582
17172,8.676172
17173,8.195393
17174,10.293442
17175,3.3
17176,5.48594
17177,20.21731
17178,3.85
17179,5.73272
17180,19.386179
17181,21.358099
17182,18.280657
17183,11.251346
17184,6.309977
17185,8.903383
17186,8.223916
17187,1.1
17188,17.786829
17189,5.782414
17190,7.9046497
17191,10.751201
17192,14.3
17193,3.0938463
17194,8.676117
17195,8.104642
17196,1.8117509
17197,7.8525147
17198,0.24384658
17199,7.8374314
17200,9.956854
17201,8.166855
17202,9.370652
17203,10.135642
17204,12.444331
17205,1.5884559
17206,3.6144257
17207,0.36058426
17208,4.1803913
17209,3.8693023
17210,10.490155
17211,11.19693
17212,7.220658
17213,2.318923
17214,7.877136
17215,8.767462
17216,10.814913
17217,2.7984467
17218,13.747082
17219,1.4666667
17220,7.1237164
17221,29.323149
17222,8.314977
17223,19.319502
17224,8.052889
17225,8.239468
17226,11.809039
17227,3.052783
17228,6.8725667
17229,11.183333
17230,8.07336
17231,9.397132
17232,3.377223
17233,4.1952767
17234,24.566668
17235,2.872046
17236,7.834316
17237,9.202972
17238,5.7757535
17239,4.1506925
17240,6.8065166
17241,8.834401
17242,8.304905
17243,0.7860423
17244,8.03241
17245,20.141752
17246,4.196246
17247,5.1388907
17248,3.5892322
17249,4.788336
17250,2.599875
17251,5.094696
17252,6.594157
17253,2.9560008
17254,4.747336
17255,4.708497
17256,2.0463467
17257,4.5915127
17258,0.7966042
17259,9.3685055
17260,3.9017916
17261,5.8679905
17262,3.0103767
17263,6.6808624
17264,8.420453
17265,8.234485
17266,9.470129
17267,8.906651
17268,8.223915
17269,9.109289
17270,9.765276
17271,0.09976228
17272,8.641307
17273,9.152159
17274,17.975891
17275,3.0095887
17276,3.4726624
17277,20.026087
17278,6.7846212
17279,0.67496294
17280,8.630753
17281,13.572985
17282,2.6890116
17283,10.474587
17284,8.245326
17285,0.19054413
17286,0.6817341
17287,9.018413
17288,29.892714
17289,6.1898227
17290,9.354242
17291,8.881236
17292,7.9742827
17293,9.347365
17294,7.0501423
17295,0.035238273
17296,10.207835
17297,7.811435
17298,4.857556
17299,4.448978
17300,9.198109
17301,4.3683934
17302,2.67365
17303,0.18333334
17304,9.614507
17305,8.33059
17306,7.1662188
17307,9.463089
17308,3.2292926
17309,4.892668
17310,8.246239
17311,8.787386
17312,10.895086
17313,8.324139
17314,19.23713
17315,7.8657885
17316,5.235013
17317,3.7455964
17318,0.18333334
17319,8.389003
17320,17.966013
17321,26.099945
17322,8.488283
17323,10.498914
17324,9.28065
17325,9.3052225
17326,8.659181
17327,6.777526
17328,1.7299334
17329,10.131384
17330,7.7697024
17331,6.4446125
17332,30.889196
17333,7.8316846
17334,15.633685
17335,2.7114632
17336,19.170866
17337,0.40326115
17338,7.7176495
17339,10.557158
17340,9.726794
17341,3.7318234
17342,1.0923387
17343,4.2766643
17344,20.440054
17345,1.6348681
17346,16.527946
17347,5.831305
17348,18.734167
17349,10.162783
17350,9.614339
17351,9.406486
17352,10.318564
17353,3.6666667
17354,4.506652
17355,8.652273
17356,10.125032
17357,9.548848
17358,12.563674
17359,17.66126
17360,18.594265
17361,9.170365
17362,9.369762
17363,7.028938
17364,6.3470683
17365,1.6794523
17366,7.257048
17367,8.8751955
17368,2.6056688
17369,7.108601
17370,13.956796
17371,2.80354
17372,8.398161
17373,9.506576
17374,9.912794
17375,1.7468055
17376,8.864191
17377,7.6148825
17378,18.763916
17379,18.641045
17380,8.607316
17381,9.4319105
17382,9.021204
17383,9.788379
17384,7.331967
17385,4.1444306
17386,3.8319182
17387,15.643032
17388,8.513586
17389,2.5666666
17390,6.395158
17391,8.695207
17392,7.1118593
17393,9.013796
17394,5.866667
17395,3.1565583
17396,21.40309
17397,6.296858
17398,10.140227
17399,9.268052
17400,19.131096
17401,8.444787
17402,8.151834
17403,9.260686
17404,8.374531
17405,9.441598
17406,11.44754
17407,5.9141946
17408,7.9753876
17409,9.814335
17410,9.432387
17411,0.14117557
17412,5.4260807
17413,6.425881
17414,10.812186
17415,5.3166666
17416,5.222965
17417,0.53106946
17418,3.4833333
17419,5.8695955
17420,1.8484349
17421,8.180055
17422,10.479873
17423,18.757454
17424,11.0150795
17425,11.05864
17426,3.2027404
17427,26.988586
17428,6.1252675
17429,4.0076656
17430,4.726354
17431,5.343119
17432,3.9028487
17433,8.904053
17434,1.2919424
17435,9.447662
17436,9.656033
17437,1.0266384
17438,18.280193
17439,9.534161
17440,6.233333
17441,13.917971
17442,0.2019803
17443,6.2063537
17444,5.3166666
17445,7.0176272
17446,6.98781
17447,8.953351
17448,3.99723
17449,3.3067546
17450,7.4514313
17451,9.187032
17452,10.975122
17453,8.755747
17454,8.358875
17455,3.3553362
17456,6.1723633
17457,2.5666666
17458,7.089131
17459,19.878351
17460,8.062681
17461,4.2166667
17462,12.096317
17463,4.1517262
17464,3.5826044
17465,10.497754
17466,8.588133
17467,9.279514
17468,8.316509
17469,7.688506
17470,10.548456
17471,6.8788533
17472,5.8190103
17473,4.9861035
17474,9.680312
17475,10.279376
17476,19.376638
17477,18.30426
17478,2.9247835
17479,0.31345686
17480,5.1313004
17481,12.749832
17482,8.241815
17483,9.09764
17484,11.638961
17485,10.95342
17486,6.323138
17487,8.852387
17488,7.6922827
17489,10.116076
17490,9.64412
17491,9.670156
17492,6.840308
17493,9.572403
17494,4.6473417
17495,4.4154887
17496,10.01321
17497,7.6091385
17498,8.553091
17499,6.977335
17500,8.747174
17501,4.95
17502,2.017236
17503,10.687211
17504,8.702897
17505,0.41152638
17506,10.477472
17507,9.076707
17508,9.521287
17509,4.925847
17510,3.3148925
17511,9.872212
17512,7.425118
17513,8.353512
17514,8.745909
17515,9.439525
17516,8.42479
17517,1.8843018
17518,6.659428
17519,2.7456763
17520,5.081335
17521,10.138734
17522,9.795809
17523,1.00166
17524,7.5489764
17525,8.34059
17526,4.0333333
17527,17.59561
17528,14.361927
17529,9.294519
17530,11.4193535
17531,10.0621805
17532,7.6246657
17533,8.927305
17534,0.8646728
17535,9.722129
17536,5.6732025
17537,3.8310926
17538,0.16426246
17539,5.1182995
17540,3.6141238
17541,0.38713613
17542,10.519298
17543,6.9877224
17544,0.87808776
17545,18.361584
17546,6.8041005
17547,8.658616
17548,9.019399
17549,9.270184
17550,7.7701244
17551,6.7233715
17552,1.5954736
17553,0.057355557
17554,8.026553
17555,7.456096
17556,0.6666899
17557,9.223622
17558,8.460246
17559,2.7402642
17560,4.04013
17561,1.5225493
17562,9.571894
17563,8.929086
17564,7.542738
17565,9.461436
17566,8.394272
17567,7.9762454
17568,9.397221
17569,12.010263
17570,6.218124
17571,9.512432
17572,8.878812
17573,5.104756
17574,5.3479667
17575,17.435122
17576,1.6311885
17577,4.769326
17578,10.525967
17579,0.5243222
17580,7.2202687
17581,4.3786135
17582,4.429134
17583,9.442765
17584,6.5162263
17585,18.648375
17586,8.379056
17587,1.4666667
17588,7.3574796
17589,16.596075
17590,7.7427387
17591,3.2975433
17592,1.4644225
17593,4.483915
17594,22.431746
17595,7.112678
17596,12.921882
17597,7.1621175
17598,9.251476
17599,7.1298685
17600,9.606504
17601,10.816667
17602,14.029583
17603,1.8333334
17604,7.1921744
17605,17.482967
17606,7.765118
17607,1.352326
17608,6.7833333
17609,4.9663467
17610,4.0365696
17611,0.06494522
17612,4.364888
17613,3.3010721
17614,10.8647585
17615,10.349713
17616,9.20245
17617,7.674766
17618,7.4157176
17619,9.012201
17620,8.005189
17621,0.36666667
17622,9.916113
17623,8.1086235
17624,9.1444645
17625,9.013915
17626,20.447876
17627,19.028816
17628,23.341919
17629,3.469388
17630,9.41836
17631,1.0880073
17632,20.794981
17633,7.5875444
17634,7.395244
17635,10.175895
17636,0.7325729
17637,7.608891
17638,5.499229
17639,3.8960063
17640,30.427511
17641,1.7799613
17642,3.7638428
17643,7.836485
17644,9.329279
17645,0.056974087
17646,8.823959
17647,0.36726794
17648,3.4589767
17649,3.652604
17650,9.488566
17651,9.452616
17652,4.0285664
17653,3.5496237
17654,8.626111
17655,3.4539142
17656,3.733817
17657,2.3128588
17658,6.963198
17659,9.020066
17660,18.610687
17661,1.8333334
17662,5.720934
17663,1.5820501
17664,8.370783
17665,2.4021304
17666,5.0722604
17667,22.41133
17668,9.471711
17669,3.4833333
17670,19.540987
17671,2.5354147
17672,6.093366
17673,9.045075
17674,7.2879314
17675,20.070963
17676,7.08824
17677,1.3575712
17678,8.04901
17679,8.281932
17680,9.128898
17681,12.999851
17682,4.346577
17683,9.763541
17684,11.463397
17685,0.74055207
17686,4.795337
17687,1.9250317
17688,7.777316
17689,14.609233
17690,2.9883544
17691,3.5909498
17692,10.225439
17693,4.3424377
17694,4.859305
17695,8.25158
17696,9.276477
17697,9.421952
17698,7.7206144
17699,0.08618832
17700,7.885068
17701,9.569894
17702,3.8544261
17703,4.0333333
17704,19.754528
17705,8.010013
17706,9.2973385
17707,8.9721985
17708,5.909785
17709,16.278141
17710,7.212837
17711,4.740197
17712,3.9631453
17713,9.488543
17714,10.94008
17715,18.479296
17716,6.209302
17717,7.122414
17718,8.620444
17719,10.216912
17720,5.3166666
17721,1.7688673
17722,10.185012
17723,8.218113
17724,0.006691614
17725,19.82827
17726,7.477943
17727,2.9804308
17728,4.087718
17729,10.433063
17730,8.8095255
17731,7.7357135
17732,8.404819
17733,4.921095
17734,4.0992184
17735,8.06032
17736,10.2790365
17737,2.4177628
17738,7.000215
17739,5.114889
17740,18.883333
17741,2.4464686
17742,3.3
17743,0.4944568
17744,6.88436
17745,2.1656194
17746,0.62438655
17747,3.733429
17748,2.538299
17749,14.867362
17750,19.760353
17751,4.1102886
17752,5.014976
17753,9.731508
17754,10.315823
17755,3.3
17756,16.240248
17757,9.061138
17758,8.081793
17759,17.572578
17760,8.94251
17761,11.28509
17762,18.235405
17763,6.53878
17764,8.290052
17765,10.840655
17766,6.3271604
17767,3.629883
17768,7.8523874
17769,3.5305984
17770,12.167487
17771,2.5392373
17772,12.010846
17773,19.51055
17774,7.530396
17775,9.817076
17776,10.233958
17777,0.027751923
17778,0.9166667
17779,8.576123
17780,7.616592
17781,2.1615264
17782,17.419933
17783,6.8514423
17784,8.133182
17785,1.3305666
17786,6.8153615
17787,8.951068
17788,4.813536
17789,15.2721195
17790,8.33289
17791,9.024978
17792,8.922155
17793,9.938208
17794,3.2688534
17795,4.4867992
17796,0.36666667
17797,12.833333
17798,6.2947836
17799,0.36666667
17800,28.384762
17801,8.948399
17802,3.1995454
17803,4.1857886
17804,8.221794
17805,7.861799
17806,9.665656
17807,5.2761555
17808,15.371069
17809,8.894664
17810,4.781612
17811,12.704165
17812,11.510437
17813,5.5
17814,41.658188
17815,0.73333335
17816,7.15
17817,7.793529
17818,7.82508
17819,1.9804002
17820,10.304928
17821,9.222031
17822,8.59912
17823,1.65
17824,7.9482226
17825,18.806444
17826,9.260154
17827,2.9278994
17828,6.080271
17829,8.718689
17830,6.4166665
17831,12.6718855
17832,9.305812
17833,7.374001
17834,9.822259
17835,14.116667
17836,6.6926317
17837,8.453941
17838,7.740466
17839,7.649828
17840,2.4972205
17841,5.988567
17842,3.9036837
17843,12.833905
17844,1.236566
17845,8.886577
17846,11.918451
17847,10.233522
17848,2.2
17849,13.642767
17850,8.046549
17851,9.262744
17852,3.0403209
17853,7.1503797
17854,22.779387
17855,2.1846695
17856,5.5688224
17857,8.684962
17858,3.6160305
17859,7.0780835
17860,5.9862537
17861,3.435079
17862,0.09953181
17863,9.885279
17864,7.9036164
17865,7.1946697
17866,10.148358
17867,9.838136
17868,7.5124826
17869,8.997162
17870,9.252755
17871,9.806301
17872,8.623496
17873,9.422668
17874,7.336561
17875,0.23276806
17876,3.5231593
17877,4.3580933
17878,10.916828
17879,8.771643
17880,9.485532
17881,12.000292
17882,7.90766
17883,7.396005
17884,9.9
17885,18.736147
17886,7.939553
17887,9.572229
17888,8.715265
17889,11.277072
17890,8.117017
17891,18.968315
17892,2.7576206
17893,4.9372435
17894,9.025637
17895,11.556619
17896,7.7454653
17897,18.374992
17898,8.968657
17899,8.766293
17900,8.894883
17901,28.68331
17902,7.211066
17903,8.761207
17904,0.89527756
17905,8.886377
17906,12.296724
17907,8.152596
17908,10.820596
17909,20.721018
17910,5.693372
17911,18.547493
17912,27.481237
17913,1.6337715
17914,4.962564
17915,10.617692
17916,17.843132
17917,7.791972
17918,8.652051
17919,9.727661
17920,4.5712085
17921,5.455892
17922,11.524416
17923,2.2213378
17924,2.4288814
17925,10.681041
17926,4.45362
17927,10.003908
17928,5.15039
17929,3.8534486
17930,8.752456
17931,6.4636383
17932,8.196298
17933,11.153634
17934,2.75
17935,5.6462054
17936,9.213727
17937,8.039006
17938,7.6708713
17939,11.249081
17940,3.2336314
17941,13.494833
17942,7.1166525
17943,8.986792
17944,9.213305
17945,7.50211
17946,3.72049
17947,5.956068
17948,8.900547
17949,7.5593953
17950,8.0738
17951,17.471628
17952,7.2799926
17953,7.874999
17954,7.597772
17955,11.592684
17956,7.909965
17957,4.1724443
17958,15.4
17959,0.9166667
17960,12.500201
17961,1.2916871
17962,3.6331975
17963,8.017508
17964,10.171071
17965,5.9752793
17966,2.9819257
17967,11.252562
17968,17.035873
17969,9.719023
17970,7.018336
17971,4.5833335
17972,13.958335
17973,9.03972
17974,8.877888
17975,3.1453445
17976,9.197275
17977,0.68409455
17978,0.19252303
17979,9.1229925
17980,0.6295125
17981,13.285693
17982,9.729344
17983,8.45724
17984,8.598112
17985,8.583331
17986,0.3232003
17987,6.170893
17988,1.7427444
17989,6.9505696
17990,9.348209
17991,18.357092
17992,7.0089893
17993,9.066518
17994,3.138534
17995,5.4565196
17996,10.256728
17997,5.4864645
17998,4.180058
17999,20.74446
18000,2.171477
18001,6.300697
18002,4.7310824
18003,6.464236
18004,16.199215
18005,1.65
18006,15.220475
18007,10.53412
18008,10.794281
18009,11.137938
18010,8.068498
18011,6.704712
18012,8.650016
18013,16.316668
18014,4.406969
18015,8.212677
18016,8.559448
18017,0.04855792
18018,10.174831
18019,5.4323363
18020,3.8606002
18021,9.8415365
18022,8.949892
18023,17.692583
18024,15.40731
18025,3.6192887
18026,2.5149345
18027,9.244339
18028,8.7604685
18029,2.5515716
18030,4.6555123
18031,0.31445026
18032,5.0905704
18033,3.5439885
18034,12.163893
18035,7.6837626
18036,7.19858
18037,1.3204734
18038,1.9774036
18039,5.954527
18040,0.07355265
18041,9.929607
18042,8.1269655
18043,8.614675
18044,10.76823
18045,1.0549071
18046,8.130131
18047,3.460805
18048,6.7583556
18049,8.967497
18050,16.950726
18051,8.521623
18052,11.154844
18053,2.012245
18054,5.794359
18055,7.42085
18056,21.846558
18057,2.19481
18058,5.1269135
18059,4.310083
18060,3.7570634
18061,9.65132
18062,6.4166665
18063,23.760242
18064,4.9335957
18065,14.602647
18066,3.0596411
18067,8.205447
18068,9.977883
18069,7.867528
18070,3.1166666
18071,7.1583734
18072,9.692613
18073,8.983334
18074,9.599772
18075,3.6533356
18076,4.1710534
18077,2.298848
18078,6.0470114
18079,9.126534
18080,2.978428
18081,27.116453
18082,9.161512
18083,24.603651
18084,2.760673
18085,19.244833
18086,6.8073754
18087,3.412827
18088,5.205965
18089,7.627162
18090,8.506089
18091,5.034129
18092,3.1623285
18093,9.817004
18094,9.654983
18095,8.952444
18096,8.226459
18097,9.489123
18098,21.021923
18099,9.655589
18100,5.956419
18101,7.6513844
18102,4.795885
18103,14.0107
18104,16.914873
18105,1.4666667
18106,8.569114
18107,8.392142
18108,11.172557
18109,9.732667
18110,7.257486
18111,8.449787
18112,3.0245464
18113,7.8971066
18114,8.853595
18115,9.754513
18116,0.547425
18117,8.432165
18118,9.276279
18119,9.678983
18120,3.85
18121,5.295857
18122,11.333998
18123,1.1596997
18124,19.114775
18125,2.0737886
18126,5.7722964
18127,9.328169
18128,10.099801
18129,5.9514284
18130,5.4541273
18131,2.9702823
18132,3.2424457
18133,6.204065
18134,9.09338
18135,9.397221
18136,7.017526
18137,9.825309
18138,8.002775
18139,8.435726
18140,8.316709
18141,9.902335
18142,10.087809
18143,7.927586
18144,10.480333
18145,1.9972482
18146,6.9609804
18147,4.648956
18148,14.01968
18149,7.3671346
18150,3.6666667
18151,14.971639
18152,4.277531
18153,4.329102
18154,8.032766
18155,10.542796
18156,9.833767
18157,7.7
18158,9.393518
18159,0.99952227
18160,3.834121
18161,3.6011698
18162,10.4263935
18163,0.43803054
18164,4.0611663
18165,0.38186544
18166,2.9043295
18167,11.248677
18168,9.487677
18169,1.1
18170,7.4021425
18171,2.0277102
18172,28.499899
18173,9.203649
18174,6.950721
18175,8.157109
18176,18.149248
18177,9.9
18178,8.222127
18179,8.561604
18180,9.022793
18181,6.7833333
18182,26.142412
18183,6.9264503
18184,9.581416
18185,8.585893
18186,7.268777
18187,2.624909
18188,11.5124235
18189,26.020966
18190,0.51896566
18191,5.6688623
18192,15.134112
18193,2.2174518
18194,4.20425
18195,1.0864497
18196,21.03758
18197,10.020463
18198,9.004864
18199,32.081936
18200,6.3576784
18201,2.2227607
18202,7.857546
18203,7.3307676
18204,0.73333335
18205,18.489616
18206,4.982536
18207,4.093932
18208,26.455616
18209,7.570639
18210,0.08520284
18211,1.2833333
18212,7.2107153
18213,7.824534
18214,9.031026
18215,4.5684023
18216,5.58254
18217,5.386202
18218,4.674896
18219,10.396999
18220,9.6884575
18221,2.856978
18222,6.0952435
18223,9.36401
18224,8.909614
18225,17.416666
18226,11.198075
18227,9.605853
18228,9.375987
18229,7.5816474
18230,27.369707
18231,5.7881594
18232,10.797389
18233,1.863432
18234,6.8675995
18235,10.673039
18236,0.38206583
18237,10.350482
18238,10.039155
18239,8.992544
18240,1.1
18241,15.686297
18242,6.3488727
18243,10.43504
18244,9.763399
18245,7.5809965
18246,1.9776504
18247,9.766364
18248,8.678693
18249,9.479777
18250,9.417375
18251,6.7833333
18252,15.106647
18253,10.103074
18254,5.133333
18255,4.4255023
18256,3.215758
18257,16.147614
18258,6.7657704
18259,11.407597
18260,7.629259
18261,11.849969
18262,8.812572
18263,3.8903396
18264,17.099775
18265,4.036801
18266,4.0305533
18267,7.889002
18268,0.90774703
18269,19.814539
18270,6.191277
18271,9.725866
18272,10.16411
18273,9.373587
18274,1.5632154
18275,11.435819
18276,4.016312
18277,7.7351975
18278,0.95535916
18279,0.7582109
18280,11.111428
18281,9.533334
18282,8.40397
18283,8.265226
18284,8.745026
18285,18.860254
18286,16.243896
18287,4.2166667
18288,6.613088
18289,0.9233793
18290,0.73333335
18291,18.6887
18292,5.0050654
18293,1.4235257
18294,9.161371
18295,2.3833988
18296,6.280684
18297,5.102866
18298,3.9991221
18299,21.590326
18300,18.334993
18301,5.5
18302,23.688501
18303,2.75
18304,5.1749215
18305,9.734391
18306,10.430066
18307,9.272805
18308,9.616231
18309,8.77707
18310,9.95926
18311,19.704308
18312,9.0711775
18313,8.057738
18314,9.313575
18315,1.3107457
18316,2.439094
18317,4.263504
18318,0.55
18319,9.724317
18320,6.370735
18321,7.584381
18322,3.3914251
18323,0.7322393
18324,5.330245
18325,19.455559
18326,6.1586466
18327,20.11289
18328,14.800661
18329,13.005574
18330,4.6374
18331,1.8267236
18332,0.25513172
18333,7.2928343
18334,2.2693949
18335,5.9268236
18336,14.152965
18337,0.9166667
18338,2.458596
18339,6.0908155
18340,13.502394
18341,1.1179924
18342,8.016894
18343,9.748279
18344,10.399302
18345,9.480494
18346,7.924255
18347,20.001486
18348,8.21267
18349,23.479326
18350,6.871287
18351,8.338659
18352,8.502817
18353,4.0333333
18354,14.252862
18355,7.991553
18356,9.348361
18357,2.3030202
18358,14.442071
18359,7.714614
18360,11.375204
18361,8.844297
18362,3.4366293
18363,4.6052217
18364,8.611178
18365,8.972241
18366,10.5865965
18367,20.093819
18368,17.549683
18369,7.358081
18370,8.882491
18371,8.706745
18372,5.0182586
18373,3.9247508
18374,1.9842544
18375,7.1095157
18376,8.76426
18377,8.921267
18378,17.865803
18379,8.656137
18380,7.3405414
18381,8.656073
18382,6.379915
18383,10.237954
18384,7.7254534
18385,4.4444804
18386,2.9009578
18387,2.3633723
18388,5.892237
18389,9.432992
18390,4.0599422
18391,4.3979006
18392,9.954102
18393,10.884586
18394,9.08874
18395,1.2082735
18396,3.8854835
18397,4.2423244
18398,6.579677
18399,6.058558
18400,0.7291636
18401,16.178656
18402,1.4213723
18403,4.9745564
18404,6.2431264
18405,1.227387
18406,11.806228
18407,7.812173
18408,19.163445
18409,3.7322686
18410,3.9544342
18411,8.077868
18412,9.0156145
18413,7.15
18414,10.174663
18415,11.67783
18416,8.353606
18417,10.444729
18418,9.903288
18419,9.818235
18420,10.394406
18421,9.6778555
18422,10.479775
18423,7.2439837
18424,1.3789891
18425,19.780758
18426,4.745253
18427,3.648916
18428,20.358356
18429,3.521363
18430,5.58439
18431,7.165185
18432,1.3608139
18433,9.606632
18434,1.1265596
18435,24.375744
18436,8.536347
18437,5.071704
18438,15.4716835
18439,7.882826
18440,3.5713995
18441,6.0863333
18442,18.045599
18443,0.9166667
18444,6.707049
18445,4.871798
18446,4.6116996
18447,6.6
18448,0.9166667
18449,10.149179
18450,6.714789
18451,35.10238
18452,7.1741104
18453,9.634653
18454,12.126493
18455,8.539782
18456,8.942801
18457,1.4666667
18458,7.8263764
18459,9.13737
18460,10.232599
18461,7.3204436
18462,7.7010145
18463,12.833333
18464,7.1416607
18465,2.4658203
18466,5.4918933
18467,11.592087
18468,10.226101
18469,8.097322
18470,8.770904
18471,8.730285
18472,16.909441
18473,1.5842121
18474,2.4459684
18475,2.7248225
18476,0.42122203
18477,8.375765
18478,3.2606204
18479,6.6253033
18480,9.068074
18481,8.583546
18482,9.080862
18483,11.598444
18484,3.8265946
18485,3.119898
18486,4.820935
18487,3.6691854
18488,0.22932409
18489,18.772493
18490,9.49231
18491,10.840424
18492,8.965413
18493,2.0166667
18494,6.0533915
18495,7.314801
18496,3.4444406
18497,4.1417685
18498,1.8012922
18499,5.917231
18500,7.281312
18501,10.350571
18502,7.6451855
18503,7.8541183
18504,0.40188634
18505,4.2316594
18506,3.4995
18507,8.445731
18508,29.721777
18509,9.065995
18510,7.9148774
18511,9.547765
18512,9.274633
18513,20.085604
18514,6.0341687
18515,10.308409
18516,7.3968024
18517,0.5380709
18518,3.7817876
18519,2.9833953
18520,11.721597
18521,8.408293
18522,8.329185
18523,0.37536615
18524,8.767253
18525,18.673166
18526,6.9107847
18527,10.486834
18528,9.738119
18529,7.383339
18530,1.6595284
18531,9.4245825
18532,9.269533
18533,11.55
18534,14.664715
18535,6.273246
18536,8.032543
18537,7.789579
18538,9.749644
18539,6.734085
18540,7.160949
18541,8.374492
18542,17.780529
18543,6.5577655
18544,10.446485
18545,6.510576
18546,8.911944
18547,8.47722
18548,6.8659625
18549,10.903907
18550,8.187565
18551,6.233333
18552,13.511674
18553,29.697723
18554,6.3180285
18555,9.908437
18556,8.602762
18557,4.5361357
18558,0.31791988
18559,4.1872377
18560,8.031702
18561,12.107554
18562,2.625744
18563,6.6648893
18564,11.686581
18565,0.060653683
18566,8.3470745
18567,12.195501
18568,5.1803594
18569,2.0062208
18570,1.3649229
18571,10.266666
18572,6.117081
18573,2.75
18574,6.04357
18575,9.904466
18576,8.991003
18577,10.09883
18578,8.852299
18579,7.6450586
18580,4.1559615
18581,13.510298
18582,1.1
18583,8.270597
18584,10.18548
18585,8.160281
18586,10.12164
18587,4.354859
18588,3.0613253
18589,9.9431925
18590,9.82272
18591,17.7651
18592,8.547441
18593,9.39332
18594,9.630807
18595,4.235847
18596,5.682452
18597,10.715866
18598,7.3605943
18599,9.39974
18600,19.734016
18601,21.369434
18602,12.003149
18603,8.695683
18604,9.533334
18605,7.061156
18606,21.966093
18607,6.4166665
18608,1.0800122
18609,11.24336
18610,37.665283
18611,5.4030814
18612,7.1712337
18613,2.8572242
18614,9.45201
18615,8.941746
18616,10.697992
18617,8.835841
18618,9.33694
18619,30.925394
18620,18.380709
18621,8.283861
18622,10.765442
18623,2.722605
18624,5.1988206
18625,6.6
18626,2.9520667
18627,30.724466
18628,16.690815
18629,9.455967
18630,10.193554
18631,8.963887
18632,8.299255
18633,9.8333025
18634,9.067687
18635,7.38701
18636,18.853292
18637,8.087022
18638,3.758104
18639,6.811738
18640,3.89661
18641,2.3009138
18642,7.516667
18643,14.459453
18644,1.8462181
18645,0.51351744
18646,6.932485
18647,7.403112
18648,11.670947
18649,7.5632105
18650,9.6321745
18651,9.226989
18652,8.167474
18653,12.045209
18654,10.610246
18655,7.363328
18656,9.952092
18657,20.669933
18658,11.835694
18659,0.7532198
18660,18.825483
18661,6.4087477
18662,4.179374
18663,5.0273986
18664,11.487872
18665,10.769184
18666,19.95371
18667,7.692639
18668,18.566536
18669,7.600238
18670,12.244796
18671,3.3390284
18672,0.10390281
18673,4.825338
18674,10.11312
18675,5.758715
18676,10.439061
18677,8.457953
18678,27.334316
18679,19.044128
18680,8.136186
18681,9.785388
18682,20.77606
18683,3.6494021
18684,11.540984
18685,7.7612395
18686,8.677664
18687,8.610265
18688,11.05779
18689,9.3903
18690,8.63359
18691,5.1433005
18692,4.514646
18693,0.8647442
18694,5.133333
18695,11.584743
18696,11.55
18697,5.8412237
18698,0.9089392
18699,8.776591
18700,10.266666
18701,10.29593
18702,29.623484
18703,2.212731
18704,13.787109
18705,23.621334
18706,3.0578456
18707,6.8889313
18708,8.174466
18709,3.5561316
18710,3.8466291
18711,1.3480028
18712,8.148646
18713,9.107574
18714,9.457509
18715,0.9137869
18716,2.4322908
18717,4.5513787
18718,15.290696
18719,11.127481
18720,8.698488
18721,9.580017
18722,21.05477
18723,15.749113
18724,5.9545207
18725,10.210833
18726,8.562532
18727,17.335566
18728,4.8962846
18729,4.6684976
18730,0.99248886
18731,10.216395
18732,4.2839365
18733,3.700185
18734,11.511717
18735,7.5422134
18736,10.029094
18737,1.5376011
18738,6.2559123
18739,7.2855864
18740,5.346537
18741,12.066388
18742,7.997529
18743,8.517042
18744,18.33575
18745,0.9166667
18746,22.217735
18747,1.1
18748,5.9324503
18749,0.6730956
18750,4.0389943
18751,22.627861
18752,8.317827
18753,17.861889
18754,11.944762
18755,13.15601
18756,0.91262656
18757,6.9469533
18758,0.7837931
18759,5.913345
18760,8.35309
18761,9.476733
18762,4.828563
18763,5.7346663
18764,7.5449533
18765,8.636785
18766,9.928314
18767,8.677182
18768,3.0320647
18769,5.116105
18770,8.819016
18771,6.7467847
18772,10.208512
18773,8.918191
18774,23.577358
18775,6.725238
18776,0.9166667
18777,6.508843
18778,9.266663
18779,9.011039
18780,5.257956
18781,3.7901328
18782,9.43938
18783,9.522105
18784,1.8599753
18785,4.946629
18786,0.9166667
18787,9.964504
18788,11.4873085
18789,2.9702737
18790,4.0338516
18791,10.409404
18792,3.458516
18793,4.019228
18794,4.710093
18795,4.9612126
18796,9.926558
18797,0.86153346
18798,17.965548
18799,3.2402203
18800,3.1881812
18801,8.895136
18802,11.382554
18803,3.2080815
18804,2.9244897
18805,3.7125826
18806,5.8076377
18807,4.8031254
18808,4.001983
18809,10.136747
18810,8.793085
18811,9.798494
18812,7.89872
18813,7.970332
18814,9.086003
18815,10.955994
18816,9.634685
18817,10.666392
18818,10.914827
18819,8.198325
18820,9.319322
18821,7.9993806
18822,9.563771
18823,7.3893948
18824,5.3166666
18825,14.977169
18826,2.4837098
18827,5.7285085
18828,19.155252
18829,7.3892994
18830,9.149646
18831,17.506908
18832,7.1936126
18833,7.0240183
18834,1.9580203
18835,1.4863012
18836,7.6507177
18837,3.3866007
18838,4.309591
18839,8.065034
18840,0.034642223
18841,3.589726
18842,2.955866
18843,11.744166
18844,17.531384
18845,7.968849
18846,0.34012794
18847,8.179499
18848,8.5876
18849,11.563682
18850,4.7981024
18851,5.134208
18852,3.6274996
18853,1.5119315
18854,4.3096232
18855,11.922413
18856,0.2107064
18857,5.2723646
18858,11.074178
18859,3.4833333
18860,14.976398
18861,10.293341
18862,9.676688
18863,8.898194
18864,8.362159
18865,9.177043
18866,8.182876
18867,4.353889
18868,3.9693992
18869,11.87095
18870,9.083106
18871,9.124208
18872,10.131845
18873,2.4334269
18874,2.6295347
18875,5.1300445
18876,19.296144
18877,9.5576515
18878,9.657064
18879,3.978229
18880,4.5955176
18881,6.436332
18882,11.06487
18883,19.124138
18884,7.3331203
18885,12.266111
18886,10.317564
18887,9.533334
18888,11.0
18889,15.742273
18890,8.075707
18891,5.0519147
18892,20.149813
18893,8.641553
18894,8.57544
18895,3.1166666
18896,5.5192313
18897,9.631568
18898,9.366339
18899,9.03856
18900,10.724458
18901,6.4166665
18902,11.104688
18903,13.3272085
18904,1.8650851
18905,12.230541
18906,3.2694414
18907,4.9506907
18908,9.181095
18909,1.1250656
18910,7.51927
18911,1.0115622
18912,8.027213
18913,17.216604
18914,7.581235
18915,10.098513
18916,7.211455
18917,8.518727
18918,11.44809
18919,7.7145905
18920,20.57171
18921,6.934309
18922,9.904264
18923,0.45839152
18924,2.3833334
18925,16.096218
18926,9.0165205
18927,4.498187
18928,5.125412
18929,10.966777
18930,7.6915507
18931,8.945998
18932,8.650724
18933,4.4
18934,27.4031
18935,18.180294
18936,6.352354
18937,10.711639
18938,10.537815
18939,1.8252612
18940,6.186081
18941,8.915424
18942,9.333562
18943,8.560752
18944,8.068824
18945,17.9269
18946,8.579779
18947,7.998751
18948,10.584171
18949,0.55
18950,7.487084
18951,0.69011855
18952,9.157071
18953,3.128417
18954,4.234235
18955,2.3020823
18956,6.2800417
18957,1.6845225
18958,6.4365788
18959,8.7794695
18960,9.213457
18961,10.267289
18962,7.745394
18963,6.8289776
18964,1.1415163
18965,7.3333335
18966,9.400908
18967,2.8520427
18968,5.3090963
18969,6.9544153
18970,3.3438044
18971,10.545858
18972,10.633333
18973,9.289001
18974,17.927187
18975,0.9166667
18976,7.431754
18977,0.1627763
18978,10.461396
18979,9.313973
18980,11.54681
18981,9.384617
18982,9.9201355
18983,8.6014185
18984,10.758281
18985,8.72585
18986,5.3166666
18987,16.973948
18988,6.8448467
18989,8.503407
18990,9.6001
18991,7.7058945
18992,3.4833333
18993,8.633494
18994,9.473125
18995,10.592358
18996,7.3463845
18997,9.098157
18998,8.724752
18999,9.730688
19000,4.0229
19001,5.262034
19002,12.2576885
19003,6.533782
19004,9.248338
19005,8.496524
19006,9.069236
19007,5.866667
19008,13.944932
19009,3.2947068
19010,4.5974417
19011,19.761797
19012,6.617181
19013,2.4725678
19014,0.9166667
19015,7.011033
19016,9.477488
19017,18.534061
19018,7.4346075
19019,7.27168
19020,11.173955
19021,10.505052
19022,4.673346
19023,0.29286543
19024,4.065681
19025,5.895845
19026,4.7808094
19027,9.4341135
19028,9.402116
19029,8.281064
19030,8.585134
19031,0.15614036
19032,12.388563
19033,8.944322
19034,3.6666667
19035,41.67609
19036,4.784465
19037,10.427
19038,4.6768746
19039,5.8744426
19040,2.8220341
19041,7.827155
19042,15.350398
19043,9.501378
19044,6.7461176
19045,8.763218
19046,10.187118
19047,9.607706
19048,9.991017
19049,22.769083
19050,8.135016
19051,9.079035
19052,22.24095
19053,2.5137029
19054,5.86439
19055,8.007939
19056,9.776274
19057,10.787925
19058,4.885292
19059,6.727361
19060,0.80243754
19061,10.009927
19062,6.7819123
19063,11.097877
19064,4.9622602
19065,5.190245
19066,10.033092
19067,2.6307185
19068,5.680998
19069,4.507494
19070,20.576464
19071,2.7931376
19072,6.022699
19073,5.5855513
19074,23.445312
19075,8.499782
19076,10.5500145
19077,9.045975
19078,6.71196
19079,10.786033
19080,7.7810845
19081,9.061488
19082,8.583894
19083,10.689043
19084,9.505987
19085,6.0977154
19086,1.9317627
19087,7.707947
19088,9.684667
19089,1.3212998
19090,4.0333333
19091,2.9106379
19092,0.36427978
19093,4.670492
19094,3.2582834
19095,12.620288
19096,11.893798
19097,6.4166665
19098,11.6923485
19099,7.8773594
19100,7.8950076
19101,21.671318
19102,12.1676855
19103,0.94859594
19104,13.333224
19105,1.8951497
19106,6.8730826
19107,8.04925
19108,6.8030343
19109,1.1331798
19110,0.92923635
19111,12.925562
19112,1.32126
19113,15.151793
19114,7.2246785
19115,9.601611
19116,9.012406
19117,7.9702625
19118,9.928711
19119,6.9621572
19120,10.735431
19121,9.070619
19122,1.1730037
19123,4.0333333
19124,16.683
19125,7.7176495
19126,21.093832
19127,1.2121279
19128,5.7721853
19129,8.8137865
19130,3.2540562
19131,0.36666667
19132,5.0145235
19133,5.2579966
19134,3.7348983
19135,7.8032575
19136,9.600465
19137,10.0079
19138,3.6219356
19139,7.9402056
19140,6.5427456
19141,7.4505486
19142,3.0920424
19143,5.841859
19144,8.536008
19145,6.5746145
19146,8.5982
19147,8.8
19148,9.878976
19149,6.495016
19150,5.363584
19151,3.9148567
19152,3.6342545
19153,3.4539144
19154,15.425954
19155,10.644919
19156,8.197349
19157,7.2426577
19158,11.341263
19159,10.196716
19160,8.665294
19161,8.039221
19162,8.192317
19163,7.1753173
19164,8.853181
19165,9.35646
19166,8.009228
19167,8.393202
19168,9.636912
19169,15.66647
19170,28.944613
19171,1.4880736
19172,4.2727714
19173,9.588521
19174,8.616282
19175,27.72426
19176,7.227143
19177,7.881958
19178,9.130628
19179,5.975469
19180,30.097889
19181,0.42976537
19182,5.309605
19183,9.065374
19184,9.242138
19185,7.708153
19186,19.368465
19187,0.43821332
19188,5.7514033
19189,10.166916
19190,6.568623
19191,18.944506
19192,6.6944594
19193,16.201687
19194,8.952331
19195,16.658705
19196,8.937662
19197,7.7940454
19198,10.250696
19199,9.776091
19200,7.553076
19201,10.537618
19202,4.81317
19203,3.1802335
19204,7.6190476
19205,8.740886
19206,3.1663098
19207,5.9712496
19208,9.510398
19209,24.846203
19210,20.781689
19211,9.011191
19212,9.050894
19213,3.4931498
19214,3.9330723
19215,1.973327
19216,0.6080281
19217,5.414346
19218,8.339055
19219,0.74840385
19220,18.611681
19221,8.191388
19222,9.047111
19223,9.868669
19224,11.302321
19225,20.120405
19226,7.8756433
19227,9.35
19228,18.202444
19229,2.4042923
19230,3.5009627
19231,0.24637382
19232,10.372345
19233,6.816038
19234,8.726286
19235,7.8227987
19236,18.62778
19237,8.066667
19238,9.856367
19239,7.148521
19240,16.861996
19241,8.537354
19242,0.08122126
19243,8.604639
19244,1.4666667
19245,7.657663
19246,8.623679
19247,10.854442
19248,9.369152
19249,10.251992
19250,8.874298
19251,7.6344647
19252,8.710354
19253,5.208923
19254,9.124787
19255,2.6795948
19256,1.492127
19257,10.18687
19258,20.131208
19259,20.861523
19260,8.281375
19261,9.906879
19262,8.922379
19263,17.80369
19264,8.620527
19265,4.9553394
19266,3.1353238
19267,4.8906565
19268,4.5775585
19269,22.166756
19270,7.304406
19271,7.878374
19272,8.232633
19273,8.584752
19274,8.392438
19275,6.959479
19276,0.6317298
19277,7.2478538
19278,8.465884
19279,6.360715
19280,8.345405
19281,5.9191
19282,4.7064304
19283,3.6666667
19284,13.012338
19285,10.847347
19286,2.2164981
19287,6.6
19288,8.69
19289,13.094895
19290,7.444779
19291,4.3148203
19292,6.2105103
19293,8.122397
19294,8.756583
19295,8.97112
19296,8.782915
19297,0.710678
19298,7.639623
19299,7.870906
19300,9.246771
19301,3.0465767
19302,5.233892
19303,2.569485
19304,5.2445173
19305,3.4520066
19306,5.259593
19307,7.798552
19308,4.3584747
19309,44.980125
19310,4.5191846
19311,12.466666
19312,14.212488
19313,9.774493
19314,6.5170927
19315,24.490788
19316,7.7888656
19317,8.870562
19318,10.478076
19319,3.3833818
19320,0.020557879
19321,2.2202508
19322,9.366545
19323,8.433333
19324,17.781343
19325,6.7789946
19326,8.044274
19327,6.894788
19328,9.421611
19329,18.11939
19330,0.9166667
19331,19.04252
19332,18.561125
19333,8.518817
19334,1.1
19335,8.460506
19336,9.221221
19337,8.441296
19338,3.4762225
19339,3.4993813
19340,9.880686
19341,0.4723946
19342,7.5659046
19343,9.320817
19344,9.50188
19345,9.161617
19346,4.0086665
19347,4.087305
19348,0.8520523
19349,19.28754
19350,7.162268
19351,0.18333334
19352,8.465625
19353,7.6355233
19354,3.4130812
19355,5.088854
19356,18.76011
19357,8.468469
19358,10.308441
19359,8.706983
19360,8.201424
19361,8.084225
19362,9.177621
19363,9.226457
19364,4.475355
19365,4.157194
19366,7.2795715
19367,0.14756522
19368,11.637602
19369,19.731258
19370,7.4177103
19371,9.380952
19372,10.66912
19373,19.326052
19374,7.065574
19375,8.117477
19376,6.890321
19377,2.1783035
19378,10.104777
19379,9.7571535
19380,8.919397
19381,9.043511
19382,8.239516
19383,1.6383408
19384,7.2164135
19385,9.690755
19386,8.860375
19387,4.8033476
19388,13.84631
19389,8.809082
19390,31.011097
19391,6.8278403
19392,8.600958
19393,11.483542
19394,8.685319
19395,19.506075
19396,9.468987
19397,9.686242
19398,9.48696
19399,10.734686
19400,6.4674373
19401,16.133333
19402,2.626983
19403,1.0154405
19404,9.554982
19405,5.9452443
19406,8.983334
19407,8.043296
19408,7.5356965
19409,1.0755379
19410,3.5678544
19411,3.9117575
19412,10.708175
19413,8.05231
19414,4.1983533
19415,0.5362113
19416,13.873348
19417,8.353925
19418,5.6833334
19419,3.1899216
19420,9.820144
19421,6.4859076
19422,4.015406
19423,1.2025115
19424,4.305029
19425,9.357627
19426,8.65956
19427,30.030008
19428,0.73684037
19429,7.0255756
19430,8.931939
19431,4.8813415
19432,13.540643
19433,9.327452
19434,7.6653247
19435,8.649653
19436,14.938568
19437,2.7051213
19438,9.464542
19439,13.143054
19440,6.811659
19441,4.3387094
19442,4.167478
19443,6.3049808
19444,4.3981323
19445,16.133333
19446,11.613012
19447,7.38179
19448,16.80031
19449,10.793186
19450,11.14022
19451,8.764241
19452,0.36666667
19453,7.8954954
19454,4.737784
19455,14.666667
19456,10.9920435
19457,10.606028
19458,7.5606666
19459,1.6159377
19460,8.364287
19461,12.0572
19462,11.705533
19463,3.2755535
19464,0.6677787
19465,5.022804
19466,10.785336
19467,10.620142
19468,9.619474
19469,8.280484
19470,0.11054166
19471,19.897497
19472,7.094979
19473,7.8643966
19474,19.345604
19475,2.4470804
19476,0.17978352
19477,3.5530968
19478,17.120157
19479,3.5542495
19480,28.05
19481,11.110195
19482,7.0703664
19483,20.009726
19484,11.916667
19485,3.341254
19486,10.356726
19487,5.394904
19488,12.594995
19489,5.161009
19490,3.3808153
19491,7.617728
19492,19.023687
19493,8.071534
19494,3.2459657
19495,16.757092
19496,7.5505657
19497,2.2
19498,7.872511
19499,9.263715
19500,4.2442403
19501,12.427711
19502,8.642046
19503,7.732645
19504,9.922766
19505,9.397707
19506,11.157083
19507,8.86601
19508,10.743381
19509,7.052811
19510,5.0883536
19511,5.3166666
19512,8.422336
19513,3.6174538
19514,5.3678913
19515,11.490877
19516,7.3573203
19517,11.222251
19518,8.802126
19519,8.884145
19520,6.5854163
19521,8.536885
19522,0.2592484
19523,7.655883
19524,2.1980846
19525,4.754234
19526,1.676798
19527,9.388031
19528,3.4923081
19529,2.0358958
19530,0.026011469
19531,2.976513
19532,5.08604
19533,3.7790608
19534,9.46467
19535,8.098856
19536,2.75
19537,6.057716
19538,9.565393
19539,3.9937654
19540,15.125823
19541,9.222182
19542,8.352352
19543,8.065216
19544,2.4168966
19545,7.498693
19546,1.2833333
19547,17.095087
19548,9.162881
19549,8.141264
19550,9.375336
19551,2.702133
19552,3.6937406
19553,5.3166666
19554,0.5355676
19555,4.6622114
19556,8.3048115
19557,10.875179
19558,20.918703
19559,7.257731
19560,5.3166666
19561,2.555307
19562,2.343456
19563,13.224856
19564,2.4391413
19565,5.430285
19566,8.383067
19567,8.425943
19568,6.05
19569,41.93282
19570,3.100117
19571,7.694833
19572,8.437062
19573,2.1815062
19574,7.304646
19575,7.3043814
19576,6.692592
19577,1.5244561
19578,8.58817
19579,5.3610015
19580,0.9166667
19581,2.4570704
19582,18.692932
19583,1.2248117
19584,4.2701964
19585,9.5831175
19586,0.5101442
19587,8.519945
19588,4.2970815
19589,3.0267637
19590,7.423838
19591,8.705291
19592,11.28679
19593,19.933958
19594,0.36666667
19595,6.8009143
19596,0.23920536
19597,7.932194
19598,6.795049
19599,20.99704
19600,0.33900738
19601,2.4434087
19602,4.172246
19603,0.5519548
19604,18.79557
19605,7.2722445
19606,8.471416
19607,3.4833333
19608,5.319104
19609,2.75
19610,4.6876984
19611,11.993974
19612,0.77453464
19613,6.886253
19614,2.7734761
19615,16.989908
19616,6.9549007
19617,9.878184
19618,8.801248
19619,17.458874
19620,6.8438444
19621,3.668229
19622,4.069551
19623,11.279852
19624,5.7105618
19625,4.6132407
19626,9.378527
19627,3.932881
19628,4.8822002
19629,8.2822895
19630,19.771952
19631,8.544454
19632,9.278085
19633,8.591293
19634,8.274294
19635,18.933386
19636,8.44539
19637,3.8033888
19638,4.2781434
19639,8.385461
19640,7.656257
19641,1.1375031
19642,7.575647
19643,8.469144
19644,3.175092
19645,4.885848
19646,9.047931
19647,9.892201
19648,10.066945
19649,8.859722
19650,10.633421
19651,9.049748
19652,7.8983307
19653,1.4666667
19654,3.1915429
19655,5.196929
19656,8.580471
19657,11.916667
19658,5.7237635
19659,9.048288
19660,17.726168
19661,9.881154
19662,4.5833335
19663,5.027549
19664,6.0391436
19665,3.8840292
19666,13.857044
19667,8.492511
19668,11.026455
19669,7.7122474
19670,19.383657
19671,3.3790426
19672,4.8518114
19673,7.8205576
19674,0.8805117
19675,4.766667
19676,1.7942348
19677,8.558123
19678,7.4137044
19679,0.63215125
19680,0.23463564
19681,7.4531326
19682,9.507314
19683,10.391807
19684,18.195019
19685,19.95105
19686,7.556495
19687,3.7820902
19688,2.5796177
19689,5.0474334
19690,13.187264
19691,8.171162
19692,9.590125
19693,7.563091
19694,8.4742775
19695,3.1460216
19696,5.696973
19697,10.282882
19698,19.303019
19699,10.009172
19700,3.5321798
19701,13.8075905
19702,10.893154
19703,10.529002
19704,10.295907
19705,6.4166665
19706,2.0208442
19707,19.156404
19708,7.578985
19709,4.6496797
19710,3.9933121
19711,8.160051
19712,8.254218
19713,10.116038
19714,16.421
19715,8.616312
19716,3.4914567
19717,0.07713635
19718,3.371946
19719,9.105317
19720,6.089267
19721,2.528318
19722,18.676456
19723,7.177878
19724,9.086506
19725,3.7429497
19726,3.5303833
19727,9.72411
19728,9.477061
19729,8.616667
19730,9.400455
19731,7.6500497
19732,7.4730864
19733,3.2876968
19734,3.5756745
19735,1.5984298
19736,5.164687
19737,4.643814
19738,8.223638
19739,3.2852488
19740,3.4578166
19741,6.7853456
19742,8.728503
19743,7.686233
19744,8.020894
19745,7.1975627
19746,0.18333334
19747,8.454339
19748,10.06697
19749,8.327859
19750,8.818325
19751,2.1333857
19752,2.5374174
19753,3.794297
19754,5.0489264
19755,1.084868
19756,2.7601721
19757,5.235101
19758,0.26068684
19759,14.303517
19760,7.0545115
19761,3.4603515
19762,3.709197
19763,1.2021861
19764,4.6869044
19765,0.78285533
19766,3.248446
19767,4.5833335
19768,13.673395
19769,7.906883
19770,10.528826
19771,8.644262
19772,25.646606
19773,1.9181247
19774,1.2774864
19775,3.7201166
19776,9.783069
19777,20.81016
19778,18.76932
19779,7.472952
19780,5.822078
19781,3.1102023
19782,8.88079
19783,6.040295
19784,3.8270001
19785,0.9166667
19786,9.997996
19787,47.898666
19788,3.0403066
19789,1.8034139
19790,4.6356835
19791,3.2678924
19792,0.13701122
19793,14.85
19794,8.487853
19795,15.708606
19796,9.046993
19797,8.2091255
19798,12.304138
19799,3.850381
19800,5.1327147
19801,9.194279
19802,10.387191
19803,6.376886
19804,4.021669
19805,0.44797266
19806,18.245764
19807,10.454696
19808,1.1
19809,26.352034
19810,5.3446217
19811,10.654805
19812,8.982897
19813,9.994047
19814,8.083352
19815,0.45359936
19816,8.618754
19817,8.623035
19818,9.482176
19819,10.396602
19820,11.117807
19821,7.4406557
19822,1.5086097
19823,4.5343075
19824,3.851009
19825,9.83174
19826,10.534135
19827,9.230035
19828,10.726089
19829,10.087935
19830,8.292094
19831,3.567267
19832,5.1913495
19833,10.584991
19834,8.353725
19835,8.602644
19836,9.894954
19837,0.9166667
19838,20.614635
19839,7.9989524
19840,2.75
19841,38.18986
19842,4.426361
19843,32.681477
19844,28.71783
19845,9.749394
19846,27.589853
19847,2.7160335
19848,4.6407857
19849,10.599947
19850,8.694085
19851,0.37221906
19852,9.428971
19853,9.18653
19854,11.046362
19855,7.6781497
19856,2.7044213
19857,6.6399817
19858,19.74068
19859,3.3690376
19860,1.4344691
19861,9.918952
19862,8.523177
19863,8.6940365
19864,6.9490676
19865,0.7100263
19866,9.61226
19867,5.866667
19868,12.662921
19869,3.6468112
19870,39.473362
19871,5.843823
19872,9.272493
19873,4.6623793
19874,15.209698
19875,9.333761
19876,8.918486
19877,5.706224
19878,3.2809176
19879,11.189263
19880,2.5321398
19881,8.665658
19882,40.352856
19883,6.3726263
19884,10.07123
19885,29.29003
19886,8.143505
19887,11.365678
19888,14.949781
19889,4.011099
19890,11.035378
19891,8.720492
19892,8.902414
19893,10.461267
19894,8.294059
19895,9.340025
19896,8.978622
19897,1.65
19898,17.699602
19899,6.819335
19900,3.5362012
19901,5.739093
19902,10.080124
19903,7.751989
19904,9.852885
19905,8.245174
19906,18.371983
19907,7.960574
19908,4.2166667
19909,15.875937
19910,9.8125925
19911,3.400898
19912,5.718859
19913,19.387215
19914,2.6018376
19915,3.6666667
19916,9.287026
19917,7.8842707
19918,10.083333
19919,10.178493
19920,0.3177007
19921,4.2029376
19922,4.328298
19923,8.613507
19924,10.249129
19925,12.65
19926,4.878855
19927,0.39157864
19928,5.5390677
19929,4.524931
19930,28.771143
19931,18.601997
19932,0.55
19933,8.231752
19934,7.3635015
19935,7.222057
19936,7.6932425
19937,10.080703
19938,8.838454
19939,8.98962
19940,7.4273753
19941,15.622405
19942,2.8894823
19943,1.4666667
19944,4.591322
19945,4.6987376
19946,1.2833333
19947,0.36461285
19948,7.088072
19949,17.522884
19950,5.9522147
19951,11.691675
19952,9.534359
19953,5.7252965
19954,3.7046041
19955,9.543975
19956,17.084845
19957,1.0637841
19958,6.189981
19959,3.1796052
19960,5.118219
19961,1.7013077
19962,7.6352835
19963,18.945621
19964,7.43878
19965,1.65
19966,7.980457
19967,13.826743
19968,3.3321145
19969,0.75826645
19970,8.054296
19971,0.30533472
19972,8.998442
19973,8.706443
19974,18.08489
19975,9.010871
19976,10.038082
19977,7.023088
19978,8.8632345
19979,10.664685
19980,9.324646
19981,10.20817
19982,3.0471563
19983,5.29747
19984,9.582263
19985,5.3387485
19986,5.3974385
19987,8.91343
19988,8.290323
19989,6.0928197
19990,3.181783
19991,7.3100653
19992,9.091568
19993,3.7784262
19994,5.0227804
19995,9.819318
19996,7.510648
19997,7.9348392
19998,10.556244
19999,4.063042
20000,6.354427
20001,9.252667
20002,7.5651417
20003,9.032019
20004,11.833114
20005,7.8746963
20006,9.636942
20007,1.1
20008,7.829405
20009,3.4307714
20010,2.3002863
20011,3.1944754
20012,10.622691
20013,6.6077228
20014,1.7613492
20015,7.019289
20016,18.866047
20017,7.179342
20018,0.57290405
20019,4.22407
20020,4.0079594
20021,4.893025
20022,3.8966973
20023,1.0732572
20024,10.185868
20025,1.2833333
20026,27.418116
20027,4.508981
20028,7.9612813
20029,7.886943
20030,2.8362834
20031,1.65
20032,6.4779997
20033,4.305824
20034,4.903603
20035,18.132164
20036,8.20798
20037,3.651158
20038,4.5633717
20039,0.41568273
20040,9.956065
20041,1.4107386
20042,7.3604274
20043,18.447535
20044,7.4640903
20045,12.938587
20046,9.001486
20047,3.4833333
20048,27.054602
20049,6.9115243
20050,19.500948
20051,4.5940003
20052,9.070499
20053,18.305769
20054,8.465044
20055,18.238895
20056,6.1220407
20057,0.28362274
20058,5.9105406
20059,4.412206
20060,0.18333334
20061,7.601048
20062,3.0574567
20063,5.4761333
20064,8.719389
20065,2.595258
20066,4.50809
20067,20.143122
20068,6.710863
20069,0.45507747
20070,9.174952
20071,7.447227
20072,1.4017583
20073,7.6772857
20074,18.908968
20075,7.541625
20076,7.15
20077,16.766134
20078,9.268968
20079,13.051258
20080,9.03461
20081,7.124671
20082,33.66688
20083,8.046413
20084,8.134804
20085,1.9483453
20086,1.8636346
20087,5.0991297
20088,10.821559
20089,2.7739053
20090,2.4335864
20091,3.276348
20092,6.3622794
20093,3.6862452
20094,11.025809
20095,11.413051
20096,5.6533804
20097,10.013326
20098,8.405193
20099,0.59762
20100,6.5504155
20101,20.372183
20102,2.3833334
20103,7.4254513
20104,8.053239
20105,8.055035
20106,8.7474985
20107,8.93836
20108,10.44398
20109,1.3414623
20110,6.5899944
20111,12.577746
20112,2.6664422
20113,6.9235735
20114,0.019113222
20115,22.90648
20116,3.0373738
20117,4.802132
20118,3.151393
20119,7.404153
20120,3.8796265
20121,4.3965178
20122,8.134302
20123,8.499965
20124,8.102362
20125,6.2249575
20126,20.723225
20127,6.8058248
20128,11.916567
20129,7.2592254
20130,9.605168
20131,9.538666
20132,4.901123
20133,3.482127
20134,5.3007855
20135,3.4227846
20136,7.774115
20137,16.113745
20138,1.4602505
20139,5.125523
20140,2.4352791
20141,1.549117
20142,6.2482595
20143,9.026463
20144,7.1432757
20145,7.2391667
20146,8.018939
20147,21.192019
20148,5.329537
20149,17.707333
20150,6.87158
20151,7.7841997
20152,11.187607
20153,17.039055
20154,7.775235
20155,7.038751
20156,4.3079224
20157,8.684103
20158,8.893413
20159,11.0
20160,5.362019
20161,16.425163
20162,7.1240106
20163,8.060726
20164,3.8855326
20165,16.050476
20166,13.68244
20167,7.6579514
20168,3.6779401
20169,5.7307477
20170,9.844199
20171,16.885847
20172,5.438105
20173,0.9753466
20174,10.548671
20175,19.969301
20176,6.454348
20177,9.988619
20178,0.645423
20179,7.267642
20180,8.537596
20181,11.532133
20182,3.6666667
20183,4.928008
20184,9.590285
20185,9.852092
20186,10.889975
20187,10.523581
20188,8.010175
20189,9.0581875
20190,4.6273074
20191,1.3652883
20192,3.8409472
20193,5.1768703
20194,4.4910126
20195,3.246348
20196,5.7036734
20197,4.0183544
20198,4.962381
20199,11.719967
20200,20.652605
20201,7.994184
20202,1.2700161
20203,7.4739366
20204,9.997113
20205,9.535533
20206,9.929102
20207,11.391761
20208,6.821323
20209,0.0047054365
20210,0.63523394
20211,3.8909755
20212,5.5805287
20213,5.547699
20214,15.077639
20215,8.58706
20216,10.614221
20217,0.23059845
20218,8.560817
20219,22.8755
20220,3.5134704
20221,2.4493933
20222,5.9180655
20223,9.438983
20224,10.994912
20225,9.74582
20226,7.841698
20227,19.267126
20228,5.563878
20229,32.736027
20230,0.55
20231,5.677501
20232,11.129832
20233,5.186017
20234,9.377694
20235,3.8872561
20236,7.928896
20237,11.777765
20238,8.330671
20239,9.710074
20240,1.2833333
20241,7.4053755
20242,8.000962
20243,10.334873
20244,17.685802
20245,8.973767
20246,9.176778
20247,9.980376
20248,10.590934
20249,2.3968704
20250,7.650647
20251,7.5715375
20252,9.545119
20253,9.943327
20254,8.692566
20255,1.2766203
20256,8.891955
20257,7.4949427
20258,0.035683315
20259,5.64119
20260,41.371174
20261,7.889439
20262,3.636686
20263,6.181947
20264,7.463544
20265,7.4475527
20266,4.922566
20267,3.8987951
20268,8.808194
20269,7.274653
20270,8.346955
20271,9.667205
20272,1.976307
20273,10.346342
20274,20.574984
20275,9.092061
20276,9.677142
20277,20.801258
20278,14.155268
20279,3.2478015
20280,8.493693
20281,22.882158
20282,7.0390143
20283,8.158438
20284,10.197864
20285,2.3833334
20286,20.242725
20287,10.880687
20288,10.142694
20289,9.240611
20290,8.433851
20291,11.630924
20292,6.895988
20293,19.381002
20294,8.615143
20295,9.482463
20296,5.6833334
20297,12.739842
20298,2.0976624
20299,0.85719424
20300,6.949823
20301,9.29339
20302,5.6817145
20303,12.38269
20304,7.9937215
20305,8.111979
20306,15.98678
20307,3.2770715
20308,10.631887
20309,9.361371
20310,10.793233
20311,4.95
20312,5.2237754
20313,27.109861
20314,18.796309
20315,0.9166667
20316,16.405521
20317,8.088882
20318,9.784723
20319,18.392317
20320,7.799007
20321,8.429098
20322,7.8925295
20323,7.7213764
20324,11.616675
20325,3.7990181
20326,3.6428523
20327,0.30270424
20328,10.143256
20329,8.66968
20330,17.665707
20331,10.7981205
20332,9.935301
20333,5.058837
20334,15.511552
20335,7.228812
20336,8.837812
20337,0.3478845
20338,9.878398
20339,10.055399
20340,8.165734
20341,9.982395
20342,2.631688
20343,21.056978
20344,6.6424685
20345,8.012876
20346,6.139979
20347,4.614393
20348,8.72867
20349,10.55987
20350,7.497359
20351,3.62157
20352,7.1815114
20353,0.3958066
20354,0.36666667
20355,9.340476
20356,18.901512
20357,1.1408964
20358,6.1001935
20359,10.083333
20360,5.6220694
20361,8.961242
20362,6.1209917
20363,4.5789957
20364,7.1142273
20365,9.792861
20366,3.2171648
20367,16.835817
20368,27.145802
20369,4.950547
20370,10.153833
20371,8.169881
20372,11.0
20373,16.4075
20374,18.917084
20375,7.602883
20376,8.725555
20377,7.377139
20378,4.103129
20379,5.6636415
20380,8.223486
20381,9.510762
20382,3.6182883
20383,0.47626492
20384,0.4994869
20385,2.8493958
20386,5.331898
20387,3.9939005
20388,1.4666667
20389,5.416266
20390,2.1842477
20391,7.7533793
20392,8.387811
20393,5.4180937
20394,2.9059253
20395,9.213967
20396,8.931508
20397,8.831421
20398,8.643326
20399,7.782952
20400,8.143067
20401,8.036026
20402,7.573645
20403,7.1689453
20404,21.265913
20405,5.3494854
20406,2.0166667
20407,2.2317574
20408,4.10455
20409,8.25
20410,10.401091
20411,8.945697
20412,3.624455
20413,4.994416
20414,10.097622
20415,7.0143933
20416,2.5145926
20417,0.18538444
20418,6.673839
20419,10.53664
20420,7.2131634
20421,7.183004
20422,8.110007
20423,8.766492
20424,7.8733287
20425,10.797524
20426,9.346781
20427,10.152952
20428,7.705505
20429,18.24692
20430,7.751862
20431,18.434887
20432,8.385738
20433,15.343044
20434,3.6816683
20435,6.05
20436,31.429976
20437,7.971408
20438,22.440916
20439,9.045087
20440,7.3918896
20441,8.674939
20442,0.55
20443,9.325566
20444,10.524209
20445,8.449985
20446,11.749115
20447,9.561912
20448,18.030596
20449,9.028911
20450,8.737747
20451,7.222351
20452,8.795762
20453,17.61973
20454,17.703735
20455,9.62181
20456,4.9399858
20457,3.9050424
20458,10.607546
20459,11.267344
20460,0.18333334
20461,8.541719
20462,9.634114
20463,9.388678
20464,7.9494953
20465,9.63041
20466,9.420588
20467,9.926851
20468,17.23039
20469,7.0711923
20470,8.8162985
20471,3.7868733
20472,5.7040772
20473,9.563214
20474,1.8333334
20475,20.174934
20476,1.3664563
20477,8.602843
20478,10.317621
20479,4.4003415
20480,3.4243186
20481,14.301429
20482,19.031973
20483,9.4584875
20484,8.601961
20485,3.7869213
20486,4.5354614
20487,21.372803
20488,7.3903646
20489,11.351513
20490,2.28134
20491,7.465243
20492,9.46614
20493,6.572001
20494,29.958141
20495,8.339858
20496,18.367239
20497,6.4315634
20498,0.30945936
20499,2.6433706
20500,4.629644
20501,8.674685
20502,2.5666666
20503,6.715743
20504,8.825041
20505,8.475591
20506,9.737421
20507,2.5666666
20508,5.9341273
20509,7.004538
20510,2.514712
20511,1.1182704
20512,4.3316526
20513,4.1707444
20514,12.332653
20515,9.225338
20516,7.9763093
20517,8.527876
20518,9.84528
20519,13.793031
20520,3.2474997
20521,4.59323
20522,4.173089
20523,18.560528
20524,10.629138
20525,4.4391074
20526,10.993719
20527,7.65024
20528,10.852704
20529,8.453417
20530,8.895587
20531,7.513746
20532,0.01651303
20533,8.240002
20534,9.835553
20535,9.79325
20536,9.855762
20537,3.1166666
20538,3.67868
20539,2.4551313
20540,0.18333334
20541,39.045086
20542,6.5158844
20543,8.671466
20544,7.4159527
20545,7.700023
20546,9.055695
20547,3.8141332
20548,4.778075
20549,11.391519
20550,18.90731
20551,8.229892
20552,9.675187
20553,7.735014
20554,17.30486
20555,7.256247
20556,7.2329607
20557,8.801254
20558,9.121426
20559,5.7985153
20560,3.02558
20561,7.2055645
20562,8.400281
20563,22.75667
20564,7.1522727
20565,9.181777
20566,8.972733
20567,9.074449
20568,8.844694
20569,7.964143
20570,5.9708676
20571,3.6581275
20572,3.8256648
20573,4.7140527
20574,3.882424
20575,4.181957
20576,9.257412
20577,9.420395
20578,9.338903
20579,10.859132
20580,1.846791
20581,3.0916448
20582,10.271977
20583,7.4919057
20584,7.516667
20585,0.85580343
20586,10.227965
20587,2.0166667
20588,6.4422207
20589,9.338236
20590,8.259764
20591,3.4444733
20592,4.1610327
20593,9.956758
20594,10.475513
20595,6.587013
20596,10.81984
20597,10.740901
20598,3.6159678
20599,3.4551227
20600,8.545455
20601,0.62903565
20602,4.677534
20603,14.463155
20604,21.005816
20605,20.245384
20606,17.90577
20607,8.765817
20608,18.005642
20609,2.8165815
20610,4.5292296
20611,8.131736
20612,38.829876
20613,5.871972
20614,8.16516
20615,5.1317377
20616,0.18777847
20617,5.508057
20618,6.1583853
20619,5.0671263
20620,3.2189605
20621,9.205684
20622,8.433333
20623,10.633333
20624,7.1650896
20625,9.899455
20626,9.430131
20627,9.119572
20628,1.8333334
20629,6.2046213
20630,9.554465
20631,26.279518
20632,2.1038928
20633,0.5090554
20634,8.752362
20635,9.088166
20636,10.020432
20637,6.10644
20638,6.233333
20639,4.5274973
20640,9.414538
20641,6.9873977
20642,3.8881543
20643,9.061123
20644,5.3102007
20645,2.7212145
20646,10.703596
20647,20.061491
20648,6.528695
20649,3.70396
20650,6.370259
20651,10.9871235
20652,2.9333334
20653,17.168522
20654,7.784429
20655,3.4396012
20656,2.594518
20657,0.029118856
20658,5.676485
20659,15.022261
20660,9.223731
20661,8.617147
20662,1.3528111
20663,7.7525935
20664,10.325431
20665,8.7968855
20666,10.92113
20667,11.501632
20668,25.747663
20669,4.2490406
20670,3.0247447
20671,9.779316
20672,3.1676211
20673,4.05535
20674,9.207216
20675,10.008287
20676,4.2166667
20677,4.681238
20678,8.207027
20679,9.923196
20680,12.223593
20681,30.53116
20682,5.8905516
20683,11.323651
20684,4.5833335
20685,13.326406
20686,9.388686
20687,9.050997
20688,9.335828
20689,9.262457
20690,0.19164082
20691,7.935079
20692,19.381165
20693,5.5
20694,3.479139
20695,19.121025
20696,8.582244
20697,7.516667
20698,11.302647
20699,18.308622
20700,8.733321
20701,9.964976
20702,8.074943
20703,7.960254
20704,8.643748
20705,11.345028
20706,1.2833118
20707,20.00022
20708,1.4954091
20709,5.021215
20710,11.72061
20711,9.277415
20712,7.3004956
20713,8.45085
20714,9.443792
20715,3.2787797
20716,0.8708796
20717,14.556289
20718,7.4852376
20719,6.867385
20720,9.347416
20721,8.900985
20722,0.18333334
20723,7.875094
20724,1.8661499
20725,4.0021424
20726,2.9561124
20727,9.447306
20728,9.708311
20729,8.7448435
20730,10.864053
20731,10.452143
20732,5.386122
20733,4.483612
20734,9.147645
20735,9.749795
20736,3.5689282
20737,6.7831674
20738,9.551591
20739,9.50965
20740,8.744557
20741,7.685137
20742,11.03114
20743,2.519012
20744,3.833985
20745,0.5407571
20746,7.15
20747,13.347927
20748,0.2561489
20749,8.632383
20750,3.5480735
20751,3.7821054
20752,3.3
20753,7.0084176
20754,8.954962
20755,28.83892
20756,8.297634
20757,8.829387
20758,9.0745535
20759,8.840901
20760,2.5666666
20761,6.399607
20762,3.3
20763,6.954472
20764,9.229199
20765,8.278361
20766,10.296209
20767,9.412256
20768,8.1041155
20769,0.9595235
20770,8.604447
20771,9.568063
20772,10.21358
20773,7.5830607
20774,3.2399414
20775,13.912369
20776,9.899831
20777,7.883574
20778,8.445024
20779,8.881364
20780,8.729763
20781,4.572551
20782,3.2948413
20783,9.62738
20784,6.3961663
20785,8.81249
20786,18.916073
20787,11.619751
20788,4.3691163
20789,14.548627
20790,12.329825
20791,10.22319
20792,10.101818
20793,9.937057
20794,2.6333413
20795,5.810348
20796,8.199034
20797,7.64064
20798,8.093629
20799,6.233333
20800,2.538681
20801,9.642649
20802,9.724895
20803,0.9166667
20804,7.6959524
20805,3.6961167
20806,14.659882
20807,7.816808
20808,2.2725103
20809,17.958826
20810,7.4061074
20811,27.20642
20812,5.234401
20813,8.383737
20814,3.6666667
20815,4.067978
20816,1.9706569
20817,6.390635
20818,8.206749
20819,7.6718016
20820,19.383265
20821,7.743652
20822,1.1605737
20823,5.409487
20824,10.288112
20825,4.856364
20826,0.77753067
20827,10.614071
20828,7.077759
20829,9.83146
20830,8.407292
20831,3.3141456
20832,5.8305755
20833,2.1440663
20834,6.1141486
20835,4.347133
20836,3.2156951
20837,0.48338562
20838,20.501701
20839,6.300108
20840,15.812683
20841,8.871382
20842,3.463173
20843,17.009844
20844,1.5744128
20845,6.154553
20846,9.810329
20847,10.375802
20848,6.936543
20849,0.001766957
20850,0.12873544
20851,11.949438
20852,0.02230804
20853,9.629964
20854,9.952942
20855,2.4337134
20856,3.7417414
20857,3.1545563
20858,8.637023
20859,10.059659
20860,4.106013
20861,3.879468
20862,0.37264824
20863,13.403416
20864,3.0640442
20865,8.727694
20866,6.4631934
20867,9.201774
20868,9.294922
20869,10.666626
20870,8.250975
20871,5.6641183
20872,3.4599068
20873,4.616905
20874,4.3811483
20875,8.879321
20876,7.9076853
20877,12.69536
20878,9.458893
20879,9.855397
20880,3.4251053
20881,0.5469799
20882,19.5062
20883,4.2117357
20884,2.823997
20885,21.360647
20886,8.022548
20887,11.259096
20888,5.0343995
20889,4.346721
20890,2.381611
20891,10.54396
20892,10.205008
20893,8.962504
20894,7.8844075
20895,10.0317335
20896,3.8901727
20897,12.051226
20898,3.6666667
20899,5.4683924
20900,9.09652
20901,8.64939
20902,2.1507823
20903,6.967553
20904,7.9092193
20905,19.383448
20906,9.113806
20907,0.020345053
20908,3.9335732
20909,4.7106586
20910,20.367779
20911,7.9203906
20912,6.2287645
20913,7.557033
20914,9.40648
20915,9.114599
20916,8.892576
20917,4.584249
20918,3.3961856
20919,8.618023
20920,1.7011089
20921,12.271366
20922,7.8330517
20923,10.891931
20924,1.2065012
20925,1.1
20926,17.257803
20927,8.965969
20928,9.800507
20929,8.050712
20930,15.389408
20931,0.10924339
20932,3.087568
20933,3.7566895
20934,0.9166667
20935,16.298698
20936,3.5042365
20937,3.7501814
20938,20.250448
20939,7.4446282
20940,7.99404
20941,8.429464
20942,7.5674305
20943,8.262991
20944,10.982846
20945,8.131235
20946,11.4085045
20947,9.393628
20948,19.43024
20949,1.8316115
20950,3.8432922
20951,9.038647
20952,3.1374693
20953,5.3268204
20954,8.356905
20955,10.466544
20956,15.089026
20957,3.8254976
20958,4.5833335
20959,4.750944
20960,4.8889475
20961,4.4082956
20962,8.653371
20963,9.907548
20964,2.3092666
20965,6.2115355
20966,1.8333334
20967,8.071445
20968,8.518353
20969,17.02329
20970,4.5321555
20971,9.518442
20972,11.068067
20973,7.600848
20974,1.8501282
20975,7.086563
20976,8.1943445
20977,2.6699708
20978,3.5873806
20979,0.46322352
20980,0.9166667
20981,9.421452
20982,1.4859442
20983,6.5022717
20984,6.2324452
20985,0.7349174
20986,3.85
20987,2.962725
20988,8.610393
20989,9.613603
20990,14.34629
20991,3.056391
20992,10.519989
20993,1.1
20994,8.2808275
20995,3.644657
20996,4.281354
20997,8.533175
20998,19.495752
20999,28.1316
21000,4.856301
21001,8.971651
21002,10.082865
21003,4.178667
21004,2.9382706
21005,10.150272
21006,20.512484
21007,4.4
21008,1.7944099
21009,11.152744
21010,18.924442
21011,8.21646
21012,7.624706
21013,30.022242
21014,17.724316
21015,8.792019
21016,2.3093936
21017,5.797514
21018,8.240209
21019,8.1004305
21020,0.8118947
21021,4.4707775
21022,3.6592636
21023,8.700275
21024,9.327264
21025,11.165086
21026,7.2427826
21027,8.906659
21028,3.6326647
21029,0.73333335
21030,5.4189525
21031,9.80398
21032,9.93182
21033,18.223589
21034,13.206441
21035,3.797221
21036,20.282942
21037,6.582395
21038,8.619676
21039,0.7098278
21040,8.202608
21041,7.5973983
21042,9.215483
21043,7.736787
21044,10.455195
21045,4.889298
21046,12.9404545
21047,8.827663
21048,0.6715537
21049,8.6589575
21050,4.0333333
21051,5.4194365
21052,15.882874
21053,7.500815
21054,3.7430918
21055,15.299541
21056,8.094327
21057,7.4152703
21058,1.5750728
21059,7.20307
21060,11.1199465
21061,8.872296
21062,8.430346
21063,9.025543
21064,4.95
21065,4.6672587
21066,21.35156
21067,2.5998993
21068,4.467654
21069,1.6501508
21070,3.4833333
21071,18.152985
21072,8.040723
21073,9.903858
21074,28.199287
21075,3.9868672
21076,9.065017
21077,8.604399
21078,9.039799
21079,20.24581
21080,8.383807
21081,8.276366
21082,1.5012977
21083,8.388345
21084,10.195786
21085,10.34108
21086,9.469762
21087,41.31701
21088,0.081038475
21089,4.9844503
21090,10.334786
21091,9.704757
21092,9.464652
21093,12.333704
21094,22.407007
21095,13.566667
21096,4.7291675
21097,5.5937605
21098,13.628445
21099,7.661788
21100,10.372449
21101,6.841819
21102,9.74048
21103,5.2445097
21104,16.150385
21105,9.134094
21106,8.093738
21107,3.28869
21108,7.656186
21109,7.543874
21110,9.524131
21111,8.097404
21112,10.217222
21113,5.8968067
21114,1.7454147
21115,20.228954
21116,5.133333
21117,15.536826
21118,19.267101
21119,1.6035159
21120,5.2369204
21121,10.029848
21122,7.651991
21123,7.489499
21124,1.0786773
21125,1.0027407
21126,10.472534
21127,8.220999
21128,18.189955
21129,2.1283548
21130,36.06554
21131,5.9596386
21132,2.4152274
21133,4.799287
21134,9.821058
21135,2.2559166
21136,7.196466
21137,10.224152
21138,10.59974
21139,10.260169
21140,10.975418
21141,7.3725696
21142,18.368254
21143,7.088614
21144,9.103545
21145,10.033805
21146,19.538307
21147,7.447983
21148,8.730532
21149,9.032859
21150,0.045315426
21151,5.410195
21152,3.556522
21153,18.390291
21154,7.929452
21155,10.314551
21156,10.172628
21157,26.021414
21158,14.212171
21159,0.6785632
21160,7.7443295
21161,2.3833334
21162,6.9310346
21163,9.821494
21164,7.6160583
21165,5.01446
21166,5.5097184
21167,4.853693
21168,6.1346693
21169,8.116061
21170,7.8763404
21171,8.63928
21172,19.353384
21173,4.547294
21174,3.6800075
21175,7.78063
21176,9.59316
21177,10.354081
21178,11.198093
21179,7.3994627
21180,5.334576
21181,3.3372009
21182,8.447496
21183,1.454441
21184,7.6467757
21185,7.8748875
21186,8.603853
21187,4.4
21188,2.0865047
21189,10.268197
21190,8.201774
21191,9.259828
21192,8.438818
21193,9.010015
21194,7.2501016
21195,9.505304
21196,3.6219192
21197,4.931434
21198,8.888665
21199,10.832316
21200,17.22862
21201,6.8857207
21202,10.648723
21203,1.0047119
21204,11.366667
21205,4.762253
21206,9.468126
21207,6.5006895
21208,1.8637182
21209,8.863346
21210,6.7579985
21211,2.0951912
21212,9.431933
21213,7.9650016
21214,17.459997
21215,7.437738
21216,8.383107
21217,8.750512
21218,7.774107
21219,10.77265
21220,0.2952973
21221,2.8667617
21222,4.203192
21223,19.772831
21224,15.985003
21225,18.217365
21226,6.331476
21227,7.775307
21228,10.981171
21229,8.187468
21230,9.841275
21231,0.8951744
21232,19.318
21233,9.450208
21234,19.304413
21235,7.6613193
21236,11.50922
21237,11.253152
21238,15.253594
21239,2.1179993
21240,9.930594
21241,10.699622
21242,8.665395
21243,9.894887
21244,9.499351
21245,10.291577
21246,11.035658
21247,9.052307
21248,1.5516361
21249,7.697623
21250,8.270876
21251,8.512124
21252,11.312875
21253,6.890345
21254,11.695639
21255,19.875883
21256,5.769419
21257,20.702166
21258,0.2616326
21259,6.7342043
21260,6.1936464
21261,9.326991
21262,12.65
21263,10.774471
21264,9.398459
21265,8.813827
21266,18.830006
21267,8.282869
21268,8.421365
21269,6.6128173
21270,8.139078
21271,1.1641662
21272,4.971743
21273,7.92718
21274,11.208407
21275,5.3166666
21276,12.371903
21277,9.335453
21278,10.590316
21279,14.086407
21280,13.383333
21281,11.193229
21282,7.5257773
21283,9.776353
21284,2.0166667
21285,5.224132
21286,10.694637
21287,0.02685388
21288,4.932824
21289,4.0437465
21290,8.412107
21291,12.152108
21292,11.549189
21293,9.834719
21294,14.84444
21295,1.8558503
21296,6.1439285
21297,9.065247
21298,1.173218
21299,7.531277
21300,8.968149
21301,2.231645
21302,1.688854
21303,3.8928676
21304,9.353963
21305,7.0202594
21306,14.029002
21307,13.769038
21308,8.981449
21309,3.85
21310,4.2476892
21311,19.368044
21312,8.279552
21313,8.98904
21314,10.813333
21315,11.172629
21316,22.310884
21317,7.4596405
21318,0.019137064
21319,10.871078
21320,12.046099
21321,1.8187128
21322,6.8133435
21323,2.604564
21324,15.832171
21325,4.2166667
21326,3.5912986
21327,1.8333334
21328,16.454222
21329,8.501467
21330,17.678944
21331,7.789103
21332,6.5036225
21333,5.5
21334,11.009719
21335,6.9635153
21336,9.300812
21337,1.9345362
21338,4.329856
21339,8.750444
21340,7.3001475
21341,0.17186801
21342,9.729695
21343,3.3573384
21344,9.903656
21345,3.9808192
21346,7.230417
21347,8.892321
21348,4.4221554
21349,4.982472
21350,22.307394
21351,0.9166667
21352,4.5097117
21353,10.354592
21354,18.60026
21355,15.619167
21356,8.353353
21357,3.2806165
21358,1.3613936
21359,3.2574413
21360,0.7950464
21361,19.655529
21362,8.917985
21363,2.4510386
21364,3.7716231
21365,10.246078
21366,3.1166666
21367,5.7834706
21368,8.225211
21369,0.73333335
21370,9.079337
21371,6.233333
21372,12.342511
21373,14.501824
21374,16.160145
21375,0.92267215
21376,3.973762
21377,3.2432241
21378,9.051489
21379,7.7
21380,9.630591
21381,8.767081
21382,6.401825
21383,20.71045
21384,7.47258
21385,8.605266
21386,1.5415671
21387,6.057072
21388,9.540129
21389,7.955663
21390,7.382821
21391,0.96367186
21392,9.536221
21393,3.6666667
21394,6.430897
21395,3.4016287
21396,7.9211864
21397,9.890571
21398,9.560394
21399,9.26857
21400,3.3
21401,4.5519824
21402,6.665818
21403,3.2154958
21404,6.3476715
21405,0.99658394
21406,3.354699
21407,9.414618
21408,30.491272
21409,17.875242
21410,8.262969
21411,0.25432906
21412,0.23072208
21413,10.319569
21414,8.197887
21415,10.349957
21416,10.401129
21417,0.2652645
21418,8.420721
21419,7.8919344
21420,9.28972
21421,10.480245
21422,4.6831923
21423,1.236065
21424,21.907137
21425,17.610453
21426,2.063672
21427,4.8201957
21428,3.4833333
21429,6.51725
21430,14.483334
21431,17.444633
21432,7.516667
21433,10.763654
21434,8.649022
21435,22.140392
21436,9.174331
21437,17.625763
21438,6.323728
21439,0.2088944
21440,0.73333335
21441,10.743784
21442,6.867703
21443,19.794394
21444,15.95
21445,14.223862
21446,2.5008988
21447,11.574412
21448,7.62062
21449,5.3157887
21450,15.489313
21451,0.69455326
21452,6.8818502
21453,4.29039
21454,4.125912
21455,1.4317116
21456,10.703969
21457,0.0336806
21458,7.6350207
21459,10.136999
21460,10.3844
21461,7.8992605
21462,3.6413674
21463,5.654153
21464,3.66586
21465,5.476826
21466,8.822402
21467,3.4833333
21468,11.625092
21469,6.457973
21470,0.010085106
21471,10.576829
21472,7.0364246
21473,11.764645
21474,2.9333334
21475,5.517983
21476,10.500122
21477,8.130685
21478,3.0421412
21479,6.2282248
21480,9.227499
21481,10.35986
21482,11.329556
21483,9.930827
21484,8.514659
21485,6.723062
21486,5.2376037
21487,4.142284
21488,9.9956665
21489,8.183821
21490,8.678808
21491,11.124294
21492,22.413868
21493,3.0654671
21494,5.339949
21495,9.436251
21496,25.672619
21497,7.5297513
21498,9.049923
21499,0.39137208
21500,10.245378
21501,1.9102339
21502,5.7225475
21503,8.732248
21504,11.983054
21505,9.125478
21506,9.038188
21507,8.339874
21508,5.2912874
21509,8.643604
21510,0.40385717
21511,16.431421
21512,0.5563577
21513,6.8550825
21514,8.048583
21515,10.712703
21516,7.6248164
21517,2.2834935
21518,5.683439
21519,10.503017
21520,2.3340302
21521,3.2346094
21522,3.4722407
21523,11.331479
21524,10.40307
21525,10.438721
21526,0.4888138
21527,3.6559422
21528,5.913838
21529,5.133333
21530,35.73006
21531,0.44781366
21532,6.0927224
21533,3.5369155
21534,6.029956
21535,5.011304
21536,21.69676
21537,7.046446
21538,9.702659
21539,8.198031
21540,9.9348545
21541,1.4666667
21542,4.7781463
21543,2.0804806
21544,8.595546
21545,0.2845923
21546,10.857931
21547,4.8471293
21548,14.68595
21549,4.0333333
21550,14.486218
21551,4.988011
21552,2.7249496
21553,1.6756855
21554,7.6999273
21555,1.7487129
21556,7.944034
21557,10.464192
21558,8.913003
21559,1.7297508
21560,10.203807
21561,9.7571535
21562,10.013074
21563,3.4957576
21564,6.1808105
21565,9.234031
21566,0.51378417
21567,8.232855
21568,9.08502
21569,19.037174
21570,8.045308
21571,9.741412
21572,10.894698
21573,3.4573312
21574,5.1805654
21575,6.3591633
21576,2.920771
21577,6.267389
21578,9.111096
21579,8.877522
21580,18.322474
21581,2.2682748
21582,0.22707777
21583,0.11126994
21584,0.1578075
21585,3.0434308
21586,10.784984
21587,2.3833334
21588,6.9159026
21589,9.741313
21590,8.690405
21591,9.551
21592,8.954541
21593,1.6588211
21594,12.245068
21595,4.949259
21596,9.852973
21597,10.939401
21598,4.7418594
21599,4.8683248
21600,7.761812
21601,6.174905
21602,0.5807955
21603,6.6600637
21604,8.491825
21605,3.943269
21606,13.907618
21607,3.3256052
21608,15.128303
21609,8.505743
21610,8.634458
21611,8.4853115
21612,2.6438715
21613,4.1832447
21614,10.129602
21615,4.9528685
21616,3.523151
21617,11.0
21618,8.28991
21619,2.6425996
21620,2.2126513
21621,3.3698003
21622,0.33926967
21623,10.70706
21624,9.878748
21625,9.087525
21626,8.909695
21627,8.512442
21628,20.160547
21629,3.4223557
21630,4.511682
21631,9.801108
21632,1.0441384
21633,5.776533
21634,9.113773
21635,8.350612
21636,2.8108277
21637,3.8857458
21638,1.2045304
21639,0.36666667
21640,9.036756
21641,8.671498
21642,18.606058
21643,15.285022
21644,13.829629
21645,3.120621
21646,4.567146
21647,10.622216
21648,8.615423
21649,6.7707224
21650,0.90214413
21651,4.2432466
21652,3.8258705
21653,9.018367
21654,9.694766
21655,2.5666666
21656,15.4590845
21657,7.8289413
21658,11.546399
21659,10.048979
21660,9.031916
21661,1.9688926
21662,4.2908278
21663,22.63507
21664,6.9621015
21665,9.4331665
21666,9.394638
21667,6.295069
21668,4.0092154
21669,9.426325
21670,4.2166667
21671,4.8710337
21672,7.796057
21673,7.8978214
21674,10.503467
21675,17.220484
21676,6.7181907
21677,19.991024
21678,4.467337
21679,8.648807
21680,8.732495
21681,10.242868
21682,7.4879556
21683,18.089046
21684,7.168491
21685,4.508249
21686,22.694765
21687,7.883333
21688,19.63906
21689,8.421762
21690,9.880884
21691,8.693632
21692,8.55945
21693,4.613137
21694,14.232135
21695,7.7986093
21696,18.335344
21697,0.06182989
21698,7.094088
21699,1.349139
21700,4.4
21701,2.4106343
21702,8.982148
21703,7.884614
21704,7.516667
21705,8.212853
21706,32.704292
21707,19.592485
21708,9.571185
21709,10.062017
21710,8.834387
21711,7.0903068
21712,9.095597
21713,10.30079
21714,9.338291
21715,17.87971
21716,8.236591
21717,21.166235
21718,7.9039736
21719,4.7439737
21720,4.411753
21721,7.7401867
21722,18.942728
21723,6.2687073
21724,10.227362
21725,7.3234253
21726,7.9479523
21727,0.36666667
21728,6.976931
21729,9.898863
21730,2.8510573
21731,6.184483
21732,7.7418337
21733,8.513793
21734,3.724909
21735,2.5666666
21736,0.46249226
21737,10.967955
21738,8.848635
21739,14.018093
21740,7.0443473
21741,10.821375
21742,9.064088
21743,2.36578
21744,3.1000772
21745,15.165511
21746,12.057273
21747,15.3797
21748,6.4943156
21749,8.891805
21750,5.9285645
21751,9.142009
21752,10.823171
21753,6.3449855
21754,17.521233
21755,3.9368231
21756,4.7478995
21757,5.056954
21758,0.29971573
21759,4.2591176
21760,5.866667
21761,12.806445
21762,9.994015
21763,8.170352
21764,9.91734
21765,7.893341
21766,2.200905
21767,25.742903
21768,6.3844767
21769,11.035404
21770,3.4053407
21771,0.27302107
21772,4.2662377
21773,8.668209
21774,7.5228453
21775,19.060884
21776,4.4855447
21777,2.3833334
21778,16.693562
21779,8.306323
21780,3.4366925
21781,4.566098
21782,9.24821
21783,1.9303797
21784,7.7026057
21785,18.595877
21786,7.016905
21787,8.27229
21788,8.761544
21789,10.274355
21790,8.791019
21791,1.66378
21792,5.6945243
21793,2.513473
21794,6.9532633
21795,9.196108
21796,0.73333335
21797,8.828775
21798,4.2435656
21799,3.2128017
21800,9.80398
21801,8.077566
21802,16.701029
21803,2.1548269
21804,6.600229
21805,4.6036167
21806,12.256414
21807,3.710373
21808,4.1586165
21809,10.17448
21810,7.9204164
21811,4.766667
21812,23.659502
21813,8.338603
21814,8.744821
21815,8.149004
21816,8.412878
21817,15.204088
21818,10.97288
21819,7.19657
21820,3.7209036
21821,4.95
21822,4.6422653
21823,11.77001
21824,0.28972626
21825,20.847847
21826,9.171933
21827,3.4233248
21828,5.412563
21829,10.404087
21830,9.706203
21831,10.194485
21832,20.04471
21833,1.9684156
21834,5.1395497
21835,11.716763
21836,6.5656505
21837,4.536851
21838,9.801593
21839,9.026624
21840,9.877325
21841,9.468055
21842,10.662215
21843,9.572242
21844,18.430305
21845,2.1234038
21846,10.117594
21847,4.874238
21848,6.310599
21849,3.4867768
21850,8.884532
21851,9.044322
21852,7.9046807
21853,6.9666667
21854,11.056596
21855,9.646185
21856,2.8276443
21857,13.722173
21858,7.319625
21859,12.189413
21860,8.201305
21861,16.773447
21862,9.045087
21863,7.8288317
21864,9.064651
21865,10.604724
21866,4.4904313
21867,4.207111
21868,10.365749
21869,1.5442053
21870,7.6053233
21871,6.6690125
21872,1.1
21873,8.401496
21874,6.9942164
21875,4.444576
21876,4.807973
21877,8.776134
21878,9.888784
21879,10.815384
21880,10.961507
21881,21.312874
21882,2.5090065
21883,0.555563
21884,4.9642324
21885,11.390302
21886,15.285002
21887,18.405054
21888,8.145006
21889,0.34495988
21890,3.8490536
21891,4.3353634
21892,4.601201
21893,4.7539563
21894,10.389193
21895,8.866319
21896,11.338304
21897,3.4554489
21898,5.5401735
21899,10.532086
21900,21.97528
21901,1.5112958
21902,7.039047
21903,1.5644549
21904,4.0113773
21905,2.4355094
21906,8.5381975
21907,8.576885
21908,9.041168
21909,12.29485
21910,9.20434
21911,9.171087
21912,10.251666
21913,8.842183
21914,3.6666667
21915,5.32504
21916,9.06674
21917,10.397354
21918,1.8333334
21919,7.6923614
21920,3.0622878
21921,4.8125663
21922,1.9358082
21923,12.852718
21924,6.7472696
21925,11.018856
21926,5.971837
21927,4.1542525
21928,9.19955
21929,10.062765
21930,8.869562
21931,0.23774308
21932,1.1
21933,21.48952
21934,7.667645
21935,8.626708
21936,19.15038
21937,8.528933
21938,8.415301
21939,0.18398762
21940,8.174476
21941,0.96784437
21942,2.5666666
21943,5.3738523
21944,7.5043535
21945,4.061986
21946,9.50148
21947,0.9166667
21948,16.200138
21949,10.599287
21950,6.8155613
21951,9.919564
21952,8.626891
21953,9.208686
21954,10.963679
21955,1.3909895
21956,7.0057464
21957,11.690395
21958,7.207392
21959,9.337005
21960,19.823755
21961,8.0387745
21962,7.635371
21963,4.3909473
21964,4.6389747
21965,10.777838
21966,3.9877737
21967,2.8290508
21968,9.192031
21969,8.920843
21970,8.63336
21971,8.96407
21972,9.912451
21973,16.873894
21974,9.55638
21975,5.133333
21976,14.357082
21977,8.735505
21978,10.686439
21979,1.4666667
21980,6.334162
21981,9.217747
21982,13.853415
21983,2.6140213
21984,3.3183181
21985,4.0106454
21986,6.117685
21987,12.057678
21988,7.377482
21989,9.723352
21990,0.18333334
21991,14.551034
21992,8.373187
21993,8.371108
21994,18.968424
21995,7.886513
21996,19.374992
21997,7.227668
21998,10.209378
21999,0.73333335
22000,8.940562
22001,1.1
22002,28.073154
22003,5.917836
22004,21.7666
22005,3.9024756
22006,8.166401
22007,1.1188904
22008,11.211165
22009,9.033481
22010,10.544444
22011,1.2922285
22012,3.055358
22013,4.3292446
22014,5.3789697
22015,15.766666
22016,4.6177545
22017,3.4578166
22018,6.4841843
22019,5.559357
22020,2.6039526
22021,10.958091
22022,9.716512
22023,9.727661
22024,13.566667
22025,4.098877
22026,9.439388
22027,10.232345
22028,9.638785
22029,8.522378
22030,5.133333
22031,13.946957
22032,2.5666666
22033,6.616036
22034,8.68202
22035,8.021951
22036,18.936625
22037,8.906286
22038,10.137449
22039,6.304376
22040,12.66663
22041,8.67634
22042,9.553799
22043,10.256132
22044,8.203642
22045,7.4667993
22046,8.22742
22047,8.890216
22048,0.57036096
22049,8.6968975
22050,8.578356
22051,8.406218
22052,8.680043
22053,10.470693
22054,6.678169
22055,9.405184
22056,7.446273
22057,5.1654344
22058,4.4247622
22059,4.386004
22060,3.4190571
22061,17.689104
22062,9.768107
22063,2.2865608
22064,5.50917
22065,0.07499855
22066,7.830675
22067,6.499291
22068,5.0646853
22069,8.035383
22070,6.2604656
22071,8.607157
22072,8.006184
22073,8.8
22074,11.530932
22075,2.75
22076,5.904882
22077,7.4425373
22078,9.111922
22079,12.159468
22080,4.7684917
22081,7.644566
22082,9.31155
22083,9.098062
22084,9.653019
22085,8.847652
22086,8.693974
22087,9.572951
22088,9.338354
22089,6.5260262
22090,4.7524214
22091,0.0021537144
22092,4.782144
22093,9.144265
22094,10.546717
22095,10.867906
22096,3.6812227
22097,0.9166667
22098,13.497512
22099,7.829785
22100,3.4694912
22101,4.112243
22102,8.141805
22103,20.17672
22104,7.6710925
22105,7.802717
22106,3.2764356
22107,3.0364754
22108,9.0947
22109,10.154089
22110,6.256024
22111,10.596768
22112,9.639217
22113,5.3533163
22114,3.8398428
22115,5.133333
22116,4.471573
22117,5.326064
22118,3.5074706
22119,1.1
22120,0.21495911
22121,7.46983
22122,8.631174
22123,9.715869
22124,8.624148
22125,8.966105
22126,12.855465
22127,10.362594
22128,11.423143
22129,7.962441
22130,7.337182
22131,1.9230046
22132,12.731981
22133,1.65
22134,2.0827615
22135,9.898686
22136,0.55
22137,7.4135385
22138,9.594456
22139,10.1048155
22140,9.457914
22141,19.501139
22142,8.725413
22143,12.170561
22144,0.23653509
22145,3.4712949
22146,3.5020986
22147,7.9745607
22148,17.602564
22149,8.829331
22150,7.527962
22151,4.220907
22152,4.764302
22153,13.606051
22154,4.5474524
22155,18.500666
22156,8.516979
22157,8.804449
22158,4.2166667
22159,4.4992766
22160,17.883787
22161,8.574107
22162,0.36666667
22163,10.152858
22164,5.969597
22165,11.956271
22166,9.463271
22167,7.8149095
22168,8.7488575
22169,2.9970326
22170,4.128385
22171,9.199644
22172,7.9831758
22173,17.542994
22174,7.4208803
22175,0.16990502
22176,5.8302555
22177,2.8536642
22178,2.2921567
22179,4.0929313
22180,1.220266
22181,8.48953
22182,7.565912
22183,10.032989
22184,20.911722
22185,0.16784668
22186,7.585423
22187,1.9743208
22188,16.14369
22189,6.824271
22190,3.3
22191,6.719153
22192,7.178951
22193,7.4579
22194,21.460428
22195,2.235428
22196,1.2568634
22197,4.926022
22198,3.3109028
22199,9.898408
22200,4.585567
22201,4.4626956
22202,7.008012
22203,15.388934
22204,4.7304473
22205,2.124627
22206,38.088154
22207,5.0765758
22208,17.814571
22209,2.913253
22210,4.1933618
22211,7.075127
22212,8.28665
22213,9.608612
22214,20.180693
22215,8.937384
22216,8.537801
22217,8.810742
22218,10.114496
22219,18.971962
22220,7.313951
22221,8.112717
22222,8.889467
22223,6.474806
22224,10.449197
22225,3.4833333
22226,5.0820036
22227,7.293581
22228,7.3437934
22229,9.448569
22230,8.44373
22231,23.328886
22232,8.693498
22233,16.907862
22234,2.4183838
22235,13.20108
22236,8.624713
22237,9.538453
22238,5.240623
22239,3.5307486
22240,7.15
22241,1.7993608
22242,2.5666666
22243,9.35
22244,21.562761
22245,7.6876884
22246,8.040079
22247,9.738508
22248,5.7226815
22249,3.472678
22250,8.2176695
22251,10.159255
22252,19.29621
22253,12.833333
22254,2.567331
22255,14.13679
22256,3.5896225
22257,10.927702
22258,9.831811
22259,9.535566
22260,22.077423
22261,7.8427224
22262,12.411754
22263,2.9333334
22264,11.732514
22265,14.179295
22266,19.516293
22267,6.3707995
22268,21.746733
22269,6.829453
22270,10.568776
22271,6.000772
22272,3.5848777
22273,8.032036
22274,9.262571
22275,8.224845
22276,7.785932
22277,11.234347
22278,0.6142298
22279,3.3087652
22280,3.7815487
22281,5.3344502
22282,4.766667
22283,0.47287145
22284,11.381539
22285,8.064254
22286,21.207094
22287,15.622656
22288,6.7071524
22289,10.636941
22290,11.508258
22291,9.992854
22292,9.783362
22293,8.918882
22294,3.1801221
22295,6.0994945
22296,5.9448013
22297,4.325597
22298,7.607959
22299,41.292377
22300,5.5043216
22301,0.6066493
22302,0.046021666
22303,7.996393
22304,7.158923
22305,8.807237
22306,3.4305494
22307,15.152488
22308,7.8581805
22309,20.009533
22310,9.430813
22311,11.3306055
22312,6.1388173
22313,9.874233
22314,7.730387
22315,1.2833333
22316,8.169023
22317,6.361899
22318,10.809414
22319,10.204267
22320,10.516698
22321,8.696818
22322,0.4119403
22323,10.1112585
22324,8.593203
22325,12.019794
22326,9.587565
22327,16.977556
22328,2.406399
22329,0.5265316
22330,17.890636
22331,17.530848
22332,5.24764
22333,4.5527067
22334,1.65
22335,8.25448
22336,11.070109
22337,8.35449
22338,19.691841
22339,7.010619
22340,1.3705885
22341,4.839038
22342,3.5113652
22343,9.016213
22344,9.754832
22345,9.088993
22346,8.332627
22347,3.0837698
22348,4.809396
22349,2.957646
22350,1.8021743
22351,12.74434
22352,17.222261
22353,4.95
22354,14.26591
22355,2.7125676
22356,15.412387
22357,9.612418
22358,19.271923
22359,9.777292
22360,2.3833334
22361,5.7246766
22362,8.703892
22363,7.44698
22364,9.776005
22365,8.407188
22366,11.063378
22367,10.35308
22368,8.670316
22369,8.739019
22370,11.138839
22371,2.6055892
22372,5.235712
22373,2.9167178
22374,17.163435
22375,9.133665
22376,8.131839
22377,8.268595
22378,6.05
22379,15.392241
22380,6.531762
22381,2.0166667
22382,7.015555
22383,0.7755596
22384,8.341511
22385,9.712552
22386,8.748309
22387,19.883966
22388,18.130636
22389,10.336659
22390,18.335043
22391,8.033649
22392,5.5812836
22393,4.4390125
22394,9.989771
22395,6.5661345
22396,8.793268
22397,9.419291
22398,12.677782
22399,19.1014
22400,9.050051
22401,10.004647
22402,5.600429
22403,2.2
22404,40.05529
22405,6.4871955
22406,10.41933
22407,9.756747
22408,5.9045954
22409,3.7354312
22410,5.4572988
22411,4.419447
22412,2.580253
22413,6.6395364
22414,4.617278
22415,3.79618
22416,9.318955
22417,7.7737255
22418,7.618117
22419,0.93964756
22420,12.065038
22421,8.597747
22422,0.69448966
22423,7.7598906
22424,0.9166667
22425,7.938815
22426,1.1
22427,17.023975
22428,9.326204
22429,9.367013
22430,29.571999
22431,7.261739
22432,15.826339
22433,15.915935
22434,18.465431
22435,6.240027
22436,8.363534
22437,9.222148
22438,8.135273
22439,0.73333335
22440,6.4105663
22441,9.529171
22442,9.613864
22443,9.118605
22444,8.954065
22445,3.8236618
22446,13.847565
22447,8.845551
22448,9.000063
22449,9.275628
22450,7.936842
22451,18.974348
22452,8.073775
22453,3.280942
22454,5.226979
22455,5.4624567
22456,2.8856757
22457,0.5019665
22458,18.960674
22459,2.434691
22460,5.3449707
22461,7.695937
22462,28.456331
22463,2.6512384
22464,4.950492
22465,7.644861
22466,11.489606
22467,8.989111
22468,28.704615
22469,8.156618
22470,9.514014
22471,7.793158
22472,9.861422
22473,7.3093166
22474,10.342631
22475,5.283817
22476,4.3300314
22477,4.9418125
22478,5.631151
22479,0.35355097
22480,8.501387
22481,8.345842
22482,8.96589
22483,10.357824
22484,10.93928
22485,9.569432
22486,3.6347146
22487,4.188951
22488,9.741412
22489,7.9657397
22490,9.377392
22491,17.592415
22492,7.579065
22493,6.2141185
22494,16.429113
22495,1.2833333
22496,5.773576
22497,0.36666667
22498,6.599625
22499,2.6059952
22500,4.5722566
22501,11.304991
22502,5.6687284
22503,4.2166667
22504,5.712605
22505,8.141519
22506,1.4666667
22507,5.771113
22508,3.4202342
22509,7.910093
22510,3.7950754
22511,2.5666666
22512,6.7395062
22513,8.146628
22514,11.847624
22515,18.064363
22516,8.473468
22517,9.402832
22518,7.7551603
22519,11.399111
22520,11.575684
22521,7.568884
22522,3.3320267
22523,3.682144
22524,1.4018376
22525,11.5865135
22526,9.918834
22527,6.6
22528,17.287191
22529,2.5519373
22530,17.29111
22531,5.665214
22532,2.6375773
22533,12.600861
22534,1.7055831
22535,6.901765
22536,9.333436
22537,4.6369395
22538,6.9666667
22539,17.010983
22540,9.1281
22541,12.1
22542,12.297466
22543,3.5672035
22544,4.9805
22545,5.985927
22546,12.405252
22547,0.73333335
22548,3.2885387
22549,4.2166667
22550,3.9614599
22551,7.373557
22552,6.732289
22553,1.3427498
22554,4.68657
22555,4.3429856
22556,9.180221
22557,20.06759
22558,1.2634913
22559,0.00030199683
22560,2.0166667
22561,16.394966
22562,21.209375
22563,9.966779
22564,8.172488
22565,7.378522
22566,7.945913
22567,10.734528
22568,3.1637106
22569,2.0811877
22570,3.4772077
22571,7.246033
22572,8.711299
22573,8.778278
22574,10.3045
22575,18.55465
22576,6.1982083
22577,6.723921
22578,3.7620308
22579,12.739681
22580,8.360338
22581,10.083333
22582,9.193827
22583,8.853714
22584,8.17981
22585,1.5266819
22586,6.500182
22587,2.9732711
22588,6.4025717
22589,7.3648853
22590,8.574786
22591,7.7977824
22592,2.4056668
22593,4.507756
22594,10.747711
22595,4.8112955
22596,3.6572459
22597,7.295052
22598,7.0935564
22599,9.107066
22600,7.3465195
22601,10.848482
22602,7.231673
22603,11.508251
22604,3.854489
22605,9.310414
22606,9.144108
22607,8.150744
22608,1.4666667
22609,6.073197
22610,8.919173
22611,10.868892
22612,6.522146
22613,6.6720967
22614,2.9802327
22615,0.8121898
22616,3.0321746
22617,0.23354687
22618,8.032751
22619,8.291848
22620,4.908792
22621,6.061848
22622,2.1577117
22623,2.3718119
22624,3.958003
22625,8.033554
22626,8.801834
22627,9.17325
22628,7.9442973
22629,3.4745371
22630,3.7924685
22631,1.0789632
22632,9.347493
22633,9.25212
22634,16.712706
22635,8.332746
22636,9.3589945
22637,3.5035374
22638,4.4259624
22639,1.1
22640,10.487944
22641,20.654957
22642,7.6290607
22643,9.028476
22644,9.869459
22645,2.8439443
22646,4.4594607
22647,20.394651
22648,1.7705519
22649,17.488398
22650,8.265758
22651,4.4
22652,28.983467
22653,6.3061075
22654,1.8333334
22655,7.3670144
22656,9.809321
22657,8.717188
22658,8.7526
22659,4.881009
22660,10.684445
22661,16.097754
22662,7.858427
22663,7.15
22664,18.904482
22665,6.4239106
22666,3.7783623
22667,6.6
22668,8.770443
22669,8.878557
22670,9.548417
22671,20.393246
22672,7.912771
22673,11.842832
22674,14.432621
22675,4.456076
22676,11.454026
22677,10.049677
22678,9.593288
22679,9.398824
22680,8.757798
22681,0.39976442
22682,10.313583
22683,9.192521
22684,6.912208
22685,10.45
22686,18.59022
22687,9.251801
22688,9.61524
22689,6.744457
22690,0.55
22691,7.228812
22692,10.310961
22693,8.30605
22694,8.819668
22695,1.6270639
22696,8.606115
22697,9.754312
22698,9.23372
22699,10.237876
22700,20.221594
22701,5.5742025
22702,20.115831
22703,35.644966
22704,1.6934075
22705,17.484253
22706,2.4631574
22707,2.5968785
22708,12.466666
22709,13.566667
22710,2.2810063
22711,8.919431
22712,19.178629
22713,4.5706916
22714,2.93212
22715,4.496693
22716,4.8784094
22717,9.527731
22718,8.853959
22719,0.013971328
22720,8.2184
22721,9.561873
22722,7.963769
22723,10.048009
22724,10.809915
22725,1.8461707
22726,5.880532
22727,7.263629
22728,2.2644281
22729,2.3833334
22730,5.6087112
22731,9.386826
22732,10.585723
22733,8.661176
22734,1.0007858
22735,9.282095
22736,8.904283
22737,8.206941
22738,7.3018003
22739,9.196743
22740,8.908399
22741,1.3032357
22742,8.2418995
22743,8.908646
22744,8.468253
22745,2.1879117
22746,4.656275
22747,3.3128815
22748,20.463573
22749,11.006451
22750,0.39927956
22751,7.8255486
22752,20.236439
22753,8.18046
22754,6.6128583
22755,11.606924
22756,8.21341
22757,2.5103018
22758,0.23273626
22759,28.733366
22760,19.28842
22761,4.9042225
22762,4.0730796
22763,3.6666667
22764,11.056384
22765,3.2073736
22766,10.493241
22767,4.440546
22768,24.34906
22769,7.618365
22770,6.420183
22771,2.912052
22772,0.24330615
22773,3.804183
22774,3.937316
22775,23.080305
22776,9.139371
22777,8.357524
22778,19.009678
22779,7.755502
22780,19.721733
22781,7.549874
22782,8.639193
22783,2.711964
22784,6.5959935
22785,1.5726883
22786,7.547926
22787,8.915696
22788,11.362585
22789,7.729308
22790,8.811015
22791,11.028162
22792,2.1157424
22793,6.7021933
22794,9.655062
22795,3.3
22796,6.4008636
22797,10.305347
22798,1.4138855
22799,1.8632169
22800,5.360835
22801,0.91881764
22802,7.496286
22803,3.373432
22804,7.8351417
22805,8.511011
22806,1.0228634
22807,2.6105402
22808,4.154095
22809,7.7164416
22810,4.0587344
22811,4.2197785
22812,4.085724
22813,4.9025064
22814,3.6666667
22815,6.707955
22816,8.2399845
22817,6.233333
22818,10.407115
22819,7.7965503
22820,9.916815
22821,5.3166666
22822,2.932978
22823,9.121442
22824,8.703304
22825,7.8098063
22826,8.581439
22827,9.724711
22828,10.797191
22829,9.733232
22830,2.1037414
22831,4.2166667
22832,2.777123
22833,10.301774
22834,6.9666667
22835,1.1965989
22836,12.048142
22837,3.1626465
22838,0.9025177
22839,3.8751442
22840,4.4878488
22841,0.4272461
22842,14.20719
22843,9.878937
22844,9.441726
22845,0.6376583
22846,9.127362
22847,2.938803
22848,6.161784
22849,11.582685
22850,3.8708212
22851,5.357965
22852,4.4
22853,2.9846349
22854,29.513374
22855,6.336912
22856,10.349265
22857,4.5954223
22858,24.443607
22859,3.6698422
22860,3.8717508
22861,9.700411
22862,0.75987977
22863,7.498702
22864,16.887918
22865,0.603501
22866,7.530554
22867,7.925424
22868,7.9627104
22869,8.697486
22870,7.9614887
22871,10.065293
22872,8.15343
22873,17.565096
22874,7.544772
22875,3.1766503
22876,6.3512177
22877,10.309283
22878,9.213838
22879,7.8577113
22880,2.2
22881,6.216265
22882,9.494996
22883,8.952922
22884,7.500489
22885,2.2993884
22886,7.7320724
22887,3.9365451
22888,4.808474
22889,4.177269
22890,6.029693
22891,7.3816376
22892,19.409786
22893,7.537333
22894,4.219199
22895,3.7532332
22896,4.1188793
22897,2.6482265
22898,28.503809
22899,6.0307903
22900,8.616667
22901,0.07856687
22902,11.92523
22903,3.5452287
22904,4.4784946
22905,6.218013
22906,4.9462566
22907,9.845034
22908,7.763823
22909,14.816164
22910,7.237697
22911,28.622004
22912,6.5385737
22913,19.286753
22914,9.077716
22915,11.960465
22916,8.3529005
22917,15.181611
22918,2.1418335
22919,1.0812283
22920,12.118332
22921,18.207663
22922,1.8406866
22923,4.0292273
22924,5.1533933
22925,4.290421
22926,2.3434722
22927,3.3617096
22928,2.4754212
22929,9.275651
22930,4.9144826
22931,4.2101226
22932,8.03159
22933,17.197746
22934,7.399765
22935,8.581368
22936,7.336465
22937,6.8262014
22938,9.367269
22939,7.795588
22940,6.6309376
22941,2.2886674
22942,4.6132097
22943,4.5273223
22944,8.024034
22945,9.765077
22946,3.8322923
22947,4.1549997
22948,8.530584
22949,10.78024
22950,12.531909
22951,7.4798656
22952,2.5777733
22953,7.8072634
22954,10.230932
22955,0.71803737
22956,10.185789
22957,8.416358
22958,21.580126
22959,10.125882
22960,8.5031185
22961,8.210532
22962,8.5827675
22963,9.192115
22964,22.01434
22965,17.358486
22966,9.338535
22967,9.454299
22968,3.9042232
22969,6.259027
22970,8.587345
22971,3.9120674
22972,4.16112
22973,9.53787
22974,8.899579
22975,8.586836
22976,9.4012575
22977,3.7894325
22978,3.1198103
22979,0.17557938
22980,10.939154
22981,10.069417
22982,8.858075
22983,2.5666666
22984,6.2934804
22985,10.065644
22986,10.886328
22987,10.870258
22988,11.067509
22989,6.3033338
22990,5.3083653
22991,4.854242
22992,3.6409385
22993,2.9191651
22994,0.79770094
22995,3.3799567
22996,3.9908495
22997,2.3843284
22998,13.933333
22999,7.5139203
23000,8.940745
23001,3.9319596
23002,5.06811
23003,3.5369718
23004,5.503352
23005,9.426054
23006,7.351303
23007,5.602026
23008,3.722763
23009,9.556569
23010,2.1807275
23011,7.0042853
23012,9.808915
23013,7.861534
23014,9.2049265
23015,7.7904387
23016,9.647513
23017,2.739366
23018,4.564047
23019,6.233333
23020,18.305319
23021,1.8333334
23022,8.823349
23023,0.7250309
23024,3.7653918
23025,9.391937
23026,3.3873723
23027,3.8358612
23028,6.242332
23029,8.394663
23030,7.7903676
23031,8.317456
23032,6.867273
23033,0.36946136
23034,6.9433126
23035,4.677121
23036,4.0619373
23037,1.0949214
23038,9.046993
23039,3.6666667
23040,4.372192
23041,11.120454
23042,21.77664
23043,10.816667
23044,3.721237
23045,10.121539
23046,6.201148
23047,19.069914
23048,7.3816204
23049,7.801597
23050,6.5029874
23051,3.1166666
23052,13.933333
23053,0.8528947
23054,27.196236
23055,18.465443
23056,6.8071055
23057,4.8227777
23058,23.177893
23059,6.438383
23060,18.666546
23061,4.5833335
23062,12.94693
23063,10.318917
23064,9.570018
23065,2.8745494
23066,6.08573
23067,1.213503
23068,8.50865
23069,18.043741
23070,3.3575618
23071,3.6866744
23072,8.119274
23073,9.35
23074,9.7479105
23075,21.16937
23076,7.807198
23077,0.01695156
23078,5.348897
23079,4.460788
23080,10.628351
23081,6.617619
23082,18.617306
23083,9.146802
23084,8.498136
23085,8.735418
23086,9.262919
23087,3.357156
23088,12.922868
23089,6.7988324
23090,20.074175
23091,0.39114952
23092,6.6
23093,5.133333
23094,6.1426005
23095,34.706905
23096,4.776128
23097,9.586255
23098,11.357332
23099,3.4755158
23100,6.1231294
23101,0.45340067
23102,5.186574
23103,4.9957438
23104,9.149703
23105,25.646233
23106,3.369522
23107,5.2955866
23108,5.1259837
23109,8.691732
23110,8.009686
23111,10.992916
23112,3.5791318
23113,15.470736
23114,8.097831
23115,7.15
23116,24.955595
23117,5.058901
23118,13.234916
23119,3.3
23120,22.82071
23121,4.766667
23122,28.157381
23123,7.8799815
23124,18.390772
23125,4.6960754
23126,0.07239978
23127,3.9725387
23128,10.55308
23129,13.725561
23130,10.887486
23131,10.333863
23132,8.42073
23133,9.160623
23134,7.9485826
23135,9.485919
23136,3.415759
23137,4.9246235
23138,25.429789
23139,7.3799367
23140,12.024935
23141,1.7833313
23142,8.10825
23143,8.622202
23144,14.823693
23145,2.4893923
23146,5.436969
23147,13.288838
23148,8.984057
23149,10.427181
23150,12.857479
23151,7.50107
23152,10.385046
23153,5.995242
23154,4.569299
23155,2.2514985
23156,8.236552
23157,23.591553
23158,1.3937237
23159,4.452729
23160,11.416984
23161,4.3330593
23162,3.4676397
23163,8.21515
23164,8.168738
23165,1.1
23166,8.661881
23167,2.992893
23168,4.862245
23169,9.942699
23170,3.078993
23171,11.534888
23172,3.2061415
23173,16.613827
23174,7.071257
23175,5.866667
23176,4.280114
23177,9.501201
23178,9.268888
23179,1.1881669
23180,0.6416572
23181,5.5886254
23182,8.911937
23183,7.0230174
23184,7.5083575
23185,6.476277
23186,7.2393584
23187,3.7042062
23188,4.4425726
23189,16.202578
23190,2.9010534
23191,10.197593
23192,8.376662
23193,6.233333
23194,43.951797
23195,1.8704257
23196,18.989021
23197,7.3394156
23198,17.520252
23199,8.6840315
23200,3.7524703
23201,3.8638988
23202,2.9333334
23203,7.6579394
23204,0.10525386
23205,10.01296
23206,5.133333
23207,2.8905869
23208,10.520227
23209,1.0677259
23210,3.9170904
23211,10.041175
23212,2.8764887
23213,10.833948
23214,11.0552225
23215,10.191774
23216,9.49622
23217,8.72345
23218,9.811387
23219,10.457157
23220,7.9266458
23221,11.186426
23222,0.10615986
23223,4.555044
23224,4.166015
23225,0.8479994
23226,9.704383
23227,29.923779
23228,10.399611
23229,6.182314
23230,6.5912485
23231,1.8092792
23232,2.9333334
23233,6.0229297
23234,3.0764976
23235,6.8164425
23236,9.069222
23237,8.63692
23238,7.773574
23239,22.35505
23240,2.9333334
23241,14.435949
23242,9.686319
23243,8.006614
23244,6.7091155
23245,3.808253
23246,5.8351836
23247,10.146434
23248,8.432977
23249,0.55
23250,8.782731
23251,6.677525
23252,7.5475535
23253,4.509393
23254,0.9405527
23255,3.9371977
23256,6.739203
23257,8.923548
23258,4.3260098
23259,4.6911244
23260,2.5666666
23261,31.696522
23262,4.454646
23263,1.527977
23264,17.87491
23265,1.8539431
23266,5.9462385
23267,9.096448
23268,9.319727
23269,8.2218
23270,27.80884
23271,1.0395843
23272,7.9258285
23273,21.965157
23274,2.9378817
23275,3.7077188
23276,6.6
23277,11.702688
23278,3.4417787
23279,4.277484
23280,8.965358
23281,7.3311505
23282,9.499286
23283,17.072409
23284,2.64976
23285,0.9166667
23286,10.366306
23287,3.0498667
23288,5.659533
23289,11.689902
23290,10.186514
23291,17.375963
23292,3.3584123
23293,4.3759584
23294,0.6709338
23295,2.75
23296,15.484731
23297,7.953835
23298,18.456602
23299,2.2
23300,5.8538837
23301,12.217682
23302,0.36928654
23303,6.856513
23304,16.737946
23305,8.226705
23306,6.022383
23307,3.1446142
23308,3.5700405
23309,0.16093254
23310,10.725291
23311,3.6249955
23312,3.6310356
23313,10.0675745
23314,6.547419
23315,1.9868929
23316,5.05488
23317,2.515507
23318,4.8524
23319,3.695075
23320,10.662573
23321,9.509864
23322,0.8669692
23323,3.993194
23324,3.4736154
23325,10.696372
23326,9.958132
23327,4.071204
23328,3.8930657
23329,1.8600543
23330,21.36741
23331,8.499384
23332,9.11375
23333,3.3272429
23334,4.6229196
23335,10.134857
23336,4.467909
23337,4.21687
23338,7.883333
23339,9.367513
23340,2.7570565
23341,0.397714
23342,11.916667
23343,7.2724743
23344,9.099056
23345,11.81809
23346,16.598885
23347,4.6469374
23348,4.179064
23349,0.58910066
23350,3.9376976
23351,9.18146
23352,8.273572
23353,19.906084
23354,10.618575
23355,4.9331675
23356,2.188007
23357,6.85885
23358,10.27159
23359,6.6530313
23360,9.3894
23361,8.207482
23362,0.7422447
23363,2.812402
23364,3.6932387
23365,10.3686495
23366,0.81964356
23367,7.035996
23368,20.353346
23369,5.334569
23370,12.339791
23371,9.370526
23372,10.343593
23373,23.77703
23374,1.6435226
23375,1.687328
23376,6.5210433
23377,2.8179247
23378,4.802983
23379,10.676839
23380,10.367647
23381,8.817275
23382,1.2833333
23383,19.447502
23384,6.5699096
23385,10.308696
23386,0.65274227
23387,7.5889187
23388,10.78964
23389,9.555339
23390,4.95
23391,0.36666667
23392,14.146915
23393,10.058284
23394,1.6366006
23395,6.215859
23396,9.433538
23397,8.752759
23398,9.342244
23399,3.7059789
23400,13.467558
23401,7.9356985
23402,9.040863
23403,10.420785
23404,2.6097934
23405,1.3429167
23406,0.6861686
23407,7.11654
23408,5.866667
23409,3.1166666
23410,6.271626
23411,8.649843
23412,3.8542197
23413,8.717362
23414,3.579005
23415,1.4837424
23416,1.0401803
23417,8.745194
23418,9.911108
23419,13.573423
23420,11.413043
23421,9.649998
23422,8.791534
23423,10.166493
23424,8.996232
23425,9.251792
23426,8.877834
23427,8.365671
23428,8.829443
23429,9.300956
23430,8.362794
23431,10.070156
23432,5.3166666
23433,2.4435756
23434,9.745105
23435,0.1353979
23436,16.858595
23437,7.43804
23438,4.2854786
23439,13.245581
23440,5.7402835
23441,2.1072783
23442,8.810843
23443,8.69464
23444,3.682923
23445,4.363402
23446,0.9166667
23447,7.6043124
23448,7.4929075
23449,10.023252
23450,2.952226
23451,5.3184433
23452,9.236947
23453,19.521452
23454,16.591852
23455,7.351137
23456,9.353438
23457,9.966643
23458,6.5516148
23459,6.948098
23460,0.96010345
23461,3.6261637
23462,13.739123
23463,6.447403
23464,9.633876
23465,9.117252
23466,18.291155
23467,1.3283017
23468,19.369753
23469,7.5413065
23470,0.7253568
23471,16.826632
23472,2.3122232
23473,1.2280225
23474,2.9603007
23475,21.76768
23476,11.4623575
23477,6.9274893
23478,3.4833333
23479,4.7082505
23480,9.199962
23481,11.755014
23482,2.353199
23483,5.877129
23484,9.499161
23485,8.898276
23486,3.7539802
23487,5.664333
23488,9.098944
23489,16.17415
23490,3.1592214
23491,21.640738
23492,6.6556063
23493,8.922363
23494,9.166667
23495,7.424665
23496,4.7314787
23497,13.016666
23498,9.768885
23499,8.720461
23500,19.001041
23501,6.731684
23502,7.4674063
23503,1.1229118
23504,4.090158
23505,4.7957425
23506,10.512653
23507,10.444203
23508,8.881744
23509,6.6
23510,11.76598
23511,11.100404
23512,10.18545
23513,11.894847
23514,9.466077
23515,10.009662
23516,10.040355
23517,4.649234
23518,0.5057812
23519,13.171842
23520,7.585278
23521,1.4615457
23522,8.702096
23523,9.426189
23524,10.917594
23525,30.651339
23526,2.3732345
23527,3.777067
23528,2.0819027
23529,17.306065
23530,7.0087585
23531,10.12914
23532,7.514802
23533,11.598007
23534,2.146482
23535,11.621842
23536,3.1338053
23537,13.544401
23538,19.454012
23539,8.511646
23540,9.255553
23541,20.945131
23542,1.9409972
23543,5.7915454
23544,2.0166667
23545,20.220955
23546,3.6561015
23547,11.753614
23548,10.782806
23549,4.0778074
23550,4.4068503
23551,9.487788
23552,0.24583337
23553,11.239816
23554,3.4833333
23555,18.065508
23556,18.815279
23557,1.2833333
23558,35.412582
23559,6.5754256
23560,3.7740865
23561,4.425543
23562,10.966262
23563,8.795713
23564,9.43984
23565,8.922658
23566,8.074809
23567,10.017118
23568,1.8465916
23569,7.786639
23570,10.531236
23571,7.506252
23572,0.314943
23573,5.9553943
23574,3.626696
23575,10.334612
23576,12.293563
23577,18.958862
23578,21.01934
23579,10.356641
23580,10.696722
23581,1.2624662
23582,17.293201
23583,1.65
23584,6.66442
23585,10.13979
23586,11.711731
23587,9.297935
23588,8.832026
23589,9.321523
23590,7.564322
23591,9.041762
23592,9.103975
23593,3.6148467
23594,5.2194514
23595,8.329034
23596,2.4992547
23597,18.292925
23598,10.43009
23599,8.543118
23600,7.3159385
23601,8.355625
23602,10.7158985
23603,9.766413
23604,8.551981
23605,18.358347
23606,9.846854
23607,8.255609
23608,9.6819725
23609,9.600909
23610,9.233099
23611,7.4116154
23612,5.3344016
23613,4.259245
23614,1.2833333
23615,8.428265
23616,10.225385
23617,6.3118773
23618,8.651774
23619,8.859865
23620,7.5988526
23621,0.27089915
23622,9.715184
23623,8.516812
23624,20.444304
23625,6.0672603
23626,13.25009
23627,3.5257819
23628,0.78723437
23629,5.1431174
23630,4.1644893
23631,10.830831
23632,17.894556
23633,7.225522
23634,10.370789
23635,7.8674393
23636,8.90739
23637,8.801692
23638,2.9333334
23639,8.142289
23640,5.119904
23641,6.758452
23642,1.9983289
23643,12.277291
23644,8.639176
23645,8.437825
23646,9.723323
23647,11.361464
23648,7.094589
23649,8.968908
23650,9.641712
23651,8.711617
23652,9.226087
23653,7.228724
23654,8.986544
23655,9.802423
23656,8.761245
23657,6.5211053
23658,0.5180438
23659,4.5244617
23660,4.2588797
23661,11.371327
23662,19.075611
23663,6.6178327
23664,10.088317
23665,8.117429
23666,8.907709
23667,7.038005
23668,0.047000244
23669,6.8395696
23670,5.8252497
23671,11.100769
23672,3.338631
23673,0.6502866
23674,4.5158386
23675,10.299478
23676,8.778438
23677,9.408839
23678,10.217777
23679,5.5978947
23680,2.3114047
23681,9.469827
23682,0.808684
23683,7.896724
23684,18.122274
23685,2.9333334
23686,7.664093
23687,6.45531
23688,6.282846
23689,10.7000675
23690,7.2810807
23691,1.1364778
23692,8.627843
23693,5.732147
23694,18.872477
23695,9.232822
23696,9.737405
23697,18.953194
23698,8.831471
23699,9.445048
23700,0.7230043
23701,4.184564
23702,3.3859568
23703,18.124624
23704,7.864031
23705,7.107497
23706,9.580653
23707,1.1589129
23708,1.3748994
23709,3.0116844
23710,3.495654
23711,9.39053
23712,23.424133
23713,6.5312624
23714,8.867874
23715,8.045468
23716,10.544794
23717,10.435852
23718,11.537076
23719,3.4069622
23720,5.128821
23721,7.703122
23722,8.405886
23723,8.779725
23724,18.877344
23725,7.883333
23726,17.996204
23727,7.195123
23728,10.312478
23729,10.08138
23730,8.567817
23731,9.619533
23732,8.552576
23733,21.203642
23734,2.2275925
23735,2.3833334
23736,2.1255736
23737,19.40392
23738,6.7238646
23739,7.4760284
23740,9.141986
23741,2.7904508
23742,5.253362
23743,28.71504
23744,2.7148163
23745,5.158282
23746,8.691646
23747,8.305335
23748,20.003447
23749,11.110061
23750,18.20754
23751,8.25901
23752,8.660055
23753,14.471395
23754,13.689573
23755,1.157117
23756,4.1595945
23757,4.4100122
23758,0.05261104
23759,19.545097
23760,9.52464
23761,8.5194025
23762,0.29489994
23763,7.090983
23764,6.3366976
23765,19.269499
23766,7.9111657
23767,3.8513107
23768,3.4186366
23769,4.239694
23770,3.9225895
23771,4.477573
23772,4.0809245
23773,8.963086
23774,5.0591397
23775,4.0374837
23776,2.0166667
23777,4.2166667
23778,19.559082
23779,8.395871
23780,7.79856
23781,11.143899
23782,10.772808
23783,10.206534
23784,8.455118
23785,11.296367
23786,9.935586
23787,7.0349927
23788,17.191687
23789,0.36666667
23790,2.538442
23791,10.4120245
23792,8.567389
23793,9.686142
23794,7.5645843
23795,10.500486
23796,9.1535425
23797,9.28585
23798,7.585604
23799,0.15154679
23800,7.817943
23801,9.429844
23802,17.479015
23803,2.1547081
23804,6.7173004
23805,16.374128
23806,9.17573
23807,4.053505
23808,4.020429
23809,3.85
23810,5.7279663
23811,8.758744
23812,8.578293
23813,7.242696
23814,20.070196
23815,18.754936
23816,9.018144
23817,10.076681
23818,4.8137507
23819,4.0288057
23820,10.693004
23821,0.18333334
23822,8.6226
23823,9.027211
23824,10.019293
23825,3.5759053
23826,0.025944594
23827,4.670027
23828,10.021362
23829,17.113838
23830,5.8752537
23831,10.083333
23832,0.1277685
23833,9.225169
23834,7.601507
23835,1.439206
23836,6.221677
23837,7.2748427
23838,9.716666
23839,11.098273
23840,8.288717
23841,6.281995
23842,8.132023
23843,14.305617
23844,1.9155422
23845,7.922601
23846,7.1525726
23847,10.463469
23848,9.3644
23849,10.945249
23850,6.839681
23851,8.131075
23852,8.443777
23853,8.621447
23854,4.8329206
23855,2.451301
23856,17.857574
23857,9.459462
23858,7.4510255
23859,9.71071
23860,8.457342
23861,3.7363687
23862,14.9236555
23863,8.154622
23864,9.209281
23865,0.55
23866,16.37137
23867,8.539655
23868,7.3390164
23869,8.421745
23870,4.8888197
23871,2.14355
23872,21.637362
23873,5.51273
23874,8.332244
23875,2.5468032
23876,4.625352
23877,0.8840163
23878,10.195939
23879,7.616289
23880,11.342646
23881,18.943872
23882,8.20411
23883,6.281234
23884,2.8536556
23885,7.38709
23886,9.442638
23887,19.247066
23888,7.189059
23889,9.269501
23890,28.181152
23891,2.4089417
23892,3.998097
23893,4.932268
23894,8.551041
23895,1.3334595
23896,4.96606
23897,10.534659
23898,10.086625
23899,6.9538665
23900,18.731653
23901,5.0564923
23902,2.256187
23903,13.550712
23904,2.6148949
23905,17.055418
23906,10.810114
23907,3.5675843
23908,0.09721915
23909,4.022169
23910,0.28814474
23911,7.7002134
23912,9.454472
23913,9.021116
23914,7.480851
23915,8.992212
23916,8.532803
23917,7.3085866
23918,18.570581
23919,0.55
23920,8.594769
23921,7.366752
23922,6.307396
23923,10.078156
23924,2.6512625
23925,23.323658
23926,9.472886
23927,9.079427
23928,20.322918
23929,3.9791827
23930,2.6733475
23931,6.3599753
23932,8.489163
23933,6.8023915
23934,9.425449
23935,8.645891
23936,10.770553
23937,9.593852
23938,23.218245
23939,6.55435
23940,9.919357
23941,3.1196594
23942,4.0267386
23943,7.629292
23944,8.832591
23945,4.95
23946,5.5961137
23947,10.1219015
23948,20.524286
23949,10.586119
23950,1.1
23951,19.252449
23952,2.4419866
23953,3.8028321
23954,7.7795897
23955,0.20673275
23956,4.9407077
23957,3.9671416
23958,19.595373
23959,27.79108
23960,7.113219
23961,4.4709215
23962,4.711509
23963,8.472442
23964,12.129006
23965,9.358525
23966,2.5196867
23967,5.3514557
23968,7.5813055
23969,19.22225
23970,18.594278
23971,7.490699
23972,9.359304
23973,8.876944
23974,9.675891
23975,12.421579
23976,7.8657393
23977,9.190663
23978,8.499106
23979,7.9961147
23980,3.7504992
23981,5.467694
23982,10.939988
23983,3.8249655
23984,0.80767494
23985,3.7877162
23986,9.79848
23987,11.614797
23988,9.50305
23989,10.210953
23990,10.038621
23991,8.448847
23992,0.2154748
23993,4.2319536
23994,2.9741838
23995,2.0166667
23996,8.207822
23997,8.906943
23998,0.38199368
23999,8.0392275
24000,10.07251
24001,12.812305
24002,1.3253931
24003,15.306695
24004,7.336672
24005,2.1944046
24006,4.0141425
24007,0.8534749
24008,12.401597
24009,8.625684
24010,8.62163
24011,10.895842
24012,3.197479
24013,4.565636
24014,9.777539
24015,8.073457
24016,7.4914837
24017,8.978542
24018,9.641074
24019,10.397531
24020,9.668215
24021,9.411429
24022,8.116747
24023,8.323741
24024,7.5232115
24025,3.6439023
24026,2.75
24027,4.4
24028,7.9432898
24029,0.2317667
24030,4.5718107
24031,2.851613
24032,4.6117067
24033,4.462003
24034,11.275691
24035,8.894292
24036,20.032047
24037,11.916667
24038,3.7007093
24039,9.236131
24040,0.80982846
24041,3.0593238
24042,21.557434
24043,18.758448
24044,7.505822
24045,19.161268
24046,7.810885
24047,17.758442
24048,1.2833333
24049,6.277164
24050,9.072375
24051,10.8140135
24052,9.129803
24053,10.161855
24054,8.340432
24055,3.685125
24056,14.8859215
24057,5.093289
24058,3.7294943
24059,4.581658
24060,4.868181
24061,7.4649096
24062,10.522358
24063,2.4510465
24064,5.4408712
24065,6.069597
24066,15.545791
24067,7.473247
24068,5.710286
24069,15.366867
24070,18.26482
24071,7.8173475
24072,8.545351
24073,0.36666667
24074,8.184266
24075,10.183605
24076,10.889213
24077,19.213541
24078,7.3803415
24079,8.806833
24080,7.7572813
24081,9.70734
24082,7.1736093
24083,12.213239
24084,2.813451
24085,5.210876
24086,7.596939
24087,3.5101807
24088,4.049754
24089,8.813595
24090,4.654424
24091,4.793915
24092,7.2447147
24093,0.9558837
24094,3.85
24095,3.8253474
24096,19.352913
24097,7.481281
24098,6.767432
24099,4.8976746
24100,4.363465
24101,5.380011
24102,7.2236767
24103,3.1326134
24104,5.616721
24105,1.1057162
24106,2.4571478
24107,15.436204
24108,1.2780353
24109,7.0919514
24110,9.521039
24111,6.915515
24112,9.613608
24113,9.9288225
24114,1.8831174
24115,6.53085
24116,9.100102
24117,11.213145
24118,2.546962
24119,4.650068
24120,16.560925
24121,2.8051696
24122,0.35609403
24123,1.551493
24124,8.308944
24125,11.965603
24126,1.65
24127,10.45
24128,14.641039
24129,18.108093
24130,7.7819266
24131,8.054361
24132,1.0867043
24133,7.56197
24134,9.083939
24135,9.72003
24136,10.762844
24137,7.7808146
24138,20.172543
24139,4.3851776
24140,2.0152252
24141,9.316993
24142,7.6714916
24143,9.890843
24144,12.087655
24145,9.093634
24146,5.7675834
24147,9.786019
24148,7.889503
24149,9.49173
24150,7.938322
24151,7.6519175
24152,8.171622
24153,9.412384
24154,20.862007
24155,1.8577579
24156,0.5390485
24157,4.388086
24158,10.694948
24159,8.696802
24160,19.989155
24161,8.945282
24162,9.308777
24163,12.8229475
24164,4.66393
24165,4.4889293
24166,1.6851741
24167,1.4666667
24168,15.043705
24169,10.089985
24170,9.990073
24171,9.770903
24172,8.717569
24173,8.310732
24174,6.746039
24175,8.682593
24176,2.2
24177,7.781729
24178,3.7343028
24179,5.177172
24180,8.594441
24181,8.468366
24182,27.501318
24183,6.134011
24184,2.5666666
24185,7.329543
24186,8.188613
24187,7.183766
24188,2.5666666
24189,14.706693
24190,9.581358
24191,8.01928
24192,10.411668
24193,2.7909913
24194,6.492519
24195,8.243252
24196,10.736172
24197,11.092053
24198,12.845508
24199,7.5224943
24200,8.147955
24201,10.556183
24202,13.841511
24203,3.6195118
24204,10.478932
24205,8.584524
24206,7.141629
24207,10.962589
24208,9.630361
24209,20.261036
24210,1.1257886
24211,7.1884074
24212,9.4591
24213,0.40512878
24214,4.2769995
24215,2.8590684
24216,8.915926
24217,19.278393
24218,4.0531716
24219,5.6977205
24220,10.500327
24221,9.711091
24222,11.073079
24223,8.383402
24224,3.5767632
24225,0.72637403
24226,3.9168513
24227,7.785727
24228,18.493544
24229,1.9469575
24230,3.9985046
24231,1.4280374
24232,10.905044
24233,7.419816
24234,2.805496
24235,5.7843294
24236,11.636368
24237,8.007796
24238,11.605233
24239,8.943215
24240,18.521887
24241,7.085268
24242,0.56419367
24243,8.627908
24244,10.400692
24245,0.55
24246,21.274622
24247,11.246593
24248,7.750297
24249,0.44799647
24250,3.556497
24251,3.3708258
24252,6.5915985
24253,15.440127
24254,8.099985
24255,0.356245
24256,13.367641
24257,2.1607878
24258,2.2403717
24259,8.050704
24260,8.844924
24261,9.926294
24262,8.264224
24263,1.9651572
24264,7.948066
24265,3.4833333
24266,3.0215108
24267,19.915747
24268,8.042851
24269,20.53009
24270,8.550629
24271,18.365288
24272,8.376725
24273,5.5684247
24274,2.8153813
24275,10.228212
24276,7.915814
24277,4.927714
24278,4.4311366
24279,7.767932
24280,9.2638645
24281,9.0028105
24282,6.7833333
24283,1.5578669
24284,10.673501
24285,7.275661
24286,17.546774
24287,3.1989095
24288,5.479319
24289,8.754634
24290,19.75218
24291,7.9864583
24292,8.975681
24293,8.618108
24294,8.523267
24295,7.8810067
24296,6.687499
24297,8.412313
24298,0.45429865
24299,8.032713
24300,27.648172
24301,17.55573
24302,3.729447
24303,5.1945605
24304,9.3894
24305,20.427958
24306,2.7215722
24307,5.1714506
24308,8.964475
24309,4.415211
24310,2.9918191
24311,11.654735
24312,9.190904
24313,8.93515
24314,8.5038185
24315,10.242414
24316,5.3366346
24317,3.5301766
24318,1.3796885
24319,0.55
24320,7.777174
24321,10.71868
24322,10.983023
24323,3.3966222
24324,6.1027517
24325,7.831373
24326,8.455539
24327,9.037002
24328,9.872286
24329,10.196049
24330,0.65369606
24331,4.3710475
24332,3.6429164
24333,9.727169
24334,0.012294452
24335,8.237879
24336,14.018696
24337,3.6725442
24338,9.628091
24339,8.770299
24340,8.705212
24341,10.532587
24342,9.636141
24343,9.734321
24344,9.426665
24345,8.776109
24346,6.67665
24347,9.9739485
24348,10.307797
24349,0.26520094
24350,7.8856463
24351,7.443476
24352,9.515937
24353,5.866667
24354,14.881525
24355,10.273686
24356,7.518553
24357,1.0275204
24358,7.4180837
24359,11.733819
24360,8.273585
24361,3.9468138
24362,2.283756
24363,0.29871467
24364,3.303361
24365,11.271454
24366,6.826925
24367,8.277831
24368,5.133333
24369,2.809024
24370,1.1127313
24371,11.792979
24372,9.2055
24373,20.95051
24374,7.8229275
24375,9.862844
24376,8.765903
24377,0.55
24378,8.494822
24379,8.225712
24380,1.00859
24381,20.35
24382,10.196505
24383,19.886166
24384,6.975691
24385,5.4115853
24386,4.4409833
24387,10.958314
24388,21.127983
24389,7.941144
24390,8.086307
24391,11.33279
24392,4.1939006
24393,0.38912475
24394,4.5640078
24395,9.311017
24396,2.729647
24397,4.995903
24398,3.047665
24399,6.832656
24400,10.470567
24401,8.365774
24402,21.23516
24403,9.029103
24404,8.987118
24405,12.7289
24406,9.348218
24407,19.779818
24408,6.6921897
24409,3.8896964
24410,10.239904
24411,10.061574
24412,17.163435
24413,10.083333
24414,9.176279
24415,2.2
24416,19.854902
24417,5.8950186
24418,20.96857
24419,8.710527
24420,0.33281642
24421,10.185973
24422,9.29196
24423,3.0253649
24424,5.5174747
24425,5.6507106
24426,2.503657
24427,8.574614
24428,9.162219
24429,11.1381445
24430,10.976498
24431,11.194007
24432,9.775704
24433,7.7603273
24434,2.4488924
24435,15.910902
24436,0.54164726
24437,3.8945115
24438,4.8784413
24439,3.0983853
24440,2.7592976
24441,2.8479655
24442,10.698495
24443,9.361761
24444,1.937723
24445,4.2740984
24446,2.4299307
24447,10.341144
24448,9.289932
24449,9.304612
24450,7.493584
24451,5.0766473
24452,6.53201
24453,8.653617
24454,8.175771
24455,7.6978374
24456,8.229901
24457,8.38988
24458,6.008411
24459,19.185486
24460,8.491453
24461,4.2166667
24462,13.251186
24463,8.429393
24464,8.522765
24465,7.9979653
24466,6.4969625
24467,3.1166666
24468,5.7217836
24469,7.5764976
24470,10.213217
24471,1.4496645
24472,14.899643
24473,9.840988
24474,1.6742866
24475,4.484709
24476,3.934526
24477,7.5612216
24478,0.73333335
24479,5.829271
24480,8.582932
24481,9.623424
24482,10.211223
24483,2.3833334
24484,5.6666055
24485,0.6155571
24486,6.4823956
24487,9.791112
24488,0.25529072
24489,3.6666667
24490,16.77973
24491,8.583181
24492,3.1389635
24493,5.152956
24494,9.684229
24495,6.05
24496,5.096308
24497,9.928973
24498,8.065207
24499,2.4821599
24500,8.152533
24501,9.47156
24502,17.540272
24503,8.684961
24504,9.804044
24505,8.614254
24506,18.7467
24507,5.5762296
24508,1.9114975
24509,13.736184
24510,3.2058232
24511,22.608927
24512,3.6889634
24513,2.8613641
24514,10.730243
24515,5.5854554
24516,2.3101728
24517,0.29034615
24518,8.63893
24519,11.719179
24520,3.779475
24521,5.7354293
24522,5.5068502
24523,3.8163192
24524,1.7663242
24525,15.649387
24526,7.281821
24527,3.3739488
24528,6.5718017
24529,0.42700768
24530,8.51884
24531,8.056943
24532,10.031716
24533,2.3833334
24534,14.136085
24535,6.638663
24536,11.599143
24537,7.153224
24538,0.7958173
24539,7.343284
24540,9.670457
24541,18.912275
24542,7.997855
24543,8.3979225
24544,8.032299
24545,17.658594
24546,6.5088835
24547,8.598899
24548,27.17627
24549,14.024008
24550,7.359736
24551,9.209625
24552,3.548472
24553,0.029865902
24554,3.0752501
24555,8.745319
24556,3.85
24557,3.142492
24558,2.944469
24559,6.744544
24560,7.251063
24561,9.873591
24562,8.140684
24563,9.788491
24564,7.9561706
24565,1.8774829
24566,0.4790624
24567,5.950856
24568,8.401116
24569,7.3276215
24570,2.767515
24571,16.593569
24572,7.2027755
24573,4.577801
24574,0.9787024
24575,5.333313
24576,21.908308
24577,7.9887075
24578,20.478863
24579,1.6613563
24580,5.2591558
24581,10.31723
24582,8.94184
24583,5.5505285
24584,7.8608522
24585,4.9681826
24586,5.3166666
24587,4.1404643
24588,0.9166667
24589,8.51743
24590,2.958004
24591,6.70712
24592,11.177205
24593,18.72709
24594,17.283634
24595,16.693611
24596,2.5666666
24597,8.092427
24598,32.02713
24599,6.39333
24600,5.000361
24601,3.4394343
24602,9.400342
24603,9.003232
24604,3.7262676
24605,5.3065543
24606,6.8899555
24607,19.077045
24608,14.666667
24609,6.7833333
24610,13.529069
24611,11.206063
24612,17.260363
24613,8.258748
24614,4.013547
24615,5.80202
24616,0.39123693
24617,11.739341
24618,1.4666667
24619,8.806125
24620,0.36666667
24621,10.419806
24622,18.924473
24623,2.7564046
24624,5.943862
24625,5.7202487
24626,3.3873317
24627,5.3290124
24628,3.7327683
24629,10.597667
24630,9.438458
24631,8.4798975
24632,8.458056
24633,4.7042847
24634,15.481043
24635,0.36666667
24636,20.29917
24637,7.2259274
24638,8.910203
24639,8.508809
24640,19.59786
24641,15.284747
24642,7.1683574
24643,0.27475357
24644,9.469637
24645,7.9990683
24646,4.0333333
24647,4.4039173
24648,2.598691
24649,3.9271202
24650,3.5457132
24651,20.05918
24652,19.351213
24653,8.5581
24654,11.554623
24655,4.5008907
24656,3.8539011
24657,11.198934
24658,8.25
24659,12.18233
24660,10.662024
24661,16.647825
24662,3.988314
24663,3.5582068
24664,9.577958
24665,9.085282
24666,8.63552
24667,8.470536
24668,8.007669
24669,8.492748
24670,4.589431
24671,3.657516
24672,8.041017
24673,8.712064
24674,18.600216
24675,7.090498
24676,8.636721
24677,7.769346
24678,10.842389
24679,2.9938776
24680,0.81649625
24681,4.768825
24682,10.075195
24683,3.0368724
24684,3.9511282
24685,9.225058
24686,8.691716
24687,0.90717477
24688,3.2786689
24689,3.3993084
24690,20.306799
24691,6.348379
24692,2.291449
24693,5.205313
24694,8.367126
24695,10.530607
24696,9.212542
24697,10.750063
24698,8.756845
24699,7.7364054
24700,2.2481358
24701,5.3073173
24702,10.840066
24703,8.834902
24704,8.390221
24705,9.000079
24706,9.547735
24707,8.089059
24708,7.2682056
24709,3.4347217
24710,4.5864034
24711,8.298421
24712,9.85539
24713,4.2166667
24714,5.065035
24715,9.22164
24716,3.0420706
24717,5.2079754
24718,9.353263
24719,8.920956
24720,27.271965
24721,7.0949483
24722,8.527486
24723,5.082742
24724,3.8983266
24725,21.352007
24726,7.8425646
24727,11.654004
24728,9.314919
24729,7.4771957
24730,6.770118
24731,3.3
24732,19.126123
24733,1.9129597
24734,1.4358203
24735,3.0021584
24736,0.17794769
24737,5.425318
24738,0.023086868
24739,5.9099445
24740,11.440668
24741,9.416757
24742,9.708634
24743,5.4426594
24744,15.088742
24745,9.243878
24746,11.196661
24747,9.590696
24748,8.032347
24749,0.7107179
24750,18.238604
24751,11.0224085
24752,8.516383
24753,29.724743
24754,11.366667
24755,5.851643
24756,30.320217
24757,0.6774187
24758,6.821275
24759,1.278623
24760,4.6848693
24761,3.7709162
24762,8.35166
24763,6.702979
24764,10.631968
24765,0.36666667
24766,7.2386117
24767,11.245512
24768,2.6201327
24769,5.795313
24770,1.6163348
24771,12.32459
24772,20.88724
24773,7.5363555
24774,6.3899612
24775,15.607932
24776,9.727169
24777,9.263189
24778,4.95
24779,5.5214887
24780,0.96095407
24781,7.60948
24782,10.556254
24783,9.200637
24784,8.582974
24785,8.445422
24786,8.970968
24787,9.47689
24788,0.59541863
24789,11.183333
24790,6.876517
24791,3.0398521
24792,4.1965165
24793,4.832435
24794,4.8893046
24795,5.3505425
24796,4.6714306
24797,10.660109
24798,1.5561581
24799,8.594775
24800,10.316276
24801,20.075048
24802,19.191257
24803,44.103867
24804,6.495277
24805,9.865078
24806,8.366641
24807,18.993164
24808,9.213757
24809,7.3191886
24810,2.648616
24811,6.099463
24812,9.508135
24813,10.21076
24814,9.5957985
24815,0.21321777
24816,8.014067
24817,8.007613
24818,10.304236
24819,10.769717
24820,4.7076387
24821,3.1977654
24822,11.741146
24823,6.843925
24824,9.72558
24825,2.658518
24826,4.2302847
24827,1.0626475
24828,13.352622
24829,5.3216543
24830,3.3358333
24831,10.128261
24832,8.532662
24833,1.8882116
24834,22.440935
24835,8.835707
24836,10.365527
24837,10.430955
24838,9.311557
24839,11.990128
24840,9.831794
24841,10.9106865
24842,19.980257
24843,8.892425
24844,0.076134995
24845,9.593184
24846,10.413894
24847,8.71176
24848,2.9333334
24849,6.3379374
24850,9.544095
24851,8.865857
24852,10.724682
24853,3.0927818
24854,0.5767983
24855,2.7983115
24856,8.046572
24857,0.057013836
24858,10.463007
24859,3.7245986
24860,5.644823
24861,10.033124
24862,8.928736
24863,11.700303
24864,8.409834
24865,0.55
24866,53.434742
24867,2.9256182
24868,8.740409
24869,4.9236298
24870,5.0985184
24871,9.240207
24872,5.3412676
24873,2.9844208
24874,7.718015
24875,10.305223
24876,5.712858
24877,4.541731
24878,9.061845
24879,9.0566
24880,6.797433
24881,4.346736
24882,2.5076945
24883,2.8578045
24884,10.4381895
24885,8.045594
24886,9.089264
24887,4.3468556
24888,16.584814
24889,8.855066
24890,11.261033
24891,7.1138144
24892,4.0160666
24893,6.2405267
24894,9.330703
24895,1.7042319
24896,7.094629
24897,7.7152414
24898,20.175207
24899,8.167299
24900,8.050259
24901,2.2975922
24902,4.4535875
24903,11.749713
24904,9.019407
24905,6.903538
24906,8.50099
24907,8.156237
24908,10.216895
24909,3.9594886
24910,0.042502087
24911,4.631503
24912,9.546336
24913,13.560191
24914,6.8492093
24915,9.46664
24916,9.37461
24917,1.1251608
24918,6.947296
24919,11.055203
24920,3.941337
24921,3.1222818
24922,7.4332
24923,8.484388
24924,20.546118
24925,8.988717
24926,0.47678146
24927,0.25239792
24928,8.666158
24929,9.630148
24930,9.25599
24931,2.4472876
24932,5.8527546
24933,1.2060012
24934,8.310161
24935,1.8333334
24936,13.348906
24937,3.0090728
24938,5.574966
24939,7.536069
24940,4.991659
24941,0.98464125
24942,4.1539545
24943,9.733398
24944,6.341307
24945,19.73527
24946,5.196802
24947,0.7001322
24948,4.2736607
24949,0.36836472
24950,1.65
24951,2.6597345
24952,6.0235434
24953,25.376953
24954,17.645731
24955,9.486619
24956,8.723823
24957,8.501904
24958,4.8217688
24959,4.095078
24960,9.018302
24961,1.8994728
24962,3.1184356
24963,3.7053666
24964,6.9984922
24965,1.1
24966,9.779159
24967,6.4584646
24968,11.116037
24969,9.701054
24970,3.5028534
24971,5.1956263
24972,9.188938
24973,7.094645
24974,7.6163845
24975,8.709415
24976,8.240357
24977,0.043479603
24978,5.690273
24979,9.923761
24980,12.224348
24981,4.565295
24982,2.7727766
24983,6.0578103
24984,8.211796
24985,7.9532857
24986,25.299187
24987,1.356411
24988,14.831613
24989,38.50787
24990,4.5987844
24991,17.800455
24992,18.75536
24993,5.7021785
24994,9.803972
24995,9.563725
24996,10.862772
24997,3.616897
24998,9.762693
24999,9.754969
25000,7.339255
25001,1.7208021
25002,4.149024
25003,2.832731
25004,23.067465
25005,4.7478595
25006,12.772633
25007,11.380124
25008,7.494711
25009,7.1183124
25010,1.6887186
25011,7.953142
25012,5.978083
25013,0.9750684
25014,10.307407
25015,4.174543
25016,3.6606233
25017,1.0819753
25018,11.908857
25019,26.130896
25020,7.660613
25021,0.81931776
25022,7.7745605
25023,8.265638
25024,7.3647747
25025,8.379387
25026,8.38356
25027,8.425801
25028,8.058955
25029,7.079751
25030,10.905536
25031,8.915989
25032,6.4594355
25033,6.9881763
25034,1.0016284
25035,8.099024
25036,9.977015
25037,9.418274
25038,1.2833333
25039,8.642532
25040,10.207072
25041,11.692605
25042,9.230813
25043,8.345454
25044,7.941318
25045,8.644542
25046,8.278418
25047,9.254411
25048,20.766356
25049,7.6018343
25050,19.288675
25051,1.4906883
25052,2.5204499
25053,4.0449142
25054,8.2401285
25055,7.5251017
25056,19.946846
25057,10.240159
25058,9.77068
25059,7.894182
25060,13.016666
25061,22.683714
25062,6.758746
25063,16.330164
25064,6.9894795
25065,9.519004
25066,7.2523274
25067,17.05
25068,16.456251
25069,15.95407
25070,3.819616
25071,9.8524475
25072,1.248749
25073,7.232254
25074,9.5991125
25075,9.116565
25076,17.858768
25077,8.437903
25078,8.048502
25079,7.745233
25080,8.908336
25081,11.926652
25082,6.2120442
25083,4.6675673
25084,0.533398
25085,3.3936737
25086,3.526894
25087,6.1011233
25088,8.886044
25089,8.681837
25090,14.525755
25091,8.180086
25092,9.384491
25093,8.619625
25094,3.1166666
25095,16.572092
25096,17.934809
25097,9.323327
25098,7.2379365
25099,9.815733
25100,9.419831
25101,9.184991
25102,9.649188
25103,7.4317045
25104,0.8841118
25105,6.3218436
25106,2.1475077
25107,4.794494
25108,3.3934593
25109,3.7421708
25110,2.3681483
25111,7.038497
25112,19.462053
25113,3.4143133
25114,3.4841063
25115,6.6379547
25116,1.4666667
25117,7.4708304
25118,10.017635
25119,8.926963
25120,8.146757
25121,18.505331
25122,7.3627167
25123,17.656279
25124,7.010857
25125,8.04379
25126,2.5666666
25127,16.252314
25128,7.104032
25129,9.612896
25130,5.213078
25131,4.3812275
25132,9.174641
25133,5.9356694
25134,1.7393748
25135,8.612156
25136,2.2
25137,4.134925
25138,8.725763
25139,10.786001
25140,9.712643
25141,8.348299
25142,21.388945
25143,5.4403305
25144,8.8
25145,7.0089345
25146,9.469439
25147,7.2117167
25148,10.782416
25149,6.651998
25150,8.339816
25151,10.227052
25152,8.948833
25153,2.9333334
25154,6.888906
25155,3.7733958
25156,4.5196047
25157,10.148828
25158,1.2833333
25159,6.829897
25160,3.6666667
25161,16.402517
25162,9.137449
25163,9.533334
25164,1.2056906
25165,1.2339356
25166,9.091162
25167,10.745416
25168,9.008266
25169,1.6362903
25170,7.7212973
25171,21.276142
25172,4.184794
25173,4.973921
25174,1.1
25175,8.471784
25176,8.156226
25177,10.655333
25178,8.931081
25179,18.569145
25180,5.0084596
25181,4.3967648
25182,12.02736
25183,0.6035805
25184,9.040603
25185,1.8382312
25186,5.6615195
25187,21.541739
25188,7.442833
25189,9.393302
25190,8.768918
25191,9.869488
25192,12.096572
25193,8.638138
25194,9.092706
25195,6.4250875
25196,10.116068
25197,19.05832
25198,6.2674356
25199,8.99176
25200,2.5350492
25201,5.8718286
25202,1.7836488
25203,9.061051
25204,9.951282
25205,8.707246
25206,0.18333334
25207,8.278528
25208,9.20008
25209,9.040863
25210,10.459846
25211,3.2910354
25212,5.532471
25213,4.3517203
25214,3.5926971
25215,9.923436
25216,31.716667
25217,13.75
25218,15.854675
25219,2.1956604
25220,10.53277
25221,2.9355135
25222,6.4742002
25223,10.985215
25224,8.682496
25225,7.4228916
25226,9.595418
25227,8.828631
25228,9.565806
25229,8.954423
25230,1.5161914
25231,9.1513
25232,0.97549754
25233,8.401131
25234,7.293566
25235,22.324053
25236,20.247643
25237,19.811108
25238,7.166528
25239,8.340152
25240,5.144572
25241,3.452103
25242,0.15802383
25243,5.797721
25244,4.721713
25245,5.9068046
25246,3.665193
25247,9.699895
25248,0.25062558
25249,5.871224
25250,0.51314825
25251,6.5824275
25252,11.2070875
25253,10.598812
25254,8.594149
25255,10.486539
25256,8.119575
25257,2.1868312
25258,7.390252
25259,5.964207
25260,4.379797
25261,9.495536
25262,11.208527
25263,9.482932
25264,8.811594
25265,10.018015
25266,10.823506
25267,19.606327
25268,19.139492
25269,0.4977545
25270,6.4109087
25271,11.737672
25272,9.369055
25273,9.366591
25274,8.053924
25275,20.175652
25276,15.3210945
25277,10.499239
25278,8.712115
25279,11.557483
25280,1.2521266
25281,3.8903477
25282,3.345521
25283,1.2697778
25284,4.111647
25285,3.077348
25286,0.2132654
25287,10.462061
25288,18.465092
25289,7.77053
25290,11.5233755
25291,2.3449895
25292,3.8595355
25293,11.212557
25294,9.002233
25295,7.715298
25296,8.878796
25297,7.9534774
25298,9.681331
25299,8.85443
25300,29.864279
25301,5.8914104
25302,9.69645
25303,0.55
25304,8.9885235
25305,7.932878
25306,5.1875668
25307,5.56794
25308,9.0506315
25309,17.170378
25310,8.747101
25311,9.489705
25312,3.838594
25313,0.9985367
25314,3.569556
25315,10.859117
25316,7.046025
25317,8.75776
25318,1.2202343
25319,8.887099
25320,9.115647
25321,9.443308
25322,4.0095415
25323,4.745197
25324,10.296742
25325,8.099794
25326,8.326135
25327,0.01959006
25328,8.630953
25329,17.827465
25330,7.851934
25331,9.670638
25332,9.434732
25333,9.495268
25334,18.934347
25335,8.328208
25336,7.7660966
25337,7.5002036
25338,7.2915235
25339,10.112229
25340,1.7576139
25341,7.2718854
25342,8.870062
25343,7.334662
25344,1.4816524
25345,7.4402494
25346,9.97169
25347,19.342167
25348,15.265281
25349,19.705542
25350,4.367892
25351,9.820149
25352,9.41321
25353,11.449711
25354,8.925017
25355,10.219397
25356,4.0574546
25357,2.9037948
25358,36.007317
25359,4.465851
25360,19.00932
25361,7.13946
25362,8.769068
25363,7.6915436
25364,5.475322
25365,13.241021
25366,7.652427
25367,5.7502437
25368,2.526307
25369,0.08888246
25370,5.037046
25371,4.1834836
25372,8.29285
25373,8.158978
25374,8.043384
25375,6.887674
25376,7.7539196
25377,7.212679
25378,9.04247
25379,7.9479384
25380,7.630127
25381,7.4435883
25382,9.622415
25383,9.70664
25384,8.084067
25385,9.110637
25386,2.4282217
25387,8.702031
25388,8.55004
25389,6.152821
25390,7.579135
25391,7.322955
25392,4.0982256
25393,4.4234834
25394,5.100004
25395,4.6864114
25396,11.489384
25397,7.1029663
25398,6.7590475
25399,9.730585
25400,11.290472
25401,3.5035293
25402,4.756117
25403,0.33388147
25404,11.019278
25405,8.069015
25406,7.3760114
25407,9.059581
25408,12.5599
25409,5.133333
25410,5.033501
25411,9.101566
25412,8.486302
25413,9.646383
25414,7.1986294
25415,4.0352182
25416,4.493396
25417,8.751821
25418,8.954264
25419,5.532638
25420,1.6635417
25421,0.36666667
25422,8.720256
25423,11.10243
25424,3.389033
25425,13.073922
25426,2.4333396
25427,6.581131
25428,7.885773
25429,4.031754
25430,0.6762028
25431,3.3274329
25432,4.3144464
25433,16.42266
25434,8.7731285
25435,8.103149
25436,3.4369633
25437,5.182449
25438,10.476844
25439,7.7346244
25440,20.853577
25441,6.9846478
25442,9.834599
25443,8.9844
25444,9.452319
25445,10.430836
25446,4.122997
25447,6.3181477
25448,10.089089
25449,21.53838
25450,7.482759
25451,9.994609
25452,1.6225101
25453,2.88043
25454,4.0244975
25455,7.5058775
25456,8.779669
25457,10.156329
25458,8.785787
25459,3.246037
25460,0.068089224
25461,4.0853534
25462,9.799727
25463,8.2175665
25464,7.850138
25465,19.37754
25466,7.9830956
25467,10.127546
25468,6.954265
25469,7.256581
25470,0.79089
25471,9.202728
25472,7.980482
25473,8.158113
25474,1.8237909
25475,7.1609664
25476,1.8402816
25477,17.281605
25478,8.284083
25479,10.756732
25480,9.870992
25481,9.552375
25482,10.095089
25483,9.651739
25484,9.279324
25485,9.368206
25486,10.615048
25487,38.09537
25488,4.408725
25489,8.389918
25490,10.331217
25491,0.09435019
25492,9.777179
25493,8.507743
25494,3.6666667
25495,7.1246867
25496,4.7944474
25497,13.515607
25498,3.769223
25499,2.3964005
25500,0.9666363
25501,9.325766
25502,11.694947
25503,9.506281
25504,15.525085
25505,8.569989
25506,8.648657
25507,7.8439097
25508,9.64593
25509,10.31533
25510,9.6674595
25511,6.672049
25512,7.92637
25513,3.2098615
25514,4.1318736
25515,5.275918
25516,5.705802
25517,2.6658058
25518,0.73333335
25519,2.3833334
25520,19.10795
25521,6.1497374
25522,7.141034
25523,1.3056918
25524,9.317343
25525,9.863871
25526,9.51791
25527,8.490609
25528,2.2791305
25529,3.3002853
25530,4.38207
25531,10.13232
25532,9.080329
25533,7.699476
25534,8.7481985
25535,10.267735
25536,8.076827
25537,17.967402
25538,7.4201345
25539,4.2089467
25540,3.1354268
25541,5.481975
25542,5.4492955
25543,8.443062
25544,5.5
25545,12.557125
25546,27.6572
25547,7.103021
25548,9.010342
25549,3.5352304
25550,4.9194884
25551,7.56697
25552,22.240234
25553,8.675097
25554,41.86443
25555,1.0819514
25556,4.6222615
25557,11.32583
25558,9.693908
25559,9.848016
25560,9.746331
25561,2.9716175
25562,5.4339576
25563,8.912248
25564,1.1953832
25565,7.9310985
25566,9.490849
25567,2.8554606
25568,5.8717966
25569,11.833612
25570,3.1166666
25571,16.101728
25572,2.9333334
25573,4.1189113
25574,6.6986957
25575,3.5831056
25576,12.094584
25577,8.456025
25578,5.6587853
25579,4.8615136
25580,8.888117
25581,2.5049849
25582,4.587205
25583,3.3608754
25584,6.2404556
25585,9.834552
25586,9.070293
25587,4.025563
25588,4.493236
25589,4.9930253
25590,5.527838
25591,4.8319416
25592,4.7399993
25593,10.085688
25594,1.2501003
25595,10.087133
25596,0.1719316
25597,8.762756
25598,9.723155
25599,6.0069017
25600,3.6067567
25601,19.99865
25602,4.488778
25603,11.744676
25604,7.914314
25605,9.199969
25606,7.532573
25607,20.60376
25608,7.5052824
25609,1.6707339
25610,8.055686
25611,9.40118
25612,9.368947
25613,2.837181
25614,4.624542
25615,4.8138475
25616,5.9702883
25617,2.1410546
25618,6.83256
25619,24.75
25620,7.475948
25621,4.489462
25622,10.276469
25623,2.6049774
25624,5.7125883
25625,3.9612455
25626,8.927122
25627,8.930969
25628,8.888223
25629,10.480698
25630,5.44711
25631,2.073796
25632,5.3292575
25633,2.7381902
25634,10.47856
25635,5.6833334
25636,3.232367
25637,61.183178
25638,2.6333807
25639,3.6666667
25640,7.2807946
25641,8.897201
25642,11.746216
25643,8.201424
25644,10.337926
25645,10.539801
25646,3.590568
25647,1.5656152
25648,10.715333
25649,6.782159
25650,5.504514
25651,0.0076929717
25652,5.135743
25653,7.5756063
25654,7.0989623
25655,4.576851
25656,5.9193053
25657,9.516761
25658,4.7188764
25659,7.4071164
25660,3.3
25661,5.0768375
25662,11.262997
25663,8.7144375
25664,12.074177
25665,3.579871
25666,5.6391315
25667,9.247432
25668,8.9170065
25669,11.223102
25670,10.161454
25671,17.842827
25672,11.673053
25673,31.591469
25674,0.48201874
25675,7.8991017
25676,8.40819
25677,9.218732
25678,11.936784
25679,0.24609567
25680,3.557762
25681,3.8533847
25682,11.380354
25683,6.9825897
25684,8.609353
25685,2.8918817
25686,5.578788
25687,1.5692471
25688,4.233241
25689,5.1052723
25690,10.028538
25691,9.519012
25692,10.0792
25693,8.4499035
25694,2.5666666
25695,15.488361
25696,1.8485547
25697,0.15634035
25698,4.5338697
25699,3.1392655
25700,6.9330525
25701,1.0251839
25702,9.095796
25703,0.7787704
25704,8.159965
25705,3.7936685
25706,7.7154155
25707,20.53955
25708,9.39869
25709,6.363471
25710,2.3075583
25711,7.1815815
25712,8.448831
25713,18.152708
25714,7.564863
25715,10.725078
25716,8.715265
25717,11.660427
25718,10.941941
25719,2.687335
25720,7.2239394
25721,8.171082
25722,9.3764
25723,10.599963
25724,2.9862564
25725,6.48001
25726,0.09848278
25727,4.215121
25728,12.111631
25729,6.304192
25730,19.54825
25731,7.519906
25732,5.3166666
25733,27.470589
25734,9.357666
25735,9.00915
25736,7.866232
25737,11.587976
25738,6.7833333
25739,2.9457169
25740,8.788523
25741,8.594355
25742,7.7546988
25743,5.866667
25744,11.907874
25745,4.766667
25746,5.578351
25747,4.766433
25748,3.85
25749,5.137522
25750,3.8432047
25751,5.5347204
25752,5.094035
25753,10.036031
25754,8.457637
25755,17.969189
25756,7.0611715
25757,10.554642
25758,8.918516
25759,0.03201961
25760,18.264484
25761,8.060694
25762,9.566149
25763,9.926198
25764,5.021661
25765,0.39766634
25766,3.9847145
25767,6.021261
25768,12.678084
25769,8.596038
25770,2.75
25771,5.2619777
25772,8.31135
25773,3.4275055
25774,5.462209
25775,4.7350645
25776,3.7979045
25777,10.558675
25778,1.6707263
25779,6.427853
25780,12.991938
25781,5.4519653
25782,20.373869
25783,3.066715
25784,15.848275
25785,7.614391
25786,9.496801
25787,22.139257
25788,8.409349
25789,0.02695719
25790,17.435997
25791,2.3833334
25792,13.588277
25793,3.2711344
25794,4.038214
25795,8.840006
25796,10.165342
25797,7.007448
25798,5.159386
25799,4.311458
25800,17.619844
25801,8.251864
25802,2.3086543
25803,14.452102
25804,6.2749147
25805,10.222935
25806,15.993333
25807,7.619572
25808,6.6740036
25809,8.450636
25810,5.734396
25811,8.444388
25812,7.9852505
25813,9.000057
25814,1.8161539
25815,4.935908
25816,1.8083652
25817,8.377219
25818,2.1870615
25819,7.570841
25820,10.592358
25821,6.1215563
25822,7.3023243
25823,20.254549
25824,7.535163
25825,28.993036
25826,9.002193
25827,13.12051
25828,3.5368204
25829,4.9286284
25830,3.4261944
25831,9.196303
25832,9.370461
25833,11.394788
25834,8.721678
25835,16.694078
25836,2.2085352
25837,0.5108753
25838,28.759224
25839,17.479057
25840,1.9557555
25841,3.9090471
25842,0.56181747
25843,10.573172
25844,2.0483735
25845,6.966464
25846,9.208178
25847,6.8099437
25848,8.652171
25849,14.106419
25850,3.0180533
25851,10.816667
25852,6.704919
25853,9.33191
25854,8.6526785
25855,8.737819
25856,7.9288654
25857,6.033301
25858,0.67766494
25859,9.706925
25860,22.0
25861,8.25
25862,11.321395
25863,11.638864
25864,0.8734147
25865,4.0792704
25866,10.978078
25867,9.982404
25868,0.62835217
25869,9.45061
25870,14.03942
25871,8.33156
25872,9.787901
25873,10.302034
25874,10.4453945
25875,7.479396
25876,9.051982
25877,4.5984497
25878,13.081685
25879,18.364286
25880,30.573853
25881,7.77901
25882,0.7843575
25883,6.8775887
25884,9.512471
25885,10.427501
25886,8.12033
25887,8.911912
25888,15.266799
25889,0.18333334
25890,14.650434
25891,7.5575757
25892,9.167234
25893,8.598415
25894,10.5694685
25895,8.922046
25896,3.957764
25897,4.2102265
25898,11.122842
25899,11.662077
25900,7.9304132
25901,9.244737
25902,1.8618907
25903,7.9839306
25904,12.425685
25905,10.485625
25906,19.33663
25907,2.6949415
25908,5.7916484
25909,8.566801
25910,7.82694
25911,8.103523
25912,3.1166666
25913,4.7691817
25914,8.747992
25915,1.7760754
25916,1.1695068
25917,3.6616964
25918,3.1166666
25919,32.265976
25920,4.8270707
25921,10.102605
25922,7.958952
25923,8.873067
25924,7.5079846
25925,7.218521
25926,9.387002
25927,0.36666667
25928,9.499438
25929,9.73421
25930,9.199197
25931,9.658218
25932,9.853244
25933,8.947729
25934,2.5666666
25935,4.6740694
25936,10.744629
25937,9.716223
25938,8.800261
25939,8.2729025
25940,9.197013
25941,4.218157
25942,4.437749
25943,7.797829
25944,20.077856
25945,8.014639
25946,0.8011262
25947,8.821686
25948,3.273185
25949,1.1
25950,16.234722
25951,7.699211
25952,9.295354
25953,2.006245
25954,7.3194184
25955,13.391629
25956,1.4374099
25957,4.0414886
25958,0.55
25959,2.3833334
25960,26.055471
25961,9.002519
25962,4.1778965
25963,11.370883
25964,2.689743
25965,4.841288
25966,11.337599
25967,2.4068992
25968,5.7640796
25969,5.1542363
25970,4.196222
25971,8.654515
25972,8.204692
25973,5.2916856
25974,12.011003
25975,9.241701
25976,17.46226
25977,20.143393
25978,6.739195
25979,9.247898
25980,5.9259486
25981,4.440658
25982,7.1678014
25983,7.5448413
25984,4.48416
25985,0.70540905
25986,5.5134063
25987,5.7210207
25988,13.314709
25989,8.151595
25990,2.7178447
25991,5.31466
25992,21.244486
25993,11.947846
25994,7.2381506
25995,0.84652084
25996,21.140749
25997,25.149153
25998,9.097005
25999,8.710592
26000,9.769614
26001,9.672792
26002,6.902368
26003,11.049304
26004,1.2833333
26005,17.407063
26006,8.886012
26007,0.3298282
26008,8.683102
26009,9.945768
26010,8.4705515
26011,8.977634
26012,8.442896
26013,9.743285
26014,9.31592
26015,9.2371855
26016,9.738374
26017,3.271492
26018,4.1670246
26019,9.000134
26020,21.961658
26021,2.4414697
26022,4.1674294
26023,4.2263975
26024,6.6515126
26025,1.8491588
26026,6.517927
26027,7.769417
26028,7.247893
26029,2.5519607
26030,2.0546517
26031,3.809667
26032,4.766667
26033,22.709139
26034,10.277293
26035,20.576982
26036,8.638262
26037,6.0757565
26038,6.031187
26039,10.611186
26040,10.147684
26041,9.841872
26042,9.685915
26043,5.8624425
26044,2.634255
26045,9.745748
26046,20.154621
26047,14.155936
26048,8.006239
26049,9.125296
26050,3.7941144
26051,0.9395522
26052,5.444575
26053,1.2833333
26054,27.242378
26055,7.487671
26056,9.478085
26057,10.27855
26058,12.352848
26059,9.404135
26060,9.287166
26061,26.83036
26062,6.8773675
26063,13.154573
26064,3.5676634
26065,5.8248363
26066,9.116364
26067,10.170103
26068,10.098622
26069,5.337859
26070,4.0783486
26071,18.417906
26072,13.505357
26073,4.163726
26074,13.8473425
26075,7.9926343
26076,8.969038
26077,8.416956
26078,0.76669055
26079,6.4349976
26080,11.468473
26081,0.1537482
26082,13.452173
26083,4.2548733
26084,11.461004
26085,7.608581
26086,3.548264
26087,4.792746
26088,10.306913
26089,2.8048832
26090,5.9819226
26091,21.134777
26092,8.8446
26093,5.866667
26094,2.8207622
26095,0.8609135
26096,11.306081
26097,4.5175076
26098,0.30375317
26099,5.155985
26100,9.906616
26101,8.57141
26102,7.879496
26103,0.36666667
26104,9.9
26105,11.230794
26106,7.845625
26107,14.248977
26108,10.621065
26109,0.36320686
26110,7.661805
26111,0.25488535
26112,7.6771894
26113,11.611096
26114,9.553385
26115,8.8993635
26116,6.453697
26117,9.187374
26118,3.007698
26119,4.809276
26120,8.121983
26121,8.948588
26122,9.397951
26123,10.219827
26124,0.73333335
26125,18.492378
26126,7.0364714
26127,1.9284966
26128,7.4511456
26129,4.4
26130,4.2946024
26131,9.046889
26132,8.832964
26133,4.299475
26134,5.682373
26135,8.106581
26136,20.390692
26137,8.177758
26138,8.749915
26139,9.861724
26140,10.210681
26141,8.709438
26142,9.411565
26143,8.687854
26144,17.569454
26145,9.117405
26146,10.8239
26147,9.370939
26148,22.0
26149,1.167464
26150,5.906367
26151,8.418363
26152,2.335683
26153,7.1826377
26154,4.5368595
26155,4.766667
26156,31.025904
26157,6.035606
26158,10.69823
26159,5.837401
26160,2.6342313
26161,9.988786
26162,11.248637
26163,9.858337
26164,9.542863
26165,11.192697
26166,10.4471035
26167,0.45054758
26168,3.6228976
26169,3.8217158
26170,8.268754
26171,9.209919
26172,8.662882
26173,1.4666667
26174,4.8367753
26175,2.416118
26176,16.690271
26177,6.9995804
26178,11.507788
26179,0.6824494
26180,8.176804
26181,8.015513
26182,11.733334
26183,3.4954386
26184,14.858968
26185,8.92404
26186,9.481295
26187,17.032862
26188,8.25
26189,20.866192
26190,2.366122
26191,2.7716718
26192,1.0705948
26193,11.158189
26194,9.673635
26195,9.417883
26196,2.7828696
26197,3.6931834
26198,9.175119
26199,9.436297
26200,8.648284
26201,8.427436
26202,3.704039
26203,5.7409773
26204,0.6359577
26205,7.77924
26206,6.3819165
26207,7.860907
26208,12.18118
26209,7.4688916
26210,8.492558
26211,10.072034
26212,7.944043
26213,8.265949
26214,8.016468
26215,2.5743484
26216,6.463122
26217,4.223673
26218,1.4575245
26219,3.2068095
26220,19.019114
26221,2.7658865
26222,4.145479
26223,10.411938
26224,7.1682925
26225,0.6294094
26226,16.745188
26227,1.8333334
26228,7.574408
26229,7.554666
26230,6.02777
26231,7.114411
26232,8.490116
26233,8.018017
26234,8.650938
26235,20.042871
26236,6.091158
26237,2.7772186
26238,18.041609
26239,3.544609
26240,4.611794
26241,8.806657
26242,9.247223
26243,8.190967
26244,16.947176
26245,0.9166667
26246,7.0405416
26247,1.9992434
26248,7.89853
26249,3.6022582
26250,0.5246083
26251,4.21133
26252,0.2933979
26253,6.6539607
26254,7.204032
26255,26.614416
26256,8.620025
26257,8.652354
26258,7.0243998
26259,8.091123
26260,10.937382
26261,3.85
26262,14.470927
26263,7.945632
26264,3.4455616
26265,4.88921
26266,8.505813
26267,8.464901
26268,27.35743
26269,3.2193577
26270,2.7291377
26271,10.775478
26272,8.2263775
26273,0.55
26274,7.410176
26275,14.593602
26276,4.326137
26277,8.799037
26278,1.9834676
26279,21.595493
26280,8.250071
26281,13.370954
26282,9.501355
26283,18.495142
26284,8.019186
26285,9.223652
26286,8.717434
26287,8.654261
26288,8.461738
26289,8.241438
26290,10.407835
26291,4.316878
26292,9.025487
26293,3.4982045
26294,0.10249616
26295,11.67635
26296,21.374681
26297,16.126055
26298,15.164655
26299,9.587241
26300,6.2070856
26301,23.434916
26302,7.0501494
26303,6.6776595
26304,2.0166667
26305,4.8775916
26306,10.683463
26307,0.8112986
26308,7.241813
26309,10.010029
26310,0.36666667
26311,22.290955
26312,2.5533037
26313,4.9161277
26314,1.1907182
26315,3.645897
26316,4.9054775
26317,12.561725
26318,10.492826
26319,11.298435
26320,10.021848
26321,8.893648
26322,1.9052745
26323,3.9785936
26324,1.5928905
26325,16.307875
26326,7.3699627
26327,0.5618334
26328,7.6440406
26329,17.532646
26330,2.75
26331,4.6012883
26332,8.2071705
26333,1.4666667
26334,10.158112
26335,9.657202
26336,6.578939
26337,8.351976
26338,10.45
26339,2.9944499
26340,4.98511
26341,6.93992
26342,4.860783
26343,4.025698
26344,9.351548
26345,27.137892
26346,5.794287
26347,8.094255
26348,10.819212
26349,2.3152275
26350,8.71838
26351,4.8250833
26352,0.55
26353,9.165055
26354,8.013432
26355,9.723837
26356,9.829864
26357,8.865023
26358,6.88037
26359,9.863616
26360,8.227268
26361,13.718786
26362,4.8484087
26363,5.8916655
26364,3.4400544
26365,10.0640135
26366,7.2170186
26367,0.73333335
26368,8.11715
26369,29.823633
26370,8.832392
26371,4.5811014
26372,0.9985452
26373,4.8981266
26374,9.797804
26375,3.3862276
26376,3.7573657
26377,0.36666667
26378,6.408397
26379,10.359747
26380,12.65
26381,5.185064
26382,9.428149
26383,8.489998
26384,9.304127
26385,12.079748
26386,0.5809386
26387,16.163612
26388,8.982859
26389,9.095825
26390,0.61235434
26391,3.1756885
26392,4.688867
26393,8.983334
26394,0.027688349
26395,3.1166666
26396,12.186637
26397,7.6519175
26398,2.3164356
26399,5.3177276
26400,9.6467085
26401,4.5068107
26402,3.3
26403,14.1135235
26404,2.6980875
26405,5.7692523
26406,4.709777
26407,5.405196
26408,9.9912
26409,0.13860065
26410,4.7679033
26411,2.7732928
26412,10.813548
26413,5.9713435
26414,2.2141535
26415,11.104036
26416,3.320957
26417,4.996459
26418,8.78644
26419,6.301832
26420,2.7369342
26421,1.1448225
26422,8.384181
26423,2.3833334
26424,5.2192454
26425,11.399073
26426,10.369191
26427,3.4898522
26428,5.6366124
26429,8.118137
26430,19.726803
26431,19.782324
26432,8.836324
26433,4.0333333
26434,14.178617
26435,14.526758
26436,19.518764
26437,8.126299
26438,0.55
26439,9.540249
26440,9.823681
26441,7.2024016
26442,3.5882313
26443,4.7182164
26444,9.2446165
26445,8.789484
26446,8.46753
26447,8.064987
26448,1.65
26449,5.711285
26450,1.3400078
26451,30.670443
26452,10.794789
26453,1.7681836
26454,26.084253
26455,13.763335
26456,2.5626657
26457,9.313051
26458,28.135183
26459,7.3903403
26460,8.573905
26461,21.202213
26462,9.818196
26463,1.2833333
26464,8.016133
26465,7.15
26466,40.57316
26467,15.342309
26468,10.095428
26469,8.294497
26470,9.21263
26471,4.2909384
26472,4.0243225
26473,9.224406
26474,7.5230603
26475,9.056464
26476,8.549024
26477,9.822401
26478,4.1842546
26479,5.3892694
26480,7.4396696
26481,3.1166666
26482,5.85177
26483,8.393772
26484,29.230772
26485,16.355366
26486,10.499851
26487,9.047207
26488,4.9545135
26489,4.257623
26490,9.36343
26491,8.105993
26492,30.304382
26493,6.612762
26494,4.960044
26495,0.3098329
26496,4.8220797
26497,10.753561
26498,10.217904
26499,10.845646
26500,9.278399
26501,8.17469
26502,9.919078
26503,8.429201
26504,11.1806555
26505,9.195097
26506,9.161752
26507,0.48877394
26508,4.0622783
26509,2.5701208
26510,18.588076
26511,9.084509
26512,3.5433214
26513,7.364583
26514,9.185948
26515,2.3302755
26516,1.0131632
26517,1.467363
26518,4.2495885
26519,1.0113002
26520,4.42338
26521,2.6561344
26522,1.6915718
26523,14.886187
26524,4.4138184
26525,3.691991
26526,11.309371
26527,8.340654
26528,9.9
26529,9.713991
26530,8.063657
26531,8.716187
26532,7.683691
26533,7.5434756
26534,8.953214
26535,8.971414
26536,4.37251
26537,4.995354
26538,8.76132
26539,7.396976
26540,0.86016655
26541,6.9603596
26542,9.192236
26543,17.436743
26544,8.432469
26545,9.86391
26546,10.23942
26547,3.2763007
26548,5.1142607
26549,3.623287
26550,3.237859
26551,1.5404701
26552,7.5823717
26553,8.202926
26554,9.400783
26555,3.6155624
26556,5.2773075
26557,10.924076
26558,8.01483
26559,7.979966
26560,0.18333334
26561,8.933218
26562,9.267108
26563,9.120241
26564,2.116458
26565,5.671318
26566,9.472902
26567,9.197775
26568,0.19123554
26569,10.1130495
26570,9.859696
26571,7.769035
26572,19.027037
26573,7.8138895
26574,8.07875
26575,8.488615
26576,19.426878
26577,18.291553
26578,10.158014
26579,7.064486
26580,6.9972363
26581,7.3256006
26582,0.36666667
26583,8.195766
26584,6.5481024
26585,7.4672847
26586,10.179289
26587,6.54281
26588,9.632546
26589,8.471816
26590,6.712668
26591,10.37039
26592,8.371901
26593,7.6091685
26594,9.85095
26595,0.14455317
26596,3.6927063
26597,3.883799
26598,10.568555
26599,0.53550404
26600,0.49653056
26601,3.4833333
26602,3.5075579
26603,3.1092093
26604,4.2422295
26605,0.077764206
26606,9.346908
26607,10.193029
26608,7.0632467
26609,10.805224
26610,7.6793365
26611,2.3578644
26612,6.4038444
26613,4.0672464
26614,6.3594103
26615,9.668344
26616,7.526891
26617,7.1568174
26618,7.6899137
26619,9.47074
26620,2.0166667
26621,15.301847
26622,8.421938
26623,8.724627
26624,8.333954
26625,0.20196433
26626,8.93604
26627,3.5162766
26628,3.6822157
26629,7.4660397
26630,4.9345427
26631,5.043554
26632,8.962774
26633,8.895509
26634,7.890343
26635,8.416208
26636,8.420706
26637,8.531373
26638,7.545082
26639,10.088048
26640,8.804179
26641,8.56131
26642,10.197274
26643,4.748265
26644,1.8333334
26645,12.510697
26646,8.605656
26647,17.879759
26648,7.8683066
26649,16.940706
26650,3.003136
26651,17.18201
26652,7.6083508
26653,9.337408
26654,0.43902397
26655,25.897863
26656,6.686783
26657,8.352328
26658,9.49788
26659,17.191664
26660,9.1529455
26661,12.44483
26662,6.797942
26663,2.1877367
26664,0.30809787
26665,7.922517
26666,14.318927
26667,10.5227165
26668,11.27688
26669,4.4500775
26670,0.78131133
26671,3.4984992
26672,8.39967
26673,10.042104
26674,10.557223
26675,10.704868
26676,6.734578
26677,1.4449598
26678,3.4653819
26679,2.7366557
26680,11.424925
26681,9.666396
26682,7.7
26683,31.253105
26684,7.025362
26685,3.85
26686,4.8124075
26687,0.6628116
26688,11.387761
26689,2.2
26690,0.4749839
26691,7.2731905
26692,7.849788
26693,17.870737
26694,3.142166
26695,3.8910701
26696,12.425639
26697,19.553276
26698,23.466667
26699,7.986619
26700,4.408312
26701,6.126563
26702,5.7705255
26703,6.6
26704,5.488031
26705,11.109883
26706,5.646794
26707,3.339219
26708,7.86341
26709,10.88136
26710,21.546078
26711,6.401228
26712,9.764331
26713,0.36666667
26714,19.27091
26715,7.656479
26716,16.725103
26717,2.8337874
26718,6.1197042
26719,1.9691547
26720,10.139306
26721,0.625221
26722,0.36666667
26723,7.6154623
26724,9.187755
26725,2.5613546
26726,3.2914803
26727,8.756032
26728,1.3850055
26729,10.858496
26730,7.1596
26731,3.3118484
26732,6.019045
26733,4.373956
26734,4.6201
26735,3.3700857
26736,1.178543
26737,3.8626351
26738,10.006452
26739,9.175111
26740,13.048198
26741,8.39565
26742,21.398771
26743,8.636141
26744,8.492646
26745,12.126296
26746,10.675166
26747,4.9843717
26748,5.506905
26749,7.702421
26750,9.4390955
26751,9.430449
26752,8.0277605
26753,7.772041
26754,7.0252423
26755,17.106352
26756,7.893738
26757,4.034353
26758,2.2
26759,11.004321
26760,7.970118
26761,26.790125
26762,7.4265246
26763,5.866667
26764,2.281197
26765,3.8917146
26766,5.2441435
26767,9.017517
26768,3.5983725
26769,6.7664227
26770,3.2672808
26771,0.9218546
26772,5.7979817
26773,8.949343
26774,2.6438317
26775,5.4004593
26776,8.201106
26777,1.7495711
26778,7.2293134
26779,10.252308
26780,9.924768
26781,8.14825
26782,9.854993
26783,10.615031
26784,0.55
26785,16.656843
26786,0.24982294
26787,4.4
26788,3.5870717
26789,2.7232013
26790,8.796718
26791,8.971071
26792,7.752839
26793,2.6137357
26794,5.849409
26795,17.25878
26796,7.136314
26797,19.52291
26798,5.9304333
26799,2.75
26800,7.5137787
26801,7.6852403
26802,9.225425
26803,0.6606818
26804,8.110152
26805,4.865861
26806,4.641438
26807,9.0193815
26808,8.6818285
26809,8.790208
26810,19.51211
26811,3.5535805
26812,3.611032
26813,15.4
26814,2.7740479
26815,10.325012
26816,1.5367588
26817,7.233722
26818,2.9333334
26819,6.6761727
26820,1.3810793
26821,7.894517
26822,18.13218
26823,7.585851
26824,9.738198
26825,8.890017
26826,8.999786
26827,9.286318
26828,2.06515
26829,5.5822935
26830,10.236384
26831,10.856311
26832,7.551606
26833,4.3100433
26834,11.129938
26835,3.4614565
26836,4.1398215
26837,12.762792
26838,2.668071
26839,5.645489
26840,0.11954998
26841,0.018192386
26842,5.74824
26843,17.416666
26844,12.694868
26845,10.00975
26846,9.991756
26847,3.4658751
26848,12.533258
26849,3.6270766
26850,10.419536
26851,8.332468
26852,11.421277
26853,4.826164
26854,4.7167606
26855,4.6704297
26856,10.874042
26857,1.2833333
26858,33.111763
26859,3.1443436
26860,9.442306
26861,7.8394184
26862,18.364588
26863,7.2686663
26864,1.9906286
26865,2.818386
26866,3.7527404
26867,9.383884
26868,7.9473896
26869,10.420966
26870,9.976191
26871,11.624558
26872,8.4569845
26873,1.2036245
26874,0.41662318
26875,10.713168
26876,9.176311
26877,8.571301
26878,8.714955
26879,18.070436
26880,2.2529602
26881,1.281142
26882,4.2879505
26883,10.525157
26884,9.58322
26885,8.551264
26886,10.945455
26887,2.8179963
26888,0.16628902
26889,17.344221
26890,8.574305
26891,9.62654
26892,10.437283
26893,7.367412
26894,1.4398495
26895,12.515377
26896,11.462774
26897,14.188561
26898,2.8566754
26899,36.938633
26900,6.4166665
26901,6.7134867
26902,15.113237
26903,3.1985757
26904,8.780566
26905,5.8495607
26906,9.135003
26907,6.497852
26908,10.04695
26909,8.977072
26910,12.588731
26911,6.100147
26912,3.85
26913,5.2778006
26914,1.4666667
26915,7.832075
26916,7.953262
26917,10.595369
26918,10.584576
26919,9.768931
26920,11.676733
26921,9.724452
26922,12.142674
26923,10.387684
26924,8.01293
26925,2.9992983
26926,17.532642
26927,0.050409637
26928,9.135494
26929,9.282884
26930,7.3902354
26931,9.680328
26932,10.330176
26933,9.16389
26934,0.30312538
26935,8.288971
26936,2.3025672
26937,7.984082
26938,12.558659
26939,11.2650795
26940,9.023421
26941,10.504961
26942,9.173259
26943,9.008297
26944,9.033116
26945,3.5554569
26946,5.6191916
26947,9.284519
26948,8.813285
26949,5.0053906
26950,4.4665484
26951,9.125346
26952,1.3793627
26953,8.837509
26954,21.683695
26955,8.096496
26956,21.042772
26957,17.320454
26958,6.291143
26959,1.8333334
26960,7.345931
26961,8.468103
26962,4.8848157
26963,3.3099966
26964,8.949233
26965,9.084718
26966,11.682232
26967,1.7448026
26968,3.1138985
26969,3.6224203
26970,12.77221
26971,1.908175
26972,6.5192385
26973,8.408761
26974,8.370551
26975,9.083144
26976,8.326237
26977,2.7035797
26978,6.7120957
26979,4.4
26980,5.069193
26981,7.8120785
26982,7.1183834
26983,5.422418
26984,4.86877
26985,9.123072
26986,9.16698
26987,0.36666667
26988,9.088165
26989,11.40871
26990,4.374345
26991,4.1303167
26992,10.522182
26993,6.1830134
26994,3.83552
26995,8.045657
26996,5.699714
26997,5.172937
26998,5.187661
26999,14.742967
27000,10.325242
27001,3.7967372
27002,0.19760132
27003,3.4202738
27004,9.958475
27005,9.267243
27006,7.3881793
27007,17.528933
27008,6.4388437
27009,4.4118404
27010,4.269775
27011,8.87146
27012,10.633333
27013,6.6325755
27014,8.198531
27015,9.538554
27016,9.549077
27017,17.183699
27018,8.5569935
27019,9.866301
27020,17.396053
27021,3.4587617
27022,9.492866
27023,6.5282903
27024,7.5391917
27025,11.080272
27026,15.120004
27027,8.777213
27028,9.232426
27029,2.8592746
27030,5.003508
27031,10.460147
27032,29.130196
27033,6.9551883
27034,1.7048997
27035,5.7963367
27036,8.600235
27037,18.093998
27038,8.569122
27039,8.046618
27040,18.21863
27041,6.665365
27042,4.752486
27043,11.810199
27044,8.464582
27045,10.971006
27046,0.036811836
27047,8.880194
27048,13.423817
27049,2.3777328
27050,9.75167
27051,9.930001
27052,5.7553377
27053,4.0674844
27054,6.2563496
27055,9.21011
27056,8.458963
27057,3.3786776
27058,1.1873642
27059,0.12799107
27060,3.4246445
27061,5.6130576
27062,5.2087545
27063,9.989304
27064,0.10913214
27065,6.618269
27066,8.146502
27067,1.7155012
27068,6.9535494
27069,9.275636
27070,2.7264755
27071,1.5228748
27072,3.1979566
27073,9.953888
27074,26.06027
27075,7.425737
27076,7.1952815
27077,0.122547165
27078,4.1610637
27079,3.748489
27080,8.548848
27081,1.2833333
27082,7.39836
27083,8.934889
27084,7.9804735
27085,8.811213
27086,9.192586
27087,8.146015
27088,6.0995893
27089,4.766667
27090,5.121987
27091,5.2883863
27092,0.55
27093,15.727253
27094,19.923132
27095,2.7089198
27096,3.6450622
27097,10.294525
27098,9.976109
27099,8.654943
27100,8.6928835
27101,3.6186383
27102,3.0753055
27103,12.167114
27104,1.4666667
27105,17.405304
27106,6.267126
27107,10.287746
27108,2.5666666
27109,5.265792
27110,9.551844
27111,7.734736
27112,2.5879939
27113,4.4359536
27114,4.479551
27115,5.9638267
27116,9.297259
27117,7.58799
27118,8.715208
27119,19.130106
27120,4.939612
27121,14.26311
27122,6.1816297
27123,17.711336
27124,6.6707935
27125,4.565438
27126,4.1554375
27127,9.585881
27128,18.085348
27129,10.459591
27130,46.37158
27131,19.746378
27132,7.348084
27133,0.0316143
27134,9.908978
27135,3.383461
27136,5.566954
27137,10.009217
27138,1.131749
27139,15.986062
27140,9.009283
27141,8.173078
27142,1.3034662
27143,3.8872244
27144,4.213364
27145,9.750684
27146,7.1744285
27147,0.81427896
27148,10.228808
27149,18.394663
27150,8.464559
27151,9.677187
27152,11.502112
27153,8.199803
27154,9.209791
27155,8.927822
27156,11.11405
27157,8.593209
27158,8.832137
27159,9.053843
27160,5.2071176
27161,4.675031
27162,0.36271417
27163,5.182179
27164,3.553947
27165,14.586935
27166,2.141166
27167,1.0177611
27168,23.234035
27169,16.847776
27170,10.053842
27171,9.480144
27172,11.935711
27173,9.141833
27174,17.784307
27175,6.9224343
27176,4.8590827
27177,2.558462
27178,3.7439537
27179,1.9293995
27180,2.0166667
27181,12.870821
27182,6.5075793
27183,8.562391
27184,3.7982783
27185,5.5850983
27186,8.221436
27187,8.003919
27188,9.702635
27189,0.15833381
27190,7.75493
27191,4.2182612
27192,4.6790767
27193,3.85
27194,23.474377
27195,6.697321
27196,10.480045
27197,7.8929667
27198,0.5882025
27199,8.005485
27200,7.15
27201,5.3166666
27202,18.235771
27203,5.598895
27204,8.326381
27205,18.613712
27206,9.545057
27207,2.0166667
27208,8.760707
27209,6.4880695
27210,7.844282
27211,0.0281016
27212,22.377275
27213,1.65
27214,5.0545373
27215,10.634074
27216,2.6723862
27217,4.2475944
27218,1.6359569
27219,9.093847
27220,20.19229
27221,5.8094587
27222,0.4905701
27223,21.337988
27224,6.1049533
27225,6.361207
27226,8.755884
27227,8.910736
27228,3.016504
27229,4.948465
27230,1.8333334
27231,4.5592065
27232,9.406965
27233,7.5007586
27234,4.7945895
27235,5.431167
27236,10.118579
27237,5.4745035
27238,4.867506
27239,8.869283
27240,0.7357121
27241,7.0088143
27242,18.060001
27243,6.7235303
27244,6.973227
27245,19.312338
27246,6.170631
27247,9.289638
27248,4.766667
27249,3.3234918
27250,9.364256
27251,4.056883
27252,3.0493264
27253,6.761566
27254,5.6068106
27255,2.7756848
27256,5.9684997
27257,17.987337
27258,7.723825
27259,10.130174
27260,18.239546
27261,8.98722
27262,5.6833334
27263,3.8158097
27264,6.0468674
27265,3.8379583
27266,5.3166666
27267,4.3137155
27268,8.572851
27269,4.8931437
27270,3.250337
27271,0.55655634
27272,11.0568905
27273,9.710703
27274,9.494374
27275,9.164914
27276,13.602012
27277,0.57893085
27278,4.3419814
27279,8.758917
27280,11.8883705
27281,9.752138
27282,11.366667
27283,20.230772
27284,8.431691
27285,4.078913
27286,31.89019
27287,6.684733
27288,8.544859
27289,8.7549925
27290,20.138424
27291,7.028938
27292,0.33775172
27293,8.259281
27294,0.22337437
27295,10.049977
27296,15.462275
27297,1.129055
27298,14.389008
27299,8.350474
27300,2.3833334
27301,16.487083
27302,1.033489
27303,0.36666667
27304,7.629648
27305,3.0086205
27306,2.1628618
27307,11.497546
27308,17.67726
27309,9.433763
27310,10.416062
27311,2.662905
27312,7.611363
27313,22.547508
27314,6.141352
27315,0.07376671
27316,7.974752
27317,14.38351
27318,28.001904
27319,5.133333
27320,5.397913
27321,6.930239
27322,9.614411
27323,7.615645
27324,9.647953
27325,6.9984384
27326,2.6778412
27327,5.376359
27328,3.5633075
27329,4.1736274
27330,5.133895
27331,17.936047
27332,7.4931684
27333,8.249925
27334,7.3094707
27335,15.885019
27336,2.5666666
27337,14.381933
27338,6.3681874
27339,8.904116
27340,7.112786
27341,8.353674
27342,6.869734
27343,9.086558
27344,0.46454442
27345,3.6993937
27346,3.5480413
27347,8.194603
27348,8.286381
27349,8.378425
27350,3.6666667
27351,3.36675
27352,0.10231945
27353,8.896554
27354,8.530996
27355,7.4471893
27356,3.044334
27357,4.7646327
27358,9.021206
27359,7.527248
27360,18.719385
27361,2.542255
27362,4.197127
27363,2.7540486
27364,0.48985064
27365,2.4220395
27366,1.4094731
27367,9.294285
27368,0.023028983
27369,25.926863
27370,7.343893
27371,5.5239477
27372,2.8288944
27373,7.9615793
27374,2.6123168
27375,3.4301178
27376,2.4304965
27377,6.802386
27378,3.0646386
27379,4.5313287
27380,9.10958
27381,7.3514657
27382,6.798014
27383,10.168583
27384,14.22804
27385,8.954354
27386,9.085074
27387,7.5224853
27388,6.1153655
27389,4.985371
27390,9.996102
27391,7.0688925
27392,7.593292
27393,8.883183
27394,4.4288135
27395,3.1336522
27396,6.538884
27397,3.839988
27398,0.4668679
27399,4.231467
27400,0.760079
27401,6.1846714
27402,7.1955304
27403,8.072137
27404,8.189776
27405,9.030001
27406,1.1850295
27407,5.38146
27408,8.33356
27409,14.555308
27410,6.5784283
27411,16.449846
27412,6.546044
27413,8.015615
27414,7.0289516
27415,3.1107852
27416,3.8535397
27417,7.031612
27418,7.028663
27419,10.405915
27420,6.4665437
27421,4.186923
27422,3.997148
27423,0.43031704
27424,17.492388
27425,6.7917013
27426,5.7216463
27427,7.166019
27428,3.1717217
27429,2.2667596
27430,3.8390813
27431,3.4532008
27432,6.9544835
27433,7.933081
27434,6.2003736
27435,1.9886088
27436,6.712575
27437,2.10589
27438,5.491061
27439,6.497461
27440,7.2508526
27441,4.18734
27442,3.1793325
27443,8.515893
27444,7.5117764
27445,6.6210814
27446,8.184268
27447,6.3467326
27448,7.1595736
27449,5.866662
27450,8.123414
27451,6.904608
27452,15.980216
27453,17.871737
27454,6.088464
27455,8.412377
27456,6.8511205
27457,3.8682668
27458,5.3648944
27459,14.872162
27460,14.982054
27461,7.2393184
27462,9.695099
27463,0.18333334
27464,6.361547
27465,8.021306
27466,11.214068
27467,3.5290368
27468,1.8333334
27469,6.0080743
27470,9.515414
27471,7.208234
27472,7.421714
27473,6.6921473
27474,7.616349
27475,18.070704
27476,14.247431
27477,1.2833333
27478,6.143098
27479,7.7884765
27480,0.88802993
27481,5.5427623
27482,8.809574
27483,8.146447
27484,13.839894
27485,5.9142785
27486,9.642729
27487,8.046788
27488,7.353956
27489,6.490741
27490,0.27859244
27491,7.388399
27492,7.576819
27493,0.40839085
27494,11.925353
27495,3.2062528
27496,18.45269
27497,4.446255
27498,3.8438363
27499,3.435528
27500,6.719916
27501,7.2226872
27502,0.15885049
27503,0.18588816
27504,4.7799816
27505,17.916208
27506,6.6604185
27507,6.6432953
27508,7.6568117
27509,0.25993982
27510,0.35969624
27511,6.7369556
27512,2.0166667
27513,9.630766
27514,2.1612985
27515,8.895364
27516,15.729374
27517,15.524276
27518,6.6572485
27519,7.658212
27520,9.768856
27521,0.8831681
27522,4.708557
27523,12.338862
27524,4.0470486
27525,7.772741
27526,6.428258
27527,0.60259575
27528,3.8376806
27529,2.2464309
27530,0.18333334
27531,8.614542
27532,5.5884957
27533,25.352312
27534,2.3537297
27535,0.08466298
27536,4.18477
27537,0.29726458
27538,3.2251506
27539,4.089558
27540,8.104364
27541,6.995152
27542,5.7993774
27543,15.34505
27544,7.143684
27545,2.9926796
27546,4.406278
27547,3.779493
27548,4.8644767
27549,6.945873
27550,7.944191
27551,0.55
27552,9.365116
27553,3.9639893
27554,7.6558013
27555,10.922036
27556,8.588614
27557,9.402858
27558,6.7093678
27559,3.224391
27560,0.16957517
27561,5.1381273
27562,8.077252
27563,7.4810147
27564,7.379434
27565,2.9439464
27566,4.1781898
27567,2.5309632
27568,13.415599
27569,1.1552571
27570,6.570677
27571,0.106279306
27572,3.3333313
27573,3.36675
27574,7.831903
27575,2.5666666
27576,3.6896853
27577,0.42675906
27578,5.6126866
27579,4.2847147
27580,6.993469
27581,7.8836255
27582,2.380101
27583,0.4813515
27584,3.7621422
27585,0.23155914
27586,7.1610885
27587,2.1492088
27588,0.6870323
27589,3.5601268
27590,8.359051
27591,8.665912
27592,7.230189
27593,9.046775
27594,7.0637665
27595,7.3090878
27596,6.918703
27597,5.5930786
27598,10.153975
27599,0.7197061
27600,7.023546
27601,7.5246453
27602,7.8789363
27603,5.8716207
27604,8.98438
27605,8.205835
27606,9.834774
27607,7.1524515
27608,0.66799736
27609,3.3672063
27610,2.0274913
27611,6.4166665
27612,8.14637
27613,7.5551333
27614,2.3769696
27615,0.97014797
27616,3.507282
27617,3.1996076
27618,4.4031615
27619,8.5658455
27620,5.9067893
27621,3.0795176
27622,4.8945975
27623,7.6329784
27624,7.1420126
27625,0.090606466
27626,4.0333333
27627,2.800058
27628,7.909388
27629,13.693513
27630,5.4609814
27631,12.620698
27632,2.0423262
27633,0.50098705
27634,6.8346243
27635,8.092017
27636,8.012058
27637,6.443802
27638,6.743219
27639,17.704586
27640,6.827161
27641,0.75992703
27642,5.716927
27643,6.6593404
27644,6.2036123
27645,0.15585607
27646,1.1
27647,24.431143
27648,3.639344
27649,17.485983
27650,5.3756003
27651,0.12979838
27652,7.2350554
27653,0.9166667
27654,5.086083
27655,1.2206832
27656,0.18333334
27657,10.808008
27658,7.8682036
27659,6.920364
27660,0.30829626
27661,3.1909328
27662,2.9482343
27663,2.9333334
27664,7.7
27665,3.9228373
27666,7.158422
27667,6.9618053
27668,9.735377
27669,4.067137
27670,7.23662
27671,25.178402
27672,1.0155835
27673,2.6187613
27674,7.172639
27675,7.564994
27676,6.8091254
27677,8.483737
27678,7.6699066
27679,7.0232286
27680,3.7210793
27681,3.2783585
27682,2.0568817
27683,5.034781
27684,2.618443
27685,4.5842133
27686,6.7895265
27687,6.404376
27688,7.75894
27689,7.7523623
27690,3.5555496
27691,0.93129414
27692,2.6992483
27693,6.205001
27694,4.922895
27695,2.3884714
27696,15.775657
27697,7.4393525
27698,2.4368234
27699,3.0094755
27700,0.79502684
27701,8.590497
27702,6.5037894
27703,7.6524496
27704,9.03358
27705,7.730166
27706,2.5382895
27707,2.9092875
27708,7.737082
27709,3.8697422
27710,12.661544
27711,7.302914
27712,0.23873886
27713,3.7120483
27714,3.3250782
27715,7.607665
27716,0.10563241
27717,9.719128
27718,1.5577227
27719,13.40743
27720,24.005138
27721,6.287673
27722,17.817211
27723,10.353399
27724,3.4091477
27725,6.8299923
27726,19.14549
27727,1.65
27728,3.4939117
27729,10.089938
27730,6.878236
27731,8.367222
27732,6.2208295
27733,7.331728
27734,8.00769
27735,3.8476148
27736,3.3031917
27737,6.0814743
27738,8.06109
27739,1.8333334
27740,5.1188345
27741,18.354956
27742,5.2292204
27743,0.64791375
27744,7.657781
27745,5.6274924
27746,7.0609875
27747,2.6915288
27748,5.0752125
27749,7.082043
27750,2.5287576
27751,3.5554514
27752,4.2972403
27753,1.2833333
27754,17.56409
27755,5.908602
27756,9.080933
27757,7.468522
27758,5.564728
27759,33.065037
27760,5.049748
27761,8.673757
27762,0.6870469
27763,8.673577
27764,7.300231
27765,16.035513
27766,14.113695
27767,7.901098
27768,6.6788716
27769,7.9013724
27770,7.21516
27771,9.154395
27772,7.7417827
27773,0.9166667
27774,6.2308908
27775,10.93666
27776,15.125401
27777,6.3112307
27778,0.25874406
27779,10.171487
27780,7.3826895
27781,4.078037
27782,3.037439
27783,8.602578
27784,2.5127223
27785,5.7912526
27786,8.019383
27787,7.7011886
27788,4.4
27789,12.512238
27790,6.872297
27791,9.133909
27792,1.7928596
27793,5.566207
27794,8.106276
27795,9.875088
27796,17.829504
27797,1.9668342
27798,4.258731
27799,8.120336
27800,6.778994
27801,8.123528
27802,9.24479
27803,8.733088
27804,6.9041085
27805,7.4167104
27806,3.2592402
27807,4.7110076
27808,6.9221244
27809,1.6449527
27810,4.5580974
27811,7.8103943
27812,6.9034963
27813,4.0333333
27814,4.86067
27815,17.48889
27816,6.4921894
27817,7.6958313
27818,21.735762
27819,5.314177
27820,9.473499
27821,6.3866878
27822,7.925588
27823,7.1092367
27824,7.6485677
27825,7.648185
27826,6.243285
27827,4.595966
27828,3.8217576
27829,3.0517888
27830,4.12359
27831,7.6657796
27832,9.343284
27833,6.9077883
27834,7.516931
27835,17.57264
27836,5.7208037
27837,9.602836
27838,7.3985763
27839,7.781565
27840,12.283334
27841,13.625063
27842,7.9170613
27843,2.5260136
27844,3.9138
27845,7.9551105
27846,9.514312
27847,2.0166667
27848,6.156527
27849,17.413395
27850,2.2
27851,4.73115
27852,7.6126637
27853,14.129945
27854,7.927014
27855,8.749914
27856,3.8387442
27857,3.4261432
27858,8.027024
27859,6.4899597
27860,6.1604767
27861,7.755645
27862,6.8904433
27863,3.5126035
27864,4.2504725
27865,13.748749
27866,15.182292
27867,2.0371852
27868,5.6043015
27869,6.611822
27870,9.300382
27871,15.169765
27872,5.3696694
27873,8.44528
27874,5.690575
27875,14.377889
27876,5.83954
27877,3.1726289
27878,4.493048
27879,6.6
27880,8.187487
27881,7.938497
27882,6.7586074
27883,4.063903
27884,2.1991823
27885,0.20780972
27886,3.3209329
27887,3.9205377
27888,2.9980266
27889,3.609576
27890,7.8307467
27891,8.066667
27892,8.927149
27893,7.4239674
27894,7.611367
27895,8.462637
27896,2.335915
27897,3.2701006
27898,1.8619708
27899,6.668299
27900,5.8024216
27901,4.2752604
27902,4.0817714
27903,1.3327307
27904,6.0961285
27905,6.8319774
27906,6.930376
27907,1.8983598
27908,11.908657
27909,7.922117
27910,6.7869873
27911,6.8638864
27912,0.44189277
27913,3.692302
27914,2.6123607
27915,8.759267
27916,3.9571574
27917,3.9687526
27918,5.9427776
27919,2.0166667
27920,4.8129396
27921,7.9394903
27922,6.0622153
27923,3.0025258
27924,19.42132
27925,4.201052
27926,7.466275
27927,8.587183
27928,1.4666667
27929,4.6906247
27930,0.00077433063
27931,4.080619
27932,6.713038
27933,4.563149
27934,6.5035486
27935,5.3158774
27936,8.100512
27937,7.0999994
27938,8.154548
27939,17.467432
27940,3.1105692
27941,11.96314
27942,8.004781
27943,2.8665965
27944,10.308799
27945,8.707303
27946,6.4577656
27947,7.104072
27948,7.100473
27949,8.700711
27950,8.045133
27951,9.656818
27952,17.964062
27953,6.824043
27954,7.2409415
27955,6.3811946
27956,8.585327
27957,9.797184
27958,2.0548236
27959,3.3587127
27960,8.663881
27961,7.325594
27962,9.083315
27963,7.785281
27964,14.699524
27965,2.582603
27966,3.8037562
27967,23.998503
27968,14.900035
27969,5.9447513
27970,3.6132474
27971,3.5725453
27972,7.737735
27973,6.5148892
27974,17.733953
27975,6.459142
27976,2.5958548
27977,4.886442
27978,3.4900205
27979,3.092907
27980,11.619372
27981,9.430201
27982,8.504468
27983,8.904836
27984,0.7975947
27985,6.3480663
27986,9.683863
27987,2.7489276
27988,0.33211434
27989,3.1733243
27990,16.827301
27991,13.484522
27992,16.65019
27993,5.4706163
27994,9.18973
27995,7.1973186
27996,6.8129277
27997,15.118927
27998,9.131936
27999,2.2
28000,15.050736
28001,14.470428
28002,8.938211
28003,8.268887
28004,0.9665559
28005,11.989627
28006,2.9832902
28007,3.614918
28008,7.861916
28009,27.37255
28010,0.010502472
28011,17.233334
28012,0.35794702
28013,6.665222
28014,8.498666
28015,7.885816
28016,8.433333
28017,13.991096
28018,2.471379
28019,2.7923584
28020,8.601263
28021,7.2453623
28022,14.87744
28023,6.235087
28024,6.694239
28025,7.6741943
28026,3.507389
28027,3.740115
28028,0.52632916
28029,7.995653
28030,5.7503057
28031,9.6622925
28032,7.6436434
28033,30.003279
28034,5.2003508
28035,4.0333333
28036,4.648409
28037,7.2515717
28038,8.764318
28039,8.020418
28040,7.522887
28041,7.9597497
28042,7.1054993
28043,6.7633944
28044,0.9059765
28045,2.566151
28046,4.1544256
28047,8.099051
28048,6.2604523
28049,5.619611
28050,7.9444456
28051,7.5693564
28052,16.306473
28053,6.8177643
28054,7.996115
28055,4.0333333
28056,6.4021883
28057,6.675201
28058,7.7066865
28059,15.213285
28060,7.17923
28061,7.085194
28062,6.942756
28063,5.0338593
28064,2.831801
28065,6.084499
28066,2.4986374
28067,6.015833
28068,3.1278303
28069,4.1292353
28070,5.7303357
28071,7.025713
28072,7.146516
28073,6.5550323
28074,6.2522492
28075,7.826938
28076,8.331034
28077,2.4804947
28078,4.5285697
28079,6.1248465
28080,6.817329
28081,0.5896798
28082,3.702641
28083,8.160249
28084,8.895832
28085,3.3302193
28086,2.5100756
28087,6.8595347
28088,1.948495
28089,2.8166037
28090,11.422597
28091,3.944798
28092,0.6152448
28093,3.6042054
28094,6.9942245
28095,7.2851567
28096,7.095887
28097,10.050399
28098,4.2166667
28099,11.434505
28100,7.6511703
28101,7.4206157
28102,5.196832
28103,10.71099
28104,4.534765
28105,6.6741996
28106,7.073323
28107,7.7867765
28108,10.389589
28109,2.2
28110,12.544317
28111,8.0606785
28112,7.9381633
28113,7.8680563
28114,5.6279383
28115,1.4810295
28116,8.794591
28117,8.631109
28118,13.153669
28119,10.280751
28120,7.7129397
28121,9.248734
28122,4.772528
28123,9.137071
28124,9.089866
28125,1.6250501
28126,6.4516735
28127,1.7825133
28128,4.487237
28129,1.9531116
28130,7.5868573
28131,8.410243
28132,5.643699
28133,1.0281395
28134,14.707717
28135,7.5277777
28136,15.120126
28137,7.3723874
28138,7.65511
28139,8.223189
28140,5.3166666
28141,9.074129
28142,1.1240044
28143,6.999008
28144,18.595081
28145,7.8688507
28146,15.270826
28147,6.4985886
28148,28.796785
28149,5.655553
28150,27.243221
28151,1.3723247
28152,2.6720877
28153,0.014836159
28154,4.0057626
28155,8.890261
28156,7.092369
28157,0.73333335
28158,7.3930826
28159,23.439018
28160,7.578682
28161,8.942033
28162,8.534088
28163,15.012198
28164,7.147689
28165,6.9449077
28166,7.8036146
28167,15.675403
28168,6.532845
28169,8.782727
28170,2.75
28171,4.605336
28172,8.679153
28173,6.3005857
28174,5.343219
28175,3.6584234
28176,4.7358837
28177,4.76452
28178,18.092379
28179,12.999776
28180,3.1687129
28181,7.771377
28182,5.7425685
28183,9.351497
28184,0.56239915
28185,7.675906
28186,19.622189
28187,7.820528
28188,7.9767275
28189,5.6246204
28190,9.271291
28191,5.0087914
28192,3.0421875
28193,7.330893
28194,9.9
28195,7.415137
28196,8.8208685
28197,1.0753982
28198,3.4310389
28199,3.1952844
28200,5.092159
28201,3.8556128
28202,16.968454
28203,4.121467
28204,12.2393465
28205,4.8359404
28206,15.776774
28207,7.467988
28208,2.7074466
28209,0.25191525
28210,3.488057
28211,3.4833333
28212,11.24425
28213,6.971973
28214,7.5073266
28215,4.780957
28216,3.943837
28217,15.653259
28218,8.201304
28219,7.9029064
28220,8.06969
28221,16.369886
28222,0.9166667
28223,8.520636
28224,6.4319816
28225,6.7863607
28226,5.5347624
28227,9.556157
28228,5.1349735
28229,2.5495715
28230,5.269644
28231,8.384035
28232,1.2413353
28233,8.977864
28234,6.0950346
28235,2.549689
28236,0.010723063
28237,5.790454
28238,7.0790234
28239,6.0032916
28240,8.220579
28241,5.405342
28242,25.45596
28243,23.853024
28244,4.2119517
28245,14.812977
28246,3.85
28247,10.088436
28248,6.997689
28249,4.8380275
28250,4.140096
28251,3.2662091
28252,1.5054015
28253,3.7048874
28254,9.758108
28255,7.349009
28256,7.9425793
28257,13.651198
28258,7.6902933
28259,25.421953
28260,7.5131817
28261,7.277409
28262,7.6036754
28263,4.7433724
28264,3.3905585
28265,5.133333
28266,27.300415
28267,3.130937
28268,7.8199005
28269,8.069596
28270,2.4032378
28271,12.347045
28272,7.0145917
28273,7.348352
28274,6.525999
28275,2.0765345
28276,5.341127
28277,4.275589
28278,3.7565675
28279,2.0625226
28280,6.648142
28281,6.3222475
28282,6.7289815
28283,8.306925
28284,7.7693205
28285,1.1826969
28286,4.057679
28287,11.618961
28288,2.8265612
28289,0.25143695
28290,10.250026
28291,1.1864117
28292,2.769472
28293,12.130159
28294,2.429805
28295,4.494974
28296,1.849817
28297,5.561168
28298,3.0716128
28299,7.488797
28300,5.2382536
28301,7.7164974
28302,7.9673414
28303,2.063905
28304,4.354472
28305,9.07831
28306,7.384683
28307,8.132373
28308,7.8543096
28309,7.3177075
28310,2.1499436
28311,6.127083
28312,7.230723
28313,6.6428356
28314,6.7536087
28315,22.35302
28316,6.2312
28317,7.291503
28318,6.883951
28319,7.7876525
28320,8.2912245
28321,6.28551
28322,20.143
28323,3.2587266
28324,0.03678293
28325,1.9862785
28326,16.282444
28327,2.5002697
28328,6.8229594
28329,5.2505155
28330,6.9176726
28331,6.079799
28332,9.529333
28333,9.345156
28334,2.6792917
28335,2.9333334
28336,9.802427
28337,8.212365
28338,6.9812617
28339,8.827987
28340,8.060306
28341,9.37136
28342,7.617354
28343,8.521013
28344,1.4111099
28345,5.555831
28346,8.808595
28347,7.0266094
28348,7.5443325
28349,9.071051
28350,8.628066
28351,7.362071
28352,7.4139943
28353,7.1176715
28354,9.1839905
28355,3.4229133
28356,7.9173303
28357,7.6978016
28358,8.370083
28359,7.174917
28360,0.9225658
28361,7.4345193
28362,6.33376
28363,15.03244
28364,7.234826
28365,19.378803
28366,1.5899653
28367,4.7686667
28368,7.8746524
28369,5.898462
28370,4.298044
28371,3.7183654
28372,12.53633
28373,8.292571
28374,9.447658
28375,15.121652
28376,8.07374
28377,7.439278
28378,2.9721456
28379,3.141768
28380,8.617889
28381,6.1805797
28382,3.4624877
28383,3.3
28384,6.8207498
28385,8.496449
28386,8.399581
28387,4.2812295
28388,0.27450392
28389,2.6673493
28390,8.521657
28391,6.7618756
28392,7.942618
28393,7.5656753
28394,1.7785197
28395,0.36666667
28396,4.995236
28397,7.025016
28398,6.136589
28399,6.8508706
28400,6.7058845
28401,0.04874852
28402,7.800445
28403,15.411778
28404,1.6257756
28405,0.2989357
28406,3.0961707
28407,9.264039
28408,9.215853
28409,6.571229
28410,0.79022884
28411,10.339035
28412,5.3166666
28413,10.151572
28414,8.509496
28415,7.5349717
28416,8.138195
28417,1.8333334
28418,5.6782746
28419,10.57242
28420,7.067315
28421,7.7763467
28422,8.622259
28423,4.005804
28424,2.2
28425,2.266098
28426,7.195765
28427,5.727489
28428,8.1376705
28429,16.493914
28430,12.2314205
28431,7.65093
28432,7.41445
28433,6.559687
28434,7.852457
28435,15.153347
28436,14.712139
28437,7.380659
28438,8.96242
28439,12.982885
28440,8.100022
28441,7.2703624
28442,9.07857
28443,2.7204096
28444,3.8213708
28445,6.455839
28446,7.6271024
28447,1.2194186
28448,5.9793763
28449,2.7391407
28450,4.372954
28451,9.575421
28452,1.1
28453,6.3728824
28454,8.135163
28455,2.0166667
28456,14.21332
28457,5.3695073
28458,6.9982376
28459,3.743422
28460,2.8454196
28461,8.905684
28462,12.466666
28463,18.736963
28464,5.1231227
28465,9.374753
28466,7.1510944
28467,6.7888703
28468,2.7339063
28469,4.285625
28470,5.3166666
28471,2.3381796
28472,8.607161
28473,9.640396
28474,7.7657027
28475,15.888198
28476,3.4833333
28477,10.821759
28478,7.6532764
28479,7.7023096
28480,6.1790648
28481,8.385271
28482,15.562496
28483,6.9249697
28484,5.6833334
28485,4.0559587
28486,0.46494633
28487,3.0962148
28488,14.695124
28489,7.171463
28490,2.3470738
28491,4.841095
28492,6.7110257
28493,1.2600024
28494,7.038758
28495,3.3093474
28496,3.1758878
28497,2.5666666
28498,4.501139
28499,11.222064
28500,1.308021
28501,23.859865
28502,5.7222247
28503,2.775206
28504,3.165424
28505,0.445098
28506,8.716125
28507,8.383443
28508,8.569453
28509,7.358062
28510,8.769476
28511,2.2160215
28512,6.4673715
28513,6.816583
28514,8.851648
28515,6.0630217
28516,8.351744
28517,0.21419546
28518,7.4501386
28519,15.154631
28520,5.859339
28521,1.8070672
28522,6.112757
28523,4.0081515
28524,5.7812295
28525,8.205154
28526,1.7149022
28527,6.7589645
28528,9.329208
28529,8.589276
28530,7.488213
28531,0.1173503
28532,6.913061
28533,6.8982415
28534,16.246494
28535,6.5551353
28536,8.708799
28537,7.0354595
28538,8.38456
28539,5.8777375
28540,8.516774
28541,8.227498
28542,6.7352552
28543,3.502773
28544,3.61633
28545,7.883333
28546,5.020864
28547,3.9520757
28548,7.5095882
28549,1.2485394
28550,27.99812
28551,1.6373756
28552,3.2256162
28553,0.7374174
28554,3.6662002
28555,2.744845
28556,3.8279715
28557,4.690327
28558,9.333455
28559,24.490374
28560,1.1819178
28561,3.9609947
28562,0.7864061
28563,8.02254
28564,7.2259593
28565,8.067049
28566,7.9187403
28567,8.689017
28568,8.035003
28569,7.9043527
28570,8.026793
28571,18.983948
28572,14.644018
28573,7.762634
28574,16.636442
28575,5.8461275
28576,8.226493
28577,2.0166667
28578,6.164393
28579,8.492107
28580,1.4844017
28581,6.7543426
28582,0.9166667
28583,8.069354
28584,4.2286973
28585,3.6538453
28586,9.282652
28587,8.1840925
28588,7.4282956
28589,2.9333334
28590,5.2460356
28591,1.0169852
28592,0.29371545
28593,6.344253
28594,9.16462
28595,8.510466
28596,9.507039
28597,8.242382
28598,7.443178
28599,0.9166667
28600,14.191931
28601,7.3561797
28602,8.092597
28603,4.0417066
28604,3.63163
28605,2.8773727
28606,3.3729744
28607,8.72236
28608,5.6833334
28609,8.4031925
28610,1.8333334
28611,7.0333047
28612,7.5510693
28613,4.9261193
28614,5.0979714
28615,6.7074966
28616,7.8253045
28617,9.5925255
28618,8.248223
28619,8.62347
28620,17.0208
28621,7.6710687
28622,2.8371077
28623,0.0462213
28624,2.4959502
28625,7.626353
28626,8.387734
28627,7.9375744
28628,4.2891736
28629,10.095169
28630,6.4477286
28631,7.382478
28632,7.885463
28633,7.8437815
28634,16.952206
28635,6.843739
28636,7.9091525
28637,7.48616
28638,7.143861
28639,8.194402
28640,14.938631
28641,6.5023136
28642,11.733334
28643,12.582265
28644,2.517751
28645,4.4892945
28646,9.847408
28647,5.866657
28648,9.234233
28649,6.7840924
28650,4.7147217
28651,1.9217756
28652,0.9166667
28653,8.509543
28654,2.2
28655,6.3969355
28656,11.646396
28657,2.260202
28658,6.5332823
28659,2.7554069
28660,8.4752
28661,2.844111
28662,3.5481694
28663,10.358146
28664,6.7231884
28665,6.8510766
28666,1.6223155
28667,1.8333334
28668,12.176679
28669,7.5459394
28670,1.831733
28671,5.562551
28672,0.9166667
28673,15.4894285
28674,6.249422
28675,7.1533685
28676,5.8790903
28677,12.303583
28678,8.079096
28679,16.102573
28680,7.883333
28681,14.457482
28682,5.3817105
28683,16.438679
28684,5.483422
28685,5.6486483
28686,6.6549215
28687,3.1166666
28688,5.5848446
28689,15.1562195
28690,3.1923594
28691,4.725113
28692,6.655225
28693,1.0213763
28694,6.8407745
28695,17.175915
28696,4.707357
28697,7.313509
28698,16.704803
28699,2.2838979
28700,3.228939
28701,0.6599257
28702,4.0085177
28703,4.2493887
28704,6.2471366
28705,5.91253
28706,3.0007026
28707,1.8333334
28708,1.756128
28709,9.373738
28710,6.3623266
28711,26.889181
28712,4.81244
28713,7.7980328
28714,6.5052156
28715,7.3726125
28716,7.8025036
28717,2.2278814
28718,19.99865
28719,6.6503243
28720,7.240343
28721,6.8274975
28722,7.2999825
28723,3.6726644
28724,14.080954
28725,3.357659
28726,6.527587
28727,18.479198
28728,0.64673257
28729,5.694995
28730,9.1525545
28731,7.429134
28732,7.686495
28733,6.3071733
28734,9.098907
28735,0.34550822
28736,6.521844
28737,6.128514
28738,4.083388
28739,1.9087203
28740,8.554673
28741,1.5603496
28742,5.4661407
28743,8.455807
28744,7.322041
28745,7.07023
28746,8.61997
28747,8.972543
28748,19.146065
28749,4.7087393
28750,6.1157117
28751,2.75
28752,5.293872
28753,9.675982
28754,20.21407
28755,4.7052
28756,1.5067004
28757,14.045307
28758,6.194567
28759,9.261303
28760,16.135454
28761,15.286987
28762,7.4904966
28763,0.15504745
28764,6.9872265
28765,2.5666666
28766,3.2742517
28767,8.623401
28768,6.022003
28769,8.19627
28770,5.6535697
28771,9.386536
28772,0.7765263
28773,6.282424
28774,7.6103916
28775,7.798689
28776,8.318782
28777,6.63471
28778,7.7918835
28779,7.4814105
28780,8.224253
28781,7.5414124
28782,7.159064
28783,11.034031
28784,8.142587
28785,0.18333334
28786,9.62687
28787,6.076339
28788,6.5290813
28789,6.8915033
28790,11.183333
28791,11.667153
28792,5.7576237
28793,7.7988772
28794,7.8111024
28795,2.5666666
28796,8.182147
28797,2.9299636
28798,9.345965
28799,8.341876
28800,8.026823
28801,6.7444386
28802,5.133333
28803,1.464563
28804,7.531017
28805,7.2163067
28806,8.286464
28807,0.7355748
28808,10.924505
28809,4.595853
28810,8.5746355
28811,3.1567008
28812,3.273546
28813,0.43759
28814,2.5666666
28815,3.8434236
28816,7.2003875
28817,14.775068
28818,3.4902165
28819,16.251537
28820,8.287043
28821,6.6680937
28822,9.440541
28823,10.369537
28824,0.1867999
28825,6.4240375
28826,6.015594
28827,3.85
28828,3.2776484
28829,7.1596212
28830,13.898784
28831,7.288206
28832,13.373959
28833,6.395348
28834,7.1384563
28835,7.9426036
28836,7.800767
28837,3.0386248
28838,3.819106
28839,2.3833334
28840,11.438786
28841,6.5953307
28842,6.017082
28843,3.4748037
28844,4.82679
28845,16.858948
28846,7.8078165
28847,7.2110615
28848,0.9166667
28849,12.208781
28850,7.2982035
28851,5.1822314
28852,7.5957513
28853,8.287052
28854,1.3530642
28855,6.2004385
28856,7.664952
28857,6.5530996
28858,1.880839
28859,3.721795
28860,1.1071063
28861,1.019171
28862,4.069347
28863,7.530141
28864,3.6005292
28865,7.4378314
28866,1.1149724
28867,4.487618
28868,5.2533436
28869,1.7952613
28870,7.6958466
28871,9.868215
28872,6.6331706
28873,7.0221395
28874,6.2434115
28875,2.5381281
28876,5.0180306
28877,7.0601935
28878,2.6397815
28879,1.8048763
28880,3.1206899
28881,8.769946
28882,7.359204
28883,8.499052
28884,7.3213887
28885,8.473196
28886,7.848259
28887,5.042815
28888,13.042989
28889,0.3861753
28890,1.2833333
28891,27.563017
28892,4.2970295
28893,7.3184543
28894,0.42033902
28895,7.990675
28896,7.615389
28897,11.105903
28898,4.0091457
28899,8.8104515
28900,8.002668
28901,1.956797
28902,5.19714
28903,0.55
28904,6.400171
28905,3.836558
28906,3.0626051
28907,4.242493
28908,5.0765657
28909,8.586444
28910,1.1755122
28911,6.70709
28912,2.5901735
28913,1.2533095
28914,4.754997
28915,8.120042
28916,23.589441
28917,13.516846
28918,17.255854
28919,1.1854267
28920,4.552623
28921,7.8457227
28922,2.2
28923,10.293099
28924,12.5555525
28925,8.669008
28926,3.2189167
28927,8.773235
28928,6.970871
28929,7.3215027
28930,6.854889
28931,3.1188657
28932,0.40684706
28933,3.3817124
28934,8.3699
28935,0.9166667
28936,7.216948
28937,9.373718
28938,8.425574
28939,7.7900395
28940,5.227128
28941,3.930267
28942,9.145944
28943,7.3808303
28944,2.3833334
28945,14.595657
28946,2.1190932
28947,1.9872116
28948,11.442431
28949,7.9363737
28950,3.7228093
28951,13.642922
28952,6.6248965
28953,11.579942
28954,3.4930294
28955,2.619514
28956,0.73292106
28957,3.9470963
28958,8.380202
28959,0.36666667
28960,6.9814434
28961,7.516667
28962,10.716745
28963,4.4414077
28964,8.022964
28965,8.341644
28966,2.5126538
28967,0.870328
28968,3.298099
28969,8.244925
28970,8.6097975
28971,4.4
28972,3.8426697
28973,5.8900437
28974,1.0225232
28975,3.2478118
28976,3.8450127
28977,8.845265
28978,5.09639
28979,38.425316
28980,4.203905
28981,7.8733387
28982,5.9296904
28983,8.343721
28984,6.6843843
28985,3.733905
28986,1.2390219
28987,27.353422
28988,22.66497
28989,6.5707245
28990,17.314249
28991,5.7068167
28992,10.856951
28993,6.1411905
28994,37.090622
28995,6.719106
28996,6.3606315
28997,0.2555732
28998,2.749123
28999,3.8555593
29000,3.646186
29001,3.118308
29002,10.267422
29003,6.2740426
29004,8.036112
29005,8.446423
29006,2.714583
29007,6.090345
29008,7.1207795
29009,6.677507
29010,1.9994148
29011,10.08749
29012,16.744835
29013,7.974174
29014,3.153109
29015,4.0727534
29016,3.6707487
29017,2.8385246
29018,0.6298983
29019,5.046499
29020,3.8868208
29021,6.0197587
29022,1.8257734
29023,9.711465
29024,7.3660154
29025,14.95078
29026,7.8327856
29027,10.488334
29028,3.760125
29029,8.7591
29030,6.3978825
29031,3.7430604
29032,1.997004
29033,2.040077
29034,0.1381641
29035,15.784384
29036,5.6267657
29037,5.3969474
29038,6.493369
29039,0.18177167
29040,2.912801
29041,3.3885884
29042,4.8820515
29043,2.3262262
29044,4.766667
29045,0.86012447
29046,9.890329
29047,6.5118957
29048,8.182636
29049,5.361916
29050,8.883576
29051,7.9680147
29052,6.461171
29053,7.325359
29054,0.36666667
29055,3.4833333
29056,4.49691
29057,6.5403094
29058,7.9772124
29059,13.437334
29060,2.9712722
29061,8.198592
29062,6.9692698
29063,0.4932976
29064,2.9476614
29065,3.4910154
29066,9.389096
29067,7.0513926
29068,7.314268
29069,14.633795
29070,7.6340384
29071,8.310283
29072,7.9680524
29073,12.236849
29074,1.8598638
29075,8.2955265
29076,5.030836
29077,1.8333334
29078,11.67217
29079,7.105763
29080,7.4311094
29081,2.1754572
29082,12.903837
29083,16.744717
29084,1.846602
29085,4.081732
29086,0.36666667
29087,7.194389
29088,8.9810295
29089,7.460857
29090,6.125186
29091,8.675848
29092,8.439939
29093,6.363208
29094,0.117168985
29095,8.595547
29096,4.158954
29097,3.4304507
29098,2.2086017
29099,6.2113466
29100,15.640956
29101,4.481644
29102,3.7297099
29103,3.495755
29104,7.1895313
29105,8.01221
29106,6.600635
29107,6.8439007
29108,9.290597
29109,6.5752726
29110,7.991404
29111,7.8627186
29112,7.0027137
29113,1.8300761
29114,6.170641
29115,5.731899
29116,1.2359496
29117,6.3711824
29118,0.31067315
29119,6.452125
29120,1.1
29121,23.636744
29122,4.2581854
29123,15.688706
29124,6.122441
29125,7.570336
29126,8.794078
29127,7.657051
29128,6.736377
29129,4.596358
29130,3.0518963
29131,8.946145
29132,2.3833334
29133,4.9966674
29134,15.980449
29135,5.9976506
29136,7.049443
29137,6.892155
29138,5.3126826
29139,1.7970154
29140,4.5814886
29141,0.3180832
29142,3.4848897
29143,3.1899679
29144,7.7255073
29145,4.6852
29146,1.3881104
29147,0.18333334
29148,8.191143
29149,6.4074087
29150,16.087511
29151,7.211615
29152,16.683714
29153,1.500731
29154,3.9286642
29155,8.864285
29156,6.443504
29157,8.532592
29158,5.3593373
29159,9.35
29160,4.7397556
29161,2.5992765
29162,1.3968337
29163,3.2571824
29164,5.9602823
29165,9.527522
29166,6.0546813
29167,7.2811475
29168,6.6729503
29169,6.614234
29170,3.6133006
29171,2.986554
29172,9.648713
29173,12.835577
29174,6.91682
29175,8.702378
29176,1.65
29177,14.87051
29178,1.4511591
29179,5.432983
29180,7.7747107
29181,3.1408718
29182,4.030557
29183,3.0464416
29184,3.1506531
29185,7.905866
29186,15.385372
29187,8.293301
29188,4.898479
29189,1.9614532
29190,7.8981476
29191,16.55973
29192,6.030531
29193,9.91745
29194,8.279079
29195,7.8978148
29196,1.4144375
29197,5.8606486
29198,7.6168294
29199,9.486019
29200,6.639193
29201,0.18333334
29202,15.926386
29203,4.137297
29204,1.7124075
29205,0.35098252
29206,15.4709635
29207,7.8630085
29208,10.194365
29209,6.853434
29210,21.748617
29211,1.4612254
29212,5.6288786
29213,8.241333
29214,7.0090485
29215,7.215742
29216,7.441062
29217,4.0349092
29218,4.251241
29219,5.887441
29220,6.6152325
29221,7.5093174
29222,16.664711
29223,25.813366
29224,4.330782
29225,8.558569
29226,7.3550034
29227,16.333168
29228,2.2
29229,5.2875614
29230,6.0074377
29231,6.5854216
29232,6.4179106
29233,0.5996994
29234,22.46895
29235,5.4791965
29236,8.558092
29237,15.789797
29238,5.388601
29239,8.216764
29240,7.1654005
29241,0.43114045
29242,0.2827924
29243,4.9991574
29244,5.131915
29245,8.565189
29246,16.404196
29247,5.9729505
29248,13.2769575
29249,6.1967816
29250,6.8125224
29251,3.8434193
29252,2.9315083
29253,7.2529197
29254,7.2587667
29255,7.521574
29256,6.6850114
29257,2.1102617
29258,6.511665
29259,7.9059296
29260,15.754482
29261,14.807003
29262,6.0571775
29263,8.829598
29264,0.669546
29265,6.292936
29266,2.2
29267,4.5383224
29268,2.1240137
29269,3.9986389
29270,10.081733
29271,6.8924932
29272,7.3194094
29273,7.010246
29274,7.7702627
29275,8.126938
29276,7.6890397
29277,2.5372412
29278,4.8287354
29279,8.204908
29280,5.9311514
29281,10.7762165
29282,2.5987809
29283,0.2726281
29284,14.450305
29285,16.079117
29286,7.1546926
29287,8.186865
29288,6.8291993
29289,7.112329
29290,6.9015546
29291,6.448425
29292,6.710564
29293,9.497861
29294,3.3356054
29295,4.649585
29296,10.232066
29297,8.327181
29298,6.588965
29299,8.514985
29300,7.1397185
29301,5.1059055
29302,0.5664619
29303,10.247624
29304,6.344914
29305,30.240475
29306,5.8896866
29307,4.823962
29308,0.108406305
29309,4.743932
29310,8.4228735
29311,7.8104763
29312,5.4639173
29313,15.729135
29314,6.921202
29315,8.229604
29316,7.7344446
29317,3.1166666
29318,14.320715
29319,15.819705
29320,1.1
29321,4.9169545
29322,15.49432
29323,7.3361306
29324,2.9915917
29325,3.7174973
29326,6.845518
29327,8.961851
29328,7.2142763
29329,9.302905
29330,2.9333334
29331,4.20164
29332,7.789276
29333,6.832972
29334,7.7101765
29335,7.615395
29336,5.388861
29337,7.3118267
29338,23.341259
29339,6.48248
29340,6.809679
29341,26.133396
29342,4.3687873
29343,8.233206
29344,15.757127
29345,6.584485
29346,9.823735
29347,6.402812
29348,1.099961
29349,6.467097
29350,7.1941915
29351,8.188475
29352,3.2678907
29353,4.0154777
29354,8.945163
29355,16.66883
29356,5.547133
29357,3.670459
29358,3.1493986
29359,0.075389415
29360,5.055898
29361,2.9669456
29362,8.9236555
29363,7.2241464
29364,7.9882345
29365,15.626353
29366,8.833161
29367,6.1214213
29368,8.436179
29369,5.642935
29370,7.578653
29371,8.251028
29372,33.192654
29373,4.437938
29374,8.730264
29375,20.017658
29376,26.160097
29377,15.773138
29378,10.602446
29379,5.5529985
29380,8.708097
29381,7.487611
29382,8.398585
29383,6.714857
29384,4.440903
29385,2.703992
29386,7.1704965
29387,9.5606165
29388,7.3680496
29389,26.305695
29390,7.632117
29391,3.6181123
29392,3.3509738
29393,6.9500623
29394,10.064984
29395,7.538618
29396,3.0284555
29397,4.0346255
29398,17.314383
29399,7.38877
29400,9.096553
29401,15.37244
29402,7.861485
29403,28.188066
29404,3.4836886
29405,7.4831257
29406,2.75
29407,4.9819355
29408,7.4780445
29409,7.0677714
29410,8.744696
29411,15.446561
29412,5.731218
29413,7.42689
29414,8.530967
29415,14.92798
29416,3.7017367
29417,3.9355197
29418,6.400072
29419,7.911507
29420,7.898412
29421,8.11772
29422,1.3784015
29423,13.62759
29424,13.224155
29425,7.1497903
29426,2.7271678
29427,5.7273364
29428,3.6159816
29429,2.3833456
29430,6.9785757
29431,8.295124
29432,5.367125
29433,13.3140135
29434,8.535386
29435,2.82046
29436,3.9558783
29437,7.950338
29438,7.742498
29439,7.6495433
29440,5.3697176
29441,0.73333335
29442,7.9242983
29443,5.62089
29444,7.2215104
29445,7.780997
29446,9.63446
29447,7.63296
29448,15.422349
29449,0.07919736
29450,5.1254454
29451,0.55
29452,7.313934
29453,2.75
29454,15.230741
29455,8.297721
29456,4.5034533
29457,4.2255263
29458,7.397117
29459,2.5122175
29460,4.880135
29461,16.243956
29462,6.5797324
29463,3.1768677
29464,3.4801505
29465,17.70989
29466,13.879836
29467,7.445169
29468,7.489164
29469,3.4615672
29470,11.377891
29471,14.461862
29472,3.0489423
29473,1.8333334
29474,11.235557
29475,7.114931
29476,5.8556447
29477,4.0175166
29478,3.9871557
29479,7.781004
29480,14.3251
29481,6.5782566
29482,7.0346513
29483,6.283923
29484,20.585215
29485,6.214974
29486,5.7011867
29487,2.137966
29488,5.274167
29489,15.784562
29490,6.235733
29491,6.5896077
29492,3.859852
29493,3.7978323
29494,4.003652
29495,2.256727
29496,13.3906355
29497,14.750393
29498,6.5318017
29499,7.6843696
29500,11.629661
29501,3.251086
29502,8.183406
29503,3.1925015
29504,2.9471807
29505,6.934919
29506,8.287149
29507,8.080903
29508,6.4862
29509,15.100839
29510,2.4951673
29511,0.116776906
29512,3.7748718
29513,5.7669244
29514,7.8059235
29515,7.074822
29516,0.9166667
29517,12.50315
29518,6.460329
29519,9.293349
29520,16.2858
29521,5.831185
29522,2.2377274
29523,3.896324
29524,1.7600237
29525,6.487233
29526,3.6330323
29527,19.186861
29528,6.8482146
29529,1.2420998
29530,5.9908686
29531,1.4521834
29532,2.2798305
29533,3.3566446
29534,16.01841
29535,7.1711144
29536,7.4417386
29537,7.2501984
29538,23.914743
29539,3.4833333
29540,25.430271
29541,10.368771
29542,3.2549918
29543,10.155892
29544,9.468438
29545,8.030691
29546,7.5870585
29547,19.360054
29548,13.626257
29549,13.205144
29550,2.4959762
29551,0.08744172
29552,3.1479025
29553,6.9428096
29554,5.824427
29555,6.853532
29556,7.0975933
29557,6.6581645
29558,1.6437131
29559,5.7031164
29560,3.680138
29561,4.5023694
29562,14.490158
29563,6.5052876
29564,15.2744055
29565,2.7449872
29566,3.109702
29567,6.3850803
29568,3.0692503
29569,5.6993146
29570,1.4666667
29571,5.7179413
29572,7.784869
29573,4.4476566
29574,2.3621836
29575,9.799081
29576,10.238327
29577,8.793044
29578,16.683496
29579,1.6343178
29580,3.7844472
29581,16.241928
29582,7.68098
29583,8.688385
29584,1.9177572
29585,16.068163
29586,8.419473
29587,0.37953958
29588,1.8333334
29589,4.9907327
29590,2.680816
29591,4.3917336
29592,6.79895
29593,6.962629
29594,0.95285314
29595,4.9133086
29596,9.685321
29597,2.1419604
29598,1.2833333
29599,2.5653036
29600,8.805289
29601,17.410667
29602,5.3395877
29603,18.369022
29604,4.7907147
29605,7.5871663
29606,4.8884225
29607,9.014218
29608,6.4082036
29609,10.018628
29610,2.0849633
29611,6.4445424
29612,9.158169
29613,7.5738454
29614,3.069475
29615,4.3864846
29616,2.0166667
29617,14.523717
29618,0.35230082
29619,0.07811919
29620,7.0629983
29621,7.192139
29622,8.548291
29623,10.247275
29624,4.302122
29625,7.7007284
29626,6.179888
29627,7.571169
29628,16.132116
29629,5.23964
29630,6.9223876
29631,7.919232
29632,8.8040905
29633,8.340412
29634,2.0999894
29635,4.1657267
29636,1.711099
29637,2.2132576
29638,0.56263775
29639,2.8528116
29640,2.2190008
29641,5.0521097
29642,0.46756336
29643,3.8160136
29644,2.9088068
29645,13.6670475
29646,9.286581
29647,6.4619985
29648,2.4327948
29649,5.793311
29650,6.4384556
29651,7.4929767
29652,3.1966772
29653,3.9129822
29654,16.28699
29655,14.893735
29656,5.385386
29657,5.0671854
29658,2.6054015
29659,9.023533
29660,6.056182
29661,2.9333334
29662,4.4465055
29663,15.088113
29664,12.488286
29665,6.4166665
29666,1.5634516
29667,7.6348295
29668,6.6792235
29669,7.0521016
29670,9.747656
29671,5.881874
29672,6.7416844
29673,4.6199646
29674,3.6563401
29675,14.076884
29676,5.5171494
29677,3.6800497
29678,1.9987432
29679,6.8497868
29680,3.6803153
29681,3.1018114
29682,5.2392044
29683,4.6106677
29684,7.7205567
29685,5.777476
29686,5.542358
29687,9.416057
29688,7.6761045
29689,7.4504223
29690,7.6824126
29691,20.57948
29692,6.8631268
29693,12.128855
29694,2.387398
29695,7.893361
29696,7.998472
29697,16.33904
29698,6.0698643
29699,7.5549417
29700,3.43522
29701,3.0541508
29702,0.79328704
29703,5.8796
29704,4.5020423
29705,10.330466
29706,5.332286
29707,7.844542
29708,8.520862
29709,9.201825
29710,6.5706167
29711,5.806087
29712,8.314116
29713,10.543109
29714,9.181359
29715,1.8843335
29716,6.6896434
29717,8.204213
29718,0.22311991
29719,10.039405
29720,6.08149
29721,7.6675553
29722,3.3220296
29723,4.614863
29724,7.498921
29725,7.049059
29726,6.068599
29727,7.5418277
29728,3.6250825
29729,5.9808707
29730,8.224195
29731,7.4187875
29732,8.64821
29733,18.15489
29734,2.3786213
29735,8.299406
29736,10.425075
29737,8.0263605
29738,8.15915
29739,7.6528864
29740,16.138094
29741,8.093279
29742,7.9011717
29743,6.18844
29744,5.4717045
29745,0.23668541
29746,9.121129
29747,22.53114
29748,6.4278793
29749,8.485815
29750,1.1
29751,7.3028536
29752,7.965759
29753,6.360778
29754,6.003234
29755,5.4346976
29756,8.83745
29757,28.66522
29758,10.702969
29759,9.131891
29760,5.943571
29761,7.8184204
29762,8.3769
29763,8.624887
29764,5.5340524
29765,4.910496
29766,3.4435067
29767,9.988482
29768,13.686306
29769,6.532783
29770,6.722239
29771,0.36666667
29772,6.648064
29773,5.7051835
29774,2.9308705
29775,8.34541
29776,0.15985516
29777,8.041456
29778,8.274499
29779,4.792822
29780,2.9657302
29781,8.194357
29782,7.830487
29783,3.0813012
29784,3.8046937
29785,0.6606658
29786,4.69558
29787,3.5116184
29788,1.2655205
29789,8.812254
29790,3.1166666
29791,3.4399884
29792,7.9803495
29793,7.5213327
29794,17.243755
29795,7.9421663
29796,8.287052
29797,7.2944875
29798,7.0588117
29799,9.825059
29800,7.213795
29801,8.249547
29802,8.721021
29803,3.1692667
29804,4.2270412
29805,10.267183
29806,6.9590454
29807,7.8974566
29808,7.7608705
29809,7.6778007
29810,4.276892
29811,3.7019765
29812,7.0105734
29813,8.476746
29814,1.0343292
29815,7.490276
29816,7.2312617
29817,6.9377623
29818,8.376046
29819,4.0721946
29820,3.3121986
29821,8.579166
29822,1.1653137
29823,15.1094055
29824,1.5008731
29825,5.1165895
29826,14.478072
29827,4.3566046
29828,3.6858826
29829,8.0787525
29830,7.642122
29831,2.6625006
29832,4.3659596
29833,2.4935453
29834,13.739225
29835,0.15314595
29836,7.223373
29837,8.656957
29838,7.242304
29839,6.6810617
29840,2.9790013
29841,3.1523147
29842,0.0012252065
29843,10.137252
29844,15.807641
29845,7.894218
29846,6.277959
29847,7.2718706
29848,7.419243
29849,14.958601
29850,7.1852136
29851,7.2371387
29852,0.013359654
29853,0.13742898
29854,3.8956032
29855,3.2589998
29856,6.940987
29857,7.9825044
29858,4.415208
29859,3.5792546
29860,2.7164547
29861,5.193273
29862,6.631196
29863,8.224361
29864,7.5240564
29865,6.96576
29866,10.030288
29867,2.983236
29868,15.809866
29869,6.097501
29870,4.4904804
29871,2.9746892
29872,14.852864
29873,6.142431
29874,7.8931036
29875,16.91435
29876,5.8008633
29877,8.596201
29878,7.410858
29879,5.813223
29880,18.840809
29881,2.5442889
29882,0.6396803
29883,4.1916676
29884,1.4666667
29885,6.530856
29886,3.8164697
29887,9.856081
29888,5.380941
29889,7.8327856
29890,14.282322
29891,13.442647
29892,8.159675
29893,7.185259
29894,8.617544
29895,1.997871
29896,0.31783333
29897,4.6188874
29898,6.741964
29899,35.854607
29900,4.6146383
29901,1.1094099
29902,5.766047
29903,14.435621
29904,7.1941776
29905,6.5753856
29906,8.351523
29907,2.1949086
29908,3.8918197
29909,8.112803
29910,6.989563
29911,6.275743
29912,7.258736
29913,7.330474
29914,7.4632096
29915,4.919739
29916,5.183782
29917,7.0799437
29918,0.88657284
29919,4.3130565
29920,9.298639
29921,7.0456347
29922,8.729528
29923,6.3947744
29924,6.408576
29925,5.393742
29926,0.6137845
29927,9.538488
29928,8.876014
29929,15.029539
29930,5.2366314
29931,7.8818374
29932,17.536299
29933,7.0873737
29934,8.713807
29935,7.2811084
29936,6.913744
29937,2.9052932
29938,4.5133777
29939,3.0355082
29940,2.9097035
29941,0.7812799
29942,7.7159204
29943,7.2769423
29944,0.6283056
29945,5.9207087
29946,5.399707
29947,0.91436195
29948,1.65
29949,0.09583075
29950,5.0386477
29951,8.056135
29952,7.1467276
29953,16.164415
29954,0.36666667
29955,6.375181
29956,0.37017906
29957,3.7049222
29958,3.6125417
29959,8.250051
29960,18.01104
29961,7.222761
29962,15.372403
29963,9.846486
29964,7.6718125
29965,6.795764
29966,5.6618214
29967,8.51128
29968,8.430299
29969,6.997802
29970,7.06608
29971,1.8454158
29972,5.2295256
29973,9.208801
29974,17.747044
29975,3.9486692
29976,7.7002816
29977,6.2793703
29978,3.4284081
29979,4.5706916
29980,5.0775547
29981,4.235574
29982,2.2508616
29983,6.5382533
29984,3.3649077
29985,6.797357
29986,8.838298
29987,9.716666
29988,16.126566
29989,5.89002
29990,9.417904
29991,2.9987564
29992,0.73316354
29993,4.7098756
29994,2.2834618
29995,7.296006
29996,3.3097343
29997,4.5280547
29998,7.7898393
29999,8.079008
30000,5.769513
30001,6.354569
30002,6.4662237
30003,5.5016623
30004,4.1475005
30005,1.6950784
30006,12.655344
30007,7.9327683
30008,2.8250275
30009,3.4669821
30010,7.296129
30011,0.75147814
30012,15.03518
30013,19.616667
30014,8.399929
30015,6.303531
30016,8.043835
30017,8.19354
30018,1.8333334
30019,14.31922
30020,7.226474
30021,24.293673
30022,1.8910426
30023,12.565964
30024,17.500797
30025,8.623524
30026,16.926397
30027,6.709162
30028,7.278971
30029,7.4830117
30030,7.636489
30031,3.2543406
30032,3.5764568
30033,2.75
30034,13.08141
30035,26.042759
30036,3.552506
30037,4.381206
30038,3.2752664
30039,7.8874936
30040,8.540513
30041,6.468493
30042,6.910787
30043,1.4666667
30044,12.585921
30045,6.950479
30046,5.8726115
30047,7.022816
30048,6.5760217
30049,6.9861956
30050,6.9210405
30051,11.171376
30052,10.60354
30053,3.0892112
30054,0.19100972
30055,7.78886
30056,8.184286
30057,4.876759
30058,1.2779101
30059,6.8330603
30060,7.231244
30061,7.413054
30062,5.892583
30063,2.523607
30064,3.1965492
30065,1.9005307
30066,8.9650135
30067,7.9076
30068,2.882303
30069,4.443696
30070,6.714701
30071,9.336215
30072,3.1709037
30073,0.3066252
30074,3.542989
30075,7.9620976
30076,6.3856497
30077,8.350312
30078,5.4556
30079,0.5810223
30080,5.863574
30081,6.99221
30082,4.7125897
30083,3.8899765
30084,1.3140441
30085,7.2648864
30086,6.882736
30087,7.817677
30088,0.18333334
30089,7.133349
30090,1.472708
30091,7.008235
30092,6.625766
30093,0.52523625
30094,15.927586
30095,6.7605
30096,2.2
30097,4.190569
30098,8.62864
30099,6.8954334
30100,4.4927053
30101,2.7627919
30102,0.20425174
30103,5.792727
30104,4.069647
30105,0.4787226
30106,1.65
30107,6.0711875
30108,7.5860677
30109,6.7548633
30110,6.779548
30111,26.737288
30112,0.21951291
30113,5.370453
30114,1.8764628
30115,8.342418
30116,5.882912
30117,21.525135
30118,6.9945617
30119,7.524058
30120,2.7458398
30121,2.9283223
30122,1.6890355
30123,7.9964733
30124,15.584705
30125,7.728187
30126,8.5303
30127,8.877734
30128,1.4666667
30129,33.990417
30130,11.999286
30131,6.8277373
30132,8.980043
30133,0.119756594
30134,7.6522093
30135,8.78353
30136,5.8854227
30137,8.706269
30138,8.976329
30139,8.463057
30140,7.5999675
30141,4.2001987
30142,3.653802
30143,1.8333334
30144,4.1047363
30145,7.926615
30146,7.8525896
30147,7.39071
30148,9.399662
30149,7.770125
30150,5.5949397
30151,4.1190863
30152,8.038238
30153,7.907591
30154,7.6144834
30155,15.857571
30156,6.6088767
30157,3.0854232
30158,1.0110457
30159,3.8489664
30160,1.2833333
30161,15.774066
30162,5.7369566
30163,18.15011
30164,6.9241667
30165,7.438847
30166,13.851685
30167,4.85644
30168,4.618354
30169,0.45202276
30170,4.0842266
30171,7.0071344
30172,12.031877
30173,6.9614472
30174,6.974846
30175,8.687512
30176,8.530987
30177,15.049225
30178,7.532545
30179,7.140088
30180,1.8591686
30181,0.4469155
30182,8.077944
30183,3.8413212
30184,7.5780306
30185,6.58671
30186,8.1856985
30187,7.4057903
30188,18.062931
30189,6.569817
30190,8.954275
30191,8.780017
30192,7.7927012
30193,8.293273
30194,9.167482
30195,7.4731727
30196,5.18722
30197,4.458243
30198,4.683705
30199,1.1566737
30200,11.315028
30201,7.867993
30202,8.272658
30203,6.7359214
30204,7.753819
30205,9.35
30206,14.598843
30207,1.8562665
30208,5.2974997
30209,15.8480015
30210,7.2359333
30211,7.9317417
30212,6.9719496
30213,6.7461295
30214,6.9482265
30215,16.850573
30216,2.0427573
30217,10.967045
30218,3.0916965
30219,12.931369
30220,10.183785
30221,7.58149
30222,7.8109574
30223,7.19912
30224,4.2708645
30225,4.246301
30226,9.126838
30227,7.516667
30228,0.5557292
30229,0.55
30230,8.162185
30231,6.429354
30232,8.5220375
30233,7.5495167
30234,8.10929
30235,2.8375793
30236,3.3739395
30237,8.353277
30238,3.2443175
30239,2.9333334
30240,2.2361388
30241,13.946889
30242,6.818333
30243,17.652164
30244,14.045371
30245,7.2180014
30246,7.8283005
30247,8.104443
30248,7.5621777
30249,3.9398284
30250,2.8870184
30251,8.278354
30252,7.732181
30253,6.66652
30254,7.1111026
30255,12.092501
30256,2.5113404
30257,3.4833333
30258,4.5854626
30259,1.0232289
30260,6.3815765
30261,6.7325835
30262,0.26831537
30263,8.669218
30264,15.985427
30265,6.063621
30266,5.9137206
30267,9.491793
30268,4.4
30269,1.9442608
30270,7.787556
30271,12.65
30272,1.0468214
30273,5.0950756
30274,4.529393
30275,8.003462
30276,16.237978
30277,1.6724851
30278,4.191084
30279,6.9528956
30280,4.712929
30281,8.47086
30282,3.5184505
30283,4.0263577
30284,1.4690473
30285,5.3759465
30286,8.364251
30287,7.7888637
30288,2.9836771
30289,1.1088315
30290,2.9333334
30291,8.856641
30292,6.4227443
30293,15.886163
30294,7.0474916
30295,3.9102814
30296,3.340065
30297,7.8794117
30298,0.36666667
30299,7.2223077
30300,4.753366
30301,4.4972625
30302,4.245126
30303,4.027111
30304,7.676155
30305,7.5491986
30306,7.6203585
30307,3.61557
30308,3.791539
30309,16.265467
30310,5.6374745
30311,8.412253
30312,8.762246
30313,7.4052963
30314,15.728603
30315,4.3822017
30316,8.982474
30317,17.110071
30318,5.9009085
30319,7.68274
30320,6.608216
30321,6.4917707
30322,7.1941733
30323,15.766666
30324,2.068095
30325,3.93138
30326,7.6466727
30327,7.2547565
30328,6.5099387
30329,7.4144244
30330,13.734876
30331,6.3286924
30332,6.9725127
30333,4.8000264
30334,5.6972656
30335,8.599809
30336,7.365521
30337,14.680346
30338,6.3038163
30339,0.090528056
30340,4.9500413
30341,2.4684875
30342,8.337717
30343,21.902205
30344,9.344553
30345,4.233221
30346,6.1780944
30347,3.1849835
30348,4.735673
30349,9.333022
30350,8.585088
30351,0.47389528
30352,2.2928615
30353,3.109712
30354,6.3137145
30355,7.869704
30356,13.663432
30357,11.774261
30358,12.524878
30359,4.2166667
30360,11.226627
30361,18.283813
30362,7.109041
30363,8.007733
30364,1.5144439
30365,5.2378416
30366,7.1106634
30367,16.121416
30368,2.5666666
30369,3.6436613
30370,7.87528
30371,8.486776
30372,6.128714
30373,6.5258474
30374,16.144915
30375,5.933847
30376,9.062966
30377,6.827641
30378,8.576491
30379,6.233333
30380,3.7358654
30381,2.680115
30382,6.5740037
30383,8.748907
30384,6.3613324
30385,7.8749137
30386,6.8064575
30387,7.2938952
30388,7.187866
30389,8.572962
30390,10.81935
30391,9.744922
30392,7.5789256
30393,1.8444211
30394,4.1718774
30395,8.892893
30396,7.0208764
30397,0.05200649
30398,0.9049524
30399,5.234444
30400,1.65
30401,8.318365
30402,9.047861
30403,7.690499
30404,8.535911
30405,8.443507
30406,5.0341043
30407,8.310656
30408,7.561147
30409,6.6664023
30410,9.579659
30411,8.283386
30412,6.901133
30413,7.7561755
30414,6.773173
30415,16.132254
30416,6.634381
30417,15.674212
30418,5.5632415
30419,3.5498593
30420,2.1175344
30421,0.041005213
30422,9.199641
30423,7.956444
30424,8.260941
30425,7.164038
30426,7.5860524
30427,9.58528
30428,14.168888
30429,1.5864784
30430,6.431458
30431,3.4250066
30432,8.6275625
30433,6.5108895
30434,5.890088
30435,1.4497182
30436,7.535751
30437,2.5058858
30438,3.8618653
30439,6.7065206
30440,0.020421743
30441,7.286853
30442,0.4780756
30443,7.4899435
30444,3.758135
30445,0.73333335
30446,11.248686
30447,6.874374
30448,3.3511908
30449,11.711126
30450,6.192229
30451,24.610283
30452,5.0482087
30453,4.3530264
30454,7.2932963
30455,0.031938683
30456,3.902743
30457,2.435735
30458,2.9535859
30459,1.7071686
30460,2.955846
30461,3.1816604
30462,6.9121304
30463,8.018346
30464,6.0858502
30465,3.2477624
30466,4.4832807
30467,8.540045
30468,6.67177
30469,8.384794
30470,15.61567
30471,1.7918109
30472,4.256682
30473,0.44260347
30474,15.035186
30475,6.2693477
30476,7.3798695
30477,9.329342
30478,6.907294
30479,15.864138
30480,6.696381
30481,6.994269
30482,0.7043321
30483,2.5667684
30484,3.4307983
30485,7.750124
30486,7.7957478
30487,2.5360842
30488,3.107805
30489,0.68731153
30490,4.4039264
30491,3.1121716
30492,6.327281
30493,4.39094
30494,3.6362026
30495,9.144715
30496,7.0968127
30497,7.432903
30498,7.013827
30499,8.322324
30500,8.196763
30501,3.1166666
30502,3.0164297
30503,7.41841
30504,16.186096
30505,7.933618
30506,15.553079
30507,7.639272
30508,0.05413453
30509,8.3173895
30510,26.409136
30511,4.3386917
30512,10.865214
30513,7.282948
30514,7.118676
30515,7.1839733
30516,8.213309
30517,9.534399
30518,15.995769
30519,1.1908029
30520,4.4523225
30521,8.631281
30522,7.453476
30523,15.717074
30524,6.183098
30525,6.9968805
30526,8.50713
30527,8.316604
30528,6.851979
30529,4.726701
30530,4.894092
30531,2.9315464
30532,13.182266
30533,8.544006
30534,7.210154
30535,0.61788154
30536,0.062260106
30537,7.644516
30538,7.4876637
30539,8.627435
30540,7.5592594
30541,9.381001
30542,9.247966
30543,6.927029
30544,7.8096576
30545,19.241085
30546,6.520497
30547,7.6142864
30548,8.902445
30549,7.9442215
30550,17.214743
30551,5.995695
30552,7.57606
30553,6.8953986
30554,3.684549
30555,4.9700613
30556,7.666793
30557,6.6215854
30558,7.089168
30559,13.663638
30560,3.8663597
30561,3.1762302
30562,8.539245
30563,9.571182
30564,6.817231
30565,8.894515
30566,7.759709
30567,18.910992
30568,5.4728312
30569,8.619279
30570,12.833333
30571,16.624947
30572,1.1943067
30573,6.5310125
30574,8.968115
30575,16.642109
30576,5.8017263
30577,4.3431025
30578,3.9897325
30579,3.5308344
30580,4.390538
30581,1.1144874
30582,3.099086
30583,3.0275445
30584,18.185448
30585,7.443886
30586,8.3107815
30587,6.649976
30588,8.250873
30589,2.9333334
30590,4.0366297
30591,10.540578
30592,7.701746
30593,8.449451
30594,3.3451133
30595,4.0229363
30596,7.4219723
30597,1.140888
30598,0.20334192
30599,4.2193446
30600,4.8897758
30601,3.5030177
30602,11.563288
30603,4.049175
30604,3.5887818
30605,4.3286843
30606,4.690532
30607,1.2195069
30608,5.2010174
30609,10.816667
30610,7.4714813
30611,17.904968
30612,2.9561832
30613,7.1857677
30614,8.081973
30615,18.164446
30616,5.938263
30617,7.436852
30618,8.442247
30619,7.3775163
30620,14.692657
30621,6.356372
30622,3.8338776
30623,4.069073
30624,0.5637274
30625,6.147799
30626,4.68849
30627,4.847809
30628,3.069197
30629,4.5623074
30630,4.7698846
30631,4.8406625
30632,1.4363294
30633,4.2272716
30634,8.109148
30635,5.007306
30636,9.109357
30637,1.7304133
30638,7.5014358
30639,7.236007
30640,7.6612964
30641,8.289827
30642,2.3830118
30643,5.8845296
30644,16.515648
30645,5.6909037
30646,7.1528993
30647,17.154469
30648,7.4784646
30649,1.65
30650,5.5264373
30651,8.127125
30652,7.9290485
30653,8.038444
30654,8.074416
30655,18.022932
30656,6.4144025
30657,6.932244
30658,6.5659513
30659,8.202914
30660,4.1387577
30661,2.5210536
30662,6.574018
30663,25.389925
30664,5.5059752
30665,8.283386
30666,6.6864667
30667,7.3082833
30668,7.346599
30669,6.9077106
30670,3.2278802
30671,0.28894785
30672,2.7830126
30673,0.05974107
30674,6.336503
30675,3.9737964
30676,3.4472513
30677,5.111714
30678,5.9773045
30679,2.3047702
30680,1.8333334
30681,6.649064
30682,6.825655
30683,5.722886
30684,8.433333
30685,9.802914
30686,16.827023
30687,6.419456
30688,4.0333333
30689,6.5970163
30690,2.8820875
30691,6.8774137
30692,6.8262625
30693,8.076053
30694,1.3527848
30695,3.5073063
30696,2.44859
30697,6.301292
30698,1.0641311
30699,4.353307
30700,3.826884
30701,6.5656223
30702,9.518404
30703,6.492752
30704,4.6012545
30705,19.238863
30706,6.6473336
30707,4.616529
30708,0.3720462
30709,3.3386393
30710,10.049394
30711,6.260806
30712,7.6308856
30713,6.6577005
30714,2.3833334
30715,4.384957
30716,7.6199765
30717,7.2453084
30718,8.618265
30719,6.4508166
30720,7.4113536
30721,7.3020406
30722,7.1710706
30723,7.972414
30724,7.038793
30725,8.302327
30726,3.102768
30727,4.476347
30728,8.95432
30729,5.5586987
30730,7.3656235
30731,5.866667
30732,1.2173799
30733,9.154263
30734,8.3783
30735,3.757057
30736,3.238167
30737,0.017740993
30738,8.894664
30739,10.504705
30740,2.8138876
30741,8.966203
30742,8.294325
30743,8.47843
30744,16.058126
30745,5.4089975
30746,6.6452513
30747,5.5
30748,1.3935056
30749,7.8707123
30750,3.4078238
30751,36.923195
30752,4.125692
30753,0.9747304
30754,12.004752
30755,2.732216
30756,7.7318034
30757,7.7126718
30758,6.269554
30759,6.125058
30760,7.227116
30761,2.7341223
30762,2.2342675
30763,0.109097295
30764,9.29603
30765,7.422639
30766,15.018306
30767,1.5619816
30768,3.1768672
30769,0.45262572
30770,8.188992
30771,7.371643
30772,8.600049
30773,5.9065986
30774,7.745928
30775,16.164087
30776,15.87791
30777,7.4176993
30778,16.780159
30779,1.7303494
30780,5.6986566
30781,3.2126238
30782,5.2073092
30783,34.853184
30784,3.4905646
30785,8.55411
30786,6.263629
30787,8.052647
30788,2.49727
30789,10.69302
30790,6.956243
30791,6.7324615
30792,7.367637
30793,7.5713563
30794,7.120876
30795,8.46161
30796,3.700644
30797,3.884165
30798,9.079035
30799,7.7117147
30800,6.02541
30801,0.66785026
30802,3.5786965
30803,3.2129622
30804,8.69749
30805,12.212533
30806,3.5777109
30807,9.346721
30808,9.800135
30809,1.65
30810,6.082254
30811,8.423234
30812,4.3563895
30813,5.1235642
30814,1.9996305
30815,7.6550946
30816,8.06175
30817,8.698531
30818,7.6572223
30819,7.1893363
30820,15.651048
30821,6.6546903
30822,2.524058
30823,2.75
30824,12.749412
30825,6.333833
30826,25.447783
30827,1.8308016
30828,4.515425
30829,17.010567
30830,4.8425703
30831,6.206436
30832,7.688739
30833,7.6517725
30834,7.515986
30835,7.6783957
30836,7.941196
30837,6.9680686
30838,4.3327723
30839,3.2361577
30840,10.277091
30841,8.577155
30842,3.7556949
30843,0.9166667
30844,3.6221664
30845,7.910957
30846,3.5843027
30847,1.5709846
30848,9.17802
30849,8.599768
30850,7.301206
30851,2.9164279
30852,13.86972
30853,5.502315
30854,2.75
30855,3.1265173
30856,5.176337
30857,0.51677746
30858,6.600286
30859,8.825296
30860,5.4253473
30861,0.95330864
30862,8.329058
30863,3.742109
30864,3.8520646
30865,9.98267
30866,9.5963335
30867,6.9056177
30868,18.48779
30869,13.219024
30870,5.426004
30871,8.320476
30872,24.828121
30873,2.9660876
30874,3.3
30875,3.3414032
30876,10.094458
30877,0.36734632
30878,3.4596894
30879,2.5890772
30880,1.0561184
30881,6.938551
30882,5.2985086
30883,6.314451
30884,8.911266
30885,1.7780495
30886,4.155646
30887,7.6349
30888,4.764799
30889,8.474151
30890,6.706351
30891,7.102709
30892,7.365501
30893,7.744227
30894,2.6456969
30895,11.146816
30896,7.1661935
30897,8.504384
30898,6.5297675
30899,4.235128
30900,4.1605573
30901,7.1635385
30902,7.3342104
30903,4.017056
30904,3.4372046
30905,0.351698
30906,7.092522
30907,2.3833334
30908,5.213043
30909,7.8819857
30910,3.820248
30911,0.16575576
30912,4.175837
30913,7.2816687
30914,8.608968
30915,6.4117756
30916,7.9683466
30917,3.2042048
30918,12.6198635
30919,6.4768047
30920,1.65
30921,14.120571
30922,6.2112527
30923,7.754288
30924,5.9810467
30925,8.395346
30926,8.562323
30927,7.4013696
30928,5.6949563
30929,7.9850645
30930,14.343375
30931,6.9617124
30932,7.518853
30933,8.784506
30934,8.877616
30935,8.850397
30936,9.653947
30937,5.133333
30938,1.6753573
30939,8.989078
30940,4.4003296
30941,4.285728
30942,10.452829
30943,0.032110214
30944,16.147692
30945,6.655367
30946,7.5505166
30947,7.1283245
30948,4.377183
30949,5.0489883
30950,9.340849
30951,2.0077264
30952,5.4498954
30953,11.549552
30954,6.05
30955,7.8883743
30956,7.1200333
30957,9.6477375
30958,24.417253
30959,6.0864043
30960,8.066667
30961,2.9333334
30962,3.4854043
30963,8.616667
30964,8.350107
30965,1.6040603
30966,2.7419734
30967,2.595223
30968,2.6419718
30969,2.2747335
30970,0.3445175
30971,2.9780324
30972,7.6596446
30973,6.844749
30974,7.1595645
30975,3.4833333
30976,4.2465267
30977,7.7920585
30978,7.6926603
30979,6.4194155
30980,8.487145
30981,1.0023266
30982,6.38712
30983,2.7775536
30984,4.9851937
30985,8.059099
30986,3.85
30987,3.6451423
30988,7.7817483
30989,6.858937
30990,7.3821096
30991,9.9
30992,4.995216
30993,7.468771
30994,4.1394434
30995,7.692048
30996,12.729327
30997,6.5444403
30998,1.4448078
30999,6.218218
31000,8.608714
31001,8.782061
31002,3.6719592
31003,0.2027423
31004,13.871663
31005,9.271785
31006,1.65
31007,4.5833335
31008,19.581575
31009,0.7058465
31010,5.700083
31011,25.064384
31012,5.931519
31013,7.847482
31014,8.25257
31015,7.9746733
31016,8.833376
31017,9.761869
31018,10.123873
31019,17.269632
31020,2.398239
31021,4.858561
31022,17.01445
31023,8.079284
31024,0.5130921
31025,6.05
31026,19.272486
31027,5.2865753
31028,8.7955475
31029,7.2452784
31030,10.092096
31031,7.915556
31032,8.313989
31033,7.5546637
31034,9.157514
31035,17.91289
31036,6.314288
31037,6.938991
31038,8.000929
31039,4.773689
31040,2.9965713
31041,4.2086725
31042,4.016114
31043,9.522939
31044,23.731218
31045,15.011889
31046,2.854329
31047,6.0682626
31048,1.6483047
31049,5.6986914
31050,8.966553
31051,7.3054423
31052,7.9723153
31053,15.198106
31054,6.863985
31055,6.5519733
31056,3.1516182
31057,0.99176055
31058,4.1707506
31059,6.765253
31060,0.9593513
31061,2.5536835
31062,3.1859536
31063,1.9721614
31064,5.5838947
31065,7.6981597
31066,6.5558996
31067,7.2875924
31068,2.3833334
31069,4.1508236
31070,9.075694
31071,7.2688217
31072,6.7802386
31073,7.5202737
31074,7.3111663
31075,15.877477
31076,5.700524
31077,2.4394205
31078,4.4
31079,7.059494
31080,7.5537953
31081,5.700378
31082,0.36666667
31083,7.66008
31084,8.466679
31085,6.6662803
31086,0.7341928
31087,3.8994548
31088,3.5005484
31089,3.1725743
31090,6.5464253
31091,15.750266
31092,0.9166667
31093,6.260703
31094,0.8831633
31095,7.2816486
31096,6.597703
31097,16.692577
31098,5.6946664
31099,9.0546875
31100,5.811091
31101,7.6660595
31102,14.432436
31103,7.911111
31104,6.6616406
31105,4.061447
31106,3.6127236
31107,0.043862395
31108,5.681533
31109,3.220044
31110,9.115841
31111,4.5998764
31112,3.6439362
31113,6.041631
31114,8.066667
31115,8.2005
31116,4.1417623
31117,3.9250717
31118,8.701673
31119,21.19244
31120,9.101991
31121,0.23902799
31122,3.1876297
31123,9.153247
31124,3.1769557
31125,3.498024
31126,17.309048
31127,2.0232913
31128,5.0500903
31129,7.1612577
31130,3.3856819
31131,4.6468005
31132,5.805553
31133,7.60771
31134,7.8583627
31135,8.163856
31136,6.815129
31137,9.1890955
31138,0.9175031
31139,6.203054
31140,0.5968275
31141,3.9343486
31142,10.796294
31143,1.9100974
31144,5.40986
31145,2.3411102
31146,3.3807857
31147,6.887543
31148,19.934538
31149,13.878184
31150,5.4534297
31151,7.356841
31152,5.928387
31153,1.4253122
31154,2.4793475
31155,3.7538073
31156,2.6960423
31157,4.186942
31158,7.01716
31159,2.6295536
31160,13.874172
31161,7.5513806
31162,6.686433
31163,8.281358
31164,8.537775
31165,6.821857
31166,15.001182
31167,0.9928731
31168,5.737236
31169,18.249426
31170,2.2449803
31171,2.7737405
31172,9.743001
31173,6.4256206
31174,2.9042444
31175,12.637443
31176,6.2313766
31177,6.4259152
31178,5.0534525
31179,7.362135
31180,7.7546906
31181,7.1299286
31182,7.1930547
31183,6.8310323
31184,8.370725
31185,2.4971085
31186,4.616794
31187,8.198358
31188,7.908278
31189,8.24294
31190,6.85479
31191,8.351847
31192,9.183443
31193,7.3778753
31194,8.61934
31195,18.933895
31196,5.966041
31197,8.407624
31198,2.8392348
31199,14.8871765
31200,0.79588443
31201,6.138225
31202,8.225451
31203,2.3161697
31204,4.4815707
31205,0.1232558
31206,8.376664
31207,8.467819
31208,7.5237784
31209,7.851585
31210,11.984921
31211,11.186175
31212,7.927518
31213,7.5943003
31214,7.2364626
31215,7.2386546
31216,3.5123
31217,4.550736
31218,12.155765
31219,11.175284
31220,1.0310358
31221,5.8252892
31222,8.612103
31223,2.9501946
31224,4.602003
31225,4.1433454
31226,22.458187
31227,4.9322896
31228,17.423798
31229,7.2649508
31230,8.295298
31231,2.75
31232,4.600353
31233,8.580867
31234,7.3979583
31235,9.314441
31236,5.5220165
31237,6.671882
31238,8.105654
31239,7.4263453
31240,17.159496
31241,33.494835
31242,5.052884
31243,6.314024
31244,6.4942827
31245,0.6272274
31246,2.5151088
31247,2.7642477
31248,0.6732118
31249,4.3681064
31250,8.333175
31251,3.87032
31252,3.2381816
31253,7.823591
31254,9.308561
31255,1.6274911
31256,17.533192
31257,2.4670517
31258,4.3334627
31259,9.481472
31260,8.477564
31261,8.130962
31262,6.431831
31263,7.03962
31264,7.6226625
31265,5.5947595
31266,7.7240663
31267,7.053823
31268,7.490642
31269,6.7778974
31270,3.6666667
31271,1.1265965
31272,11.906576
31273,5.614744
31274,6.891469
31275,2.0727017
31276,0.621741
31277,5.9953594
31278,6.9731946
31279,14.685301
31280,7.229548
31281,7.256786
31282,9.05388
31283,5.930475
31284,6.6399484
31285,7.5891404
31286,6.4546337
31287,3.5127118
31288,3.1857288
31289,14.726719
31290,5.967374
31291,24.474997
31292,7.101959
31293,8.003255
31294,0.50955856
31295,6.2658343
31296,7.599996
31297,15.853632
31298,6.491532
31299,11.137304
31300,2.7186306
31301,1.9658192
31302,6.6277165
31303,6.6788654
31304,0.55
31305,3.4833333
31306,10.643659
31307,7.507747
31308,4.2979465
31309,13.075008
31310,6.1394334
31311,16.926357
31312,3.226293
31313,0.8302392
31314,1.0312221
31315,3.2572272
31316,4.052911
31317,7.5126486
31318,11.366667
31319,2.5122223
31320,3.5999217
31321,0.22832462
31322,3.8059518
31323,4.04277
31324,3.2326822
31325,2.4136038
31326,0.73333335
31327,4.672792
31328,0.41644278
31329,7.5175395
31330,7.4361615
31331,15.6807375
31332,2.2391825
31333,4.6320066
31334,6.955744
31335,7.3714266
31336,7.3986654
31337,7.7977347
31338,6.834815
31339,6.8462634
31340,7.626946
31341,16.574936
31342,6.568931
31343,7.126909
31344,12.814352
31345,2.7570581
31346,4.8912005
31347,3.2668517
31348,10.401251
31349,7.033926
31350,3.340119
31351,2.7594197
31352,19.810041
31353,4.723705
31354,10.389709
31355,1.1212305
31356,6.245947
31357,8.437115
31358,7.1732554
31359,5.8398685
31360,1.2637614
31361,9.6341095
31362,3.7809336
31363,2.3772292
31364,8.304187
31365,8.587924
31366,15.256403
31367,4.0333333
31368,11.449555
31369,3.542259
31370,3.381757
31371,4.399816
31372,3.3873873
31373,7.3159986
31374,8.533206
31375,0.36399418
31376,7.5927
31377,0.96993244
31378,6.4454885
31379,1.7944965
31380,6.154207
31381,6.2768703
31382,0.04140218
31383,11.015441
31384,2.1049297
31385,1.9813405
31386,9.259737
31387,4.245277
31388,7.3095183
31389,8.855539
31390,13.694426
31391,4.4
31392,0.73333335
31393,13.541738
31394,13.9437475
31395,5.5554743
31396,2.872997
31397,4.562905
31398,9.476713
31399,9.056294
31400,8.248239
31401,8.62865
31402,5.593416
31403,7.351464
31404,5.3166666
31405,3.493922
31406,9.403868
31407,1.2966704
31408,6.8611712
31409,8.592742
31410,17.706165
31411,6.5638885
31412,3.9459746
31413,2.630768
31414,8.556728
31415,6.9882007
31416,7.8156176
31417,2.6538417
31418,4.1795325
31419,0.504741
31420,7.951723
31421,6.3880606
31422,0.68784565
31423,6.8771615
31424,4.256441
31425,4.0785413
31426,19.057568
31427,0.73333335
31428,14.078272
31429,3.2841768
31430,4.660475
31431,9.396537
31432,2.3376992
31433,5.288447
31434,2.428012
31435,1.4937279
31436,3.3928273
31437,18.854515
31438,7.04093
31439,3.1166666
31440,3.8742206
31441,3.1762888
31442,2.75
31443,6.5392466
31444,5.447185
31445,8.546487
31446,18.186821
31447,8.017311
31448,10.104662
31449,3.1328392
31450,3.24174
31451,11.246308
31452,5.4235687
31453,11.310597
31454,7.7202954
31455,5.642547
31456,1.4526248
31457,0.4284499
31458,7.2504826
31459,7.9875593
31460,6.848004
31461,4.1710005
31462,8.4571905
31463,6.4237194
31464,8.022251
31465,7.2552285
31466,7.938834
31467,3.1841207
31468,3.3233194
31469,17.722782
31470,5.6224933
31471,7.6802998
31472,7.709425
31473,8.890226
31474,0.12903874
31475,13.042034
31476,2.414657
31477,2.5817406
31478,0.39115945
31479,5.5585804
31480,14.785847
31481,8.229021
31482,9.207374
31483,1.7084432
31484,1.5057739
31485,2.2870398
31486,7.997114
31487,6.9786935
31488,1.9951804
31489,15.091147
31490,16.212742
31491,3.136872
31492,2.0166667
31493,1.000136
31494,6.9816875
31495,8.678393
31496,7.5137606
31497,5.93443
31498,6.051884
31499,7.3981476
31500,7.9255037
31501,7.010804
31502,1.8578693
31503,4.93105
31504,0.55
31505,24.83611
31506,6.0769176
31507,0.7325167
31508,6.702223
31509,9.580688
31510,3.928654
31511,3.458009
31512,3.3015203
31513,4.583595
31514,7.336631
31515,0.93009835
31516,14.738251
31517,3.6590996
31518,0.13572349
31519,12.227749
31520,4.993647
31521,7.957491
31522,7.6961055
31523,7.28549
31524,7.3640594
31525,7.122395
31526,8.839449
31527,17.146826
31528,21.61573
31529,0.6933641
31530,14.096743
31531,7.808008
31532,7.527464
31533,7.718195
31534,11.686168
31535,5.8831134
31536,8.313856
31537,5.9930882
31538,0.5073629
31539,7.693537
31540,6.545372
31541,7.580789
31542,8.156675
31543,4.4
31544,2.2422023
31545,7.607724
31546,7.300286
31547,6.159324
31548,8.217485
31549,6.4093843
31550,20.352692
31551,2.3006933
31552,7.672337
31553,7.16846
31554,7.06661
31555,6.506327
31556,7.102185
31557,0.24251741
31558,7.0773315
31559,5.5764065
31560,2.1742325
31561,8.113361
31562,14.0012455
31563,3.5429392
31564,3.3877208
31565,1.1987126
31566,15.801731
31567,6.3046927
31568,6.512752
31569,8.625544
31570,7.491203
31571,6.382146
31572,3.65632
31573,3.4901972
31574,6.6573277
31575,4.5698977
31576,6.523878
31577,14.779368
31578,7.612968
31579,7.2181473
31580,6.0026245
31581,7.563089
31582,4.019393
31583,39.502342
31584,4.9242177
31585,6.761444
31586,6.7617583
31587,6.783568
31588,7.5193386
31589,7.473113
31590,4.717349
31591,2.8666697
31592,7.515005
31593,2.9333334
31594,6.376348
31595,7.1705117
31596,2.4685025
31597,6.856487
31598,7.863194
31599,2.1853716
31600,5.110881
31601,15.663866
31602,6.877545
31603,0.43952566
31604,7.1806865
31605,8.320608
31606,16.72145
31607,3.2999759
31608,12.763478
31609,2.5916057
31610,3.6134288
31611,8.813498
31612,2.172747
31613,6.024248
31614,7.505414
31615,16.47205
31616,5.308585
31617,7.2358108
31618,7.42787
31619,15.747134
31620,13.032086
31621,6.932116
31622,6.973239
31623,7.886116
31624,3.2955701
31625,3.0507839
31626,3.8295996
31627,2.817696
31628,6.1454744
31629,6.8508997
31630,8.915028
31631,2.7509809
31632,5.4191823
31633,0.9166667
31634,5.495625
31635,8.403256
31636,7.0020895
31637,2.4129956
31638,5.580821
31639,10.255746
31640,8.7182865
31641,3.1166666
31642,4.887418
31643,2.447748
31644,4.372096
31645,2.7319708
31646,4.0025787
31647,4.077032
31648,4.0474744
31649,3.9530265
31650,8.779193
31651,9.221635
31652,7.976228
31653,5.705581
31654,0.73411447
31655,16.523195
31656,6.3009086
31657,19.43321
31658,15.16398
31659,2.1921887
31660,4.0884414
31661,8.683299
31662,1.3735448
31663,4.3869014
31664,6.277631
31665,8.034721
31666,3.1408274
31667,11.998982
31668,6.062508
31669,7.246058
31670,7.032558
31671,6.632018
31672,5.650932
31673,10.775102
31674,3.6392462
31675,1.154953
31676,3.3181288
31677,9.082279
31678,7.1255713
31679,8.926597
31680,7.640451
31681,3.85
31682,3.7481039
31683,0.73385453
31684,5.431846
31685,7.2686453
31686,2.953674
31687,13.649396
31688,6.961286
31689,6.395167
31690,8.146619
31691,7.4954357
31692,0.94198287
31693,5.969688
31694,41.03032
31695,3.1989017
31696,8.020306
31697,15.912726
31698,6.04782
31699,8.112318
31700,6.4974813
31701,7.539657
31702,4.183037
31703,10.67453
31704,6.018803
31705,8.210118
31706,6.6640954
31707,1.8333334
31708,30.394157
31709,4.97924
31710,8.435557
31711,26.560595
31712,4.10703
31713,8.804962
31714,7.1121526
31715,2.7741866
31716,4.200812
31717,10.234454
31718,5.949818
31719,8.391533
31720,8.653966
31721,7.4395533
31722,0.8974345
31723,6.725629
31724,14.443813
31725,7.6987467
31726,4.041751
31727,3.3
31728,0.29300085
31729,4.072209
31730,0.063039325
31731,4.4359593
31732,5.853905
31733,7.73443
31734,6.691941
31735,3.2253315
31736,11.832884
31737,3.7679224
31738,4.234579
31739,7.404374
31740,7.1347017
31741,6.755203
31742,15.993024
31743,4.9046297
31744,2.2094054
31745,8.363064
31746,7.1410427
31747,0.18333334
31748,8.45833
31749,6.7568674
31750,7.0100493
31751,6.903011
31752,7.6863623
31753,24.460588
31754,5.892838
31755,2.299791
31756,13.829907
31757,3.5123045
31758,2.6278677
31759,17.635075
31760,5.0071845
31761,2.7158022
31762,6.6424184
31763,2.0166667
31764,15.431858
31765,7.2332664
31766,11.358917
31767,7.188332
31768,2.9653583
31769,14.087387
31770,8.239359
31771,6.1916165
31772,7.5730267
31773,6.962153
31774,1.2833333
31775,5.411596
31776,16.562078
31777,6.622708
31778,8.641349
31779,6.7075152
31780,9.7637005
31781,1.8937038
31782,3.4121468
31783,3.067726
31784,3.4604983
31785,3.530536
31786,9.665454
31787,16.784704
31788,6.1085224
31789,4.685163
31790,3.1166666
31791,1.1563498
31792,2.2
31793,14.551562
31794,6.988666
31795,1.8957131
31796,6.248519
31797,2.5705717
31798,9.716666
31799,0.7097818
31800,8.887071
31801,7.3158855
31802,8.145616
31803,8.925708
31804,7.1686544
31805,7.900143
31806,9.171356
31807,8.82161
31808,7.413935
31809,2.7608755
31810,4.434851
31811,0.6670171
31812,7.4486737
31813,4.5833335
31814,9.931447
31815,0.4566296
31816,7.5576673
31817,7.593644
31818,18.632833
31819,6.5726104
31820,6.791879
31821,0.28657588
31822,5.3469877
31823,3.3793502
31824,8.1303835
31825,9.138914
31826,6.5214224
31827,7.7360086
31828,8.306626
31829,2.5543404
31830,3.5939422
31831,5.021809
31832,12.469962
31833,5.9937215
31834,1.6276332
31835,8.417827
31836,20.663288
31837,7.73633
31838,7.7858286
31839,2.7630272
31840,6.410526
31841,9.70709
31842,3.2807457
31843,1.0715021
31844,4.3328066
31845,15.672926
31846,8.790857
31847,9.559507
31848,8.800959
31849,7.9999814
31850,8.245733
31851,5.6833334
31852,5.453831
31853,2.8704636
31854,7.0710406
31855,9.085673
31856,7.256091
31857,9.230672
31858,3.1426892
31859,4.5560637
31860,7.3274264
31861,3.68423
31862,3.026515
31863,5.381063
31864,2.3833334
31865,29.4701
31866,0.57549417
31867,20.121399
31868,6.6902547
31869,5.9018936
31870,6.7125397
31871,9.244792
31872,3.6666667
31873,2.6813796
31874,8.515523
31875,7.076352
31876,4.179307
31877,3.3764446
31878,2.1436167
31879,6.539118
31880,8.199862
31881,8.378928
31882,2.7535245
31883,4.1315446
31884,6.614939
31885,5.3198557
31886,8.422786
31887,14.00263
31888,15.340896
31889,6.1841025
31890,8.551471
31891,9.860668
31892,6.015152
31893,7.0061817
31894,5.5317287
31895,11.887323
31896,10.346997
31897,3.243098
31898,8.1802435
31899,7.8314066
31900,7.5140157
31901,8.586695
31902,7.3793797
31903,8.179185
31904,7.131664
31905,0.3458072
31906,7.8805346
31907,2.3846
31908,4.017839
31909,6.5413194
31910,7.0084667
31911,19.322151
31912,7.9221478
31913,7.2197804
31914,2.6354043
31915,1.1
31916,3.0009766
31917,1.6756998
31918,6.2326508
31919,15.3718605
31920,2.7209442
31921,4.5907845
31922,6.548156
31923,7.7560067
31924,2.3833334
31925,15.819889
31926,6.2358794
31927,0.073723145
31928,7.1201305
31929,4.4
31930,2.4935994
31931,7.23632
31932,0.30709553
31933,8.625596
31934,15.668925
31935,1.4943012
31936,4.3415933
31937,8.817338
31938,4.072532
31939,12.517137
31940,4.3926945
31941,3.197397
31942,1.8713219
31943,6.4874053
31944,6.84816
31945,9.705552
31946,5.373369
31947,1.1
31948,1.8333334
31949,4.531672
31950,8.949966
31951,27.89065
31952,4.9489136
31953,8.367
31954,7.9039845
31955,6.315005
31956,8.146062
31957,8.736727
31958,3.9740155
31959,2.0166667
31960,10.083333
31961,8.462635
31962,15.811231
31963,9.175307
31964,9.1019945
31965,8.577035
31966,7.152893
31967,7.7347045
31968,14.734242
31969,15.60885
31970,6.5006237
31971,7.192793
31972,3.4695647
31973,3.4779108
31974,7.5539875
31975,32.18007
31976,4.570193
31977,1.0313787
31978,6.5216146
31979,7.58872
31980,5.2536955
31981,14.382349
31982,15.680607
31983,5.8954487
31984,6.472449
31985,4.652115
31986,2.875898
31987,4.62118
31988,11.368305
31989,6.9781547
31990,1.4666667
31991,6.4305606
31992,7.532786
31993,2.75
31994,4.5453644
31995,7.3633018
31996,5.131508
31997,4.0333333
31998,2.9077291
31999,7.4897757
32000,6.046992
32001,7.365643
32002,8.464462
32003,8.2549715
32004,7.8271403
32005,7.2441273
32006,17.156199
32007,1.7842194
32008,4.810166
32009,4.995849
32010,22.883112
32011,6.453554
32012,0.8877896
32013,3.0838995
32014,4.012081
32015,9.35
32016,7.453113
32017,2.0166667
32018,3.7148814
32019,9.1194105
32020,4.743035
32021,7.0109897
32022,1.1620642
32023,1.9043533
32024,8.28076
32025,8.257015
32026,8.090402
32027,13.592188
32028,8.878538
32029,7.3767934
32030,6.700557
32031,7.1440234
32032,4.251682
32033,3.9252346
32034,5.8379626
32035,8.449103
32036,7.2978435
32037,4.9423704
32038,10.853839
32039,13.570273
32040,6.1704254
32041,7.3668923
32042,4.1268396
32043,4.739021
32044,11.752295
32045,6.1653132
32046,8.214834
32047,8.804061
32048,7.3048244
32049,7.1713643
32050,24.439428
32051,5.278096
32052,3.6346393
32053,3.7592576
32054,2.4912176
32055,5.2168913
32056,10.705945
32057,6.3910303
32058,0.4776639
32059,8.269125
32060,7.7047806
32061,7.5734816
32062,9.800173
32063,6.9923224
32064,7.279703
32065,9.846
32066,16.32318
32067,6.697764
32068,7.5617094
32069,7.796637
32070,2.7035115
32071,3.298359
32072,0.58176225
32073,7.9688387
32074,6.62806
32075,17.397186
32076,1.9161203
32077,4.507501
32078,8.989982
32079,8.125903
32080,3.1570537
32081,3.900348
32082,9.825348
32083,6.9924664
32084,0.32195488
32085,7.0004044
32086,6.6180716
32087,0.15228827
32088,5.894392
32089,4.163032
32090,0.06913105
32091,3.2713013
32092,10.661179
32093,7.521279
32094,14.763679
32095,4.1001735
32096,0.8145124
32097,7.480107
32098,6.346016
32099,9.493807
32100,7.7869773
32101,6.385596
32102,8.270481
32103,8.99232
32104,2.4660618
32105,0.46459833
32106,4.1573663
32107,4.0576444
32108,7.5843616
32109,13.53717
32110,14.339813
32111,17.234894
32112,4.6219306
32113,7.7498536
32114,15.891425
32115,7.3545284
32116,3.2073362
32117,6.6862063
32118,3.228537
32119,7.33715
32120,15.851205
32121,6.664016
32122,7.142464
32123,5.896851
32124,7.9942274
32125,6.474291
32126,7.0867085
32127,6.602428
32128,15.186006
32129,12.283463
32130,6.535542
32131,7.730035
32132,7.145929
32133,8.480734
32134,8.170109
32135,7.6269803
32136,9.858237
32137,4.5833335
32138,8.598574
32139,0.55
32140,7.2619386
32141,6.1722136
32142,8.172785
32143,11.362092
32144,3.123194
32145,12.783439
32146,11.936754
32147,0.23091711
32148,7.8817453
32149,16.587906
32150,5.780961
32151,7.5144424
32152,7.5914235
32153,6.2126846
32154,4.963998
32155,2.2587764
32156,5.584384
32157,1.4315213
32158,7.2094436
32159,8.311728
32160,7.4728184
32161,7.9688067
32162,7.286574
32163,7.1050415
32164,8.037542
32165,6.9649463
32166,9.058124
32167,18.998777
32168,6.243016
32169,14.935992
32170,5.4743814
32171,1.9601787
32172,7.7325377
32173,8.097822
32174,6.248584
32175,5.458766
32176,7.7841
32177,3.072666
32178,6.1208773
32179,1.1329436
32180,16.971235
32181,16.190557
32182,8.841185
32183,0.73333335
32184,7.5585003
32185,8.329709
32186,7.613606
32187,1.491856
32188,6.752119
32189,16.420252
32190,2.6146693
32191,1.8235089
32192,1.4666667
32193,5.8770313
32194,4.9097304
32195,1.357088
32196,1.636474
32197,5.204894
32198,8.471144
32199,6.7894974
32200,7.2931156
32201,7.666564
32202,6.4510517
32203,7.7013745
32204,2.7810576
32205,12.21854
32206,7.206288
32207,24.174126
32208,5.780147
32209,1.2833333
32210,7.7589445
32211,7.28082
32212,6.371678
32213,17.04908
32214,5.6833334
32215,7.567151
32216,8.0371685
32217,1.8200052
32218,4.95429
32219,8.469428
32220,6.006727
32221,5.6915116
32222,1.5755373
32223,4.0333333
32224,10.36787
32225,7.9747615
32226,6.5993643
32227,7.488344
32228,6.5732036
32229,0.9166667
32230,7.5906544
32231,8.166129
32232,18.025688
32233,2.8934824
32234,3.0866044
32235,10.416147
32236,7.6802278
32237,10.95345
32238,7.5901504
32239,7.3785033
32240,0.9166667
32241,15.808635
32242,6.8721695
32243,8.239177
32244,8.0493765
32245,7.8467026
32246,7.141861
32247,8.365882
32248,7.917932
32249,3.7332385
32250,4.603136
32251,8.532416
32252,1.0613426
32253,15.334819
32254,9.149462
32255,8.72989
32256,4.58416
32257,2.337155
32258,20.815062
32259,5.5051913
32260,15.0931225
32261,15.030188
32262,6.0846753
32263,16.607172
32264,0.9166667
32265,6.4817643
32266,6.6433206
32267,0.9218208
32268,7.2434316
32269,7.9588904
32270,8.393941
32271,9.336661
32272,15.138647
32273,5.220266
32274,7.754906
32275,7.8469925
32276,9.740922
32277,5.5460796
32278,1.0496247
32279,8.397297
32280,7.2007313
32281,18.855658
32282,5.432139
32283,7.8959036
32284,8.290198
32285,7.4693737
32286,15.301121
32287,9.35
32288,6.149185
32289,4.6160936
32290,4.294069
32291,5.2712855
32292,21.486687
32293,11.688654
32294,6.820996
32295,3.1016285
32296,1.4156151
32297,5.267384
32298,7.1270323
32299,8.18212
32300,3.708058
32301,5.6833334
32302,21.79074
32303,4.378889
32304,7.0275197
32305,6.440916
32306,6.1387744
32307,17.092049
32308,3.3422313
32309,2.9047446
32310,4.9173713
32311,4.222424
32312,8.181097
32313,8.029829
32314,7.6501403
32315,7.3451324
32316,6.5692625
32317,0.148794
32318,6.5952635
32319,5.0709276
32320,0.17089179
32321,3.8092554
32322,7.546019
32323,8.927018
32324,8.277643
32325,7.2073364
32326,14.706988
32327,0.7029059
32328,5.7031603
32329,5.133333
32330,15.327961
32331,6.845195
32332,7.4417963
32333,17.002926
32334,5.5950522
32335,8.508104
32336,15.709006
32337,5.869848
32338,2.9018579
32339,3.4756079
32340,16.164686
32341,0.36206815
32342,14.160526
32343,7.205547
32344,8.428491
32345,6.6175275
32346,5.361876
32347,2.9485533
32348,0.52551574
32349,7.061914
32350,7.7826014
32351,5.416025
32352,0.97048146
32353,0.50654465
32354,7.0964065
32355,0.26808986
32356,15.213526
32357,7.5217
32358,7.117745
32359,5.101119
32360,1.912175
32361,7.1850076
32362,7.358195
32363,9.256534
32364,7.261129
32365,1.4486117
32366,2.6015882
32367,12.149026
32368,7.260908
32369,7.6405845
32370,15.512148
32371,6.5597715
32372,14.768187
32373,6.270862
32374,15.903656
32375,6.6189523
32376,3.8148575
32377,3.0214677
32378,8.675158
32379,10.525064
32380,2.8478308
32381,8.285935
32382,6.555698
32383,1.3746378
32384,7.336832
32385,5.6585917
32386,2.4665809
32387,5.0057087
32388,0.2906563
32389,2.794772
32390,9.540316
32391,7.883333
32392,7.249538
32393,16.304497
32394,6.676191
32395,8.492549
32396,3.6489296
32397,3.2328498
32398,1.4925762
32399,6.49924
32400,1.8598341
32401,4.8409276
32402,7.1233616
32403,9.555102
32404,7.7802777
32405,7.299002
32406,14.156067
32407,8.4711895
32408,16.463316
32409,5.543962
32410,7.406252
32411,1.65
32412,4.869687
32413,0.59758705
32414,6.4276934
32415,0.9166667
32416,6.2232156
32417,3.0197666
32418,6.5919104
32419,7.7
32420,5.010841
32421,0.36520955
32422,2.4605775
32423,5.059984
32424,0.3125859
32425,3.9948015
32426,2.9333334
32427,6.278155
32428,4.8947883
32429,7.046635
32430,6.3576365
32431,6.657744
32432,10.265605
32433,16.290628
32434,7.1764607
32435,1.8401674
32436,4.076865
32437,10.266666
32438,6.3717895
32439,2.9855242
32440,4.172559
32441,7.8147693
32442,11.295663
32443,6.800906
32444,9.565187
32445,5.5717983
32446,7.5461597
32447,7.21256
32448,15.679539
32449,2.0296724
32450,3.2636566
32451,7.1804028
32452,7.3947635
32453,8.176387
32454,8.0135975
32455,7.8280325
32456,5.8067393
32457,0.38833657
32458,9.635162
32459,7.470329
32460,7.51007
32461,3.5069282
32462,2.4133286
32463,1.2833333
32464,7.8363934
32465,8.531627
32466,7.2944837
32467,9.021197
32468,7.928889
32469,8.015203
32470,7.0187616
32471,2.9072535
32472,3.8952749
32473,3.939662
32474,4.228168
32475,9.234613
32476,8.436072
32477,1.8074492
32478,2.4782302
32479,3.5401511
32480,10.350603
32481,0.02567053
32482,7.3720245
32483,3.795911
32484,3.931649
32485,3.526948
32486,4.048465
32487,0.15094055
32488,4.9277744
32489,3.6787908
32490,9.012761
32491,7.7908144
32492,7.4871044
32493,9.092444
32494,7.4409
32495,4.766667
32496,8.522552
32497,4.0012703
32498,8.502448
32499,5.184937
32500,6.556281
32501,6.955316
32502,4.5109515
32503,2.3771996
32504,7.7331967
32505,7.7217417
32506,8.212805
32507,7.6568174
32508,13.465603
32509,2.0123236
32510,3.3425157
32511,5.6323137
32512,4.9354796
32513,8.476309
32514,7.0787535
32515,1.8925622
32516,2.5666666
32517,2.663712
32518,8.412939
32519,7.544939
32520,3.7628791
32521,3.280329
32522,16.600763
32523,14.2098
32524,6.3807874
32525,2.434735
32526,4.5460606
32527,0.44901866
32528,6.919619
32529,8.070433
32530,1.65
32531,4.7998796
32532,6.778123
32533,7.7045593
32534,7.3568263
32535,8.08778
32536,3.0016925
32537,2.6919162
32538,6.8176665
32539,7.6771255
32540,8.295947
32541,7.1215434
32542,7.0127354
32543,8.833955
32544,8.396204
32545,7.5714297
32546,7.4750504
32547,0.5507206
32548,7.2881513
32549,1.0438812
32550,8.860018
32551,7.2909446
32552,6.892488
32553,7.198235
32554,4.6477084
32555,3.280398
32556,9.801654e-05
32557,6.9846973
32558,6.712423
32559,15.1094475
32560,6.7603717
32561,14.124731
32562,5.4141393
32563,6.0889335
32564,7.119573
32565,6.975876
32566,7.24156
32567,24.269947
32568,0.19752778
32569,5.1581626
32570,0.9166667
32571,18.065115
32572,5.6739755
32573,26.49669
32574,16.30943
32575,6.4967275
32576,7.347412
32577,7.037141
32578,9.107127
32579,14.594236
32580,6.0739813
32581,7.5219707
32582,15.82922
32583,5.9708433
32584,6.5031567
32585,2.098985
32586,6.046227
32587,5.6230025
32588,2.4551873
32589,18.693333
32590,6.0406213
32591,8.759042
32592,1.4207006
32593,6.6
32594,6.5312247
32595,9.999071
32596,4.4677052
32597,17.430393
32598,15.95021
32599,24.21356
32600,23.117256
32601,5.6002584
32602,4.587639
32603,12.892106
32604,6.6275735
32605,8.088749
32606,4.460732
32607,2.8033416
32608,7.773451
32609,8.231874
32610,8.078086
32611,0.9166667
32612,6.7469234
32613,7.719611
32614,8.176807
32615,8.606528
32616,4.708318
32617,3.4592874
32618,9.567159
32619,13.6803465
32620,5.7614455
32621,3.8023362
32622,3.5761626
32623,10.037991
32624,6.0332937
32625,3.0362535
32626,0.18333334
32627,5.005361
32628,10.266666
32629,5.818036
32630,7.1550007
32631,8.808858
32632,8.410524
32633,7.384174
32634,6.661557
32635,3.956276
32636,4.494067
32637,14.552891
32638,7.5998187
32639,7.8276052
32640,1.9802228
32641,14.562806
32642,10.449239
32643,9.83891
32644,7.0704813
32645,8.522145
32646,8.175612
32647,2.6212807
32648,5.8279543
32649,19.837767
32650,6.960076
32651,8.07079
32652,0.6579359
32653,7.893629
32654,8.403438
32655,7.423899
32656,7.6078176
32657,10.45
32658,6.443794
32659,8.47448
32660,8.241162
32661,7.085042
32662,7.692799
32663,9.522658
32664,7.5864596
32665,6.134183
32666,7.481827
32667,7.1757646
32668,2.3833334
32669,25.358297
32670,4.1828556
32671,6.4148235
32672,7.9702473
32673,7.699939
32674,6.731368
32675,7.4841695
32676,8.194094
32677,3.3788598
32678,4.000761
32679,15.387736
32680,6.734137
32681,8.46063
32682,8.829093
32683,7.4802485
32684,8.962004
32685,8.093275
32686,8.094558
32687,2.714647
32688,4.3127856
32689,7.6780176
32690,1.2833333
32691,15.470508
32692,6.4002924
32693,8.146442
32694,3.0486867
32695,4.629414
32696,8.691459
32697,3.6083217
32698,0.4864071
32699,4.805245
32700,7.9352365
32701,14.557942
32702,7.009269
32703,12.016214
32704,8.163491
32705,11.586467
32706,7.5940757
32707,16.81602
32708,6.7286296
32709,17.019222
32710,6.9684935
32711,2.9803987
32712,11.891004
32713,1.2779441
32714,3.7341459
32715,1.6314557
32716,4.8910446
32717,3.226807
32718,15.684218
32719,0.12807329
32720,7.2059355
32721,7.89628
32722,7.417337
32723,14.222429
32724,2.94795
32725,4.4175997
32726,8.6719055
32727,0.094404615
32728,7.5177393
32729,5.3166666
32730,1.2909659
32731,7.924318
32732,15.150739
32733,13.489872
32734,16.186958
32735,4.694326
32736,8.237906
32737,0.05823162
32738,7.1071444
32739,7.049333
32740,2.5666666
32741,13.539915
32742,6.4166665
32743,8.77807
32744,8.022394
32745,8.0594425
32746,6.3889236
32747,6.095844
32748,3.6666667
32749,4.2469034
32750,5.195272
32751,2.5858276
32752,8.796134
32753,7.4179993
32754,15.661052
32755,5.566628
32756,8.106948
32757,6.8157454
32758,1.1
32759,7.0446396
32760,9.352797
32761,7.3969736
32762,5.067449
32763,2.6312535
32764,0.017250909
32765,8.60505
32766,5.6681347
32767,11.101695
32768,1.8125213
32769,0.68096006
32770,9.002053
32771,6.9085035
32772,8.785128
32773,7.98178
32774,1.4233474
32775,7.1295366
32776,5.868098
32777,6.3623705
32778,0.8495093
32779,4.9856105
32780,6.2559977
32781,6.7231293
32782,4.580352
32783,11.355273
32784,6.607682
32785,6.2180567
32786,4.981807
32787,4.03409
32788,6.2475204
32789,2.5666666
32790,5.554239
32791,7.153246
32792,3.6666667
32793,3.358693
32794,16.610939
32795,6.407124
32796,7.7285895
32797,7.7650023
32798,7.4399676
32799,7.582761
32800,1.7657971
32801,5.247653
32802,7.5008388
32803,0.4738168
32804,7.444704
32805,3.3
32806,10.577189
32807,3.3473725
32808,4.0486746
32809,7.447962
32810,6.317225
32811,1.65
32812,6.4166665
32813,16.552122
32814,6.814241
32815,7.7502747
32816,2.8462136
32817,11.477128
32818,0.77557063
32819,7.8918204
32820,8.154809
32821,7.5647917
32822,7.1574264
32823,7.7235403
32824,8.158602
32825,6.798064
32826,6.128019
32827,6.579091
32828,0.5894812
32829,10.70142
32830,3.663138
32831,7.1378226
32832,8.196696
32833,13.98952
32834,6.775594
32835,16.791918
32836,7.685903
32837,7.3815556
32838,9.1961775
32839,6.475133
32840,16.98713
32841,2.7755191
32842,3.8976133
32843,11.508026
32844,10.047666
32845,7.896706
32846,8.522208
32847,4.5833335
32848,20.09202
32849,7.000013
32850,6.128596
32851,3.2975163
32852,5.8095226
32853,7.425316
32854,6.6606984
32855,9.15652
32856,7.107973
32857,8.660026
32858,16.661055
32859,6.6615324
32860,9.226192
32861,7.920166
32862,4.5833335
32863,2.3711028
32864,18.311497
32865,6.9058228
32866,8.202551
32867,5.4851966
32868,0.3745114
32869,7.9275126
32870,1.9714109
32871,4.6143193
32872,9.013071
32873,6.91144
32874,16.194298
32875,7.7042856
32876,7.692803
32877,18.164152
32878,7.679958
32879,8.232623
32880,4.4
32881,11.104162
32882,2.2977374
32883,5.662856
32884,0.6595386
32885,13.732982
32886,4.9929037
32887,1.4666667
32888,6.4193583
32889,8.0656185
32890,7.252718
32891,8.237965
32892,4.3544717
32893,3.6019018
32894,14.485921
32895,5.98185
32896,6.800588
32897,16.116415
32898,7.6527934
32899,2.0166667
32900,6.863265
32901,1.859942
32902,5.2440705
32903,6.9274006
32904,2.3840609
32905,11.909826
32906,8.057233
32907,7.5758295
32908,8.217442
32909,6.3234234
32910,5.9178944
32911,13.243342
32912,4.7298417
32913,7.981854
32914,7.393676
32915,8.30971
32916,7.5654254
32917,8.587808
32918,0.73333335
32919,4.96463
32920,0.18333334
32921,7.4145875
32922,6.9203
32923,8.232162
32924,2.2657893
32925,4.867295
32926,2.700821
32927,1.2650653
32928,11.376461
32929,2.5666666
32930,4.1174154
32931,7.779733
32932,3.4833333
32933,11.8308
32934,0.062108167
32935,6.971318
32936,1.5890242
32937,24.890104
32938,13.157597
32939,5.275607
32940,5.4437246
32941,3.6292727
32942,11.171842
32943,14.412766
32944,2.4931288
32945,3.9632986
32946,9.973685
32947,16.075384
32948,7.648157
32949,9.533334
32950,5.8486023
32951,6.7937603
32952,21.049633
32953,6.2558126
32954,4.3088946
32955,1.4676605
32956,9.078292
32957,4.8315187
32958,2.4670856
32959,18.59891
32960,15.431556
32961,7.115931
32962,6.901765
32963,0.74040705
32964,7.704046
32965,18.741913
32966,17.201155
32967,0.44960678
32968,0.16442761
32969,5.606202
32970,7.045511
32971,3.9348733
32972,4.0095377
32973,4.03113
32974,2.6699898
32975,8.501253
32976,8.649738
32977,6.695544
32978,8.518969
32979,9.227881
32980,19.493143
32981,8.537474
32982,2.5808487
32983,4.9693003
32984,1.8974384
32985,6.344968
32986,7.865195
32987,7.9913087
32988,9.399922
32989,3.8499959
32990,3.218838
32991,9.065524
32992,24.957613
32993,6.447429
32994,17.356543
32995,13.828186
32996,5.0814166
32997,10.630581
32998,2.8957613
32999,3.8284957
33000,6.80593
33001,6.352995
33002,18.145578
33003,7.886626
33004,5.871289
33005,8.059571
33006,8.720732
33007,7.4773335
33008,8.061023
33009,22.207865
33010,1.1099296
33011,5.60188
33012,2.5461164
33013,2.8612401
33014,2.2593298
33015,5.1288905
33016,8.830098
33017,8.768005
33018,3.298977
33019,9.460201
33020,0.14731884
33021,7.561246
33022,4.014301
33023,3.0661387
33024,8.684023
33025,6.0164843
33026,7.286177
33027,7.920662
33028,7.782723
33029,3.6666667
33030,5.1928515
33031,7.4528933
33032,7.779548
33033,16.605782
33034,8.058763
33035,9.186859
33036,9.301621
33037,8.340605
33038,9.594152
33039,7.6723275
33040,24.746471
33041,5.6875367
33042,9.732433
33043,7.769202
33044,17.893148
33045,0.6368918
33046,6.6043334
33047,8.069217
33048,7.368849
33049,8.292193
33050,4.8064117
33051,4.353934
33052,17.230207
33053,5.0536246
33054,10.360553
33055,6.829836
33056,4.2624745
33057,0.19880691
33058,3.6542327
33059,4.107353
33060,0.55
33061,11.80092
33062,9.590638
33063,3.7678492
33064,0.3444791
33065,4.2711
33066,3.2563252
33067,13.991654
33068,6.3941274
33069,3.1962996
33070,4.8079467
33071,8.396905
33072,8.285804
33073,1.4818139
33074,5.8740973
33075,9.107227
33076,6.0598726
33077,3.8880906
33078,4.508318
33079,2.6255252
33080,5.1403594
33081,17.142454
33082,6.9381104
33083,8.079944
33084,8.625475
33085,6.6254663
33086,3.3492148
33087,3.0543082
33088,0.4971007
33089,8.140645
33090,1.5746894
33091,3.7302935
33092,11.409373
33093,16.887045
33094,6.9168262
33095,5.585192
33096,18.516666
33097,5.373109
33098,10.015842
33099,7.2272696
33100,5.5423746
33101,1.6461828
33102,4.5833335
33103,4.0065784
33104,7.846993
33105,8.697982
33106,5.3213267
33107,8.5694475
33108,7.838808
33109,6.5749
33110,8.154319
33111,8.109603
33112,0.18333334
33113,8.556474
33114,8.290859
33115,7.468277
33116,2.9249601
33117,3.5444686
33118,8.642074
33119,7.4229636
33120,2.7836695
33121,0.5885893
33122,3.7916422
33123,2.65615
33124,3.1090508
33125,2.3358855
33126,0.6373378
33127,7.0343037
33128,7.696684
33129,6.1591125
33130,2.3833334
33131,5.1482167
33132,9.048063
33133,6.7082767
33134,8.26662
33135,8.767373
33136,7.136133
33137,7.0419097
33138,5.653608
33139,4.2462964
33140,3.325715
33141,1.4666667
33142,5.78443
33143,23.798193
33144,1.222016
33145,4.160552
33146,0.3568733
33147,7.7202325
33148,2.4119177
33149,2.9573107
33150,17.647717
33151,7.7258
33152,2.4140341
33153,0.2667388
33154,3.2008657
33155,7.2649508
33156,14.089422
33157,1.828782
33158,5.877111
33159,6.6
33160,1.3503835
33161,2.2
33162,13.997072
33163,1.7777308
33164,13.328425
33165,6.511068
33166,4.0550475
33167,4.285063
33168,6.7876105
33169,7.918335
33170,19.852314
33171,1.4666667
33172,4.797429
33173,7.1038275
33174,6.5773253
33175,7.872702
33176,3.85
33177,5.640023
33178,7.5606847
33179,3.8184836
33180,3.554648
33181,22.763567
33182,5.0803475
33183,7.8200088
33184,8.576263
33185,6.1506653
33186,9.277196
33187,3.5204308
33188,2.9333334
33189,9.973041
33190,2.5696356
33191,3.8262467
33192,9.013576
33193,4.1658387
33194,12.164523
33195,1.782984
33196,1.2655602
33197,14.201905
33198,21.329803
33199,5.8718863
33200,9.146832
33201,7.7850747
33202,1.323532
33203,6.6415358
33204,7.2865825
33205,6.7818675
33206,8.056438
33207,1.1980853
33208,5.9527
33209,4.0933366
33210,3.1599796
33211,8.599073
33212,7.428443
33213,6.449307
33214,3.0187325
33215,8.608258
33216,4.95
33217,12.1
33218,4.3968453
33219,8.646087
33220,7.2855487
33221,7.4171367
33222,7.830708
33223,3.1166666
33224,11.6621685
33225,9.35
33226,4.5521674
33227,1.4345753
33228,6.476093
33229,6.8908753
33230,6.4492536
33231,6.805259
33232,3.2261348
33233,3.1792984
33234,6.9690967
33235,7.7848644
33236,8.050687
33237,8.406544
33238,6.178948
33239,7.296531
33240,3.2694979
33241,0.07189512
33242,2.6069744
33243,8.762385
33244,13.341249
33245,6.8178134
33246,0.8433588
33247,2.2544045
33248,0.30835077
33249,3.0642357
33250,8.605519
33251,7.5000834
33252,9.036582
33253,3.0093966
33254,1.8333334
33255,8.108442
33256,7.744013
33257,9.306876
33258,7.989018
33259,9.052801
33260,1.8333334
33261,4.720255
33262,3.011984
33263,4.217519
33264,8.433333
33265,17.062092
33266,9.523719
33267,3.1023657
33268,9.832012
33269,7.709325
33270,7.3210015
33271,0.0012441871
33272,0.22395371
33273,10.110097
33274,7.052538
33275,1.203501
33276,6.621233
33277,7.649347
33278,6.7381716
33279,8.27995
33280,7.994109
33281,1.7682673
33282,3.4833333
33283,0.9979602
33284,5.7022433
33285,6.777104
33286,6.250524
33287,6.9522157
33288,7.548139
33289,8.477601
33290,6.4412446
33291,8.384234
33292,1.3807442
33293,8.148919
33294,2.2928033
33295,4.0345807
33296,8.340873
33297,5.6864448
33298,7.9446607
33299,8.267813
33300,4.4476676
33301,1.8058565
33302,10.319239
33303,7.797376
33304,14.238407
33305,13.51297
33306,6.7097707
33307,2.9352326
33308,5.477359
33309,6.7707367
33310,2.7394052
33311,4.0936065
33312,15.869191
33313,6.5018973
33314,9.86974
33315,4.780997
33316,6.592386
33317,6.281943
33318,15.83432
33319,6.2247796
33320,14.208428
33321,5.9500885
33322,3.9961991
33323,0.038548544
33324,3.321319
33325,7.221104
33326,8.549031
33327,5.5819235
33328,2.0166667
33329,18.881723
33330,6.672167
33331,7.52715
33332,5.851245
33333,0.7544282
33334,1.4192009
33335,4.3205395
33336,8.475961
33337,6.8474784
33338,5.6295013
33339,5.1096215
33340,3.6442053
33341,0.13326326
33342,6.8276258
33343,6.054349
33344,7.1793427
33345,7.6452503
33346,7.438505
33347,0.3460914
33348,3.1606212
33349,0.012148227
33350,3.2800212
33351,8.760693
33352,7.382292
33353,6.1349626
33354,8.498243
33355,20.267168
33356,1.6376258
33357,4.5656056
33358,7.230655
33359,10.625613
33360,4.063525
33361,1.1675828
33362,3.8396454
33363,2.8398623
33364,7.8335695
33365,7.245732
33366,15.818229
33367,6.6791415
33368,1.8654065
33369,4.256647
33370,9.148745
33371,7.4037323
33372,8.880308
33373,6.5727735
33374,6.32433
33375,8.851375
33376,24.52874
33377,1.3017182
33378,0.6218318
33379,3.5881007
33380,20.568392
33381,7.006584
33382,8.535486
33383,2.376004
33384,4.764397
33385,15.897918
33386,8.817504
33387,6.619856
33388,15.180026
33389,0.5533914
33390,7.2872396
33391,6.7074966
33392,7.4285207
33393,7.1409936
33394,16.93079
33395,7.4036407
33396,2.5758154
33397,5.076541
33398,6.6307597
33399,0.29934248
33400,3.664672
33401,11.559677
33402,10.551176
33403,2.4140005
33404,8.849216
33405,6.688306
33406,8.504217
33407,7.9056263
33408,4.0754886
33409,13.684152
33410,5.9213305
33411,7.7824483
33412,7.4945498
33413,8.860219
33414,6.1501412
33415,3.4708188
33416,4.0790906
33417,10.640432
33418,14.0003605
33419,9.367997
33420,7.5675335
33421,6.5817065
33422,5.133333
33423,11.20991
33424,8.262362
33425,7.9146676
33426,0.8039021
33427,6.094208
33428,6.1443624
33429,11.802842
33430,3.4833333
33431,8.376884
33432,21.047764
33433,9.826466
33434,3.898745
33435,2.9979928
33436,16.15683
33437,7.1838174
33438,7.7764497
33439,16.151535
33440,3.198406
33441,3.6960912
33442,15.330329
33443,5.4671464
33444,18.338955
33445,1.734824
33446,4.1062703
33447,0.32863963
33448,24.241491
33449,28.7189
33450,6.44769
33451,6.484689
33452,8.692181
33453,1.4647049
33454,7.3082056
33455,1.6769845
33456,6.7049336
33457,7.219609
33458,16.945692
33459,8.095387
33460,10.095992
33461,0.77879524
33462,8.026882
33463,14.2815895
33464,0.012835264
33465,7.7521853
33466,7.7164783
33467,8.216609
33468,3.9903018
33469,5.1660204
33470,10.328958
33471,6.967981
33472,7.8875775
33473,2.7349844
33474,5.088592
33475,8.684833
33476,15.335183
33477,3.2594948
33478,2.9534678
33479,0.06954764
33480,7.6760707
33481,7.6699295
33482,6.304753
33483,7.929576
33484,3.9785888
33485,3.1123772
33486,3.8704376
33487,4.62588
33488,6.54693
33489,7.034064
33490,7.7
33491,7.354347
33492,7.407076
33493,5.514621
33494,6.730255
33495,8.205938
33496,7.914521
33497,6.2293277
33498,7.6134095
33499,7.1215043
33500,6.722581
33501,7.844821
33502,7.5233564
33503,10.357747
33504,1.6638945
33505,5.1126304
33506,1.999939
33507,1.5385998
33508,22.13167
33509,8.618966
33510,13.895294
33511,5.825192
33512,8.306637
33513,7.6046157
33514,13.555612
33515,5.7969236
33516,14.079545
33517,6.416908
33518,6.4921927
33519,3.6339087
33520,3.621873
33521,7.371329
33522,7.899931
33523,5.883014
33524,6.94677
33525,8.701558
33526,9.057529
33527,5.0528173
33528,1.8622993
33529,10.817849
33530,6.467018
33531,7.571909
33532,1.9033732
33533,4.1527257
33534,1.780862
33535,2.6753614
33536,4.179709
33537,0.25295615
33538,10.633333
33539,1.2833333
33540,11.845293
33541,0.9896877
33542,6.295587
33543,7.3149495
33544,7.2561097
33545,2.2
33546,8.983334
33547,8.104781
33548,7.3333335
33549,7.80833
33550,5.898924
33551,8.506262
33552,6.754582
33553,1.7363678
33554,5.5171537
33555,7.35
33556,8.765428
33557,7.400518
33558,1.1771001
33559,5.8028293
33560,7.6978455
33561,6.2663684
33562,8.928319
33563,0.13506189
33564,3.975276
33565,2.6909454
33566,15.9799385
33567,6.5285277
33568,8.729716
33569,7.021408
33570,0.18333334
33571,7.5224547
33572,6.3019724
33573,4.2830625
33574,4.973064
33575,7.8522897
33576,16.201061
33577,6.5485473
33578,7.4943767
33579,2.6225548
33580,4.1308527
33581,8.194109
33582,4.5833335
33583,11.288026
33584,4.327008
33585,3.5339322
33586,6.4954524
33587,26.76749
33588,6.088625
33589,7.367937
33590,8.272403
33591,1.6935738
33592,4.1656632
33593,9.414502
33594,4.890432
33595,18.62102
33596,6.285867
33597,3.2997954
33598,12.267548
33599,5.704567
33600,9.546177
33601,7.6712556
33602,0.99612707
33603,6.4611664
33604,7.42065
33605,7.291042
33606,3.3147912
33607,1.2833333
33608,2.1800985
33609,31.640528
33610,3.1475067
33611,10.852059
33612,5.0801287
33613,4.23897
33614,3.5750258
33615,8.5845995
33616,9.193803
33617,5.8531117
33618,6.7703595
33619,6.726325
33620,8.968404
33621,6.580703
33622,7.3746705
33623,8.618099
33624,5.401578
33625,2.8855236
33626,4.1783514
33627,14.1747675
33628,0.21642356
33629,3.3391063
33630,6.0914135
33631,6.9369965
33632,5.689336
33633,4.11122
33634,8.578784
33635,7.0807395
33636,7.5898957
33637,6.596351
33638,7.718268
33639,0.91035295
33640,1.2833333
33641,3.9719539
33642,5.272917
33643,7.435548
33644,7.2563357
33645,9.393869
33646,1.9096072
33647,4.794763
33648,6.954361
33649,6.601002
33650,0.4445344
33651,4.166908
33652,11.812215
33653,14.860287
33654,6.1954737
33655,0.94114983
33656,2.8049195
33657,13.9829855
33658,9.623503
33659,8.762864
33660,0.47120965
33661,6.341675
33662,2.6999385
33663,8.504049
33664,5.6833334
33665,0.95983684
33666,8.239397
33667,6.583074
33668,3.831946
33669,5.277504
33670,10.065694
33671,5.199307
33672,2.876947
33673,1.4667293
33674,3.144189
33675,4.766667
33676,2.5779674
33677,9.487098
33678,7.224382
33679,9.111237
33680,4.398006
33681,4.1243687
33682,5.742196
33683,8.252329
33684,7.83874
33685,8.068026
33686,16.725094
33687,6.01028
33688,6.4480176
33689,7.713586
33690,7.7957745
33691,6.9603105
33692,4.1504416
33693,3.6336534
33694,8.207552
33695,18.98166
33696,4.8367443
33697,6.3565245
33698,8.343612
33699,4.1411586
33700,4.199567
33701,0.09666392
33702,9.405196
33703,2.055887
33704,2.3174043
33705,4.8268924
33706,4.386519
33707,15.681522
33708,6.8717775
33709,6.0199747
33710,2.0166667
33711,5.247614
33712,6.5227747
33713,7.715753
33714,7.8730655
33715,6.9852457
33716,22.566456
33717,6.880285
33718,7.7768707
33719,7.4735103
33720,5.7951984
33721,6.7887273
33722,1.4666667
33723,35.137363
33724,4.673624
33725,8.139587
33726,7.267464
33727,3.7386444
33728,3.6666667
33729,7.521748
33730,17.462648
33731,4.70323
33732,6.717999
33733,8.065124
33734,7.139926
33735,7.064806
33736,6.5713763
33737,5.986678
33738,8.177646
33739,6.974166
33740,1.335137
33741,2.575394
33742,11.508549
33743,19.880095
33744,1.5928128
33745,9.957914
33746,7.186684
33747,7.7053547
33748,2.1178627
33749,3.9935756
33750,2.9333334
33751,12.819881
33752,7.55189
33753,8.464467
33754,20.325098
33755,5.9173555
33756,0.5230505
33757,8.190993
33758,2.9671516
33759,11.492159
33760,6.7060995
33761,8.4178705
33762,8.688109
33763,3.6008627
33764,3.489623
33765,14.319685
33766,7.322569
33767,7.3868837
33768,7.6525574
33769,6.8057294
33770,5.946056
33771,8.820748
33772,6.334102
33773,7.2520576
33774,8.248321
33775,5.9150677
33776,14.2290125
33777,0.63380414
33778,2.3125284
33779,8.095572
33780,10.028227
33781,8.6007805
33782,2.4577498
33783,5.613078
33784,8.407456
33785,4.7820945
33786,7.8470025
33787,18.603048
33788,11.98847
33789,23.125395
33790,6.7919984
33791,5.8964844
33792,1.7809062
33793,0.33570668
33794,8.578264
33795,0.78966033
33796,7.0339346
33797,8.148638
33798,18.22848
33799,6.9867754
33800,7.614757
33801,8.0659275
33802,2.689397
33803,5.69352
33804,8.934348
33805,7.386795
33806,4.58418
33807,3.4088335
33808,2.0166667
33809,5.8467298
33810,8.665694
33811,8.840709
33812,8.079317
33813,8.104523
33814,0.7999227
33815,7.573173
33816,2.8321729
33817,5.685371
33818,8.764428
33819,7.561441
33820,8.471769
33821,6.6678596
33822,15.443788
33823,3.6776092
33824,5.7539673
33825,13.563356
33826,7.770172
33827,10.422543
33828,9.308457
33829,7.233552
33830,3.9621465
33831,4.2321677
33832,8.438344
33833,24.890074
33834,14.352761
33835,7.8695464
33836,10.468252
33837,3.0822525
33838,10.812561
33839,13.199965
33840,7.6639967
33841,7.6883726
33842,7.970426
33843,6.772707
33844,17.511435
33845,7.0711823
33846,5.547035
33847,10.101109
33848,5.9795666
33849,2.7417676
33850,16.342045
33851,7.9140015
33852,8.047893
33853,8.119196
33854,7.732573
33855,7.2653427
33856,0.81617886
33857,8.789005
33858,14.81513
33859,8.709269
33860,0.03335503
33861,8.576846
33862,8.901767
33863,7.7389636
33864,15.033334
33865,1.1247935
33866,9.625436
33867,0.045494374
33868,7.939
33869,2.1232436
33870,2.5796776
33871,0.050659843
33872,11.249573
33873,8.257656
33874,7.9416866
33875,7.3833456
33876,8.277358
33877,0.8821243
33878,4.13101
33879,2.570518
33880,8.198931
33881,8.934613
33882,13.027065
33883,3.4843216
33884,0.47852162
33885,18.389723
33886,5.295882
33887,9.924252
33888,7.883333
33889,8.1352005
33890,8.451931
33891,8.695134
33892,6.6534405
33893,9.453147
33894,22.88314
33895,6.9033914
33896,5.6865172
33897,8.231746
33898,5.054502
33899,3.5665274
33900,6.3471484
33901,7.3870554
33902,8.008631
33903,8.400739
33904,9.35187
33905,14.77831
33906,16.683064
33907,8.216545
33908,8.821753
33909,8.238408
33910,7.296223
33911,6.233333
33912,9.603282
33913,5.3796124
33914,16.101107
33915,7.983771
33916,8.24595
33917,8.05345
33918,6.9971876
33919,3.7491956
33920,4.9912615
33921,6.8591714
33922,7.7663803
33923,6.662247
33924,8.304837
33925,10.305492
33926,2.4437926
33927,0.8473236
33928,2.817578
33929,9.451504
33930,8.577611
33931,2.3414679
33932,6.118624
33933,8.137461
33934,7.450253
33935,2.028913
33936,4.3514433
33937,14.413367
33938,6.642438
33939,8.719068
33940,8.39167
33941,6.490208
33942,9.742701
33943,1.9778804
33944,7.8358927
33945,6.9556594
33946,8.6424265
33947,6.976831
33948,3.6454697
33949,3.3717885
33950,8.707896
33951,8.5221405
33952,3.5772502
33953,5.166737
33954,6.299925
33955,4.5833335
33956,27.81591
33957,0.49381715
33958,2.9670098
33959,0.7429997
33960,6.531611
33961,7.1190686
33962,0.7304144
33963,5.8061066
33964,5.9084063
33965,9.220592
33966,0.042058893
33967,16.255331
33968,5.6553335
33969,14.890971
33970,6.4845824
33971,7.7252026
33972,6.4677725
33973,6.654823
33974,8.120822
33975,15.968136
33976,5.66142
33977,1.3057023
33978,3.727515
33979,0.5469654
33980,2.7603867
33981,9.323342
33982,5.275818
33983,6.50024
33984,1.5554733
33985,1.8410836
33986,3.6426764
33987,16.982027
33988,0.8455445
33989,5.592976
33990,5.641661
33991,1.2412419
33992,3.2630243
33993,2.918947
33994,0.7043811
33995,5.3697095
33996,4.211016
33997,6.417093
33998,1.8333334
33999,6.1756
34000,6.1399717
34001,7.0114064
34002,5.9811068
34003,15.262694
34004,9.529403
34005,6.9956846
34006,5.0927625
34007,15.25198
34008,2.6068816
34009,12.802224
34010,5.0236955
34011,6.368408
34012,1.4210192
34013,6.089076
34014,8.082447
34015,8.453842
34016,8.30726
34017,7.887978
34018,23.662066
34019,6.632269
34020,6.4937572
34021,9.433539
34022,5.7824354
34023,1.641086
34024,6.5495377
34025,5.8129344
34026,7.2709293
34027,7.504733
34028,2.7016346
34029,4.589492
34030,5.3478107
34031,0.18419756
34032,10.747898
34033,7.1749907
34034,9.174033
34035,6.4920745
34036,11.183333
34037,2.6899753
34038,9.433933
34039,7.211252
34040,6.6125426
34041,5.3564806
34042,15.820339
34043,6.9965878
34044,4.331453
34045,0.1292495
34046,3.3847163
34047,7.9865336
34048,6.527954
34049,9.949803
34050,8.911104
34051,6.2393107
34052,7.361658
34053,7.3162622
34054,8.82787
34055,2.5666666
34056,6.1117663
34057,8.362745
34058,6.895398
34059,7.2961655
34060,7.296458
34061,3.5561178
34062,3.8180864
34063,6.306427
34064,7.898774
34065,17.809244
34066,6.744267
34067,8.733032
34068,17.296143
34069,3.4784057
34070,3.5749474
34071,1.1
34072,6.986399
34073,2.8901055
34074,10.473275
34075,6.92204
34076,7.936394
34077,7.72401
34078,0.49480215
34079,6.956289
34080,3.0612864
34081,2.2058477
34082,0.39616808
34083,4.0185657
34084,2.77795
34085,8.4975
34086,2.3089755
34087,0.5516544
34088,5.049041
34089,6.680087
34090,3.3244615
34091,2.6921315
34092,10.212284
34093,6.7320495
34094,19.373629
34095,7.333778
34096,7.8218966
34097,6.441911
34098,7.9431615
34099,9.166667
34100,3.255006
34101,7.3233285
34102,7.137269
34103,9.358373
34104,7.159755
34105,6.36975
34106,2.5420732
34107,4.3776298
34108,7.369578
34109,15.713897
34110,1.8031464
34111,4.1840415
34112,8.269712
34113,7.750735
34114,6.746413
34115,8.049338
34116,7.4763103
34117,7.6460347
34118,4.216745
34119,2.789982
34120,0.021896891
34121,5.3908014
34122,2.8158188
34123,10.604821
34124,3.411112
34125,6.4924664
34126,1.1699252
34127,30.648731
34128,6.9666667
34129,10.971702
34130,6.978189
34131,6.57731
34132,22.364233
34133,5.416688
34134,2.7107356
34135,3.7833302
34136,37.216667
34137,6.9004903
34138,6.3566313
34139,16.627102
34140,14.853139
34141,6.5958166
34142,14.990237
34143,6.910395
34144,5.3685956
34145,3.5849109
34146,2.9158735
34147,4.578773
34148,3.1759028
34149,8.0872755
34150,7.414206
34151,6.016906
34152,8.390485
34153,0.18333334
34154,16.65016
34155,6.949069
34156,8.310071
34157,16.473127
34158,7.9911737
34159,7.443487
34160,7.450212
34161,7.1795583
34162,6.971582
34163,5.268149
34164,15.010692
34165,13.240043
34166,6.096632
34167,9.650893
34168,7.6838
34169,3.2858424
34170,4.177592
34171,0.021828275
34172,10.14232
34173,15.815672
34174,5.295682
34175,3.5723546
34176,3.8836741
34177,22.324085
34178,5.710016
34179,6.6485085
34180,19.564037
34181,1.2067062
34182,5.593274
34183,12.131978
34184,2.7254186
34185,8.922211
34186,3.1166666
34187,4.4658003
34188,7.9243975
34189,7.7
34190,4.5833335
34191,21.232294
34192,13.102775
34193,8.601329
34194,2.0470555
34195,6.6357045
34196,16.528852
34197,10.029588
34198,2.328172
34199,15.038741
34200,2.8978932
34201,3.0897408
34202,8.112372
34203,16.514364
34204,7.019087
34205,6.5543113
34206,8.231844
34207,7.482588
34208,8.749456
34209,7.3134646
34210,6.8417144
34211,16.715061
34212,1.9233881
34213,0.20565827
34214,4.2632046
34215,9.175479
34216,23.212717
34217,4.812087
34218,8.58723
34219,2.2044113
34220,6.0627522
34221,2.5907924
34222,5.637715
34223,16.591335
34224,6.066943
34225,8.237211
34226,2.546636
34227,8.883726
34228,3.8237228
34229,6.647231
34230,0.76490134
34231,6.0621614
34232,17.613657
34233,4.807692
34234,7.641696
34235,25.84356
34236,7.091251
34237,17.781475
34238,2.3340285
34239,3.4680893
34240,12.499803
34241,8.95535
34242,8.118733
34243,8.841373
34244,9.802966
34245,5.2535977
34246,0.17827247
34247,6.6
34248,11.987731
34249,6.386983
34250,9.891864
34251,17.76062
34252,8.993757
34253,5.7711434
34254,1.0903944
34255,17.474985
34256,0.37167376
34257,14.210602
34258,6.1612754
34259,8.3688135
34260,9.013988
34261,6.787625
34262,14.296398
34263,15.072382
34264,5.7622294
34265,2.675856
34266,4.275127
34267,8.696409
34268,2.9333334
34269,3.569291
34270,2.948715
34271,4.715805
34272,7.6702495
34273,7.3157096
34274,16.241104
34275,2.2797127
34276,4.202004
34277,8.652414
34278,7.657712
34279,25.978394
34280,32.90831
34281,4.9009447
34282,8.159245
34283,5.50231
34284,13.781414
34285,9.193206
34286,7.5111184
34287,6.6017804
34288,16.30074
34289,0.47816387
34290,5.045832
34291,8.994216
34292,4.4315815
34293,2.4331331
34294,7.2328253
34295,18.639566
34296,14.4202
34297,3.4916139
34298,4.4656577
34299,8.970306
34300,7.301878
34301,5.347595
34302,9.447903
34303,8.633536
34304,6.940963
34305,3.1320596
34306,3.6475036
34307,9.212319
34308,7.443327
34309,11.847489
34310,3.6731155
34311,7.9165792
34312,2.7032466
34313,3.2031708
34314,9.092906
34315,8.255491
34316,7.779772
34317,7.393519
34318,15.482113
34319,5.126961
34320,3.5464487
34321,6.7833333
34322,4.1083283
34323,6.989093
34324,9.220017
34325,7.1279244
34326,5.4230723
34327,0.4760711
34328,3.5234933
34329,2.9660683
34330,4.0777283
34331,2.6445792
34332,14.696546
34333,6.009334
34334,7.019881
34335,8.793843
34336,6.8329425
34337,4.0114636
34338,13.174366
34339,0.99771994
34340,5.5039806
34341,7.944578
34342,1.1
34343,7.60048
34344,7.6685486
34345,6.7161317
34346,2.9333334
34347,19.503532
34348,4.618441
34349,7.8001547
34350,15.985783
34351,7.319041
34352,6.3542013
34353,0.16210464
34354,7.756324
34355,9.8473
34356,3.125943
34357,15.822653
34358,3.7122238
34359,0.59570384
34360,2.7451506
34361,5.855669
34362,1.3806018
34363,1.4666667
34364,7.0331264
34365,3.6058035
34366,4.3460774
34367,7.387099
34368,5.847348
34369,7.0381804
34370,5.6693144
34371,21.892965
34372,5.637283
34373,6.307432
34374,9.444133
34375,6.6844387
34376,6.74663
34377,8.879338
34378,7.912473
34379,7.227926
34380,8.053792
34381,2.3778656
34382,9.4628
34383,2.6295285
34384,0.10015328
34385,6.26162
34386,6.114692
34387,10.995148
34388,3.2210774
34389,2.927975
34390,3.6355307
34391,5.556586
34392,5.340999
34393,4.1953826
34394,7.755363
34395,6.9501386
34396,4.2065163
34397,2.718582
34398,2.3137243
34399,4.8632326
34400,0.47684962
34401,4.153206
34402,7.993424
34403,0.18333334
34404,8.262044
34405,10.529435
34406,5.7305465
34407,7.5736694
34408,3.123796
34409,5.1607127
34410,1.0657531
34411,5.243199
34412,2.9147658
34413,23.333733
34414,5.960748
34415,1.3031198
34416,5.2885175
34417,2.1224253
34418,5.007527
34419,31.62064
34420,11.258997
34421,7.8901286
34422,4.9071383
34423,1.625619
34424,8.735492
34425,11.7231655
34426,3.585278
34427,8.255889
34428,0.73333335
34429,14.447844
34430,5.9157586
34431,5.664409
34432,0.64137614
34433,7.6788454
34434,9.482025
34435,8.3959055
34436,9.023676
34437,7.7862134
34438,9.635327
34439,12.501655
34440,3.8247323
34441,11.634015
34442,7.3975415
34443,7.629267
34444,7.5935864
34445,6.1219077
34446,7.799498
34447,4.007671
34448,3.7726173
34449,7.1826305
34450,3.5794945
34451,12.125621
34452,6.2380276
34453,8.720184
34454,7.5355835
34455,6.301414
34456,5.3016953
34457,8.541062
34458,7.8710155
34459,1.8621036
34460,3.9803383
34461,7.598913
34462,7.140284
34463,7.7151213
34464,2.7687414
34465,2.5509393
34466,7.306172
34467,18.530518
34468,10.510266
34469,2.2540224
34470,8.14729
34471,6.8784914
34472,16.64992
34473,7.4069195
34474,7.3348765
34475,11.377165
34476,2.319659
34477,3.1041636
34478,4.2030616
34479,9.030268
34480,7.829168
34481,1.8806822
34482,3.0176985
34483,2.4000723
34484,8.885571
34485,6.9081316
34486,8.474857
34487,7.0920897
34488,0.3634698
34489,6.343894
34490,8.828002
34491,0.6325301
34492,3.2747176
34493,2.870723
34494,7.3783264
34495,0.5201983
34496,2.9310277
34497,0.36666667
34498,2.2867894
34499,3.639884
34500,0.34990925
34501,1.024687
34502,3.4800694
34503,7.7672815
34504,0.4883822
34505,7.4349113
34506,8.407309
34507,7.8017344
34508,8.369058
34509,7.9274054
34510,7.3515196
34511,0.55
34512,31.166666
34513,0.0687243
34514,2.0166667
34515,12.275521
34516,6.9549437
34517,9.6933775
34518,6.547617
34519,0.40942976
34520,7.012313
34521,7.8873606
34522,7.61361
34523,15.850284
34524,21.330173
34525,0.9166667
34526,4.763511
34527,6.547
34528,6.537766
34529,6.8378534
34530,8.107163
34531,10.426943
34532,3.6384127
34533,8.444108
34534,1.65
34535,0.038039815
34536,5.135375
34537,24.862423
34538,0.49278298
34539,3.040713
34540,7.0888257
34541,9.215694
34542,15.9946375
34543,8.772699
34544,8.339384
34545,6.3880453
34546,6.6377625
34547,3.0322251
34548,3.6552427
34549,8.56289
34550,6.972676
34551,3.4833333
34552,2.0880516
34553,3.8913677
34554,1.8341935
34555,3.2739725
34556,2.9871368
34557,14.26907
34558,2.2751646
34559,4.7066064
34560,16.678038
34561,8.492961
34562,0.8035832
34563,6.48051
34564,0.18333334
34565,7.999575
34566,7.530222
34567,9.052029
34568,5.600356
34569,1.4143687
34570,5.285311
34571,5.133333
34572,10.312353
34573,7.259967
34574,1.6747203
34575,13.02193
34576,7.1343284
34577,7.5280275
34578,3.6676068
34579,4.1297994
34580,2.4099417
34581,22.895346
34582,5.593147
34583,8.704366
34584,3.659996
34585,3.4466531
34586,5.2246428
34587,4.250051
34588,7.606763
34589,6.857501
34590,7.749667
34591,24.5064
34592,5.6671295
34593,9.551519
34594,5.8561645
34595,8.219381
34596,7.1797996
34597,2.3427713
34598,11.55036
34599,7.488173
34600,8.541959
34601,8.3599615
34602,8.15893
34603,3.5798528
34604,3.3308856
34605,0.11488519
34606,13.389755
34607,1.8966097
34608,1.6908436
34609,7.955762
34610,13.667655
34611,6.0305758
34612,7.023919
34613,6.9548078
34614,18.021328
34615,7.7094464
34616,21.92162
34617,5.457463
34618,7.903793
34619,26.209673
34620,6.288075
34621,10.218861
34622,8.253089
34623,8.76361
34624,8.392181
34625,0.7317473
34626,15.032123
34627,6.449366
34628,8.178959
34629,8.819259
34630,6.807184
34631,6.1536837
34632,6.460128
34633,8.234957
34634,8.386268
34635,10.216793
34636,8.040688
34637,3.0153754
34638,3.00207
34639,8.865212
34640,6.4441557
34641,4.2166667
34642,4.0058136
34643,2.0267906
34644,5.973607
34645,8.0465975
34646,3.2854116
34647,3.1655517
34648,5.242066
34649,7.4097705
34650,8.236201
34651,2.2
34652,5.5272803
34653,9.805215
34654,8.8655815
34655,8.214129
34656,8.2392645
34657,7.6324954
34658,2.0934715
34659,1.6503241
34660,4.348955
34661,23.787693
34662,5.5486226
34663,2.999418
34664,4.448446
34665,9.155347
34666,15.630611
34667,1.3026298
34668,13.946323
34669,1.0557607
34670,6.0240664
34671,7.5843678
34672,16.578375
34673,6.997126
34674,8.025563
34675,8.2126045
34676,1.9145763
34677,5.4268517
34678,3.4703581
34679,2.812202
34680,3.9746044
34681,0.8896225
34682,3.8579252
34683,6.006688
34684,8.500092
34685,7.8793826
34686,8.281329
34687,7.4751577
34688,5.5703535
34689,0.047536086
34690,2.9710054
34691,0.73333335
34692,8.362452
34693,1.9729652
34694,2.4765244
34695,3.8890703
34696,4.8155375
34697,3.184954
34698,8.972849
34699,23.650421
34700,13.324554
34701,5.890509
34702,16.802546
34703,0.61642593
34704,6.201766
34705,10.633333
34706,5.780584
34707,6.9635987
34708,7.4598804
34709,5.743631
34710,8.18192
34711,3.385334
34712,3.6770315
34713,7.9306645
34714,14.635573
34715,6.8599124
34716,1.9584783
34717,4.4949503
34718,3.6666667
34719,11.515922
34720,6.7066092
34721,6.141858
34722,7.981799
34723,7.716386
34724,9.716666
34725,13.46237
34726,5.7849646
34727,13.082473
34728,14.672711
34729,6.9554086
34730,0.6540251
34731,7.8679247
34732,1.0838128
34733,6.2679114
34734,6.399407
34735,6.029609
34736,5.705886
34737,6.3474913
34738,0.57961583
34739,3.8612387
34740,3.3780177
34741,1.883319
34742,5.680028
34743,7.7
34744,7.203231
34745,7.948175
34746,15.144545
34747,4.790645
34748,1.0629793
34749,5.86082
34750,7.5723987
34751,7.223368
34752,7.163023
34753,8.128609
34754,7.4279256
34755,7.3855457
34756,15.168644
34757,5.045871
34758,8.598039
34759,12.236571
34760,6.8672833
34761,8.48308
34762,7.0069375
34763,4.19648
34764,1.9196142
34765,0.018990705
34766,8.342383
34767,6.9754343
34768,2.8851902
34769,3.2219355
34770,7.5562396
34771,6.7331824
34772,6.468895
34773,4.051171
34774,2.817118
34775,8.347588
34776,6.05
34777,1.4666667
34778,15.11579
34779,6.935625
34780,2.5666666
34781,4.711081
34782,6.637674
34783,3.5154557
34784,3.9466162
34785,5.5699906
34786,8.240559
34787,8.786926
34788,2.8933058
34789,3.6881804
34790,7.646162
34791,0.11746299
34792,3.5019736
34793,0.23102985
34794,10.961835
34795,2.049913
34796,12.715524
34797,6.277551
34798,3.7048383
34799,4.6021557
34800,7.5319276
34801,3.6770356
34802,3.1013172
34803,8.671124
34804,9.081708
34805,6.923207
34806,7.617296
34807,6.6773224
34808,6.831335
34809,0.9398461
34810,4.7753954
34811,2.5379813
34812,8.516999
34813,7.025972
34814,6.9911566
34815,0.80182433
34816,8.030387
34817,8.248659
34818,8.836358
34819,2.7028348
34820,1.0110013
34821,3.7266617
34822,8.835893
34823,6.3169556
34824,18.20807
34825,0.99333864
34826,3.9938796
34827,8.991414
34828,2.8154366
34829,2.97362
34830,0.7643672
34831,0.54853475
34832,17.410395
34833,16.675262
34834,6.168117
34835,4.4
34836,11.602925
34837,5.985527
34838,5.7615643
34839,7.5531096
34840,9.071804
34841,5.792101
34842,7.3450947
34843,14.38965
34844,8.4509115
34845,6.1031218
34846,6.9526954
34847,7.56594
34848,7.120033
34849,4.317795
34850,2.3168018
34851,0.2749756
34852,9.846147
34853,7.110178
34854,7.9604955
34855,6.5706463
34856,8.142028
34857,7.941295
34858,8.40573
34859,10.083333
34860,3.4833333
34861,18.065796
34862,2.0166667
34863,4.000893
34864,7.2778153
34865,8.0187025
34866,0.084421635
34867,6.2126203
34868,3.318301
34869,0.13243505
34870,3.5007052
34871,25.370813
34872,6.002693
34873,2.9465258
34874,0.76203257
34875,3.2543604
34876,3.7438838
34877,4.4203687
34878,1.6728576
34879,6.162627
34880,7.3257265
34881,7.496976
34882,7.4130006
34883,1.65
34884,6.4984765
34885,6.5503073
34886,7.544152
34887,9.36543
34888,7.405128
34889,1.6119603
34890,7.350391
34891,0.7744971
34892,4.237147
34893,2.3283925
34894,6.2447314
34895,9.746505
34896,6.598248
34897,6.458078
34898,8.70706
34899,7.614782
34900,14.176098
34901,1.5410012
34902,3.4833333
34903,23.925955
34904,5.5999646
34905,7.287588
34906,6.1950407
34907,0.5944213
34908,6.8950706
34909,4.9743237
34910,2.4889193
34911,8.723695
34912,6.005135
34913,2.5666666
34914,10.083333
34915,11.408667
34916,8.662939
34917,7.1868896
34918,6.2585034
34919,7.2091503
34920,5.3240466
34921,3.707985
34922,4.0957093
34923,9.097473
34924,2.414412
34925,4.7808247
34926,11.807118
34927,2.2519639
34928,7.8718247
34929,6.3548827
34930,2.9197993
34931,13.326488
34932,7.03939
34933,6.9252605
34934,5.0062823
34935,3.7413795
34936,13.488714
34937,12.667965
34938,7.945837
34939,6.81137
34940,5.5509257
34941,4.966307
34942,3.8874924
34943,7.4545217
34944,0.73333335
34945,5.701983
34946,1.2209773
34947,14.842013
34948,1.2833333
34949,4.15322
34950,15.552239
34951,6.6741223
34952,6.0292697
34953,8.101332
34954,2.542524
34955,2.7362685
34956,2.1162062
34957,1.4666667
34958,6.7712317
34959,15.245777
34960,6.9283314
34961,4.044274
34962,0.0018966194
34963,3.8300254
34964,6.8885093
34965,1.6862028
34966,6.379479
34967,7.323584
34968,7.7902904
34969,8.258647
34970,5.9947796
34971,8.458606
34972,6.206549
34973,10.763503
34974,2.8133485
34975,1.7576663
34976,5.2356615
34977,2.688427
34978,7.977605
34979,9.804917
34980,2.85333
34981,1.1062735
34982,3.8226438
34983,7.6645784
34984,18.90335
34985,5.659711
34986,4.891564
34987,4.5833335
34988,18.085438
34989,8.784501
34990,8.788712
34991,0.49188614
34992,6.8145933
34993,7.039684
34994,9.00916
34995,3.4181688
34996,3.5771482
34997,8.644613
34998,8.72327
34999,17.109798
35000,5.3433714
35001,7.763634
35002,7.644392
35003,7.368098
35004,9.462485
35005,17.105307
35006,6.3950195
35007,6.3930697
35008,8.476983
35009,5.5392857
35010,0.18403095
35011,7.9401083
35012,7.0745983
35013,2.5312185
35014,4.583669
35015,18.345345
35016,4.4304156
35017,17.467556
35018,6.7061973
35019,8.302334
35020,6.8276415
35021,8.339746
35022,9.917997
35023,10.556619
35024,3.5414248
35025,2.658233
35026,6.0334167
35027,17.698925
35028,7.5305696
35029,7.115808
35030,17.769487
35031,8.02232
35032,9.340456
35033,9.103006
35034,3.7028735
35035,3.935182
35036,4.8508625
35037,2.9275634
35038,9.473397
35039,5.3930163
35040,17.157812
35041,18.955603
35042,5.5244474
35043,8.718409
35044,2.627225
35045,4.8941474
35046,8.277324
35047,6.911714
35048,10.856013
35049,8.110079
35050,7.3931813
35051,7.5033617
35052,2.3833334
35053,4.467686
35054,0.61865103
35055,8.1178875
35056,7.5266848
35057,8.490187
35058,1.9813598
35059,4.967669
35060,9.646204
35061,0.24699678
35062,2.4012575
35063,4.464844
35064,9.657309
35065,7.062033
35066,6.966646
35067,0.3814853
35068,4.595559
35069,4.2059917
35070,16.618141
35071,16.87678
35072,6.3919473
35073,3.3
35074,4.441462
35075,9.107931
35076,5.4699597
35077,2.8895469
35078,3.5930998
35079,14.547184
35080,8.655713
35081,8.38528
35082,3.4768867
35083,3.160734
35084,10.45
35085,7.6900687
35086,7.294174
35087,8.61862
35088,9.484736
35089,7.9066834
35090,6.294891
35091,17.868477
35092,6.814401
35093,10.2908325
35094,15.107113
35095,0.73333335
35096,14.84878
35097,6.431197
35098,8.5484295
35099,7.477011
35100,5.2619734
35101,8.036253
35102,6.3079624
35103,17.629965
35104,5.941087
35105,6.5971923
35106,2.517045
35107,6.756426
35108,6.6208405
35109,1.811571
35110,6.8835196
35111,0.55
35112,7.1279583
35113,5.873003
35114,8.911594
35115,5.133333
35116,11.176624
35117,3.5553434
35118,4.610722
35119,5.5640454
35120,17.595482
35121,7.0670853
35122,1.8560313
35123,5.8206816
35124,15.395075
35125,6.93854
35126,9.058802
35127,16.007364
35128,7.4152727
35129,15.4928875
35130,1.0933889
35131,5.245604
35132,7.4369206
35133,9.34251
35134,3.5701787
35135,8.612815
35136,5.6008554
35137,7.023712
35138,8.586439
35139,8.237397
35140,2.1201267
35141,4.364897
35142,2.3833334
35143,5.140281
35144,1.2182426
35145,6.7582927
35146,0.9166667
35147,3.721055
35148,2.8577166
35149,14.2282715
35150,3.0624871
35151,0.020426651
35152,3.3830798
35153,6.8508506
35154,7.2659507
35155,8.273049
35156,7.5933757
35157,9.207316
35158,2.5024257
35159,3.8958666
35160,3.230179
35161,3.9455533
35162,7.3450055
35163,5.736908
35164,6.6770916
35165,6.2013783
35166,8.597703
35167,17.15806
35168,0.08411778
35169,5.612094
35170,3.890659
35171,3.0025797
35172,0.6085846
35173,6.7833333
35174,8.230482
35175,6.523333
35176,11.900435
35177,2.8500662
35178,18.2044
35179,9.904815
35180,3.2906845
35181,5.7329035
35182,1.9312537
35183,6.3690195
35184,4.839992
35185,2.4599555
35186,6.7198763
35187,7.5094433
35188,8.144874
35189,3.3558269
35190,20.107243
35191,2.6112828
35192,2.8411708
35193,6.9598255
35194,14.293304
35195,6.654137
35196,6.41972
35197,7.067677
35198,3.19628
35199,5.1356406
35200,9.105074
35201,14.289899
35202,5.751389
35203,6.747752
35204,7.0869236
35205,8.189021
35206,7.356557
35207,8.226571
35208,8.343372
35209,6.1486797
35210,9.121286
35211,6.4620733
35212,17.573355
35213,15.54097
35214,6.761278
35215,6.8773255
35216,8.313364
35217,4.9258056
35218,6.954131
35219,3.0420458
35220,4.8177876
35221,7.367195
35222,4.668121
35223,1.1959438
35224,0.5608849
35225,17.3925
35226,2.7846346
35227,4.44823
35228,7.837868
35229,4.9453745
35230,2.1686206
35231,7.906471
35232,5.532665
35233,10.717382
35234,8.573099
35235,11.488073
35236,8.384791
35237,0.15674314
35238,3.772764
35239,3.8027525
35240,9.384141
35241,25.334099
35242,5.785395
35243,6.96232
35244,5.4170456
35245,9.09825
35246,15.009265
35247,0.68929136
35248,4.0770416
35249,8.370459
35250,16.699657
35251,4.7942734
35252,1.7379603
35253,15.642436
35254,2.6851928
35255,2.7430909
35256,0.4918371
35257,7.687671
35258,3.6666667
35259,10.968409
35260,5.4333553
35261,8.2328205
35262,8.983334
35263,11.468582
35264,3.611846
35265,2.7156951
35266,5.5751114
35267,4.2166667
35268,13.504981
35269,1.6635417
35270,5.1837115
35271,7.646638
35272,8.058095
35273,5.3166666
35274,9.070057
35275,6.5933514
35276,4.0333333
35277,9.05983
35278,1.0191319
35279,8.671802
35280,8.208462
35281,7.2342224
35282,12.466666
35283,0.7592899
35284,2.4850857
35285,5.55514
35286,3.1251056
35287,3.5156224
35288,10.442311
35289,1.3343334
35290,6.9666667
35291,2.3672812
35292,8.860628
35293,4.027578
35294,2.7484276
35295,5.4224067
35296,0.8576397
35297,8.010416
35298,7.5230885
35299,2.5418286
35300,3.7224276
35301,0.6623811
35302,3.4016683
35303,4.1224036
35304,6.9992776
35305,7.1307516
35306,17.288748
35307,2.6116319
35308,5.3397055
35309,2.6560862
35310,4.2574167
35311,17.324823
35312,7.034597
35313,13.833523
35314,6.3306875
35315,2.8815246
35316,3.1800828
35317,8.165452
35318,7.042228
35319,5.3415575
35320,3.412225
35321,6.69961
35322,10.114761
35323,7.414466
35324,15.474648
35325,6.273302
35326,7.86687
35327,0.59655315
35328,6.7289124
35329,6.762788
35330,7.5524683
35331,7.0706677
35332,9.370654
35333,29.287281
35334,0.89479774
35335,3.75719
35336,2.744262
35337,3.1461196
35338,4.7493815
35339,12.871305
35340,2.1350012
35341,0.76499444
35342,3.946425
35343,0.5018985
35344,16.916918
35345,14.017171
35346,7.2958007
35347,7.2142715
35348,0.42160824
35349,6.6554313
35350,6.7125244
35351,8.064071
35352,1.846754
35353,11.134638
35354,7.2739735
35355,8.425746
35356,4.03193
35357,3.9189072
35358,1.62754
35359,2.449767
35360,2.7119899
35361,9.5338125
35362,7.048055
35363,14.000555
35364,7.3803496
35365,5.5
35366,16.309105
35367,3.398243
35368,1.7375883
35369,3.2965462
35370,14.051101
35371,5.656514
35372,0.8538465
35373,3.3732977
35374,2.4284031
35375,6.454786
35376,8.538253
35377,8.189472
35378,7.718336
35379,7.8107076
35380,7.062017
35381,6.7629538
35382,3.6207502
35383,3.3125966
35384,8.853078
35385,3.6676762
35386,4.2707124
35387,6.328074
35388,6.9603105
35389,7.8405566
35390,8.607817
35391,7.963976
35392,3.0801694
35393,3.5567403
35394,9.59872
35395,7.1972556
35396,17.899744
35397,7.212555
35398,8.221169
35399,16.1891
35400,3.0473533
35401,2.7210855
35402,7.297663
35403,8.619539
35404,9.11446
35405,7.585793
35406,7.9391613
35407,7.5453167
35408,3.5221257
35409,3.668838
35410,3.142106
35411,5.2269025
35412,8.358717
35413,7.389506
35414,2.5865974
35415,13.800251
35416,9.336826
35417,4.8116455
35418,3.263284
35419,5.102417
35420,3.416239
35421,8.168026
35422,7.721512
35423,8.401119
35424,5.348105
35425,7.5489144
35426,8.732544
35427,15.396114
35428,7.4078746
35429,7.1977954
35430,6.6193104
35431,7.8561573
35432,4.5833335
35433,2.6189473
35434,10.148519
35435,7.3983173
35436,7.487053
35437,7.7323327
35438,7.046158
35439,5.6929717
35440,7.6611876
35441,7.781066
35442,14.584873
35443,2.84248
35444,4.5457172
35445,3.7428644
35446,4.5223794
35447,17.037434
35448,6.6967297
35449,8.163871
35450,11.55
35451,15.825609
35452,6.589377
35453,8.4984455
35454,8.889159
35455,7.064982
35456,15.918333
35457,8.993234
35458,6.4944477
35459,6.9251323
35460,8.293708
35461,8.543106
35462,15.437329
35463,6.2050247
35464,6.2168274
35465,1.4532615
35466,1.094188
35467,3.7705092
35468,0.30533978
35469,2.842819
35470,8.460778
35471,4.8170075
35472,0.73774594
35473,17.63626
35474,7.797435
35475,19.23708
35476,1.8333334
35477,6.128135
35478,16.005878
35479,4.6797643
35480,6.9666667
35481,9.818874
35482,2.900221
35483,0.6458407
35484,3.6376143
35485,9.35109
35486,7.294981
35487,3.3
35488,5.217885
35489,8.773251
35490,6.8247924
35491,8.620906
35492,0.43853587
35493,1.8333334
35494,3.7241623
35495,0.4751891
35496,5.6402926
35497,3.6203337
35498,1.510773
35499,6.177668
35500,4.3266354
35501,3.590924
35502,7.861629
35503,2.3406491
35504,5.19865
35505,15.587643
35506,7.6907096
35507,8.022516
35508,9.204673
35509,7.9297934
35510,7.6259704
35511,7.7390127
35512,7.5322614
35513,7.4493103
35514,7.5700226
35515,7.094996
35516,8.556148
35517,2.5693707
35518,8.905366
35519,3.513623
35520,8.217309
35521,6.8076606
35522,8.928616
35523,7.248033
35524,6.825067
35525,21.447329
35526,2.2634268
35527,7.903646
35528,7.1349416
35529,8.154187
35530,0.24525209
35531,4.0751452
35532,3.6952863
35533,9.067269
35534,22.261993
35535,6.2013783
35536,7.2470965
35537,16.717283
35538,7.6055865
35539,6.968117
35540,2.140637
35541,5.804666
35542,5.901546
35543,6.4954224
35544,6.9053326
35545,1.7779955
35546,5.645212
35547,8.13542
35548,8.086615
35549,7.697051
35550,2.2799134
35551,0.18333334
35552,9.64537
35553,3.6853228
35554,8.51823
35555,3.1166666
35556,3.430524
35557,8.249106
35558,6.1962333
35559,7.612796
35560,9.448895
35561,8.983334
35562,17.839296
35563,6.1174183
35564,7.960487
35565,8.819175
35566,17.903034
35567,6.615728
35568,6.8927627
35569,17.237484
35570,13.172968
35571,5.8287935
35572,6.2215147
35573,6.6256433
35574,7.0035706
35575,8.341928
35576,16.574024
35577,7.024365
35578,8.267742
35579,4.1122537
35580,4.56165
35581,1.200477
35582,18.420643
35583,6.6536603
35584,7.787383
35585,17.851954
35586,8.746
35587,13.835013
35588,2.0575628
35589,3.1380637
35590,9.167299
35591,6.8563147
35592,3.5909827
35593,2.5211616
35594,0.29085428
35595,8.841018
35596,3.8415275
35597,0.33257502
35598,2.9539287
35599,2.0787394
35600,4.4150515
35601,7.6462884
35602,2.5402753
35603,0.9817139
35604,10.921639
35605,7.0532994
35606,6.520451
35607,12.862716
35608,1.9868197
35609,0.5201345
35610,6.6946383
35611,7.4577346
35612,1.293186
35613,4.579651
35614,7.17206
35615,7.140284
35616,17.973392
35617,8.698869
35618,6.711976
35619,7.368525
35620,9.277981
35621,5.6490803
35622,7.994705
35623,3.2214997
35624,3.1413808
35625,18.40381
35626,1.326781
35627,4.908879
35628,7.2890034
35629,10.597532
35630,2.5895529
35631,8.467986
35632,3.0571303
35633,3.3014472
35634,8.334704
35635,2.8290706
35636,12.635382
35637,7.794691
35638,6.0531917
35639,3.7847064
35640,4.3421273
35641,7.2447147
35642,6.9502635
35643,8.413018
35644,4.168031
35645,4.189824
35646,19.567766
35647,6.635646
35648,15.386405
35649,5.9743876
35650,3.08213
35651,3.2030225
35652,6.709262
35653,15.956773
35654,14.5016775
35655,6.004497
35656,7.5098553
35657,8.129079
35658,3.0679474
35659,12.72558
35660,2.7184837
35661,3.375934
35662,19.986807
35663,1.4531981
35664,15.212613
35665,7.7305546
35666,5.350752
35667,7.5466986
35668,8.195069
35669,2.6387618
35670,3.472035
35671,15.205045
35672,9.272579
35673,19.69773
35674,8.267674
35675,8.997987
35676,7.9130116
35677,7.2206826
35678,3.9951978
35679,3.4864237
35680,8.668381
35681,0.2771074
35682,4.2231164
35683,2.5666666
35684,0.29025638
35685,8.423365
35686,8.191608
35687,6.2064414
35688,3.163253
35689,4.735149
35690,4.403663
35691,4.0337725
35692,9.603573
35693,6.761743
35694,7.4544806
35695,8.690812
35696,5.0948696
35697,8.041839
35698,6.83107
35699,6.389898
35700,6.041802
35701,0.30420414
35702,8.01463
35703,8.239382
35704,5.583179
35705,2.8238368
35706,0.6296189
35707,3.6309679
35708,6.9800763
35709,23.662853
35710,7.0081816
35711,9.381378
35712,8.262464
35713,3.5731776
35714,4.437747
35715,7.917162
35716,4.9443603
35717,2.2233236
35718,8.756284
35719,7.5062776
35720,3.998795
35721,3.5975401
35722,1.3747996
35723,5.2783566
35724,3.553624
35725,4.9515147
35726,1.9510434
35727,2.4929078
35728,3.5748835
35729,9.081541
35730,6.959512
35731,15.240975
35732,6.783037
35733,7.177947
35734,13.228193
35735,6.211249
35736,5.870102
35737,7.4047265
35738,3.3206828
35739,2.578296
35740,15.140674
35741,1.7236058
35742,14.584896
35743,1.9653639
35744,4.8719897
35745,7.8495502
35746,5.5
35747,1.221624
35748,8.501357
35749,8.532584
35750,6.612512
35751,22.0
35752,1.7084382
35753,2.7837632
35754,5.286841
35755,3.2430038
35756,1.287011
35757,6.3632956
35758,7.135505
35759,7.1989613
35760,16.890142
35761,6.414504
35762,7.772756
35763,9.677308
35764,6.6617613
35765,2.7910693
35766,1.519364
35767,2.945122
35768,7.9262
35769,3.9712229
35770,3.8271632
35771,6.975017
35772,16.89085
35773,7.490679
35774,7.4889135
35775,7.423286
35776,7.985559
35777,3.6718798
35778,1.3667717
35779,8.154784
35780,6.99028
35781,6.7240806
35782,8.070072
35783,6.039366
35784,7.809477
35785,2.2701705
35786,3.3104684
35787,8.641708
35788,4.3744526
35789,3.5710566
35790,3.1129165
35791,6.172734
35792,8.558274
35793,8.595367
35794,0.07423282
35795,7.7003417
35796,7.9139833
35797,8.559676
35798,7.857267
35799,5.866667
35800,9.767122
35801,3.7476327
35802,3.5807302
35803,2.5666666
35804,23.148481
35805,4.9358873
35806,3.3
35807,4.5402927
35808,1.8179321
35809,2.6429968
35810,3.4494216
35811,5.1087103
35812,4.4286323
35813,8.334958
35814,3.916069
35815,3.3562083
35816,24.912407
35817,6.276342
35818,7.0001297
35819,9.684676
35820,2.9989045
35821,0.6818813
35822,3.160666
35823,8.670415
35824,7.2886744
35825,7.7088184
35826,8.46956
35827,4.5706882
35828,3.2911303
35829,6.4871855
35830,6.8804865
35831,9.689619
35832,6.162691
35833,17.333061
35834,5.9343667
35835,8.370725
35836,5.7236757
35837,0.9138327
35838,10.2470875
35839,5.75955
35840,4.0326653
35841,20.854769
35842,2.2594569
35843,3.6855295
35844,8.615754
35845,6.069508
35846,12.917233
35847,4.2166667
35848,2.7063878
35849,8.67805
35850,8.637776
35851,7.4891
35852,7.0538325
35853,8.535969
35854,8.076651
35855,1.4033123
35856,8.291219
35857,6.5610104
35858,7.3923965
35859,5.133333
35860,1.9825462
35861,30.992289
35862,14.295142
35863,7.107967
35864,7.793876
35865,2.2
35866,7.0766897
35867,7.2943563
35868,8.753861
35869,8.828565
35870,6.8266306
35871,6.4988236
35872,1.8162464
35873,6.252655
35874,8.61995
35875,3.7326455
35876,3.6830103
35877,9.874195
35878,3.9902039
35879,3.1539469
35880,10.382821
35881,8.489419
35882,7.035794
35883,6.658547
35884,7.9499736
35885,8.236192
35886,16.80218
35887,2.546283
35888,11.458027
35889,5.0418234
35890,7.6510134
35891,7.833295
35892,6.232665
35893,7.768657
35894,7.8169994
35895,8.131975
35896,16.316784
35897,5.6400623
35898,9.282881
35899,3.001266
35900,0.5234132
35901,13.865885
35902,4.2374554
35903,3.0365179
35904,8.291802
35905,8.238176
35906,7.201656
35907,17.615467
35908,2.7571461
35909,3.6575115
35910,3.6488464
35911,4.3188434
35912,10.980564
35913,8.342642
35914,7.5809813
35915,10.9913435
35916,3.5182989
35917,9.432653
35918,2.4308245
35919,3.623563
35920,6.164259
35921,32.830524
35922,1.1039258
35923,4.1212764
35924,7.200917
35925,7.121019
35926,0.6317557
35927,7.318301
35928,5.885285
35929,7.3269954
35930,0.18951006
35931,4.8056183
35932,3.0194137
35933,0.24824157
35934,19.653347
35935,5.715045
35936,7.4383025
35937,9.237486
35938,1.1
35939,7.6060185
35940,6.3772836
35941,5.0117717
35942,3.7535775
35943,8.357708
35944,8.443997
35945,7.331302
35946,6.7494245
35947,8.539638
35948,7.809193
35949,1.7478994
35950,6.6872206
35951,5.8959527
35952,3.994752
35953,10.007536
35954,4.9089875
35955,15.734517
35956,18.915821
35957,4.999794
35958,6.133159
35959,8.525546
35960,7.439263
35961,7.071309
35962,15.694881
35963,0.24699675
35964,7.085458
35965,7.423591
35966,3.3
35967,12.452839
35968,7.5561137
35969,6.553739
35970,9.55926
35971,7.716302
35972,6.8411326
35973,3.467394
35974,3.1166666
35975,0.93781734
35976,9.1920185
35977,4.3475924
35978,9.466457
35979,7.232649
35980,7.229949
35981,1.65
35982,13.764759
35983,15.746097
35984,6.397005
35985,0.2350681
35986,1.8344331
35987,4.117066
35988,2.3323088
35989,5.5213056
35990,8.141208
35991,7.4888015
35992,8.839136
35993,7.8681455
35994,8.649892
35995,13.935442
35996,7.243769
35997,7.681869
35998,8.166624
35999,14.267987
36000,7.205743
36001,6.2857804
36002,7.5165496
36003,7.8274484
36004,7.905779
36005,7.8413235e-05
36006,0.2379057
36007,3.2582412
36008,4.214147
36009,2.5064244
36010,5.316201
36011,8.803359
36012,2.2
36013,3.617868
36014,17.304285
36015,6.774398
36016,1.0432341
36017,3.011131
36018,2.9288661
36019,8.745217
36020,6.684949
36021,7.48883
36022,13.825558
36023,15.852071
36024,2.996532
36025,1.4734806
36026,18.504171
36027,4.9910026
36028,18.119532
36029,1.9673336
36030,2.2221324
36031,0.2995581
36032,8.132275
36033,7.8792143
36034,6.6206145
36035,13.416702
36036,2.75
36037,3.9275863
36038,7.556908
36039,7.980957
36040,3.6099486
36041,1.7872088
36042,8.655351
36043,8.678845
36044,3.8595424
36045,1.9646138
36046,8.160807
36047,8.289405
36048,8.017007
36049,6.600056
36050,7.986588
36051,6.626868
36052,15.845804
36053,8.87703
36054,6.844949
36055,7.379002
36056,8.419158
36057,9.688816
36058,7.9450026
36059,7.73835
36060,6.1214895
36061,14.1356
36062,3.3760915
36063,2.9343407
36064,7.484366
36065,7.091026
36066,1.5624226
36067,6.027761
36068,7.0185614
36069,7.7702312
36070,9.181231
36071,5.4378834
36072,7.382488
36073,2.9828045
36074,4.004583
36075,6.3051047
36076,6.409904
36077,4.7950616
36078,0.04423013
36079,0.7755019
36080,8.810148
36081,2.75
36082,2.0166667
36083,17.291544
36084,2.6039221
36085,3.7049017
36086,7.9042253
36087,4.2709775
36088,23.427896
36089,5.261581
36090,8.748427
36091,6.8417845
36092,2.222133
36093,3.3591194
36094,5.522143
36095,2.5862734
36096,8.152326
36097,6.9372516
36098,6.9299116
36099,8.014101
36100,7.421229
36101,1.65
36102,3.484282
36103,7.6205297
36104,2.8264048
36105,4.799154
36106,4.2516584
36107,2.426389
36108,26.446949
36109,0.33411878
36110,0.76723415
36111,11.20257
36112,6.2681212
36113,8.179612
36114,6.555626
36115,4.2166667
36116,3.1292949
36117,0.79373306
36118,7.0869045
36119,2.0913641
36120,1.2953274
36121,2.3332098
36122,7.7960734
36123,8.121625
36124,5.790988
36125,0.73333335
36126,6.8260627
36127,13.933333
36128,13.0792055
36129,3.009784
36130,6.05
36131,13.13679
36132,7.628328
36133,9.644596
36134,0.56255114
36135,23.008993
36136,11.847898
36137,6.1268024
36138,8.263059
36139,7.301456
36140,3.0967786
36141,4.3607016
36142,7.7984743
36143,10.45
36144,7.684796
36145,0.5889042
36146,1.9523455
36147,0.08076562
36148,3.86142
36149,11.733334
36150,10.9421835
36151,0.18333334
36152,11.345627
36153,1.8811724
36154,6.754192
36155,14.547107
36156,0.6439195
36157,3.6319873
36158,2.2730768
36159,11.917846
36160,11.451013
36161,14.738605
36162,7.119631
36163,7.3424473
36164,14.337294
36165,0.5712354
36166,7.0252514
36167,15.413494
36168,14.583722
36169,0.38378865
36170,5.565477
36171,9.716666
36172,5.945104
36173,5.8843007
36174,8.02751
36175,7.15183
36176,7.527011
36177,0.74585193
36178,6.2107983
36179,8.016269
36180,4.5833335
36181,21.348902
36182,1.191925
36183,4.275398
36184,17.215025
36185,5.5509753
36186,7.2410145
36187,6.9455204
36188,16.173723
36189,5.4128203
36190,34.498116
36191,1.6254277
36192,8.398585
36193,12.059402
36194,1.940208
36195,3.745682
36196,4.2411265
36197,8.0111065
36198,15.80023
36199,0.7802654
36200,12.607158
36201,7.792065
36202,8.124663
36203,8.165566
36204,6.7174397
36205,7.651549
36206,7.017719
36207,1.7056541
36208,6.2923126
36209,3.50584
36210,0.35727516
36211,3.0548174
36212,8.767848
36213,7.9803147
36214,7.2794523
36215,7.7842226
36216,6.6658435
36217,5.6545043
36218,7.2349954
36219,15.922092
36220,7.0543923
36221,2.6673238
36222,5.5129743
36223,8.404403
36224,8.304966
36225,15.763157
36226,0.46281448
36227,6.0229583
36228,9.840766
36229,8.269646
36230,5.674628
36231,16.138416
36232,5.920694
36233,7.9501057
36234,7.309608
36235,15.941288
36236,6.0174794
36237,7.9595203
36238,3.350675
36239,7.0916038
36240,3.175819
36241,3.8428016
36242,2.97193
36243,5.815699
36244,5.2069564
36245,1.399382
36246,6.658685
36247,4.11988
36248,3.645397
36249,8.186771
36250,8.822712
36251,0.042311717
36252,5.712082
36253,4.9980936
36254,13.653001
36255,7.3979993
36256,8.8
36257,0.73333335
36258,4.9948688
36259,17.594398
36260,30.953423
36261,1.6916528
36262,9.778417
36263,9.04678
36264,7.4466248
36265,6.5079546
36266,3.0319455
36267,2.953047
36268,10.812521
36269,6.9023485
36270,4.390047
36271,3.2021217
36272,6.5898623
36273,4.0333333
36274,8.128118
36275,9.279307
36276,8.066667
36277,25.98203
36278,6.7275705
36279,17.690544
36280,6.3806996
36281,8.349373
36282,0.36666667
36283,16.908903
36284,10.346324
36285,6.524642
36286,15.681552
36287,15.320556
36288,12.3976
36289,12.173257
36290,8.865312
36291,3.4781656
36292,5.7563252
36293,7.3508587
36294,8.286081
36295,7.837401
36296,8.078704
36297,4.1569834
36298,2.2
36299,0.4617461
36300,10.144975
36301,1.3694873
36302,4.6894336
36303,16.325365
36304,6.9412313
36305,7.1272426
36306,7.5015616
36307,9.062241
36308,1.1
36309,13.905353
36310,18.696861
36311,7.073143
36312,7.703554
36313,7.9787273
36314,9.643645
36315,7.658154
36316,10.562448
36317,2.4080596
36318,2.988377
36319,9.701567
36320,7.398572
36321,7.6017017
36322,9.114468
36323,6.378308
36324,7.329289
36325,5.1595216
36326,2.6184428
36327,5.471739
36328,7.496632
36329,29.883333
36330,4.742746
36331,5.551847
36332,8.936161
36333,7.7300205
36334,2.2
36335,14.746226
36336,7.0429635
36337,7.939279
36338,0.06541133
36339,7.4166503
36340,9.257827
36341,7.4909167
36342,7.6759186
36343,16.428888
36344,13.505126
36345,3.3546114
36346,3.9264538
36347,17.005394
36348,2.5562027
36349,3.5577114
36350,7.579422
36351,3.7383993
36352,4.030925
36353,8.311475
36354,7.918957
36355,8.025555
36356,1.9660497
36357,5.01409
36358,5.5
36359,12.068754
36360,3.8238895
36361,12.284304
36362,6.7548327
36363,8.611516
36364,9.855365
36365,1.3791614
36366,3.9007983
36367,1.4562901
36368,8.512919
36369,7.9017396
36370,6.0444975
36371,3.5227482
36372,13.183337
36373,0.36666667
36374,7.9976172
36375,2.2418633
36376,0.45440456
36377,4.1732254
36378,15.64328
36379,2.0774262
36380,3.5268645
36381,9.464884
36382,5.0454755
36383,9.253673
36384,5.268452
36385,9.081936
36386,0.46575984
36387,5.4826965
36388,8.67781
36389,6.99469
36390,8.978974
36391,6.4843764
36392,23.27063
36393,5.070527
36394,7.0810227
36395,5.810857
36396,0.5399975
36397,0.055957817
36398,7.554306
36399,7.5467486
36400,8.203122
36401,17.687555
36402,3.1106622
36403,5.0235434
36404,15.687478
36405,0.2015563
36406,3.3665001
36407,1.9519503
36408,2.3217077
36409,5.440318
36410,6.709926
36411,7.652993
36412,11.175016
36413,3.015704
36414,18.315752
36415,6.0309176
36416,6.56877
36417,3.3269265
36418,0.17687084
36419,3.4921763
36420,4.766667
36421,4.0515475
36422,7.4943056
36423,1.862618
36424,7.100568
36425,7.502945
36426,7.454265
36427,6.1125174
36428,7.3627706
36429,8.487476
36430,15.52116
36431,5.570544
36432,17.115946
36433,8.396018
36434,3.5482574
36435,4.284312
36436,6.9110565
36437,6.855045
36438,8.016542
36439,6.9740133
36440,8.554143
36441,6.1428676
36442,3.408334
36443,4.757467
36444,7.3307343
36445,7.507798
36446,3.1166666
36447,4.2450566
36448,15.457803
36449,6.5598984
36450,2.9127133
36451,3.753558
36452,0.24689874
36453,4.0112047
36454,0.22493806
36455,2.9625986
36456,5.8695784
36457,4.4816585
36458,13.275828
36459,16.267107
36460,7.2902493
36461,7.155191
36462,24.408943
36463,5.6824546
36464,6.1350946
36465,8.463967
36466,8.506512
36467,6.266843
36468,7.995537
36469,2.75
36470,15.621237
36471,1.5650004
36472,4.0820065
36473,10.107411
36474,8.030729
36475,2.2593691
36476,1.7057326
36477,3.779258
36478,8.104959
36479,6.1413717
36480,0.7395544
36481,10.2847395
36482,9.6770735
36483,29.741686
36484,5.7926645
36485,18.144747
36486,3.1658602
36487,0.46730706
36488,3.7663553
36489,7.214854
36490,6.9637218
36491,7.352964
36492,5.2157836
36493,16.407986
36494,6.4251738
36495,18.281677
36496,8.5214205
36497,15.568063
36498,2.3405466
36499,2.791114
36500,4.410293
36501,3.1101577
36502,0.48441732
36503,5.751542
36504,4.012277
36505,3.446506
36506,9.286518
36507,3.4066432
36508,12.219482
36509,1.2003251
36510,5.579409
36511,14.136462
36512,4.851779
36513,6.5499697
36514,3.85
36515,14.1535
36516,2.940001
36517,4.0329103
36518,0.14331977
36519,9.783759
36520,8.007303
36521,6.390692
36522,7.290514
36523,12.594904
36524,7.4879775
36525,1.1
36526,6.0149126
36527,6.9551744
36528,0.053619947
36529,3.6555903
36530,4.536313
36531,1.8637009
36532,1.0437143
36533,3.7024868
36534,8.148477
36535,8.628619
36536,8.43281
36537,9.187819
36538,16.391134
36539,5.414355
36540,15.601819
36541,3.3697348
36542,7.361831
36543,2.6041372
36544,6.79084
36545,7.351764
36546,6.9318676
36547,7.491988
36548,3.0172274
36549,4.0837755
36550,1.4306296
36551,9.77805
36552,3.303309
36553,1.8697581
36554,7.153119
36555,15.010651
36556,5.5
36557,23.575064
36558,1.0802892
36559,4.0496807
36560,8.831669
36561,0.7086889
36562,3.4232666
36563,0.27132446
36564,7.747276
36565,6.5045395
36566,8.049357
36567,4.993227
36568,3.9479928
36569,2.4360983
36570,8.825991
36571,8.705892
36572,7.3728127
36573,3.422061
36574,3.8761172
36575,1.8918269
36576,7.0247035
36577,4.778051
36578,1.4666667
36579,10.555537
36580,14.426686
36581,5.7398715
36582,1.5927243
36583,4.9326324
36584,16.609377
36585,10.54927
36586,10.819594
36587,0.021568539
36588,8.56343
36589,2.9333012
36590,4.2467523
36591,4.8162184
36592,3.4060404
36593,8.507859
36594,6.10666
36595,8.397424
36596,6.969827
36597,1.9609675
36598,5.081535
36599,8.448279
36600,7.3027935
36601,8.228932
36602,15.216666
36603,0.7883468
36604,9.279069
36605,7.7420063
36606,8.631467
36607,1.1624662
36608,1.65
36609,4.6726837
36610,4.8973327
36611,2.7730396
36612,8.39484
36613,6.551465
36614,8.069378
36615,6.567314
36616,6.680567
36617,17.843924
36618,6.682713
36619,2.75
36620,11.860187
36621,7.90589
36622,1.9639429
36623,15.073911
36624,3.0062602
36625,4.7170258
36626,8.196398
36627,7.9351034
36628,7.4495068
36629,8.239902
36630,4.95
36631,2.5387359
36632,4.5833335
36633,4.401864
36634,5.2802486
36635,3.3341603
36636,7.051329
36637,7.2625833
36638,6.6733236
36639,2.5089145
36640,3.797175
36641,2.1313548
36642,8.83063
36643,0.30474314
36644,0.07806526
36645,10.930074
36646,7.7028494
36647,8.837951
36648,7.4963827
36649,6.741724
36650,7.8196855
36651,17.101772
36652,3.85
36653,10.225178
36654,6.831665
36655,7.679198
36656,7.6164384
36657,6.882065
36658,8.157915
36659,8.714949
36660,8.108716
36661,17.841413
36662,4.8198304
36663,3.500871
36664,2.8549514
36665,4.7923856
36666,2.6261864
36667,1.4068854
36668,0.39552122
36669,4.582346
36670,3.1865273
36671,32.058357
36672,5.4397206
36673,5.483417
36674,2.9089155
36675,4.401775
36676,5.0180836
36677,5.7229156
36678,8.360364
36679,6.631117
36680,7.2567816
36681,6.9967194
36682,6.1044297
36683,9.813267
36684,2.867087
36685,0.86432266
36686,11.668356
36687,6.9113617
36688,3.003001
36689,4.799703
36690,7.2004557
36691,7.664981
36692,7.8963094
36693,2.6845012
36694,15.140489
36695,4.2621217
36696,4.1711764
36697,6.429437
36698,0.36666667
36699,7.4124665
36700,8.292673
36701,7.446399
36702,15.147904
36703,9.478351
36704,15.912382
36705,7.158652
36706,8.957783
36707,4.295182
36708,3.2850878
36709,8.19626
36710,8.945223
36711,8.649908
36712,6.6
36713,1.2764448
36714,0.6933493
36715,8.203139
36716,8.67905
36717,8.219338
36718,1.4666667
36719,5.1766996
36720,2.75
36721,4.3888574
36722,8.0939245
36723,3.4621933
36724,4.0238385
36725,7.8306518
36726,7.2475576
36727,7.8964953
36728,8.478959
36729,8.807197
36730,1.677259
36731,5.4733167
36732,3.1166666
36733,3.3360763
36734,8.071313
36735,6.5767713
36736,8.86046
36737,7.6024613
36738,5.133333
36739,10.958889
36740,6.038979
36741,6.282331
36742,5.6104074
36743,8.142958
36744,0.91613096
36745,6.4167795
36746,0.41689387
36747,6.6030703
36748,8.444522
36749,4.791802
36750,3.099067
36751,9.513149
36752,2.6403692
36753,4.0091114
36754,7.3578906
36755,8.217255
36756,8.627126
36757,6.0141673
36758,7.4651494
36759,3.3323114
36760,0.091547444
36761,3.436837
36762,8.156412
36763,8.364816
36764,16.252909
36765,7.0101376
36766,27.103466
36767,4.538145
36768,2.813471
36769,5.7915177
36770,5.2109365
36771,8.067162
36772,8.794161
36773,8.378002
36774,8.55177
36775,6.2619414
36776,6.9242163
36777,17.033514
36778,5.510567
36779,13.563213
36780,1.6831449
36781,8.485207
36782,4.5833335
36783,13.122433
36784,6.3853445
36785,7.28868
36786,0.20440857
36787,0.09660509
36788,7.4129057
36789,1.2833333
36790,12.9805975
36791,31.698633
36792,4.244435
36793,6.312661
36794,7.070897
36795,7.574535
36796,8.149466
36797,6.711393
36798,7.6128936
36799,3.7166545
36800,0.3595001
36801,3.0019865
36802,8.234507
36803,7.096126
36804,6.5958505
36805,3.714665
36806,3.280741
36807,7.813398
36808,3.6666667
36809,2.5611036
36810,0.929442
36811,6.5734544
36812,8.374186
36813,3.8853753
36814,2.9304144
36815,7.2651377
36816,0.08748357
36817,15.747045
36818,4.572276
36819,7.0082135
36820,4.3353395
36821,3.6157422
36822,4.3905716
36823,4.1511564
36824,0.64499784
36825,5.951059
36826,7.5679636
36827,3.5059829
36828,4.95532
36829,1.5861133
36830,6.612851
36831,0.32204315
36832,5.3166666
36833,14.550115
36834,6.3746867
36835,6.4772205
36836,6.743077
36837,6.8549776
36838,6.813927
36839,17.581572
36840,6.0246153
36841,6.35127
36842,7.0962353
36843,0.14372167
36844,0.18333334
36845,6.579501
36846,7.013446
36847,7.3733273
36848,3.3119345
36849,3.7121408
36850,8.59605
36851,6.27741
36852,1.4666667
36853,6.5446715
36854,6.455495
36855,4.116548
36856,3.2986188
36857,3.3265924
36858,0.21821913
36859,13.091113
36860,6.45706
36861,0.3871113
36862,13.874469
36863,6.1729198
36864,9.012112
36865,22.513365
36866,6.675425
36867,7.0500784
36868,7.881329
36869,8.819444
36870,7.887195
36871,6.172631
36872,7.5813823
36873,8.295346
36874,7.217644
36875,8.689337
36876,6.1832166
36877,17.409803
36878,7.0254135
36879,8.2983885
36880,24.880306
36881,5.6910257
36882,15.70213
36883,6.68156
36884,6.518291
36885,7.013735
36886,4.026436
36887,3.3918912
36888,7.491404
36889,6.4683075
36890,6.260899
36891,5.8699317
36892,8.03243
36893,5.894857
36894,7.861696
36895,8.125526
36896,9.144148
36897,6.5467353
36898,8.626356
36899,16.361027
36900,6.6138854
36901,9.041982
36902,5.13602
36903,1.6623998
36904,11.894039
36905,7.2963204
36906,9.362716
36907,6.846852
36908,9.396801
36909,7.2360754
36910,2.501705
36911,3.9566278
36912,8.986245
36913,9.0632715
36914,11.718225
36915,3.8166215
36916,8.205767
36917,8.487784
36918,6.3425617
36919,0.88511384
36920,10.046027
36921,4.9881444
36922,7.5142617
36923,8.988417
36924,7.785893
36925,8.248218
36926,9.245164
36927,7.6961656
36928,2.445081
36929,13.301945
36930,14.2750845
36931,7.79549
36932,2.896702
36933,3.6324625
36934,15.6859045
36935,5.9250402
36936,11.998743
36937,4.2035465
36938,8.831706
36939,0.748763
36940,2.1883557
36941,12.242488
36942,6.4922376
36943,8.066824
36944,15.260247
36945,7.4085455
36946,3.653253
36947,0.1410164
36948,3.6711843
36949,4.133337
36950,3.1249924
36951,7.094705
36952,7.092996
36953,0.7104923
36954,6.395666
36955,6.7858906
36956,5.9335876
36957,8.3044195
36958,7.6051126
36959,7.2025437
36960,7.350054
36961,6.442273
36962,6.3595324
36963,7.730084
36964,5.402695
36965,2.498294
36966,1.225236
36967,3.883063
36968,3.4015896
36969,4.1798167
36970,8.551505
36971,0.55
36972,14.58141
36973,6.263481
36974,8.607556
36975,6.029683
36976,7.884272
36977,2.1386766
36978,4.950839
36979,15.149243
36980,7.254484
36981,7.674714
36982,7.7743125
36983,10.266666
36984,3.6436179
36985,7.767236
36986,10.29208
36987,2.538339
36988,0.06447037
36989,0.108308285
36990,7.105296
36991,7.0966625
36992,7.9530964
36993,5.8465548
36994,7.5315704
36995,6.238938
36996,9.490609
36997,7.653268
36998,16.16541
36999,5.719617
37000,7.182436
37001,6.704689
37002,3.8533876
37003,4.253402
37004,7.491277
37005,2.9402993
37006,3.968096
37007,7.5055966
37008,7.127188
37009,3.6381717
37010,3.3387027
37011,7.8930707
37012,8.803099
37013,1.7989366
37014,6.192037
37015,4.5833335
37016,9.037679
37017,0.45036644
37018,4.6768827
37019,7.6681223
37020,6.353407
37021,8.5385685
37022,7.8160934
37023,5.7993393
37024,8.738928
37025,16.795969
37026,3.6232398
37027,2.7796118
37028,15.428536
37029,7.0948386
37030,8.425952
37031,1.3598961
37032,4.022927
37033,1.7941343
37034,8.09528
37035,4.6211014
37036,3.0533082
37037,16.348387
37038,6.1314044
37039,7.9551196
37040,6.5655446
37041,7.7189393
37042,7.562491
37043,4.233873
37044,3.4067507
37045,7.592983
37046,6.771555
37047,1.3295453
37048,4.3975015
37049,9.692948
37050,8.25088
37051,0.037795175
37052,7.4890084
37053,0.03179656
37054,10.460563
37055,9.096404
37056,3.7976902
37057,0.36666667
37058,7.19351
37059,0.47047934
37060,6.4581037
37061,7.7201405
37062,8.771123
37063,24.977833
37064,6.101784
37065,9.134189
37066,6.927254
37067,7.219991
37068,4.5981464
37069,3.6089294
37070,17.095715
37071,6.2918673
37072,7.0240755
37073,17.175848
37074,7.8616457
37075,7.463145
37076,7.2616763
37077,8.389617
37078,4.1677313
37079,6.05
37080,0.407259
37081,14.831016
37082,3.631473
37083,5.72122
37084,7.211787
37085,14.85
37086,11.821255
37087,6.245427
37088,7.953596
37089,5.335549
37090,3.8315837
37091,7.0845714
37092,8.43989
37093,1.2658346
37094,10.182174
37095,3.592796
37096,3.3784735
37097,0.308703
37098,3.4817924
37099,1.3198662
37100,7.6241627
37101,8.17648
37102,7.635149
37103,5.2502155
37104,5.565531
37105,1.6350185
37106,8.093102
37107,7.68274
37108,8.76102
37109,4.8965626
37110,4.004632
37111,8.042541
37112,6.0517507
37113,10.442351
37114,19.431307
37115,1.2960039
37116,3.98742
37117,14.839328
37118,6.408732
37119,9.038333
37120,6.623559
37121,3.7330918
37122,9.060138
37123,1.8333334
37124,0.4688228
37125,8.03855
37126,8.53271
37127,1.2833333
37128,14.51326
37129,14.172995
37130,15.32722
37131,0.9166667
37132,23.37621
37133,4.5464272
37134,0.2714127
37135,8.060625
37136,15.545172
37137,10.45
37138,3.965739
37139,8.10105
37140,9.142986
37141,7.5313993
37142,3.6265182
37143,2.5666666
37144,1.5946996
37145,8.602087
37146,6.7639337
37147,6.4893217
37148,8.025864
37149,16.365751
37150,6.0498548
37151,8.910903
37152,6.890625
37153,6.9401045
37154,7.3089805
37155,8.251056
37156,2.6822515
37157,3.5597456
37158,2.2351687
37159,3.2688463
37160,4.2166667
37161,2.9333334
37162,13.488717
37163,2.3833334
37164,14.226975
37165,6.016215
37166,3.7442372
37167,12.853336
37168,3.3318856
37169,3.3301163
37170,15.022802
37171,0.9166667
37172,7.283521
37173,12.113175
37174,6.6734457
37175,7.2760854
37176,5.4868817
37177,15.550307
37178,13.362579
37179,7.0590515
37180,7.787697
37181,7.5795207
37182,2.0702264
37183,2.3289707
37184,3.1738882
37185,1.1
37186,15.10401
37187,6.608603
37188,7.7122054
37189,7.1848063
37190,8.132201
37191,6.8327465
37192,7.939261
37193,6.7191358
37194,8.593035
37195,6.3688483
37196,7.5661464
37197,13.773449
37198,6.780533
37199,7.7140427
37200,5.3600535
37201,5.366051
37202,3.3955328
37203,8.613684
37204,7.688318
37205,7.1180387
37206,7.9571238
37207,5.33978
37208,6.803954
37209,1.7427143
37210,5.1045585
37211,8.32841
37212,8.103948
37213,7.447228
37214,7.2508283
37215,3.8970633
37216,11.409953
37217,6.7060804
37218,3.4667218
37219,11.94553
37220,12.849697
37221,15.460053
37222,6.247823
37223,8.444531
37224,6.9266224
37225,8.847914
37226,16.282814
37227,10.350786
37228,3.289778
37229,9.706019
37230,14.693002
37231,6.5565615
37232,9.1554165
37233,1.65
37234,3.399086
37235,7.0809784
37236,4.4930477
37237,4.932065
37238,3.3504603
37239,3.045903
37240,3.6365597
37241,0.2902171
37242,4.526418
37243,10.392568
37244,2.6910193
37245,8.204543
37246,8.255035
37247,4.448578
37248,3.712915
37249,8.816421
37250,6.9798894
37251,3.1166666
37252,4.892382
37253,0.97419107
37254,6.3009934
37255,17.842709
37256,6.6750793
37257,3.4973376
37258,0.24925113
37259,4.1542397
37260,5.2397633
37261,0.87997764
37262,9.322562
37263,3.0095384
37264,4.242592
37265,3.5327265
37266,4.1292644
37267,4.1319356
37268,3.1948884
37269,6.8459296
37270,8.522228
37271,8.380566
37272,7.517588
37273,6.652084
37274,5.885509
37275,7.789844
37276,9.239451
37277,8.0558605
37278,1.9695486
37279,13.870026
37280,9.170285
37281,3.784453
37282,4.370528
37283,7.419772
37284,6.746811
37285,6.807493
37286,1.2765691
37287,2.3137825
37288,8.131181
37289,2.174438
37290,7.01471
37291,6.738465
37292,7.4256644
37293,3.013493
37294,4.4407563
37295,9.38322
37296,5.1961417
37297,8.016031
37298,3.1166666
37299,11.712009
37300,8.651627
37301,6.9003143
37302,4.2847238
37303,3.1157253
37304,7.09351
37305,0.078369126
37306,8.501058
37307,6.9666667
37308,9.894002
37309,0.05978028
37310,6.502558
37311,8.535195
37312,7.0886097
37313,7.398468
37314,3.4928288
37315,10.946909
37316,3.9128783
37317,2.4189987
37318,9.496988
37319,4.0333333
37320,3.366059
37321,9.584501
37322,33.54677
37323,5.405592
37324,2.5465481
37325,4.9641256
37326,8.369783
37327,14.679632
37328,4.8538876
37329,18.924438
37330,7.0199304
37331,5.9838104
37332,7.187792
37333,0.67315793
37334,0.7993823
37335,23.98147
37336,6.2250934
37337,10.413655
37338,4.124197
37339,8.7547
37340,13.634652
37341,8.25
37342,3.2447932
37343,12.119853
37344,5.0751977
37345,17.26697
37346,3.8545833
37347,2.9690874
37348,2.7861876
37349,5.2745137
37350,12.765546
37351,2.96351
37352,7.15
37353,7.5975995
37354,6.4311595
37355,18.883333
37356,2.7302947
37357,8.402903
37358,6.454218
37359,9.260345
37360,1.1278468
37361,5.8021626
37362,9.444261
37363,6.7503104
37364,3.1647875
37365,1.084048
37366,11.555581
37367,1.2445205
37368,6.655872
37369,0.9463398
37370,4.152005
37371,2.3414922
37372,7.8740535
37373,0.65498567
37374,14.416963
37375,6.233333
37376,16.080318
37377,3.9451454
37378,10.64858
37379,7.095107
37380,8.348836
37381,5.3149447
37382,4.3832936
37383,4.5354595
37384,7.163695
37385,7.4830337
37386,8.146545
37387,5.6684766
37388,7.2943025
37389,7.364261
37390,7.029962
37391,1.3071584
37392,6.913013
37393,6.365154
37394,8.498914
37395,7.9057007
37396,8.066799
37397,2.7107015
37398,4.519292
37399,8.08731
37400,7.4304323
37401,8.089393
37402,7.135207
37403,7.248563
37404,14.945133
37405,5.809318
37406,6.891106
37407,7.6007276
37408,5.1228
37409,6.9798603
37410,7.0151663
37411,6.2157636
37412,8.430354
37413,5.069444
37414,0.02162333
37415,0.61455786
37416,16.833733
37417,5.8693867
37418,0.013472375
37419,2.4438317
37420,1.5309949
37421,1.88271
37422,2.1690812
37423,4.9478445
37424,3.1524663
37425,8.293804
37426,6.427537
37427,16.232615
37428,5.956969
37429,8.707509
37430,8.164199
37431,8.357291
37432,6.8336444
37433,3.0206733
37434,4.1467657
37435,7.9924297
37436,9.176273
37437,6.6284714
37438,9.551607
37439,3.4614437
37440,3.5627975
37441,9.633966
37442,8.733043
37443,7.0910215
37444,15.81973
37445,6.2011046
37446,3.064952
37447,3.9757211
37448,6.1253333
37449,10.972682
37450,4.145648
37451,2.4303248
37452,5.876076
37453,1.9142138
37454,3.1166666
37455,15.702706
37456,6.8132563
37457,2.0487664
37458,4.3397064
37459,6.9666667
37460,0.46371612
37461,7.997792
37462,7.964231
37463,8.046446
37464,17.629139
37465,10.072971
37466,8.177142
37467,7.4474425
37468,8.01389
37469,8.676591
37470,3.667338
37471,3.8827927
37472,4.695409
37473,3.9009118
37474,1.3619055
37475,7.0763474
37476,18.155413
37477,1.8333334
37478,11.887817
37479,14.553144
37480,5.2842574
37481,3.0583463
37482,6.467381
37483,3.8994455
37484,4.9406605
37485,8.015587
37486,8.844308
37487,2.7668738
37488,4.527026
37489,8.236574
37490,7.9281025
37491,4.5833335
37492,21.18755
37493,7.0191846
37494,7.426433
37495,7.6758475
37496,8.455745
37497,8.785443
37498,5.168529
37499,4.2166667
37500,2.9543405
37501,5.396041
37502,13.570312
37503,7.547188
37504,7.0706973
37505,3.9772944
37506,2.8864057
37507,9.114504
37508,12.785586
37509,8.070427
37510,10.797766
37511,4.2624598
37512,17.33549
37513,14.63281
37514,8.379294
37515,2.8064187
37516,12.897668
37517,8.519494
37518,18.880188
37519,0.009693836
37520,11.179499
37521,4.0703955
37522,4.921003
37523,3.4770725
37524,19.289795
37525,5.983026
37526,3.106683
37527,5.0576434
37528,7.768343
37529,8.593481
37530,10.85684
37531,4.2888165
37532,7.768037
37533,6.6760335
37534,7.756117
37535,9.186535
37536,10.280115
37537,2.75
37538,15.780566
37539,6.100373
37540,8.540729
37541,6.285232
37542,3.0114107
37543,3.381653
37544,9.019333
37545,7.82375
37546,7.270416
37547,7.7971854
37548,8.189527
37549,2.9338503
37550,1.2229227
37551,3.8364298
37552,25.535603
37553,4.326758
37554,0.14723554
37555,8.368539
37556,8.48314
37557,7.8711
37558,11.617506
37559,1.0984124
37560,25.033415
37561,7.2129135
37562,1.4666667
37563,6.802803
37564,8.342917
37565,6.964437
37566,10.189309
37567,7.452103
37568,7.9134917
37569,18.916758
37570,3.3
37571,2.0160239
37572,34.628857
37573,4.2379203
37574,24.55939
37575,6.6783805
37576,5.811085
37577,0.9939807
37578,7.313852
37579,1.2833333
37580,7.7904997
37581,6.2280293
37582,5.3634357
37583,6.7105594
37584,3.4595277
37585,6.592813
37586,6.908386
37587,6.46668
37588,6.3642144
37589,2.1657486
37590,6.112076
37591,7.0828705
37592,3.5957067
37593,4.021495
37594,4.0661964
37595,3.480954
37596,8.750474
37597,6.4359617
37598,6.7258353
37599,2.6651382
37600,4.2888465
37601,7.206533
37602,8.042589
37603,1.8727527
37604,0.6575404
37605,6.8128486
37606,1.0480466
37607,4.474342
37608,3.7408447
37609,13.408734
37610,23.824532
37611,7.1748786
37612,4.766667
37613,8.495464
37614,2.1848276
37615,3.3469956
37616,2.632846
37617,13.2365055
37618,7.0276093
37619,7.535492
37620,0.32749283
37621,5.602198
37622,2.650803
37623,3.47969
37624,7.6155996
37625,7.388152
37626,8.133146
37627,4.0290627
37628,4.0044107
37629,8.1875725
37630,17.091381
37631,5.656599
37632,0.066313095
37633,14.902235
37634,6.7580433
37635,8.505435
37636,2.7966664
37637,5.7584124
37638,8.755846
37639,2.2952921
37640,4.4156933
37641,14.673015
37642,6.6
37643,18.69883
37644,3.4615417
37645,7.4890456
37646,15.15443
37647,2.816108
37648,3.3057544
37649,7.081988
37650,8.082996
37651,6.710814
37652,3.6970024
37653,0.3445432
37654,2.423287
37655,2.5717137
37656,5.146387
37657,0.20089956
37658,15.998219
37659,1.653284
37660,0.9249132
37661,3.2205093
37662,6.4667377
37663,17.686825
37664,2.073054
37665,4.0359178
37666,8.514559
37667,7.0270405
37668,6.2622366
37669,6.276832
37670,6.1710176
37671,7.850246
37672,6.5604577
37673,4.0260043
37674,11.224252
37675,0.47051847
37676,5.0176077
37677,8.231365
37678,7.0770874
37679,1.4373585
37680,1.3247768
37681,14.194044
37682,6.9918284
37683,14.3939085
37684,6.2613654
37685,7.9082513
37686,8.197289
37687,9.350944
37688,7.6179123
37689,9.649992
37690,8.022233
37691,7.525719
37692,7.4635186
37693,6.0831265
37694,22.645159
37695,5.6917024
37696,6.440093
37697,0.5461676
37698,8.836656
37699,6.0921917
37700,2.4309423
37701,4.2381864
37702,7.642986
37703,6.857918
37704,3.389573
37705,3.9516335
37706,8.459954
37707,7.983163
37708,22.876347
37709,1.8744437
37710,4.910271
37711,8.250036
37712,15.107598
37713,6.015465
37714,2.8778098
37715,14.932027
37716,8.083114
37717,8.114846
37718,9.383312
37719,7.0438013
37720,2.9911258
37721,3.9951193
37722,0.19620457
37723,4.165212
37724,0.55
37725,12.197681
37726,7.5273457
37727,7.890775
37728,6.4132514
37729,8.446462
37730,8.692778
37731,16.758493
37732,6.579301
37733,17.963493
37734,2.6476278
37735,4.609482
37736,8.893863
37737,6.100206
37738,4.6768436
37739,2.1879983
37740,0.64587975
37741,7.2860293
37742,8.27425
37743,5.573969
37744,32.07816
37745,3.4554455
37746,10.083584
37747,15.846175
37748,7.3419666
37749,8.001599
37750,9.677549
37751,10.157383
37752,4.968611
37753,10.083333
37754,3.8996418
37755,1.238238
37756,1.2833333
37757,4.450704
37758,8.182425
37759,6.937021
37760,5.732433
37761,7.720178
37762,7.067265
37763,7.1353717
37764,6.301595
37765,6.8287473
37766,2.7254672
37767,4.427559
37768,3.8823705
37769,3.8907464
37770,5.867411
37771,8.366045
37772,14.266933
37773,6.567078
37774,7.4018846
37775,4.05004
37776,0.20836216
37777,2.9474015
37778,17.86135
37779,7.919639
37780,3.1728146
37781,5.7500563
37782,3.6802413
37783,10.764435
37784,8.250486
37785,5.1678095
37786,3.1215372
37787,11.046517
37788,0.7546097
37789,6.1416464
37790,7.0942893
37791,9.057492
37792,16.060503
37793,6.3440256
37794,6.7433753
37795,7.196741
37796,0.45707062
37797,2.75
37798,7.2698417
37799,7.798425
37800,7.8700366
37801,3.2101197
37802,3.0704465
37803,7.120117
37804,0.17154855
37805,3.2215972
37806,3.3118167
37807,6.659684
37808,0.04071606
37809,2.3833334
37810,4.3200445
37811,8.054059
37812,14.761453
37813,6.15091
37814,0.543732
37815,7.600613
37816,5.866667
37817,16.061678
37818,6.39376
37819,16.11853
37820,6.687011
37821,7.655573
37822,7.8603187
37823,0.30357683
37824,2.977791
37825,3.2344477
37826,9.261523
37827,7.297158
37828,15.998989
37829,6.0567493
37830,7.4447074
37831,7.0649486
37832,4.616549
37833,2.3833334
37834,10.65596
37835,6.8433766
37836,4.5282264
37837,1.6959213
37838,6.5977917
37839,7.479495
37840,3.2281203
37841,3.2812548
37842,3.6372163
37843,3.322952
37844,7.879549
37845,7.3811483
37846,6.462867
37847,4.208197
37848,7.5536246
37849,4.1927795
37850,1.2771068
37851,2.2
37852,4.138949
37853,11.183333
37854,6.7999663
37855,0.5971266
37856,9.223777
37857,7.964968
37858,8.666255
37859,13.372754
37860,7.6507845
37861,7.1557937
37862,8.120023
37863,2.0166667
37864,6.217707
37865,12.155971
37866,2.9411623
37867,0.3779958
37868,9.037728
37869,25.503218
37870,6.681836
37871,8.044648
37872,12.885274
37873,2.3890498
37874,7.913557
37875,2.7741373
37876,3.3
37877,1.2727152
37878,8.595977
37879,6.3801465
37880,7.5453753
37881,7.4977355
37882,3.9187357
37883,3.1343088
37884,8.576217
37885,7.3941326
37886,7.5203586
37887,7.6817703
37888,8.5846
37889,6.5101895
37890,15.038174
37891,7.0059905
37892,16.843733
37893,5.829195
37894,7.583364
37895,8.859101
37896,8.037984
37897,6.5667505
37898,26.928335
37899,7.413965
37900,18.84132
37901,15.948309
37902,6.068222
37903,6.4166665
37904,3.7805471
37905,13.309995
37906,3.9983487
37907,11.947316
37908,6.790795
37909,8.202156
37910,6.6306133
37911,7.48442
37912,0.36666667
37913,7.0157533
37914,0.12881824
37915,8.74523
37916,7.849055
37917,1.65
37918,7.1126914
37919,8.654334
37920,7.23609
37921,9.646942
37922,3.9492278
37923,2.72459
37924,8.29849
37925,8.731661
37926,8.019658
37927,25.282858
37928,2.9333608
37929,3.7470548
37930,9.349429
37931,5.511642
37932,3.4656
37933,4.5270886
37934,7.149542
37935,2.542774
37936,5.45433
37937,8.26173
37938,8.513833
37939,9.759025
37940,0.90175205
37941,2.9996734
37942,3.7375617
37943,1.8716599
37944,5.855914
37945,1.9035007
37946,13.383333
37947,10.505193
37948,7.406623
37949,6.985824
37950,3.278133
37951,4.3604655
37952,17.496662
37953,6.7014394
37954,1.0926197
37955,2.0322995
37956,4.9775004
37957,0.9166667
37958,8.891699
37959,16.242155
37960,6.3984113
37961,8.67744
37962,9.634318
37963,6.5138702
37964,7.8180194
37965,8.026946
37966,7.379954
37967,6.407336
37968,7.579055
37969,7.162719
37970,7.0734224
37971,0.09778129
37972,1.8333334
37973,5.0538745
37974,3.8119953
37975,3.728892
37976,1.65
37977,6.973112
37978,7.499353
37979,17.269632
37980,5.4653807
37981,7.664917
37982,7.3236833
37983,8.030827
37984,6.936296
37985,9.062159
37986,5.148651
37987,8.497862
37988,8.409803
37989,7.2294083
37990,6.641403
37991,6.6
37992,11.352613
37993,13.939348
37994,5.4364476
37995,5.763598
37996,10.816667
37997,6.024229
37998,7.400969
37999,7.9362235
38000,1.8506991
38001,4.777414
38002,5.0359325
38003,2.310612
38004,7.370574
38005,7.224254
38006,7.7451925
38007,6.5864954
38008,13.638231
38009,1.8583691
38010,0.42930037
38011,0.14718872
38012,8.102568
38013,11.144932
38014,4.091421
38015,7.268613
38016,2.667182
38017,1.1
38018,6.758734
38019,9.112298
38020,7.141225
38021,8.227987
38022,10.531794
38023,10.095673
38024,18.47893
38025,5.4242544
38026,4.5915103
38027,3.6050525
38028,7.9125156
38029,13.347314
38030,7.910886
38031,1.1
38032,6.322797
38033,6.0407963
38034,3.673081
38035,4.509667
38036,8.157029
38037,5.7851562
38038,1.5621926
38039,9.064948
38040,15.891947
38041,6.206182
38042,3.839406
38043,3.2214506
38044,1.0293597
38045,8.8
38046,9.443624
38047,3.2379415
38048,7.7462707
38049,6.6132197
38050,4.2166667
38051,3.2500618
38052,7.028011
38053,14.979122
38054,6.973009
38055,5.2382636
38056,7.051383
38057,9.497455
38058,3.753857
38059,4.3779225
38060,7.480244
38061,7.032211
38062,5.298411
38063,1.5350318
38064,5.686374
38065,0.7724927
38066,7.991527
38067,2.2881615
38068,10.84546
38069,5.478448
38070,1.7710118
38071,8.052773
38072,7.940226
38073,8.369954
38074,6.5972333
38075,21.682007
38076,5.261145
38077,4.8533525
38078,1.5126157
38079,6.4166665
38080,18.180298
38081,8.216682
38082,4.5881195
38083,13.090226
38084,10.236483
38085,2.1792798
38086,0.12739208
38087,2.1528056
38088,7.6589336
38089,7.7719116
38090,7.7166214
38091,6.3828416
38092,13.535552
38093,9.345695
38094,6.9933267
38095,8.732012
38096,6.1980515
38097,4.110142
38098,4.157488
38099,2.75
38100,3.0649283
38101,8.622621
38102,16.922367
38103,7.919789
38104,0.36666667
38105,7.696292
38106,7.7725396
38107,8.097693
38108,2.3149889
38109,13.771169
38110,6.3962946
38111,10.633019
38112,2.3914855
38113,18.8638
38114,8.54904
38115,3.995727
38116,2.9246907
38117,5.8772044
38118,7.5349474
38119,8.501851
38120,7.252483
38121,3.5601566
38122,2.7499325
38123,6.339018
38124,6.5250583
38125,8.232164
38126,9.975063
38127,9.080719
38128,8.700697
38129,9.395556
38130,5.039613
38131,3.2421174
38132,7.9198527
38133,13.8807125
38134,7.559168
38135,9.025483
38136,2.5400934
38137,4.736173
38138,1.65
38139,6.3196797
38140,7.457274
38141,7.3000007
38142,4.19321
38143,3.3184087
38144,7.935198
38145,7.7699614
38146,7.0433555
38147,7.653705
38148,1.8710327
38149,14.209579
38150,6.8458376
38151,7.255644
38152,8.190614
38153,7.881865
38154,8.05
38155,8.871393
38156,15.796065
38157,4.474778
38158,7.1931005
38159,9.145579
38160,9.154231
38161,3.775734
38162,3.8656733
38163,0.3747172
38164,7.723878
38165,0.8332482
38166,6.577752
38167,7.270597
38168,0.18333334
38169,8.695162
38170,17.948263
38171,11.030976
38172,1.6748718
38173,8.4437475
38174,7.554148
38175,6.12864
38176,22.552063
38177,5.783965
38178,7.062067
38179,8.66472
38180,7.9086294
38181,7.8476458
38182,6.9884896
38183,5.9074216
38184,0.116938606
38185,3.77245
38186,0.18468766
38187,2.2623932
38188,8.880763
38189,8.14413
38190,16.133333
38191,6.1519675
38192,7.120185
38193,15.711658
38194,5.7524137
38195,6.4502482
38196,6.912974
38197,7.368608
38198,9.716666
38199,2.8870814
38200,0.034565527
38201,3.696056
38202,3.020899
38203,0.18333334
38204,4.4
38205,34.58321
38206,12.412765
38207,16.568687
38208,0.36797366
38209,11.818774
38210,6.4959717
38211,17.593075
38212,5.690942
38213,3.4991808
38214,4.479199
38215,1.1662743
38216,3.8458512
38217,2.6152039
38218,6.7244687
38219,8.67461
38220,7.2625833
38221,6.4732227
38222,6.9003053
38223,7.635894
38224,7.5264983
38225,14.959681
38226,3.1303933
38227,4.8225217
38228,4.9487224
38229,3.7159438
38230,6.2467113
38231,15.952946
38232,7.285804
38233,11.580196
38234,3.325764
38235,5.450768
38236,3.637819
38237,7.4429545
38238,8.508637
38239,7.383361
38240,8.659266
38241,7.322192
38242,1.8333334
38243,5.801005
38244,7.79302
38245,9.163432
38246,0.55
38247,7.8509235
38248,6.954318
38249,6.761055
38250,7.5454307
38251,7.8914275
38252,8.551829
38253,8.904958
38254,8.533465
38255,13.499343
38256,0.9166667
38257,4.980166
38258,9.912897
38259,8.101359
38260,0.43303707
38261,8.20966
38262,7.4143243
38263,0.24500704
38264,0.28931332
38265,7.4394855
38266,7.382182
38267,6.667658
38268,8.464016
38269,7.994313
38270,7.330078
38271,8.056369
38272,1.6717012
38273,5.701494
38274,7.0642962
38275,3.0430357
38276,12.136853
38277,0.24492863
38278,8.143121
38279,8.278889
38280,15.417056
38281,8.591331
38282,13.805662
38283,6.9467206
38284,3.9924388
38285,3.176437
38286,6.692906
38287,14.515379
38288,6.927533
38289,7.6043377
38290,17.972605
38291,5.518512
38292,17.915108
38293,1.3229096
38294,5.818634
38295,0.36209756
38296,7.554262
38297,7.930836
38298,9.688643
38299,25.314077
38300,6.5845394
38301,3.084179
38302,0.58008635
38303,3.771676
38304,4.6479583
38305,5.540052
38306,3.401585
38307,21.490664
38308,7.191434
38309,7.043203
38310,24.098356
38311,5.717241
38312,4.4261127
38313,2.9250095
38314,8.316119
38315,8.703369
38316,1.0837737
38317,3.736719
38318,3.2539432
38319,9.272951
38320,25.082954
38321,7.360316
38322,4.585811
38323,4.61056
38324,8.968409
38325,21.26931
38326,9.09757
38327,9.344852
38328,0.70209235
38329,6.8851066
38330,9.702132
38331,6.47628
38332,4.8804297
38333,3.9505167
38334,25.74687
38335,8.802305
38336,0.51829666
38337,0.8821043
38338,2.9670782
38339,3.0879567
38340,7.2664857
38341,8.818283
38342,8.858296
38343,8.675619
38344,7.703193
38345,6.9017606
38346,17.123875
38347,5.918395
38348,7.798867
38349,8.518226
38350,7.038749
38351,7.333901
38352,8.060302
38353,3.567507
38354,3.1832929
38355,0.6391169
38356,4.6871114
38357,3.7988465
38358,4.2094617
38359,3.6223323
38360,7.9213767
38361,7.660624
38362,6.5437264
38363,14.895781
38364,6.60055
38365,7.9298797
38366,7.0065217
38367,3.1166666
38368,3.8503196
38369,7.9258413
38370,7.516442
38371,7.1736383
38372,8.671405
38373,16.429073
38374,6.810717
38375,7.569504
38376,7.746898
38377,6.6804547
38378,5.8949046
38379,1.4362363
38380,7.7848988
38381,7.7355247
38382,7.7744226
38383,3.065619
38384,4.0861864
38385,8.896427
38386,0.04888085
38387,7.5992355
38388,7.145602
38389,7.547389
38390,5.0651956
38391,1.9533077
38392,7.28626
38393,1.1001915
38394,7.9463863
38395,6.695346
38396,2.586965
38397,4.002961
38398,8.318021
38399,8.382658
38400,20.192528
38401,2.3057508
38402,7.7101917
38403,7.6665983
38404,17.472267
38405,3.015792
38406,2.9203336
38407,8.580378
38408,3.9742854
38409,3.5533545
38410,8.43048
38411,6.941172
38412,3.6224802
38413,6.374077
38414,8.785284
38415,7.2477202
38416,8.234412
38417,9.330282
38418,5.555341
38419,0.230481
38420,3.7778757
38421,2.283663
38422,25.412268
38423,4.9315734
38424,14.930396
38425,7.071178
38426,1.2833333
38427,14.33457
38428,5.927947
38429,1.9793994
38430,4.7047048
38431,10.126965
38432,6.6876235
38433,7.535859
38434,3.983544
38435,4.893461
38436,8.029265
38437,8.015043
38438,2.546391
38439,3.9883566
38440,8.108173
38441,3.3425596
38442,2.844925
38443,1.2833333
38444,6.636802
38445,1.8333334
38446,6.04436
38447,5.5966463
38448,0.18333334
38449,6.8835835
38450,7.1189656
38451,7.114491
38452,14.598668
38453,2.07623
38454,3.9602747
38455,7.009927
38456,3.8111374
38457,12.443943
38458,6.3720255
38459,7.4036975
38460,8.258443
38461,4.140708
38462,3.5054383
38463,7.4312057
38464,1.4060423
38465,6.170282
38466,9.979945
38467,8.376277
38468,6.997872
38469,2.8044486
38470,4.270747
38471,1.4471357
38472,5.0990252
38473,6.973965
38474,2.5243764
38475,4.174749
38476,8.025304
38477,9.563071
38478,0.9319068
38479,6.0322547
38480,8.03559
38481,7.538858
38482,6.3104753
38483,6.9414763
38484,1.7465323
38485,4.395645
38486,3.3084252
38487,3.3
38488,10.0477085
38489,6.50939
38490,7.373793
38491,7.5816674
38492,9.4567375
38493,0.18333334
38494,8.065354
38495,6.478413
38496,7.480196
38497,0.37441334
38498,6.7374053
38499,9.016006
38500,8.21457
38501,3.2357123
38502,11.598982
38503,7.330436
38504,2.3729453
38505,5.276304
38506,9.881365
38507,4.90877
38508,3.3176143
38509,18.766474
38510,15.610353
38511,8.199324
38512,6.5673137
38513,4.5433106
38514,3.3063426
38515,7.799518
38516,1.3505893
38517,4.3953347
38518,8.634796
38519,7.6341043
38520,3.264225
38521,5.029542
38522,4.363078
38523,2.7577248
38524,5.6685467
38525,7.0149
38526,22.902372
38527,4.9049683
38528,5.402774
38529,4.279186
38530,3.5557163
38531,6.9720044
38532,8.764339
38533,8.502351
38534,7.632169
38535,5.2858405
38536,10.212464
38537,10.913533
38538,8.505032
38539,6.440255
38540,9.5939455
38541,6.426194
38542,10.211691
38543,5.1314545
38544,7.7195315
38545,7.5851665
38546,7.001291
38547,8.453573
38548,0.9166667
38549,6.0385294
38550,23.493803
38551,0.4816875
38552,1.5500872
38553,3.98548
38554,4.454469
38555,3.003903
38556,0.043725174
38557,8.628184
38558,3.1406407
38559,4.814567
38560,8.41491
38561,18.177332
38562,5.262229
38563,15.486913
38564,8.399856
38565,6.956345
38566,3.5391366
38567,0.18333334
38568,9.149918
38569,3.1435714
38570,9.812146
38571,7.4600286
38572,7.2985625
38573,6.0034194
38574,6.9336495
38575,3.2313397
38576,5.016574
38577,4.410386
38578,5.1472015
38579,6.662938
38580,0.16403553
38581,4.002657
38582,5.472959
38583,9.022913
38584,7.2503815
38585,7.1146517
38586,7.815881
38587,8.066667
38588,8.69341
38589,3.0491865
38590,20.462275
38591,3.7186787
38592,7.746349
38593,7.047158
38594,7.76458
38595,8.492598
38596,6.8258963
38597,8.176
38598,8.631628
38599,6.936238
38600,7.1948633
38601,0.4682593
38602,6.760469
38603,7.950468
38604,7.5913215
38605,7.8569613
38606,2.937316
38607,3.8213556
38608,6.9320188
38609,12.245805
38610,3.792328
38611,1.6491525
38612,5.3363676
38613,8.037425
38614,6.8292866
38615,8.4349
38616,3.260348
38617,2.9307826
38618,16.060223
38619,5.6668315
38620,2.9333334
38621,12.390418
38622,15.703391
38623,6.6545625
38624,7.2633634
38625,0.11689453
38626,6.0056353
38627,1.2948914
38628,8.427373
38629,10.272379
38630,5.833243
38631,7.107351
38632,6.8572845
38633,9.579518
38634,2.4497025
38635,2.4594014
38636,7.641349
38637,7.0641103
38638,2.628401
38639,3.2424994
38640,9.764484
38641,6.937973
38642,6.0906053
38643,7.7549567
38644,8.099714
38645,14.770377
38646,1.1
38647,15.425387
38648,5.9094906
38649,7.3163934
38650,3.9556677
38651,3.5111587
38652,4.0599675
38653,4.2343774
38654,3.9054153
38655,0.53885084
38656,7.4347982
38657,4.208212
38658,7.71197
38659,6.849042
38660,7.0347943
38661,9.165668
38662,0.961645
38663,5.524805
38664,4.2584167
38665,10.905509
38666,6.2368793
38667,8.756356
38668,6.0862193
38669,6.3883405
38670,7.3210998
38671,7.239731
38672,5.0265813
38673,3.3647704
38674,8.714711
38675,2.0064032
38676,2.9482586
38677,16.292501
38678,7.25805
38679,8.1969595
38680,5.7890325
38681,18.473995
38682,5.8282337
38683,18.472538
38684,8.828098
38685,11.349665
38686,2.1718307
38687,4.725426
38688,3.5250523
38689,4.227017
38690,8.353244
38691,1.0928843
38692,5.263855
38693,7.770515
38694,9.479345
38695,6.98378
38696,8.386095
38697,6.227775
38698,9.589005
38699,7.468575
38700,8.945684
38701,2.3760874
38702,4.090392
38703,4.8584247
38704,3.674959
38705,6.960306
38706,7.735255
38707,2.1623526
38708,9.153058
38709,4.6832
38710,1.1
38711,15.766666
38712,28.397364
38713,1.9509066
38714,3.8924665
38715,9.591922
38716,2.0166667
38717,14.70176
38718,5.0843716
38719,11.081868
38720,2.5666666
38721,19.36952
38722,5.1673217
38723,0.5624973
38724,6.97664
38725,3.7681327
38726,3.3729985
38727,8.137485
38728,2.6938176
38729,4.9693494
38730,0.18333334
38731,16.650671
38732,4.6676593
38733,0.11036172
38734,7.846337
38735,4.9574156
38736,3.0540967
38737,7.597281
38738,7.3606343
38739,7.761346
38740,7.1185193
38741,0.55
38742,6.4096594
38743,0.4814866
38744,8.246415
38745,4.5518436
38746,4.156366
38747,10.501761
38748,18.051126
38749,7.0137973
38750,9.772852
38751,0.20724124
38752,3.8668938
38753,3.109109
38754,9.537375
38755,9.007306
38756,4.3334093
38757,4.757238
38758,6.9725237
38759,9.022036
38760,7.3774014
38761,4.259067
38762,2.7561266
38763,8.738782
38764,1.4137119
38765,6.0143476
38766,5.428012
38767,3.6649601
38768,9.931913
38769,8.721128
38770,7.7077956
38771,2.5666666
38772,5.713222
38773,17.250696
38774,7.3464713
38775,6.2540216
38776,0.32464546
38777,9.551725
38778,7.62604
38779,3.3690927
38780,0.7134721
38781,3.1391118
38782,8.214486
38783,9.533334
38784,5.099751
38785,6.5350323
38786,8.375673
38787,8.638241
38788,17.671013
38789,16.280647
38790,9.716666
38791,5.7490416
38792,7.3170695
38793,1.4019597
38794,6.2981844
38795,4.9109373
38796,3.7253485
38797,7.202651
38798,7.643352
38799,9.034817
38800,1.3826358
38801,0.060217515
38802,2.8603313
38803,1.6405027
38804,7.521861
38805,0.21057872
38806,3.1801703
38807,3.4741232
38808,7.4904866
38809,0.48341268
38810,7.7173114
38811,7.8347697
38812,3.2363393
38813,3.7705297
38814,2.3833334
38815,4.4
38816,17.689339
38817,11.559012
38818,4.608683
38819,8.010843
38820,6.4333444
38821,5.7951093
38822,6.267942
38823,1.187931
38824,7.054528
38825,6.9337873
38826,8.92938
38827,7.673052
38828,14.623214
38829,6.650069
38830,6.5356436
38831,18.49181
38832,3.4003403
38833,0.55
38834,8.268482
38835,3.4587681
38836,15.967655
38837,7.4869304
38838,6.0283737
38839,7.306681
38840,9.018752
38841,15.80437
38842,2.777715
38843,2.65664
38844,6.932856
38845,16.923004
38846,8.854425
38847,7.883333
38848,7.919832
38849,9.539457
38850,7.751901
38851,6.171395
38852,6.447429
38853,7.700248
38854,9.782721
38855,12.994968
38856,1.5418097
38857,16.694311
38858,6.1017194
38859,0.0563399
38860,6.2256956
38861,8.003936
38862,0.9220464
38863,6.3775334
38864,1.1
38865,14.056598
38866,7.1343393
38867,0.36666667
38868,7.5522747
38869,16.323503
38870,16.317116
38871,0.34635606
38872,3.55357
38873,2.4672132
38874,0.007390446
38875,8.357737
38876,6.96626
38877,7.4141383
38878,0.9166667
38879,5.6382833
38880,8.147741
38881,6.2824926
38882,8.525542
38883,4.226453
38884,3.7094498
38885,8.085947
38886,7.0946183
38887,9.591227
38888,7.022223
38889,6.603947
38890,6.8309636
38891,7.831255
38892,7.2392316
38893,8.877352
38894,6.773178
38895,7.7240663
38896,8.602999
38897,7.417608
38898,6.8720856
38899,6.324007
38900,4.1661243
38901,3.8679235
38902,8.712732
38903,8.687054
38904,1.3711581
38905,1.1
38906,5.4203095
38907,0.4427407
38908,16.318386
38909,5.4685187
38910,8.627211
38911,10.07478
38912,8.612972
38913,6.7289715
38914,2.966735
38915,2.8763149
38916,7.9158344
38917,6.585776
38918,6.8142223
38919,8.674997
38920,6.8667083
38921,7.7635016
38922,9.294403
38923,24.501192
38924,6.456393
38925,1.8333334
38926,4.752096
38927,6.226259
38928,0.05789346
38929,17.19833
38930,1.6811645
38931,1.65
38932,10.086726
38933,8.641814
38934,6.5914207
38935,0.027278002
38936,8.66146
38937,6.7792845
38938,7.2400594
38939,6.9098463
38940,2.657811
38941,3.3401484
38942,7.156383
38943,8.319997
38944,8.081156
38945,7.5023475
38946,8.065377
38947,0.56789315
38948,2.6560276
38949,3.3235295
38950,5.0564523
38951,2.7162144
38952,7.852683
38953,6.853914
38954,7.7674723
38955,7.115863
38956,3.7654614
38957,14.64321
38958,8.581553
38959,6.717381
38960,5.877894
38961,7.088447
38962,1.6439382
38963,6.7439823
38964,9.396717
38965,9.971104
38966,13.272655
38967,3.8027673
38968,3.8768032
38969,3.4482315
38970,17.964754
38971,3.9740167
38972,3.4751277
38973,5.488897
38974,7.792608
38975,1.8333334
38976,6.1498656
38977,8.968195
38978,5.0410686
38979,7.5189567
38980,7.121303
38981,2.0166667
38982,4.485006
38983,7.8092957
38984,5.8565855
38985,6.498726
38986,8.204228
38987,6.2994447
38988,7.9909534
38989,2.6774247
38990,3.6128743
38991,15.316313
38992,6.905435
38993,5.7895174
38994,2.3152337
38995,4.4411874
38996,2.7878697
38997,5.8761554
38998,1.1524929
38999,7.212605
39000,4.9691153
39001,8.683533
39002,8.517073
39003,9.1963825
39004,7.825037
39005,7.9718556
39006,8.119067
39007,6.8035917
39008,7.9594507
39009,0.30436426
39010,6.8481956
39011,8.287148
39012,2.4317014
39013,12.473526
39014,6.7500257
39015,7.8561087
39016,0.32940903
39017,14.199021
39018,6.3710847
39019,1.2070981
39020,3.8303983
39021,2.9710577
39022,8.022119
39023,25.28106
39024,14.243936
39025,4.8514752
39026,7.793318
39027,9.112278
39028,6.241158
39029,8.088697
39030,24.628632
39031,5.630074
39032,7.32782
39033,17.973763
39034,0.55
39035,6.5073767
39036,1.885397
39037,5.331673
39038,5.607956
39039,8.18349
39040,0.5729311
39041,8.532339
39042,5.0235476
39043,2.7123828
39044,2.6282938
39045,3.4833333
39046,5.9070926
39047,3.85
39048,11.376975
39049,7.3235984
39050,8.767686
39051,7.510551
39052,16.56096
39053,6.6664906
39054,7.9587116
39055,3.4501088
39056,4.049896
39057,7.775948
39058,3.15624
39059,3.9802067
39060,8.330308
39061,4.2399263
39062,3.0196784
39063,7.527955
39064,0.2555683
39065,4.762853
39066,2.0166667
39067,11.945666
39068,6.9303265
39069,6.8230634
39070,6.3325105
39071,7.623863
39072,0.2696043
39073,12.287709
39074,3.2929878
39075,7.3343177
39076,16.560705
39077,1.65
39078,13.0899315
39079,8.144065
39080,0.30465004
39081,4.814086
39082,3.3181143
39083,8.478262
39084,9.990444
39085,6.4572554
39086,8.675859
39087,8.159556
39088,4.495582
39089,3.2096977
39090,6.4852796
39091,11.456602
39092,2.2057981
39093,4.1016583
39094,0.09798714
39095,9.91993
39096,5.4599333
39097,2.4728096
39098,9.089838
39099,4.2166667
39100,0.9388415
39101,0.072615534
39102,5.556171
39103,3.5816953
39104,5.655176
39105,3.4044719
39106,7.2141643
39107,15.243559
39108,3.6666667
39109,8.268792
39110,2.4543436
39111,9.468475
39112,6.222858
39113,1.6895453
39114,8.416881
39115,10.551799
39116,8.685259
39117,6.552841
39118,6.829454
39119,7.670621
39120,8.066667
39121,9.638785
39122,6.0173635
39123,0.4525178
39124,6.9532633
39125,7.376371
39126,0.51836044
39127,5.196399
39128,2.6896715
39129,4.909913
39130,3.4539213
39131,1.7893357
39132,5.9094467
39133,7.2152057
39134,5.938523
39135,1.7070607
39136,9.740427
39137,7.4216247
39138,6.9529104
39139,8.097793
39140,0.011673768
39141,5.4557767
39142,3.3031518
39143,7.743443
39144,7.3304014
39145,6.965587
39146,0.5115727
39147,14.13661
39148,8.346883
39149,27.146564
39150,26.413008
39151,5.004994
39152,2.2657306
39153,5.471474
39154,18.237696
39155,7.2793784
39156,5.634029
39157,3.952365
39158,3.3772528
39159,8.717928
39160,2.7241094
39161,6.433657
39162,6.1644664
39163,9.50143
39164,7.8037133
39165,0.73333335
39166,5.4215007
39167,6.5473685
39168,8.150275
39169,8.926092
39170,7.49797
39171,1.8986338
39172,5.8449264
39173,16.087387
39174,5.080476
39175,4.6780443
39176,7.005432
39177,9.259561
39178,5.831465
39179,12.092717
39180,4.733434
39181,7.84446
39182,8.764266
39183,10.49359
39184,2.75
39185,4.900563
39186,15.539425
39187,6.6761365
39188,0.18333334
39189,18.277868
39190,8.0913925
39191,7.58672
39192,8.181724
39193,7.391985
39194,3.2429314
39195,4.2627287
39196,7.5023236
39197,11.733334
39198,4.3278155
39199,7.257467
39200,16.897882
39201,12.650636
39202,7.8528094
39203,7.002193
39204,8.818913
39205,2.2669067
39206,6.4866853
39207,7.4250846
39208,7.9543295
39209,16.762733
39210,8.088206
39211,16.27705
39212,0.25419116
39213,15.23724
39214,3.4423213
39215,3.6096544
39216,8.825789
39217,7.572413
39218,6.3672476
39219,16.831444
39220,9.211032
39221,3.0295146
39222,7.8306975
39223,7.730676
39224,5.055139
39225,6.8485904
39226,8.09397
39227,4.4
39228,2.911179
39229,7.4127975
39230,3.9306834
39231,2.4379842
39232,8.29209
39233,2.9778106
39234,20.723345
39235,6.376602
39236,11.3558035
39237,2.655322
39238,8.2028475
39239,6.858491
39240,7.6499944
39241,9.162472
39242,8.820831
39243,6.3090343
39244,0.25343645
39245,8.915656
39246,5.18106
39247,2.8639596
39248,3.1901877
39249,4.7738214
39250,6.7503133
39251,0.18333334
39252,7.9863863
39253,3.3809826
39254,5.3594165
39255,0.36666667
39256,7.213071
39257,0.5386352
39258,14.3425865
39259,7.4505844
39260,6.821818
39261,7.4783316
39262,2.9944098
39263,3.7971258
39264,7.0161304
39265,6.390379
39266,18.077848
39267,8.376423
39268,5.8704996
39269,6.0304127
39270,7.378533
39271,13.894095
39272,4.903159
39273,0.8212021
39274,7.6366343
39275,5.4704795
39276,5.8933225
39277,8.399017
39278,3.0636048
39279,2.6514256
39280,7.2285132
39281,0.42636693
39282,2.3603606
39283,5.2005606
39284,8.519057
39285,2.968294
39286,3.5444937
39287,7.36993
39288,8.218769
39289,23.267012
39290,5.1651382
39291,9.187286
39292,5.849459
39293,5.4585447
39294,0.8864076
39295,3.6321106
39296,9.763523
39297,7.60759
39298,8.302941
39299,3.0788512
39300,4.1537004
39301,0.20880955
39302,8.59996
39303,7.3175597
39304,8.042889
39305,6.8439255
39306,8.655914
39307,7.444659
39308,8.475205
39309,6.5868273
39310,1.8464255
39311,6.542001
39312,6.9330716
39313,7.7760296
39314,6.9698033
39315,8.559564
39316,1.2833333
39317,13.479802
39318,14.696032
39319,6.912807
39320,5.9628787
39321,2.495158
39322,3.0010655
39323,1.585383
39324,1.0082815
39325,6.7796073
39326,9.688757
39327,7.5433726
39328,11.535419
39329,3.696655
39330,6.8047976
39331,6.627761
39332,7.195056
39333,6.293753
39334,7.9649353
39335,6.4909344
39336,3.3
39337,15.910786
39338,15.566851
39339,3.292081
39340,8.337187
39341,1.3895458
39342,17.425547
39343,4.7256074
39344,3.5949962
39345,4.393974
39346,16.575169
39347,6.6657867
39348,7.1216946
39349,10.740989
39350,18.507023
39351,5.7013173
39352,4.291972
39353,9.719061
39354,6.4817452
39355,3.0330045
39356,3.7051086
39357,7.1424847
39358,3.4716427
39359,5.023808
39360,9.078189
39361,8.0257845
39362,7.126179
39363,5.9684467
39364,7.1254883
39365,6.426355
39366,3.4833333
39367,4.4670053
39368,2.761616
39369,4.3857646
39370,8.4474125
39371,8.542273
39372,16.79343
39373,6.4931
39374,4.0646915
39375,8.066667
39376,6.9893727
39377,16.95461
39378,8.787944
39379,4.405598
39380,4.278127
39381,3.989194
39382,5.6120343
39383,9.745426
39384,7.787516
39385,7.326837
39386,3.0820959
39387,0.10113636
39388,4.201049
39389,8.877185
39390,8.221382
39391,8.823562
39392,14.922145
39393,34.158554
39394,2.6770177
39395,6.3677363
39396,3.7752192
39397,9.891726
39398,2.3833334
39399,4.1436353
39400,7.5566874
39401,6.2641478
39402,7.6056213
39403,25.129139
39404,4.245826
39405,0.6682228
39406,6.86102
39407,10.45
39408,6.5265183
39409,0.5279072
39410,6.166265
39411,8.390013
39412,8.301526
39413,9.373879
39414,3.7937498
39415,3.0938425
39416,9.493032
39417,7.609303
39418,16.132536
39419,8.394195
39420,7.4422383
39421,7.268533
39422,16.133167
39423,4.9875817
39424,1.8881072
39425,3.620015
39426,6.8426075
39427,6.2818747
39428,25.290266
39429,2.2
39430,3.7705638
39431,17.038359
39432,5.868215
39433,5.6777596
39434,4.2909474
39435,2.748089
39436,8.040036
39437,8.398507
39438,7.3613405
39439,1.4666667
39440,4.2402544
39441,6.051953
39442,7.2090464
39443,16.01633
39444,6.572989
39445,7.537088
39446,7.0754995
39447,7.2673907
39448,14.879203
39449,8.568463
39450,8.337106
39451,0.7459204
39452,7.0316625
39453,9.156054
39454,6.5274205
39455,2.8666413
39456,4.2671456
39457,9.687892
39458,6.2557473
39459,6.8462143
39460,8.080047
39461,16.404736
39462,5.959459
39463,7.147753
39464,6.435197
39465,3.7705095
39466,2.009736
39467,2.2858775
39468,7.2530456
39469,4.271065
39470,1.4370741
39471,7.73992
39472,0.4382221
39473,2.749262
39474,3.231071
39475,15.664498
39476,1.5512687
39477,3.7267158
39478,14.242057
39479,10.102513
39480,6.680289
39481,3.8128138
39482,4.240097
39483,3.0168219
39484,6.1991186
39485,6.962315
39486,7.4968433
39487,11.331301
39488,3.2855828
39489,7.7055106
39490,14.68522
39491,2.8131726
39492,3.199975
39493,8.31579
39494,0.21841022
39495,7.2937717
39496,3.2550166
39497,3.1783233
39498,4.95
39499,2.176222
39500,12.451129
39501,12.049426
39502,6.2897706
39503,3.2329042
39504,4.6845183
39505,10.142411
39506,3.868668
39507,4.485138
39508,14.961523
39509,1.9290487
39510,5.921439
39511,8.8
39512,14.626373
39513,6.802259
39514,7.397489
39515,9.550413
39516,7.5130057
39517,11.293567
39518,2.8763392
39519,7.675704
39520,8.880033
39521,3.0115047
39522,5.364199
39523,4.2166667
39524,19.195137
39525,5.4839416
39526,3.8682275
39527,3.597961
39528,4.730733
39529,12.527952
39530,7.6371
39531,7.6355796
39532,2.129105
39533,5.3281784
39534,8.066667
39535,12.126528
39536,2.6718526
39537,7.062242
39538,8.7361355
39539,15.2649355
39540,7.0881133
39541,16.034582
39542,6.328232
39543,8.251178
39544,4.5078382
39545,3.5088398
39546,10.077928
39547,7.4860663
39548,17.163015
39549,6.9739704
39550,30.346437
39551,4.822006
39552,1.006316
39553,6.6554556
39554,5.219792
39555,4.0143857
39556,6.659792
39557,7.9337816
39558,18.806765
39559,1.9353806
39560,4.320078
39561,8.837916
39562,7.3580475
39563,7.5133348
39564,6.889131
39565,7.9080625
39566,9.018383
39567,2.714465
39568,2.8753102
39569,14.659472
39570,3.9394846
39571,7.092849
39572,0.6431992
39573,6.8336043
39574,8.642396
39575,7.1390586
39576,8.125506
39577,10.043886
39578,8.007112
39579,9.266675
39580,8.523771
39581,1.4800496
39582,6.8606424
39583,6.7162647
39584,4.26935
39585,4.7058573
39586,1.8294345
39587,6.2078238
39588,8.2037325
39589,9.640431
39590,3.7690644
39591,0.2529758
39592,3.3158162
39593,2.238418
39594,16.389719
39595,7.8282723
39596,3.2469194
39597,3.4500396
39598,3.888742
39599,3.2052383
39600,7.838607
39601,8.562597
39602,6.1850104
39603,7.302368
39604,6.4557567
39605,0.55
39606,7.1136274
39607,3.902425
39608,3.9741888
39609,0.36666667
39610,7.6446853
39611,7.2904897
39612,6.8003387
39613,6.455717
39614,7.74214
39615,10.072134
39616,3.9242876
39617,20.663923
39618,2.7969122
39619,3.279133
39620,7.320825
39621,7.183699
39622,3.8723001
39623,2.7909715
39624,0.7436758
39625,7.7544003
39626,7.2138143
39627,4.95
39628,1.8885238
39629,9.009868
39630,22.34296
39631,1.55736
39632,13.314744
39633,7.835038
39634,5.3872223
39635,1.4031457
39636,2.6054852
39637,6.334613
39638,5.9356494
39639,0.2717287
39640,0.008554424
39641,1.2833333
39642,12.2173195
39643,12.127576
39644,6.245745
39645,6.875026
39646,7.523514
39647,3.0230944
39648,4.606072
39649,3.543915
39650,0.78667086
39651,3.848001
39652,18.722197
39653,5.65986
39654,8.093583
39655,3.105433
39656,3.195726
39657,1.2629231
39658,10.176092
39659,6.5453725
39660,5.735365
39661,3.1996126
39662,7.509114
39663,8.136543
39664,6.390418
39665,0.9166667
39666,14.930894
39667,1.4532125
39668,3.1043355
39669,8.715124
39670,1.6317449
39671,6.078054
39672,9.083095
39673,6.636258
39674,13.618015
39675,3.1989405
39676,2.5351336
39677,8.917769
39678,0.28089085
39679,1.65
39680,13.051156
39681,7.3441467
39682,0.6846406
39683,5.5501275
39684,3.0770328
39685,12.335972
39686,9.302563
39687,6.8089924
39688,19.78199
39689,4.5833335
39690,1.7597983
39691,7.059989
39692,16.769382
39693,6.274111
39694,5.683842
39695,3.4133668
39696,3.356208
39697,3.8512454
39698,3.6896408
39699,8.737707
39700,18.302437
39701,10.49473
39702,5.1589093
39703,8.61849
39704,6.8275375
39705,7.5002837
39706,7.6838737
39707,8.445706
39708,16.283512
39709,23.800365
39710,5.1469164
39711,7.761973
39712,8.081929
39713,6.3332357
39714,7.766854
39715,8.270727
39716,2.3796208
39717,5.862565
39718,6.900246
39719,13.134127
39720,6.6601834
39721,2.227764
39722,4.4281373
39723,9.128874
39724,4.0333333
39725,10.222292
39726,6.3794255
39727,1.8333334
39728,5.5817575
39729,0.21542564
39730,6.1877236
39731,11.071631
39732,13.575546
39733,14.44375
39734,1.6921718
39735,6.2363896
39736,8.2379465
39737,7.301625
39738,5.653182
39739,3.1398814
39740,3.6153543
39741,7.960251
39742,7.0220256
39743,6.3238635
39744,1.4666667
39745,5.471126
39746,7.853662
39747,7.736336
39748,7.9140315
39749,6.6849284
39750,7.531369
39751,7.16561
39752,7.9278708
39753,5.4894857
39754,3.6950464
39755,3.7079453
39756,2.4275854
39757,6.318169
39758,8.539088
39759,8.850183
39760,7.3139935
39761,9.101148
39762,7.8545694
39763,3.3771737
39764,1.976665
39765,6.568892
39766,7.0545583
39767,7.9287386
39768,7.26304
39769,2.5666666
39770,14.247815
39771,5.1634665
39772,14.247294
39773,7.2334194
39774,7.0254965
39775,5.9433055
39776,9.612515
39777,3.7572672
39778,3.0711963
39779,6.1195397
39780,0.53316575
39781,3.8142743
39782,2.7692025
39783,0.27828854
39784,8.301217
39785,7.6339045
39786,6.090448
39787,7.199593
39788,7.2307577
39789,15.809092
39790,8.928095
39791,8.024869
39792,7.242805
39793,2.0166667
39794,5.5694857
39795,9.178921
39796,8.724598
39797,15.161191
39798,6.7689185
39799,1.6819781
39800,6.5065036
39801,8.128917
39802,0.49160197
39803,11.556623
39804,2.5666666
39805,5.2572784
39806,2.7674627
39807,6.349849
39808,1.2614629
39809,2.9333334
39810,4.9216113
39811,7.15
39812,1.3234966
39813,9.329039
39814,15.692598
39815,15.121938
39816,5.357887
39817,7.0629334
39818,5.6789846
39819,5.3013263
39820,8.116763
39821,11.343146
39822,4.218263
39823,16.648096
39824,6.4489927
39825,8.265478
39826,8.818709
39827,8.07535
39828,4.037011
39829,5.193405
39830,7.857039
39831,16.73894
39832,0.4916607
39833,5.883824
39834,7.8373127
39835,8.394654
39836,7.0926576
39837,7.495157
39838,7.200499
39839,0.9166667
39840,6.0375977
39841,2.8846757
39842,4.197622
39843,7.7353077
39844,11.847141
39845,2.2334638
39846,8.266645
39847,0.1618008
39848,8.41171
39849,8.510172
39850,7.802424
39851,7.279433
39852,6.5651855
39853,7.9278708
39854,6.4166665
39855,10.109743
39856,7.900896
39857,10.552976
39858,9.116121
39859,2.3976853
39860,4.3668222
39861,3.689984
39862,7.8090444
39863,0.14610346
39864,15.762132
39865,6.2323174
39866,7.1176476
39867,7.118401
39868,17.430868
39869,5.1106405
39870,7.056197
39871,0.63965106
39872,6.6995625
39873,9.65236
39874,1.8632404
39875,2.5472043
39876,7.367587
39877,9.789298
39878,8.325873
39879,2.3833334
39880,4.7182565
39881,16.017515
39882,6.6024375
39883,0.09685503
39884,8.433413
39885,4.710818
39886,1.806278
39887,6.7345586
39888,2.8904288
39889,12.404473
39890,13.8870945
39891,3.8324518
39892,4.339515
39893,6.466621
39894,8.515224
39895,8.268577
39896,7.15
39897,5.9172034
39898,6.189126
39899,3.864365
39900,3.159049
39901,1.1
39902,34.225864
39903,1.5787323
39904,3.4117203
39905,7.4975533
39906,4.9549704
39907,4.322352
39908,8.247298
39909,7.353768
39910,7.4507895
39911,9.648547
39912,7.232298
39913,0.18333334
39914,14.675187
39915,6.645437
39916,0.36666667
39917,0.4062492
39918,18.281214
39919,16.196732
39920,7.2950907
39921,4.4500637
39922,4.2723002
39923,8.962159
39924,0.43871215
39925,9.1463995
39926,0.10202052
39927,2.5666666
39928,4.578294
39929,4.0333333
39930,3.7797132
39931,14.776974
39932,3.3669763
39933,5.0309925
39934,8.899049
39935,6.594145
39936,8.549803
39937,7.7371655
39938,8.841986
39939,7.3333335
39940,18.823675
39941,4.3645782
39942,2.5347269
39943,7.373108
39944,6.8629804
39945,4.0073667
39946,2.965186
39947,7.7881427
39948,7.83237
39949,16.287617
39950,8.507194
39951,0.36666667
39952,15.85141
39953,6.190101
39954,8.758134
39955,12.824051
39956,24.990263
39957,3.0491815
39958,11.640182
39959,1.8408633
39960,5.745254
39961,15.043076
39962,7.387487
39963,9.172994
39964,7.4306436
39965,4.5563183
39966,3.9884298
39967,7.6275477
39968,17.783333
39969,55.499763
39970,6.049434
39971,12.456404
39972,10.4015665
39973,15.739718
39974,9.953552
39975,21.528894
39976,8.358068
39977,14.400125
39978,9.339187
39979,8.238078
39980,1.2833333
39981,34.12709
39982,4.4337516
39983,11.445642
39984,4.6305532
39985,19.96329
39986,0.23306742
39987,4.5706964
39988,0.33713713
39989,4.4071803
39990,4.8781114
39991,18.41178
39992,10.847224
39993,10.84524
39994,11.741809
39995,2.417339
39996,8.661668
39997,9.9937525
39998,11.4252825
39999,8.959957
40000,1.5806887
40001,12.283334
40002,9.654561
40003,8.36379
40004,10.642596
40005,2.2025235
40006,19.276802
40007,8.168274
40008,10.905902
40009,13.225942
40010,10.107955
40011,4.7170854
40012,6.679946
40013,1.0473993
40014,8.854707
40015,9.443189
40016,11.150109
40017,4.3545694
40018,16.922367
40019,9.45057
40020,0.531859
40021,5.326682
40022,0.099566266
40023,4.1528406
40024,10.292795
40025,11.015867
40026,8.433333
40027,1.6298294
40028,10.6491785
40029,11.366667
40030,8.817645
40031,13.933333
40032,5.249037
40033,9.057455
40034,7.835984
40035,5.16347
40036,4.061633
40037,12.000812
40038,24.131222
40039,18.996202
40040,12.111836
40041,9.672775
40042,2.5666666
40043,12.663433
40044,5.3364305
40045,5.0262084
40046,7.8345537
40047,7.3071856
40048,20.04014
40049,8.689841
40050,9.130969
40051,0.13442834
40052,10.877277
40053,3.1225152
40054,6.5977182
40055,10.973812
40056,3.8644068
40057,6.11778
40058,11.375295
40059,7.880742
40060,11.652985
40061,10.035077
40062,7.425812
40063,1.9600658
40064,11.60582
40065,9.72765
40066,6.8476872
40067,4.2166667
40068,19.499104
40069,9.63525
40070,9.451548
40071,4.0747056
40072,37.7587
40073,4.5304303
40074,8.575268
40075,0.50910306
40076,4.5634522
40077,4.4758716
40078,8.168049
40079,9.731544
40080,10.095317
40081,2.0571418
40082,18.105827
40083,2.4538434
40084,5.493999
40085,13.039562
40086,6.4166665
40087,13.311732
40088,12.1550045
40089,3.221326
40090,20.328894
40091,6.8430767
40092,6.6
40093,11.398144
40094,11.326646
40095,3.0883296
40096,29.143744
40097,9.603155
40098,0.10981824
40099,5.146212
40100,4.7660675
40101,3.1166666
40102,5.533828
40103,8.521809
40104,11.323811
40105,9.754804
40106,8.078204
40107,10.669775
40108,9.6659
40109,10.247045
40110,11.377612
40111,6.841435
40112,10.700293
40113,6.339552
40114,1.3025566
40115,3.8647287
40116,11.986162
40117,30.442501
40118,8.385394
40119,9.410738
40120,7.97975
40121,1.1160772
40122,2.9333334
40123,6.741683
40124,9.67855
40125,9.143275
40126,8.189758
40127,0.2886984
40128,10.173295
40129,9.384873
40130,10.353592
40131,11.828927
40132,10.914751
40133,12.010681
40134,9.474941
40135,10.369871
40136,7.109377
40137,10.799778
40138,8.471105
40139,1.104726
40140,20.256933
40141,8.388467
40142,3.3919013
40143,5.453878
40144,11.153246
40145,5.102939
40146,4.8172607
40147,7.8516674
40148,8.977216
40149,11.7965555
40150,2.2
40151,14.723087
40152,9.435137
40153,6.0543346
40154,4.8941507
40155,9.614825
40156,11.764779
40157,7.969685
40158,8.97817
40159,11.067244
40160,0.36064777
40161,4.153543
40162,5.3817163
40163,9.788448
40164,20.500952
40165,10.87806
40166,6.6960263
40167,9.716166
40168,10.953746
40169,5.8192673
40170,6.759908
40171,10.747009
40172,14.848695
40173,34.73688
40174,8.1881695
40175,9.364314
40176,2.994551
40177,4.707787
40178,8.9529505
40179,12.822162
40180,10.500259
40181,9.428807
40182,12.551611
40183,3.6667588
40184,0.25727373
40185,5.3433776
40186,9.229171
40187,11.96791
40188,8.994369
40189,15.838535
40190,3.9804113
40191,10.312968
40192,14.337394
40193,4.0638447
40194,0.017179383
40195,11.19778
40196,23.898403
40197,3.9799879
40198,5.037096
40199,12.882842
40200,13.2
40201,30.310476
40202,1.7705761
40203,0.1126925
40204,28.337269
40205,7.1090074
40206,8.324743
40207,10.972249
40208,12.286996
40209,11.467271
40210,9.241648
40211,11.569619
40212,9.28761
40213,9.566083
40214,23.677694
40215,31.218054
40216,7.644971
40217,9.587885
40218,7.6971455
40219,14.680426
40220,6.35461
40221,12.708728
40222,0.34575993
40223,19.924906
40224,10.220423
40225,12.781132
40226,10.403621
40227,8.9951105
40228,1.0454259
40229,4.5664053
40230,6.1047606
40231,5.299647
40232,8.537532
40233,3.0862887
40234,1.1367269
40235,5.542636
40236,12.361301
40237,9.838437
40238,0.305189
40239,7.861627
40240,9.998493
40241,12.105559
40242,11.69863
40243,8.2729
40244,3.3449595
40245,30.623327
40246,4.0265055
40247,14.224941
40248,4.5833335
40249,15.583333
40250,20.287712
40251,3.238625
40252,5.4761577
40253,3.85
40254,18.792707
40255,7.9808226
40256,10.934658
40257,4.1808023
40258,4.2399836
40259,10.6942
40260,4.0408907
40261,5.8958664
40262,9.787176
40263,20.306578
40264,8.412838
40265,8.260501
40266,9.868051
40267,9.770539
40268,9.130746
40269,9.346155
40270,10.800653
40271,9.18713
40272,8.215903
40273,11.0072975
40274,0.21927887
40275,3.016591
40276,15.241281
40277,8.929942
40278,13.016666
40279,1.65
40280,20.014925
40281,9.847137
40282,18.869678
40283,10.083333
40284,8.545359
40285,9.825801
40286,11.906968
40287,9.365825
40288,11.368832
40289,9.408408
40290,10.269906
40291,23.637785
40292,8.820467
40293,9.422806
40294,8.861489
40295,6.7774067
40296,2.0477507
40297,7.0123677
40298,9.292167
40299,16.679409
40300,5.6423078
40301,9.825124
40302,7.7073035
40303,0.29206276
40304,10.387778
40305,6.1328006
40306,17.227238
40307,9.830831
40308,11.636839
40309,11.141246
40310,5.3166666
40311,5.462898
40312,3.1814845
40313,5.396658
40314,4.90896
40315,0.5706018
40316,4.256196
40317,27.978024
40318,0.9982058
40319,6.9308276
40320,2.6595728
40321,0.73333335
40322,12.833333
40323,3.7008917
40324,10.677934
40325,10.732862
40326,22.422606
40327,2.4216046
40328,25.190275
40329,17.851511
40330,9.767943
40331,9.382711
40332,9.064173
40333,10.128788
40334,2.75
40335,6.4551697
40336,10.807662
40337,9.460939
40338,22.94412
40339,8.773075
40340,1.5215871
40341,21.66164
40342,16.829384
40343,9.255621
40344,9.712128
40345,11.17427
40346,11.452424
40347,3.2621026
40348,0.6867584
40349,17.34324
40350,11.536861
40351,3.5343437
40352,6.880482
40353,12.80423
40354,20.299675
40355,8.911265
40356,11.153167
40357,9.925288
40358,24.16938
40359,3.2751298
40360,3.6862955
40361,12.656543
40362,11.472146
40363,10.249176
40364,9.745439
40365,12.244676
40366,10.553506
40367,9.411126
40368,21.018562
40369,7.916554
40370,7.2742534
40371,8.433333
40372,8.107377
40373,4.95
40374,12.175046
40375,29.516666
40376,11.183333
40377,14.117482
40378,3.093727
40379,7.9541373
40380,10.928464
40381,1.1620125
40382,20.399858
40383,6.580424
40384,3.9366958
40385,5.7391806
40386,12.350981
40387,8.133635
40388,9.971587
40389,21.65463
40390,13.2
40391,25.033325
40392,7.902415
40393,3.7035153
40394,0.5940835
40395,4.605492
40396,10.392521
40397,8.440908
40398,18.773705
40399,19.829033
40400,2.9439926
40401,0.63294584
40402,2.9887123
40403,0.7463216
40404,9.753689
40405,10.040601
40406,8.201972
40407,13.115724
40408,4.3240156
40409,0.13388793
40410,10.400732
40411,8.182391
40412,5.1080236
40413,5.6596756
40414,2.6309488
40415,7.352997
40416,2.1633306
40417,16.67757
40418,10.352666
40419,6.578947
40420,2.1915436
40421,9.100367
40422,23.212679
40423,7.0003033
40424,3.59238
40425,4.055667
40426,1.89143
40427,6.547293
40428,10.487333
40429,4.2824674
40430,4.012418
40431,5.175425
40432,7.0261397
40433,15.569259
40434,9.42994
40435,7.6486506
40436,8.509485
40437,9.000706
40438,11.180623
40439,3.3036628
40440,4.929018
40441,8.815797
40442,0.21632476
40443,7.239668
40444,1.8333334
40445,7.6232038
40446,8.982229
40447,13.089591
40448,3.8528757
40449,0.7434369
40450,7.7867665
40451,4.1777053
40452,2.3833334
40453,24.399128
40454,8.833036
40455,2.344203
40456,4.556036
40457,21.247498
40458,29.594847
40459,2.7976034
40460,5.2299266
40461,5.2364745
40462,0.40133792
40463,10.376469
40464,8.891337
40465,11.520902
40466,9.590564
40467,9.720548
40468,8.6780615
40469,5.2345676
40470,3.6518414
40471,5.0513988
40472,7.3333335
40473,5.955489
40474,4.0288925
40475,1.9150815
40476,4.5721617
40477,10.217139
40478,9.031343
40479,12.785163
40480,1.7647109
40481,4.2003474
40482,9.303172
40483,9.305598
40484,10.174601
40485,8.767341
40486,2.0192065
40487,17.168009
40488,5.175154
40489,4.9760027
40490,4.42934
40491,6.7833333
40492,19.012825
40493,5.735016
40494,9.485391
40495,0.89272654
40496,3.5332117
40497,2.9942667
40498,10.860673
40499,10.038376
40500,6.7008014
40501,12.257407
40502,3.5852356
40503,7.7402835
40504,8.950887
40505,8.721351
40506,20.0156
40507,7.4872503
40508,19.389648
40509,6.3585525
40510,10.547153
40511,11.100094
40512,11.166367
40513,7.678168
40514,10.399421
40515,4.1641
40516,4.0002337
40517,9.513545
40518,9.629576
40519,19.027403
40520,7.0820723
40521,17.836864
40522,4.4749017
40523,3.5219667
40524,4.794177
40525,17.085499
40526,8.781569
40527,6.4550476
40528,18.678373
40529,6.9276557
40530,10.072995
40531,8.092594
40532,9.3148155
40533,8.99136
40534,9.11083
40535,0.6152472
40536,7.842103
40537,2.9333334
40538,7.3422995
40539,10.256633
40540,0.3152609
40541,6.939919
40542,11.725507
40543,1.2833333
40544,17.523233
40545,7.15
40546,7.811633
40547,8.660643
40548,6.8152823
40549,1.1975276
40550,3.1319954
40551,3.2156866
40552,8.136479
40553,1.1
40554,7.359107
40555,10.621279
40556,8.506774
40557,10.57431
40558,6.5696793
40559,7.1147766
40560,7.735929
40561,8.689593
40562,7.5184507
40563,2.9247842
40564,4.760448
40565,0.5823295
40566,19.083508
40567,0.3868262
40568,5.8434887
40569,8.533708
40570,9.619181
40571,3.8608315
40572,4.080987
40573,9.482289
40574,11.23844
40575,8.279069
40576,8.059883
40577,8.220149
40578,3.1582677
40579,5.1836333
40580,9.850343
40581,8.065073
40582,20.354359
40583,6.528434
40584,2.6322367
40585,1.4572144
40586,0.22685528
40587,4.5204315
40588,7.7331553
40589,1.8333334
40590,16.915323
40591,9.494145
40592,7.108244
40593,12.331739
40594,3.0639727
40595,3.1400282
40596,7.5891743
40597,9.442893
40598,3.979572
40599,4.9060187
40600,35.879173
40601,17.817814
40602,1.4065664
40603,6.0803113
40604,4.792754
40605,3.412231
40606,10.308813
40607,9.451651
40608,9.041174
40609,6.951038
40610,8.509246
40611,8.970887
40612,8.6158285
40613,5.9348116
40614,5.0628667
40615,8.066667
40616,0.30654272
40617,10.754625
40618,22.29292
40619,6.130672
40620,21.729343
40621,0.8156617
40622,8.198579
40623,8.305646
40624,11.612685
40625,6.1436744
40626,8.956338
40627,8.551017
40628,8.618116
40629,38.857224
40630,2.213931
40631,2.75
40632,1.7645124
40633,4.43871
40634,10.040299
40635,3.0467508
40636,19.529707
40637,5.835136
40638,8.984591
40639,7.133508
40640,6.8097987
40641,11.183333
40642,2.1675751
40643,4.106911
40644,6.1272864
40645,9.522589
40646,18.42046
40647,1.203545
40648,1.3188919
40649,4.631424
40650,7.9467936
40651,9.082184
40652,4.167159
40653,3.980779
40654,3.4471986
40655,5.3942685
40656,6.955441
40657,12.1
40658,0.1162278
40659,8.966145
40660,16.880907
40661,7.2499585
40662,9.324041
40663,1.7579238
40664,2.6095545
40665,0.6984393
40666,4.198854
40667,7.8629327
40668,9.022768
40669,16.330784
40670,1.3773043
40671,4.7350254
40672,7.677008
40673,5.8421626
40674,10.553536
40675,8.887148
40676,2.2
40677,8.16361
40678,0.7060526
40679,7.3333335
40680,16.2131
40681,9.155544
40682,17.070606
40683,10.1803
40684,7.515859
40685,17.654839
40686,0.21130247
40687,7.0584464
40688,9.732946
40689,9.740124
40690,20.967476
40691,4.1099467
40692,5.5
40693,3.31351
40694,21.092947
40695,2.2
40696,13.782597
40697,5.6235633
40698,9.547091
40699,10.106634
40700,6.113792
40701,9.2268
40702,0.21739802
40703,8.111254
40704,4.0290427
40705,4.8783703
40706,8.519403
40707,2.5666666
40708,18.002104
40709,17.202974
40710,8.334597
40711,8.77463
40712,7.6424274
40713,9.195756
40714,26.642698
40715,7.6432953
40716,2.3490994
40717,2.1772141
40718,10.130335
40719,19.455435
40720,7.629538
40721,19.33862
40722,8.034689
40723,8.86426
40724,9.281928
40725,9.524052
40726,8.898789
40727,10.408172
40728,6.787253
40729,0.4299164
40730,4.968595
40731,3.1573293
40732,16.24283
40733,9.218439
40734,9.801699
40735,12.235326
40736,9.119956
40737,10.420053
40738,11.366667
40739,15.195126
40740,9.959595
40741,7.238135
40742,10.548011
40743,16.86968
40744,9.387875
40745,2.0166667
40746,7.573565
40747,12.709331
40748,8.756001
40749,8.574168
40750,8.201408
40751,17.041033
40752,17.48905
40753,16.33297
40754,3.1363966
40755,5.267827
40756,3.8383882
40757,5.508264
40758,8.817704
40759,20.206554
40760,1.9436361
40761,7.4963245
40762,0.6207545
40763,9.652362
40764,1.7984948
40765,8.736698
40766,9.882524
40767,7.4779987
40768,4.7554564
40769,4.5819836
40770,11.301192
40771,9.267817
40772,19.46539
40773,0.18333334
40774,7.4489827
40775,8.592177
40776,8.450652
40777,10.5893545
40778,7.0744596
40779,1.0964315
40780,8.435719
40781,8.245039
40782,9.460108
40783,10.078359
40784,21.891596
40785,8.780677
40786,0.41592917
40787,8.407529
40788,9.382788
40789,9.847935
40790,4.8751435
40791,3.543901
40792,11.259619
40793,7.06965
40794,5.257011
40795,8.170542
40796,14.674917
40797,1.7391282
40798,2.9876866
40799,0.11493365
40800,8.858633
40801,8.535863
40802,10.267084
40803,12.405712
40804,1.4666667
40805,17.49463
40806,7.9429235
40807,0.36666667
40808,10.935944
40809,3.6666667
40810,17.25162
40811,9.834703
40812,8.877357
40813,13.512619
40814,4.845183
40815,2.925571
40816,11.140634
40817,11.13995
40818,17.000565
40819,3.8203557
40820,2.467997
40821,6.8472857
40822,17.455347
40823,7.1493073
40824,19.999798
40825,2.0761254
40826,5.3000054
40827,3.8195689
40828,4.0988054
40829,10.523812
40830,9.024469
40831,8.569741
40832,2.9857955
40833,3.623295
40834,0.22381146
40835,7.679272
40836,4.0333333
40837,13.2923765
40838,20.670937
40839,5.9647403
40840,6.51714
40841,4.97872
40842,8.8
40843,13.227653
40844,9.167369
40845,9.762462
40846,8.413514
40847,17.91273
40848,7.727297
40849,17.898958
40850,4.810588
40851,9.546988
40852,9.895937
40853,3.79684
40854,4.4958515
40855,8.179037
40856,8.3851185
40857,4.5530396
40858,4.2018495
40859,3.4833333
40860,3.7866113
40861,9.168497
40862,9.305254
40863,2.6369095
40864,1.2090443
40865,4.795194
40866,9.173639
40867,9.35
40868,9.337228
40869,7.6186976
40870,3.145488
40871,20.193888
40872,2.4168494
40873,11.387356
40874,7.907606
40875,7.343292
40876,9.056903
40877,6.145517
40878,7.7959065
40879,6.9928174
40880,12.463999
40881,1.2833333
40882,6.016197
40883,9.445062
40884,10.666593
40885,7.6207075
40886,2.0893495
40887,5.509432
40888,3.9906976
40889,5.3303
40890,8.226919
40891,8.871748
40892,5.933436
40893,18.543863
40894,17.398657
40895,8.160344
40896,10.678531
40897,1.477639
40898,7.0271816
40899,8.667645
40900,11.885127
40901,3.163091
40902,4.59849
40903,3.4320831
40904,4.144096
40905,10.341104
40906,2.1411738
40907,1.1
40908,16.286898
40909,1.4943919
40910,4.1192293
40911,2.9163764
40912,0.06909371
40913,9.616151
40914,1.273624
40915,9.737127
40916,9.252024
40917,10.184257
40918,7.1490607
40919,17.832638
40920,7.0328717
40921,1.8333334
40922,6.4845166
40923,12.466666
40924,16.04507
40925,8.420071
40926,7.9297223
40927,8.027736
40928,10.336717
40929,10.145361
40930,4.1763625
40931,4.4524355
40932,9.573411
40933,9.133809
40934,8.038854
40935,8.1433935
40936,8.594743
40937,2.6732285
40938,5.1468616
40939,9.962695
40940,0.73333335
40941,8.202068
40942,5.226422
40943,3.373584
40944,2.8555634
40945,5.3936324
40946,11.029116
40947,7.3540363
40948,4.8905845
40949,3.7151022
40950,8.271551
40951,9.033838
40952,6.2973185
40953,7.960098
40954,10.525066
40955,8.154266
40956,6.2469797
40957,3.6666667
40958,7.239215
40959,7.762241
40960,8.295591
40961,10.362014
40962,7.5610876
40963,6.91905
40964,4.142236
40965,3.3586345
40966,13.119444
40967,18.148994
40968,1.65
40969,3.081433
40970,11.245299
40971,1.7251014
40972,8.350468
40973,12.192058
40974,9.36613
40975,6.8929043
40976,7.1847835
40977,10.57953
40978,7.4595847
40979,8.23075
40980,7.3695507
40981,3.1166666
40982,8.1251135
40983,0.41883788
40984,7.524618
40985,7.915298
40986,10.169968
40987,8.799856
40988,17.512402
40989,2.5666666
40990,0.7377524
40991,4.0651665
40992,10.041341
40993,1.4220083
40994,7.633186
40995,18.798868
40996,15.583333
40997,2.1743617
40998,13.042078
40999,7.760684
41000,0.78703564
41001,9.352049
41002,3.456132
41003,0.3256003
41004,0.3740708
41005,13.867595
41006,5.670158
41007,5.5
41008,16.843447
41009,8.795642
41010,9.473382
41011,1.65
41012,5.5679245
41013,9.669902
41014,20.765085
41015,2.5527718
41016,5.4734707
41017,18.463285
41018,7.7129927
41019,1.7965875
41020,18.343718
41021,5.943267
41022,8.775297
41023,9.593949
41024,0.7418871
41025,8.969681
41026,11.146871
41027,7.2607923
41028,10.180131
41029,7.8174987
41030,4.117697
41031,5.2612457
41032,18.313955
41033,8.216683
41034,7.5740576
41035,9.379285
41036,10.540788
41037,11.517971
41038,1.4666667
41039,16.50272
41040,7.483324
41041,9.900619
41042,2.0380974
41043,7.1817403
41044,9.241715
41045,10.159668
41046,8.989161
41047,8.244936
41048,1.7350518
41049,6.450622
41050,2.75
41051,15.902527
41052,2.8722126
41053,0.60644937
41054,4.737202
41055,4.0333333
41056,13.256487
41057,19.196835
41058,7.470592
41059,6.851174
41060,14.130338
41061,4.326232
41062,5.5128098
41063,4.398497
41064,0.73333335
41065,9.50854
41066,8.162721
41067,7.825996
41068,7.2231064
41069,7.473962
41070,9.125535
41071,18.194695
41072,8.411383
41073,3.196328
41074,2.9802165
41075,0.016530357
41076,9.869416
41077,7.674217
41078,5.07911
41079,6.528188
41080,3.476827
41081,3.7680786
41082,15.347758
41083,0.55
41084,2.4808564
41085,7.779407
41086,9.055559
41087,2.313439
41088,1.3238347
41089,6.233333
41090,5.836591
41091,9.106714
41092,8.774328
41093,11.59168
41094,2.5848944
41095,8.403945
41096,4.2166667
41097,10.137647
41098,4.07776
41099,9.392739
41100,6.8785434
41101,12.240251
41102,3.3401968
41103,9.378427
41104,1.2833333
41105,6.4052267
41106,18.358603
41107,7.3058763
41108,29.415033
41109,2.1973844
41110,0.111893766
41111,4.6478953
41112,7.336387
41113,8.186077
41114,18.789303
41115,0.6711006
41116,5.0931067
41117,10.618362
41118,21.126623
41119,7.1160083
41120,20.007738
41121,0.44620034
41122,7.9171515
41123,8.924946
41124,7.941437
41125,8.070445
41126,17.699266
41127,18.785713
41128,9.149288
41129,6.90078
41130,5.9573665
41131,6.7134385
41132,2.0360312
41133,7.7265415
41134,2.0374062
41135,6.973577
41136,9.287301
41137,1.4457066
41138,7.7281475
41139,10.608339
41140,9.950208
41141,5.476905
41142,4.3052435
41143,7.516667
41144,6.893825
41145,2.878777
41146,19.223288
41147,6.2678814
41148,5.2186646
41149,3.061692
41150,10.903631
41151,3.2006657
41152,15.737161
41153,7.1811047
41154,4.1997514
41155,6.1137686
41156,21.95097
41157,8.162029
41158,10.094039
41159,1.4781796
41160,8.1824465
41161,10.802523
41162,10.100135
41163,5.509877
41164,0.82337856
41165,4.2337413
41166,4.1367135
41167,8.888762
41168,9.008169
41169,3.950397
41170,28.86213
41171,6.6636333
41172,9.189083
41173,7.103071
41174,11.159729
41175,3.1169736
41176,5.1022043
41177,8.591398
41178,9.35
41179,7.883333
41180,12.057639
41181,9.432761
41182,6.9715424
41183,8.830141
41184,11.345782
41185,8.584642
41186,9.322572
41187,9.657256
41188,10.0957575
41189,9.364197
41190,48.705647
41191,4.7968793
41192,10.2151575
41193,8.869075
41194,8.408461
41195,8.510328
41196,20.527864
41197,7.048337
41198,8.846767
41199,9.590578
41200,7.350588
41201,11.138829
41202,4.4925613
41203,0.90102357
41204,3.561171
41205,10.522452
41206,14.788927
41207,3.1222186
41208,9.796245
41209,9.677348
41210,9.949987
41211,22.379248
41212,0.8329313
41213,5.778948
41214,6.334496
41215,5.3955884
41216,3.7347877
41217,4.720792
41218,2.9333334
41219,26.89438
41220,16.61258
41221,9.644391
41222,8.38391
41223,10.050678
41224,8.946228
41225,9.082347
41226,11.352657
41227,9.957956
41228,2.017252
41229,6.6339965
41230,10.049414
41231,7.5459566
41232,9.141994
41233,7.9134464
41234,4.7224374
41235,0.5400817
41236,0.47620454
41237,3.1191397
41238,4.780444
41239,3.6406991
41240,10.944231
41241,3.5420024
41242,13.742519
41243,6.272046
41244,7.981364
41245,20.67287
41246,17.822319
41247,19.257349
41248,8.983938
41249,10.043597
41250,7.2049937
41251,23.959312
41252,8.066401
41253,2.593581
41254,4.2748613
41255,4.8462873
41256,3.4725585
41257,0.0737985
41258,1.7406462
41259,1.294279
41260,0.35014153
41261,15.4183855
41262,0.085290246
41263,18.993656
41264,20.520203
41265,9.861154
41266,8.989508
41267,0.55
41268,7.9678783
41269,8.642634
41270,9.0779705
41271,7.380317
41272,0.36666667
41273,7.084203
41274,0.54620105
41275,0.8934259
41276,9.548594
41277,8.491063
41278,8.223319
41279,11.755039
41280,0.36666667
41281,9.847585
41282,8.5411625
41283,0.26839575
41284,3.47747
41285,3.8761852
41286,9.925645
41287,8.152963
41288,11.168241
41289,9.170423
41290,6.0833774
41291,2.5650103
41292,30.50527
41293,4.0892525
41294,9.73796
41295,5.162134
41296,13.70554
41297,19.699663
41298,5.1889496
41299,18.704855
41300,25.744717
41301,8.806762
41302,6.8579836
41303,9.555404
41304,3.0540466
41305,4.951406
41306,11.683316
41307,8.964132
41308,2.4620214
41309,4.001633
41310,8.885312
41311,1.7095965
41312,5.9348583
41313,13.463039
41314,3.5081863
41315,10.308106
41316,9.099674
41317,8.045506
41318,8.778946
41319,2.1256847
41320,2.0166667
41321,5.0382533
41322,9.759967
41323,7.6227894
41324,9.366775
41325,7.5564623
41326,3.3045855
41327,3.6371558
41328,0.89439553
41329,7.8576007
41330,21.900635
41331,5.9832487
41332,8.22955
41333,6.7173014
41334,8.427842
41335,6.1661806
41336,0.34664476
41337,3.2420158
41338,7.042694
41339,8.362524
41340,7.6026363
41341,5.3290133
41342,3.8630645
41343,3.5134947
41344,14.300235
41345,14.890506
41346,8.478713
41347,5.923255
41348,9.201247
41349,7.7953267
41350,4.5261946
41351,2.1252553
41352,8.803219
41353,8.700046
41354,8.922261
41355,4.688422
41356,14.086173
41357,7.2364106
41358,18.852837
41359,9.207113
41360,8.594981
41361,9.304842
41362,8.718278
41363,8.508706
41364,10.953523
41365,7.7754016
41366,8.474286
41367,7.912746
41368,2.786311
41369,3.220702
41370,0.66003793
41371,9.970337
41372,2.1723351
41373,5.673011
41374,10.782567
41375,8.907836
41376,2.8723247
41377,5.303955
41378,8.879629
41379,4.263155
41380,16.127079
41381,8.34524
41382,2.2
41383,5.769412
41384,3.1994178
41385,5.733133
41386,9.963481
41387,9.381795
41388,22.10655
41389,7.0390224
41390,0.18333334
41391,18.708708
41392,5.862165
41393,3.0814726
41394,2.270373
41395,3.8059473
41396,0.8602857
41397,4.221162
41398,4.169099
41399,2.4352715
41400,7.383537
41401,9.181539
41402,4.228004
41403,5.361129
41404,4.0392795
41405,24.899435
41406,6.4204698
41407,9.970928
41408,4.049635
41409,3.484877
41410,9.1929035
41411,6.4166665
41412,2.8474333
41413,8.526396
41414,9.52096
41415,5.4229107
41416,5.254285
41417,0.70666146
41418,4.653624
41419,6.738512
41420,8.17449
41421,17.996342
41422,7.065671
41423,10.067877
41424,11.172359
41425,4.3893814
41426,6.392702
41427,4.264888
41428,4.885569
41429,8.256784
41430,8.449292
41431,9.292434
41432,9.490721
41433,9.535646
41434,7.0634847
41435,6.9404516
41436,2.2939131
41437,1.0589999
41438,3.2996023
41439,20.341442
41440,1.2918075
41441,0.92186916
41442,4.14482
41443,9.845622
41444,11.489569
41445,7.054544
41446,4.0828624
41447,2.8852384
41448,8.545089
41449,18.52254
41450,8.472959
41451,8.101901
41452,7.9920697
41453,1.8333334
41454,18.558376
41455,23.833334
41456,1.9385338
41457,0.86440265
41458,4.5651674
41459,0.18333334
41460,18.657618
41461,3.3738692
41462,4.0314517
41463,12.65
41464,21.281425
41465,7.9374156
41466,8.219099
41467,11.911741
41468,8.230679
41469,7.9334173
41470,26.934456
41471,6.9828753
41472,5.6833334
41473,11.715395
41474,0.36666667
41475,8.973789
41476,10.107245
41477,1.0484856
41478,8.418577
41479,9.116785
41480,12.241256
41481,2.2
41482,18.27557
41483,1.9296724
41484,1.3734418
41485,4.126724
41486,13.425335
41487,2.3732667
41488,0.6307125
41489,3.4604151
41490,19.020105
41491,5.8233175
41492,10.5295725
41493,8.268842
41494,10.7067175
41495,7.17299
41496,2.5464778
41497,7.626001
41498,9.226086
41499,8.952498
41500,9.331854
41501,6.610163
41502,8.570632
41503,8.095384
41504,9.121959
41505,11.146174
41506,15.639766
41507,4.035354
41508,3.1647284
41509,9.286573
41510,9.328542
41511,9.491858
41512,10.844318
41513,0.4300356
41514,3.2163699
41515,0.33344093
41516,3.0222523
41517,20.35
41518,6.5344095
41519,8.112263
41520,8.232832
41521,0.5443573
41522,0.372227
41523,7.069502
41524,9.481365
41525,2.357904
41526,6.999089
41527,7.01867
41528,9.730205
41529,3.5021462
41530,3.4833333
41531,1.4544406
41532,17.840292
41533,7.0028224
41534,9.653782
41535,3.85
41536,18.955256
41537,21.86322
41538,6.854677
41539,9.112611
41540,9.089846
41541,9.533334
41542,7.5397167
41543,9.214123
41544,14.420456
41545,2.6563964
41546,11.13972
41547,8.233945
41548,3.7560465
41549,3.53117
41550,0.14334518
41551,7.0299478
41552,8.909377
41553,5.1634316
41554,3.763819
41555,10.438323
41556,12.984069
41557,3.314399
41558,2.8187358
41559,3.9248235
41560,4.7831216
41561,10.319805
41562,2.6262686
41563,25.292072
41564,4.319883
41565,9.383528
41566,4.4493356
41567,13.327066
41568,3.372534
41569,17.76922
41570,8.602277
41571,3.1262476
41572,2.3833334
41573,3.280958
41574,9.591485
41575,7.024271
41576,0.009528795
41577,10.203339
41578,8.55461
41579,10.1153555
41580,13.771526
41581,8.501372
41582,3.2931175
41583,5.8024077
41584,11.733334
41585,7.8683624
41586,8.480615
41587,4.5289125
41588,25.642757
41589,2.8693125
41590,3.3049898
41591,10.041716
41592,5.370639
41593,3.007261
41594,16.068022
41595,18.22996
41596,7.2061214
41597,5.41234
41598,6.209612
41599,9.294599
41600,2.724711
41601,1.9212326
41602,4.5833335
41603,9.434906
41604,27.935347
41605,6.6827626
41606,1.4675937
41607,18.115992
41608,6.7715254
41609,11.877528
41610,8.7737255
41611,5.3166666
41612,3.8244324
41613,9.25777
41614,7.2675
41615,9.13085
41616,8.82063
41617,9.243997
41618,5.6771445
41619,4.864136
41620,11.832133
41621,0.4100005
41622,7.5879254
41623,8.833711
41624,9.7539835
41625,7.769116
41626,9.25805
41627,10.144726
41628,2.8147535
41629,5.4344177
41630,5.3670163
41631,3.9698117
41632,9.38573
41633,9.911738
41634,10.109481
41635,11.467251
41636,11.522418
41637,11.937398
41638,2.2249937
41639,1.0669948
41640,4.27885
41641,9.856693
41642,8.165407
41643,19.75551
41644,8.797064
41645,4.5828505
41646,3.9907858
41647,21.015268
41648,7.2974687
41649,8.045094
41650,9.512941
41651,1.1389174
41652,6.1175427
41653,10.174121
41654,8.682846
41655,10.030778
41656,7.5153036
41657,9.839239
41658,4.6780195
41659,4.5434804
41660,5.3749967
41661,18.713778
41662,3.0559459
41663,16.51988
41664,9.126885
41665,26.766666
41666,1.6918979
41667,9.561786
41668,1.1
41669,12.839309
41670,3.607845
41671,0.14043647
41672,9.429686
41673,7.1769557
41674,7.579884
41675,9.61554
41676,9.330592
41677,9.399382
41678,18.15
41679,24.702423
41680,16.551527
41681,7.3469715
41682,3.8405025
41683,4.8280396
41684,0.9580732
41685,8.78928
41686,0.31985438
41687,4.801631
41688,1.1
41689,2.7936141
41690,10.0595455
41691,6.0324674
41692,2.899011
41693,6.269661
41694,5.371579
41695,2.6424408
41696,10.161662
41697,7.718659
41698,8.756178
41699,18.844677
41700,3.1063318
41701,3.999019
41702,8.064882
41703,17.204784
41704,8.717322
41705,9.273723
41706,2.75
41707,5.9044514
41708,8.123652
41709,8.487312
41710,9.6093645
41711,4.95
41712,6.7107043
41713,3.812957
41714,0.23495357
41715,0.7387321
41716,10.169865
41717,8.352106
41718,19.056475
41719,8.778388
41720,0.07286072
41721,18.321127
41722,4.255438
41723,4.986786
41724,10.92016
41725,4.6624675
41726,14.124179
41727,0.18333334
41728,10.204459
41729,8.939106
41730,6.3024993
41731,1.4350414
41732,9.42178
41733,10.585038
41734,0.20486516
41735,8.456723
41736,7.15
41737,2.2916236
41738,8.773845
41739,7.809894
41740,6.7950573
41741,9.685676
41742,8.693475
41743,0.68847346
41744,8.554647
41745,2.2
41746,5.571834
41747,9.475589
41748,7.669664
41749,7.7307863
41750,9.027352
41751,4.8103814
41752,3.3988314
41753,0.010784466
41754,0.11550584
41755,5.133333
41756,30.381205
41757,16.262722
41758,8.571483
41759,8.636609
41760,2.1136525
41761,4.659279
41762,0.55
41763,8.50049
41764,6.428115
41765,14.277476
41766,3.5812302
41767,9.070302
41768,9.511645
41769,17.967136
41770,11.298663
41771,6.0892897
41772,19.616655
41773,3.1351094
41774,3.9371731
41775,2.2
41776,6.3368483
41777,13.846263
41778,2.9467661
41779,0.60482025
41780,0.3316879
41781,3.7111278
41782,3.1165597
41783,8.179499
41784,9.724687
41785,3.3688076
41786,4.461558
41787,8.65272
41788,11.711305
41789,9.520497
41790,18.416056
41791,0.020954294
41792,5.657659
41793,8.985964
41794,0.58449894
41795,0.07918675
41796,7.165162
41797,10.816685
41798,8.47311
41799,3.9712434
41800,3.8274047
41801,6.905684
41802,1.9526798
41803,6.125006
41804,10.086528
41805,18.329647
41806,1.6789677
41807,14.651418
41808,8.0002165
41809,0.37702712
41810,9.043631
41811,1.3466438
41812,7.5539603
41813,9.472306
41814,1.7021657
41815,6.056063
41816,9.882752
41817,9.824864
41818,2.2
41819,9.813397
41820,8.258094
41821,8.475414
41822,10.627897
41823,4.766667
41824,2.0364363
41825,18.569109
41826,6.8806334
41827,9.915344
41828,9.495853
41829,8.963991
41830,7.983137
41831,8.63049
41832,8.080745
41833,8.540798
41834,3.234728
41835,1.8043361
41836,4.0965323
41837,2.7380548
41838,0.35026872
41839,3.8128936
41840,5.8006845
41841,6.7198744
41842,0.36666667
41843,1.65
41844,7.485543
41845,8.528749
41846,4.3104014
41847,8.559177
41848,8.641489
41849,9.782864
41850,9.762502
41851,7.654595
41852,1.7726182
41853,7.2499905
41854,20.229315
41855,4.847456
41856,7.883333
41857,23.62253
41858,7.4460983
41859,3.8119397
41860,0.18697579
41861,3.8585582
41862,8.69162
41863,11.064474
41864,7.491088
41865,9.440963
41866,9.21111
41867,20.62889
41868,3.075695
41869,3.5988095
41870,9.639596
41871,8.484054
41872,9.587234
41873,6.12591
41874,2.2
41875,2.0166667
41876,13.924392
41877,7.2844267
41878,8.457326
41879,0.34287778
41880,9.74966
41881,8.112295
41882,0.856042
41883,3.4833333
41884,4.8345246
41885,5.133333
41886,2.4734578
41887,2.8140864
41888,7.1509204
41889,9.21832
41890,5.0823054
41891,4.3734794
41892,4.857707
41893,2.8381827
41894,7.8610406
41895,4.905963
41896,3.030666
41897,21.757288
41898,7.9649296
41899,10.19133
41900,15.2061615
41901,9.432483
41902,10.944011
41903,4.142953
41904,3.9268339
41905,5.4562654
41906,10.18948
41907,9.994737
41908,9.294303
41909,0.36666667
41910,8.181128
41911,3.2017717
41912,3.4356117
41913,1.9292675
41914,2.2469842
41915,3.6939611
41916,5.357831
41917,3.283835
41918,9.286165
41919,8.884597
41920,9.198238
41921,4.5505605
41922,3.7659721
41923,9.624444
41924,9.485048
41925,3.700972
41926,3.6330783
41927,12.035618
41928,10.690293
41929,4.1555476
41930,24.286673
41931,16.693415
41932,7.3586946
41933,8.103609
41934,1.2692292
41935,9.725747
41936,7.825088
41937,9.062489
41938,6.520621
41939,9.156545
41940,19.029713
41941,0.846537
41942,15.432493
41943,8.759538
41944,15.725399
41945,2.6950202
41946,6.675435
41947,4.231548
41948,9.130947
41949,7.7791615
41950,7.850384
41951,8.42123
41952,7.7194223
41953,7.6565747
41954,7.859533
41955,6.357297
41956,8.313076
41957,1.8333334
41958,17.060385
41959,6.4373736
41960,9.581281
41961,8.565521
41962,8.8337345
41963,8.222605
41964,9.781472
41965,7.965788
41966,10.899207
41967,9.064595
41968,8.103143
41969,0.14706452
41970,9.994101
41971,5.9883914
41972,2.5158086
41973,0.3444295
41974,7.6087594
41975,1.0171176
41976,4.343263
41977,2.6184955
41978,29.577658
41979,3.5141149
41980,9.1306925
41981,8.058532
41982,6.6116805
41983,9.511073
41984,8.261562
41985,5.8468413
41986,5.2733583
41987,10.248869
41988,7.972344
41989,8.413546
41990,1.2335541
41991,7.742452
41992,9.1077
41993,3.233378
41994,3.1826894
41995,22.023249
41996,2.7870975
41997,3.1246822
41998,10.688743
41999,8.413489
42000,11.068392
42001,9.271773
42002,10.098487
42003,9.770736
42004,9.478259
42005,8.915877
42006,0.014416379
42007,18.374317
42008,3.7683809
42009,4.27502
42010,0.3515005
42011,5.2663565
42012,4.587793
42013,10.517239
42014,8.850256
42015,9.854874
42016,7.2225423
42017,7.8693867
42018,10.871816
42019,4.712931
42020,14.909713
42021,8.581606
42022,8.771794
42023,8.354045
42024,7.95118
42025,8.9475155
42026,11.611652
42027,3.463411
42028,2.2
42029,2.2627351
42030,1.2410007
42031,7.7
42032,9.4842615
42033,4.4095516
42034,2.28951
42035,10.8197
42036,4.253641
42037,4.122798
42038,11.011388
42039,8.011683
42040,10.495131
42041,9.847404
42042,13.001348
42043,1.0354362
42044,23.472383
42045,7.667748
42046,5.133333
42047,5.4913607
42048,1.2398163
42049,3.9311492
42050,4.5431294
42051,9.831827
42052,19.644793
42053,8.701189
42054,9.943469
42055,2.6521525
42056,4.596535
42057,10.585962
42058,7.432295
42059,20.810232
42060,5.7556634
42061,10.246659
42062,10.840711
42063,30.396126
42064,3.2713811
42065,8.950543
42066,8.589475
42067,7.917356
42068,0.7769427
42069,8.964079
42070,5.5984573
42071,1.9998708
42072,11.564604
42073,10.378757
42074,11.536599
42075,1.2833333
42076,16.406116
42077,1.0971147
42078,13.219991
42079,4.6245728
42080,9.7866125
42081,10.017928
42082,8.998704
42083,2.8685577
42084,7.018192
42085,10.971927
42086,8.390745
42087,10.378615
42088,10.816667
42089,18.308113
42090,15.638757
42091,14.759136
42092,2.7258399
42093,6.278148
42094,3.2330358
42095,9.385729
42096,0.7926782
42097,7.64393
42098,20.39959
42099,0.36666667
42100,2.2
42101,13.182506
42102,7.5336375
42103,10.288357
42104,9.621039
42105,9.888005
42106,1.0543505
42107,14.225317
42108,4.5861716
42109,0.052674603
42110,8.500075
42111,5.6676545
42112,4.1329303
42113,27.5
42114,4.6618786
42115,4.3346643
42116,1.7292424
42117,9.33563
42118,3.1942604
42119,3.209138
42120,15.806102
42121,7.256063
42122,9.570025
42123,6.5973763
42124,0.74419975
42125,7.982366
42126,8.292627
42127,11.602552
42128,10.321793
42129,19.235495
42130,1.3577304
42131,5.2134347
42132,0.41838485
42133,8.491685
42134,8.87502
42135,8.894301
42136,6.4191184
42137,0.41128793
42138,8.729799
42139,8.60493
42140,9.216303
42141,0.9166667
42142,6.646283
42143,9.272432
42144,9.487906
42145,4.684027
42146,3.9106054
42147,8.655198
42148,9.191857
42149,18.716175
42150,6.727783
42151,2.9333334
42152,5.192184
42153,0.55
42154,19.57349
42155,6.947916
42156,7.8621464
42157,15.556981
42158,7.809465
42159,10.624234
42160,6.9844484
42161,19.12244
42162,7.423672
42163,0.9079774
42164,3.9640987
42165,0.11753242
42166,3.9998927
42167,19.295767
42168,6.6779203
42169,10.597674
42170,9.761231
42171,8.251484
42172,0.18663406
42173,3.3744814
42174,3.4801402
42175,5.2069035
42176,4.425072
42177,7.6853127
42178,9.21866
42179,2.9333334
42180,5.384637
42181,12.019531
42182,7.149593
42183,8.203943
42184,3.5815797
42185,5.1810822
42186,9.342257
42187,8.487748
42188,10.003749
42189,6.1009493
42190,9.64705
42191,0.8093517
42192,0.27148893
42193,7.330202
42194,10.813349
42195,2.2471821
42196,0.18057029
42197,7.1433463
42198,8.256125
42199,2.1257958
42200,6.638941
42201,7.6814423
42202,8.03659
42203,1.8333334
42204,7.7
42205,7.5570126
42206,17.14679
42207,0.84624285
42208,3.662515
42209,1.9235932
42210,6.7315187
42211,9.743875
42212,8.498042
42213,8.637246
42214,9.231241
42215,2.7038493
42216,4.578956
42217,9.480532
42218,10.03201
42219,5.481474
42220,16.220556
42221,8.788172
42222,2.6291525
42223,4.4883885
42224,11.495225
42225,7.9294767
42226,7.705458
42227,17.884636
42228,19.203585
42229,0.18333334
42230,16.24017
42231,0.3499746
42232,6.8372073
42233,6.9236593
42234,9.163876
42235,2.0166667
42236,5.6833334
42237,13.100688
42238,8.7100525
42239,7.9949393
42240,9.242153
42241,7.841165
42242,9.284384
42243,9.059389
42244,9.594217
42245,6.0518904
42246,8.254163
42247,3.1450744
42248,5.215144
42249,0.6193638
42250,23.776112
42251,2.4809358
42252,2.2
42253,11.75189
42254,8.6760435
42255,6.52186
42256,0.6940921
42257,20.279036
42258,1.7359657
42259,5.1868916
42260,2.6213567
42261,3.361416
42262,10.083333
42263,7.2161283
42264,9.985781
42265,1.0045528
42266,7.41059
42267,8.342814
42268,6.8946447
42269,10.999324
42270,11.159515
42271,3.459732
42272,0.20105045
42273,6.256001
42274,17.470423
42275,4.0737314
42276,5.5698714
42277,17.145428
42278,10.22176
42279,10.685872
42280,9.639661
42281,9.080744
42282,13.706089
42283,10.029531
42284,10.724697
42285,9.015608
42286,8.118192
42287,3.0958092
42288,0.9166667
42289,5.494508
42290,10.195216
42291,4.0074267
42292,5.2581706
42293,8.947508
42294,5.3347034
42295,11.472178
42296,9.888673
42297,6.581839
42298,3.4924104
42299,5.565477
42300,4.259515
42301,9.796976
42302,16.069159
42303,2.147468
42304,1.0349432
42305,6.3016257
42306,6.898778
42307,9.512465
42308,8.311574
42309,9.275413
42310,8.109554
42311,16.412302
42312,0.6163438
42313,2.9452639
42314,3.4995081
42315,9.2747135
42316,0.13488133
42317,8.778398
42318,5.6297784
42319,4.3420553
42320,8.25
42321,1.1015894
42322,4.0867567
42323,5.8702393
42324,9.55062
42325,7.194281
42326,5.4923854
42327,2.0146766
42328,6.8031306
42329,4.891039
42330,5.691187
42331,10.363644
42332,6.9666667
42333,16.812517
42334,7.675441
42335,3.219573
42336,4.269441
42337,4.349296
42338,4.366716
42339,2.059436
42340,4.6855845
42341,2.1250088
42342,4.766667
42343,0.67102915
42344,4.2229257
42345,3.3938408
42346,8.2636595
42347,2.9402893
42348,3.696887
42349,4.136697
42350,5.5450754
42351,4.815657
42352,4.0401297
42353,10.186894
42354,8.947404
42355,6.6049743
42356,6.476721
42357,1.4808335
42358,9.404946
42359,9.470884
42360,9.741388
42361,16.842762
42362,7.252233
42363,0.37799677
42364,12.873545
42365,3.6942565
42366,22.111458
42367,6.3653235
42368,3.85
42369,4.768952
42370,8.43292
42371,9.567021
42372,1.65
42373,17.198364
42374,6.5944905
42375,0.29481253
42376,7.053947
42377,9.524752
42378,9.63242
42379,8.251372
42380,12.333004
42381,0.7809241
42382,8.142844
42383,11.274911
42384,0.8324464
42385,3.3920367
42386,3.503235
42387,6.342085
42388,8.086332
42389,2.0166667
42390,15.397247
42391,2.0491045
42392,4.527361
42393,8.632032
42394,7.7646503
42395,8.905212
42396,8.343094
42397,18.345348
42398,1.2580155
42399,6.4166665
42400,10.670633
42401,7.219091
42402,3.4833333
42403,5.5581727
42404,9.175754
42405,1.1
42406,7.1954894
42407,0.8302131
42408,8.512736
42409,9.550492
42410,20.692793
42411,7.867748
42412,5.7590957
42413,12.570364
42414,7.4421253
42415,7.6683035
42416,10.644009
42417,6.432121
42418,9.379108
42419,10.017768
42420,8.397929
42421,9.583362
42422,7.8395443
42423,10.8314905
42424,6.463608
42425,9.946523
42426,1.65
42427,7.4684534
42428,9.286269
42429,8.306575
42430,7.45612
42431,9.474755
42432,10.511487
42433,7.480956
42434,10.03399
42435,1.6186551
42436,8.7821245
42437,3.3177376
42438,12.5241585
42439,3.8618326
42440,5.1216526
42441,3.9359894
42442,3.5487015
42443,9.150904
42444,7.7756968
42445,10.401211
42446,8.149966
42447,10.08962
42448,8.7963505
42449,11.414075
42450,8.037051
42451,10.0423975
42452,6.7629657
42453,0.9166667
42454,7.892314
42455,4.0673018
42456,1.0639349
42457,3.133694
42458,0.09043218
42459,6.008243
42460,1.4666667
42461,21.723612
42462,7.3555784
42463,18.3525
42464,4.2166667
42465,12.939897
42466,7.3333335
42467,9.89859
42468,6.974299
42469,10.639787
42470,28.973913
42471,6.4826007
42472,1.2025833
42473,0.050663948
42474,8.570036
42475,8.820965
42476,5.224236
42477,3.0186656
42478,8.305552
42479,9.87405
42480,10.988247
42481,1.8333334
42482,1.2776681
42483,5.8477874
42484,38.3859
42485,4.6972756
42486,10.171032
42487,8.756536
42488,5.3985515
42489,6.2300367
42490,2.7566833
42491,6.4851127
42492,0.40663087
42493,11.027032
42494,3.8243456
42495,14.307802
42496,8.668955
42497,9.584056
42498,4.817835
42499,0.55
42500,16.24825
42501,9.499408
42502,22.559929
42503,9.133077
42504,16.239851
42505,9.735339
42506,10.030343
42507,23.11004
42508,8.579016
42509,8.7693615
42510,6.6166315
42511,5.8556714
42512,12.907259
42513,1.3761919
42514,5.595494
42515,11.725864
42516,2.9333334
42517,6.4037
42518,6.2547693
42519,1.4152684
42520,6.3433013
42521,5.9381633
42522,4.2166667
42523,6.212783
42524,10.017539
42525,8.604087
42526,7.8667083
42527,11.900544
42528,8.885327
42529,8.328224
42530,9.204577
42531,10.46338
42532,10.420625
42533,9.897884
42534,9.517304
42535,16.685795
42536,1.5195291
42537,0.8686542
42538,5.1840143
42539,4.729009
42540,9.573897
42541,8.882967
42542,9.086377
42543,6.8538275
42544,0.90666616
42545,10.487779
42546,2.722295
42547,4.3468556
42548,0.86964786
42549,8.003823
42550,8.239269
42551,8.063452
42552,9.467388
42553,9.059396
42554,9.386063
42555,8.500236
42556,4.562625
42557,5.0361238
42558,8.4967
42559,5.866667
42560,4.420591
42561,9.508586
42562,0.9302218
42563,2.7492204
42564,3.3127944
42565,11.579204
42566,0.0076532355
42567,0.9166667
42568,8.31751
42569,11.37456
42570,10.103027
42571,16.629786
42572,1.8333334
42573,14.496676
42574,2.258078
42575,34.4702
42576,8.726716
42577,4.3175306
42578,10.613012
42579,9.961447
42580,17.064072
42581,3.0634801
42582,1.0459423
42583,8.046278
42584,1.112175
42585,0.2079805
42586,4.854425
42587,2.9285986
42588,0.8980195
42589,8.742739
42590,8.187859
42591,7.57645
42592,15.786813
42593,9.881346
42594,34.315735
42595,1.4666667
42596,50.551918
42597,4.9012027
42598,2.5666666
42599,16.39379
42600,7.3596067
42601,1.9577744
42602,6.470363
42603,7.987191
42604,3.0953887
42605,4.8888288
42606,19.80356
42607,6.8181205
42608,6.582595
42609,6.3720226
42610,9.499216
42611,10.590808
42612,9.887791
42613,7.670093
42614,0.73333335
42615,10.150021
42616,7.1313624
42617,7.3502865
42618,9.887758
42619,7.926416
42620,17.261744
42621,4.0333333
42622,14.241288
42623,3.6292796
42624,11.872833
42625,7.6311283
42626,10.099626
42627,7.234717
42628,6.2414255
42629,1.1993567
42630,3.0191503
42631,3.659939
42632,10.24282
42633,8.945115
42634,5.866667
42635,11.919308
42636,7.715114
42637,18.560066
42638,7.8246684
42639,10.124208
42640,0.19655228
42641,9.289194
42642,7.8315005
42643,3.4321945
42644,5.0124645
42645,16.733828
42646,7.799856
42647,8.1774235
42648,7.9357777
42649,1.8333334
42650,8.175724
42651,7.8609934
42652,5.9789176
42653,2.7280018
42654,15.64591
42655,9.5064335
42656,4.0333333
42657,6.067094
42658,14.964557
42659,2.4163167
42660,14.768321
42661,2.0150344
42662,3.7928584
42663,6.6432724
42664,7.7840405
42665,6.62342
42666,7.8785734
42667,0.81961155
42668,8.229748
42669,2.0166667
42670,7.3839517
42671,0.4082521
42672,4.5719304
42673,3.737649
42674,9.942388
42675,8.355833
42676,7.9150586
42677,3.3121905
42678,4.569753
42679,9.855277
42680,8.861233
42681,13.016666
42682,2.799456
42683,10.711661
42684,10.437156
42685,15.216666
42686,5.1074343
42687,9.087555
42688,2.6856973
42689,14.931243
42690,8.236925
42691,8.909941
42692,10.413631
42693,39.82694
42694,3.9395728
42695,14.360632
42696,2.4914026
42697,9.710702
42698,8.065256
42699,8.384378
42700,9.667764
42701,8.209634
42702,8.76364
42703,4.1323338
42704,3.8674667
42705,10.196774
42706,10.361679
42707,7.5122204
42708,6.945658
42709,20.016329
42710,10.54787
42711,20.477758
42712,2.1260424
42713,3.533618
42714,10.152013
42715,8.248998
42716,10.83726
42717,11.129262
42718,9.2977705
42719,7.2953143
42720,18.409826
42721,30.308393
42722,5.88437
42723,7.9398956
42724,13.175764
42725,5.1296782
42726,2.0166667
42727,7.056299
42728,9.361863
42729,8.698836
42730,4.0355444
42731,5.9057565
42732,6.846165
42733,11.338544
42734,8.497762
42735,18.218754
42736,3.815858
42737,2.9333334
42738,11.106325
42739,17.880932
42740,9.201998
42741,3.3
42742,4.2437005
42743,3.85
42744,5.813584
42745,31.411133
42746,7.466149
42747,8.458082
42748,9.001233
42749,5.57088
42750,1.6633354
42751,9.505843
42752,9.453375
42753,9.860834
42754,7.7709827
42755,6.927378
42756,2.9219787
42757,4.973809
42758,0.033259388
42759,17.14967
42760,2.2
42761,27.222933
42762,5.902791
42763,8.819937
42764,16.884304
42765,7.4679136
42766,8.371339
42767,1.4666667
42768,8.8
42769,7.36862
42770,8.4944105
42771,7.971469
42772,9.0814905
42773,8.534941
42774,9.9782715
42775,7.6042724
42776,8.189211
42777,1.4666667
42778,8.166711
42779,3.598086
42780,4.698077
42781,2.9438736
42782,0.9360712
42783,3.7998602
42784,20.208858
42785,5.552379
42786,15.141443
42787,8.929982
42788,19.714022
42789,7.878725
42790,18.763264
42791,6.5527997
42792,7.5900574
42793,3.3713892
42794,5.6802664
42795,5.411315
42796,4.3451867
42797,9.15611
42798,6.175923
42799,4.6979833
42800,3.112356
42801,9.240338
42802,1.4840844
42803,3.7760262
42804,4.525947
42805,8.2416525
42806,9.7845545
42807,10.092204
42808,9.687598
42809,9.676824
42810,16.293114
42811,7.8154497
42812,7.63197
42813,16.018549
42814,7.2974043
42815,8.61527
42816,2.1271703
42817,2.3833334
42818,12.381807
42819,10.304291
42820,9.332556
42821,0.28896332
42822,8.785876
42823,6.233333
42824,6.05
42825,11.805917
42826,10.6637
42827,18.362295
42828,8.063506
42829,9.413561
42830,0.9166667
42831,11.116504
42832,10.487294
42833,38.030273
42834,6.801979
42835,5.3166666
42836,11.737142
42837,3.381149
42838,0.73333335
42839,2.907801
42840,9.298468
42841,7.546218
42842,6.905484
42843,2.499644
42844,8.480032
42845,9.570694
42846,0.19900005
42847,9.890047
42848,7.2468276
42849,10.699687
42850,10.693455
42851,8.172075
42852,9.75279
42853,4.7973633
42854,12.718082
42855,8.564933
42856,8.01603
42857,0.53288144
42858,5.1741843
42859,4.5678935
42860,0.78756815
42861,19.985352
42862,7.1110086
42863,9.312773
42864,17.019938
42865,20.421553
42866,17.236843
42867,8.838543
42868,7.4628124
42869,6.6191907
42870,9.302363
42871,6.540617
42872,19.53667
42873,7.2658157
42874,10.657929
42875,9.438627
42876,9.790014
42877,5.540339
42878,3.4706824
42879,39.72815
42880,3.669959
42881,18.909155
42882,6.5895734
42883,8.425574
42884,8.8687315
42885,1.6059424
42886,4.181571
42887,3.952183
42888,0.08166247
42889,4.0374384
42890,9.468868
42891,8.570826
42892,9.469951
42893,7.235182
42894,0.20318337
42895,5.9551654
42896,14.2515
42897,14.909705
42898,1.7757457
42899,0.9420909
42900,3.862297
42901,6.881862
42902,6.936561
42903,8.114837
42904,8.90143
42905,9.100991
42906,6.575595
42907,0.67222667
42908,9.503129
42909,8.193085
42910,6.890714
42911,0.25406373
42912,1.4666667
42913,6.962011
42914,3.7725728
42915,3.1025705
42916,0.64993286
42917,10.969195
42918,7.2874117
42919,7.844542
42920,3.85
42921,4.821252
42922,2.2
42923,6.3193955
42924,5.866667
42925,11.534282
42926,8.299367
42927,8.008344
42928,0.73333335
42929,6.9658494
42930,1.597302
42931,3.8113678
42932,7.15
42933,0.5733526
42934,6.961247
42935,9.9546175
42936,8.120218
42937,7.619921
42938,2.3202431
42939,7.0488873
42940,9.763112
42941,7.1729045
42942,14.610578
42943,2.8533003
42944,8.009984
42945,6.361861
42946,9.533334
42947,0.039951067
42948,5.393394
42949,7.4266376
42950,7.220696
42951,5.1453147
42952,9.788159
42953,5.655544
42954,9.533334
42955,6.365957
42956,7.317229
42957,8.004334
42958,3.1699426
42959,2.910983
42960,1.3988037
42961,8.589978
42962,6.9656763
42963,8.24857
42964,8.1052265
42965,7.9343653
42966,3.4886296
42967,2.7704768
42968,8.414896
42969,3.5353136
42970,6.9360075
42971,4.7568793
42972,8.26125
42973,7.778239
42974,3.0771308
42975,4.3825784
42976,6.857668
42977,8.244547
42978,3.4035258
42979,4.623793
42980,4.018462
42981,3.1625178
42982,8.996877
42983,0.18259987
42984,6.472633
42985,6.256689
42986,7.60891
42987,3.9224355
42988,3.0845945
42989,4.3562264
42990,3.725927
42991,7.905092
42992,7.0316415
42993,7.9626236
42994,8.051661
42995,0.11751691
42996,7.8782406
42997,7.664226
42998,11.366667
42999,20.2549
43000,6.8380146
43001,7.9453807
43002,8.112937
43003,15.481059
43004,7.5243726
43005,8.9404545
43006,7.2828145
43007,6.842994
43008,7.122557
43009,14.644321
43010,10.78998
43011,2.820925
43012,8.491343
43013,5.250814
43014,3.6957383
43015,2.9089048
43016,0.7004359
43017,8.429338
43018,6.197585
43019,12.1
43020,5.395987
43021,9.069419
43022,5.9721923
43023,6.631676
43024,0.90006626
43025,5.6141467
43026,7.6206727
43027,6.8345857
43028,8.04798
43029,6.1908026
43030,17.789576
43031,6.2214823
43032,4.8868594
43033,2.4651644
43034,12.642637
43035,4.294006
43036,1.4133788
43037,6.891989
43038,7.8827486
43039,7.7700796
43040,7.2936254
43041,7.4732695
43042,6.9836574
43043,9.660646
43044,6.6488442
43045,16.419954
43046,5.6320834
43047,7.920259
43048,0.8816236
43049,5.7834496
43050,0.5782192
43051,6.792971
43052,0.51435155
43053,0.15528758
43054,5.867897
43055,7.920579
43056,7.7091575
43057,6.519442
43058,7.497117
43059,5.1483183
43060,3.4922016
43061,0.4057444
43062,7.4488645
43063,7.620779
43064,3.931796
43065,1.6899079
43066,9.752023
43067,6.493164
43068,7.116107
43069,4.087191
43070,10.759043
43071,6.2148714
43072,17.312767
43073,2.3289902
43074,17.99357
43075,1.0536727
43076,1.300253
43077,3.6904206
43078,1.7858174
43079,5.551126
43080,6.0181074
43081,7.7130146
43082,6.015452
43083,6.9483814
43084,6.5714498
43085,7.733113
43086,9.721403
43087,2.7407918
43088,4.3832793
43089,3.893413
43090,4.0695043
43091,3.7211146
43092,3.3278618
43093,8.358258
43094,7.87952
43095,14.764294
43096,8.733298
43097,5.9187913
43098,15.327595
43099,1.3470851
43100,5.2173657
43101,1.799363
43102,3.8238063
43103,1.3011011
43104,7.951503
43105,0.5209873
43106,0.36666667
43107,7.1791525
43108,6.991205
43109,6.919776
43110,25.169598
43111,0.88481003
43112,3.251464
43113,0.30604678
43114,6.9827075
43115,7.343776
43116,16.613485
43117,13.625724
43118,18.259008
43119,6.489597
43120,1.3042272
43121,6.6917353
43122,9.287217
43123,1.8333334
43124,5.706728
43125,8.051873
43126,5.430542
43127,8.303912
43128,11.306811
43129,7.219642
43130,1.6473053
43131,5.0927725
43132,7.6528177
43133,7.837965
43134,17.750887
43135,9.748974
43136,3.953477
43137,9.7446375
43138,5.92555
43139,8.902528
43140,7.154525
43141,0.3506885
43142,6.809512
43143,16.005825
43144,6.947402
43145,9.356937
43146,16.750416
43147,7.5015545
43148,8.994496
43149,6.538968
43150,9.486334
43151,15.468734
43152,2.428654
43153,4.015345
43154,9.128565
43155,4.0726557
43156,4.364941
43157,7.5842257
43158,4.9596906
43159,8.688621
43160,8.022819
43161,2.0166667
43162,4.396713
43163,7.9641957
43164,6.9986396
43165,7.380698
43166,7.1498547
43167,9.626143
43168,6.7863607
43169,6.869342
43170,6.048198
43171,7.690961
43172,6.159961
43173,5.3963346
43174,3.0490243
43175,7.1843762
43176,8.343911
43177,4.5833335
43178,11.389728
43179,7.0204287
43180,8.472589
43181,7.4991474
43182,8.88688
43183,3.916873
43184,7.0557637
43185,6.66604
43186,8.173721
43187,6.4328
43188,24.2
43189,8.308699
43190,12.767137
43191,4.628512
43192,4.100428
43193,2.8969667
43194,3.8880854
43195,9.150907
43196,6.830302
43197,7.27437
43198,6.6854124
43199,8.158885
43200,14.1514015
43201,5.1931996
43202,0.59446055
43203,5.9218698
43204,6.907308
43205,7.3156004
43206,3.461498
43207,20.224321
43208,6.4402637
43209,8.292355
43210,6.469179
43211,8.533891
43212,7.720469
43213,7.7646008
43214,0.73333335
43215,6.235542
43216,6.9548616
43217,0.55
43218,14.604187
43219,6.832595
43220,1.65
43221,7.05993
43222,6.879703
43223,7.1254888
43224,5.773933
43225,22.777119
43226,6.5478864
43227,10.193313
43228,6.440999
43229,0.99228996
43230,5.71485
43231,1.2968566
43232,24.799215
43233,1.5243384
43234,19.925549
43235,7.1247435
43236,7.422086
43237,8.212564
43238,2.5706499
43239,3.8326674
43240,5.5922294
43241,3.4499955
43242,13.353332
43243,7.26105
43244,7.4927015
43245,2.9329631
43246,3.8733974
43247,22.932592
43248,1.1964339
43249,4.6379666
43250,8.901397
43251,8.159283
43252,5.4810877
43253,2.0001547
43254,4.1923876
43255,4.1484466
43256,9.383191
43257,13.314243
43258,0.91553795
43259,3.00008
43260,3.506159
43261,7.7660947
43262,6.4107065
43263,3.660672
43264,22.296253
43265,2.2020392
43266,3.494593
43267,10.796937
43268,23.11814
43269,2.394211
43270,11.93942
43271,1.6315095
43272,0.27062362
43273,4.0460534
43274,31.777418
43275,5.4889603
43276,4.2166667
43277,2.8259976
43278,16.38041
43279,1.5006964
43280,2.8736188
43281,1.3158525
43282,8.719299
43283,6.9420156
43284,5.314226
43285,3.9498947
43286,2.3073726
43287,1.8815943
43288,4.232314
43289,33.819683
43290,3.417988
43291,1.2474906
43292,6.2645364
43293,8.98023
43294,1.0948691
43295,3.4821258
43296,3.717625
43297,3.189316
43298,3.378017
43299,0.29472098
43300,8.128162
43301,8.709249
43302,6.8978257
43303,11.9225855
43304,12.338678
43305,6.887205
43306,8.066247
43307,8.571645
43308,7.00184
43309,9.05518
43310,7.8080463
43311,8.13687
43312,7.7953424
43313,1.1903127
43314,3.1024683
43315,3.0899272
43316,0.18624608
43317,10.393118
43318,8.643406
43319,4.1548924
43320,4.3809466
43321,10.709071
43322,6.05
43323,11.534373
43324,6.532381
43325,8.102185
43326,9.184949
43327,16.126087
43328,8.0506525
43329,14.3390255
43330,2.0166667
43331,2.8162453
43332,7.9312816
43333,4.3468757
43334,3.3116794
43335,9.59294
43336,11.926947
43337,2.4192631
43338,4.361451
43339,3.3103664
43340,8.317294
43341,6.9087586
43342,4.135763
43343,9.455317
43344,4.144408
43345,7.5703015
43346,7.558619
43347,9.187893
43348,7.4753976
43349,16.334068
43350,8.627425
43351,7.4610767
43352,13.966195
43353,7.6524405
43354,7.5455637
43355,3.2072728
43356,0.22196332
43357,3.527149
43358,4.5145874
43359,6.161314
43360,8.532815
43361,7.0687804
43362,9.259671
43363,8.783467
43364,7.2658386
43365,3.0897462
43366,3.293693
43367,9.2737465
43368,7.0188465
43369,2.2370017
43370,5.3753295
43371,26.766666
43372,7.3116803
43373,8.825282
43374,8.131757
43375,0.3877093
43376,5.8223634
43377,6.9067354
43378,8.700068
43379,6.7707715
43380,8.536984
43381,8.042169
43382,1.141971
43383,6.658391
43384,0.25240234
43385,7.618196
43386,6.5394864
43387,3.85
43388,2.922529
43389,8.297902
43390,7.320767
43391,3.7924461
43392,4.1380267
43393,0.591863
43394,4.2066836
43395,2.129644
43396,2.7636154
43397,3.7463248
43398,16.262373
43399,6.793277
43400,6.428046
43401,7.5713706
43402,16.479103
43403,5.729022
43404,2.0908198
43405,4.8902993
43406,8.582407
43407,6.2586884
43408,16.4721
43409,4.414424
43410,8.476769
43411,4.2166667
43412,4.41884
43413,1.5445542
43414,6.4319816
43415,4.399443
43416,3.2137854
43417,7.28846
43418,8.093126
43419,7.0237665
43420,1.6419975
43421,24.890417
43422,5.2463784
43423,0.27453938
43424,9.285218
43425,6.9361706
43426,2.4904332
43427,3.359227
43428,6.994817
43429,7.9151936
43430,7.0344057
43431,5.791566
43432,4.4682355
43433,4.0080323
43434,7.564416
43435,6.7262964
43436,9.264645
43437,0.29468185
43438,3.3
43439,3.8960876
43440,3.85
43441,7.329249
43442,11.329455
43443,3.7099543
43444,1.1667056
43445,6.245085
43446,7.219065
43447,2.748172
43448,2.9427104
43449,1.2833333
43450,5.463862
43451,0.5891871
43452,0.055242114
43453,7.5732465
43454,7.852711
43455,7.0588756
43456,7.9273906
43457,7.6862326
43458,6.8259
43459,6.2328663
43460,15.014385
43461,2.9714441
43462,3.560397
43463,15.53395
43464,0.55
43465,4.549232
43466,7.6821594
43467,0.18333334
43468,7.142581
43469,6.28778
43470,7.4221888
43471,6.0454884
43472,12.401762
43473,4.9402833
43474,1.0050125
43475,0.9389985
43476,3.006681
43477,1.9584783
43478,15.902035
43479,5.485985
43480,1.9867998
43481,4.8200946
43482,5.6235657
43483,4.5833335
43484,16.871874
43485,6.2421536
43486,7.5314374
43487,5.987285
43488,8.419712
43489,7.1019926
43490,7.783307
43491,6.962868
43492,8.291239
43493,1.7852682
43494,4.9824443
43495,3.505287
43496,3.7028003
43497,6.808756
43498,0.97228485
43499,2.179873
43500,3.031009
43501,3.312042
43502,3.7720485
43503,8.925429
43504,8.6493225
43505,9.008197
43506,23.176151
43507,5.189813
43508,6.1198187
43509,4.535818
43510,3.5185537
43511,8.491901
43512,5.3834853
43513,2.9045727
43514,4.5612044
43515,7.257947
43516,8.066167
43517,6.371658
43518,6.7046294
43519,4.089764
43520,11.358224
43521,7.029138
43522,6.238845
43523,6.894281
43524,7.5248075
43525,8.931134
43526,2.4297757
43527,5.842162
43528,6.752516
43529,7.832045
43530,7.297472
43531,6.8775706
43532,28.580637
43533,7.498734
43534,4.592046
43535,12.446858
43536,7.025045
43537,7.668813
43538,7.1931934
43539,8.4413395
43540,8.428539
43541,5.017761
43542,1.6432277
43543,8.722864
43544,6.610278
43545,3.1458547
43546,11.772691
43547,6.102872
43548,6.191754
43549,15.665303
43550,5.228418
43551,2.69963
43552,4.2197194
43553,0.81908476
43554,2.2
43555,4.5833335
43556,16.36758
43557,6.5884113
43558,7.3310494
43559,4.95
43560,12.581266
43561,4.2850676
43562,4.95
43563,13.177271
43564,4.0333333
43565,10.265591
43566,0.43401727
43567,7.769702
43568,8.98325
43569,13.8254595
43570,2.108708
43571,7.9431815
43572,1.5420202
43573,0.9107449
43574,3.8601217
43575,8.6319475
43576,0.41899624
43577,6.524249
43578,6.574645
43579,5.6920347
43580,3.4158218
43581,4.766667
43582,5.1003284
43583,8.295801
43584,6.2827964
43585,6.829659
43586,15.735716
43587,7.2070727
43588,7.167905
43589,7.520451
43590,6.513213
43591,6.972009
43592,6.4965405
43593,6.822054
43594,8.165292
43595,6.914498
43596,7.5249147
43597,8.099546
43598,15.953773
43599,6.910347
43600,6.732446
43601,7.976199
43602,6.7808533
43603,7.5091114
43604,2.8804848
43605,2.0166667
43606,1.5004468
43607,7.9981837
43608,0.19251916
43609,8.70424
43610,0.36666667
43611,6.7833333
43612,7.9670744
43613,8.417131
43614,8.205222
43615,0.18333334
43616,17.068748
43617,1.1388052
43618,4.563434
43619,7.694886
43620,7.1551027
43621,7.429546
43622,6.4721923
43623,7.5548344
43624,3.7002072
43625,3.088628
43626,3.2425294
43627,3.7106063
43628,8.535343
43629,7.401396
43630,3.7284856
43631,3.5761821
43632,2.8603575
43633,5.3301983
43634,8.81191
43635,5.8007307
43636,4.05311
43637,3.521145
43638,9.024662
43639,0.86087424
43640,0.009069799
43641,4.8976917
43642,9.915106
43643,3.8600678
43644,8.836033
43645,25.870064
43646,5.601175
43647,1.4984326
43648,3.2363245
43649,2.6290534
43650,0.064926155
43651,6.752388
43652,7.0094175
43653,6.1276164
43654,6.713246
43655,10.323955
43656,5.469577
43657,9.192623
43658,0.3852834
43659,6.6686373
43660,7.928459
43661,7.915912
43662,8.116376
43663,6.0912995
43664,3.844635
43665,7.109781
43666,8.074407
43667,1.3294084
43668,7.071658
43669,7.0755296
43670,6.5640545
43671,0.9166667
43672,7.011225
43673,2.9333334
43674,5.262086
43675,7.724772
43676,8.225327
43677,6.3893595
43678,7.614449
43679,7.5258203
43680,4.1774054
43681,3.7538567
43682,8.4414
43683,1.9819924
43684,13.933333
43685,6.4576125
43686,7.524705
43687,8.613203
43688,7.363869
43689,8.346519
43690,7.128139
43691,6.188612
43692,13.48417
43693,5.2920837
43694,16.623167
43695,7.1582317
43696,3.7142143
43697,4.8279953
43698,7.235879
43699,7.968573
43700,3.3714795
43701,3.6479208
43702,7.061043
43703,8.62415
43704,5.866667
43705,1.4746293
43706,1.2833333
43707,15.53472
43708,2.9333334
43709,4.918053
43710,24.862457
43711,11.916667
43712,3.9182596
43713,0.72205836
43714,4.5819397
43715,2.7012227
43716,9.484408
43717,5.5833983
43718,9.676074
43719,6.7332153
43720,21.6833
43721,5.1464596
43722,0.9482264
43723,9.184365
43724,15.577816
43725,4.7604074
43726,8.208629
43727,7.1322412
43728,8.672167
43729,6.6697364
43730,3.749221
43731,15.172459
43732,1.382146
43733,3.6304977
43734,2.3746665
43735,0.7502822
43736,3.6401334
43737,4.2025275
43738,9.144638
43739,13.8897505
43740,4.8290634
43741,2.5653126
43742,7.62603
43743,8.554583
43744,7.915732
43745,7.4294424
43746,0.47333157
43747,3.4833333
43748,14.321324
43749,4.766667
43750,4.9230275
43751,19.41892
43752,0.55
43753,16.082256
43754,7.009911
43755,1.2833333
43756,14.257796
43757,8.982684
43758,8.713184
43759,3.9312918
43760,5.1940136
43761,2.8784611
43762,3.532158
43763,8.308606
43764,6.936797
43765,8.051272
43766,3.0958126
43767,3.8364747
43768,8.031338
43769,6.3483152
43770,7.6982627
43771,6.9965076
43772,8.012559
43773,8.396519
43774,6.9458637
43775,6.018788
43776,6.89904
43777,14.017077
43778,5.3166666
43779,9.4978695
43780,6.005336
43781,6.2029753
43782,4.0333333
43783,14.230521
43784,4.2166667
43785,1.9644325
43786,1.6739314
43787,23.498535
43788,12.459303
43789,1.9563118
43790,5.275882
43791,1.9934063
43792,5.2834573
43793,8.903047
43794,12.833333
43795,2.645344
43796,10.56199
43797,7.9787555
43798,8.020096
43799,14.222898
43800,6.658949
43801,4.3615546
43802,3.5271347
43803,1.2833333
43804,15.337087
43805,3.021075
43806,3.1661887
43807,8.303068
43808,8.096968
43809,7.2674603
43810,6.987879
43811,7.859313
43812,7.7428503
43813,4.30271
43814,9.402293
43815,3.4523778
43816,3.8479323
43817,10.452683
43818,7.0761657
43819,5.912033
43820,7.93976
43821,1.4666667
43822,15.3882
43823,6.1427207
43824,15.984129
43825,5.671853
43826,8.292699
43827,3.4209828
43828,2.3886192
43829,0.3717472
43830,0.08565174
43831,8.083055
43832,16.360868
43833,7.1748405
43834,0.69116837
43835,6.4166665
43836,16.214355
43837,2.284633
43838,11.213285
43839,3.8294177
43840,3.1166666
43841,7.738615
43842,14.804952
43843,1.332123
43844,5.4993153
43845,9.913361
43846,2.288137
43847,3.0335083
43848,4.856438
43849,4.488118
43850,6.2808313
43851,7.750133
43852,0.9166667
43853,5.154601
43854,7.751842
43855,6.943054
43856,2.8787992
43857,4.190192
43858,8.472519
43859,4.9897017
43860,2.2631185
43861,6.906249
43862,8.554902
43863,6.4577017
43864,9.502267
43865,2.6526752
43866,3.2022195
43867,3.7363803
43868,5.650378
43869,8.092373
43870,3.3272643
43871,2.2481463
43872,9.482614
43873,7.535859
43874,6.548495
43875,6.873836
43876,6.3744655
43877,7.112075
43878,1.65
43879,4.2414594
43880,11.670833
43881,1.4240038
43882,7.2533364
43883,3.4263837
43884,2.7210662
43885,10.082595
43886,0.3593727
43887,3.33393
43888,1.7992208
43889,6.314058
43890,30.793695
43891,12.64423
43892,2.7973914
43893,12.458791
43894,2.0210717
43895,4.4072742
43896,7.2964673
43897,7.100768
43898,7.707442
43899,22.909779
43900,5.96875
43901,7.0810766
43902,7.2679157
43903,3.1166666
43904,4.7741446
43905,6.51163
43906,17.392399
43907,6.3320985
43908,7.9860826
43909,7.740924
43910,11.257509
43911,1.273416
43912,4.2260118
43913,9.228192
43914,2.7924707
43915,4.4362035
43916,9.415981
43917,8.391432
43918,9.282228
43919,7.4661183
43920,3.9372208
43921,3.46685
43922,3.9849503
43923,4.531143
43924,7.894623
43925,6.7899823
43926,5.9289794
43927,0.66705155
43928,0.8572329
43929,6.7649937
43930,7.5787067
43931,6.7833333
43932,6.4614697
43933,2.1839993
43934,1.3541571
43935,3.651557
43936,8.134083
43937,14.650386
43938,2.6663148
43939,3.956771
43940,8.280769
43941,11.183333
43942,0.5600468
43943,0.55
43944,7.442488
43945,1.6044718
43946,6.689913
43947,6.829639
43948,8.220705
43949,4.794551
43950,2.2636037
43951,8.442787
43952,1.1416231
43953,0.0024798182
43954,7.1203647
43955,6.153746
43956,1.3408122
43957,0.09259129
43958,16.262627
43959,19.80102
43960,7.4995837
43961,7.101279
43962,8.536543
43963,7.693935
43964,7.770271
43965,4.5833335
43966,4.570442
43967,4.05144
43968,2.97589
43969,3.2573838
43970,4.0016227
43971,2.8659887
43972,4.193368
43973,2.9118063
43974,4.0770907
43975,6.512449
43976,0.6487666
43977,3.2125356
43978,3.4147537
43979,4.5567694
43980,4.085187
43981,2.3048341
43982,5.8662996
43983,25.594414
43984,4.7177906
43985,3.9002697
43986,3.3156395
43987,7.6963425
43988,6.895659
43989,1.8731109
43990,2.6548858
43991,3.0986943
43992,23.473223
43993,5.725529
43994,7.4964905
43995,6.4693074
43996,17.011932
43997,7.9672933
43998,18.002352
43999,9.271269
44000,9.768107
44001,7.541798
44002,8.154054
44003,6.962045
44004,7.247469
44005,5.1636734
44006,8.525012
44007,7.2075286
44008,2.8146374
44009,0.05316417
44010,4.404828
44011,8.738481
44012,2.776882
44013,3.687063
44014,13.523182
44015,6.3286724
44016,8.925954
44017,2.4279137
44018,0.4693816
44019,5.6488867
44020,0.1772972
44021,3.3
44022,4.908192
44023,7.8154273
44024,8.727785
44025,8.262643
44026,7.0176497
44027,8.05218
44028,1.3093781
44029,6.4484334
44030,7.57752
44031,5.409513
44032,9.152295
44033,15.661682
44034,13.782192
44035,5.2589984
44036,7.7611003
44037,2.4098785
44038,0.3118152
44039,3.1270306
44040,4.1081233
44041,3.6829462
44042,4.331787
44043,10.990292
44044,9.956881
44045,20.972338
44046,2.2631037
44047,12.300368
44048,15.046995
44049,15.228478
44050,6.545465
44051,14.698083
44052,6.0297375
44053,6.2957735
44054,2.3332982
44055,5.348438
44056,1.8333334
44057,3.6816726
44058,8.116018
44059,7.7094507
44060,0.57933646
44061,5.287139
44062,1.2644376
44063,6.9755907
44064,7.77921
44065,2.853472
44066,4.1655803
44067,2.6941411
44068,5.49217
44069,15.5646105
44070,2.784081
44071,12.626615
44072,4.2647533
44073,9.353866
44074,1.8837552
44075,13.483933
44076,7.0612183
44077,16.78341
44078,6.511494
44079,7.641761
44080,7.0876975
44081,1.544255
44082,1.9460446
44083,3.6086009
44084,7.4830365
44085,0.14487822
44086,8.543536
44087,7.883244
44088,7.349901
44089,24.75
44090,0.66498345
44091,6.915144
44092,7.6029162
44093,7.415863
44094,15.03809
44095,8.769374
44096,8.92127
44097,0.3602794
44098,7.646384
44099,5.6144757
44100,6.4035625
44101,9.084197
44102,6.3155384
44103,8.583606
44104,2.1197107
44105,7.152351
44106,2.4201207
44107,12.0790205
44108,7.830118
44109,8.546552
44110,5.5900736
44111,9.712914
44112,2.310137
44113,3.3931413
44114,6.154581
44115,3.7859719
44116,9.3128605
44117,15.996243
44118,6.9800406
44119,6.505064
44120,1.2833333
44121,6.41427
44122,9.994036
44123,8.202494
44124,2.2502244
44125,4.403735
44126,17.244112
44127,6.2366304
44128,8.219906
44129,3.38479
44130,2.9142182
44131,1.8513901
44132,16.361095
44133,8.231727
44134,7.269219
44135,8.731523
44136,6.741327
44137,7.591953
44138,2.7966807
44139,5.6236744
44140,2.3833334
44141,4.29657
44142,52.47053
44143,5.3264036
44144,23.034546
44145,7.2605076
44146,10.382152
44147,9.40066
44148,9.827137
44149,9.528108
44150,2.9052627
44151,9.0490055
44152,9.75458
44153,24.40457
44154,8.679404
44155,17.944271
44156,12.418746
44157,11.526823
44158,11.914161
44159,10.862721
44160,9.996135
44161,10.702915
44162,2.5666666
44163,21.12957
44164,9.166612
44165,11.913206
44166,2.0859113
44167,8.469382
44168,3.0435061
44169,11.0
44170,2.75
44171,27.224915
44172,9.757253
44173,25.08198
44174,10.15222
44175,12.03353
44176,11.011083
44177,11.73663
44178,15.188747
44179,10.626526
44180,11.581117
44181,10.8724165
44182,8.627813
44183,11.355069
44184,2.9333334
44185,22.911165
44186,7.7937183
44187,11.065019
44188,2.4294457
44189,7.2395535
44190,7.2815413
44191,10.993017
44192,6.4166665
44193,6.9312787
44194,11.811999
44195,34.648853
44196,17.808374
44197,3.0449097
44198,9.294207
44199,21.090296
44200,19.718279
44201,10.533639
44202,14.28958
44203,25.953146
44204,20.474895
44205,9.398791
44206,19.950138
44207,9.328218
44208,10.703086
44209,11.458304
44210,20.840763
44211,2.5666666
44212,6.531556
44213,3.0937326
44214,8.234422
44215,7.901709
44216,6.715682
44217,19.06709
44218,7.07421
44219,11.702645
44220,11.403772
44221,9.688099
44222,10.213602
44223,10.198155
44224,9.385082
44225,2.7858946
44226,6.16732
44227,29.063082
44228,11.251278
44229,8.744054
44230,2.3833334
44231,19.44506
44232,8.285177
44233,6.178657
44234,3.4882097
44235,9.721108
44236,8.70841
44237,22.257578
44238,8.001009
44239,9.786287
44240,10.816667
44241,11.202931
44242,9.840634
44243,10.980951
44244,10.967163
44245,16.6897
44246,4.2166667
44247,5.193749
44248,10.738347
44249,8.776162
44250,12.4138975
44251,9.938546
44252,6.9666667
44253,1.9510585
44254,10.90181
44255,9.848448
44256,5.6833334
44257,15.060307
44258,4.766667
44259,26.30705
44260,7.9683065
44261,9.860635
44262,10.107664
44263,11.258775
44264,22.658308
44265,29.521427
44266,6.9937844
44267,9.167365
44268,13.566667
44269,57.145863
44270,3.9919221
44271,4.2490034
44272,19.567595
44273,7.5705853
44274,17.275915
44275,33.264397
44276,5.9815655
44277,11.937579
44278,7.182783
44279,2.0181997
44280,20.031336
44281,16.20559
44282,9.370858
44283,8.910313
44284,9.7968445
44285,1.7427074
44286,7.497842
44287,8.9088955
44288,1.65
44289,8.533504
44290,22.994072
44291,6.7563853
44292,10.005301
44293,7.6974626
44294,14.357897
44295,8.222632
44296,2.870533
44297,11.617025
44298,18.480701
44299,11.925327
44300,10.115121
44301,8.742214
44302,13.356461
44303,11.391601
44304,29.125576
44305,6.6833234
44306,10.838853
44307,11.720022
44308,22.41711
44309,2.1293297
44310,9.320432
44311,10.344519
44312,7.589818
44313,10.931915
44314,20.088224
44315,7.871653
44316,9.450993
44317,8.371154
44318,9.43368
44319,8.488178
44320,8.093569
44321,9.386965
44322,10.006414
44323,12.840204
44324,9.928216
44325,9.73847
44326,11.206363
44327,0.8782547
44328,5.361849
44329,2.7850997
44330,11.612506
44331,9.926345
44332,17.09983
44333,29.45855
44334,9.483537
44335,9.472291
44336,11.2249975
44337,1.65
44338,20.78352
44339,14.992185
44340,1.4843808
44341,6.7833333
44342,23.671549
44343,9.941525
44344,1.2833333
44345,19.524427
44346,10.749817
44347,10.804137
44348,0.55
44349,10.911373
44350,11.567394
44351,12.948368
44352,6.1932545
44353,12.378032
44354,9.533334
44355,12.707234
44356,7.043919
44357,7.9077363
44358,23.74082
44359,10.067717
44360,0.18333334
44361,15.804409
44362,33.159573
44363,10.70163
44364,8.613865
44365,11.462903
44366,13.41294
44367,10.016919
44368,23.959362
44369,9.564943
44370,5.9671664
44371,2.7807157
44372,14.251377
44373,14.894034
44374,9.252696
44375,11.914227
44376,2.0248625
44377,6.9483123
44378,11.192481
44379,10.638328
44380,9.121724
44381,12.345382
44382,20.510014
44383,20.860935
44384,9.474873
44385,10.185348
44386,12.150396
44387,9.077882
44388,8.135703
44389,9.200361
44390,10.649192
44391,8.860416
44392,10.21874
44393,4.0333333
44394,17.389416
44395,8.793606
44396,10.383488
44397,9.211117
44398,34.005764
44399,5.985445
44400,9.132371
44401,1.5758538
44402,8.49418
44403,9.373639
44404,8.507252
44405,3.1478412
44406,6.6250167
44407,13.431191
44408,9.191091
44409,8.7872095
44410,30.16762
44411,8.121291
44412,8.349961
44413,6.4894886
44414,10.686186
44415,10.481411
44416,0.9166667
44417,9.423413
44418,10.687046
44419,9.676072
44420,18.987114
44421,3.85
44422,2.3986766
44423,10.496089
44424,0.55
44425,8.734411
44426,10.245429
44427,18.838047
44428,0.36666667
44429,16.430723
44430,4.5011706
44431,2.0100007
44432,24.937782
44433,0.39356288
44434,14.625181
44435,1.9416279
44436,9.150453
44437,4.3421855
44438,14.1001005
44439,2.6659968
44440,19.968496
44441,9.415096
44442,10.597944
44443,4.8263073
44444,7.0665145
44445,11.4557085
44446,11.24153
44447,10.117848
44448,10.679869
44449,9.396236
44450,12.182235
44451,6.4664416
44452,2.2710698
44453,12.788269
44454,11.711345
44455,10.327364
44456,2.4920576
44457,7.169366
44458,9.905034
44459,2.8261871
44460,14.993589
44461,9.52073
44462,10.33514
44463,10.400283
44464,21.419767
44465,4.9617157
44466,14.470404
44467,10.346624
44468,10.941545
44469,10.992965
44470,20.295965
44471,10.208566
44472,9.426792
44473,25.403288
44474,1.5344223
44475,20.301607
44476,8.483239
44477,9.708379
44478,2.8047557
44479,17.415987
44480,10.215138
44481,8.956313
44482,9.747849
44483,11.312062
44484,20.069242
44485,12.506366
44486,15.94696
44487,10.507966
44488,10.647906
44489,2.2350154
44490,6.496086
44491,9.322935
44492,11.218812
44493,5.057877
44494,4.315575
44495,11.218826
44496,7.15
44497,61.45722
44498,17.5743
44499,5.564742
44500,1.6241472
44501,19.150179
44502,7.4641833
44503,11.914357
44504,9.138467
44505,11.310933
44506,10.995772
44507,22.304111
44508,9.912874
44509,1.76794
44510,3.9614573
44511,9.542267
44512,10.009078
44513,10.750452
44514,19.787525
44515,35.544197
44516,11.202732
44517,8.070137
44518,13.176971
44519,11.61464
44520,12.694108
44521,20.451216
44522,8.477291
44523,13.408861
44524,21.059143
44525,10.204342
44526,10.41656
44527,21.715431
44528,8.808043
44529,13.074464
44530,1.332402
44531,10.18418
44532,7.3333335
44533,22.768766
44534,10.177216
44535,4.8109827
44536,8.530934
44537,10.994766
44538,10.876272
44539,22.175169
44540,20.726347
44541,2.1733708
44542,5.6833334
44543,3.7415817
44544,12.813981
44545,9.9913025
44546,10.606476
44547,10.557623
44548,2.8641627
44549,7.5540543
44550,10.377671
44551,8.1856785
44552,11.128043
44553,9.613131
44554,10.300611
44555,8.839924
44556,2.0496583
44557,6.9350533
44558,0.8900564
44559,3.3
44560,6.743221
44561,2.0328496
44562,8.433926
44563,10.75485
44564,9.678921
44565,19.31115
44566,8.454031
44567,2.5404692
44568,12.96761
44569,8.33053
44570,27.367899
44571,6.2934155
44572,8.894457
44573,2.2411742
44574,6.9837976
44575,10.362852
44576,31.150372
44577,2.9333334
44578,5.029242
44579,11.497313
44580,10.2006855
44581,1.9494957
44582,14.081451
44583,8.628396
44584,11.541087
44585,39.740788
44586,5.049335
44587,4.1135287
44588,7.3333335
44589,12.521703
44590,9.180269
44591,10.466365
44592,8.855052
44593,19.801708
44594,20.375465
44595,9.605539
44596,11.621715
44597,9.931907
44598,8.905369
44599,8.507398
44600,7.599328
44601,10.858524
44602,8.228408
44603,3.7513583
44604,15.256818
44605,1.6737382
44606,6.9775715
44607,9.032939
44608,3.3198068
44609,8.996698
44610,14.974659
44611,1.0414257
44612,8.535505
44613,7.515086
44614,3.05601
44615,8.674569
44616,2.2829638
44617,7.8688726
44618,10.688504
44619,8.490312
44620,23.173555
44621,3.330429
44622,4.348768
44623,8.046667
44624,2.6167636
44625,2.283176
44626,7.690139
44627,11.090955
44628,2.0166667
44629,9.69941
44630,9.179169
44631,5.394738
44632,0.22847122
44633,2.8363333
44634,10.830337
44635,2.067407
44636,8.957599
44637,8.32175
44638,9.931537
44639,8.163572
44640,10.8741
44641,9.335082
44642,9.652522
44643,8.262342
44644,9.801205
44645,10.272053
44646,12.097148
44647,9.231263
44648,10.065093
44649,1.899653
44650,0.16866793
44651,17.231758
44652,11.781865
44653,8.156842
44654,9.531736
44655,3.9184089
44656,10.869769
44657,10.616252
44658,8.423924
44659,8.007844
44660,2.2485657
44661,7.658456
44662,2.3781195
44663,9.514438
44664,4.363074
44665,30.871653
44666,7.896955
44667,8.613984
44668,18.37499
44669,10.2922
44670,10.178553
44671,8.4636345
44672,0.18333334
44673,11.614773
44674,8.361577
44675,11.735958
44676,10.520035
44677,10.257137
44678,10.427688
44679,8.673761
44680,9.220932
44681,9.844859
44682,1.75186
44683,9.12167
44684,12.482923
44685,12.27563
44686,5.117389
44687,9.103497
44688,1.9941862
44689,8.517027
44690,10.826591
44691,1.3050503
44692,1.4391872
44693,16.565533
44694,9.750061
44695,12.347992
44696,10.982263
44697,2.5621123
44698,7.111312
44699,1.8154248
44700,7.4782777
44701,22.099922
44702,9.645885
44703,10.342863
44704,13.676616
44705,9.577924
44706,8.535533
44707,10.570169
44708,9.411454
44709,21.980059
44710,8.7467165
44711,10.760944
44712,23.480074
44713,8.303325
44714,8.217546
44715,3.271156
44716,33.908817
44717,11.505062
44718,11.117192
44719,8.294677
44720,12.197785
44721,9.719133
44722,0.6187494
44723,17.615002
44724,0.9940069
44725,8.0469055
44726,9.068316
44727,1.7633705
44728,8.069753
44729,9.085654
44730,7.273039
44731,2.0994608
44732,8.559835
44733,8.452654
44734,11.386078
44735,2.75
44736,21.250912
44737,8.876404
44738,9.210429
44739,9.730869
44740,32.89278
44741,7.7912283
44742,10.200275
44743,2.1795566
44744,18.441292
44745,7.7102594
44746,5.286894
44747,16.505215
44748,13.090755
44749,7.698789
44750,10.227336
44751,11.787321
44752,26.747595
44753,7.796975
44754,1.7997955
44755,8.687945
44756,10.876589
44757,5.3166666
44758,14.195216
44759,10.889583
44760,9.780142
44761,16.771593
44762,8.825421
44763,8.375526
44764,8.58597
44765,2.5702848
44766,10.628224
44767,10.897915
44768,19.776184
44769,0.50119555
44770,7.466978
44771,10.54883
44772,9.050211
44773,4.5833335
44774,2.501183
44775,14.087598
44776,10.07618
44777,8.078298
44778,8.932459
44779,9.878662
44780,21.70464
44781,12.95772
44782,10.282397
44783,2.4796193
44784,8.103384
44785,2.8024912
44786,6.6912313
44787,9.7465105
44788,4.6290035
44789,16.61054
44790,8.0569725
44791,9.060809
44792,10.0421915
44793,10.17087
44794,2.2333992
44795,6.2192554
44796,9.53775
44797,18.848547
44798,8.297483
44799,10.618078
44800,8.494243
44801,18.655567
44802,9.368313
44803,3.3919554
44804,15.097139
44805,11.636205
44806,9.455401
44807,19.831392
44808,8.852986
44809,2.727787
44810,15.65382
44811,22.756683
44812,14.698386
44813,1.1932851
44814,12.232756
44815,15.324118
44816,8.75187
44817,2.0555902
44818,0.66504395
44819,9.214309
44820,2.7883718
44821,6.7478952
44822,9.262256
44823,11.211104
44824,10.166195
44825,11.5497
44826,10.565519
44827,10.943398
44828,10.787142
44829,1.8737051
44830,7.671396
44831,9.889575
44832,11.43196
44833,12.495516
44834,12.239469
44835,2.906296
44836,7.9466777
44837,37.748287
44838,0.9699135
44839,3.419982
44840,12.2149515
44841,5.753623
44842,9.098981
44843,9.358181
44844,7.911616
44845,10.61886
44846,9.770301
44847,9.12224
44848,3.5046737
44849,8.894643
44850,13.921421
44851,5.763385
44852,11.153818
44853,19.769857
44854,9.799508
44855,11.5065975
44856,12.373397
44857,10.25168
44858,10.106989
44859,9.439403
44860,8.528008
44861,23.480139
44862,9.490875
44863,2.9333334
44864,6.468295
44865,9.498266
44866,9.327
44867,12.910524
44868,5.0870967
44869,2.9058053
44870,3.4833333
44871,8.577148
44872,12.515916
44873,8.779592
44874,8.608937
44875,10.839767
44876,11.002078
44877,1.9459857
44878,8.8822975
44879,9.703013
44880,6.7017474
44881,7.4349256
44882,8.234979
44883,2.373867
44884,8.691563
44885,35.305153
44886,6.646434
44887,21.816668
44888,11.55
44889,44.550503
44890,6.647985
44891,24.405163
44892,8.941318
44893,10.7883215
44894,2.7888615
44895,7.750181
44896,6.9666667
44897,3.2305858
44898,10.7490225
44899,2.9635818
44900,8.678278
44901,11.182613
44902,13.009534
44903,20.241936
44904,17.581516
44905,9.726315
44906,33.697643
44907,8.020985
44908,9.896159
44909,9.774235
44910,11.821614
44911,10.698702
44912,12.705857
44913,10.035675
44914,10.77207
44915,22.219727
44916,11.257464
44917,35.988735
44918,2.3833334
44919,29.163624
44920,7.275594
44921,11.687451
44922,8.428058
44923,10.939902
44924,9.857589
44925,10.1281
44926,9.695941
44927,10.41987
44928,5.3740606
44929,9.955235
44930,2.2532141
44931,8.930259
44932,10.205296
44933,9.390092
44934,9.236428
44935,11.27651
44936,23.57434
44937,6.052535
44938,6.790718
44939,2.6455722
44940,2.6326053
44941,16.052061
44942,8.433607
44943,9.481179
44944,10.319114
44945,8.672954
44946,10.296226
44947,10.514685
44948,20.369026
44949,11.099591
44950,11.011734
44951,19.262432
44952,8.214367
44953,10.229867
44954,12.098775
44955,3.2518706
44956,19.734303
44957,29.743448
44958,9.89857
44959,11.240813
44960,10.183124
44961,10.208291
44962,9.431549
44963,7.195645
44964,9.353227
44965,2.2481952
44966,6.086667
44967,29.66258
44968,5.6403213
44969,2.3738675
44970,8.177717
44971,9.693663
44972,8.578301
44973,2.656924
44974,7.4965158
44975,11.168241
44976,11.362446
44977,11.230059
44978,9.131418
44979,18.15
44980,14.147758
44981,8.07823
44982,3.3654242
44983,8.481214
44984,15.622509
44985,9.486225
44986,9.244918
44987,1.8333334
44988,8.925307
44989,9.540067
44990,18.025
44991,3.9905443
44992,11.4165535
44993,8.901345
44994,9.235236
44995,10.155347
44996,8.527756
44997,15.613902
44998,18.417738
44999,8.89945
45000,2.042095
45001,7.0095468
45002,9.087668
45003,9.018858
45004,10.269405
45005,2.5805767
45006,9.863934
45007,3.5522246
45008,1.0098618
45009,8.498786
45010,7.7461677
45011,19.074152
45012,8.286542
45013,10.2724905
45014,9.186706
45015,16.419823
45016,8.673722
45017,10.338878
45018,7.9352193
45019,9.351412
45020,7.9935665
45021,12.657392
45022,17.362833
45023,8.466721
45024,8.72032
45025,18.380522
45026,12.333697
45027,21.690662
45028,10.098512
45029,8.981254
45030,5.133333
45031,26.196573
45032,2.8768775
45033,9.264073
45034,14.0260315
45035,7.7146287
45036,8.023619
45037,10.025727
45038,11.089391
45039,9.56134
45040,10.301961
45041,5.2902308
45042,8.441024
45043,9.021229
45044,9.484953
45045,19.997293
45046,18.575598
45047,7.8721323
45048,12.296017
45049,11.243398
45050,9.704802
45051,11.47967
45052,22.60689
45053,6.603585
45054,9.249026
45055,11.672657
45056,3.6666667
45057,6.5069194
45058,10.622542
45059,2.5368927
45060,10.080893
45061,10.4981785
45062,11.711253
45063,17.589025
45064,8.86047
45065,7.528702
45066,3.073149
45067,5.695887
45068,10.525346
45069,5.5649805
45070,9.168321
45071,35.994816
45072,7.8802624
45073,9.730247
45074,8.873092
45075,11.987435
45076,9.485657
45077,10.154577
45078,10.631892
45079,10.505929
45080,21.12406
45081,8.702769
45082,10.411727
45083,9.230704
45084,13.132493
45085,6.9622335
45086,15.617782
45087,8.597758
45088,14.540725
45089,11.906981
45090,9.807904
45091,11.425999
45092,9.85204
45093,8.8617
45094,3.383915
45095,8.877291
45096,9.867418
45097,9.821788
45098,9.12763
45099,19.487103
45100,22.685673
45101,8.659443
45102,9.251039
45103,10.999162
45104,9.21807
45105,10.916856
45106,8.857912
45107,9.746381
45108,9.110622
45109,10.853067
45110,10.272463
45111,13.8587675
45112,6.8474483
45113,12.482325
45114,9.648893
45115,9.269464
45116,2.328502
45117,8.228647
45118,21.93773
45119,37.63901
45120,7.327384
45121,12.039344
45122,21.419474
45123,9.716166
45124,10.319843
45125,10.453267
45126,3.7662194
45127,10.037951
45128,18.830526
45129,6.2324605
45130,20.536846
45131,9.153286
45132,9.716075
45133,8.826707
45134,8.071343
45135,9.727108
45136,8.919028
45137,24.204277
45138,26.74863
45139,4.7795243
45140,9.910172
45141,1.7813708
45142,8.345949
45143,8.724887
45144,11.165578
45145,13.843099
45146,1.3600457
45147,8.394414
45148,8.546153
45149,9.862064
45150,9.467138
45151,4.5833335
45152,4.8273535
45153,2.8910372
45154,8.102231
45155,10.75909
45156,22.133484
45157,0.30283132
45158,8.801221
45159,9.336604
45160,7.516667
45161,3.208663
45162,8.259891
45163,4.5833335
45164,15.246167
45165,8.634528
45166,1.963854
45167,7.389095
45168,9.447654
45169,8.720054
45170,8.98026
45171,10.45953
45172,12.005715
45173,8.831408
45174,18.585657
45175,7.0919585
45176,32.84637
45177,9.566346
45178,21.540577
45179,8.519529
45180,12.706706
45181,11.113949
45182,8.833102
45183,11.674207
45184,8.710756
45185,23.96357
45186,5.581406
45187,14.053953
45188,9.834607
45189,11.208137
45190,7.3951755
45191,10.431529
45192,8.848561
45193,34.95304
45194,6.989904
45195,10.408706
45196,11.324923
45197,7.923856
45198,3.8598115
45199,8.245932
45200,9.97913
45201,10.475993
45202,10.534644
45203,13.930453
45204,6.3522654
45205,10.333115
45206,9.6192255
45207,37.393448
45208,7.3149056
45209,2.3354692
45210,7.9711685
45211,9.607819
45212,11.729451
45213,12.428179
45214,9.955725
45215,8.260727
45216,9.4712305
45217,9.894689
45218,2.1616087
45219,21.453142
45220,16.721607
45221,1.763741
45222,3.4833333
45223,14.949734
45224,8.296291
45225,13.494135
45226,8.722994
45227,12.242462
45228,21.729692
45229,10.343911
45230,3.2162795
45231,6.7798166
45232,9.636827
45233,1.9807553
45234,8.606406
45235,11.504134
45236,6.1063633
45237,9.534795
45238,12.3515005
45239,6.570113
45240,1.9294553
45241,11.403138
45242,11.55
45243,10.303007
45244,11.702789
45245,0.73333335
45246,10.274662
45247,9.628274
45248,34.1
45249,12.230107
45250,10.907902
45251,3.1811535
45252,12.466666
45253,19.11823
45254,9.829891
45255,10.539718
45256,11.005349
45257,10.376267
45258,9.950425
45259,9.363416
45260,23.779594
45261,8.446904
45262,11.014555
45263,2.227876
45264,6.296304
45265,9.482968
45266,10.022495
45267,10.491557
45268,10.005011
45269,11.701028
45270,10.793634
45271,2.1484823
45272,23.819927
45273,12.090179
45274,11.813588
45275,11.419907
45276,9.171856
45277,5.5
45278,5.1036153
45279,8.184169
45280,9.821667
45281,14.117717
45282,11.630483
45283,7.5537243
45284,11.369561
45285,7.5181446
45286,4.856666
45287,0.7721847
45288,9.837495
45289,3.9316678
45290,11.186665
45291,11.373824
45292,8.44089
45293,9.143802
45294,10.097212
45295,3.3
45296,6.99577
45297,11.836795
45298,0.18333334
45299,22.556774
45300,10.547664
45301,5.4370036
45302,4.155265
45303,10.934473
45304,8.398268
45305,10.369898
45306,3.995538
45307,8.928152
45308,10.8782835
45309,9.096396
45310,7.855706
45311,21.421831
45312,8.032612
45313,13.357204
45314,9.825215
45315,2.2872155
45316,16.863054
45317,9.135936
45318,10.101731
45319,18.45519
45320,18.389158
45321,30.646864
45322,7.9659495
45323,9.377268
45324,10.559243
45325,21.632341
45326,12.172672
45327,6.7179337
45328,8.002242
45329,13.459776
45330,8.212446
45331,33.16523
45332,7.5135894
45333,10.5444975
45334,2.6524992
45335,8.293642
45336,18.85606
45337,8.571679
45338,23.603045
45339,9.564559
45340,9.924744
45341,24.46065
45342,0.86817485
45343,8.415872
45344,8.800043
45345,7.8139176
45346,11.234775
45347,20.422384
45348,25.91369
45349,7.4929132
45350,14.077384
45351,10.051727
45352,1.9634432
45353,8.569332
45354,12.474141
45355,5.653302
45356,3.5933654
45357,2.9333334
45358,24.893885
45359,10.844419
45360,1.6916063
45361,30.228085
45362,7.255328
45363,8.292728
45364,2.176722
45365,7.151551
45366,7.495259
45367,22.195158
45368,6.334066
45369,16.987839
45370,0.80619925
45371,9.366075
45372,9.107245
45373,9.523364
45374,10.408322
45375,4.0333333
45376,4.5767493
45377,11.523629
45378,15.924441
45379,8.466761
45380,8.741247
45381,8.305285
45382,9.583049
45383,20.248213
45384,7.850316
45385,2.0065572
45386,0.08719496
45387,8.765975
45388,11.930743
45389,20.641275
45390,7.515166
45391,2.298342
45392,17.622814
45393,10.754745
45394,7.9185433
45395,1.8867785
45396,7.281304
45397,21.773718
45398,9.817959
45399,9.995541
45400,7.4990864
45401,9.663767
45402,8.480269
45403,10.994844
45404,11.091827
45405,10.673722
45406,11.027496
45407,13.036663
45408,1.3560716
45409,18.456724
45410,9.258509
45411,7.095231
45412,11.355149
45413,9.872397
45414,21.050293
45415,5.246864
45416,2.2852423
45417,7.502623
45418,32.656258
45419,7.812051
45420,10.474392
45421,8.643469
45422,1.4666667
45423,8.478734
45424,11.313173
45425,14.264744
45426,3.0362213
45427,7.8069096
45428,13.22316
45429,22.458118
45430,9.262986
45431,10.536869
45432,8.772373
45433,8.167797
45434,10.782852
45435,6.05
45436,18.437006
45437,7.200851
45438,10.288371
45439,8.495875
45440,4.098058
45441,7.5721874
45442,12.352853
45443,8.465329
45444,3.0644338
45445,17.544628
45446,8.709286
45447,1.9525157
45448,10.088948
45449,23.927332
45450,7.2034473
45451,10.497001
45452,6.6987286
45453,9.883999
45454,9.041747
45455,25.827738
45456,9.392884
45457,8.758319
45458,11.612285
45459,10.726149
45460,1.9687549
45461,6.4537516
45462,11.757134
45463,3.147311
45464,20.115389
45465,8.531226
45466,9.912293
45467,23.36343
45468,10.246741
45469,6.105887
45470,10.67477
45471,9.396686
45472,10.635561
45473,2.0699766
45474,8.38089
45475,9.144572
45476,1.7868812
45477,7.624945
45478,3.179537
45479,8.959029
45480,9.559778
45481,10.67702
45482,11.370514
45483,9.032805
45484,9.889154
45485,9.854291
45486,9.490238
45487,13.317598
45488,10.386878
45489,11.193527
45490,2.9333334
45491,1.1275022
45492,16.912533
45493,11.379983
45494,23.35105
45495,9.284483
45496,2.235068
45497,19.997255
45498,10.968012
45499,9.147286
45500,9.457576
45501,6.9369345
45502,8.930577
45503,8.653695
45504,20.744139
45505,7.259051
45506,4.95
45507,3.5455093
45508,10.530643
45509,7.9712853
45510,9.22737
45511,9.9199095
45512,9.721584
45513,7.302047
45514,10.809316
45515,10.331338
45516,11.091231
45517,10.271628
45518,20.405241
45519,0.8034574
45520,8.968766
45521,21.484428
45522,8.080536
45523,2.2905006
45524,7.263952
45525,8.492814
45526,9.687689
45527,9.476449
45528,17.620218
45529,11.286341
45530,7.750643
45531,10.02803
45532,6.370173
45533,4.4350758
45534,7.5640016
45535,19.872393
45536,4.1749873
45537,8.988036
45538,1.8333334
45539,19.751598
45540,1.5303295
45541,7.4831777
45542,8.356531
45543,18.492033
45544,8.438402
45545,1.3316076
45546,8.467197
45547,9.974559
45548,10.656329
45549,8.955626
45550,7.753864
45551,11.469364
45552,7.3833075
45553,7.2213397
45554,10.488656
45555,10.505676
45556,19.567411
45557,10.04855
45558,11.42633
45559,9.657145
45560,18.028593
45561,8.8059635
45562,10.467662
45563,11.224842
45564,20.224646
45565,9.499468
45566,0.18333334
45567,12.684109
45568,12.250887
45569,9.241872
45570,9.796078
45571,17.293798
45572,19.096437
45573,9.665979
45574,19.722328
45575,6.491992
45576,4.95
45577,22.560461
45578,6.9794135
45579,11.544442
45580,9.041972
45581,9.135539
45582,11.106689
45583,12.912685
45584,9.059854
45585,25.499918
45586,9.653821
45587,11.559036
45588,2.8265188
45589,11.933008
45590,11.242206
45591,9.4344635
45592,2.8844275
45593,8.587732
45594,9.925895
45595,1.4666667
45596,8.79305
45597,10.541333
45598,8.748797
45599,8.313577
45600,10.276439
45601,10.3891945
45602,8.882999
45603,10.908022
45604,9.987036
45605,2.7360253
45606,9.9478445
45607,22.01365
45608,0.6378756
45609,7.997698
45610,10.573879
45611,9.772977
45612,2.0528505
45613,6.798202
45614,9.934294
45615,11.61623
45616,11.172376
45617,12.9263
45618,9.533128
45619,14.422337
45620,27.804888
45621,6.349496
45622,42.246727
45623,7.309688
45624,8.993772
45625,5.9029264
45626,8.824494
45627,58.692635
45628,6.7605176
45629,12.743644
45630,10.069332
45631,35.60677
45632,8.415142
45633,4.0000153
45634,7.889921
45635,5.7762594
45636,7.0622234
45637,1.0138484
45638,21.673468
45639,21.312422
45640,8.949943
45641,23.24874
45642,7.4488854
45643,21.47746
45644,8.004652
45645,8.203494
45646,9.888544
45647,14.942212
45648,9.886623
45649,11.112346
45650,23.600008
45651,10.990329
45652,13.2
45653,6.358716
45654,5.4107113
45655,11.781072
45656,20.019054
45657,8.705656
45658,8.768996
45659,7.7
45660,19.65637
45661,6.116815
45662,3.103561
45663,12.377633
45664,2.1311448
45665,8.990697
45666,22.687172
45667,10.559306
45668,9.227872
45669,15.273607
45670,6.1983266
45671,11.999288
45672,2.5666666
45673,31.664303
45674,7.655249
45675,9.266164
45676,10.324624
45677,9.195805
45678,11.261356
45679,9.390117
45680,11.719692
45681,13.564799
45682,10.593296
45683,15.739083
45684,2.3833334
45685,24.621542
45686,8.7875395
45687,3.8261418
45688,24.912329
45689,0.96095955
45690,8.641349
45691,11.068862
45692,8.913517
45693,11.073034
45694,12.173625
45695,10.186645
45696,8.998871
45697,9.5621605
45698,10.634475
45699,20.278175
45700,1.3408264
45701,8.8240185
45702,17.159506
45703,6.673562
45704,9.146425
45705,8.358453
45706,23.097858
45707,7.54371
45708,12.092035
45709,10.052337
45710,11.270377
45711,9.851893
45712,9.643038
45713,9.891947
45714,9.262508
45715,8.8
45716,19.729256
45717,9.103151
45718,10.945758
45719,8.82007
45720,12.970169
45721,5.0022326
45722,16.044579
45723,8.491596
45724,13.600907
45725,8.301816
45726,21.734068
45727,10.926711
45728,4.2038894
45729,7.644627
45730,9.846582
45731,2.3833334
45732,5.95159
45733,8.712012
45734,10.782986
45735,11.719161
45736,2.7618408
45737,9.288828
45738,8.216924
45739,2.1245208
45740,8.196354
45741,19.83498
45742,9.534094
45743,10.167652
45744,9.164929
45745,29.327726
45746,16.343899
45747,0.36666667
45748,7.8043666
45749,9.339809
45750,9.649448
45751,9.982522
45752,9.538664
45753,4.4
45754,17.026186
45755,1.0396242
45756,8.269376
45757,9.986917
45758,21.039404
45759,9.544214
45760,10.145465
45761,10.906155
45762,8.814746
45763,2.0166667
45764,7.597037
45765,18.607752
45766,7.962439
45767,20.769714
45768,10.418216
45769,9.767413
45770,13.167751
45771,13.736753
45772,1.2897917
45773,8.304953
45774,10.230727
45775,8.644038
45776,9.71263
45777,1.5566612
45778,9.361572
45779,10.325393
45780,3.1747556
45781,34.93165
45782,7.2740316
45783,11.594878
45784,14.4211445
45785,6.263322
45786,0.102440506
45787,14.157511
45788,1.181947
45789,8.018269
45790,9.87078
45791,1.4477705
45792,7.0023694
45793,8.8821535
45794,3.2454865
45795,22.088146
45796,9.790475
45797,1.2833333
45798,19.637545
45799,7.2211027
45800,4.0018687
45801,11.562612
45802,9.230986
45803,25.943357
45804,9.470384
45805,17.121988
45806,7.8785024
45807,10.726491
45808,6.06917
45809,12.74403
45810,9.874025
45811,8.902656
45812,9.852277
45813,11.179581
45814,8.540524
45815,13.513818
45816,1.1
45817,12.804907
45818,10.913796
45819,9.796659
45820,21.10422
45821,35.734135
45822,7.8316803
45823,12.245998
45824,10.301457
45825,11.772725
45826,11.525949
45827,10.08218
45828,9.890173
45829,8.135889
45830,12.873517
45831,13.324391
45832,9.444424
45833,3.85
45834,6.2832837
45835,11.581288
45836,4.5165744
45837,9.895749
45838,2.0462143
45839,3.957775
45840,2.5512116
45841,9.113723
45842,10.790363
45843,9.764765
45844,10.193374
45845,9.896412
45846,10.570581
45847,12.237179
45848,7.5332184
45849,9.828593
45850,10.005926
45851,8.441712
45852,10.277191
45853,12.239879
45854,11.218258
45855,12.918871
45856,11.17839
45857,13.7483015
45858,10.866934
45859,12.180287
45860,14.491481
45861,11.303492
45862,11.55
45863,19.02195
45864,14.062085
45865,8.843725
45866,16.080235
45867,9.70553
45868,6.4886017
45869,10.719961
45870,9.926042
45871,9.77173
45872,10.232237
45873,17.741138
45874,9.876982
45875,8.059145
45876,9.466184
45877,9.981502
45878,13.058212
45879,7.9247823
45880,8.674489
45881,9.418368
45882,7.3063245
45883,12.270132
45884,10.564234
45885,0.55
45886,24.368908
45887,9.626957
45888,9.583538
45889,21.450996
45890,6.5313973
45891,9.958227
45892,10.17185
45893,9.501101
45894,8.872853
45895,10.96882
45896,9.79164
45897,11.338619
45898,18.868792
45899,0.5556478
45900,8.353605
45901,18.537666
45902,7.0992174
45903,9.159061
45904,9.151803
45905,9.805599
45906,13.358885
45907,22.501299
45908,9.392593
45909,10.546008
45910,24.138863
45911,8.508378
45912,1.65
45913,28.291687
45914,2.6564734
45915,17.155159
45916,9.533314
45917,10.173584
45918,3.581101
45919,3.5920675
45920,9.396301
45921,8.477687
45922,10.311551
45923,2.6440089
45924,7.516667
45925,8.733099
45926,10.728995
45927,1.8333334
45928,7.693688
45929,12.032113
45930,8.253085
45931,22.969698
45932,12.029781
45933,13.455868
45934,11.125181
45935,9.677926
45936,9.851018
45937,7.878542
45938,10.14891
45939,10.853277
45940,21.539831
45941,8.812572
45942,8.164008
45943,11.517881
45944,10.1536255
45945,11.265664
45946,8.062229
45947,5.2305193
45948,10.991944
45949,8.674687
45950,11.39376
45951,8.919928
45952,8.376825
45953,26.048187
45954,18.58212
45955,20.452372
45956,9.555711
45957,10.6776285
45958,12.678436
45959,11.520665
45960,10.0145445
45961,13.01131
45962,2.2728841
45963,7.730311
45964,20.690125
45965,6.79183
45966,1.5021167
45967,9.413625
45968,6.6140094
45969,7.8860645
45970,10.373618
45971,2.2568438
45972,8.233388
45973,3.9268203
45974,8.969849
45975,9.9732485
45976,10.130247
45977,10.425236
45978,9.98832
45979,12.063015
45980,11.068847
45981,22.932915
45982,12.019978
45983,30.8
45984,19.69845
45985,15.6155815
45986,11.196096
45987,8.865292
45988,2.5332239
45989,8.544142
45990,11.376343
45991,7.519789
45992,21.198462
45993,14.880365
45994,21.601835
45995,10.646251
45996,9.609609
45997,1.4737049
45998,18.666096
45999,38.623363
46000,19.434147
46001,10.1319685
46002,3.9141576
46003,10.384363
46004,11.55
46005,16.541735
46006,19.746145
46007,9.099828
46008,21.096228
46009,9.606123
46010,5.5
46011,5.236414
46012,11.129883
46013,9.655925
46014,22.365767
46015,6.1766706
46016,13.150271
46017,2.460811
46018,17.610603
46019,9.944507
46020,2.3232162
46021,19.1139
46022,9.512955
46023,42.815952
46024,6.3794184
46025,43.98462
46026,7.944253
46027,1.9517342
46028,8.116008
46029,20.39871
46030,7.6582828
46031,20.41886
46032,7.454714
46033,2.5739546
46034,17.964962
46035,13.180681
46036,8.093941
46037,11.074741
46038,8.449938
46039,8.956843
46040,10.843064
46041,9.916477
46042,24.886011
46043,8.078748
46044,9.365545
46045,11.145791
46046,11.661252
46047,5.9049006
46048,9.935749
46049,2.1193292
46050,14.208903
46051,16.414587
46052,6.795393
46053,11.133127
46054,9.407878
46055,10.125161
46056,3.3624167
46057,3.9701455
46058,0.18333334
46059,3.3
46060,40.768703
46061,6.1792145
46062,8.676119
46063,3.3980873
46064,5.991963
46065,11.360302
46066,9.490133
46067,7.570546
46068,10.955918
46069,1.4104178
46070,20.166666
46071,8.733813
46072,4.245891
46073,9.919141
46074,9.018831
46075,10.93899
46076,7.251368
46077,31.25461
46078,16.817753
46079,11.906239
46080,8.074813
46081,11.968479
46082,33.108486
46083,2.2530556
46084,23.1676
46085,0.6286701
46086,7.1467304
46087,11.844051
46088,5.1537485
46089,1.9522245
46090,14.138356
46091,9.778049
46092,7.7466307
46093,7.9581084
46094,22.59041
46095,21.787537
46096,11.660577
46097,7.158094
46098,3.6846538
46099,10.116525
46100,13.149301
46101,15.874386
46102,1.7096865
46103,7.7304707
46104,9.224972
46105,5.666269
46106,21.0422
46107,21.219812
46108,9.978108
46109,2.1794236
46110,31.884901
46111,9.258721
46112,2.6561813
46113,8.512485
46114,9.776977
46115,7.6450367
46116,4.4
46117,17.591333
46118,3.4998388
46119,10.379674
46120,11.5980835
46121,11.14819
46122,8.727484
46123,21.135187
46124,10.106999
46125,2.682871
46126,7.9704914
46127,14.216756
46128,1.8333334
46129,6.0121493
46130,7.163034
46131,20.59566
46132,16.846617
46133,8.435209
46134,30.871021
46135,5.852513
46136,0.7620919
46137,24.310417
46138,3.1778286
46139,13.3157835
46140,8.32971
46141,17.57317
46142,10.344638
46143,16.083727
46144,1.9423965
46145,13.154336
46146,4.4
46147,11.074186
46148,8.711446
46149,10.881186
46150,13.188149
46151,11.677343
46152,10.92998
46153,9.441507
46154,5.050791
46155,9.402356
46156,9.806199
46157,7.6648936
46158,2.1020706
46159,3.0163264
46160,3.6943228
46161,8.37501
46162,9.437998
46163,9.613568
46164,11.933287
46165,9.963246
46166,9.154624
46167,8.384453
46168,19.191887
46169,1.8699437
46170,9.547711
46171,9.183897
46172,2.0166667
46173,8.874628
46174,21.274834
46175,19.569368
46176,10.32559
46177,15.216666
46178,9.905206
46179,2.0071929
46180,22.735485
46181,7.4109364
46182,1.9404625
46183,8.318373
46184,11.876649
46185,6.1120067
46186,3.9652584
46187,4.5799665
46188,5.6785736
46189,11.909632
46190,32.53422
46191,10.291087
46192,11.703796
46193,9.39968
46194,10.813729
46195,9.935908
46196,8.711391
46197,10.753579
46198,8.333736
46199,18.332836
46200,19.972786
46201,7.6427326
46202,9.546466
46203,11.257383
46204,28.735395
46205,11.477646
46206,9.6683235
46207,10.098299
46208,8.256555
46209,9.293225
46210,16.179258
46211,9.594982
46212,18.433796
46213,8.916669
46214,7.0087633
46215,12.33334
46216,8.656065
46217,10.332042
46218,9.434872
46219,8.224832
46220,9.950545
46221,9.831243
46222,9.133748
46223,15.274276
46224,9.424116
46225,2.2996128
46226,17.269226
46227,18.106237
46228,9.22497
46229,11.288325
46230,10.815713
46231,8.964591
46232,31.822926
46233,5.8050823
46234,24.525126
46235,7.107324
46236,5.6833334
46237,4.1792665
46238,21.125315
46239,8.512616
46240,11.749785
46241,19.977129
46242,9.363161
46243,9.230387
46244,1.409504
46245,7.078238
46246,8.299696
46247,20.098713
46248,6.661136
46249,8.797976
46250,1.65
46251,9.43768
46252,7.155961
46253,2.2
46254,25.609468
46255,6.9797964
46256,13.186696
46257,17.245533
46258,1.2464523
46259,7.606719
46260,4.2166667
46261,6.050242
46262,6.1423793
46263,11.120901
46264,18.76202
46265,9.34973
46266,21.321203
46267,33.94502
46268,5.4123797
46269,9.7660885
46270,8.81252
46271,11.66953
46272,20.79168
46273,20.765623
46274,9.174798
46275,9.050977
46276,10.484829
46277,4.0333333
46278,19.974377
46279,11.270284
46280,10.345353
46281,10.1300335
46282,12.078128
46283,4.7800274
46284,8.8
46285,18.93368
46286,9.232695
46287,12.468273
46288,19.990898
46289,10.023076
46290,12.886182
46291,8.064534
46292,12.502961
46293,1.5320116
46294,21.274698
46295,14.37149
46296,21.876017
46297,9.808488
46298,10.216409
46299,10.491067
46300,9.196082
46301,0.55
46302,9.94873
46303,20.30481
46304,1.3404557
46305,6.8682313
46306,11.132308
46307,10.170884
46308,9.626269
46309,10.22204
46310,9.232404
46311,12.094762
46312,1.8121008
46313,8.817473
46314,32.79937
46315,8.806123
46316,8.891571
46317,11.459469
46318,9.773309
46319,14.036615
46320,9.92293
46321,3.0710962
46322,7.930876
46323,2.5406806
46324,2.2847393
46325,17.801523
46326,9.728868
46327,9.940016
46328,72.6
46329,1.5370318
46330,10.397885
46331,13.564069
46332,8.729751
46333,6.4166665
46334,3.2451015
46335,25.000042
46336,8.368466
46337,3.1386876
46338,10.853834
46339,4.561266
46340,11.539221
46341,0.9166667
46342,9.191064
46343,2.6462743
46344,7.114105
46345,14.39651
46346,7.3575573
46347,12.811741
46348,15.033334
46349,13.076597
46350,10.6696825
46351,12.700201
46352,22.49078
46353,24.058594
46354,12.844204
46355,9.794263
46356,10.1384325
46357,2.1556613
46358,9.305914
46359,7.529708
46360,2.1001632
46361,10.753591
46362,11.910361
46363,20.8847
46364,8.657085
46365,11.918732
46366,10.912884
46367,10.745883
46368,10.420215
46369,14.116667
46370,16.676609
46371,18.686596
46372,9.893258
46373,12.098022
46374,12.647656
46375,7.973645
46376,8.318663
46377,11.455906
46378,1.7442039
46379,6.026547
46380,22.303438
46381,10.492749
46382,10.315352
46383,8.9903145
46384,21.65853
46385,13.302711
46386,18.204546
46387,8.459025
46388,10.323114
46389,2.0359488
46390,7.872291
46391,8.60144
46392,10.198818
46393,11.578493
46394,12.548711
46395,10.209706
46396,10.167983
46397,9.87449
46398,9.703755
46399,3.3
46400,18.763557
46401,4.25658
46402,10.494416
46403,9.942611
46404,12.215219
46405,1.8333334
46406,6.925544
46407,9.827204
46408,6.185956
46409,3.019227
46410,2.0440686
46411,9.122489
46412,9.774432
46413,18.639645
46414,8.225096
46415,12.441555
46416,9.836566
46417,2.7924511
46418,7.0766325
46419,11.123022
46420,9.977235
46421,7.2857556
46422,9.988983
46423,9.278006
46424,9.708313
46425,27.505026
46426,0.33244827
46427,7.0591908
46428,2.150151
46429,9.048423
46430,10.788214
46431,10.092032
46432,40.678886
46433,8.243879
46434,12.808429
46435,8.125781
46436,9.339571
46437,13.861869
46438,15.183994
46439,6.8136463
46440,7.16404
46441,11.535128
46442,19.38907
46443,24.19509
46444,7.4767933
46445,8.741048
46446,8.82239
46447,7.883333
46448,2.1327734
46449,11.2436075
46450,9.603141
46451,13.651638
46452,9.154229
46453,6.721827
46454,10.06557
46455,0.73333335
46456,22.88384
46457,11.914969
46458,17.033667
46459,10.603469
46460,13.647267
46461,17.130482
46462,6.52035
46463,3.7836497
46464,17.631441
46465,11.389004
46466,6.6069493
46467,7.308285
46468,1.9888346
46469,9.282933
46470,10.995255
46471,11.895432
46472,5.162874
46473,8.5044985
46474,21.374033
46475,8.171227
46476,9.92689
46477,2.0040007
46478,8.471356
46479,2.3714037
46480,23.699883
46481,18.735224
46482,9.626469
46483,11.6142845
46484,7.8666883
46485,14.133347
46486,10.67628
46487,9.555314
46488,10.497994
46489,9.418222
46490,31.71375
46491,7.1276298
46492,2.5797021
46493,5.5
46494,1.9794174
46495,12.986542
46496,20.639324
46497,8.95287
46498,13.460597
46499,15.754344
46500,1.4773872
46501,17.990591
46502,7.8583026
46503,12.016907
46504,11.408543
46505,10.156577
46506,35.308983
46507,6.8220305
46508,7.062289
46509,2.596603
46510,11.739268
46511,3.5513115
46512,9.471469
46513,15.8428755
46514,7.192638
46515,23.903503
46516,6.5714507
46517,8.844641
46518,8.438031
46519,14.878937
46520,10.157135
46521,9.079616
46522,9.957114
46523,6.454585
46524,2.3486884
46525,9.728193
46526,3.0702088
46527,7.7270947
46528,5.1121464
46529,12.16074
46530,9.277053
46531,2.2949648
46532,9.072305
46533,11.440463
46534,10.43035
46535,9.264563
46536,13.593687
46537,13.714922
46538,12.218331
46539,11.807126
46540,3.9125407
46541,3.0959182
46542,2.9333334
46543,8.175769
46544,24.105549
46545,2.1956367
46546,9.45747
46547,10.99348
46548,11.900321
46549,10.929069
46550,9.440661
46551,0.73333335
46552,22.292944
46553,8.080418
46554,10.943652
46555,11.261053
46556,12.195162
46557,9.35683
46558,2.153331
46559,7.4988337
46560,11.857114
46561,10.618807
46562,21.679785
46563,9.79062
46564,10.566445
46565,18.55807
46566,3.4133987
46567,10.061158
46568,9.976797
46569,8.501464
46570,9.330801
46571,12.095412
46572,0.18333334
46573,2.0166667
46574,23.848917
46575,11.426196
46576,14.765024
46577,6.7673397
46578,1.9984646
46579,13.2348
46580,9.917406
46581,9.315042
46582,10.733061
46583,10.795316
46584,11.788303
46585,10.970752
46586,21.957067
46587,8.43346
46588,11.018607
46589,1.4666667
46590,10.633333
46591,0.73333335
46592,44.94063
46593,5.6107836
46594,15.774473
46595,6.576074
46596,10.026387
46597,11.035972
46598,11.037669
46599,4.5833335
46600,12.44802
46601,8.726346
46602,11.504094
46603,8.825792
46604,7.637435
46605,21.294065
46606,7.5464916
46607,6.6
46608,19.37252
46609,3.5886502
46610,5.0037446
46611,10.465118
46612,9.792725
46613,9.55771
46614,9.2604265
46615,2.8210616
46616,8.052096
46617,7.2639914
46618,0.25877687
46619,7.6819663
46620,10.407778
46621,2.0783873
46622,6.626289
46623,19.391798
46624,0.8665854
46625,7.9350076
46626,7.468926
46627,9.036966
46628,9.528398
46629,8.062455
46630,27.641535
46631,7.46821
46632,0.18333334
46633,15.182521
46634,20.376432
46635,16.080912
46636,8.722146
46637,4.289098
46638,22.943977
46639,9.202321
46640,8.111476
46641,0.63506764
46642,9.542415
46643,9.673423
46644,7.2714357
46645,10.083028
46646,10.047742
46647,1.7431049
46648,2.3995774
46649,5.5883985
46650,8.196301
46651,1.7226007
46652,6.5513463
46653,1.4666667
46654,8.854549
46655,11.019984
46656,8.701086
46657,12.110643
46658,10.187785
46659,9.805533
46660,10.368479
46661,9.421163
46662,6.472985
46663,12.66539
46664,15.550651
46665,9.055442
46666,0.7296534
46667,12.78215
46668,19.565706
46669,7.359002
46670,11.114186
46671,0.70242095
46672,3.85
46673,12.349606
46674,1.5227
46675,0.10734136
46676,8.866205
46677,2.3518143
46678,8.996912
46679,24.001385
46680,7.5219088
46681,10.427409
46682,9.921964
46683,3.740509
46684,5.321821
46685,11.727426
46686,8.893344
46687,10.786454
46688,7.2290635
46689,8.662197
46690,10.1809635
46691,10.8658085
46692,10.135189
46693,10.493796
46694,8.16573
46695,12.890182
46696,3.3971865
46697,9.031866
46698,32.20929
46699,7.87486
46700,9.90849
46701,1.1
46702,20.665632
46703,5.1171517
46704,38.415894
46705,0.55
46706,6.748583
46707,5.6833334
46708,3.742152
46709,8.661336
46710,12.519042
46711,21.816668
46712,36.339973
46713,8.274739
46714,9.044767
46715,10.479905
46716,10.079131
46717,11.3367
46718,8.928054
46719,1.1
46720,7.396531
46721,7.3333335
46722,26.66636
46723,6.856536
46724,9.030947
46725,9.076444
46726,9.236837
46727,4.0333333
46728,30.176332
46729,17.357813
46730,9.623911
46731,9.824197
46732,9.174943
46733,9.01471
46734,13.96041
46735,7.0667825
46736,1.2833333
46737,8.88618
46738,9.918262
46739,7.573763
46740,8.299869
46741,10.258158
46742,3.1166666
46743,5.612024
46744,11.153155
46745,1.4882487
46746,6.866996
46747,2.6789262
46748,9.53888
46749,7.0197344
46750,12.746311
46751,8.886361
46752,13.383333
46753,8.002909
46754,9.702755
46755,8.554047
46756,9.399938
46757,8.839966
46758,10.898527
46759,11.219932
46760,7.9622436
46761,8.513846
46762,6.979053
46763,9.1239605
46764,11.183333
46765,7.000294
46766,23.1
46767,11.718148
46768,8.581606
46769,5.133333
46770,10.161448
46771,13.255802
46772,1.5248141
46773,7.960145
46774,8.933529
46775,8.718793
46776,19.500423
46777,5.346115
46778,7.3120747
46779,2.0259697
46780,5.0798097
46781,10.781027
46782,7.847643
46783,18.734924
46784,8.440942
46785,6.6807513
46786,9.817472
46787,7.802851
46788,2.9333334
46789,5.2396774
46790,1.9011419
46791,7.0821447
46792,23.900595
46793,7.5336304
46794,20.061445
46795,6.0647655
46796,8.452877
46797,12.488103
46798,6.804729
46799,21.538656
46800,6.666501
46801,1.7108437
46802,7.474923
46803,8.521198
46804,17.090227
46805,3.7699864
46806,20.329374
46807,1.1
46808,15.180095
46809,8.786136
46810,21.049047
46811,12.399801
46812,7.8219166
46813,9.631769
46814,10.826151
46815,9.728042
46816,7.684603
46817,10.674771
46818,18.391085
46819,18.21928
46820,9.765077
46821,11.768294
46822,1.3189476
46823,3.9086502
46824,4.0935597
46825,10.235659
46826,6.9885883
46827,9.2937155
46828,7.998466
46829,2.2472382
46830,0.4847765
46831,7.2553234
46832,7.6095676
46833,11.452252
46834,4.9707813
46835,7.49158
46836,8.709582
46837,6.577086
46838,12.408494
46839,11.738285
46840,7.1109776
46841,6.7305408
46842,18.701836
46843,6.541857
46844,10.372823
46845,8.338485
46846,8.167791
46847,18.259966
46848,20.758472
46849,0.5237183
46850,6.425818
46851,0.73333335
46852,6.5847316
46853,9.45855
46854,5.8066845
46855,4.372851
46856,9.887974
46857,9.417861
46858,1.4451027
46859,5.6849966
46860,8.085394
46861,8.069904
46862,7.526112
46863,22.185213
46864,3.9933686
46865,7.3198166
46866,10.471151
46867,8.863791
46868,9.645472
46869,7.357589
46870,18.359095
46871,7.9294934
46872,17.592274
46873,8.339971
46874,18.683561
46875,5.7549396
46876,8.233722
46877,4.9473834
46878,3.2875774
46879,11.041793
46880,1.887123
46881,7.286501
46882,19.8248
46883,7.222471
46884,6.0921507
46885,9.808604
46886,36.657852
46887,22.975077
46888,0.8426189
46889,7.0317516
46890,10.083604
46891,8.586589
46892,16.24015
46893,17.657116
46894,5.8070903
46895,9.48963
46896,18.162909
46897,17.060701
46898,7.0057073
46899,7.9099813
46900,44.668392
46901,7.115071
46902,9.652711
46903,8.225774
46904,1.6732137
46905,7.4587903
46906,9.765865
46907,13.808959
46908,3.7201254
46909,22.32183
46910,9.243704
46911,11.755513
46912,2.0408394
46913,7.0244083
46914,9.485689
46915,11.221385
46916,7.002299
46917,8.415244
46918,4.8774476
46919,2.3599143
46920,17.400051
46921,6.5291333
46922,2.1175785
46923,23.238953
46924,6.657418
46925,13.131357
46926,7.935318
46927,16.99029
46928,8.96202
46929,6.0753827
46930,19.429342
46931,4.279971
46932,4.8960204
46933,6.177998
46934,8.759245
46935,7.55596
46936,6.756259
46937,4.744522
46938,8.899497
46939,7.7756333
46940,8.859061
46941,9.142081
46942,19.297194
46943,10.146953
46944,20.76888
46945,10.6553545
46946,8.471569
46947,25.995106
46948,6.500928
46949,7.4902935
46950,1.8305221
46951,6.9643416
46952,7.683476
46953,2.18633
46954,5.339542
46955,11.194093
46956,4.3473406
46957,7.518402
46958,7.640855
46959,8.50133
46960,2.230072
46961,6.5021844
46962,8.986513
46963,8.899862
46964,8.927902
46965,0.18333334
46966,29.791313
46967,5.390764
46968,10.750952
46969,1.7844601
46970,13.93373
46971,2.9529886
46972,4.555376
46973,7.762776
46974,7.4742875
46975,19.457972
46976,6.980253
46977,7.8089876
46978,10.531117
46979,5.222091
46980,15.500281
46981,1.0699273
46982,16.646671
46983,8.074888
46984,7.89384
46985,13.949363
46986,6.892283
46987,19.409054
46988,0.9326935
46989,14.192056
46990,17.302265
46991,4.167978
46992,6.8984027
46993,8.330981
46994,6.7833333
46995,10.366678
46996,15.418369
46997,3.8940988
46998,3.092019
46999,8.958999
47000,10.101335
47001,7.743138
47002,9.990214
47003,9.103027
47004,8.540273
47005,11.733985
47006,11.610834
47007,7.367857
47008,11.95027
47009,8.724563
47010,6.2786746
47011,8.56603
47012,9.07852
47013,7.1797376
47014,2.2727728
47015,7.1457877
47016,22.190096
47017,29.69407
47018,2.3699443
47019,13.002396
47020,10.083191
47021,8.000437
47022,9.528391
47023,7.394377
47024,10.11804
47025,22.426949
47026,6.7776837
47027,9.184353
47028,8.209452
47029,10.001024
47030,1.313607
47031,3.0847712
47032,3.0505824
47033,9.529145
47034,10.486969
47035,7.824111
47036,10.331711
47037,8.645415
47038,2.3349283
47039,6.564744
47040,10.837101
47041,2.7342322
47042,8.787077
47043,11.749508
47044,9.723252
47045,9.115726
47046,8.878463
47047,4.766667
47048,0.04679362
47049,2.4014633
47050,11.070896
47051,15.176497
47052,18.846123
47053,20.788607
47054,8.265321
47055,8.646456
47056,7.957609
47057,9.599319
47058,1.5225092
47059,7.505989
47060,9.624179
47061,10.079527
47062,8.180849
47063,8.959841
47064,7.495149
47065,7.2075706
47066,7.9232373
47067,10.771768
47068,1.9840558
47069,5.57142
47070,9.619419
47071,20.368654
47072,6.324634
47073,4.6903057
47074,10.807649
47075,9.584738
47076,23.1
47077,13.680814
47078,18.521708
47079,6.4472117
47080,9.347493
47081,6.743543
47082,9.57578
47083,8.86507
47084,11.0655155
47085,18.513918
47086,6.762202
47087,9.059161
47088,8.025742
47089,9.604508
47090,6.619573
47091,4.4720807
47092,0.36666667
47093,8.728853
47094,2.064768
47095,6.0135846
47096,10.237401
47097,9.608578
47098,10.138386
47099,9.029619
47100,9.448077
47101,11.488675
47102,8.648905
47103,10.79371
47104,7.1474233
47105,19.287569
47106,8.636792
47107,5.6833334
47108,29.801477
47109,9.018119
47110,20.66477
47111,7.9966464
47112,10.970719
47113,1.8401703
47114,16.18057
47115,8.534987
47116,9.557113
47117,1.0895333
47118,17.179728
47119,18.725851
47120,9.65379
47121,7.7866545
47122,6.85683
47123,6.694699
47124,9.35
47125,3.4855287
47126,12.359851
47127,10.266666
47128,7.1477246
47129,9.428365
47130,9.605966
47131,8.425553
47132,9.686525
47133,24.952576
47134,5.1974616
47135,2.1062455
47136,7.90995
47137,9.400034
47138,10.702403
47139,2.9333334
47140,14.064034
47141,22.847229
47142,17.191198
47143,56.881855
47144,14.131787
47145,4.4823174
47146,3.6926033
47147,15.440409
47148,5.3231406
47149,8.927584
47150,9.967629
47151,7.353362
47152,2.573737
47153,6.693594
47154,2.7140539
47155,9.672683
47156,9.146214
47157,7.402119
47158,8.463842
47159,7.8588886
47160,7.519682
47161,7.6154623
47162,9.133236
47163,11.298807
47164,9.232752
47165,8.381868
47166,1.8333334
47167,5.87422
47168,10.671519
47169,1.4718612
47170,4.629588
47171,12.090772
47172,12.852192
47173,5.992373
47174,7.1215696
47175,8.431538
47176,20.930307
47177,7.8635283
47178,8.164629
47179,8.726422
47180,8.614144
47181,27.16757
47182,9.35
47183,7.346964
47184,11.616809
47185,8.399057
47186,9.309372
47187,18.106396
47188,5.0692964
47189,18.847221
47190,5.7380676
47191,12.002976
47192,12.283334
47193,4.4624968
47194,9.759292
47195,11.202565
47196,5.641969
47197,10.281117
47198,8.921208
47199,9.298745
47200,9.042432
47201,10.020812
47202,1.580866
47203,8.234746
47204,4.098384
47205,7.1544967
47206,4.8391175
47207,11.069433
47208,9.340373
47209,9.785612
47210,8.177368
47211,9.062259
47212,8.687225
47213,9.579658
47214,20.642021
47215,6.888962
47216,8.772127
47217,12.132583
47218,7.331729
47219,6.586751
47220,14.116667
47221,10.483982
47222,8.936414
47223,12.142277
47224,6.3624215
47225,8.564585
47226,2.8570096
47227,9.319713
47228,17.484598
47229,0.98362756
47230,7.56697
47231,8.584952
47232,2.1420717
47233,14.505879
47234,8.650938
47235,10.370977
47236,8.43269
47237,7.6961365
47238,9.304421
47239,7.2106915
47240,10.185552
47241,11.916667
47242,8.461109
47243,10.72015
47244,6.4344015
47245,9.318852
47246,1.4321567
47247,6.3908744
47248,23.745037
47249,8.599424
47250,5.278771
47251,7.4918346
47252,2.2
47253,6.4019446
47254,7.6187143
47255,17.949068
47256,7.1391187
47257,8.190037
47258,4.0461926
47259,7.3747954
47260,10.789285
47261,1.442035
47262,6.844147
47263,10.373379
47264,16.980839
47265,8.104802
47266,9.307623
47267,0.36666667
47268,7.662495
47269,6.9853473
47270,19.941345
47271,25.68453
47272,0.11490188
47273,7.2618003
47274,10.710485
47275,10.422557
47276,8.817545
47277,8.256714
47278,10.5941
47279,17.075403
47280,9.097163
47281,31.939758
47282,19.079546
47283,9.050982
47284,20.698454
47285,5.608313
47286,17.654276
47287,18.204878
47288,7.627584
47289,8.89446
47290,9.668158
47291,9.481853
47292,8.661445
47293,1.7564374
47294,9.149703
47295,10.231749
47296,7.371226
47297,8.647125
47298,9.759442
47299,6.4918356
47300,8.375453
47301,15.4272375
47302,8.432737
47303,7.3884096
47304,9.040269
47305,10.619598
47306,7.5359254
47307,1.782163
47308,5.8975544
47309,9.949955
47310,9.190393
47311,8.571101
47312,9.225035
47313,9.691056
47314,9.48074
47315,7.8214087
47316,8.171383
47317,12.342836
47318,1.1569976
47319,8.3304405
47320,9.817212
47321,8.1028385
47322,6.615702
47323,2.7902603
47324,6.5171247
47325,7.8018026
47326,7.08669
47327,17.957792
47328,7.438127
47329,15.95
47330,25.197273
47331,5.8756433
47332,9.147604
47333,2.044749
47334,6.695128
47335,19.379066
47336,1.4898542
47337,4.0333333
47338,21.086523
47339,6.309048
47340,9.876786
47341,15.251223
47342,10.564042
47343,14.59976
47344,8.582888
47345,9.479071
47346,10.133392
47347,2.4107535
47348,16.110731
47349,7.536292
47350,7.851075
47351,2.1778822
47352,11.733334
47353,2.7440464
47354,19.947786
47355,1.0753154
47356,9.2541
47357,8.581147
47358,7.4002357
47359,7.85807
47360,8.8372
47361,8.945927
47362,7.4087386
47363,11.603761
47364,6.346974
47365,10.709071
47366,7.6949105
47367,7.924891
47368,1.9537607
47369,6.772248
47370,10.321213
47371,11.867857
47372,9.879334
47373,7.787498
47374,1.4674265
47375,5.9744763
47376,8.426324
47377,7.391278
47378,7.786003
47379,28.299782
47380,7.803043
47381,4.874261
47382,4.068216
47383,8.14604
47384,9.628375
47385,3.2132785
47386,8.521438
47387,14.177671
47388,17.242542
47389,7.467445
47390,17.778992
47391,8.57091
47392,7.1918015
47393,10.586096
47394,9.06287
47395,7.6797566
47396,9.623973
47397,31.518366
47398,10.48917
47399,9.75229
47400,8.44284
47401,10.910336
47402,10.055151
47403,7.565569
47404,3.1166666
47405,0.9166667
47406,6.733418
47407,11.348956
47408,7.8297534
47409,9.399915
47410,8.429877
47411,20.344995
47412,1.6374432
47413,6.4565973
47414,13.899988
47415,8.359925
47416,11.176086
47417,8.615002
47418,20.132072
47419,14.715689
47420,7.2788796
47421,1.7249666
47422,7.410677
47423,9.195607
47424,9.7240925
47425,9.307935
47426,7.569909
47427,12.758453
47428,0.55
47429,11.897262
47430,7.2444196
47431,10.3418665
47432,8.20148
47433,1.4626268
47434,0.08570911
47435,7.7138195
47436,8.023548
47437,21.607828
47438,1.1073906
47439,7.216438
47440,10.639637
47441,8.978105
47442,10.309672
47443,10.041715
47444,1.6160809
47445,2.4918394
47446,3.85
47447,10.543845
47448,7.261333
47449,2.9698212
47450,8.1308775
47451,9.40988
47452,8.019153
47453,15.4538555
47454,8.442807
47455,11.551514
47456,7.1704865
47457,20.88255
47458,11.066738
47459,9.642975
47460,19.12896
47461,1.2980621
47462,8.11305
47463,8.83186
47464,2.6043015
47465,7.410335
47466,7.2663074
47467,2.5029898
47468,9.156862
47469,9.966008
47470,8.973487
47471,8.337221
47472,9.07379
47473,7.377338
47474,2.1252396
47475,10.425792
47476,12.811305
47477,8.880576
47478,2.2970438
47479,6.7656035
47480,8.364687
47481,21.725029
47482,8.011135
47483,5.2919703
47484,8.818278
47485,8.451678
47486,6.9993815
47487,1.7808675
47488,4.9777904
47489,1.8614135
47490,21.02472
47491,8.283671
47492,8.765966
47493,10.510023
47494,7.894579
47495,10.583758
47496,8.013216
47497,9.810044
47498,8.870738
47499,9.391047
47500,7.7509007
47501,9.168832
47502,8.147749
47503,10.530209
47504,14.616547
47505,7.610575
47506,7.049021
47507,18.557325
47508,7.637143
47509,9.608928
47510,21.700174
47511,7.9377418
47512,12.194674
47513,5.689717
47514,17.360668
47515,8.259582
47516,2.2
47517,9.007238
47518,6.9703655
47519,28.929077
47520,6.7271557
47521,10.183057
47522,12.039409
47523,9.545207
47524,5.879951
47525,4.766667
47526,23.799093
47527,0.1418829
47528,6.734149
47529,18.9713
47530,26.039503
47531,7.016444
47532,9.675169
47533,10.329859
47534,7.2460737
47535,7.9292226
47536,9.542895
47537,11.014939
47538,5.740572
47539,16.787273
47540,1.8921055
47541,10.056448
47542,9.501647
47543,8.97077
47544,8.6069355
47545,9.223622
47546,6.529228
47547,7.7645626
47548,3.2788517
47549,8.885121
47550,12.971543
47551,8.040857
47552,1.760181
47553,6.03141
47554,10.278798
47555,11.386135
47556,37.696873
47557,3.0261834
47558,11.567489
47559,1.4150859
47560,7.404265
47561,9.996279
47562,10.455861
47563,15.628133
47564,0.97351074
47565,6.445932
47566,4.766667
47567,6.5895705
47568,10.0647545
47569,7.7219257
47570,10.785836
47571,9.087943
47572,7.15
47573,1.665902
47574,7.2173996
47575,9.728105
47576,7.841859
47577,11.733334
47578,1.2833333
47579,19.400305
47580,7.210684
47581,8.438039
47582,2.5868104
47583,6.1013613
47584,18.356955
47585,21.645544
47586,7.3025866
47587,6.145589
47588,8.284108
47589,7.076661
47590,7.6046324
47591,8.787475
47592,3.4900749
47593,9.257915
47594,6.7893505
47595,1.93127
47596,6.778543
47597,12.915563
47598,11.133633
47599,2.1601753
47600,6.7856383
47601,9.435701
47602,8.407306
47603,17.941454
47604,7.3849354
47605,5.347413
47606,2.581421
47607,8.998649
47608,2.432076
47609,7.2627697
47610,4.481101
47611,1.2902182
47612,4.7325764
47613,7.254385
47614,1.65
47615,20.239092
47616,6.7400384
47617,8.817395
47618,12.864359
47619,9.668852
47620,9.892806
47621,9.251286
47622,8.123852
47623,22.278238
47624,11.567489
47625,8.349649
47626,9.079456
47627,7.396889
47628,19.757137
47629,7.222669
47630,2.831737
47631,8.501155
47632,12.035745
47633,9.175309
47634,8.168849
47635,7.3942103
47636,9.334333
47637,1.804463
47638,6.294839
47639,2.635256
47640,8.948089
47641,10.549831
47642,10.387771
47643,1.5421867
47644,6.5978928
47645,9.444396
47646,7.8911214
47647,2.0853446
47648,8.368056
47649,2.7701144
47650,7.0060964
47651,13.282918
47652,8.393502
47653,9.703408
47654,11.776624
47655,8.457073
47656,8.74443
47657,1.8333334
47658,9.785158
47659,26.434858
47660,8.121713
47661,12.195992
47662,6.163312
47663,8.916036
47664,13.193465
47665,20.713932
47666,8.387881
47667,10.093148
47668,1.8403609
47669,9.43717
47670,8.477736
47671,19.955194
47672,8.955923
47673,10.3540125
47674,7.5934324
47675,9.252777
47676,8.916657
47677,7.926727
47678,10.08823
47679,3.1166666
47680,23.138407
47681,8.384746
47682,6.8931346
47683,9.732605
47684,3.0610719
47685,7.5583787
47686,11.014049
47687,7.7451386
47688,8.409548
47689,9.51415
47690,10.94931
47691,9.470994
47692,10.40662
47693,9.316405
47694,8.465052
47695,12.1926
47696,9.03913
47697,9.055249
47698,2.4964726
47699,9.300399
47700,8.1649065
47701,19.977625
47702,8.167735
47703,8.816282
47704,18.738932
47705,12.960038
47706,9.027385
47707,3.1552477
47708,5.1535687
47709,8.641114
47710,1.3022181
47711,6.38609
47712,2.0960805
47713,9.638525
47714,15.514613
47715,1.2627045
47716,7.206679
47717,9.776274
47718,8.615565
47719,16.02938
47720,7.3376904
47721,9.34411
47722,8.640013
47723,10.692023
47724,4.8037853
47725,5.8686423
47726,16.503853
47727,6.875937
47728,3.8997571
47729,28.3
47730,6.9799905
47731,18.500223
47732,6.0145216
47733,13.983052
47734,7.4103436
47735,9.496609
47736,9.142161
47737,18.466858
47738,7.2446265
47739,2.4229128
47740,7.608946
47741,9.765688
47742,6.270075
47743,2.1182535
47744,5.9690795
47745,19.296804
47746,8.1282215
47747,6.925417
47748,9.684062
47749,8.856059
47750,8.8849535
47751,9.557249
47752,10.373252
47753,2.649522
47754,8.07945
47755,10.574921
47756,8.971938
47757,10.200413
47758,7.9557424
47759,1.723075
47760,16.484102
47761,2.0175695
47762,7.987214
47763,9.472133
47764,36.661026
47765,18.016378
47766,4.158282
47767,18.57187
47768,8.203896
47769,21.181295
47770,1.9982972
47771,16.346678
47772,7.141082
47773,0.4870018
47774,8.787942
47775,8.348703
47776,2.1587372
47777,6.034747
47778,9.385005
47779,10.895666
47780,35.65027
47781,5.450051
47782,9.436734
47783,2.020343
47784,8.400909
47785,8.873622
47786,8.084694
47787,21.676321
47788,0.55
47789,17.338009
47790,18.739187
47791,8.348838
47792,10.331081
47793,10.31424
47794,8.979258
47795,11.941934
47796,8.752886
47797,9.880153
47798,11.850093
47799,21.547213
47800,7.3635974
47801,1.7262219
47802,6.9772162
47803,20.11049
47804,24.118753
47805,9.362016
47806,9.908518
47807,20.669071
47808,8.211629
47809,3.4962103
47810,9.416915
47811,19.295506
47812,43.27315
47813,6.4405527
47814,6.8765726
47815,3.926532
47816,12.839556
47817,1.2132723
47818,8.507801
47819,8.624864
47820,10.43571
47821,5.071282
47822,7.037791
47823,3.6547658
47824,8.594687
47825,12.616317
47826,1.8694167
47827,8.533964
47828,9.229254
47829,8.978684
47830,3.3
47831,4.295477
47832,0.86892444
47833,7.843431
47834,9.667024
47835,9.730119
47836,22.084753
47837,52.14453
47838,3.803293
47839,2.9532511
47840,7.509446
47841,7.3738914
47842,10.737506
47843,5.7958684
47844,3.4159734
47845,10.413331
47846,6.6434216
47847,0.81038475
47848,7.3831477
47849,10.76026
47850,21.145693
47851,8.575614
47852,9.677187
47853,10.908102
47854,9.927551
47855,20.51626
47856,7.96752
47857,19.931795
47858,13.452728
47859,18.220236
47860,6.210034
47861,7.612284
47862,11.382842
47863,10.120298
47864,22.707153
47865,6.4059253
47866,9.36048
47867,9.692043
47868,9.188058
47869,3.2201614
47870,6.9451327
47871,8.603265
47872,10.013716
47873,9.338086
47874,8.647219
47875,8.435662
47876,8.066622
47877,25.587446
47878,7.064629
47879,10.159589
47880,17.427309
47881,11.897541
47882,9.28136
47883,8.701577
47884,8.772127
47885,10.450156
47886,1.4284929
47887,3.5768356
47888,8.141834
47889,1.4144262
47890,5.983607
47891,9.383296
47892,9.5086565
47893,7.687306
47894,8.767183
47895,2.0194693
47896,7.732861
47897,29.99424
47898,9.793211
47899,16.19201
47900,9.030263
47901,19.495361
47902,10.5164385
47903,9.238473
47904,8.167562
47905,8.605351
47906,16.256992
47907,8.588593
47908,9.121751
47909,23.362463
47910,10.354733
47911,1.3941052
47912,15.121045
47913,7.819994
47914,8.288764
47915,38.91796
47916,6.4645286
47917,18.9392
47918,17.934498
47919,6.665603
47920,8.472974
47921,2.365128
47922,7.109022
47923,9.728231
47924,7.9135265
47925,7.8993816
47926,5.9907207
47927,2.4277685
47928,7.915092
47929,9.309881
47930,26.827854
47931,9.988761
47932,5.939444
47933,2.1750054
47934,6.951269
47935,20.040585
47936,8.541442
47937,8.187008
47938,8.742508
47939,9.612943
47940,2.332481
47941,2.850207
47942,9.6589155
47943,14.341991
47944,8.44082
47945,9.121187
47946,17.58549
47947,20.110434
47948,6.277331
47949,4.648948
47950,3.9473298
47951,14.795122
47952,7.8871655
47953,8.696025
47954,10.571457
47955,7.9091783
47956,7.20346
47957,9.498633
47958,9.402171
47959,9.279577
47960,8.060711
47961,9.201687
47962,0.18333334
47963,7.5317616
47964,29.70446
47965,6.3462095
47966,8.947596
47967,6.598703
47968,10.458914
47969,7.773296
47970,2.2
47971,11.131929
47972,4.5327115
47973,3.0316904
47974,28.938879
47975,8.571451
47976,10.375851
47977,10.838955
47978,20.465008
47979,18.958551
47980,0.66482234
47981,9.21808
47982,9.2756195
47983,12.468944
47984,11.143144
47985,10.346094
47986,8.206765
47987,17.24203
47988,17.095882
47989,6.2759876
47990,8.379874
47991,1.5024742
47992,1.1
47993,5.980643
47994,10.128784
47995,9.586143
47996,8.838151
47997,8.610321
47998,8.468717
47999,8.056004
48000,10.621643
48001,9.638286
48002,11.396512
48003,6.285199
48004,1.6213021
48005,4.0333333
48006,4.966386
48007,17.833963
48008,11.86828
48009,3.6683722
48010,5.116669
48011,9.468677
48012,6.5429683
48013,7.516667
48014,1.1
48015,11.235061
48016,7.407475
48017,10.360296
48018,5.3480315
48019,18.27915
48020,27.550657
48021,16.33447
48022,6.7230134
48023,9.267901
48024,1.7598785
48025,6.6196446
48026,1.5927315
48027,7.7737637
48028,17.816711
48029,1.6047479
48030,17.17274
48031,8.551074
48032,1.8992422
48033,7.135797
48034,11.283551
48035,8.574193
48036,9.381921
48037,3.0784051
48038,8.550319
48039,7.1119633
48040,10.617281
48041,1.9081513
48042,7.449349
48043,10.39238
48044,11.837785
48045,9.697135
48046,10.502521
48047,7.721519
48048,1.5669825
48049,9.665927
48050,6.0238605
48051,19.895332
48052,1.2561954
48053,8.866843
48054,9.5299635
48055,9.077605
48056,8.774948
48057,9.816001
48058,29.704004
48059,18.206402
48060,0.93810564
48061,7.2062163
48062,8.183639
48063,9.306454
48064,5.0808825
48065,9.0285845
48066,23.974092
48067,11.366667
48068,21.658709
48069,7.3158426
48070,2.9104393
48071,1.3315358
48072,8.438048
48073,7.3018394
48074,9.571791
48075,7.930231
48076,7.496453
48077,2.243622
48078,18.88803
48079,3.3
48080,36.711613
48081,4.9080777
48082,9.758488
48083,9.977564
48084,8.354067
48085,10.605169
48086,8.510637
48087,7.8662796
48088,17.45618
48089,0.5318563
48090,9.246771
48091,3.9110417
48092,6.1133466
48093,8.324058
48094,8.133738
48095,9.038562
48096,7.8782177
48097,8.015298
48098,10.842887
48099,6.8103
48100,4.0333333
48101,3.9125528
48102,10.218477
48103,17.501005
48104,10.784108
48105,17.951967
48106,8.428621
48107,8.736007
48108,6.318586
48109,8.411527
48110,9.6961565
48111,8.481385
48112,19.310099
48113,2.865609
48114,14.944903
48115,4.891499
48116,9.457914
48117,9.766785
48118,14.463511
48119,6.7429786
48120,6.378175
48121,12.675164
48122,1.6761067
48123,6.5885787
48124,4.828969
48125,1.65
48126,3.497688
48127,6.757021
48128,10.838501
48129,9.630021
48130,13.426845
48131,4.56609
48132,10.366408
48133,11.38397
48134,2.6327052
48135,2.2131205
48136,11.240212
48137,9.379141
48138,9.149328
48139,1.4325541
48140,0.73333335
48141,5.0050497
48142,8.699116
48143,4.0333333
48144,5.5811963
48145,8.327445
48146,18.368196
48147,8.133307
48148,6.474995
48149,5.1418366
48150,2.3833592
48151,10.406201
48152,1.8504065
48153,6.700436
48154,8.556128
48155,3.9160888
48156,21.948856
48157,9.501196
48158,9.425458
48159,7.2708373
48160,8.408666
48161,10.535502
48162,5.4249845
48163,9.452702
48164,8.994326
48165,6.4634004
48166,2.75
48167,3.1166666
48168,3.1502087
48169,11.619639
48170,7.500871
48171,3.1550958
48172,9.637333
48173,18.328613
48174,8.020759
48175,11.80625
48176,9.51884
48177,2.612591
48178,6.9007874
48179,9.311479
48180,2.9996793
48181,8.035326
48182,31.747364
48183,5.6833334
48184,9.023586
48185,11.10204
48186,8.322668
48187,9.794465
48188,9.032367
48189,9.59564
48190,8.554006
48191,3.6666667
48192,9.022158
48193,10.307074
48194,10.505674
48195,9.747839
48196,7.7156386
48197,6.9666667
48198,20.286634
48199,3.122894
48200,8.596006
48201,8.816044
48202,2.0835636
48203,8.095827
48204,19.904419
48205,1.7395335
48206,5.6059523
48207,12.764121
48208,9.915454
48209,12.598173
48210,10.181761
48211,19.173418
48212,8.016999
48213,10.00015
48214,10.828225
48215,9.399326
48216,8.924754
48217,2.0957232
48218,24.62112
48219,8.6411085
48220,9.452272
48221,16.730486
48222,8.830643
48223,8.835283
48224,9.557693
48225,7.0461926
48226,10.399143
48227,1.8498819
48228,7.041868
48229,19.626612
48230,8.948359
48231,10.259685
48232,8.023016
48233,7.8652854
48234,11.258881
48235,7.9713907
48236,10.064658
48237,8.560888
48238,9.528787
48239,9.825828
48240,21.268383
48241,8.066667
48242,8.635483
48243,8.168958
48244,18.239006
48245,5.0943055
48246,8.363144
48247,9.513639
48248,8.646346
48249,9.711863
48250,21.388765
48251,8.316183
48252,8.88939
48253,8.891901
48254,7.9274883
48255,8.728003
48256,8.68385
48257,10.957955
48258,9.243252
48259,10.318208
48260,7.947756
48261,8.686572
48262,7.9890485
48263,8.179601
48264,15.338849
48265,6.7100124
48266,22.025866
48267,8.756662
48268,10.0
48269,29.839636
48270,9.403705
48271,11.001231
48272,8.205295
48273,8.71594
48274,9.44183
48275,10.786796
48276,10.447345
48277,9.389219
48278,4.9829087
48279,8.881497
48280,1.7497939
48281,3.1166666
48282,3.6169531
48283,8.459283
48284,6.7833333
48285,0.08790493
48286,1.2833333
48287,31.927706
48288,6.9043403
48289,7.242577
48290,9.803416
48291,2.1468875
48292,7.6437087
48293,9.122007
48294,8.270661
48295,8.569144
48296,9.411183
48297,9.611131
48298,18.088285
48299,7.430919
48300,10.02725
48301,8.852316
48302,8.73654
48303,10.469216
48304,17.0274
48305,2.078732
48306,16.193272
48307,10.816667
48308,5.663323
48309,10.167902
48310,8.427955
48311,6.6986165
48312,15.545761
48313,6.7412057
48314,8.987014
48315,18.281336
48316,7.0593204
48317,7.0501165
48318,8.517066
48319,7.0353994
48320,19.305294
48321,8.251731
48322,8.485596
48323,9.377743
48324,8.755238
48325,1.8286865
48326,7.008481
48327,8.644223
48328,9.253025
48329,1.3653995
48330,15.27957
48331,11.875494
48332,13.498878
48333,7.54323
48334,10.57156
48335,7.7973228
48336,9.621224
48337,9.480359
48338,8.28097
48339,14.519392
48340,19.113558
48341,3.3
48342,3.8201334
48343,7.130885
48344,2.2580464
48345,10.181555
48346,10.710683
48347,4.5482073
48348,11.716549
48349,9.3562765
48350,8.581893
48351,1.9753296
48352,6.3662524
48353,8.336751
48354,21.235563
48355,5.0028486
48356,5.3984556
48357,7.6114573
48358,9.952317
48359,21.03525
48360,5.397128
48361,33.130333
48362,6.2930746
48363,2.4590576
48364,5.787444
48365,8.801111
48366,0.18333334
48367,18.897116
48368,18.136988
48369,8.701779
48370,7.9844065
48371,8.848818
48372,9.199308
48373,5.982351
48374,11.932618
48375,8.540574
48376,9.298643
48377,7.8871655
48378,8.158215
48379,1.871824
48380,9.472744
48381,9.912546
48382,11.546128
48383,9.060995
48384,11.880367
48385,11.690203
48386,7.468532
48387,9.774343
48388,2.858734
48389,9.307298
48390,8.855932
48391,8.781266
48392,9.386103
48393,8.619221
48394,1.6545138
48395,16.32002
48396,8.896836
48397,8.655913
48398,1.344673
48399,9.098315
48400,23.324438
48401,7.1514225
48402,1.9146205
48403,29.015684
48404,6.4115443
48405,2.118961
48406,7.0527472
48407,2.1394885
48408,3.0004098
48409,3.8289475
48410,10.066144
48411,10.350498
48412,11.062376
48413,10.884541
48414,8.275255
48415,42.728954
48416,6.4518847
48417,24.261044
48418,8.626668
48419,9.672825
48420,8.61892
48421,8.336583
48422,29.68053
48423,4.890084
48424,9.442289
48425,8.088549
48426,3.85
48427,5.8317504
48428,10.234943
48429,9.812275
48430,27.985762
48431,6.976144
48432,9.112759
48433,3.510666
48434,7.7797184
48435,8.773535
48436,9.408061
48437,0.78115463
48438,6.7941904
48439,16.49212
48440,7.554029
48441,3.1861777
48442,7.9614735
48443,11.361796
48444,8.379945
48445,8.034833
48446,9.885311
48447,8.720478
48448,6.894811
48449,10.809588
48450,4.473734
48451,25.89369
48452,6.660525
48453,8.617647
48454,9.998751
48455,6.9950747
48456,5.6018677
48457,9.389758
48458,17.47281
48459,8.206916
48460,1.9237117
48461,7.5418477
48462,8.246804
48463,10.954691
48464,23.454458
48465,5.3639417
48466,8.1560135
48467,7.4430776
48468,1.5917302
48469,7.087168
48470,7.4976053
48471,8.7282095
48472,7.5882354
48473,9.853412
48474,8.060344
48475,9.805511
48476,19.798084
48477,11.623368
48478,11.516023
48479,8.920099
48480,1.715112
48481,8.433333
48482,17.78479
48483,15.585543
48484,9.723171
48485,9.923251
48486,1.8861135
48487,5.8973155
48488,6.840858
48489,2.6150305
48490,10.550332
48491,9.985541
48492,21.334997
48493,0.5090316
48494,6.829024
48495,17.148233
48496,19.923174
48497,8.288455
48498,7.9254694
48499,8.909696
48500,2.2469442
48501,3.676891
48502,3.1814256
48503,9.638128
48504,2.3402133
48505,6.069542
48506,5.185325
48507,3.3764997
48508,6.4906435
48509,7.794286
48510,1.4904658
48511,6.4337096
48512,7.4827914
48513,8.238832
48514,9.069667
48515,8.249076
48516,8.484999
48517,4.399768
48518,17.013504
48519,9.02254
48520,19.615181
48521,6.9598355
48522,3.6666667
48523,14.361364
48524,8.967027
48525,2.5401428
48526,5.668266
48527,7.565443
48528,7.83256
48529,20.61197
48530,1.4029185
48531,7.913041
48532,9.576917
48533,9.056432
48534,10.883077
48535,8.634068
48536,9.192674
48537,8.145381
48538,21.941704
48539,17.206621
48540,0.9745677
48541,7.8155284
48542,9.732461
48543,3.6745315
48544,1.4438871
48545,3.797397
48546,8.483411
48547,8.907334
48548,10.58315
48549,17.966667
48550,12.728564
48551,3.6666667
48552,6.7630033
48553,25.138517
48554,8.825867
48555,23.503569
48556,17.504446
48557,7.3242664
48558,0.9166667
48559,9.411739
48560,9.003656
48561,9.358915
48562,8.210333
48563,9.689139
48564,3.0318656
48565,8.9206
48566,1.1693714
48567,10.910693
48568,7.3506265
48569,8.155393
48570,23.15924
48571,20.543217
48572,8.841061
48573,2.2363977
48574,8.784199
48575,10.920524
48576,7.7716827
48577,11.025085
48578,8.623598
48579,9.857518
48580,8.927625
48581,28.87459
48582,6.9596853
48583,9.760595
48584,11.233974
48585,8.320624
48586,7.782937
48587,8.395037
48588,9.940703
48589,9.109752
48590,7.6333117
48591,11.71251
48592,18.583181
48593,7.9223866
48594,10.151626
48595,18.599058
48596,21.010311
48597,5.9543533
48598,9.409133
48599,1.4362732
48600,7.7335286
48601,9.893648
48602,7.7448297
48603,2.9283683
48604,4.29384
48605,3.3157427
48606,10.610565
48607,10.422301
48608,7.901757
48609,9.429623
48610,8.588124
48611,9.978771
48612,8.087087
48613,10.019421
48614,8.258328
48615,8.794831
48616,17.628002
48617,7.700411
48618,7.6452417
48619,7.1996765
48620,16.645449
48621,6.635905
48622,17.64493
48623,1.238362
48624,6.686792
48625,8.822585
48626,19.522406
48627,3.6519291
48628,21.247866
48629,16.22595
48630,7.923978
48631,2.430288
48632,7.1296215
48633,15.142582
48634,10.094317
48635,7.411028
48636,7.7186346
48637,9.531196
48638,10.661346
48639,8.192667
48640,1.7804703
48641,15.501468
48642,8.202251
48643,10.305167
48644,3.7166517
48645,9.703327
48646,10.686255
48647,9.731038
48648,8.47617
48649,8.839377
48650,7.658133
48651,3.1792085
48652,25.643444
48653,16.432945
48654,7.5984483
48655,8.542101
48656,9.1151
48657,11.103806
48658,7.411203
48659,3.9141183
48660,6.1397715
48661,2.0166667
48662,7.6514883
48663,8.180189
48664,9.646535
48665,27.131048
48666,5.5262256
48667,10.232251
48668,9.529251
48669,1.727096
48670,15.722963
48671,7.0662904
48672,5.632918
48673,10.828201
48674,8.714484
48675,9.503009
48676,9.528732
48677,6.5588074
48678,4.922557
48679,9.042089
48680,8.068466
48681,1.4666667
48682,28.687021
48683,7.5102744
48684,2.311722
48685,7.174509
48686,10.247883
48687,9.588289
48688,7.528996
48689,9.852799
48690,1.7097156
48691,27.302864
48692,7.150531
48693,8.350445
48694,9.763399
48695,9.046331
48696,7.095823
48697,3.1229656
48698,4.610253
48699,3.2462199
48700,8.749829
48701,14.987342
48702,1.2875001
48703,2.7546568
48704,6.387933
48705,8.290593
48706,2.2150757
48707,25.11905
48708,20.740227
48709,7.463089
48710,1.8040899
48711,6.255842
48712,3.85
48713,15.460373
48714,9.765379
48715,22.603508
48716,8.23869
48717,1.2512286
48718,4.4
48719,3.1733994
48720,2.2215598
48721,29.159502
48722,6.6804404
48723,4.3704824
48724,17.88684
48725,1.2915372
48726,7.3627787
48727,9.801237
48728,9.258907
48729,7.526072
48730,20.299011
48731,8.580701
48732,8.1017885
48733,10.266679
48734,2.7587175
48735,5.8302174
48736,22.651665
48737,6.8148704
48738,8.022508
48739,8.706331
48740,11.107865
48741,25.3
48742,10.096804
48743,11.5629835
48744,17.143171
48745,8.160757
48746,7.903902
48747,13.497379
48748,4.602186
48749,12.417064
48750,11.593811
48751,10.722597
48752,6.7833333
48753,11.921995
48754,1.2833333
48755,4.696982
48756,2.205062
48757,10.22926
48758,9.767445
48759,1.8303472
48760,7.4595366
48761,9.769098
48762,0.18333334
48763,38.27427
48764,8.356119
48765,10.582017
48766,8.160194
48767,7.6455283
48768,8.671976
48769,8.267139
48770,17.991995
48771,0.7425625
48772,6.6602
48773,7.6363087
48774,7.0275555
48775,8.995343
48776,10.923403
48777,7.9738393
48778,3.4833333
48779,10.280928
48780,7.384794
48781,7.9347296
48782,1.9940611
48783,8.275556
48784,25.493567
48785,5.917931
48786,11.1264305
48787,8.654712
48788,8.39309
48789,11.115726
48790,7.7247305
48791,0.9166667
48792,8.836175
48793,8.556651
48794,4.113412
48795,8.628766
48796,9.208647
48797,9.053756
48798,5.693039
48799,2.128657
48800,8.354999
48801,10.083333
48802,29.310791
48803,6.034311
48804,1.9917332
48805,5.82315
48806,1.8282174
48807,6.4653163
48808,9.890795
48809,2.8586226
48810,6.3602057
48811,8.633772
48812,5.932426
48813,2.3672583
48814,3.638236
48815,3.6673706
48816,19.777304
48817,9.583497
48818,7.2589083
48819,16.667818
48820,0.8204461
48821,6.914933
48822,6.2359414
48823,10.965165
48824,1.8164556
48825,8.454753
48826,6.952414
48827,11.436385
48828,13.38407
48829,6.942861
48830,18.1953
48831,6.5519967
48832,7.8836527
48833,7.516667
48834,3.1216307
48835,9.081229
48836,9.272138
48837,10.735012
48838,8.099645
48839,8.876825
48840,8.272434
48841,4.4
48842,18.58068
48843,0.90388465
48844,7.053344
48845,0.08854071
48846,9.810815
48847,3.268846
48848,5.362241
48849,2.599295
48850,7.488665
48851,9.016194
48852,8.641044
48853,10.410085
48854,8.643548
48855,1.6307435
48856,6.258798
48857,4.4943175
48858,2.8779907
48859,9.399191
48860,2.5666666
48861,6.150818
48862,17.099325
48863,7.1715117
48864,10.588143
48865,9.512751
48866,8.747919
48867,10.006191
48868,8.53285
48869,31.261824
48870,7.156165
48871,0.36666667
48872,9.856878
48873,2.0166667
48874,7.314674
48875,8.53991
48876,4.2664137
48877,9.321889
48878,11.151433
48879,6.45318
48880,9.274475
48881,19.751242
48882,7.7950234
48883,9.978794
48884,8.41605
48885,16.046682
48886,6.7833333
48887,11.529621
48888,1.8577497
48889,9.130709
48890,27.979015
48891,7.152246
48892,10.33744
48893,9.662572
48894,7.3680415
48895,3.6970851
48896,6.2589173
48897,1.4534953
48898,19.610456
48899,7.9923787
48900,9.543762
48901,18.638994
48902,12.174979
48903,0.36666667
48904,17.120434
48905,5.093447
48906,3.1311274
48907,21.102747
48908,5.9146094
48909,3.21273
48910,22.8144
48911,6.9727826
48912,8.612427
48913,10.377915
48914,7.1768136
48915,14.902283
48916,5.1905
48917,9.6089945
48918,19.941835
48919,7.356803
48920,10.190861
48921,8.809272
48922,7.0202355
48923,16.396826
48924,8.130265
48925,14.191198
48926,8.225648
48927,8.955749
48928,4.3912334
48929,8.74714
48930,8.77118
48931,10.391052
48932,18.991411
48933,21.896013
48934,9.837484
48935,9.902606
48936,9.210284
48937,9.412272
48938,7.78777
48939,10.266666
48940,8.456923
48941,32.51569
48942,13.367685
48943,2.8263886
48944,7.4541726
48945,19.30511
48946,10.026589
48947,10.339482
48948,1.7725629
48949,16.483212
48950,7.6266522
48951,21.90373
48952,7.2806916
48953,8.415089
48954,12.810589
48955,0.92751175
48956,0.7199128
48957,7.594649
48958,8.231378
48959,12.319057
48960,9.352103
48961,10.279083
48962,7.7514477
48963,17.172916
48964,5.420303
48965,8.593416
48966,16.002537
48967,7.525771
48968,30.855846
48969,7.654961
48970,8.296411
48971,12.156646
48972,9.476162
48973,10.892788
48974,1.2356602
48975,0.33195814
48976,7.3503337
48977,7.3411074
48978,8.4301
48979,10.046076
48980,17.766642
48981,15.831883
48982,8.865691
48983,8.31844
48984,8.716296
48985,8.952316
48986,11.722351
48987,8.025075
48988,16.209711
48989,8.575885
48990,8.157056
48991,11.3562355
48992,8.086118
48993,19.859314
48994,8.415087
48995,1.9244274
48996,5.7029004
48997,20.10232
48998,9.157776
48999,22.716286
49000,28.208
49001,7.1447062
49002,7.996917
49003,9.184464
49004,7.264932
49005,3.4833333
49006,3.908269
49007,0.55
49008,11.388676
49009,2.534167
49010,8.1955595
49011,10.805997
49012,6.325397
49013,2.2414682
49014,6.410599
49015,19.557089
49016,8.160234
49017,8.262992
49018,6.8045607
49019,10.99705
49020,9.726358
49021,1.65
49022,7.4411235
49023,9.194804
49024,8.871818
49025,7.5917163
49026,8.739376
49027,8.397476
49028,6.3858743
49029,14.450374
49030,7.525905
49031,7.274
49032,8.08855
49033,3.6379418
49034,27.752474
49035,6.7851133
49036,8.428058
49037,17.21425
49038,1.7205003
49039,7.805253
49040,9.918866
49041,10.038671
49042,1.7151358
49043,6.2022204
49044,10.0663595
49045,10.394757
49046,17.305693
49047,7.6479115
49048,2.3061116
49049,7.5256357
49050,7.796272
49051,17.343342
49052,14.429102
49053,14.287638
49054,8.734869
49055,9.531138
49056,10.35378
49057,9.0013895
49058,9.554348
49059,3.669628
49060,17.922527
49061,7.4081416
49062,17.600424
49063,7.495578
49064,20.77774
49065,7.7802653
49066,8.67958
49067,17.967764
49068,1.1389574
49069,6.571841
49070,8.412679
49071,9.72635
49072,8.535991
49073,9.196733
49074,11.794089
49075,9.944509
49076,9.272965
49077,2.0483174
49078,8.110381
49079,0.69850284
49080,8.073808
49081,32.622612
49082,5.5298657
49083,9.653459
49084,6.6317077
49085,9.243123
49086,11.5604725
49087,3.7294235
49088,4.0333333
49089,0.4629135
49090,6.978933
49091,6.695335
49092,10.855667
49093,9.643809
49094,4.0521536
49095,9.987172
49096,19.792383
49097,8.472657
49098,9.425783
49099,2.0506697
49100,7.629348
49101,2.1190093
49102,7.40215
49103,8.133967
49104,4.027764
49105,7.61075
49106,9.033052
49107,16.244617
49108,42.00263
49109,4.3313746
49110,0.6976604
49111,8.972337
49112,7.9137554
49113,8.301917
49114,2.6326573
49115,7.7779055
49116,7.5117035
49117,11.950485
49118,8.594926
49119,8.844773
49120,11.359414
49121,9.357851
49122,9.498246
49123,15.673129
49124,9.118978
49125,11.423498
49126,7.7213917
49127,9.325855
49128,7.7094235
49129,8.239159
49130,11.733518
49131,16.496357
49132,7.9710245
49133,9.000669
49134,7.0352554
49135,1.7211912
49136,10.082769
49137,28.478125
49138,6.675181
49139,9.780638
49140,8.442195
49141,22.091492
49142,8.383472
49143,8.918445
49144,9.903107
49145,1.6705515
49146,6.299496
49147,10.177063
49148,0.82732844
49149,9.373831
49150,19.394665
49151,8.991368
49152,1.2438377
49153,6.969753
49154,11.127042
49155,11.340286
49156,11.610215
49157,4.723795
49158,7.584898
49159,17.312962
49160,10.225385
49161,8.743358
49162,8.169954
49163,9.52889
49164,15.550049
49165,9.81513
49166,18.283487
49167,8.460292
49168,4.695997
49169,2.258809
49170,3.5411594
49171,7.67568
49172,9.647186
49173,9.436433
49174,7.852507
49175,8.78768
49176,8.262309
49177,15.46135
49178,13.58095
49179,14.240798
49180,8.58527
49181,5.6833334
49182,14.65416
49183,9.365599
49184,6.4654837
49185,9.096354
49186,18.362997
49187,7.6170926
49188,8.260251
49189,6.504845
49190,5.2977242
49191,2.9333334
49192,15.7347765
49193,3.096319
49194,2.109043
49195,2.7013624
49196,10.812578
49197,7.4386363
49198,8.692391
49199,11.230819
49200,7.925796
49201,9.176661
49202,8.55178
49203,8.4517
49204,7.895628
49205,8.20148
49206,8.243983
49207,17.778141
49208,7.9934287
49209,6.435745
49210,3.4210372
49211,9.776393
49212,18.447695
49213,1.65
49214,28.247149
49215,3.2277267
49216,2.5080442
49217,10.096495
49218,7.235717
49219,6.9334354
49220,9.469232
49221,7.347687
49222,9.490308
49223,11.207652
49224,7.9298654
49225,8.527225
49226,3.0065303
49227,7.0191703
49228,5.2472363
49229,7.641428
49230,8.7811775
49231,1.8005689
49232,6.747222
49233,9.506305
49234,8.735799
49235,8.12982
49236,9.838986
49237,13.073851
49238,32.91761
49239,6.5652213
49240,9.482527
49241,7.037616
49242,10.00347
49243,9.094033
49244,9.010555
49245,10.108702
49246,8.181224
49247,9.140564
49248,8.400877
49249,13.216208
49250,8.373427
49251,17.186972
49252,0.8265892
49253,14.444033
49254,8.804637
49255,4.4571166
49256,8.681113
49257,8.60463
49258,6.8967257
49259,4.3661437
49260,7.207116
49261,1.3431628
49262,13.054847
49263,2.138583
49264,7.4560485
49265,10.063751
49266,20.2782
49267,0.36182398
49268,19.146557
49269,7.6419983
49270,11.45177
49271,3.3989115
49272,11.567435
49273,9.034237
49274,8.065423
49275,27.970205
49276,8.509351
49277,14.835239
49278,6.298392
49279,12.045941
49280,8.690389
49281,10.842118
49282,10.401202
49283,7.3935423
49284,8.232871
49285,8.505195
49286,39.827866
49287,5.953264
49288,2.6337621
49289,7.573446
49290,16.716522
49291,7.5622873
49292,2.695696
49293,18.53737
49294,17.717535
49295,1.3489804
49296,6.357536
49297,22.999447
49298,28.660425
49299,7.4747243
49300,2.894346
49301,19.012629
49302,9.610169
49303,8.746266
49304,9.570035
49305,9.53648
49306,9.789348
49307,9.566306
49308,13.579307
49309,22.14622
49310,0.6928127
49311,17.673025
49312,18.23419
49313,4.5951204
49314,0.18333334
49315,9.447114
49316,9.481262
49317,19.501532
49318,8.222167
49319,23.395952
49320,9.391539
49321,11.332026
49322,8.701037
49323,8.084536
49324,1.14402
49325,16.667263
49326,8.684928
49327,12.953208
49328,19.769215
49329,8.238442
49330,8.815177
49331,9.625444
49332,8.475591
49333,16.658901
49334,18.180553
49335,8.429393
49336,9.895817
49337,5.44138
49338,3.0557
49339,7.843041
49340,14.148786
49341,8.151936
49342,8.365273
49343,13.016666
49344,15.341378
49345,7.124956
49346,10.7211895
49347,7.9153867
49348,19.047394
49349,1.1
49350,8.414801
49351,9.930221
49352,11.458676
49353,18.935982
49354,8.819605
49355,2.2793777
49356,5.7401824
49357,2.2225695
49358,16.751965
49359,11.437789
49360,10.339865
49361,7.0270157
49362,11.869765
49363,10.751797
49364,8.440876
49365,9.342877
49366,8.888999
49367,9.431624
49368,10.276947
49369,7.6579256
49370,19.0531
49371,1.2833333
49372,28.481096
49373,6.2988205
49374,9.102011
49375,9.325152
49376,8.690547
49377,8.353885
49378,2.7460663
49379,7.8359756
49380,18.24714
49381,8.011937
49382,9.623799
49383,8.433199
49384,11.0
49385,0.74397725
49386,6.398415
49387,8.893697
49388,9.070827
49389,7.3608317
49390,9.855104
49391,18.108023
49392,5.9743237
49393,6.040708
49394,2.415363
49395,0.36666667
49396,16.550182
49397,1.4521998
49398,5.7514744
49399,0.0390927
49400,10.63529
49401,9.703105
49402,10.216508
49403,10.007858
49404,7.2497773
49405,6.521519
49406,7.7
49407,19.162329
49408,1.6284543
49409,6.480606
49410,8.179004
49411,6.1843796
49412,2.261273
49413,9.845782
49414,9.640208
49415,9.139449
49416,11.258859
49417,5.0162554
49418,0.77292925
49419,8.916791
49420,7.3517475
49421,3.3204947
49422,8.123645
49423,15.414334
49424,7.8609314
49425,8.165105
49426,5.9761047
49427,8.683109
49428,8.331162
49429,0.08607706
49430,7.9566073
49431,10.371313
49432,8.803885
49433,7.956887
49434,7.8479686
49435,17.601696
49436,8.443205
49437,5.3590693
49438,20.424564
49439,6.9881988
49440,8.701754
49441,19.779531
49442,20.425936
49443,7.0586133
49444,8.178703
49445,17.22324
49446,12.826173
49447,7.6988306
49448,4.3457584
49449,6.106878
49450,7.964238
49451,7.15
49452,18.796131
49453,6.366054
49454,9.657368
49455,9.575408
49456,6.25778
49457,3.6666667
49458,3.8192668
49459,4.0333333
49460,16.08517
49461,6.233333
49462,2.574698
49463,3.787605
49464,2.2
49465,6.0360675
49466,18.702087
49467,5.9428377
49468,10.966174
49469,10.057229
49470,11.639658
49471,8.593084
49472,2.5666666
49473,8.730561
49474,2.2
49475,16.466623
49476,7.5769744
49477,7.7490172
49478,6.6105437
49479,31.235472
49480,7.625834
49481,7.7664933
49482,3.85
49483,13.74295
49484,9.215666
49485,10.554625
49486,8.002655
49487,10.46113
49488,8.454339
49489,9.327985
49490,9.8099785
49491,2.2476513
49492,8.066187
49493,2.3833334
49494,12.804056
49495,10.951941
49496,11.040456
49497,6.797806
49498,2.0749729
49499,2.4147348
49500,16.426579
49501,7.893427
49502,10.364294
49503,8.31995
49504,10.592088
49505,28.966667
49506,0.13379256
49507,8.070548
49508,8.629791
49509,7.479922
49510,8.069101
49511,8.608276
49512,35.477467
49513,1.5178525
49514,7.825297
49515,10.002295
49516,1.3204652
49517,6.7807913
49518,9.966102
49519,10.688035
49520,10.466504
49521,1.9706169
49522,4.7469134
49523,10.0725565
49524,20.566164
49525,6.3671517
49526,10.862962
49527,27.56078
49528,7.2897286
49529,8.561881
49530,9.582774
49531,8.822695
49532,6.7244687
49533,8.36347
49534,7.8136363
49535,9.672269
49536,6.4519014
49537,10.638882
49538,1.5680709
49539,6.7203846
49540,7.151747
49541,8.837962
49542,8.872679
49543,12.659894
49544,4.366072
49545,0.101757035
49546,11.769692
49547,7.7029395
49548,1.7589175
49549,16.539845
49550,2.3844717
49551,8.139372
49552,9.481486
49553,8.681165
49554,9.173965
49555,9.252667
49556,19.628931
49557,8.624459
49558,14.532789
49559,3.2202566
49560,3.5983248
49561,7.8084154
49562,7.854255
49563,9.468668
49564,2.5960367
49565,5.555718
49566,2.6696284
49567,7.199406
49568,14.007172
49569,8.832702
49570,3.3981166
49571,7.293989
49572,8.707595
49573,16.47954
49574,1.7976207
49575,6.429291
49576,18.958233
49577,7.9479694
49578,9.336011
49579,8.645225
49580,7.4487686
49581,8.770721
49582,11.478017
49583,1.5952271
49584,7.4061465
49585,7.76983
49586,1.6763129
49587,5.5182137
49588,8.872677
49589,17.766867
49590,26.460388
49591,0.028109554
49592,6.073539
49593,2.2171416
49594,18.109505
49595,5.3593554
49596,6.07679
49597,10.9538555
49598,9.790818
49599,8.096918
49600,7.0523114
49601,2.8726573
49602,6.962633
49603,8.547744
49604,2.9897132
49605,8.365243
49606,7.2695813
49607,10.910789
49608,8.273975
49609,10.421212
49610,10.158346
49611,18.574373
49612,16.461931
49613,5.0743737
49614,13.001522
49615,6.420819
49616,10.984363
49617,9.560513
49618,7.192048
49619,11.359287
49620,12.257823
49621,5.5
49622,12.041959
49623,8.683626
49624,8.921234
49625,10.3211565
49626,3.4833333
49627,14.303025
49628,10.222522
49629,65.265526
49630,2.4407706
49631,8.42538
49632,9.81787
49633,9.138369
49634,8.484912
49635,11.0182295
49636,10.439046
49637,12.179381
49638,5.4998317
49639,9.373046
49640,7.716435
49641,16.695238
49642,9.77288
49643,8.380726
49644,1.9772054
49645,6.9139404
49646,8.5868025
49647,9.000913
49648,7.227071
49649,3.1203659
49650,9.976476
49651,7.608183
49652,9.347988
49653,8.417806
49654,11.202925
49655,8.661142
49656,2.2801085
49657,8.724737
49658,7.513666
49659,8.65741
49660,26.511332
49661,5.6907425
49662,9.870257
49663,7.1793475
49664,30.66762
49665,5.3188014
49666,2.7244334
49667,6.114333
49668,18.909666
49669,0.8055687
49670,5.628252
49671,9.867326
49672,8.891225
49673,13.383333
49674,4.3817205
49675,9.108138
49676,0.33133826
49677,8.373746
49678,9.803145
49679,13.75
49680,6.4850802
49681,9.481033
49682,8.715596
49683,26.1882
49684,0.5656402
49685,3.4194465
49686,21.5727
49687,8.281772
49688,10.317398
49689,10.373545
49690,1.7930745
49691,6.934261
49692,9.204714
49693,7.569528
49694,10.880073
49695,9.33327
49696,28.90055
49697,5.6080413
49698,10.7920475
49699,1.813698
49700,5.1103597
49701,10.157681
49702,2.7935503
49703,9.201583
49704,9.06496
49705,8.430648
49706,8.270423
49707,8.172018
49708,18.179056
49709,41.49914
49710,3.7390869
49711,0.66076916
49712,9.75415
49713,8.352606
49714,7.7318516
49715,9.68941
49716,1.4127731
49717,8.298826
49718,9.4750185
49719,8.649659
49720,6.1062093
49721,9.907715
49722,12.695653
49723,7.89245
49724,9.371472
49725,9.506743
49726,10.159589
49727,8.359226
49728,8.451271
49729,9.444277
49730,2.471638
49731,7.676045
49732,9.190377
49733,6.7558284
49734,9.334501
49735,8.056776
49736,19.816652
49737,28.864994
49738,6.0319276
49739,19.566593
49740,7.3502307
49741,8.563464
49742,8.945394
49743,8.424959
49744,9.717329
49745,1.5142045
49746,7.388204
49747,2.3315668
49748,7.2522388
49749,10.061305
49750,2.6677446
49751,7.302182
49752,9.538922
49753,8.139676
49754,1.6394218
49755,1.0804889
49756,18.005562
49757,8.756161
49758,6.501452
49759,7.7934275
49760,1.2753329
49761,19.592016
49762,8.3171835
49763,9.15286
49764,2.1697361
49765,6.726917
49766,9.851043
49767,28.692554
49768,6.925529
49769,1.8333334
49770,15.372363
49771,9.554061
49772,12.724581
49773,8.501044
49774,9.432888
49775,12.796831
49776,13.105985
49777,3.5515149
49778,4.01082
49779,10.531535
49780,8.694165
49781,8.353823
49782,19.863836
49783,0.21734242
49784,7.32274
49785,11.297956
49786,8.621207
49787,9.085647
49788,10.114123
49789,8.518093
49790,7.838145
49791,8.711703
49792,9.8503275
49793,1.3791562
49794,21.82111
49795,6.158932
49796,7.0799346
49797,10.321149
49798,8.728044
49799,7.9822783
49800,15.393351
49801,0.15700658
49802,25.307697
49803,6.0168586
49804,9.0434
49805,21.220964
49806,6.2890058
49807,8.829896
49808,8.637738
49809,1.5392939
49810,8.585684
49811,8.912857
49812,2.3379564
49813,7.2037864
49814,9.544706
49815,5.906073
49816,7.354021
49817,10.297241
49818,10.339524
49819,6.9763904
49820,9.057309
49821,4.6640477
49822,7.2544646
49823,8.80174
49824,5.852031
49825,8.902263
49826,9.111358
49827,21.492603
49828,16.533749
49829,8.5708065
49830,10.024888
49831,2.1551688
49832,6.82946
49833,2.6237009
49834,0.4504919
49835,7.9095206
49836,17.184225
49837,6.3504376
49838,17.817537
49839,9.405543
49840,8.32835
49841,12.970489
49842,7.9541845
49843,9.067122
49844,11.678784
49845,18.778215
49846,0.31797886
49847,7.2595453
49848,8.728131
49849,8.579317
49850,9.551349
49851,9.062148
49852,7.6045046
49853,8.431776
49854,8.0691185
49855,7.9405303
49856,2.6828766
49857,20.517973
49858,2.983348
49859,4.3383203
49860,10.404206
49861,10.442241
49862,1.1689663
49863,43.822006
49864,20.051323
49865,17.842428
49866,1.5213727
49867,7.9345865
49868,5.866667
49869,5.1778474
49870,4.4241996
49871,7.095862
49872,2.8016174
49873,7.7013984
49874,10.014032
49875,5.2226944
49876,8.000398
49877,17.614046
49878,3.7023787
49879,18.96767
49880,8.294605
49881,11.903906
49882,15.428084
49883,9.192767
49884,9.951227
49885,7.780073
49886,8.306822
49887,18.940344
49888,8.226752
49889,8.875036
49890,8.977144
49891,1.375127
49892,6.5807266
49893,10.1153145
49894,21.60931
49895,0.5790472
49896,9.677515
49897,11.438219
49898,3.9594417
49899,10.053507
49900,7.7791057
49901,9.820199
49902,7.3176146
49903,17.729227
49904,6.6296906
49905,9.670164
49906,6.495858
49907,9.29896
49908,7.873971
49909,17.526777
49910,8.046198
49911,21.78121
49912,5.723175
49913,2.718552
49914,5.7204328
49915,9.978962
49916,8.2708435
49917,7.947285
49918,4.7244635
49919,7.927061
49920,8.822314
49921,8.259884
49922,8.847024
49923,8.579722
49924,7.1438236
49925,8.883691
49926,14.247776
49927,7.7746
49928,1.6803106
49929,7.013933
49930,9.0585165
49931,8.123915
49932,8.616791
49933,10.955659
49934,5.6311693
49935,5.413199
49936,10.4423685
49937,1.9652207
49938,7.2661953
49939,8.92903
49940,8.840173
49941,1.4025291
49942,7.776626
49943,2.417517
49944,0.7749001
49945,5.982518
49946,8.914487
49947,8.940554
49948,18.084574
49949,7.538796
49950,8.540114
49951,2.8303943
49952,7.787682
49953,0.18333334
49954,4.93737
49955,11.414719
49956,15.289347
49957,7.1876373
49958,10.949915
49959,6.617714
49960,8.106725
49961,9.479732
49962,7.634807
49963,9.459546
49964,9.0535555
49965,4.8117633
49966,10.791661
49967,17.35174
49968,10.485188
49969,9.0378065
49970,9.634725
49971,1.8333334
49972,7.4599333
49973,8.886228
49974,8.510432
49975,7.3425226
49976,7.187335
49977,9.333388
49978,8.364058
49979,8.617997
49980,9.010036
49981,7.6007285
49982,10.147629
49983,7.6449075
49984,14.16184
49985,6.3571777
49986,7.0593905
49987,22.2311
49988,17.274508
49989,7.62368
49990,7.2942657
49991,12.309718
49992,6.2333193
49993,5.489571
49994,18.210348
49995,8.174189
49996,9.612775
49997,12.442717
49998,8.982691
49999,20.259155
50000,2.3585951
50001,9.491848
50002,20.82983
50003,14.903012
50004,9.855566
50005,14.986635
50006,7.1447935
50007,9.581385
50008,7.7023096
50009,19.212158
50010,7.5232515
50011,11.903303
50012,19.526981
50013,8.0702305
50014,8.089456
50015,7.9991975
50016,5.6872044
50017,2.6103494
50018,10.164753
50019,7.515327
50020,10.692979
50021,11.480704
50022,9.919134
50023,1.824991
50024,6.783287
50025,10.972977
50026,4.4
50027,17.58157
50028,17.2889
50029,8.413322
50030,2.616342
50031,7.3576374
50032,10.57233
50033,18.272375
50034,7.505957
50035,7.239485
50036,41.490597
50037,4.865726
50038,0.18333334
50039,31.494818
50040,6.2033405
50041,3.263124
50042,18.66495
50043,11.274545
50044,9.751334
50045,20.240055
50046,7.905865
50047,11.075086
50048,9.497975
50049,12.166757
50050,8.002027
50051,9.992918
50052,4.765257
50053,2.686183
50054,3.5101807
50055,13.75
50056,9.449728
50057,8.638279
50058,1.8826485
50059,17.793413
50060,17.533838
50061,8.099302
50062,10.524933
50063,11.636623
50064,7.235853
50065,8.076994
50066,8.849558
50067,9.089294
50068,8.393804
50069,3.8490932
50070,10.815001
50071,9.074418
50072,10.0675745
50073,1.6216996
50074,4.6089325
50075,20.828865
50076,7.1998677
50077,11.34669
50078,17.197962
50079,10.153952
50080,8.5950365
50081,8.829133
50082,5.4730735
50083,3.7792053
50084,1.1
50085,12.23212
50086,10.338117
50087,18.700642
50088,0.7540624
50089,5.8309803
50090,5.0302973
50091,1.7845151
50092,10.9762125
50093,9.803908
50094,13.383333
50095,14.12228
50096,8.205168
50097,16.220102
50098,6.6231666
50099,7.678779
50100,10.198625
50101,9.497818
50102,6.4375005
50103,9.523456
50104,9.90781
50105,3.6297953
50106,7.7433105
50107,29.67967
50108,3.4080904
50109,8.831278
50110,10.198466
50111,12.061304
50112,4.95
50113,10.792565
50114,9.380522
50115,1.5115659
50116,14.496548
50117,7.9657474
50118,3.009089
50119,7.8145123
50120,10.924253
50121,9.238059
50122,8.027674
50123,22.775074
50124,6.274939
50125,2.7150161
50126,7.412664
50127,9.080114
50128,1.5236455
50129,16.600117
50130,5.8287244
50131,2.1416268
50132,19.500402
50133,23.250725
50134,5.232541
50135,10.919
50136,8.641339
50137,10.028076
50138,11.827828
50139,9.604059
50140,10.110348
50141,5.1611347
50142,1.8812736
50143,11.609786
50144,4.5494313
50145,10.094381
50146,6.6422215
50147,3.3868318
50148,7.523871
50149,6.4776106
50150,17.561245
50151,9.777506
50152,1.3985238
50153,4.1794305
50154,8.722098
50155,9.616868
50156,9.20693
50157,6.1599417
50158,8.554919
50159,8.660428
50160,7.433408
50161,10.312376
50162,7.726312
50163,9.732198
50164,8.469439
50165,8.667483
50166,28.046864
50167,5.591496
50168,19.748457
50169,7.610091
50170,17.336138
50171,1.7377377
50172,6.9247003
50173,8.798146
50174,9.732797
50175,7.949544
50176,9.322111
50177,8.547853
50178,1.8089375
50179,6.9175334
50180,8.178362
50181,2.367568
50182,6.781022
50183,8.295585
50184,3.952948
50185,9.763686
50186,4.846619
50187,2.57957
50188,11.606368
50189,7.058645
50190,7.955956
50191,10.067806
50192,4.0324454
50193,8.291778
50194,8.435066
50195,18.608196
50196,7.9047923
50197,9.79124
50198,9.163212
50199,6.4166665
50200,8.076438
50201,7.0825825
50202,2.1600482
50203,16.968288
50204,1.08854
50205,6.752197
50206,4.3996334
50207,3.0600543
50208,10.346881
50209,9.375836
50210,11.071875
50211,3.6666667
50212,26.3816
50213,8.052317
50214,10.157123
50215,5.1829014
50216,0.73333335
50217,14.825603
50218,19.6359
50219,5.8616486
50220,13.347491
50221,7.2511992
50222,10.664018
50223,8.473403
50224,9.675773
50225,16.84378
50226,9.9210415
50227,5.993875
50228,14.127725
50229,7.90519
50230,8.136829
50231,9.584658
50232,8.958013
50233,8.003974
50234,10.083333
50235,4.1046057
50236,27.047743
50237,9.294614
50238,8.730626
50239,7.815417
50240,21.209566
50241,8.348671
50242,2.1392508
50243,6.072934
50244,10.861881
50245,7.921386
50246,9.886486
50247,5.497027
50248,5.9183674
50249,6.8875866
50250,10.184902
50251,9.957267
50252,16.75508
50253,3.709038
50254,2.507814
50255,10.535431
50256,12.2962
50257,8.884718
50258,12.283874
50259,6.2779746
50260,7.297866
50261,7.1174073
50262,8.297802
50263,21.500525
50264,18.54873
50265,9.205842
50266,29.803886
50267,13.990236
50268,9.365949
50269,1.9694169
50270,16.96791
50271,8.823078
50272,9.361131
50273,9.112707
50274,3.0643306
50275,9.08649
50276,1.1985143
50277,7.752745
50278,7.004618
50279,9.271867
50280,5.3124113
50281,10.79646
50282,5.511951
50283,0.47925314
50284,10.636401
50285,7.8953266
50286,2.0985603
50287,0.796469
50288,6.688166
50289,7.5166473
50290,8.323757
50291,8.527654
50292,8.066667
50293,6.4166665
50294,13.828157
50295,7.2709403
50296,19.675907
50297,6.7224813
50298,3.6375844
50299,6.9215374
50300,8.1179695
50301,8.050386
50302,12.068599
50303,6.7413735
50304,18.360273
50305,18.144258
50306,17.411613
50307,7.7975035
50308,6.525835
50309,8.440462
50310,7.116389
50311,9.420419
50312,17.42087
50313,7.8194537
50314,8.4712105
50315,9.949858
50316,12.083635
50317,7.7358565
50318,16.873114
50319,16.147327
50320,6.350779
50321,8.733431
50322,11.732657
50323,8.031026
50324,9.88749
50325,10.846409
50326,1.700473
50327,14.172211
50328,8.691923
50329,30.62426
50330,2.9660304
50331,18.938032
50332,18.056116
50333,15.771027
50334,4.0333333
50335,4.086256
50336,2.686199
50337,6.6314774
50338,9.212391
50339,8.764498
50340,6.4099636
50341,1.7057978
50342,8.588919
50343,7.6103377
50344,10.322809
50345,9.8121805
50346,8.482099
50347,3.85
50348,15.431036
50349,18.939716
50350,6.17222
50351,9.13926
50352,9.231924
50353,9.800816
50354,17.950981
50355,8.281208
50356,20.875875
50357,6.061912
50358,7.3902063
50359,9.865068
50360,9.790881
50361,21.781826
50362,6.8685927
50363,8.546385
50364,8.042956
50365,3.9001145
50366,7.516667
50367,1.2543994
50368,2.855778
50369,6.473374
50370,3.9619925
50371,4.1282735
50372,10.660473
50373,20.622824
50374,6.602716
50375,7.8322253
50376,1.8898886
50377,5.3166666
50378,0.0247399
50379,8.855955
50380,17.326555
50381,8.01955
50382,12.828103
50383,7.1212773
50384,11.396899
50385,9.605733
50386,11.004617
50387,1.6946235
50388,4.893335
50389,3.042984
50390,10.107928
50391,9.89535
50392,21.020355
50393,31.281952
50394,7.7829986
50395,11.613704
50396,7.5358796
50397,0.55
50398,6.656871
50399,16.76319
50400,10.633333
50401,11.019605
50402,8.7178
50403,7.262318
50404,1.3066373
50405,8.03202
50406,9.305683
50407,6.206107
50408,2.7892833
50409,21.916151
50410,8.745455
50411,10.400382
50412,10.116451
50413,8.131718
50414,1.9794623
50415,18.012854
50416,8.336155
50417,7.8167205
50418,5.216312
50419,11.447199
50420,8.258765
50421,10.6713295
50422,19.852428
50423,24.807533
50424,8.233586
50425,9.466061
50426,11.996763
50427,9.460911
50428,9.320665
50429,14.029267
50430,3.4967973
50431,9.222929
50432,5.0189743
50433,3.404586
50434,16.296331
50435,8.407164
50436,9.806879
50437,10.429303
50438,8.433333
50439,1.9430798
50440,8.266362
50441,7.55655
50442,12.17007
50443,5.036521
50444,9.616215
50445,8.873972
50446,8.482981
50447,8.914392
50448,8.196806
50449,9.9802265
50450,7.351588
50451,7.862028
50452,10.062471
50453,18.05315
50454,7.0821376
50455,8.845861
50456,10.1122
50457,8.197427
50458,10.232314
50459,10.282851
50460,8.681314
50461,10.066193
50462,19.379248
50463,8.58968
50464,4.044731
50465,16.998362
50466,8.738723
50467,38.648212
50468,9.169335
50469,8.742896
50470,1.5675387
50471,6.9812374
50472,9.009837
50473,8.943789
50474,10.2800865
50475,7.100646
50476,3.3925693
50477,8.183195
50478,9.881712
50479,9.712131
50480,0.18333334
50481,25.174593
50482,5.8984275
50483,10.627508
50484,3.5498617
50485,8.986379
50486,7.7775006
50487,9.963171
50488,8.740616
50489,4.7640166
50490,2.6417096
50491,10.126664
50492,7.5232105
50493,9.5709715
50494,17.927122
50495,1.376915
50496,3.5386643
50497,2.7388494
50498,10.063895
50499,8.728369
50500,2.974327
50501,7.933133
50502,4.922183
50503,16.090837
50504,27.050354
50505,9.639003
50506,11.329883
50507,13.38759
50508,1.0817368
50509,6.47115
50510,8.476836
50511,9.505139
50512,16.71912
50513,9.081372
50514,3.6928098
50515,11.378155
50516,9.150759
50517,8.579429
50518,7.33382
50519,10.62289
50520,0.9166667
50521,17.267633
50522,3.3354368
50523,16.061787
50524,7.082899
50525,9.595958
50526,6.756353
50527,10.359876
50528,11.323675
50529,9.500521
50530,18.633757
50531,9.896328
50532,9.6046295
50533,8.382894
50534,8.784596
50535,9.810655
50536,8.204358
50537,9.434184
50538,8.526572
50539,8.093691
50540,7.5680575
50541,8.035478
50542,9.019095
50543,1.8176553
50544,6.782968
50545,1.1
50546,33.283646
50547,5.624501
50548,3.260891
50549,13.067302
50550,27.439547
50551,6.1267853
50552,9.369691
50553,10.818689
50554,7.4879794
50555,4.6475344
50556,8.945355
50557,10.177312
50558,8.496938
50559,8.583975
50560,5.925552
50561,10.649897
50562,2.3328474
50563,7.61846
50564,9.575327
50565,8.298835
50566,7.619341
50567,6.993127
50568,10.217023
50569,9.003344
50570,2.9042165
50571,18.655762
50572,9.044376
50573,8.225806
50574,7.4395022
50575,1.9611361
50576,9.732381
50577,8.447941
50578,8.106072
50579,9.807904
50580,17.87235
50581,8.027483
50582,7.1183133
50583,9.096233
50584,2.9547453
50585,3.314193
50586,3.9782052
50587,15.38775
50588,0.9166667
50589,6.9774566
50590,8.968775
50591,1.8878381
50592,6.4021993
50593,16.431658
50594,7.182233
50595,3.020446
50596,9.305411
50597,8.015474
50598,1.5256563
50599,7.0317187
50600,8.332023
50601,9.431996
50602,10.197289
50603,2.6383717
50604,9.417278
50605,12.466666
50606,24.286139
50607,0.14527637
50608,10.629342
50609,9.878835
50610,18.14223
50611,12.347286
50612,20.465906
50613,6.719882
50614,9.887847
50615,11.482627
50616,7.3333335
50617,2.9112816
50618,17.650364
50619,8.284378
50620,10.716089
50621,8.383855
50622,9.744271
50623,8.97317
50624,10.387828
50625,19.334383
50626,7.1026397
50627,10.573207
50628,9.361639
50629,9.132204
50630,7.8477154
50631,8.733187
50632,7.778216
50633,9.811378
50634,10.765307
50635,9.538539
50636,25.57334
50637,12.154
50638,19.27903
50639,8.639945
50640,3.24188
50641,13.283387
50642,3.8427756
50643,9.302759
50644,3.6540267
50645,10.013772
50646,14.915697
50647,14.672501
50648,3.8690174
50649,3.4154654
50650,9.021393
50651,3.5598755
50652,8.40912
50653,20.415495
50654,6.7833333
50655,10.034473
50656,8.972543
50657,7.9889784
50658,4.348493
50659,16.240065
50660,7.0950675
50661,0.55
50662,7.6654906
50663,8.503096
50664,9.838367
50665,15.49848
50666,9.168157
50667,27.25583
50668,4.720983
50669,0.8770069
50670,6.4042172
50671,7.3948627
50672,8.62456
50673,8.206241
50674,19.836945
50675,8.114545
50676,9.918904
50677,12.989633
50678,10.315211
50679,8.719873
50680,20.54984
50681,7.4338207
50682,8.449848
50683,15.5473
50684,5.689295
50685,1.2637855
50686,0.36666667
50687,10.797359
50688,18.824831
50689,6.712397
50690,7.7086854
50691,19.164446
50692,7.474009
50693,1.6260544
50694,7.2161283
50695,8.844352
50696,8.543538
50697,9.478768
50698,10.02066
50699,1.8956898
50700,16.06528
50701,8.401076
50702,7.15766
50703,1.9012215
50704,4.3957314
50705,10.520371
50706,18.439436
50707,7.56476
50708,3.4833333
50709,5.037395
50710,9.561213
50711,2.077158
50712,7.016627
50713,9.5736265
50714,18.799212
50715,2.3833334
50716,4.8186626
50717,9.140356
50718,8.90774
50719,9.373316
50720,8.899595
50721,10.780812
50722,5.83938
50723,7.4796205
50724,21.012869
50725,6.257662
50726,4.0834026
50727,6.740395
50728,9.057658
50729,9.296823
50730,7.671142
50731,1.9349097
50732,16.068407
50733,7.6313424
50734,8.3684435
50735,10.882354
50736,23.242575
50737,5.6187563
50738,3.654869
50739,4.005384
50740,7.883333
50741,12.285964
50742,5.7329335
50743,20.467163
50744,7.860082
50745,15.037568
50746,1.2173575
50747,3.282992
50748,5.998445
50749,7.8423414
50750,19.600569
50751,8.000287
50752,1.8861849
50753,8.654394
50754,8.34914
50755,10.511159
50756,3.0102966
50757,3.4833333
50758,6.009897
50759,9.962002
50760,7.567494
50761,9.070235
50762,19.210579
50763,0.9699106
50764,7.4436746
50765,17.05
50766,17.613165
50767,36.782146
50768,5.181789
50769,9.494384
50770,13.75
50771,20.854155
50772,6.3441677
50773,9.886478
50774,8.284148
50775,24.626009
50776,0.057705242
50777,20.21955
50778,0.37322038
50779,0.20831423
50780,8.030605
50781,9.1820965
50782,9.8853035
50783,8.114378
50784,15.843335
50785,6.7228565
50786,7.5226703
50787,11.499723
50788,9.680398
50789,8.992975
50790,12.387839
50791,11.653034
50792,8.915623
50793,10.017436
50794,21.148731
50795,1.1671783
50796,7.8796782
50797,10.3343
50798,5.256597
50799,10.647321
50800,8.3458185
50801,8.269072
50802,9.63277
50803,6.254308
50804,2.4136307
50805,7.7452188
50806,11.686755
50807,2.968629
50808,8.6841345
50809,10.754107
50810,6.402603
50811,7.895296
50812,10.5610695
50813,8.647417
50814,11.590483
50815,5.174287
50816,8.274244
50817,9.552081
50818,8.061743
50819,11.070714
50820,10.08838
50821,2.151084
50822,6.507326
50823,8.289274
50824,8.74928
50825,8.422867
50826,9.121983
50827,18.385588
50828,7.2319427
50829,9.219448
50830,9.609247
50831,7.9828815
50832,9.3925085
50833,7.6750355
50834,4.7550445
50835,15.501333
50836,6.664213
50837,10.648299
50838,2.5798643
50839,16.571465
50840,9.05559
50841,11.225686
50842,8.027712
50843,3.284391
50844,8.726493
50845,18.626173
50846,1.0310173
50847,7.144928
50848,17.457287
50849,16.284561
50850,7.669855
50851,10.187205
50852,10.051339
50853,8.777411
50854,3.4833333
50855,16.402388
50856,2.3825483
50857,8.555665
50858,5.4683046
50859,9.056124
50860,10.857289
50861,9.127926
50862,7.432883
50863,11.237432
50864,7.733164
50865,8.417981
50866,3.1166666
50867,17.29799
50868,18.578451
50869,5.891084
50870,9.665409
50871,11.109183
50872,7.704926
50873,10.223277
50874,10.0680275
50875,19.75282
50876,7.9319153
50877,8.597747
50878,9.0717
50879,9.358374
50880,1.3142426
50881,14.85
50882,7.8270516
50883,12.0800495
50884,8.003625
50885,10.464628
50886,16.76507
50887,6.847167
50888,7.157072
50889,2.022775
50890,10.604191
50891,7.5884094
50892,7.0992627
50893,20.302092
50894,7.351159
50895,8.606362
50896,9.131105
50897,2.8192918
50898,6.8063984
50899,10.584075
50900,8.856494
50901,17.971952
50902,8.507681
50903,5.5149717
50904,2.6289861
50905,8.00972
50906,9.275247
50907,20.559399
50908,8.53366
50909,1.8653789
50910,7.516667
50911,11.570765
50912,7.1066465
50913,27.315775
50914,0.32304132
50915,8.103903
50916,19.858149
50917,2.6551008
50918,20.071714
50919,8.350818
50920,2.1508222
50921,6.3673735
50922,8.791886
50923,12.648543
50924,5.66256
50925,3.3429627
50926,9.034578
50927,9.573213
50928,15.996186
50929,27.198112
50930,4.5869675
50931,2.913555
50932,10.867922
50933,18.71564
50934,2.139791
50935,5.812327
50936,7.3836884
50937,7.4635754
50938,24.266666
50939,7.440097
50940,19.241064
50941,8.293455
50942,1.4666667
50943,21.942577
50944,13.052743
50945,7.8831453
50946,8.119409
50947,11.214845
50948,9.05389
50949,1.3511101
50950,22.13503
50951,7.063205
50952,7.3801913
50953,19.806427
50954,8.389417
50955,1.766316
50956,6.4925833
50957,10.01498
50958,11.057506
50959,1.3164678
50960,8.335305
50961,7.655311
50962,8.505107
50963,8.444072
50964,8.324489
50965,3.055104
50966,7.8510447
50967,24.835564
50968,6.7095685
50969,1.8703539
50970,7.5117674
50971,1.8498021
50972,5.28063
50973,10.289318
50974,12.911041
50975,9.740987
50976,24.49717
50977,28.652405
50978,7.778779
50979,0.9166667
50980,21.575602
50981,9.046039
50982,7.299987
50983,10.731683
50984,18.615398
50985,8.464251
50986,9.652448
50987,28.387312
50988,6.080127
50989,7.4019756
50990,9.877238
50991,7.9748473
50992,11.733515
50993,5.547603
50994,7.6406016
50995,1.798129
50996,6.915816
50997,9.000382
50998,5.2079034
50999,10.843279
51000,8.343673
51001,1.2509111
51002,2.926159
51003,5.275456
51004,10.37202
51005,1.8333334
51006,21.173277
51007,8.491945
51008,11.175507
51009,7.2935658
51010,1.823767
51011,2.3124936
51012,2.16225
51013,10.302018
51014,16.223732
51015,7.890551
51016,12.972952
51017,6.2617064
51018,18.757935
51019,10.734137
51020,6.5277734
51021,19.659174
51022,9.578851
51023,7.0809226
51024,2.1730268
51025,9.542243
51026,9.225092
51027,12.978354
51028,13.74867
51029,8.515858
51030,7.9450855
51031,13.400117
51032,7.3197217
51033,1.5135367
51034,6.0088887
51035,2.6590505
51036,11.894084
51037,7.61253
51038,1.65569
51039,7.7908998
51040,8.209101
51041,1.7576458
51042,7.96504
51043,6.9716144
51044,10.9727545
51045,6.5373273
51046,8.911578
51047,9.295543
51048,17.606678
51049,6.476123
51050,4.3539286
51051,2.663652
51052,8.38391
51053,7.991729
51054,6.5713644
51055,6.9825163
51056,8.53435
51057,9.208474
51058,8.617974
51059,7.710035
51060,27.605999
51061,5.9832487
51062,19.239037
51063,15.778764
51064,8.242932
51065,7.5782228
51066,16.427574
51067,8.11061
51068,9.476876
51069,8.558633
51070,5.055135
51071,7.181112
51072,17.941643
51073,17.634241
51074,7.3875422
51075,10.408195
51076,4.192415
51077,19.477312
51078,6.3548646
51079,9.166074
51080,9.106008
51081,8.606553
51082,9.82747
51083,9.81745
51084,12.3640375
51085,7.964341
51086,2.1371603
51087,7.111812
51088,9.656549
51089,9.803281
51090,9.454663
51091,10.774646
51092,8.005419
51093,8.121807
51094,9.188175
51095,8.939226
51096,10.62108
51097,13.126365
51098,9.331354
51099,9.619411
51100,10.156195
51101,19.081928
51102,7.9113483
51103,10.486268
51104,9.949734
51105,9.931921
51106,3.4833333
51107,3.0824738
51108,8.075364
51109,10.111491
51110,9.361696
51111,7.763021
51112,2.021138
51113,6.0762177
51114,11.251607
51115,9.345064
51116,8.2932005
51117,17.348475
51118,30.672356
51119,5.3186026
51120,18.69156
51121,4.7921586
51122,12.873109
51123,9.164899
51124,20.55914
51125,1.1097351
51126,9.420443
51127,9.978486
51128,7.8948903
51129,16.191635
51130,7.5546975
51131,9.190524
51132,6.233333
51133,36.51844
51134,5.364513
51135,14.586068
51136,8.8320265
51137,9.691683
51138,8.9896755
51139,2.56749
51140,17.146017
51141,15.906358
51142,16.211565
51143,19.114235
51144,8.629633
51145,24.480366
51146,8.761788
51147,6.749391
51148,10.504755
51149,8.288447
51150,20.018093
51151,22.859386
51152,0.8987825
51153,7.6748524
51154,10.928416
51155,1.4524703
51156,6.9827805
51157,6.38988
51158,22.106298
51159,10.991494
51160,6.662719
51161,2.6038487
51162,11.863279
51163,21.02234
51164,7.503533
51165,9.285761
51166,9.066367
51167,9.342854
51168,8.7733345
51169,7.440637
51170,5.662154
51171,3.4352784
51172,9.790198
51173,2.6896236
51174,9.586605
51175,5.5944204
51176,8.7070465
51177,1.65
51178,7.5429597
51179,1.598326
51180,5.756545
51181,10.169157
51182,8.609548
51183,6.1301394
51184,10.137225
51185,4.3442087
51186,9.124709
51187,8.663137
51188,3.85
51189,14.185167
51190,8.79198
51191,9.224091
51192,8.367721
51193,8.205207
51194,8.670505
51195,7.2229786
51196,7.756814
51197,8.014337
51198,8.943884
51199,8.71536
51200,9.022705
51201,7.835809
51202,17.155266
51203,28.616121
51204,8.454211
51205,7.7
51206,8.623886
51207,21.157948
51208,6.019059
51209,2.8091352
51210,8.346082
51211,10.410659
51212,7.0482664
51213,1.9031922
51214,6.2281137
51215,10.247781
51216,9.269841
51217,18.829597
51218,16.967875
51219,7.296928
51220,7.94669
51221,18.729065
51222,6.7228007
51223,11.024993
51224,9.365493
51225,6.8797836
51226,9.082548
51227,16.060898
51228,2.6474235
51229,10.140117
51230,3.409108
51231,7.138555
51232,9.919279
51233,9.863902
51234,6.0382037
51235,2.4563472
51236,10.208756
51237,20.550117
51238,41.075134
51239,5.9341197
51240,8.748578
51241,2.2798533
51242,6.8579755
51243,14.843844
51244,4.8664246
51245,8.937057
51246,17.90713
51247,9.190965
51248,3.307343
51249,1.2833333
51250,9.533334
51251,14.8737545
51252,7.259766
51253,9.278584
51254,20.587826
51255,6.6402597
51256,11.039761
51257,9.42784
51258,8.5837755
51259,7.8474135
51260,8.128715
51261,7.4546733
51262,18.219625
51263,3.2780728
51264,8.335382
51265,3.718567
51266,13.8029585
51267,7.0916495
51268,9.603626
51269,1.9998153
51270,6.2943387
51271,6.8278475
51272,3.3
51273,18.348795
51274,0.45463258
51275,6.904729
51276,6.934309
51277,18.310328
51278,7.732845
51279,1.4666667
51280,10.076754
51281,9.094668
51282,9.762717
51283,9.822981
51284,1.5425283
51285,7.3145947
51286,8.17368
51287,8.65779
51288,10.935498
51289,18.695642
51290,7.490857
51291,10.466074
51292,5.9649234
51293,2.51503
51294,7.7231884
51295,9.390704
51296,8.60707
51297,9.306549
51298,6.763578
51299,10.044653
51300,6.21899
51301,40.088398
51302,2.760308
51303,2.4388702
51304,22.259533
51305,0.41562715
51306,6.3019276
51307,12.569666
51308,8.889032
51309,1.9443831
51310,6.324697
51311,1.4666667
51312,9.463542
51313,4.2166667
51314,3.5506723
51315,14.244207
51316,5.0160327
51317,11.523915
51318,7.8956375
51319,17.819704
51320,0.7748286
51321,6.025012
51322,2.2186916
51323,4.95
51324,1.5970151
51325,9.217763
51326,4.1329703
51327,9.562452
51328,6.4080076
51329,9.164936
51330,9.5042715
51331,7.416502
51332,18.717949
51333,12.454446
51334,8.227198
51335,18.785654
51336,8.868601
51337,9.549976
51338,11.277573
51339,10.795203
51340,23.762602
51341,16.920328
51342,6.243395
51343,11.199324
51344,4.0367613
51345,7.72101
51346,8.329073
51347,9.525545
51348,7.447052
51349,2.9333334
51350,28.06814
51351,6.7379804
51352,7.997592
51353,9.10132
51354,8.19625
51355,1.8165984
51356,14.203572
51357,12.0262785
51358,7.598297
51359,0.29232496
51360,11.449115
51361,9.208869
51362,10.480447
51363,4.390446
51364,3.639698
51365,8.6366415
51366,12.538258
51367,9.563033
51368,11.690855
51369,9.48081
51370,8.3070755
51371,10.171063
51372,10.31429
51373,10.900836
51374,5.0308075
51375,10.314654
51376,8.548491
51377,20.546824
51378,7.3481627
51379,9.406201
51380,7.9609394
51381,8.761588
51382,7.0314407
51383,0.38211346
51384,0.5998929
51385,2.1437805
51386,6.8561316
51387,1.8824414
51388,6.924145
51389,8.669019
51390,21.054577
51391,17.115229
51392,8.190427
51393,9.655976
51394,5.391026
51395,8.67586
51396,11.936029
51397,20.543974
51398,6.4466076
51399,8.125338
51400,10.0537615
51401,9.807795
51402,2.0017304
51403,6.9666667
51404,12.092416
51405,11.151443
51406,18.46159
51407,1.9682091
51408,5.8540263
51409,17.24701
51410,3.2421274
51411,12.75664
51412,6.459054
51413,6.6999273
51414,7.4089856
51415,2.4029415
51416,6.911866
51417,9.769328
51418,9.518434
51419,8.768606
51420,18.941525
51421,9.624743
51422,10.581492
51423,7.6134214
51424,8.979972
51425,8.862289
51426,9.076976
51427,8.531841
51428,18.202644
51429,7.936739
51430,0.9961288
51431,18.79309
51432,6.880363
51433,7.931494
51434,6.0110974
51435,9.186769
51436,4.95
51437,3.6453884
51438,10.558987
51439,19.076656
51440,4.797928
51441,2.4332283
51442,11.73505
51443,8.305773
51444,9.856543
51445,8.962982
51446,6.4162416
51447,19.389393
51448,3.1166666
51449,3.6469777
51450,20.344084
51451,3.2326224
51452,6.928889
51453,10.051066
51454,9.849453
51455,6.558181
51456,8.889897
51457,7.188837
51458,2.856406
51459,1.1
51460,6.187718
51461,21.131939
51462,2.75
51463,15.67382
51464,7.9356427
51465,9.46281
51466,8.485914
51467,13.280593
51468,4.9302816
51469,2.3001432
51470,6.506864
51471,9.819056
51472,8.39847
51473,8.912413
51474,36.653397
51475,5.8745055
51476,8.242099
51477,11.057919
51478,9.496769
51479,2.3912508
51480,17.43994
51481,32.56114
51482,7.3948298
51483,9.48074
51484,10.210307
51485,5.0289474
51486,8.133832
51487,9.251587
51488,9.97592
51489,6.7561874
51490,8.386087
51491,9.89894
51492,8.402602
51493,22.093441
51494,5.155269
51495,8.50695
51496,20.612577
51497,2.127656
51498,19.75391
51499,28.233334
51500,6.05
51501,5.100051
51502,0.9166667
51503,9.441239
51504,7.527534
51505,9.207664
51506,9.681812
51507,7.1927233
51508,1.8476964
51509,7.983725
51510,6.6362467
51511,8.298056
51512,9.989858
51513,9.679189
51514,10.901324
51515,9.767104
51516,5.6482615
51517,2.6704156
51518,30.054272
51519,11.274251
51520,3.6282933
51521,11.82782
51522,8.389632
51523,9.001827
51524,10.1401415
51525,7.5983067
51526,10.802221
51527,7.447704
51528,22.006575
51529,11.18842
51530,6.5101147
51531,2.2970278
51532,7.079831
51533,9.399151
51534,9.854809
51535,5.5
51536,4.0051217
51537,10.672785
51538,8.904361
51539,2.182818
51540,31.547005
51541,7.7019134
51542,13.672345
51543,9.789913
51544,18.053507
51545,9.805314
51546,8.859491
51547,19.14969
51548,15.265624
51549,9.017072
51550,18.666452
51551,4.861897
51552,6.2977395
51553,16.796377
51554,15.267922
51555,9.922886
51556,8.107901
51557,2.623169
51558,22.586067
51559,7.81266
51560,16.868788
51561,0.90619725
51562,6.836565
51563,8.231257
51564,8.390966
51565,13.294252
51566,10.734296
51567,4.0333333
51568,4.9824796
51569,4.0333333
51570,2.7211587
51571,8.557256
51572,1.942571
51573,14.65292
51574,18.298311
51575,16.843191
51576,8.294686
51577,22.997038
51578,17.048685
51579,8.913946
51580,9.657345
51581,8.940299
51582,2.330017
51583,13.409686
51584,7.3157473
51585,9.534446
51586,7.7461414
51587,0.9166667
51588,16.576736
51589,6.624326
51590,9.218493
51591,11.7150135
51592,9.726485
51593,0.06649494
51594,15.253178
51595,1.9047658
51596,7.0197434
51597,8.672873
51598,7.538955
51599,9.547378
51600,13.566667
51601,5.08608
51602,9.75167
51603,8.047883
51604,5.6339984
51605,3.5789094
51606,2.5666666
51607,6.456121
51608,3.6666667
51609,2.2456012
51610,9.912857
51611,6.01941
51612,8.967312
51613,8.996264
51614,1.8846753
51615,5.112592
51616,10.093676
51617,9.058827
51618,9.231107
51619,8.073529
51620,7.5370226
51621,1.8847708
51622,7.035581
51623,9.470423
51624,5.489659
51625,15.227899
51626,8.035549
51627,17.965282
51628,16.78528
51629,10.391274
51630,11.516284
51631,19.959818
51632,6.0396667
51633,7.7569733
51634,9.716666
51635,10.296823
51636,16.232298
51637,17.903233
51638,8.762756
51639,9.188954
51640,8.840069
51641,9.099025
51642,18.767706
51643,10.109228
51644,7.3976107
51645,10.346971
51646,7.1994305
51647,0.18333334
51648,30.224766
51649,8.646067
51650,1.7138959
51651,7.3094044
51652,8.046834
51653,2.7334375
51654,7.7233715
51655,9.658029
51656,17.4919
51657,7.486615
51658,9.00801
51659,8.561342
51660,5.8028383
51661,6.3061705
51662,7.3638124
51663,9.678809
51664,7.6189923
51665,8.34283
51666,10.737039
51667,9.416199
51668,2.8895695
51669,8.476241
51670,8.519156
51671,9.812378
51672,8.7190075
51673,9.738342
51674,11.704246
51675,1.7954748
51676,7.893197
51677,9.658368
51678,9.996899
51679,7.3795643
51680,21.317268
51681,6.300959
51682,10.624266
51683,11.369712
51684,8.072385
51685,20.011442
51686,3.6310835
51687,13.957389
51688,1.0051806
51689,5.1197286
51690,8.889325
51691,4.8769317
51692,14.945764
51693,1.2019
51694,5.8670363
51695,9.588989
51696,2.061836
51697,7.8258443
51698,6.6979656
51699,9.614022
51700,15.160038
51701,20.111696
51702,7.643803
51703,9.3199
51704,10.083333
51705,11.092424
51706,2.707593
51707,19.916483
51708,9.248653
51709,8.763661
51710,1.6335489
51711,17.750093
51712,6.0011473
51713,9.159145
51714,5.5902243
51715,9.72418
51716,9.929608
51717,8.573652
51718,10.528987
51719,22.926807
51720,7.134668
51721,7.439732
51722,9.824554
51723,0.4137675
51724,3.1969383
51725,5.4355307
51726,8.860795
51727,22.15383
51728,7.1217775
51729,8.098173
51730,9.35
51731,6.5521336
51732,1.8174409
51733,7.3932567
51734,4.0333333
51735,4.181838
51736,10.170015
51737,7.636802
51738,9.938543
51739,7.8816347
51740,11.061599
51741,9.909413
51742,12.972776
51743,7.8856874
51744,1.766483
51745,7.720557
51746,9.720437
51747,19.906649
51748,7.4414573
51749,2.0635288
51750,7.950179
51751,6.142321
51752,1.9720235
51753,5.7514668
51754,6.9563384
51755,8.694751
51756,8.371489
51757,9.13299
51758,5.133333
51759,29.709982
51760,13.936979
51761,7.882356
51762,7.713732
51763,8.681091
51764,7.1894174
51765,19.10831
51766,8.194898
51767,2.8972704
51768,6.7050767
51769,21.819752
51770,10.620473
51771,8.922934
51772,8.307447
51773,1.7073948
51774,3.7462225
51775,2.1487236
51776,8.818442
51777,11.406383
51778,10.26891
51779,0.9166667
51780,12.208119
51781,8.017199
51782,9.392159
51783,10.457706
51784,9.7914
51785,18.682032
51786,8.539471
51787,8.28333
51788,4.0441513
51789,3.5077963
51790,8.85373
51791,1.934354
51792,18.078606
51793,8.759492
51794,3.0652359
51795,6.4929566
51796,2.3304858
51797,2.7400892
51798,2.8457956
51799,8.730578
51800,7.985091
51801,1.4756757
51802,6.5328283
51803,8.506426
51804,9.192898
51805,4.4
51806,11.504174
51807,9.39123
51808,7.753786
51809,16.90452
51810,8.018589
51811,18.030756
51812,7.579668
51813,7.826661
51814,9.567715
51815,7.898697
51816,8.923548
51817,7.9952645
51818,7.516667
51819,5.570991
51820,6.9407396
51821,2.0538733
51822,17.661963
51823,6.991537
51824,9.358922
51825,2.5842347
51826,0.15916824
51827,5.1045823
51828,11.593048
51829,9.155426
51830,10.025979
51831,0.65003234
51832,7.3320003
51833,1.8217567
51834,7.606888
51835,8.679686
51836,9.265885
51837,9.633565
51838,2.05973
51839,17.35664
51840,17.338366
51841,8.087889
51842,9.193144
51843,4.616229
51844,8.228986
51845,9.304739
51846,10.143119
51847,11.545834
51848,1.0814587
51849,8.214371
51850,1.8312215
51851,6.433718
51852,3.1090584
51853,8.890074
51854,9.285116
51855,1.7363385
51856,19.456356
51857,0.052285194
51858,6.848295
51859,8.954065
51860,25.118639
51861,6.9200764
51862,8.175827
51863,17.583044
51864,7.294114
51865,3.046306
51866,6.6474915
51867,2.9636698
51868,7.8328924
51869,8.900055
51870,6.5887847
51871,2.1715724
51872,17.264301
51873,4.767855
51874,16.02842
51875,6.202268
51876,11.014921
51877,9.539256
51878,8.347401
51879,8.101431
51880,12.902258
51881,6.2167964
51882,5.592831
51883,7.7818713
51884,15.587229
51885,17.281929
51886,6.747699
51887,9.192991
51888,8.7269125
51889,9.561942
51890,10.07854
51891,8.793895
51892,19.17513
51893,11.716817
51894,1.8957059
51895,6.1208963
51896,2.3355322
51897,7.389856
51898,4.766667
51899,4.9661946
51900,11.828574
51901,9.518115
51902,3.6679423
51903,8.414897
51904,4.8710194
51905,9.311071
51906,9.724696
51907,8.657137
51908,0.5022049
51909,8.571124
51910,7.5099397
51911,10.690062
51912,5.866667
51913,8.625214
51914,10.877269
51915,8.646012
51916,2.181935
51917,7.94929
51918,9.753705
51919,10.798676
51920,1.3466914
51921,6.7077475
51922,8.797209
51923,21.902832
51924,8.291278
51925,8.4745655
51926,10.106032
51927,9.790389
51928,21.414202
51929,7.7230854
51930,7.86701
51931,10.029189
51932,9.901459
51933,11.989369
51934,10.89833
51935,10.145856
51936,13.599335
51937,5.3952537
51938,1.2833333
51939,7.2312603
51940,19.578678
51941,6.803369
51942,10.037994
51943,6.7152834
51944,7.15
51945,1.4666667
51946,8.380995
51947,9.774202
51948,5.878656
51949,2.305945
51950,9.96886
51951,21.041698
51952,15.055228
51953,8.742952
51954,5.6923623
51955,3.1413314
51956,8.198556
51957,8.2957115
51958,9.207026
51959,8.428852
51960,9.936078
51961,21.25546
51962,1.549546
51963,8.3104925
51964,4.5590873
51965,7.756703
51966,9.084027
51967,8.936231
51968,18.69882
51969,1.0888178
51970,10.90823
51971,6.7735434
51972,7.2279387
51973,9.115918
51974,9.771007
51975,8.8255005
51976,8.713157
51977,9.722529
51978,7.85095
51979,13.115891
51980,4.902831
51981,10.7479515
51982,18.950788
51983,4.0281057
51984,2.4949389
51985,19.984423
51986,8.993809
51987,9.69197
51988,9.6727295
51989,7.852721
51990,9.833148
51991,7.05123
51992,7.872367
51993,5.1113043
51994,10.3503475
51995,10.590968
51996,6.5026445
51997,2.2163787
51998,7.306028
51999,9.044131
52000,14.614529
52001,7.5479593
52002,8.928451
52003,9.057784
52004,18.598227
52005,6.9686174
52006,3.5791001
52007,7.3787365
52008,14.467438
52009,9.132737
52010,8.294171
52011,8.206685
52012,7.1163173
52013,7.987889
52014,7.7586265
52015,3.420154
52016,19.683191
52017,8.110769
52018,18.924011
52019,10.39118
52020,0.73333335
52021,10.160596
52022,6.271767
52023,6.5608277
52024,3.85
52025,3.6375518
52026,7.947286
52027,13.587579
52028,11.214578
52029,8.800307
52030,8.8148985
52031,17.015682
52032,18.027782
52033,8.962925
52034,8.415565
52035,8.375986
52036,2.75
52037,4.1442633
52038,12.465837
52039,13.911485
52040,1.1098464
52041,6.5630035
52042,18.614628
52043,7.895622
52044,11.509046
52045,8.090376
52046,8.378792
52047,10.03898
52048,8.218425
52049,22.07023
52050,7.686083
52051,6.8584046
52052,11.8299
52053,1.4666667
52054,5.5961213
52055,11.372496
52056,1.65
52057,8.981308
52058,1.6409715
52059,16.970922
52060,10.230096
52061,15.449701
52062,2.5666666
52063,5.014404
52064,6.35124
52065,8.506401
52066,8.060258
52067,8.452225
52068,21.20745
52069,0.46411362
52070,7.738249
52071,9.11263
52072,13.992796
52073,6.6
52074,12.874426
52075,9.816821
52076,18.689863
52077,8.279459
52078,9.672213
52079,7.7609625
52080,8.441312
52081,7.543413
52082,28.25066
52083,8.954287
52084,7.199144
52085,10.050406
52086,7.71041
52087,9.896869
52088,9.662477
52089,8.494226
52090,39.37383
52091,12.40685
52092,2.3558614
52093,11.3126745
52094,13.645347
52095,11.262028
52096,10.386532
52097,8.782252
52098,10.873261
52099,9.355531
52100,9.694171
52101,3.434197
52102,9.872691
52103,6.8523955
52104,9.783712
52105,21.87318
52106,7.57889
52107,8.684794
52108,8.226595
52109,2.9333334
52110,13.507535
52111,8.328303
52112,10.230358
52113,9.478038
52114,0.024914738
52115,10.171193
52116,9.783347
52117,8.381883
52118,7.213585
52119,2.2747197
52120,9.694766
52121,7.5895004
52122,8.321142
52123,4.0593786
52124,16.528933
52125,11.15188
52126,15.160052
52127,8.444333
52128,11.939234
52129,1.6757729
52130,7.0158253
52131,32.903008
52132,5.8019557
52133,9.210826
52134,23.434252
52135,14.919041
52136,2.75
52137,3.5681176
52138,9.530744
52139,8.789667
52140,5.07343
52141,2.264285
52142,4.1144934
52143,7.819853
52144,8.239134
52145,7.343005
52146,1.8333334
52147,2.7854288
52148,7.2598615
52149,9.389521
52150,10.040666
52151,26.091606
52152,11.114602
52153,3.1036534
52154,14.2406
52155,4.6403565
52156,8.60141
52157,8.174737
52158,13.053601
52159,8.243458
52160,6.1900697
52161,19.758171
52162,6.448571
52163,8.080339
52164,19.841951
52165,6.6452985
52166,7.3768616
52167,6.183442
52168,7.6158524
52169,10.099371
52170,3.1166666
52171,8.90077
52172,18.285353
52173,7.6619396
52174,8.888404
52175,1.8616356
52176,7.2954187
52177,11.920278
52178,16.113846
52179,15.597281
52180,8.463247
52181,2.462054
52182,1.3099352
52183,5.534021
52184,6.580965
52185,9.27101
52186,7.539742
52187,7.8045535
52188,9.55101
52189,1.8069427
52190,12.955316
52191,1.2509506
52192,10.726334
52193,8.584532
52194,10.60574
52195,6.267834
52196,2.261122
52197,5.830264
52198,8.841451
52199,9.275207
52200,9.537402
52201,10.6445
52202,8.416652
52203,9.252685
52204,5.6833334
52205,3.5967429
52206,9.401965
52207,11.55
52208,7.82512
52209,5.380878
52210,6.625184
52211,7.0232544
52212,10.432831
52213,8.603947
52214,7.6810203
52215,7.06432
52216,11.151792
52217,6.113085
52218,28.827436
52219,7.2473044
52220,7.591518
52221,7.7418337
52222,7.545757
52223,8.722441
52224,8.807158
52225,7.0099587
52226,10.494717
52227,9.819395
52228,8.713587
52229,10.500613
52230,22.78997
52231,8.174483
52232,8.563749
52233,10.415545
52234,9.76053
52235,0.55
52236,1.3840514
52237,7.3106303
52238,5.511189
52239,18.095772
52240,6.6002216
52241,9.096989
52242,1.8664917
52243,6.3121247
52244,11.120274
52245,8.434693
52246,8.74648
52247,8.293906
52248,9.322357
52249,9.657232
52250,19.770773
52251,2.5466764
52252,4.071188
52253,1.266241
52254,14.70964
52255,9.571625
52256,8.610948
52257,11.010926
52258,10.370543
52259,7.5133724
52260,4.077863
52261,7.5153675
52262,12.332864
52263,34.288746
52264,5.542056
52265,10.870602
52266,19.944735
52267,7.3580256
52268,8.313831
52269,9.245713
52270,10.020819
52271,11.225453
52272,1.8679861
52273,2.8191721
52274,3.3116577
52275,9.479554
52276,7.9502654
52277,21.433544
52278,19.712578
52279,19.257935
52280,9.48286
52281,19.344313
52282,1.341637
52283,9.34659
52284,11.585896
52285,1.54895
52286,7.461613
52287,4.5833335
52288,11.792588
52289,1.6666733
52290,7.687044
52291,10.429311
52292,3.8939233
52293,8.125234
52294,24.15033
52295,0.02864202
52296,8.357661
52297,1.8707756
52298,3.6461194
52299,3.3072553
52300,11.904559
52301,9.229604
52302,10.438045
52303,5.171164
52304,9.037384
52305,8.742698
52306,8.85648
52307,1.5251716
52308,7.0524464
52309,9.743008
52310,6.856283
52311,3.5218158
52312,8.008519
52313,11.210936
52314,1.8108287
52315,1.2779557
52316,6.255994
52317,9.255132
52318,1.9604443
52319,1.8333334
52320,7.00825
52321,26.28539
52322,11.009822
52323,3.85
52324,3.529048
52325,10.152326
52326,16.306877
52327,14.818525
52328,9.6030245
52329,27.899406
52330,6.0796585
52331,7.3860106
52332,15.532017
52333,7.5362854
52334,9.7939005
52335,9.894269
52336,7.3719344
52337,7.185729
52338,7.001798
52339,7.703973
52340,14.783571
52341,8.815065
52342,9.464788
52343,8.87576
52344,8.328645
52345,9.214449
52346,8.981084
52347,9.177201
52348,11.771116
52349,7.1227145
52350,1.9366347
52351,3.3
52352,4.023353
52353,9.153988
52354,1.8333675
52355,18.089714
52356,22.064281
52357,5.6824603
52358,4.95
52359,13.424992
52360,4.977346
52361,9.572729
52362,12.194688
52363,8.288717
52364,8.122118
52365,9.520268
52366,7.6760845
52367,9.399508
52368,26.60423
52369,16.903812
52370,7.6918364
52371,8.22257
52372,20.142637
52373,7.5359893
52374,9.559353
52375,10.749084
52376,8.350522
52377,1.7810658
52378,17.43997
52379,6.5042334
52380,9.02338
52381,8.996504
52382,9.737642
52383,2.3063269
52384,7.5107574
52385,8.0374565
52386,10.155497
52387,9.797869
52388,0.8685113
52389,9.0667095
52390,9.63137
52391,9.609802
52392,8.628963
52393,9.729935
52394,8.963029
52395,17.615559
52396,5.744243
52397,10.93506
52398,5.3541737
52399,9.451821
52400,7.185476
52401,9.301982
52402,13.495452
52403,6.1806436
52404,9.418909
52405,10.444171
52406,9.669861
52407,12.669572
52408,5.7783527
52409,4.447556
52410,11.01152
52411,17.74679
52412,4.373098
52413,8.371092
52414,3.3766508
52415,7.104756
52416,8.062616
52417,9.13333
52418,8.501507
52419,8.722296
52420,6.7216325
52421,7.7
52422,7.7
52423,9.132933
52424,1.2325523
52425,6.8437023
52426,6.546092
52427,5.2772446
52428,2.0539916
52429,9.520331
52430,9.426603
52431,0.36666667
52432,31.454048
52433,18.832703
52434,9.377638
52435,0.18333334
52436,9.51074
52437,2.264118
52438,24.798767
52439,7.1802216
52440,7.9623547
52441,10.637211
52442,9.954626
52443,11.902793
52444,16.611135
52445,5.2821484
52446,10.896127
52447,9.227459
52448,12.610118
52449,5.5
52450,5.4423823
52451,9.186688
52452,8.202879
52453,8.104627
52454,1.5953221
52455,6.4523945
52456,9.657995
52457,6.8602886
52458,7.8357463
52459,8.983477
52460,7.984107
52461,9.565903
52462,5.936233
52463,2.7877493
52464,2.3749824
52465,7.2728558
52466,6.953136
52467,1.65
52468,16.17857
52469,2.1727483
52470,2.75
52471,24.902567
52472,6.77871
52473,9.816097
52474,12.0755205
52475,1.800982
52476,3.8068445
52477,53.602573
52478,3.281657
52479,9.836507
52480,8.609049
52481,2.6836557
52482,11.746718
52483,9.910577
52484,9.131671
52485,8.464647
52486,7.883365
52487,8.277449
52488,11.241056
52489,3.0084615
52490,20.453747
52491,0.7403453
52492,4.68297
52493,7.963872
52494,7.7190166
52495,6.544289
52496,2.1866324
52497,9.6394
52498,3.2631638
52499,6.6519732
52500,9.97231
52501,3.1166666
52502,16.159126
52503,0.9261687
52504,0.98362756
52505,4.901465
52506,2.2650797
52507,5.8908944
52508,8.522876
52509,7.060401
52510,12.1
52511,16.47304
52512,11.254644
52513,21.12104
52514,16.181461
52515,25.907206
52516,6.806946
52517,7.950942
52518,9.626056
52519,7.935429
52520,14.526477
52521,8.719603
52522,9.360822
52523,8.626096
52524,18.104162
52525,7.982515
52526,8.009427
52527,8.456294
52528,10.2376795
52529,8.805425
52530,1.0158141
52531,7.4174166
52532,9.312986
52533,0.38316244
52534,8.573429
52535,6.3012767
52536,9.410635
52537,9.276866
52538,7.955836
52539,0.36666667
52540,21.16058
52541,6.5858364
52542,18.758373
52543,0.37550926
52544,7.8815694
52545,9.950255
52546,0.24555524
52547,1.65
52548,7.6852164
52549,12.123226
52550,9.188993
52551,7.1678157
52552,7.9377728
52553,8.479611
52554,9.054691
52555,0.3680706
52556,9.291705
52557,4.4562817
52558,8.419737
52559,16.985577
52560,6.78196
52561,8.502029
52562,1.9897381
52563,6.9141464
52564,7.4941316
52565,4.391765
52566,16.029806
52567,9.387374
52568,16.60224
52569,6.793976
52570,8.650574
52571,9.978962
52572,9.297787
52573,9.873033
52574,10.302362
52575,7.1542826
52576,1.8333334
52577,6.2462006
52578,25.990664
52579,4.7729497
52580,9.107556
52581,7.6407113
52582,9.020972
52583,3.1518142
52584,5.3777604
52585,3.191185
52586,7.82714
52587,10.367297
52588,2.1252396
52589,28.556498
52590,5.7710733
52591,9.117834
52592,1.9300226
52593,7.41655
52594,15.515957
52595,1.7454865
52596,6.6665416
52597,19.562443
52598,7.530013
52599,9.097712
52600,28.115068
52601,18.576355
52602,20.579847
52603,8.379769
52604,7.8368664
52605,0.36934215
52606,7.2916675
52607,8.95276
52608,8.25092
52609,10.793717
52610,7.15
52611,1.9035897
52612,10.989667
52613,14.538187
52614,8.249132
52615,1.8910809
52616,4.8407636
52617,8.132982
52618,2.6283264
52619,7.133889
52620,9.427914
52621,2.4102614
52622,6.807183
52623,3.598825
52624,8.517353
52625,10.509143
52626,19.190676
52627,8.7128315
52628,5.6833334
52629,3.0597289
52630,10.325989
52631,2.3833334
52632,7.313713
52633,15.783947
52634,6.379731
52635,18.59124
52636,7.680311
52637,11.144455
52638,9.37411
52639,2.8049865
52640,6.5998874
52641,8.661
52642,8.511988
52643,19.115568
52644,1.65
52645,8.11289
52646,1.9808611
52647,5.6829534
52648,8.876364
52649,22.045938
52650,9.060614
52651,7.1122966
52652,10.227887
52653,22.400417
52654,8.142051
52655,2.0157418
52656,7.3199987
52657,8.853951
52658,9.374625
52659,9.362087
52660,10.022624
52661,9.178082
52662,1.7877502
52663,7.145516
52664,7.8649445
52665,9.06449
52666,3.5991745
52667,7.261563
52668,0.7960241
52669,10.098218
52670,7.412854
52671,10.258848
52672,9.964244
52673,2.330256
52674,17.202003
52675,9.040166
52676,10.061963
52677,11.9409485
52678,21.304626
52679,9.1516485
52680,9.685407
52681,17.308386
52682,7.582069
52683,7.4897933
52684,2.2819839
52685,6.5889993
52686,10.761873
52687,0.22106169
52688,10.571734
52689,9.61992
52690,22.300968
52691,5.6012945
52692,9.0014
52693,9.198569
52694,9.5001
52695,8.113885
52696,9.235136
52697,10.921708
52698,9.507714
52699,7.5506916
52700,16.073322
52701,7.949926
52702,2.4012568
52703,20.294024
52704,4.1274314
52705,22.746317
52706,0.32009283
52707,0.10125637
52708,7.6650615
52709,7.429067
52710,15.363662
52711,5.71096
52712,8.504606
52713,9.26891
52714,18.242138
52715,10.38309
52716,11.017808
52717,9.409102
52718,7.884614
52719,6.297159
52720,2.241834
52721,9.782116
52722,10.316349
52723,1.4369729
52724,8.05103
52725,9.523511
52726,15.360962
52727,8.225806
52728,8.53773
52729,10.189428
52730,9.5602255
52731,7.8564954
52732,11.294295
52733,11.560979
52734,9.046507
52735,41.658733
52736,5.943132
52737,9.664845
52738,9.206175
52739,8.665793
52740,4.5833335
52741,4.518454
52742,10.255823
52743,9.237132
52744,7.9275928
52745,7.064915
52746,18.146675
52747,6.8507037
52748,8.433333
52749,8.781466
52750,7.91204
52751,9.116897
52752,5.1116943
52753,17.71628
52754,19.239204
52755,6.981103
52756,2.2563777
52757,16.928053
52758,13.514686
52759,6.131967
52760,1.3068198
52761,8.704463
52762,1.5183927
52763,7.4705367
52764,12.752948
52765,5.8603444
52766,8.372895
52767,7.9362063
52768,4.933945
52769,3.9560797
52770,9.576703
52771,1.739701
52772,7.0582213
52773,1.3956228
52774,4.6236825
52775,3.0445735
52776,10.011092
52777,6.523395
52778,9.67008
52779,8.464408
52780,9.979558
52781,7.8845267
52782,10.071208
52783,9.175238
52784,7.9302073
52785,10.904575
52786,5.9242163
52787,1.6545061
52788,6.667383
52789,16.854658
52790,19.08495
52791,6.85076
52792,7.8933783
52793,17.857647
52794,10.536012
52795,13.1571
52796,10.546502
52797,1.9105672
52798,5.420614
52799,3.4744022
52800,5.258783
52801,2.2854648
52802,5.2581477
52803,10.721684
52804,12.665899
52805,6.282839
52806,4.0319757
52807,10.234109
52808,1.9474345
52809,8.089439
52810,9.002955
52811,8.850036
52812,9.241343
52813,7.206552
52814,2.848498
52815,17.047556
52816,26.673897
52817,7.725192
52818,9.327841
52819,10.606997
52820,8.753031
52821,5.3013806
52822,7.525938
52823,9.25722
52824,8.101846
52825,8.068276
52826,8.194384
52827,7.8950806
52828,9.3434105
52829,8.689722
52830,10.190797
52831,12.421061
52832,6.1973968
52833,35.59454
52834,16.310072
52835,10.453058
52836,16.4409
52837,9.476654
52838,14.797459
52839,8.685281
52840,9.089565
52841,6.8626175
52842,6.3270645
52843,10.679605
52844,14.116667
52845,4.5833335
52846,2.094372
52847,9.908001
52848,1.6363302
52849,5.6703258
52850,1.9345361
52851,6.8612266
52852,16.886911
52853,17.872293
52854,11.271779
52855,0.26714006
52856,6.1453266
52857,10.733374
52858,1.3291916
52859,6.892673
52860,9.779573
52861,9.717837
52862,11.903166
52863,8.921606
52864,4.172532
52865,3.622516
52866,11.082698
52867,9.342829
52868,9.234763
52869,18.526428
52870,6.965518
52871,17.777807
52872,6.895392
52873,10.105078
52874,2.5409932
52875,7.5421095
52876,14.255912
52877,8.841067
52878,10.879199
52879,4.766667
52880,12.745499
52881,9.479436
52882,2.288262
52883,19.760803
52884,17.168083
52885,6.6963987
52886,19.614006
52887,9.866762
52888,4.5835013
52889,1.9052981
52890,8.161894
52891,9.593838
52892,19.714611
52893,3.4807997
52894,3.3882775
52895,19.191345
52896,9.044434
52897,9.087093
52898,10.360574
52899,9.324765
52900,7.0997787
52901,1.7851431
52902,11.0365
52903,6.4166665
52904,16.004852
52905,0.7900478
52906,7.7713003
52907,8.74943
52908,7.943123
52909,6.614431
52910,7.783922
52911,0.90996426
52912,19.038979
52913,7.5207143
52914,1.7751539
52915,7.516695
52916,7.8413334
52917,10.67276
52918,10.118669
52919,1.3330693
52920,5.4753623
52921,8.32598
52922,8.427795
52923,17.730648
52924,16.628878
52925,8.730906
52926,12.1
52927,2.9514792
52928,17.419046
52929,7.1832895
52930,9.093532
52931,8.002082
52932,10.580453
52933,4.381846
52934,17.889057
52935,7.264749
52936,18.80415
52937,5.7276173
52938,21.018066
52939,8.84137
52940,1.872039
52941,7.45655
52942,9.306016
52943,1.3753258
52944,6.6903515
52945,7.6135
52946,10.129455
52947,4.087393
52948,18.866785
52949,3.85
52950,0.977826
52951,8.464146
52952,6.989972
52953,2.1379151
52954,5.2594256
52955,10.157458
52956,2.2
52957,6.3075075
52958,9.192849
52959,8.245611
52960,7.718651
52961,8.070858
52962,8.260076
52963,9.307987
52964,28.623232
52965,3.7128448
52966,2.595123
52967,2.6230738
52968,7.4275737
52969,10.239019
52970,3.1840806
52971,15.072951
52972,6.0315537
52973,8.891306
52974,1.6535362
52975,6.762672
52976,8.60141
52977,2.3088534
52978,6.681523
52979,8.938869
52980,3.4315588
52981,26.583334
52982,9.671546
52983,1.6933205
52984,7.1242566
52985,10.984928
52986,6.010492
52987,16.438414
52988,10.371853
52989,13.626067
52990,6.221215
52991,2.3869588
52992,2.6149354
52993,5.121462
52994,8.581106
52995,7.111398
52996,2.5666666
52997,5.280852
52998,9.045864
52999,5.095887
53000,0.03445943
53001,10.166177
53002,8.331808
53003,2.2609632
53004,7.1722274
53005,10.450267
53006,2.9653075
53007,15.122496
53008,3.923098
53009,20.155245
53010,8.066129
53011,6.85769
53012,10.318628
53013,9.503978
53014,7.818914
53015,9.846497
53016,8.933585
53017,9.296735
53018,9.34755
53019,18.219666
53020,7.9609714
53021,7.512602
53022,5.48002
53023,10.554141
53024,4.7987065
53025,4.617691
53026,12.6538515
53027,12.381204
53028,4.9038243
53029,9.593614
53030,9.615613
53031,2.1698077
53032,8.939553
53033,2.6220481
53034,6.484937
53035,2.2473574
53036,9.554075
53037,9.775393
53038,23.996035
53039,8.349467
53040,14.103929
53041,12.538663
53042,17.405346
53043,8.099159
53044,18.916708
53045,6.514446
53046,7.844003
53047,7.614692
53048,8.316119
53049,10.957498
53050,17.202799
53051,8.501378
53052,8.046587
53053,19.23713
53054,8.019733
53055,7.482744
53056,9.857296
53057,10.40206
53058,1.7146586
53059,3.6666667
53060,4.516673
53061,43.7775
53062,4.0693045
53063,7.97689
53064,13.2
53065,11.864058
53066,10.959402
53067,1.904289
53068,8.768008
53069,10.2825165
53070,9.999402
53071,11.135787
53072,10.063831
53073,9.857217
53074,10.586872
53075,8.193056
53076,1.1
53077,8.507787
53078,17.301306
53079,6.1407404
53080,9.293087
53081,10.511994
53082,7.7254925
53083,7.1891947
53084,9.339039
53085,8.354403
53086,2.2033377
53087,5.6799407
53088,18.795935
53089,2.0166667
53090,7.4545536
53091,9.067965
53092,4.7383714
53093,2.5436482
53094,11.233465
53095,18.768087
53096,21.487507
53097,8.93341
53098,19.400646
53099,8.784293
53100,6.7962575
53101,9.638611
53102,8.878572
53103,8.581074
53104,3.9649408
53105,2.936276
53106,10.850907
53107,8.65473
53108,9.724054
53109,7.5313406
53110,2.3631337
53111,17.245815
53112,1.1573077
53113,7.2841725
53114,7.9160533
53115,9.082501
53116,28.233925
53117,5.764628
53118,20.228638
53119,18.952486
53120,11.573187
53121,6.6714296
53122,6.5162907
53123,7.0264893
53124,8.178234
53125,8.125567
53126,1.8703618
53127,8.322874
53128,8.171296
53129,2.0480316
53130,7.1784253
53131,8.887873
53132,12.202065
53133,11.840002
53134,5.428186
53135,12.824725
53136,5.691426
53137,8.606496
53138,1.6853017
53139,6.301706
53140,18.979223
53141,14.092161
53142,7.867034
53143,6.400999
53144,10.063721
53145,8.008815
53146,9.272775
53147,4.4
53148,3.5990636
53149,9.029383
53150,11.581039
53151,16.199614
53152,7.1032925
53153,11.210219
53154,8.540265
53155,10.544871
53156,7.8626304
53157,3.1771266
53158,8.252009
53159,7.344404
53160,16.600307
53161,8.44887
53162,10.218747
53163,3.5461428
53164,5.4484687
53165,15.754329
53166,6.914386
53167,19.402185
53168,8.199556
53169,2.5674186
53170,5.1917224
53171,7.5461144
53172,8.211455
53173,10.977589
53174,1.8591484
53175,1.4255527
53176,12.310347
53177,16.077957
53178,7.207075
53179,29.300985
53180,4.6317334
53181,16.24922
53182,18.275835
53183,13.387339
53184,14.443564
53185,5.744498
53186,9.560457
53187,8.957322
53188,10.298307
53189,7.7214723
53190,6.4129763
53191,2.2521098
53192,9.897064
53193,6.9840045
53194,2.2920763
53195,7.2277956
53196,2.0557964
53197,6.705133
53198,0.002590815
53199,20.441349
53200,7.98831
53201,18.571066
53202,0.52295524
53203,18.56236
53204,9.389926
53205,25.84431
53206,7.77467
53207,2.157108
53208,0.55
53209,5.9116607
53210,8.367149
53211,13.895727
53212,12.173565
53213,9.372956
53214,1.1916479
53215,3.9870906
53216,11.017901
53217,17.341158
53218,8.308538
53219,1.8951576
53220,21.621426
53221,25.704142
53222,6.8788924
53223,8.916959
53224,17.725813
53225,0.17811458
53226,14.035257
53227,10.954413
53228,1.853029
53229,14.954854
53230,5.4147015
53231,13.816881
53232,9.091846
53233,9.931382
53234,18.38958
53235,7.621584
53236,39.46315
53237,9.1452675
53238,1.3801656
53239,7.4905224
53240,10.244726
53241,9.852625
53242,2.4374483
53243,8.966813
53244,28.634644
53245,0.73333335
53246,5.4820304
53247,6.6031857
53248,3.0251346
53249,8.534034
53250,19.760405
53251,6.9786787
53252,2.0340126
53253,9.285172
53254,7.41915
53255,11.446635
53256,7.2979608
53257,10.682552
53258,5.3804717
53259,6.537921
53260,18.906069
53261,36.728172
53262,26.493975
53263,8.931319
53264,9.49742
53265,13.354931
53266,9.477583
53267,9.563533
53268,2.4686334
53269,24.94169
53270,5.9757557
53271,8.618164
53272,2.8739457
53273,7.5590453
53274,4.2166667
53275,21.196009
53276,7.184227
53277,8.478063
53278,10.562222
53279,8.799085
53280,3.4275856
53281,18.654375
53282,9.233205
53283,11.916667
53284,6.95378
53285,19.27067
53286,16.140547
53287,16.61828
53288,20.831055
53289,10.336074
53290,9.124694
53291,7.7218456
53292,10.729002
53293,8.688363
53294,7.8598185
53295,7.5372534
53296,19.651556
53297,6.8981724
53298,5.2176075
53299,17.703882
53300,6.33506
53301,7.1820674
53302,0.76997286
53303,19.767101
53304,7.899214
53305,8.733153
53306,7.7735105
53307,1.6683974
53308,6.0945425
53309,8.265281
53310,8.403484
53311,1.4698507
53312,7.0345407
53313,7.6327085
53314,16.835775
53315,7.9199805
53316,1.6866921
53317,6.254316
53318,16.807882
53319,9.939337
53320,0.99318814
53321,8.097704
53322,9.981298
53323,9.716666
53324,16.791136
53325,11.828154
53326,6.3932424
53327,5.710848
53328,11.088435
53329,8.739744
53330,9.149791
53331,9.307035
53332,7.0743256
53333,8.315356
53334,8.257533
53335,5.4257483
53336,7.4456615
53337,19.720736
53338,7.7029386
53339,11.167176
53340,8.2527075
53341,11.698706
53342,7.9807825
53343,1.8943232
53344,7.1765585
53345,23.448359
53346,6.7477946
53347,8.33156
53348,7.9125714
53349,4.990634
53350,9.803438
53351,8.937963
53352,3.1774678
53353,4.377325
53354,8.03818
53355,7.7735353
53356,9.315945
53357,8.085005
53358,8.618799
53359,19.439018
53360,10.370662
53361,11.74373
53362,5.2680736
53363,9.435281
53364,20.718689
53365,7.764101
53366,9.227291
53367,9.576599
53368,9.038273
53369,10.036784
53370,17.68853
53371,16.29985
53372,8.214436
53373,2.1568856
53374,2.3620126
53375,4.359452
53376,10.626792
53377,9.249553
53378,5.7742205
53379,2.8252444
53380,10.296489
53381,11.164364
53382,7.5625415
53383,8.709424
53384,9.164547
53385,7.1002665
53386,2.2131524
53387,7.5435643
53388,11.227496
53389,10.911045
53390,17.822258
53391,2.898025
53392,9.220965
53393,9.74141
53394,4.2093043
53395,27.71288
53396,4.120835
53397,14.689645
53398,6.489745
53399,16.741276
53400,7.3235116
53401,8.824499
53402,8.818442
53403,21.20813
53404,6.552378
53405,4.6773996
53406,7.7875233
53407,1.9031447
53408,5.430754
53409,7.4124746
53410,8.763369
53411,7.8114595
53412,8.612744
53413,11.9997425
53414,3.2083435
53415,8.931987
53416,68.28579
53417,6.009436
53418,10.150091
53419,1.9211215
53420,6.7131276
53421,8.532516
53422,9.538269
53423,7.3486958
53424,22.808224
53425,20.530859
53426,8.221468
53427,10.623144
53428,7.4138875
53429,6.4326835
53430,2.5252504
53431,23.42566
53432,6.7001657
53433,17.5033
53434,9.755685
53435,1.7498654
53436,7.3739853
53437,5.0547833
53438,7.87046
53439,5.6833334
53440,4.0025787
53441,10.730816
53442,8.563191
53443,1.7261106
53444,7.541109
53445,20.924776
53446,3.1799002
53447,8.047224
53448,8.845575
53449,2.0669937
53450,7.633742
53451,18.852165
53452,7.6968675
53453,13.035368
53454,20.896936
53455,7.0789104
53456,2.0117042
53457,5.027326
53458,11.153802
53459,1.4443321
53460,6.7696977
53461,9.418813
53462,10.140864
53463,7.3059945
53464,28.997044
53465,6.7330127
53466,7.2538147
53467,12.424047
53468,1.8180852
53469,6.7633862
53470,7.415294
53471,6.631415
53472,1.9277736
53473,9.942039
53474,8.39715
53475,7.1522717
53476,10.7677555
53477,1.7024597
53478,6.946088
53479,8.148353
53480,8.20946
53481,2.4077177
53482,6.7868786
53483,8.723268
53484,9.936793
53485,9.533334
53486,16.258099
53487,7.495031
53488,7.889128
53489,8.534343
53490,4.5833335
53491,3.2614553
53492,12.310832
53493,8.459876
53494,19.444378
53495,7.212877
53496,11.570535
53497,18.8008
53498,7.8560047
53499,9.780158
53500,8.22444
53501,11.899583
53502,8.891352
53503,8.354275
53504,8.824372
53505,7.892299
53506,10.076951
53507,7.2822814
53508,1.8714747
53509,2.2
53510,4.220477
53511,8.860644
53512,7.610862
53513,8.0430355
53514,8.92013
53515,7.3588543
53516,9.01204
53517,17.951855
53518,7.4303713
53519,8.351175
53520,9.9824915
53521,7.8679566
53522,11.736136
53523,10.0886345
53524,18.669344
53525,8.992338
53526,15.97178
53527,4.111179
53528,7.9783034
53529,0.36666667
53530,18.310555
53531,7.2925324
53532,2.4944544
53533,7.1966085
53534,10.102834
53535,6.4691153
53536,9.278711
53537,9.377797
53538,3.8461363
53539,6.188885
53540,10.373642
53541,8.901127
53542,9.661325
53543,7.914638
53544,7.105002
53545,7.6969304
53546,9.280221
53547,8.318322
53548,2.5677364
53549,14.305306
53550,8.481599
53551,5.5
53552,3.0917807
53553,9.528622
53554,29.137337
53555,7.0611715
53556,8.04053
53557,1.6663791
53558,8.084798
53559,1.3756832
53560,2.7455885
53561,2.9570973
53562,7.5906596
53563,10.548972
53564,8.286334
53565,34.971615
53566,2.2
53567,0.96623117
53568,3.5546305
53569,9.162187
53570,10.053507
53571,2.9259045
53572,6.152694
53573,9.751408
53574,10.709949
53575,29.23888
53576,1.1
53577,8.134796
53578,24.339794
53579,8.615995
53580,10.035785
53581,1.841164
53582,7.5539746
53583,0.18333334
53584,9.950051
53585,9.478332
53586,10.021434
53587,11.004337
53588,2.0262802
53589,6.8885016
53590,6.9666667
53591,8.441432
53592,42.68195
53593,0.014281273
53594,5.7500134
53595,8.671365
53596,1.631618
53597,7.456184
53598,6.5899606
53599,17.515087
53600,10.354684
53601,9.170382
53602,9.655936
53603,10.051998
53604,7.860255
53605,9.8697815
53606,10.075124
53607,11.539627
53608,10.893941
53609,11.94598
53610,10.705535
53611,9.469971
53612,8.207852
53613,11.499914
53614,8.143076
53615,10.079179
53616,7.968513
53617,6.233333
53618,23.5166
53619,11.349337
53620,9.043351
53621,8.843866
53622,21.305952
53623,6.876063
53624,10.325607
53625,9.348614
53626,15.565841
53627,17.021044
53628,6.1196566
53629,8.47714
53630,8.375058
53631,10.099801
53632,10.950453
53633,10.207414
53634,8.799902
53635,29.859058
53636,19.95628
53637,9.539264
53638,6.7496057
53639,10.017755
53640,8.807588
53641,6.5643864
53642,11.123799
53643,4.0420933
53644,17.11414
53645,8.468889
53646,6.688905
53647,7.8818655
53648,6.610378
53649,9.336672
53650,4.041052
53651,8.52809
53652,9.831786
53653,19.134733
53654,6.0439515
53655,8.489307
53656,2.3723843
53657,6.2881703
53658,21.246172
53659,4.960465
53660,8.751306
53661,7.297493
53662,8.302394
53663,9.118606
53664,3.1351092
53665,8.989692
53666,8.852122
53667,8.187532
53668,8.615606
53669,7.613135
53670,7.5449305
53671,9.226728
53672,9.477322
53673,9.128508
53674,19.133825
53675,2.6014645
53676,2.75
53677,14.181885
53678,19.706865
53679,7.809083
53680,6.3868685
53681,10.672706
53682,4.406365
53683,1.0185721
53684,8.999339
53685,10.666595
53686,6.243968
53687,9.61562
53688,19.357912
53689,6.800993
53690,18.076986
53691,2.7105098
53692,8.002711
53693,16.65225
53694,8.530235
53695,9.584428
53696,7.5969057
53697,21.42008
53698,0.9446938
53699,24.292183
53700,7.1809053
53701,8.84042
53702,2.7455487
53703,9.102813
53704,6.1932883
53705,8.174131
53706,6.6277986
53707,9.222953
53708,8.152579
53709,10.182603
53710,8.826217
53711,10.187331
53712,9.452191
53713,9.210404
53714,9.949096
53715,17.400696
53716,5.5072627
53717,9.6886635
53718,10.742902
53719,19.598486
53720,7.5367126
53721,3.2041705
53722,6.4145646
53723,9.494489
53724,3.1166666
53725,7.849962
53726,9.505549
53727,2.0747976
53728,6.5233145
53729,30.89112
53730,7.712038
53731,9.435701
53732,8.946849
53733,8.292953
53734,10.971362
53735,19.556446
53736,7.2986374
53737,10.017404
53738,18.722807
53739,8.40006
53740,9.400177
53741,9.010268
53742,7.459926
53743,9.365233
53744,0.39273104
53745,9.604885
53746,8.366903
53747,10.579404
53748,6.607962
53749,10.517747
53750,7.8715105
53751,2.690928
53752,8.450858
53753,4.1346955
53754,7.5580606
53755,10.384227
53756,2.0100996
53757,6.9248447
53758,9.319513
53759,8.206972
53760,12.317071
53761,9.105182
53762,10.449838
53763,9.099204
53764,34.805584
53765,7.194924
53766,6.4166665
53767,7.3435955
53768,13.2
53769,5.595668
53770,3.2412925
53771,17.450586
53772,28.963438
53773,8.935746
53774,9.780392
53775,19.075663
53776,17.625698
53777,14.917637
53778,9.201875
53779,17.841747
53780,2.6344538
53781,16.404322
53782,22.55282
53783,5.5310493
53784,2.501035
53785,18.839478
53786,7.667765
53787,10.096995
53788,10.837116
53789,5.167462
53790,8.932313
53791,9.162515
53792,2.0616453
53793,6.3271117
53794,12.762252
53795,8.61028
53796,10.236461
53797,10.195559
53798,9.90804
53799,18.652727
53800,0.6455104
53801,17.058071
53802,6.065322
53803,16.673607
53804,7.6178784
53805,8.778208
53806,7.3087616
53807,8.83374
53808,9.12118
53809,7.4518757
53810,10.3048725
53811,18.177593
53812,6.609797
53813,9.0103
53814,7.221214
53815,8.191299
53816,8.046499
53817,7.5838714
53818,9.819348
53819,10.807778
53820,6.486336
53821,10.65166
53822,8.679565
53823,9.329311
53824,11.055917
53825,29.897346
53826,8.037513
53827,8.986204
53828,37.930607
53829,3.0893965
53830,9.84965
53831,2.32203
53832,7.799005
53833,9.543386
53834,3.2588477
53835,7.2876782
53836,11.516857
53837,10.064746
53838,26.365181
53839,17.121126
53840,6.00783
53841,5.3373814
53842,9.938798
53843,10.317985
53844,8.530974
53845,9.175611
53846,2.5666666
53847,19.798552
53848,17.626722
53849,6.8542004
53850,8.319044
53851,5.5909944
53852,2.3092115
53853,8.170883
53854,21.288574
53855,0.79843205
53856,7.274245
53857,2.5254729
53858,16.184597
53859,7.375035
53860,1.9081436
53861,8.6074505
53862,3.3070962
53863,9.227189
53864,24.059486
53865,2.9166145
53866,10.262743
53867,2.722693
53868,7.652768
53869,20.912954
53870,7.1883535
53871,10.0042515
53872,1.8637339
53873,16.763737
53874,14.851984
53875,1.9947605
53876,7.20489
53877,8.150689
53878,6.505966
53879,9.241103
53880,7.4241323
53881,7.2880993
53882,2.629288
53883,8.113186
53884,17.309483
53885,14.48291
53886,1.0893028
53887,0.32471022
53888,5.0037227
53889,8.933529
53890,2.230914
53891,7.2439346
53892,1.5479721
53893,7.9853945
53894,1.7028171
53895,6.2144847
53896,9.524091
53897,26.800774
53898,25.375454
53899,6.141877
53900,18.180607
53901,6.972551
53902,9.098624
53903,9.904956
53904,2.037772
53905,5.356169
53906,25.020243
53907,6.5595703
53908,8.61168
53909,9.344275
53910,6.0554748
53911,5.3535542
53912,2.1852973
53913,17.717834
53914,3.8156433
53915,8.729434
53916,1.6363145
53917,7.5049877
53918,2.203393
53919,7.3245454
53920,8.550494
53921,9.180331
53922,8.051825
53923,11.639921
53924,4.7179465
53925,7.5425315
53926,7.7454243
53927,8.38511
53928,8.685064
53929,8.325864
53930,1.5824397
53931,10.1692915
53932,2.4512522
53933,10.137964
53934,9.977945
53935,10.582066
53936,8.531665
53937,10.441751
53938,10.875901
53939,11.382324
53940,9.51558
53941,4.0570984
53942,12.109353
53943,6.084498
53944,1.6887506
53945,5.626947
53946,10.313058
53947,10.001923
53948,9.773739
53949,9.423631
53950,3.6771698
53951,9.3459835
53952,9.8298
53953,18.64787
53954,8.894047
53955,7.108061
53956,2.2
53957,7.3703303
53958,15.37512
53959,28.09865
53960,15.06497
53961,1.6744057
53962,7.730968
53963,8.7980995
53964,9.7215
53965,8.356215
53966,8.374342
53967,9.443807
53968,9.008685
53969,20.408808
53970,9.214544
53971,10.487047
53972,10.180561
53973,28.783333
53974,1.8755834
53975,8.905259
53976,30.514893
53977,6.2916117
53978,20.772839
53979,8.071883
53980,20.33793
53981,7.515598
53982,9.462164
53983,18.50866
53984,8.063768
53985,13.368351
53986,7.4068146
53987,9.063857
53988,8.125034
53989,9.912
53990,9.864259
53991,6.437588
53992,27.67346
53993,8.324131
53994,12.111482
53995,9.946488
53996,11.34019
53997,21.198292
53998,52.116665
53999,21.434221
54000,8.093549
54001,9.19223
54002,9.27736
54003,9.389099
54004,4.9367585
54005,9.030048
54006,9.270686
54007,19.17406
54008,6.62818
54009,6.7013674
54010,11.411223
54011,10.208432
54012,1.5755416
54013,28.709072
54014,16.460793
54015,9.605622
54016,16.488108
54017,8.481319
54018,18.65116
54019,1.0023675
54020,5.425937
54021,3.124992
54022,20.178835
54023,15.814408
54024,14.575671
54025,4.703188
54026,2.0643315
54027,13.554059
54028,4.7060328
54029,7.832576
54030,9.401823
54031,5.5
54032,15.067164
54033,8.238381
54034,8.216214
54035,13.659542
54036,6.7833333
54037,6.122351
54038,1.7452798
54039,7.650605
54040,10.167552
54041,19.184404
54042,12.849967
54043,11.78859
54044,7.8309774
54045,1.9932983
54046,6.3426013
54047,1.9336065
54048,3.8947823
54049,11.900744
54050,8.674966
54051,2.3783684
54052,8.581401
54053,4.4
54054,8.163713
54055,11.136884
54056,20.108551
54057,6.9926667
54058,1.6484815
54059,6.766741
54060,8.563455
54061,5.391669
54062,7.3073792
54063,7.57966
54064,8.775759
54065,8.306719
54066,9.8220825
54067,7.8326397
54068,9.899495
54069,7.5033994
54070,8.919526
54071,9.495321
54072,10.405723
54073,17.664774
54074,9.053693
54075,8.885677
54076,9.445945
54077,5.573431
54078,2.2440753
54079,10.146323
54080,8.055258
54081,10.004853
54082,6.3792553
54083,8.123198
54084,8.9864645
54085,9.837993
54086,8.7723255
54087,2.3878577
54088,6.4684873
54089,0.73333335
54090,7.2405596
54091,7.8492875
54092,14.5350065
54093,1.2832004
54094,8.797186
54095,7.895041
54096,2.5312426
54097,26.901794
54098,4.2166667
54099,5.942559
54100,9.487288
54101,6.6057043
54102,11.256299
54103,9.313306
54104,7.8783507
54105,10.133561
54106,12.041238
54107,9.793676
54108,9.521725
54109,8.880678
54110,8.51457
54111,8.129923
54112,19.67681
54113,4.5380116
54114,8.108154
54115,2.6224058
54116,17.093828
54117,7.5838184
54118,10.038716
54119,7.5091043
54120,8.025153
54121,5.905048
54122,5.9962516
54123,10.404644
54124,20.202236
54125,14.584924
54126,8.32631
54127,4.3006506
54128,8.606292
54129,10.733388
54130,10.122595
54131,8.995447
54132,2.215052
54133,7.332023
54134,22.625607
54135,2.8985658
54136,10.168252
54137,9.04653
54138,10.26958
54139,8.911164
54140,9.12985
54141,5.1657443
54142,12.735909
54143,4.6477957
54144,11.502728
54145,19.91107
54146,8.154456
54147,11.14091
54148,9.588251
54149,3.1166666
54150,19.260775
54151,7.8286176
54152,10.218597
54153,9.156523
54154,16.124327
54155,8.117781
54156,0.83933675
54157,13.762735
54158,1.3322433
54159,6.3069024
54160,9.851957
54161,10.163386
54162,11.4624815
54163,9.253605
54164,8.52364
54165,13.400366
54166,10.386532
54167,8.815391
54168,8.621429
54169,9.358939
54170,2.2273302
54171,18.670969
54172,9.519689
54173,8.879368
54174,7.941747
54175,8.812522
54176,9.666864
54177,9.512315
54178,8.954167
54179,26.583334
54180,19.209639
54181,5.782469
54182,4.4
54183,4.9650755
54184,2.3833334
54185,7.560477
54186,16.871792
54187,7.847659
54188,9.294169
54189,9.69545
54190,0.73333335
54191,8.396141
54192,6.622569
54193,1.7639081
54194,7.106528
54195,9.172654
54196,19.68276
54197,9.480953
54198,7.5685334
54199,31.29119
54200,5.6122713
54201,8.910171
54202,8.861082
54203,30.80826
54204,6.414231
54205,8.826406
54206,9.686971
54207,8.272465
54208,8.676314
54209,10.420345
54210,8.928991
54211,16.9722
54212,7.392152
54213,8.927592
54214,7.3799853
54215,9.274306
54216,0.36666667
54217,21.802792
54218,8.785813
54219,17.584148
54220,29.10563
54221,4.2780957
54222,6.615265
54223,3.1176798
54224,10.73673
54225,8.79073
54226,6.468256
54227,10.573434
54228,9.576075
54229,0.06385644
54230,8.774622
54231,2.349957
54232,5.6469517
54233,9.182303
54234,9.480277
54235,8.9315405
54236,24.7454
54237,6.1314664
54238,6.2179646
54239,1.361871
54240,0.18333334
54241,17.188408
54242,2.1942854
54243,18.699919
54244,24.775732
54245,6.5595155
54246,7.9287763
54247,10.598333
54248,7.4343276
54249,7.47745
54250,8.975039
54251,1.5847682
54252,6.7242074
54253,8.194875
54254,8.506593
54255,8.596644
54256,8.288859
54257,13.05224
54258,6.9666667
54259,2.2874672
54260,0.17948948
54261,5.877281
54262,9.265593
54263,4.4
54264,23.495092
54265,2.0500977
54266,7.441409
54267,8.621709
54268,11.330224
54269,1.6425847
54270,37.74799
54271,2.6640177
54272,8.381232
54273,18.414772
54274,7.6859884
54275,1.5331426
54276,17.26478
54277,7.924533
54278,5.4622254
54279,8.748366
54280,1.7867807
54281,5.4018097
54282,11.237691
54283,1.3297558
54284,7.699322
54285,1.4436961
54286,4.2304997
54287,2.3202024
54288,11.560028
54289,8.026522
54290,1.4666667
54291,25.415808
54292,10.474191
54293,9.758633
54294,18.556765
54295,7.593743
54296,4.9289484
54297,7.4718714
54298,16.380478
54299,1.0237058
54300,5.5776362
54301,0.64038444
54302,8.870189
54303,1.7464164
54304,8.033912
54305,9.424162
54306,17.962902
54307,8.464392
54308,8.019234
54309,8.296634
54310,12.0519
54311,5.6975694
54312,8.589935
54313,9.964905
54314,7.906207
54315,8.134843
54316,9.529654
54317,19.2539
54318,12.905862
54319,7.3361387
54320,17.952734
54321,4.9734907
54322,2.2981007
54323,6.5724072
54324,9.987061
54325,20.660393
54326,16.618269
54327,8.043528
54328,8.78218
54329,8.983717
54330,11.059174
54331,13.079652
54332,12.082642
54333,7.1238127
54334,12.3850975
54335,5.7386317
54336,11.260367
54337,19.172586
54338,28.513145
54339,8.615416
54340,12.753089
54341,4.4147644
54342,26.658365
54343,3.9337795
54344,2.2800925
54345,9.44929
54346,25.11546
54347,27.350416
54348,5.290397
54349,33.33097
54350,7.6249194
54351,1.8265806
54352,18.56762
54353,6.335784
54354,2.1489859
54355,8.334263
54356,9.866412
54357,9.242208
54358,9.820405
54359,9.916782
54360,9.36056
54361,8.192937
54362,9.319845
54363,12.520052
54364,9.16032
54365,9.508396
54366,7.808074
54367,1.6672212
54368,17.199198
54369,8.422248
54370,7.7948976
54371,10.782284
54372,8.637331
54373,8.74006
54374,9.483551
54375,1.2702465
54376,7.159217
54377,9.182351
54378,2.463166
54379,8.510065
54380,10.245213
54381,8.315929
54382,9.161601
54383,8.528812
54384,32.41573
54385,11.042293
54386,8.000096
54387,30.884146
54388,6.3784595
54389,7.279523
54390,11.245458
54391,16.370022
54392,6.5812106
54393,8.553187
54394,7.0870566
54395,8.297571
54396,10.758146
54397,8.7383585
54398,7.807978
54399,10.133433
54400,5.256884
54401,9.384161
54402,8.840592
54403,13.189309
54404,18.075203
54405,25.378864
54406,6.656083
54407,7.883333
54408,4.6821594
54409,10.542188
54410,3.85
54411,15.308609
54412,9.762965
54413,9.705656
54414,9.969554
54415,22.17703
54416,6.0303125
54417,17.59913
54418,8.795358
54419,7.762185
54420,10.10414
54421,10.215312
54422,10.77501
54423,8.777761
54424,8.798338
54425,10.4720335
54426,3.5992703
54427,4.089873
54428,6.0440464
54429,9.430813
54430,8.068125
54431,18.417448
54432,7.4919696
54433,2.1249216
54434,6.441935
54435,12.72886
54436,5.0705748
54437,8.0056505
54438,8.652814
54439,8.510971
54440,22.668188
54441,4.4
54442,3.033972
54443,3.785499
54444,8.175531
54445,9.152667
54446,1.6777676
54447,7.5055127
54448,10.941616
54449,6.086143
54450,7.6112757
54451,8.360846
54452,1.8516144
54453,8.794707
54454,10.554099
54455,9.056257
54456,9.56018
54457,8.913176
54458,8.714598
54459,1.5533369
54460,6.919965
54461,10.161497
54462,20.959822
54463,8.794802
54464,10.119892
54465,10.681439
54466,6.340456
54467,3.0944824
54468,8.137115
54469,40.173584
54470,2.3683548
54471,9.135303
54472,10.906507
54473,17.851017
54474,9.394095
54475,3.1241343
54476,5.300395
54477,9.342798
54478,9.202615
54479,10.582411
54480,11.842361
54481,8.709512
54482,43.887264
54483,8.518945
54484,11.087042
54485,9.667039
54486,9.281912
54487,9.277019
54488,0.9648877
54489,8.629824
54490,3.0080562
54491,6.621019
54492,7.3894897
54493,9.722352
54494,8.474748
54495,12.531116
54496,8.327565
54497,2.234753
54498,8.631755
54499,0.18333334
54500,14.7467
54501,6.9286823
54502,10.263022
54503,23.089043
54504,8.04383
54505,2.5080287
54506,1.5845857
54507,6.591964
54508,12.430922
54509,14.041511
54510,5.132477
54511,10.885088
54512,10.444712
54513,11.047404
54514,9.929117
54515,9.182485
54516,1.1
54517,10.077254
54518,9.872667
54519,5.679648
54520,10.486739
54521,9.809582
54522,21.84606
54523,8.278577
54524,29.969933
54525,5.8605914
54526,8.607046
54527,6.005517
54528,1.9980273
54529,11.107891
54530,17.894714
54531,8.15668
54532,9.902205
54533,2.5224528
54534,7.395943
54535,16.91675
54536,5.114659
54537,9.008559
54538,20.536715
54539,17.76673
54540,29.277636
54541,3.6056123
54542,19.948095
54543,8.513078
54544,9.98574
54545,9.594432
54546,9.469399
54547,13.261659
54548,7.4888935
54549,11.075394
54550,6.847493
54551,1.797692
54552,3.6242957
54553,2.794441
54554,21.768238
54555,1.4373382
54556,9.884245
54557,12.9150305
54558,17.861246
54559,9.531514
54560,9.157078
54561,20.599964
54562,3.4802918
54563,10.474141
54564,5.32136
54565,7.4198403
54566,9.654936
54567,7.787164
54568,9.832326
54569,9.84312
54570,12.948734
54571,8.312289
54572,10.405271
54573,8.804719
54574,17.58724
54575,7.3122587
54576,2.7844188
54577,20.833555
54578,0.662462
54579,6.2417593
54580,2.3872533
54581,6.9693966
54582,8.072265
54583,6.5373273
54584,22.963802
54585,0.36666667
54586,6.7592235
54587,10.760148
54588,15.838284
54589,7.168999
54590,3.2148125
54591,8.487662
54592,9.301519
54593,9.8343525
54594,1.460584
54595,6.4377217
54596,10.189184
54597,9.431156
54598,19.24876
54599,3.6280792
54600,5.007728
54601,7.3269777
54602,2.194095
54603,19.673882
54604,0.29831728
54605,6.775625
54606,7.8724537
54607,9.131415
54608,8.718538
54609,9.02644
54610,7.890169
54611,8.893921
54612,10.921631
54613,9.419625
54614,10.251769
54615,8.878034
54616,29.414238
54617,6.9533024
54618,16.534622
54619,11.719068
54620,6.545385
54621,9.341185
54622,7.1029983
54623,7.913455
54624,9.056791
54625,2.5625386
54626,8.3291855
54627,8.066667
54628,4.986644
54629,9.625651
54630,2.195724
54631,15.2486105
54632,0.89150274
54633,6.65036
54634,18.245842
54635,5.268295
54636,4.8548455
54637,8.451009
54638,18.866915
54639,16.04635
54640,6.5067534
54641,8.869178
54642,1.3683952
54643,16.60443
54644,6.5299435
54645,7.5726604
54646,10.633142
54647,3.4286575
54648,3.6236212
54649,19.876701
54650,15.40845
54651,0.91671157
54652,7.7682576
54653,7.2494264
54654,2.5666666
54655,9.2049055
54656,8.999205
54657,8.280039
54658,8.466737
54659,8.806323
54660,22.300354
54661,11.017912
54662,9.490444
54663,19.897953
54664,9.427714
54665,3.3
54666,5.9517293
54667,8.917689
54668,9.311389
54669,6.3961434
54670,10.51345
54671,7.9732165
54672,9.3069315
54673,21.877186
54674,6.1774416
54675,9.048654
54676,7.8020425
54677,0.73333335
54678,6.626144
54679,8.097173
54680,8.704631
54681,6.465761
54682,0.33611453
54683,8.939576
54684,8.230161
54685,3.0702434
54686,7.971851
54687,8.231204
54688,10.910488
54689,10.093395
54690,1.561769
54691,8.7695675
54692,9.218265
54693,10.364374
54694,22.745552
54695,0.040324524
54696,7.878702
54697,9.463343
54698,1.9372705
54699,17.98984
54700,10.749785
54701,6.0143156
54702,8.567765
54703,8.48511
54704,10.751065
54705,1.4577311
54706,7.485986
54707,11.624131
54708,19.045004
54709,8.574072
54710,6.2199445
54711,1.9231557
54712,9.932709
54713,19.00345
54714,0.55688226
54715,24.643806
54716,6.875516
54717,8.180301
54718,9.009481
54719,10.206875
54720,8.257468
54721,2.3767636
54722,12.1
54723,27.3253
54724,9.404769
54725,8.987579
54726,11.7879
54727,11.945964
54728,11.297567
54729,12.65
54730,17.932314
54731,6.4215975
54732,8.917222
54733,9.519323
54734,7.0390143
54735,18.628828
54736,7.5964847
54737,17.195047
54738,7.0901947
54739,8.879606
54740,27.995604
54741,4.2483325
54742,9.306153
54743,9.306813
54744,5.9190745
54745,1.6979852
54746,5.4064116
54747,8.868585
54748,8.7217655
54749,8.734544
54750,10.08582
54751,10.15458
54752,6.5390987
54753,4.041791
54754,6.6141047
54755,8.88315
54756,10.97433
54757,15.5772915
54758,9.21243
54759,2.5026083
54760,7.4539504
54761,11.194802
54762,9.959029
54763,8.323885
54764,8.495466
54765,9.41484
54766,7.9386783
54767,2.2812688
54768,9.2774315
54769,9.65457
54770,5.146678
54771,2.0173867
54772,12.213128
54773,5.153879
54774,11.323197
54775,7.445676
54776,7.680838
54777,9.508053
54778,10.220305
54779,5.761163
54780,2.2494156
54781,6.2851987
54782,1.8629391
54783,11.0046
54784,8.735585
54785,3.4600017
54786,7.8662076
54787,8.552853
54788,2.3833334
54789,12.946305
54790,7.110334
54791,18.921501
54792,8.904148
54793,13.091741
54794,15.90652
54795,17.835531
54796,1.092712
54797,7.080316
54798,10.195296
54799,10.81555
54800,7.3569293
54801,5.854416
54802,2.1803935
54803,8.663464
54804,20.873405
54805,7.3343368
54806,5.0421705
54807,7.0304394
54808,9.632548
54809,8.361172
54810,8.776251
54811,7.7146835
54812,6.5094953
54813,2.102963
54814,3.6939154
54815,7.552886
54816,4.4889455
54817,7.100201
54818,10.776943
54819,8.584611
54820,8.832931
54821,17.020973
54822,7.8147745
54823,4.8361216
54824,18.382378
54825,18.617535
54826,3.4833333
54827,4.2131104
54828,7.6895313
54829,10.308996
54830,10.347455
54831,8.13372
54832,9.995571
54833,10.18986
54834,7.0659323
54835,25.524008
54836,16.738575
54837,16.18758
54838,8.137974
54839,2.0565984
54840,6.379024
54841,8.865683
54842,9.984065
54843,9.825454
54844,1.7692326
54845,7.300926
54846,9.3292
54847,9.47086
54848,21.185446
54849,8.328391
54850,8.890406
54851,11.183191
54852,10.908078
54853,1.9627014
54854,9.204952
54855,8.65793
54856,8.575048
54857,12.591633
54858,8.132505
54859,20.827433
54860,8.09652
54861,12.48243
54862,3.1674309
54863,8.007582
54864,8.884803
54865,9.144007
54866,10.251587
54867,9.617543
54868,8.6109
54869,4.766667
54870,13.317585
54871,18.335207
54872,8.99636
54873,0.19987424
54874,18.349764
54875,2.5745394
54876,7.5896273
54877,12.256622
54878,1.4629364
54879,5.054728
54880,9.417439
54881,11.610604
54882,6.3761163
54883,8.727622
54884,12.664643
54885,23.648262
54886,7.1761928
54887,9.074131
54888,8.29517
54889,10.943604
54890,11.305858
54891,20.167273
54892,6.293568
54893,9.029134
54894,9.044641
54895,8.353542
54896,38.261646
54897,14.014504
54898,6.505958
54899,9.409667
54900,9.079568
54901,5.619621
54902,8.674891
54903,9.292269
54904,11.317286
54905,3.8290026
54906,4.582437
54907,9.987895
54908,8.374357
54909,11.050297
54910,8.189019
54911,8.248036
54912,8.909576
54913,8.816073
54914,9.478951
54915,8.248393
54916,18.657637
54917,8.60141
54918,8.031544
54919,10.532466
54920,17.60382
54921,11.500137
54922,7.4603486
54923,8.55109
54924,5.658038
54925,3.4181197
54926,10.716989
54927,9.426204
54928,9.213647
54929,7.5506682
54930,29.955217
54931,7.3333335
54932,17.678288
54933,8.625777
54934,11.654846
54935,6.3619866
54936,2.366002
54937,9.118429
54938,9.2196455
54939,1.8076103
54940,5.5620203
54941,10.178979
54942,3.1166666
54943,8.492256
54944,16.74002
54945,7.42589
54946,18.32056
54947,8.393836
54948,2.4021387
54949,8.882355
54950,8.876237
54951,8.809328
54952,17.382826
54953,8.07709
54954,7.163795
54955,3.1166666
54956,17.704502
54957,17.518383
54958,6.711793
54959,9.892544
54960,8.022984
54961,3.04668
54962,16.96362
54963,7.106073
54964,7.5331697
54965,20.008636
54966,7.009689
54967,9.3203535
54968,12.83466
54969,7.784924
54970,9.248557
54971,8.524926
54972,8.856639
54973,9.9
54974,9.048773
54975,3.2703004
54976,7.64072
54977,9.112127
54978,9.152007
54979,9.39772
54980,2.234451
54981,7.036742
54982,8.208713
54983,7.8647857
54984,18.36606
54985,1.0761342
54986,5.125689
54987,9.46521
54988,8.033365
54989,1.7243783
54990,18.035242
54991,34.718067
54992,3.2761657
54993,13.549313
54994,5.6837163
54995,8.445662
54996,10.04564
54997,17.097307
54998,6.8735037
54999,30.47415
55000,14.237983
55001,6.4899364
55002,9.85938
55003,8.806411
55004,8.202544
55005,10.736569
55006,8.847261
55007,9.603444
55008,6.6111007
55009,11.177897
55010,1.2923162
55011,7.217622
55012,2.5551398
55013,7.0264735
55014,10.132441
55015,1.4666667
55016,12.643766
55017,6.556265
55018,21.630041
55019,8.110793
55020,13.864748
55021,9.519807
55022,5.244716
55023,8.9418335
55024,8.86147
55025,4.7796817
55026,2.9443662
55027,9.478069
55028,10.081364
55029,23.970924
55030,20.52985
55031,7.573399
55032,11.542845
55033,7.8483267
55034,8.684857
55035,2.4702864
55036,18.61423
55037,7.6443205
55038,0.001335144
55039,7.166694
55040,8.075738
55041,9.517487
55042,9.250324
55043,8.78161
55044,4.378287
55045,8.146595
55046,20.494097
55047,8.919279
55048,6.120444
55049,8.074236
55050,7.903719
55051,11.330042
55052,17.805164
55053,9.377154
55054,10.920764
55055,9.166667
55056,14.335771
55057,20.527214
55058,1.5907847
55059,6.7551465
55060,9.260925
55061,14.483334
55062,14.83349
55063,3.8815897
55064,10.131376
55065,7.38585
55066,9.52925
55067,8.636961
55068,9.713562
55069,7.8376455
55070,9.356761
55071,4.591346
55072,8.131376
55073,8.911261
55074,6.794111
55075,1.6391042
55076,11.4465475
55077,9.056917
55078,0.7917802
55079,6.9063916
55080,9.853609
55081,15.662887
55082,1.1233088
55083,6.7990785
55084,7.2057495
55085,8.062807
55086,6.753175
55087,11.054255
55088,7.7525544
55089,8.556341
55090,17.950155
55091,0.55
55092,6.284571
55093,11.078779
55094,9.38115
55095,10.58634
55096,11.424313
55097,6.676371
55098,18.333334
55099,7.9653745
55100,19.315805
55101,7.726677
55102,6.016597
55103,2.975305
55104,8.531309
55105,8.887403
55106,9.238761
55107,7.794851
55108,7.9362
55109,20.462818
55110,7.241701
55111,9.143554
55112,8.873232
55113,6.753198
55114,8.757314
55115,8.249688
55116,9.691325
55117,9.537427
55118,10.096265
55119,8.963562
55120,5.203978
55121,2.17665
55122,10.313192
55123,5.940494
55124,14.657776
55125,7.4206605
55126,1.721096
55127,3.3686152
55128,22.366667
55129,9.796055
55130,10.981909
55131,17.812141
55132,6.8374157
55133,0.924619
55134,9.883849
55135,7.956179
55136,20.168493
55137,7.2840934
55138,11.092528
55139,7.700007
55140,8.58306
55141,8.056102
55142,19.058666
55143,4.456901
55144,8.580933
55145,15.526444
55146,8.020386
55147,3.4155529
55148,1.7549833
55149,5.563736
55150,7.759961
55151,9.358169
55152,10.094373
55153,7.696692
55154,10.33783
55155,8.687306
55156,3.1527755
55157,14.915785
55158,17.051975
55159,8.727702
55160,6.289299
55161,9.533962
55162,15.532804
55163,8.833925
55164,7.4394064
55165,16.7106
55166,8.907208
55167,7.5050683
55168,10.418272
55169,8.661167
55170,7.3333335
55171,1.499009
55172,2.9413302
55173,4.680721
55174,0.21334489
55175,10.62333
55176,20.920834
55177,8.966954
55178,10.9153805
55179,8.928203
55180,10.51952
55181,11.064641
55182,10.035968
55183,9.518528
55184,17.79311
55185,7.588378
55186,11.127916
55187,5.767377
55188,8.76735
55189,20.07751
55190,1.8251183
55191,6.7523093
55192,0.3705026
55193,9.106565
55194,0.18333334
55195,8.156627
55196,29.071877
55197,5.849719
55198,20.049417
55199,1.645462
55200,7.476831
55201,5.520838
55202,3.3224661
55203,9.406903
55204,8.132148
55205,6.169828
55206,1.849191
55207,10.041616
55208,5.654684
55209,2.7039373
55210,9.224168
55211,5.133333
55212,3.7302573
55213,21.726786
55214,0.16473134
55215,7.8426757
55216,8.024183
55217,9.480564
55218,8.153461
55219,16.368834
55220,5.238072
55221,11.432258
55222,15.95
55223,5.245169
55224,9.771247
55225,37.68353
55226,4.080105
55227,9.622359
55228,18.564837
55229,8.308363
55230,20.903557
55231,19.929644
55232,21.05033
55233,2.7576447
55234,5.6003966
55235,7.1879783
55236,9.289782
55237,1.2333788
55238,8.7626705
55239,8.103705
55240,36.054344
55241,0.73333335
55242,4.7383394
55243,11.151487
55244,8.519151
55245,8.18038
55246,22.623343
55247,6.1141095
55248,2.4334512
55249,25.019878
55250,7.750663
55251,9.570823
55252,13.556665
55253,9.549998
55254,2.0624242
55255,14.905071
55256,3.3797114
55257,9.180133
55258,5.540649
55259,5.0407176
55260,8.158868
55261,20.341557
55262,8.242766
55263,2.5666666
55264,5.068486
55265,9.649667
55266,10.339117
55267,11.351733
55268,4.587349
55269,7.8756256
55270,8.613332
55271,2.06275
55272,6.792912
55273,8.887107
55274,9.062075
55275,8.894292
55276,8.443078
55277,11.032161
55278,19.85758
55279,6.666979
55280,8.641179
55281,7.8859024
55282,11.2481365
55283,10.19202
55284,1.6662202
55285,6.554294
55286,38.885624
55287,26.712826
55288,16.510551
55289,6.788954
55290,8.90653
55291,8.280819
55292,3.7001066
55293,11.9748745
55294,7.8577514
55295,2.9333334
55296,25.886808
55297,7.6121573
55298,10.671631
55299,10.949628
55300,10.530758
55301,8.321319
55302,18.867435
55303,6.879704
55304,8.8989725
55305,3.977887
55306,9.492198
55307,8.619315
55308,9.9751
55309,8.514413
55310,8.543046
55311,8.247256
55312,7.472094
55313,9.325123
55314,31.09855
55315,6.0550294
55316,8.3011465
55317,12.29218
55318,8.693225
55319,18.24104
55320,9.6718645
55321,30.066668
55322,10.93855
55323,17.734964
55324,13.566667
55325,3.4893198
55326,8.815814
55327,7.315349
55328,9.614009
55329,15.861895
55330,8.497642
55331,7.7664156
55332,8.778462
55333,7.516667
55334,13.798125
55335,7.811937
55336,16.942747
55337,0.7669766
55338,4.8777347
55339,1.5539725
55340,3.3
55341,17.007402
55342,13.75
55343,11.741392
55344,16.833986
55345,0.6986141
55346,3.9902284
55347,2.710851
55348,6.1749377
55349,9.05753
55350,7.446361
55351,8.597565
55352,7.294767
55353,8.226554
55354,8.711984
55355,21.908606
55356,3.6666667
55357,2.22977
55358,8.016666
55359,9.449084
55360,10.816829
55361,4.78507
55362,0.55
55363,9.290186
55364,3.7783153
55365,11.805017
55366,5.339377
55367,10.852607
55368,8.196719
55369,9.559727
55370,10.81597
55371,7.6218615
55372,12.41641
55373,19.616667
55374,5.8935566
55375,2.499621
55376,6.9474063
55377,19.911366
55378,2.9333334
55379,39.639927
55380,15.734158
55381,7.4730086
55382,6.2277465
55383,15.928794
55384,9.806425
55385,7.1336765
55386,2.3152115
55387,11.955261
55388,11.30519
55389,8.115386
55390,7.2447305
55391,0.36666667
55392,7.650717
55393,19.588741
55394,6.710896
55395,9.326148
55396,8.95911
55397,8.982548
55398,9.036693
55399,8.396349
55400,1.3285955
55401,6.0801826
55402,11.355622
55403,8.686223
55404,10.271511
55405,8.147676
55406,7.3381195
55407,8.786948
55408,7.418562
55409,15.455494
55410,10.703191
55411,9.301695
55412,6.268232
55413,10.880296
55414,7.2816143
55415,10.06809
55416,2.9492853
55417,15.789437
55418,7.335741
55419,1.6368865
55420,7.515628
55421,20.986773
55422,7.1322765
55423,8.198221
55424,7.468614
55425,12.896007
55426,9.416278
55427,8.480135
55428,10.405249
55429,7.9609723
55430,2.112643
55431,6.6598344
55432,9.648395
55433,4.912726
55434,10.258945
55435,10.547561
55436,17.560415
55437,0.58677197
55438,0.16492204
55439,9.465592
55440,8.301926
55441,21.903389
55442,6.4933624
55443,9.969377
55444,9.943486
55445,6.8658357
55446,9.945218
55447,7.6684875
55448,11.285964
55449,17.605686
55450,9.085058
55451,10.856534
55452,7.8526187
55453,11.442525
55454,11.290176
55455,8.099708
55456,9.277352
55457,6.336839
55458,2.1403072
55459,8.25014
55460,7.5805187
55461,31.436157
55462,5.5992756
55463,9.436695
55464,2.1294594
55465,4.2736454
55466,0.32238165
55467,20.318151
55468,4.0333333
55469,6.4166665
55470,12.570453
55471,8.919263
55472,8.530101
55473,9.905051
55474,7.3651795
55475,3.5080752
55476,19.488955
55477,7.366959
55478,8.157276
55479,11.34154
55480,8.004443
55481,1.4541707
55482,5.9975142
55483,10.573506
55484,9.149791
55485,10.173718
55486,9.042804
55487,8.176772
55488,7.576021
55489,8.449888
55490,6.4285765
55491,4.6727896
55492,4.5833335
55493,21.188782
55494,0.14323397
55495,6.019195
55496,8.475024
55497,9.896803
55498,1.9431512
55499,4.1593795
55500,1.7908808
55501,4.9951963
55502,17.92854
55503,8.008734
55504,7.919184
55505,1.6714336
55506,6.1667523
55507,1.4408908
55508,7.0537496
55509,9.094595
55510,10.423604
55511,25.247934
55512,7.088868
55513,8.083281
55514,7.05568
55515,4.472589
55516,8.40052
55517,6.7985067
55518,9.204555
55519,1.3872784
55520,15.973587
55521,8.887832
55522,8.90077
55523,8.518967
55524,7.098062
55525,9.479298
55526,7.517799
55527,7.9728446
55528,10.822703
55529,2.1768808
55530,15.5088005
55531,7.4463215
55532,16.765865
55533,14.747548
55534,7.4586554
55535,11.6890135
55536,1.7169001
55537,10.049176
55538,6.6243176
55539,4.95
55540,31.600372
55541,2.900235
55542,12.168701
55543,7.854629
55544,9.371259
55545,2.2779467
55546,7.3238215
55547,6.2125845
55548,1.840671
55549,0.14220078
55550,6.833188
55551,3.7463593
55552,10.576843
55553,9.515039
55554,7.67111
55555,8.892361
55556,9.260884
55557,10.071485
55558,5.436397
55559,3.3602169
55560,9.797374
55561,0.33919016
55562,8.606854
55563,6.139922
55564,2.3092031
55565,20.303234
55566,8.119918
55567,2.1467605
55568,8.120975
55569,11.516078
55570,1.8333334
55571,5.9262195
55572,12.129233
55573,9.617169
55574,9.424591
55575,19.855677
55576,8.126728
55577,12.498594
55578,8.661143
55579,8.881927
55580,20.892487
55581,6.6423893
55582,7.1677694
55583,3.3403165
55584,4.818956
55585,8.461039
55586,8.9897
55587,1.7721257
55588,9.061971
55589,9.515501
55590,9.210913
55591,21.816668
55592,23.063879
55593,6.0817866
55594,4.876829
55595,4.3756957
55596,11.071411
55597,8.431944
55598,9.120353
55599,8.85025
55600,10.26907
55601,10.091488
55602,2.848355
55603,8.914676
55604,9.437785
55605,9.460989
55606,7.9562593
55607,9.282964
55608,8.86709
55609,8.062713
55610,10.499829
55611,10.162061
55612,8.644612
55613,9.469621
55614,12.787007
55615,3.4833333
55616,15.015666
55617,9.1538515
55618,16.613707
55619,21.833906
55620,5.5225687
55621,3.3
55622,14.963682
55623,16.13276
55624,8.281709
55625,21.378414
55626,15.4
55627,11.464303
55628,7.9234524
55629,9.367997
55630,1.9022545
55631,5.371833
55632,1.8828629
55633,16.219448
55634,8.216795
55635,11.089404
55636,13.90706
55637,7.835262
55638,10.756232
55639,2.6049855
55640,7.3669515
55641,18.623283
55642,4.9698358
55643,19.299622
55644,4.956007
55645,9.106406
55646,1.98284
55647,7.500125
55648,8.622449
55649,8.909702
55650,6.878766
55651,11.0
55652,17.614954
55653,8.482854
55654,20.342627
55655,7.058994
55656,10.511471
55657,1.4794114
55658,6.5295453
55659,8.871812
55660,8.705465
55661,7.3387694
55662,8.8702755
55663,16.552069
55664,8.20555
55665,9.635711
55666,11.226076
55667,1.2188199
55668,7.2436566
55669,10.964553
55670,20.830067
55671,4.342977
55672,9.215029
55673,7.7131824
55674,10.36063
55675,7.257818
55676,10.585864
55677,4.4
55678,12.256654
55679,8.767295
55680,7.5604534
55681,8.4490385
55682,2.37031
55683,7.209309
55684,7.848709
55685,6.9625216
55686,7.4260874
55687,9.572498
55688,5.3905334
55689,2.6237803
55690,9.329376
55691,9.680886
55692,16.229012
55693,39.783333
55694,6.1874003
55695,9.922735
55696,7.3409953
55697,3.1533403
55698,19.220268
55699,7.6849456
55700,7.4646
55701,10.321473
55702,6.05
55703,2.9255388
55704,8.492319
55705,9.114162
55706,4.910255
55707,27.883825
55708,6.494522
55709,16.232935
55710,1.2607971
55711,6.8517284
55712,10.572769
55713,16.076794
55714,10.103242
55715,1.4173192
55716,0.298071
55717,18.872206
55718,3.5995243
55719,13.79473
55720,1.1666855
55721,6.2897534
55722,8.760421
55723,9.191498
55724,17.971437
55725,5.8365984
55726,9.613339
55727,1.7824333
55728,8.151595
55729,17.379736
55730,6.6805124
55731,0.38156503
55732,30.334028
55733,4.4872923
55734,8.310923
55735,8.080293
55736,1.7859226
55737,6.3838654
55738,1.1
55739,8.140898
55740,8.7278595
55741,4.6225867
55742,9.418884
55743,10.308187
55744,8.784343
55745,8.497796
55746,18.989197
55747,7.7788196
55748,13.826156
55749,19.958012
55750,6.729151
55751,2.9333334
55752,4.3551297
55753,2.0909948
55754,7.775045
55755,8.918158
55756,9.074752
55757,12.37558
55758,6.3940206
55759,7.3990765
55760,1.6735474
55761,7.7255254
55762,7.364345
55763,0.18333334
55764,10.515625
55765,13.663888
55766,6.8108807
55767,9.951273
55768,20.635172
55769,6.655463
55770,11.073621
55771,10.255847
55772,9.219434
55773,8.902502
55774,10.025065
55775,8.957746
55776,6.7871013
55777,2.5565782
55778,8.86728
55779,2.7183137
55780,26.615414
55781,7.2903223
55782,8.824811
55783,7.7054334
55784,9.160614
55785,12.032794
55786,2.3833334
55787,6.281759
55788,9.221363
55789,0.9166667
55790,7.287353
55791,3.4789884
55792,3.10785
55793,7.4747257
55794,3.6249797
55795,17.775839
55796,7.729881
55797,9.604102
55798,9.776227
55799,16.956678
55800,11.531473
55801,13.718232
55802,4.058925
55803,4.369649
55804,9.297394
55805,9.533788
55806,8.353353
55807,10.243806
55808,11.330175
55809,6.8380527
55810,8.990748
55811,8.999442
55812,8.009942
55813,20.47681
55814,6.969261
55815,7.850695
55816,1.8823146
55817,18.613712
55818,8.103697
55819,10.178422
55820,1.7663002
55821,10.649848
55822,5.394102
55823,20.836617
55824,11.366667
55825,3.275101
55826,14.142402
55827,8.304969
55828,18.419775
55829,6.514128
55830,8.240741
55831,8.8645935
55832,9.129071
55833,21.870085
55834,8.277925
55835,9.6226
55836,7.9563932
55837,10.343847
55838,7.85428
55839,5.7688956
55840,2.2517679
55841,19.7086
55842,6.4347434
55843,7.9590573
55844,13.12287
55845,15.06819
55846,7.6240225
55847,20.887264
55848,7.6195083
55849,6.693634
55850,8.308324
55851,8.672293
55852,6.8700876
55853,2.7944329
55854,10.245069
55855,1.4853557
55856,16.53452
55857,11.131098
55858,10.020616
55859,8.635816
55860,7.0516195
55861,2.0861232
55862,22.121317
55863,5.502542
55864,9.136209
55865,9.034572
55866,3.4918149
55867,3.3654687
55868,10.345825
55869,1.5211345
55870,7.6874256
55871,18.537895
55872,8.631705
55873,8.077123
55874,10.396281
55875,8.80128
55876,3.4116669
55877,7.6362057
55878,8.478656
55879,8.807023
55880,7.1492596
55881,8.780003
55882,8.185767
55883,3.1596742
55884,7.444748
55885,4.781453
55886,9.504087
55887,5.9702473
55888,2.0848517
55889,5.9310913
55890,19.428894
55891,6.8415637
55892,18.773367
55893,7.8740993
55894,16.148458
55895,8.446726
55896,9.309704
55897,9.797367
55898,14.571645
55899,7.837732
55900,9.132504
55901,7.530856
55902,7.8200254
55903,10.747179
55904,2.7232258
55905,7.9290943
55906,7.7081594
55907,20.61364
55908,16.679623
55909,21.540401
55910,20.012327
55911,1.5472414
55912,7.9464674
55913,1.8881481
55914,8.456102
55915,7.89384
55916,8.883144
55917,3.373416
55918,7.3466535
55919,9.553434
55920,1.6512868
55921,2.2123816
55922,5.8510456
55923,7.66166
55924,9.623678
55925,9.197353
55926,9.314536
55927,7.706721
55928,19.911346
55929,10.466273
55930,10.367204
55931,18.868216
55932,11.915738
55933,26.105917
55934,7.8048863
55935,2.24007
55936,7.163803
55937,8.067338
55938,8.204612
55939,8.240461
55940,18.998241
55941,7.8894367
55942,7.675424
55943,2.614204
55944,8.279237
55945,9.99233
55946,7.650645
55947,6.265767
55948,1.4666667
55949,7.548905
55950,8.572325
55951,10.941983
55952,7.5258737
55953,19.005342
55954,7.7362537
55955,8.216168
55956,8.11758
55957,9.873391
55958,22.408092
55959,8.158159
55960,7.586393
55961,8.514541
55962,24.582127
55963,6.5651336
55964,11.35319
55965,9.877309
55966,8.016539
55967,19.517504
55968,7.592972
55969,8.550413
55970,8.686121
55971,10.627833
55972,9.623799
55973,8.808581
55974,6.926322
55975,2.0367305
55976,0.13670126
55977,17.19347
55978,7.7539134
55979,7.5937266
55980,1.5369178
55981,9.266934
55982,2.2214015
55983,6.155403
55984,8.673889
55985,9.240804
55986,10.591659
55987,8.134349
55988,3.315028
55989,8.63414
55990,7.776952
55991,10.924516
55992,8.208547
55993,9.575185
55994,10.727428
55995,9.881059
55996,11.330932
55997,9.805306
55998,11.129411
55999,8.192358
56000,4.4176817
56001,8.536901
56002,8.262063
56003,9.505869
56004,12.490019
56005,11.228507
56006,7.8995786
56007,8.915655
56008,11.685698
56009,9.429496
56010,9.824356
56011,6.877137
56012,0.36666667
56013,23.18054
56014,9.729862
56015,9.071081
56016,18.964108
56017,5.911326
56018,6.9534783
56019,8.507838
56020,27.622137
56021,8.0374565
56022,7.8636336
56023,3.1086447
56024,6.7262897
56025,6.628172
56026,8.966868
56027,9.674064
56028,7.0144105
56029,8.562827
56030,8.296522
56031,20.96963
56032,6.888779
56033,12.224674
56034,9.514451
56035,10.3003025
56036,9.987012
56037,8.798949
56038,14.026842
56039,26.924755
56040,8.3846655
56041,9.2256565
56042,8.524656
56043,13.200221
56044,7.659897
56045,7.2813773
56046,1.8720787
56047,2.2
56048,23.776865
56049,4.9219136
56050,7.0593905
56051,21.203503
56052,7.3700275
56053,1.1
56054,3.1166666
56055,3.5080512
56056,8.093659
56057,20.125973
56058,2.3833334
56059,3.6323304
56060,10.3467
56061,3.0529976
56062,12.945241
56063,9.588932
56064,2.807164
56065,7.1493783
56066,10.46602
56067,10.4979105
56068,8.214134
56069,6.0706067
56070,23.650019
56071,8.689061
56072,4.276609
56073,8.770355
56074,8.606647
56075,4.2166667
56076,10.487985
56077,8.836651
56078,10.0664625
56079,7.611943
56080,13.904227
56081,7.868489
56082,10.4754925
56083,7.1611724
56084,8.929793
56085,8.539441
56086,9.749198
56087,10.10329
56088,6.4311414
56089,2.6586297
56090,16.477074
56091,7.4375305
56092,9.396291
56093,3.2306356
56094,8.372878
56095,9.150561
56096,6.4064274
56097,8.511226
56098,8.805975
56099,7.5742636
56100,9.9421425
56101,3.1701646
56102,3.1166666
56103,18.371105
56104,7.843844
56105,9.12505
56106,9.332379
56107,8.874933
56108,8.758147
56109,13.189586
56110,10.872015
56111,9.913907
56112,10.447201
56113,8.674597
56114,10.267792
56115,7.924105
56116,2.9833956
56117,7.559856
56118,8.371726
56119,6.999931
56120,8.539964
56121,9.285497
56122,18.84943
56123,7.512952
56124,3.9767432
56125,10.925985
56126,8.310056
56127,8.77033
56128,8.176803
56129,8.793363
56130,9.631117
56131,10.179862
56132,10.804606
56133,6.4360394
56134,19.459452
56135,6.815625
56136,10.260027
56137,12.058911
56138,18.679213
56139,0.51302123
56140,5.852707
56141,8.509191
56142,8.806935
56143,10.298666
56144,12.461947
56145,28.90934
56146,8.067528
56147,9.06215
56148,9.571212
56149,19.055159
56150,8.25
56151,10.071008
56152,6.518507
56153,7.9441543
56154,7.7236023
56155,18.295012
56156,16.982119
56157,8.151801
56158,11.715493
56159,7.5330253
56160,8.802313
56161,4.5971165
56162,10.453424
56163,8.483108
56164,7.8130317
56165,11.01544
56166,12.120001
56167,5.687794
56168,3.3748863
56169,9.55782
56170,12.696529
56171,11.590472
56172,10.789307
56173,8.948336
56174,9.453963
56175,20.767412
56176,10.384631
56177,8.021173
56178,7.774163
56179,10.164111
56180,14.755279
56181,2.0845253
56182,9.422064
56183,21.558184
56184,9.107245
56185,10.510284
56186,9.085028
56187,12.301381
56188,6.372348
56189,12.430969
56190,9.219581
56191,0.18333334
56192,10.472791
56193,7.8721294
56194,3.733444
56195,2.490274
56196,11.029037
56197,11.936604
56198,8.401458
56199,9.563994
56200,8.921473
56201,10.255093
56202,24.048452
56203,1.65
56204,19.069393
56205,8.196092
56206,7.231673
56207,9.417278
56208,2.531449
56209,3.8296854
56210,10.015011
56211,6.7174277
56212,11.470382
56213,8.761691
56214,9.168697
56215,4.7411203
56216,4.237342
56217,10.596078
56218,7.991386
56219,7.064414
56220,3.6027756
56221,7.9288483
56222,0.97303385
56223,16.572618
56224,7.6696553
56225,7.7253103
56226,9.042916
56227,9.030564
56228,9.6914625
56229,17.925943
56230,5.007076
56231,2.415657
56232,20.269466
56233,1.1
56234,6.279023
56235,4.1047025
56236,29.355673
56237,1.2833333
56238,22.000916
56239,7.320818
56240,6.3509235
56241,7.362033
56242,8.915639
56243,8.433016
56244,19.535234
56245,8.340528
56246,8.805362
56247,8.688196
56248,8.210198
56249,18.00747
56250,8.410533
56251,7.1948366
56252,11.00177
56253,3.8256085
56254,9.192159
56255,2.405278
56256,1.65
56257,3.0067759
56258,30.066933
56259,6.495118
56260,5.93554
56261,0.9486596
56262,12.234204
56263,15.839402
56264,0.88614637
56265,0.016617775
56266,27.515833
56267,1.490005
56268,4.334538
56269,10.611154
56270,6.6135097
56271,8.860445
56272,8.663931
56273,9.357532
56274,9.969974
56275,9.205247
56276,8.653943
56277,10.102144
56278,6.788064
56279,2.9333334
56280,21.368534
56281,15.876787
56282,9.050908
56283,10.511262
56284,7.41082
56285,7.8058167
56286,9.581529
56287,21.300732
56288,8.388926
56289,8.501075
56290,8.061465
56291,6.720177
56292,9.391284
56293,8.428153
56294,8.013002
56295,8.424131
56296,10.262092
56297,8.947874
56298,9.394711
56299,10.751764
56300,9.295481
56301,8.713833
56302,9.1318865
56303,30.424887
56304,7.124162
56305,1.8333334
56306,19.121866
56307,11.225654
56308,2.2132719
56309,7.6160116
56310,12.330414
56311,10.748553
56312,8.375843
56313,2.4332366
56314,9.956783
56315,3.6367898
56316,6.2670875
56317,3.824226
56318,10.521936
56319,7.189656
56320,8.04576
56321,8.232038
56322,9.234531
56323,9.678578
56324,8.709376
56325,16.129957
56326,5.498051
56327,9.507499
56328,8.866611
56329,7.097109
56330,9.001032
56331,4.1160035
56332,8.455825
56333,35.446354
56334,6.2904034
56335,38.002323
56336,5.207507
56337,18.9233
56338,9.70521
56339,14.714017
56340,7.668281
56341,8.2762165
56342,9.551009
56343,16.989721
56344,6.6705384
56345,9.095565
56346,15.961568
56347,1.8333334
56348,6.4166665
56349,11.954849
56350,19.37368
56351,11.267138
56352,10.528279
56353,9.258835
56354,11.281809
56355,8.594473
56356,10.0273695
56357,8.860071
56358,20.834673
56359,16.447773
56360,0.9452662
56361,9.070667
56362,8.537174
56363,8.593646
56364,9.8095665
56365,10.718044
56366,8.655906
56367,7.233961
56368,10.156949
56369,8.941548
56370,11.594167
56371,8.976062
56372,24.221846
56373,0.7332644
56374,7.5295696
56375,10.395122
56376,2.4723845
56377,4.7368298
56378,3.0111074
56379,7.4085155
56380,12.508378
56381,9.527278
56382,8.595554
56383,10.204403
56384,8.021203
56385,18.433252
56386,9.778754
56387,9.475717
56388,13.8889
56389,6.0712504
56390,17.872355
56391,6.5084543
56392,1.1518637
56393,6.43286
56394,9.248105
56395,6.55822
56396,32.536617
56397,5.264561
56398,8.690438
56399,4.7241926
56400,0.36666667
56401,16.647228
56402,8.206956
56403,3.7060416
56404,3.306992
56405,4.928891
56406,4.5730276
56407,4.449789
56408,3.657277
56409,7.4140954
56410,7.4443502
56411,10.400714
56412,9.274642
56413,7.08786
56414,2.058355
56415,14.794859
56416,1.2811421
56417,6.1532655
56418,10.945249
56419,12.638902
56420,9.459662
56421,8.328962
56422,8.340106
56423,4.7427826
56424,12.058956
56425,19.104069
56426,7.8811417
56427,1.809573
56428,3.1166666
56429,22.789522
56430,7.612181
56431,20.79495
56432,6.7781687
56433,8.515693
56434,6.702217
56435,9.906413
56436,11.101752
56437,9.254242
56438,5.560994
56439,7.687124
56440,8.39231
56441,8.60402
56442,8.333006
56443,0.013923648
56444,15.958747
56445,7.6367297
56446,4.196223
56447,6.6271944
56448,7.9360485
56449,33.205643
56450,30.02362
56451,6.645107
56452,9.258063
56453,6.5299826
56454,16.821346
56455,8.859611
56456,11.247603
56457,7.3995576
56458,8.38425
56459,2.2023122
56460,34.833332
56461,14.661282
56462,5.1650686
56463,8.256293
56464,11.10174
56465,7.8248825
56466,19.268307
56467,9.519474
56468,8.248466
56469,7.7273936
56470,7.6542444
56471,6.988557
56472,9.741139
56473,11.100284
56474,4.552102
56475,9.197007
56476,7.74134
56477,8.866374
56478,22.474096
56479,17.904264
56480,10.516912
56481,7.4808283
56482,2.5666666
56483,6.4116807
56484,17.38806
56485,18.0155
56486,7.891839
56487,7.543413
56488,8.730357
56489,9.099437
56490,9.699584
56491,1.5754381
56492,7.8341885
56493,7.5757976
56494,18.78246
56495,8.297715
56496,2.193411
56497,5.7669473
56498,8.322271
56499,10.970624
56500,12.331771
56501,9.853808
56502,11.2508135
56503,8.532118
56504,10.540867
56505,8.890391
56506,6.9353423
56507,8.716059
56508,9.649937
56509,7.9516816
56510,10.147746
56511,11.514665
56512,5.200855
56513,6.7336955
56514,8.631229
56515,1.6068223
56516,8.373841
56517,1.6048671
56518,15.208175
56519,8.585907
56520,7.9601216
56521,9.656842
56522,7.9332194
56523,4.901473
56524,7.7884045
56525,8.739462
56526,10.822058
56527,5.032873
56528,11.076801
56529,12.080128
56530,7.7
56531,4.7228575
56532,23.955315
56533,19.024748
56534,6.1543317
56535,9.077398
56536,13.046771
56537,11.432743
56538,7.3892922
56539,2.3142498
56540,7.474534
56541,8.9829855
56542,11.350338
56543,18.966776
56544,7.6745524
56545,1.9486508
56546,28.224491
56547,6.3459086
56548,20.231377
56549,1.4128367
56550,5.553357
56551,6.6067624
56552,8.706496
56553,1.6580262
56554,6.0601
56555,10.155351
56556,0.3002564
56557,17.671282
56558,4.0664444
56559,7.5865264
56560,8.838765
56561,9.8255
56562,1.2833333
56563,19.892683
56564,10.474935
56565,11.702125
56566,8.942039
56567,1.6253949
56568,9.035716
56569,7.1363764
56570,40.18666
56571,2.7851176
56572,2.097392
56573,9.864863
56574,8.00329
56575,7.432645
56576,30.701685
56577,5.055762
56578,8.396722
56579,8.717951
56580,6.9147735
56581,8.040412
56582,7.767916
56583,16.902273
56584,9.379657
56585,1.8241725
56586,6.142831
56587,1.9125304
56588,7.194368
56589,8.265783
56590,2.1033685
56591,5.401294
56592,3.2097743
56593,1.1358021
56594,5.6360087
56595,14.999883
56596,0.8652528
56597,7.312211
56598,8.872184
56599,1.7798027
56600,15.795017
56601,0.80001354
56602,8.277297
56603,17.598724
56604,6.143967
56605,9.41287
56606,9.333213
56607,17.611456
56608,7.878374
56609,17.729107
56610,0.8858761
56611,18.981451
56612,9.760166
56613,1.8538634
56614,5.48838
56615,9.68833
56616,4.7244163
56617,17.45287
56618,7.391446
56619,7.1501174
56620,8.595443
56621,6.662473
56622,2.2413487
56623,8.6578045
56624,12.150049
56625,7.7081676
56626,3.4742675
56627,14.398518
56628,26.940441
56629,7.822682
56630,7.6760697
56631,9.471244
56632,10.942887
56633,7.882659
56634,7.189273
56635,8.847356
56636,5.866667
56637,6.347823
56638,9.517115
56639,6.908251
56640,8.107495
56641,18.45645
56642,8.933512
56643,18.459623
56644,8.938527
56645,8.777674
56646,13.214335
56647,9.196226
56648,7.8258815
56649,2.8036194
56650,16.01015
56651,1.2833333
56652,15.540242
56653,9.904035
56654,19.472757
56655,10.903566
56656,19.559732
56657,8.174373
56658,9.346598
56659,2.0769122
56660,14.072267
56661,1.3978401
56662,12.42974
56663,10.511821
56664,9.052333
56665,17.247591
56666,2.75
56667,15.89811
56668,4.602114
56669,0.10898909
56670,9.368292
56671,8.123525
56672,8.348599
56673,1.9193965
56674,8.977763
56675,14.486922
56676,4.593324
56677,12.558899
56678,5.598418
56679,10.615817
56680,7.8988476
56681,7.276885
56682,9.267243
56683,9.591508
56684,9.943828
56685,6.9140673
56686,5.57878
56687,23.042795
56688,6.2136016
56689,12.064919
56690,9.768128
56691,10.225486
56692,10.141144
56693,1.4690639
56694,7.0780115
56695,13.864789
56696,10.976816
56697,10.930387
56698,29.255959
56699,17.804964
56700,6.840713
56701,6.722634
56702,11.688114
56703,5.359769
56704,2.9333334
56705,28.633806
56706,6.270885
56707,9.185028
56708,16.924278
56709,7.9044027
56710,20.163103
56711,21.362476
56712,9.601974
56713,10.283453
56714,8.637636
56715,21.786299
56716,7.617211
56717,7.6943316
56718,7.114156
56719,9.624499
56720,16.429884
56721,7.6973906
56722,9.646084
56723,1.8728496
56724,7.0745783
56725,20.308157
56726,11.445023
56727,3.7793238
56728,8.911205
56729,8.599926
56730,18.324602
56731,7.6177683
56732,8.905221
56733,10.9537525
56734,11.676352
56735,8.462812
56736,2.5666666
56737,5.7649617
56738,8.082589
56739,7.3480687
56740,10.474721
56741,2.3413262
56742,8.324107
56743,9.093507
56744,18.271687
56745,7.352209
56746,7.75048
56747,9.18944
56748,6.0422664
56749,13.569229
56750,8.589815
56751,18.14898
56752,7.7337275
56753,4.6281652
56754,4.030839
56755,10.981073
56756,9.329415
56757,9.305144
56758,8.391889
56759,9.0062065
56760,9.533334
56761,7.8102894
56762,3.2786129
56763,16.942232
56764,8.867839
56765,1.7706157
56766,6.05
56767,10.039911
56768,2.045529
56769,0.17046073
56770,7.359456
56771,8.16551
56772,10.351365
56773,6.9499583
56774,8.356604
56775,8.851315
56776,1.6742308
56777,2.1977665
56778,12.968351
56779,1.6243538
56780,7.346829
56781,2.7514768
56782,4.871886
56783,2.7958786
56784,4.5833335
56785,18.334911
56786,15.871067
56787,7.3333335
56788,18.854631
56789,3.070259
56790,9.462444
56791,7.968512
56792,9.149592
56793,20.89423
56794,7.8476825
56795,8.599591
56796,6.8502836
56797,3.0639808
56798,4.72846
56799,20.82379
56800,6.873631
56801,1.1
56802,8.215872
56803,1.7114958
56804,13.933333
56805,10.655666
56806,11.197917
56807,7.11379
56808,7.348299
56809,16.49128
56810,6.838854
56811,11.202899
56812,7.3793883
56813,9.762845
56814,17.046413
56815,8.577228
56816,2.922773
56817,7.402181
56818,8.97368
56819,11.162965
56820,9.716666
56821,11.201182
56822,9.970547
56823,7.8950024
56824,3.1913195
56825,8.752321
56826,12.569203
56827,8.59305
56828,8.227652
56829,8.210929
56830,9.592359
56831,24.770155
56832,0.25624436
56833,6.2399383
56834,36.232277
56835,7.1352954
56836,8.7037325
56837,8.290409
56838,2.766657
56839,4.7985964
56840,2.2
56841,6.1477513
56842,8.21979
56843,19.67171
56844,28.651705
56845,0.9166667
56846,38.83915
56847,1.0417702
56848,9.740759
56849,13.489317
56850,7.8651667
56851,7.8603587
56852,9.424178
56853,15.750853
56854,16.866957
56855,3.486069
56856,13.827188
56857,8.233635
56858,9.649707
56859,19.148153
56860,7.335083
56861,1.6420524
56862,7.3033967
56863,7.5714765
56864,12.73265
56865,10.997677
56866,12.204911
56867,9.446016
56868,8.944671
56869,9.9676695
56870,9.519475
56871,2.0253265
56872,7.178981
56873,3.005322
56874,17.669886
56875,7.4026184
56876,9.025408
56877,10.287883
56878,20.421114
56879,6.3061085
56880,8.563694
56881,8.48918
56882,18.419336
56883,8.109308
56884,10.396791
56885,2.289176
56886,8.037313
56887,10.767515
56888,9.692374
56889,8.003076
56890,10.676839
56891,8.347113
56892,9.517011
56893,14.607558
56894,11.424654
56895,22.772161
56896,0.9671609
56897,16.841648
56898,13.682897
56899,5.2135944
56900,4.1238704
56901,8.657837
56902,19.708513
56903,6.382131
56904,12.286313
56905,1.5831155
56906,23.06067
56907,8.261308
56908,8.850647
56909,9.347432
56910,9.036246
56911,10.468508
56912,20.239832
56913,8.820598
56914,9.428121
56915,9.723146
56916,6.1836243
56917,7.768218
56918,10.290728
56919,7.29839
56920,13.918534
56921,10.209902
56922,7.4695272
56923,10.919843
56924,17.268002
56925,0.73333335
56926,21.401209
56927,6.979649
56928,20.608955
56929,5.261008
56930,11.041945
56931,6.9489636
56932,0.55
56933,13.938322
56934,8.590562
56935,8.194527
56936,8.537603
56937,17.489927
56938,7.4792085
56939,9.780139
56940,9.3088255
56941,8.579772
56942,7.720526
56943,18.134396
56944,7.129773
56945,9.767954
56946,4.9644713
56947,9.439349
56948,5.988335
56949,8.254274
56950,8.665759
56951,7.3345103
56952,7.5025473
56953,9.751597
56954,7.5476327
56955,8.805481
56956,18.296383
56957,5.7637067
56958,8.916586
56959,19.801823
56960,1.4666667
56961,7.8548203
56962,10.7265625
56963,9.068435
56964,8.479222
56965,8.756781
56966,10.8064165
56967,8.302093
56968,8.449309
56969,7.0913153
56970,9.265591
56971,8.013598
56972,10.164994
56973,5.115867
56974,2.3074148
56975,7.6677327
56976,18.370756
56977,6.1135616
56978,8.198833
56979,14.349803
56980,7.5734687
56981,1.6999959
56982,7.37439
56983,2.0470457
56984,9.216459
56985,11.271135
56986,36.797222
56987,8.832168
56988,7.962267
56989,8.352503
56990,8.03415
56991,8.860001
56992,14.30215
56993,7.526176
56994,7.9717317
56995,0.9166667
56996,7.497328
56997,8.667238
56998,8.7110615
56999,2.8233607
57000,8.421819
57001,10.661284
57002,10.591517
57003,9.1741085
57004,9.293788
57005,7.428098
57006,9.88792
57007,10.9842615
57008,6.05
57009,3.323777
57010,10.491864
57011,2.5371554
57012,7.938115
57013,9.47946
57014,9.2678795
57015,7.697606
57016,2.5692062
57017,7.4675183
57018,8.219155
57019,8.1891775
57020,9.475596
57021,2.093085
57022,3.1179664
57023,4.110694
57024,9.219639
57025,3.0385818
57026,7.3645215
57027,8.215253
57028,9.735409
57029,10.950438
57030,8.940261
57031,9.110036
57032,18.839613
57033,9.747433
57034,15.231268
57035,9.0862665
57036,2.0319698
57037,6.841922
57038,2.6106122
57039,13.3664465
57040,8.918324
57041,9.674805
57042,11.492475
57043,1.9853668
57044,5.308851
57045,9.163577
57046,1.5408117
57047,5.595215
57048,16.198748
57049,8.878255
57050,17.591833
57051,5.866667
57052,10.240005
57053,8.569097
57054,8.435098
57055,10.2222185
57056,9.052928
57057,4.018863
57058,10.078001
57059,10.133831
57060,20.35
57061,40.57646
57062,16.277393
57063,21.533203
57064,7.937567
57065,10.39583
57066,8.697557
57067,24.30643
57068,6.3725076
57069,9.551652
57070,1.4830989
57071,23.80236
57072,20.520601
57073,7.1802063
57074,8.164396
57075,9.292716
57076,9.491324
57077,2.7527094
57078,9.474898
57079,10.771401
57080,8.686446
57081,9.445065
57082,3.6666667
57083,7.907581
57084,6.8375907
57085,24.857166
57086,12.076737
57087,9.239055
57088,7.0959654
57089,20.60721
57090,6.145963
57091,10.996285
57092,7.843646
57093,1.7999885
57094,17.722876
57095,30.704784
57096,6.205066
57097,12.778918
57098,12.902301
57099,5.754718
57100,11.183515
57101,8.730738
57102,8.458098
57103,7.725915
57104,14.795724
57105,7.378061
57106,10.345547
57107,17.764688
57108,7.568677
57109,12.093276
57110,10.682856
57111,6.663537
57112,22.619606
57113,7.758721
57114,10.282492
57115,9.120919
57116,15.279286
57117,7.986896
57118,6.5314865
57119,2.5226436
57120,12.279995
57121,20.219654
57122,7.3397083
57123,10.153857
57124,5.2463536
57125,13.18694
57126,6.021707
57127,3.4741247
57128,5.374114
57129,18.945854
57130,7.798187
57131,8.569002
57132,9.2628
57133,9.05447
57134,7.0202274
57135,10.480158
57136,2.2119446
57137,6.0360594
57138,17.770752
57139,5.286329
57140,8.550716
57141,9.526668
57142,8.513307
57143,8.761628
57144,9.040539
57145,9.916362
57146,17.249979
57147,7.2437205
57148,9.231018
57149,10.086658
57150,9.729053
57151,9.724155
57152,8.692551
57153,20.577662
57154,21.359476
57155,6.7900896
57156,2.016322
57157,1.65
57158,4.691808
57159,18.05141
57160,1.7851117
57161,3.3461256
57162,2.4469771
57163,9.712329
57164,22.107666
57165,6.9768596
57166,7.2765503
57167,9.502585
57168,9.405318
57169,8.217859
57170,18.733267
57171,7.486439
57172,7.9843907
57173,0.8039952
57174,6.6401963
57175,8.683253
57176,6.4560895
57177,12.247405
57178,10.674198
57179,2.649386
57180,2.7744768
57181,2.377693
57182,8.957498
57183,8.623014
57184,10.14468
57185,7.689619
57186,7.113107
57187,10.078096
57188,8.49603
57189,7.1615844
57190,8.210055
57191,2.1603982
57192,9.444585
57193,6.0613155
57194,2.833001
57195,8.055361
57196,12.439165
57197,6.8353105
57198,19.312784
57199,6.5873547
57200,2.2572596
57201,7.866637
57202,8.473668
57203,12.438943
57204,7.808097
57205,1.7594897
57206,7.3190928
57207,21.53083
57208,5.941733
57209,2.0448685
57210,8.519879
57211,2.8002975
57212,10.365764
57213,5.9750957
57214,8.795023
57215,9.285982
57216,7.8895483
57217,10.113143
57218,8.605685
57219,10.606176
57220,9.842792
57221,8.059908
57222,18.930578
57223,7.437834
57224,17.911205
57225,15.4
57226,6.565277
57227,9.946696
57228,9.006333
57229,1.9239026
57230,15.766666
57231,3.7145462
57232,4.8486786
57233,11.397838
57234,7.8518543
57235,11.841059
57236,20.788881
57237,40.428665
57238,4.2166667
57239,2.9333334
57240,31.856983
57241,0.06948312
57242,6.9341187
57243,1.7538948
57244,8.26296
57245,7.2382445
57246,9.76204
57247,9.513909
57248,10.312915
57249,8.31209
57250,8.145007
57251,17.503124
57252,1.1151555
57253,6.2622705
57254,10.354456
57255,1.8182836
57256,13.881237
57257,0.53056085
57258,3.7407959
57259,21.185556
57260,11.593907
57261,2.149312
57262,5.8558154
57263,9.010394
57264,8.238356
57265,8.433333
57266,13.75
57267,11.426847
57268,6.0225973
57269,9.461521
57270,19.959404
57271,8.196282
57272,2.655967
57273,6.9478436
57274,9.86878
57275,1.531919
57276,8.823348
57277,6.280232
57278,9.570576
57279,8.755534
57280,2.9717202
57281,5.0194273
57282,27.309252
57283,5.754448
57284,1.6415514
57285,7.817802
57286,8.512473
57287,8.818984
57288,7.7296977
57289,10.480945
57290,8.626121
57291,7.59763
57292,9.419474
57293,5.5
57294,13.364356
57295,0.98145795
57296,4.0333333
57297,17.92887
57298,8.178695
57299,9.36571
57300,0.111134864
57301,10.065349
57302,15.464744
57303,14.108006
57304,16.512226
57305,6.233333
57306,10.694495
57307,6.3803353
57308,2.0118792
57309,14.144684
57310,6.1367435
57311,8.696215
57312,8.521215
57313,8.533201
57314,1.5757085
57315,5.8675275
57316,2.2562742
57317,8.195369
57318,8.932845
57319,3.822454
57320,8.83386
57321,7.3203244
57322,11.831117
57323,4.7862134
57324,6.05
57325,10.67237
57326,26.289457
57327,6.859963
57328,8.1310835
57329,29.292042
57330,6.778916
57331,8.961614
57332,10.163975
57333,0.73333335
57334,4.95
57335,1.3192732
57336,8.624196
57337,2.0206215
57338,16.008284
57339,14.214771
57340,9.059668
57341,9.735362
57342,18.400145
57343,6.6675906
57344,9.544665
57345,8.245548
57346,7.6525226
57347,8.099954
57348,8.522551
57349,8.505693
57350,9.110982
57351,7.961059
57352,8.166415
57353,4.0673018
57354,12.098264
57355,8.439263
57356,16.79272
57357,8.391786
57358,22.863476
57359,8.258383
57360,9.000738
57361,6.230244
57362,8.4737625
57363,2.0766735
57364,8.556001
57365,19.108137
57366,7.5598164
57367,8.964864
57368,9.508428
57369,8.8075
57370,7.6614943
57371,20.51163
57372,8.144578
57373,32.853085
57374,16.54028
57375,7.9967175
57376,20.66792
57377,6.5376515
57378,18.244682
57379,8.252765
57380,7.85095
57381,8.831112
57382,8.225242
57383,8.408515
57384,17.342073
57385,6.6
57386,4.661752
57387,10.046419
57388,8.031917
57389,8.810863
57390,28.4958
57391,7.814207
57392,8.661166
57393,9.430099
57394,8.645933
57395,0.18333334
57396,15.754
57397,2.4727023
57398,8.621494
57399,15.325775
57400,5.459085
57401,8.10736
57402,9.955503
57403,9.034491
57404,9.570504
57405,21.993652
57406,7.3302417
57407,10.6963
57408,8.245523
57409,10.29892
57410,18.090654
57411,0.36666667
57412,11.916667
57413,36.04625
57414,11.733334
57415,18.646013
57416,5.7576976
57417,8.115008
57418,7.8428817
57419,9.35
57420,8.614712
57421,5.909426
57422,9.335006
57423,15.82291
57424,6.888004
57425,7.5653667
57426,7.094481
57427,8.826304
57428,8.001187
57429,17.39637
57430,7.8214784
57431,7.6493235
57432,2.9821968
57433,6.4246755
57434,7.185783
57435,6.78764
57436,7.1974473
57437,7.4767838
57438,6.000293
57439,7.5164213
57440,2.316552
57441,14.466782
57442,6.2049847
57443,7.5750213
57444,7.238452
57445,1.5581836
57446,6.186363
57447,8.92833
57448,7.596659
57449,5.661547
57450,7.498421
57451,10.45
57452,14.212128
57453,5.9917264
57454,7.093187
57455,4.189864
57456,7.9296646
57457,1.9165562
57458,15.424914
57459,6.9444613
57460,7.7736907
57461,7.0554647
57462,15.768289
57463,8.365384
57464,26.464273
57465,4.9045954
57466,6.4902477
57467,9.883849
57468,5.163658
57469,8.18068
57470,7.8032813
57471,6.381185
57472,7.699786
57473,11.127964
57474,17.912077
57475,6.871704
57476,6.7172637
57477,8.026372
57478,8.871186
57479,1.3218702
57480,5.8976245
57481,7.7822585
57482,7.8702374
57483,9.653728
57484,1.8433825
57485,2.6811783
57486,2.1134617
57487,15.837939
57488,6.4100266
57489,5.398079
57490,6.7669
57491,2.529572
57492,0.66912454
57493,5.6606607
57494,7.791756
57495,6.1247644
57496,7.8333774
57497,7.2650495
57498,7.073779
57499,6.875939
57500,1.2467408
57501,2.1288998
57502,10.8923025
57503,6.891404
57504,5.880198
57505,7.4576902
57506,5.633554
57507,5.5645013
57508,6.144598
57509,7.6248527
57510,7.758694
57511,9.468892
57512,8.188276
57513,24.366678
57514,5.7578526
57515,6.755902
57516,0.36918414
57517,5.9947796
57518,6.9145913
57519,6.5357227
57520,9.420843
57521,7.6505685
57522,6.1615634
57523,6.9477754
57524,7.948812
57525,8.930894
57526,14.735148
57527,6.448875
57528,6.935185
57529,5.55891
57530,15.04193
57531,6.226529
57532,8.248806
57533,6.2149396
57534,7.8513546
57535,3.4833333
57536,3.8561127
57537,8.581102
57538,1.5563802
57539,6.377181
57540,2.320703
57541,6.3472905
57542,2.9235685
57543,1.9018245
57544,4.549594
57545,1.65
57546,11.454397
57547,5.910279
57548,7.026893
57549,8.690076
57550,6.4687276
57551,7.044379
57552,6.3172827
57553,7.211601
57554,8.941004
57555,1.6718138
57556,5.4710817
57557,9.804009
57558,5.7957807
57559,8.023823
57560,14.477164
57561,7.3031535
57562,6.063204
57563,7.0491138
57564,3.445648
57565,5.837301
57566,25.891008
57567,14.755237
57568,0.46241266
57569,6.8653383
57570,1.8307818
57571,5.3251348
57572,18.045633
57573,6.6769648
57574,16.91239
57575,7.987035
57576,6.326045
57577,8.821905
57578,7.3021593
57579,8.172627
57580,6.9588513
57581,6.457604
57582,7.667641
57583,9.240479
57584,9.886721
57585,6.687387
57586,8.638188
57587,5.5743175
57588,6.794168
57589,8.37765
57590,9.602085
57591,2.2487397
57592,5.998166
57593,5.545432
57594,7.7
57595,7.2335305
57596,6.58676
57597,1.6458397
57598,0.6016598
57599,5.539149
57600,7.6088266
57601,3.019595
57602,7.1173525
57603,18.651384
57604,3.2510753
57605,0.9057954
57606,7.5353394
57607,6.7110686
57608,9.710018
57609,3.6403096
57610,14.839825
57611,6.177002
57612,8.869487
57613,1.2829679
57614,6.245333
57615,4.766667
57616,9.28737
57617,7.9421816
57618,0.9166667
57619,6.201001
57620,5.2305546
57621,8.312061
57622,6.8898664
57623,16.080797
57624,11.420101
57625,8.900028
57626,4.877049
57627,1.8436666
57628,7.312151
57629,9.23967
57630,5.447027
57631,10.340484
57632,3.6190543
57633,6.9422555
57634,18.296497
57635,7.3114247
57636,1.6992391
57637,6.4099135
57638,15.150437
57639,10.140128
57640,14.209377
57641,7.2917633
57642,0.13663505
57643,6.473285
57644,1.459128
57645,9.2342005
57646,6.8437986
57647,6.025311
57648,8.438032
57649,16.15844
57650,7.3191004
57651,6.2157817
57652,7.535124
57653,8.142674
57654,7.3902617
57655,8.2001915
57656,0.9890359
57657,4.2166667
57658,9.02106
57659,1.5340711
57660,5.0322866
57661,9.803725
57662,3.3068724
57663,6.9535084
57664,8.432166
57665,7.9784865
57666,8.869284
57667,1.2483287
57668,14.949372
57669,1.4592751
57670,6.2907596
57671,16.023531
57672,0.6560294
57673,0.8895098
57674,3.3043234
57675,8.536772
57676,8.246639
57677,7.434191
57678,6.5041122
57679,7.275061
57680,17.10999
57681,4.3116984
57682,15.923518
57683,7.2538714
57684,3.7554636
57685,1.8333334
57686,4.4047647
57687,14.483334
57688,23.357134
57689,4.672105
57690,9.194171
57691,14.060529
57692,0.6823811
57693,0.24224296
57694,4.58837
57695,7.914365
57696,6.38414
57697,17.792244
57698,14.6167755
57699,3.6666667
57700,2.1413178
57701,6.532903
57702,2.1656659
57703,5.280925
57704,7.8488555
57705,15.669332
57706,22.37231
57707,6.8663087
57708,6.1880827
57709,7.919594
57710,7.236516
57711,1.3150584
57712,0.1553366
57713,4.3533306
57714,7.684369
57715,1.3859096
57716,7.344443
57717,14.652139
57718,14.630826
57719,6.037152
57720,6.8556733
57721,7.1902766
57722,7.503507
57723,2.0797586
57724,15.401993
57725,4.2166715
57726,1.9553665
57727,16.035784
57728,5.510974
57729,7.0499597
57730,2.6508567
57731,7.9539638
57732,19.67758
57733,9.18513
57734,7.9994082
57735,10.266666
57736,3.8815572
57737,6.5496116
57738,7.9523306
57739,8.796489
57740,15.655941
57741,4.9102416
57742,8.568048
57743,1.7724869
57744,7.197683
57745,8.470261
57746,8.189819
57747,6.544034
57748,7.738528
57749,1.229088
57750,5.594817
57751,8.514989
57752,5.6750154
57753,11.215953
57754,5.974029
57755,9.121702
57756,6.4009604
57757,8.539156
57758,8.050197
57759,6.996679
57760,8.716051
57761,15.811488
57762,6.8051944
57763,7.445693
57764,6.696225
57765,7.0335193
57766,3.1020021
57767,7.7214227
57768,1.7580539
57769,8.173206
57770,8.965519
57771,9.174397
57772,7.496917
57773,6.809551
57774,8.617672
57775,12.090227
57776,12.926153
57777,7.5702076
57778,15.397663
57779,7.0446196
57780,9.7049885
57781,7.000978
57782,7.5558696
57783,7.713544
57784,7.658325
57785,8.031589
57786,9.066072
57787,8.244062
57788,7.378176
57789,10.151827
57790,7.1252046
57791,8.261075
57792,16.41488
57793,11.630057
57794,6.5287976
57795,8.568667
57796,7.3228545
57797,4.325342
57798,18.059874
57799,0.4540077
57800,6.874767
57801,7.3664527
57802,1.902795
57803,23.900764
57804,1.7991327
57805,6.8652496
57806,6.4770703
57807,8.980455
57808,7.532591
57809,16.579533
57810,1.0118687
57811,6.5558906
57812,10.071406
57813,17.882122
57814,7.7018385
57815,8.353345
57816,8.019604
57817,8.663686
57818,8.879441
57819,7.2730427
57820,16.646572
57821,0.9520884
57822,7.5688853
57823,17.752565
57824,6.0129514
57825,7.920036
57826,1.5721803
57827,7.126943
57828,7.242873
57829,17.394905
57830,13.715696
57831,7.4663544
57832,16.288961
57833,5.8811536
57834,7.3895407
57835,21.524525
57836,6.4538836
57837,22.55
57838,5.6923246
57839,2.4039488
57840,36.002922
57841,4.0908422
57842,6.6460004
57843,15.454184
57844,0.5387332
57845,11.656621
57846,6.885535
57847,7.5404315
57848,16.36524
57849,2.397808
57850,3.328347
57851,7.071103
57852,9.47763
57853,5.466739
57854,7.6161184
57855,6.5624332
57856,6.102372
57857,7.5779715
57858,8.234389
57859,10.912875
57860,7.6073375
57861,14.868285
57862,0.4546937
57863,9.571673
57864,16.31152
57865,7.2054353
57866,7.90418
57867,6.857228
57868,8.361978
57869,4.766667
57870,10.952426
57871,7.6411033
57872,7.721664
57873,7.7913537
57874,1.6722745
57875,4.2166667
57876,3.164092
57877,4.485433
57878,9.3921795
57879,7.3175416
57880,6.8161674
57881,8.546124
57882,15.299328
57883,7.4228697
57884,7.3300476
57885,15.978629
57886,7.376454
57887,6.034089
57888,8.134195
57889,9.044553
57890,1.7748051
57891,3.2115316
57892,7.4074802
57893,2.6822965
57894,9.109777
57895,7.4316635
57896,6.902642
57897,15.32107
57898,5.8304496
57899,8.693492
57900,2.6803992
57901,6.8260775
57902,5.8195853
57903,15.782266
57904,5.269873
57905,8.536348
57906,16.143745
57907,7.123538
57908,26.081478
57909,4.823932
57910,2.132722
57911,5.7979126
57912,6.6253586
57913,10.085354
57914,17.568083
57915,6.559021
57916,7.9894414
57917,1.3828514
57918,5.8657017
57919,7.292063
57920,8.264739
57921,6.71008
57922,6.61988
57923,7.3492413
57924,7.842934
57925,16.15822
57926,5.8163695
57927,8.004667
57928,6.778774
57929,8.337795
57930,6.3933787
57931,7.7744007
57932,4.7893996
57933,6.977731
57934,2.5614364
57935,25.658537
57936,13.694689
57937,6.317292
57938,7.4118633
57939,7.3630276
57940,1.5863779
57941,15.643992
57942,5.5400567
57943,9.503863
57944,7.963191
57945,21.300982
57946,12.8262
57947,2.484484
57948,3.3169425
57949,2.6885347
57950,5.1814275
57951,3.170046
57952,2.5292823
57953,2.2
57954,15.761222
57955,1.9600804
57956,1.4666667
57957,11.102909
57958,8.3212
57959,6.8488903
57960,11.366667
57961,5.0447783
57962,3.0932248
57963,5.084024
57964,1.9828004
57965,15.214288
57966,0.40866038
57967,6.2553167
57968,5.7421412
57969,5.3109713
57970,5.122736
57971,13.253031
57972,6.9485636
57973,1.4866704
57974,6.1969533
57975,0.21130894
57976,6.573052
57977,14.797975
57978,8.375449
57979,5.6833334
57980,26.548723
57981,6.0765104
57982,25.196142
57983,15.600147
57984,6.1243033
57985,7.571631
57986,11.015054
57987,5.152464
57988,8.625593
57989,1.5122823
57990,13.727347
57991,7.0400176
57992,16.511723
57993,9.046153
57994,7.2940764
57995,7.9177604
57996,5.6894174
57997,1.65
57998,6.509513
57999,17.205557
58000,19.434832
58001,5.1131196
58002,7.3515534
58003,9.730712
58004,6.5410247
58005,25.19012
58006,5.703028
58007,7.3474116
58008,7.650288
58009,8.545591
58010,7.4262524
58011,9.992621
58012,3.3581095
58013,7.6139007
58014,2.925294
58015,3.3593647
58016,8.791794
58017,8.570801
58018,5.1579285
58019,8.870381
58020,7.030344
58021,3.7079158
58022,6.92448
58023,6.4912086
58024,7.594816
58025,1.580703
58026,5.1318126
58027,8.021291
58028,5.4565907
58029,6.978571
58030,8.992147
58031,6.8847647
58032,2.4431405
58033,5.3166666
58034,14.0402565
58035,0.6433021
58036,7.122969
58037,5.6981077
58038,14.796748
58039,7.6979303
58040,6.9319305
58041,7.5513997
58042,1.2626437
58043,5.170745
58044,10.643185
58045,7.7235007
58046,15.127811
58047,6.0099235
58048,6.850121
58049,8.221049
58050,7.3792768
58051,12.78226
58052,5.659327
58053,8.470217
58054,8.2762165
58055,6.639228
58056,18.188555
58057,6.4923797
58058,5.904369
58059,22.251038
58060,4.7675533
58061,2.0166667
58062,7.6178985
58063,5.6686687
58064,5.076241
58065,15.357034
58066,14.75627
58067,13.262518
58068,6.3608947
58069,8.426221
58070,7.5430727
58071,8.489784
58072,7.4542594
58073,7.4923534
58074,8.701353
58075,4.2583227
58076,6.902612
58077,9.393478
58078,6.5795565
58079,6.702097
58080,17.131216
58081,15.347324
58082,6.9287944
58083,6.720008
58084,1.5871277
58085,6.5682244
58086,1.5710824
58087,7.573811
58088,10.065106
58089,14.8567705
58090,8.709508
58091,1.4718702
58092,5.10152
58093,7.1236115
58094,8.540973
58095,7.280703
58096,2.4568527
58097,16.21109
58098,6.60261
58099,2.3473978
58100,12.253595
58101,7.029893
58102,7.183087
58103,2.022032
58104,7.476408
58105,7.6648927
58106,1.6492902
58107,1.4666667
58108,3.2632842
58109,7.68007
58110,6.4637146
58111,5.3166666
58112,11.503709
58113,5.271583
58114,2.4916983
58115,8.516593
58116,17.091982
58117,6.4286194
58118,16.25389
58119,6.913777
58120,7.5819845
58121,1.4840977
58122,6.212802
58123,1.6242371
58124,6.5588346
58125,5.347822
58126,4.790626
58127,3.6750078
58128,10.472764
58129,6.4689245
58130,4.6816173
58131,21.918016
58132,6.251621
58133,7.9883037
58134,2.2573457
58135,5.1685834
58136,7.916144
58137,7.2847614
58138,5.8321977
58139,16.675909
58140,8.193897
58141,9.010032
58142,1.8831809
58143,3.201407
58144,10.135057
58145,5.400887
58146,8.444629
58147,31.231085
58148,5.8812957
58149,8.10094
58150,9.172667
58151,8.178956
58152,7.0686126
58153,4.7527676
58154,3.0541265
58155,8.222871
58156,7.3906903
58157,1.6282455
58158,6.7391906
58159,8.62525
58160,1.7941731
58161,6.5519743
58162,8.65409
58163,15.533199
58164,14.853036
58165,6.6303086
58166,8.823232
58167,7.2498856
58168,1.6095195
58169,19.353792
58170,7.079745
58171,11.37696
58172,4.2184496
58173,7.4444385
58174,16.629217
58175,6.646045
58176,9.261886
58177,4.546987
58178,2.1915762
58179,9.25096
58180,7.8131084
58181,1.6602772
58182,5.6802
58183,16.747969
58184,22.646484
58185,7.2892895
58186,1.6590768
58187,2.7217968
58188,2.9921696
58189,8.156254
58190,15.128276
58191,6.590063
58192,2.2646086
58193,7.2920775
58194,18.764376
58195,7.3524933
58196,1.3907124
58197,8.315958
58198,6.586741
58199,5.66023
58200,6.2625947
58201,2.2696214
58202,1.2077498
58203,2.9333334
58204,12.302886
58205,6.250308
58206,6.8145113
58207,1.573332
58208,5.0812855
58209,1.7049291
58210,2.0166667
58211,2.7544062
58212,8.181121
58213,6.345374
58214,7.1999125
58215,6.2572722
58216,1.5804136
58217,5.5539885
58218,6.6177826
58219,6.990269
58220,8.889187
58221,9.900621
58222,1.0852191
58223,6.6164393
58224,6.9365563
58225,15.053174
58226,7.3969064
58227,19.322254
58228,3.4788368
58229,2.116799
58230,7.649059
58231,7.6258283
58232,7.737126
58233,1.503902
58234,18.1012
58235,5.644532
58236,7.1211505
58237,7.164734
58238,7.257933
58239,2.4463506
58240,6.1028075
58241,7.1061196
58242,7.6008635
58243,3.8389444
58244,7.159368
58245,14.355559
58246,6.731117
58247,6.076162
58248,5.028473
58249,7.9045777
58250,7.6953416
58251,7.593111
58252,7.439058
58253,7.362972
58254,7.6779876
58255,6.977008
58256,8.238219
58257,8.897023
58258,2.9641616
58259,2.9925525
58260,7.103837
58261,1.9923774
58262,5.3128386
58263,6.813678
58264,7.506787
58265,2.3639574
58266,15.699245
58267,1.3885019
58268,6.428527
58269,5.747939
58270,16.084183
58271,7.721993
58272,6.4933953
58273,7.8771524
58274,1.2351652
58275,5.867823
58276,7.094829
58277,1.1
58278,6.0977845
58279,6.7080994
58280,6.6932993
58281,6.61613
58282,7.854893
58283,5.1725726
58284,8.377122
58285,5.8843303
58286,2.2245097
58287,12.945174
58288,1.5406238
58289,7.0888934
58290,6.739519
58291,7.7276196
58292,15.64606
58293,5.4917684
58294,6.8269978
58295,19.323963
58296,3.5881455
58297,6.0785775
58298,7.715406
58299,7.637825
58300,7.1653953
58301,10.607088
58302,5.4519787
58303,6.6600666
58304,7.580128
58305,9.716666
58306,14.034571
58307,15.662664
58308,8.504636
58309,7.5456347
58310,5.3700356
58311,4.4
58312,28.476673
58313,3.7504268
58314,9.131879
58315,12.517125
58316,7.029108
58317,8.292777
58318,14.867819
58319,8.8121605
58320,7.7451
58321,7.144529
58322,8.737607
58323,9.215402
58324,9.565187
58325,7.4488688
58326,7.832384
58327,16.892439
58328,7.4907317
58329,12.170355
58330,1.8333334
58331,15.875242
58332,6.8273764
58333,1.2018443
58334,7.033475
58335,18.17801
58336,6.3072023
58337,7.2682147
58338,6.571072
58339,8.593251
58340,6.7715063
58341,7.9097433
58342,6.2001433
58343,12.012844
58344,14.571511
58345,6.5460234
58346,6.374063
58347,13.6193905
58348,6.1374187
58349,16.324883
58350,6.9847026
58351,25.797092
58352,10.579405
58353,1.098187
58354,7.6941457
58355,10.178619
58356,7.697405
58357,7.903818
58358,6.4265614
58359,2.6331306
58360,16.106844
58361,0.55
58362,22.828825
58363,4.8710785
58364,16.741209
58365,8.525481
58366,8.1793375
58367,8.098111
58368,7.2802067
58369,15.660631
58370,7.223476
58371,7.660756
58372,1.1892148
58373,7.1089816
58374,7.1491485
58375,7.5992265
58376,7.1055417
58377,15.635478
58378,8.613834
58379,5.341455
58380,5.7651415
58381,1.5440495
58382,7.468811
58383,19.030293
58384,9.545453
58385,7.8326936
58386,10.781083
58387,7.124107
58388,11.138249
58389,14.135061
58390,6.4918265
58391,7.3963227
58392,5.5310674
58393,7.4307313
58394,14.443437
58395,0.57929236
58396,5.7235923
58397,9.160976
58398,8.981099
58399,8.061011
58400,23.67878
58401,3.894564
58402,14.8641615
58403,1.1425099
58404,5.7198925
58405,6.4976244
58406,9.769307
58407,6.245173
58408,1.4291693
58409,4.605763
58410,7.8451905
58411,7.763198
58412,7.521166
58413,7.0915804
58414,6.327942
58415,8.696535
58416,6.403777
58417,6.1878858
58418,2.6127768
58419,15.116649
58420,8.021589
58421,6.5547233
58422,6.6157775
58423,8.416174
58424,2.2942972
58425,0.16564792
58426,10.60554
58427,7.1766024
58428,0.9166667
58429,7.7843537
58430,1.6252121
58431,4.743387
58432,13.708494
58433,5.91616
58434,5.6833334
58435,13.883516
58436,14.137105
58437,14.82979
58438,5.8545117
58439,6.847685
58440,16.948565
58441,4.6597004
58442,2.5642593
58443,6.1569324
58444,7.2164135
58445,7.7711425
58446,6.8055563
58447,15.0951395
58448,6.8397355
58449,7.446517
58450,5.8686075
58451,14.871083
58452,3.3177712
58453,7.4610133
58454,1.4666667
58455,5.5678344
58456,17.845743
58457,6.5710926
58458,6.982115
58459,10.80376
58460,6.154374
58461,8.375924
58462,7.5732017
58463,1.700332
58464,6.430016
58465,8.057037
58466,5.986795
58467,5.866667
58468,18.896452
58469,6.5119348
58470,16.423721
58471,7.013513
58472,8.893191
58473,3.7940588
58474,7.505846
58475,7.3977976
58476,6.6055207
58477,9.278117
58478,1.7570491
58479,16.262789
58480,6.571685
58481,10.4608
58482,8.143267
58483,6.1061883
58484,0.7002252
58485,8.076327
58486,3.6183634
58487,1.9724941
58488,1.65
58489,16.41227
58490,6.478407
58491,7.4630723
58492,7.5857587
58493,1.1275278
58494,8.066667
58495,14.182261
58496,7.6309586
58497,9.384574
58498,23.133131
58499,4.992251
58500,9.256048
58501,2.290592
58502,7.1852093
58503,9.379565
58504,1.5903281
58505,6.35766
58506,8.283019
58507,5.911696
58508,1.8533552
58509,9.244462
58510,6.7481885
58511,8.681363
58512,5.1633444
58513,16.054607
58514,11.381787
58515,5.697824
58516,8.892437
58517,0.2893104
58518,16.514492
58519,6.511145
58520,8.389657
58521,9.240567
58522,8.383173
58523,7.3900094
58524,2.4002194
58525,6.4131336
58526,4.037105
58527,16.05422
58528,7.0103836
58529,1.3613762
58530,5.877908
58531,8.990326
58532,2.9333334
58533,11.835855
58534,14.630321
58535,7.5398283
58536,8.041243
58537,2.9333334
58538,6.9472203
58539,9.100659
58540,7.9865203
58541,24.036055
58542,5.743539
58543,7.1664977
58544,7.2258577
58545,9.728257
58546,23.252796
58547,7.898495
58548,8.66328
58549,7.6450095
58550,7.0581956
58551,5.275411
58552,8.572921
58553,17.629538
58554,7.4577985
58555,8.55031
58556,7.7804346
58557,8.094211
58558,9.5206995
58559,7.695954
58560,2.1431558
58561,6.823131
58562,5.425519
58563,17.856348
58564,2.75
58565,14.327676
58566,2.087948
58567,5.5843782
58568,6.8356485
58569,7.758542
58570,10.119732
58571,1.2981454
58572,3.1166666
58573,13.90212
58574,1.8333334
58575,3.7083335
58576,7.871104
58577,6.43278
58578,8.342104
58579,8.12135
58580,7.195874
58581,7.053054
58582,18.336935
58583,5.8517637
58584,9.119546
58585,7.3417673
58586,1.4668319
58587,6.085787
58588,10.106158
58589,10.095154
58590,8.119811
58591,8.3112
58592,5.7640576
58593,6.662016
58594,6.8486614
58595,2.4248903
58596,7.2898755
58597,5.7321444
58598,1.7343534
58599,5.625948
58600,1.5573796
58601,21.630232
58602,7.6289587
58603,9.910291
58604,3.4124064
58605,8.388482
58606,5.4198833
58607,7.388925
58608,2.3852906
58609,11.87216
58610,6.597777
58611,2.6516855
58612,2.0166667
58613,3.9618719
58614,3.9382012
58615,7.220705
58616,10.215562
58617,4.494685
58618,7.167987
58619,7.485303
58620,1.5666572
58621,14.124134
58622,5.8766646
58623,18.657312
58624,15.158337
58625,5.9860997
58626,6.045527
58627,7.077255
58628,17.08803
58629,25.665743
58630,11.711844
58631,14.136112
58632,7.2048516
58633,6.8316445
58634,8.61407
58635,7.090207
58636,3.0895395
58637,7.4380007
58638,1.4663223
58639,8.085943
58640,4.6642537
58641,14.740814
58642,0.36756685
58643,6.7800927
58644,7.114485
58645,12.209786
58646,13.594378
58647,6.6651235
58648,6.7312207
58649,13.90705
58650,6.5759
58651,6.4694443
58652,15.419078
58653,19.64323
58654,5.07061
58655,7.5071993
58656,7.0303693
58657,0.9211151
58658,13.344665
58659,5.8792086
58660,5.7540803
58661,4.9706445
58662,8.199572
58663,7.794447
58664,1.9319011
58665,21.660864
58666,0.059368618
58667,14.145819
58668,16.774902
58669,5.61178
58670,10.083333
58671,27.531792
58672,4.8843355
58673,7.762621
58674,7.6313424
58675,7.4633703
58676,8.222265
58677,2.784218
58678,6.5184283
58679,6.9135327
58680,15.868137
58681,5.6399393
58682,9.704307
58683,30.338732
58684,4.5688195
58685,8.269277
58686,5.935567
58687,9.04776
58688,7.642222
58689,6.621865
58690,4.2454143
58691,22.818583
58692,5.223698
58693,6.547
58694,8.378439
58695,7.733587
58696,9.029634
58697,8.151374
58698,8.448195
58699,5.67282
58700,7.4624796
58701,16.061443
58702,2.4302797
58703,17.048418
58704,6.9584146
58705,1.9450449
58706,6.1083465
58707,16.813158
58708,6.5107474
58709,26.323805
58710,3.6126733
58711,2.1664643
58712,1.65
58713,6.215596
58714,8.681917
58715,9.64514
58716,6.0287724
58717,7.6315527
58718,1.2656138
58719,4.7119536
58720,15.893199
58721,22.110582
58722,2.2891366
58723,7.706977
58724,0.36666667
58725,6.092148
58726,9.314897
58727,7.649484
58728,7.669157
58729,7.857089
58730,6.8313904
58731,8.477915
58732,2.0641446
58733,4.0660048
58734,16.635328
58735,4.542978
58736,7.213203
58737,14.19631
58738,5.3444543
58739,7.736156
58740,7.760322
58741,1.591259
58742,5.815443
58743,7.9843426
58744,9.48576
58745,9.511028
58746,9.489878
58747,5.4748645
58748,7.7917013
58749,8.503748
58750,8.426153
58751,7.828081
58752,8.595191
58753,3.7341452
58754,6.773784
58755,7.143396
58756,15.801646
58757,4.61104
58758,7.641501
58759,5.1312833
58760,2.490659
58761,16.288126
58762,7.2272277
58763,7.2740917
58764,6.813217
58765,6.7773633
58766,3.3836775
58767,5.7466807
58768,7.56279
58769,7.0404987
58770,7.1509876
58771,7.666827
58772,13.147466
58773,8.5975895
58774,11.106306
58775,6.8626375
58776,7.671353
58777,7.4497366
58778,1.983688
58779,0.654775
58780,7.730211
58781,4.372037
58782,7.1413655
58783,9.175645
58784,6.9219613
58785,6.452943
58786,6.9173646
58787,6.1893115
58788,7.0266285
58789,7.5017185
58790,17.405201
58791,5.1870785
58792,1.910661
58793,1.055143
58794,11.576222
58795,1.8646861
58796,3.2493951
58797,5.7718453
58798,7.894025
58799,1.9773656
58800,12.842143
58801,1.1235929
58802,5.386136
58803,7.6788454
58804,7.343467
58805,7.8681307
58806,3.3203104
58807,8.473048
58808,1.7188176
58809,5.8433585
58810,6.902025
58811,27.500368
58812,6.3893647
58813,3.9897623
58814,7.6231976
58815,6.567293
58816,16.195343
58817,5.9529204
58818,19.223787
58819,4.7019315
58820,8.684836
58821,15.452556
58822,6.7833333
58823,7.8016925
58824,7.695999
58825,6.4335995
58826,7.4860663
58827,1.9551016
58828,13.954764
58829,6.4687915
58830,7.508597
58831,7.865969
58832,13.3662405
58833,3.0985284
58834,3.083796
58835,3.5696743
58836,13.155638
58837,3.85
58838,8.962024
58839,0.64830583
58840,7.6173882
58841,15.462148
58842,6.226363
58843,8.590364
58844,8.050378
58845,2.5666666
58846,5.0275574
58847,10.185847
58848,5.7689342
58849,6.2461233
58850,7.8882084
58851,7.42218
58852,17.405882
58853,21.054476
58854,25.429218
58855,4.3353443
58856,9.754373
58857,12.395007
58858,1.6200026
58859,4.9489136
58860,8.958961
58861,7.0127053
58862,17.330982
58863,0.57373965
58864,5.3480463
58865,6.18424
58866,8.19151
58867,7.6024914
58868,2.753804
58869,14.127267
58870,7.3524017
58871,15.033284
58872,5.9716268
58873,18.508547
58874,8.070269
58875,16.116985
58876,6.4267325
58877,8.063394
58878,7.1444745
58879,10.198354
58880,17.8609
58881,14.971859
58882,6.902015
58883,17.649607
58884,15.883901
58885,6.6
58886,0.9252565
58887,11.21858
58888,1.5697052
58889,5.789317
58890,7.8764205
58891,8.844316
58892,7.73646
58893,9.058061
58894,4.595819
58895,27.250025
58896,6.334337
58897,7.6330514
58898,7.4558034
58899,9.966737
58900,3.6472003
58901,8.257799
58902,9.004437
58903,7.8253307
58904,8.948102
58905,8.141881
58906,7.995048
58907,3.4941227
58908,6.468111
58909,10.773011
58910,6.2230406
58911,6.448885
58912,7.3446574
58913,6.741199
58914,6.864529
58915,15.46785
58916,0.80928826
58917,6.8287964
58918,6.4991374
58919,7.6743865
58920,6.978198
58921,8.160144
58922,2.4475415
58923,6.6726956
58924,12.547227
58925,1.1253132
58926,6.164171
58927,8.4102745
58928,6.8700514
58929,7.2527027
58930,8.35092
58931,7.8981757
58932,6.5907493
58933,7.428894
58934,10.940896
58935,5.5677114
58936,8.999418
58937,19.830078
58938,5.455443
58939,7.673484
58940,8.212854
58941,5.7827954
58942,7.5586567
58943,3.4833333
58944,10.470366
58945,7.952493
58946,7.7525682
58947,2.9517288
58948,3.3384137
58949,7.304098
58950,8.728803
58951,4.039545
58952,2.2571785
58953,7.896526
58954,11.991779
58955,6.9416285
58956,14.427248
58957,6.908136
58958,7.6811724
58959,8.946292
58960,4.10285
58961,7.892751
58962,5.485799
58963,7.421204
58964,6.4750752
58965,7.189023
58966,6.3278246
58967,7.6853538
58968,0.33516264
58969,8.936035
58970,5.889
58971,9.607029
58972,5.9433737
58973,8.893124
58974,8.5169735
58975,2.0280156
58976,7.3602314
58977,6.7147694
58978,5.231878
58979,1.6751567
58980,10.05985
58981,7.4186845
58982,22.410408
58983,8.170408
58984,5.1909204
58985,7.0952544
58986,7.9737825
58987,11.786932
58988,0.9878202
58989,9.349575
58990,12.802712
58991,29.043432
58992,3.936663
58993,2.559623
58994,19.24441
58995,1.4450676
58996,11.746492
58997,7.5136695
58998,0.73333335
58999,7.7490253
59000,7.3677607
59001,19.820612
59002,7.5105367
59003,24.466341
59004,15.122778
59005,6.350776
59006,7.633125
59007,1.4915224
59008,6.039132
59009,5.0072284
59010,1.8870239
59011,21.018002
59012,6.442847
59013,6.432555
59014,6.394769
59015,6.714441
59016,7.601002
59017,7.089168
59018,7.61543
59019,6.7308636
59020,6.383071
59021,7.7827587
59022,1.3465364
59023,7.952894
59024,9.130265
59025,7.30795
59026,11.759135
59027,6.234728
59028,11.057768
59029,3.2974966
59030,9.958911
59031,4.534367
59032,8.066667
59033,5.6326323
59034,25.717773
59035,7.1862
59036,8.1798115
59037,7.52718
59038,7.213923
59039,21.505737
59040,19.145308
59041,18.198738
59042,7.0472407
59043,5.0414457
59044,1.486151
59045,8.839827
59046,16.754417
59047,7.868448
59048,5.4886856
59049,6.8519635
59050,7.8565235
59051,8.999555
59052,8.410437
59053,1.8333334
59054,4.902963
59055,7.2892394
59056,7.5478854
59057,27.037943
59058,4.218499
59059,6.779378
59060,6.69303
59061,5.388968
59062,3.858695
59063,7.7259426
59064,8.440929
59065,7.0006742
59066,8.236835
59067,6.929892
59068,7.382483
59069,2.4483793
59070,7.740267
59071,7.3874226
59072,3.1776423
59073,10.425429
59074,1.4666667
59075,26.28986
59076,4.097253
59077,7.779329
59078,1.9591198
59079,11.017606
59080,6.328992
59081,3.77419
59082,2.2667062
59083,7.866004
59084,0.73333335
59085,5.974069
59086,17.055414
59087,8.706451
59088,4.5971265
59089,8.139032
59090,9.35972
59091,2.5666666
59092,4.5242968
59093,6.055466
59094,7.5998588
59095,9.18811
59096,9.255912
59097,14.448284
59098,5.837099
59099,1.5661864
59100,15.977315
59101,9.124593
59102,14.362224
59103,9.124679
59104,10.533761
59105,8.360055
59106,8.154573
59107,8.487241
59108,7.386907
59109,6.785964
59110,8.299115
59111,7.159951
59112,7.326427
59113,7.130238
59114,7.7302155
59115,6.6616735
59116,6.9060826
59117,13.824461
59118,5.4073224
59119,8.611982
59120,15.508523
59121,14.758958
59122,6.970511
59123,1.3348868
59124,4.467795
59125,8.570415
59126,8.041477
59127,6.2157226
59128,1.8372363
59129,5.878243
59130,27.917963
59131,2.4300308
59132,6.1669116
59133,4.629502
59134,8.233943
59135,7.7
59136,6.7142887
59137,9.9
59138,11.359936
59139,0.36666667
59140,7.373758
59141,22.079203
59142,15.1028
59143,7.467145
59144,10.510577
59145,1.4866265
59146,5.6643167
59147,6.1133404
59148,6.5921907
59149,8.364828
59150,27.040442
59151,6.621884
59152,6.3382926
59153,6.6751175
59154,7.5691547
59155,7.278688
59156,7.659135
59157,15.85737
59158,0.60119426
59159,5.6705008
59160,6.3855314
59161,6.4647927
59162,7.064899
59163,7.856436
59164,5.892807
59165,9.16859
59166,6.482387
59167,7.751412
59168,9.307416
59169,1.357725
59170,7.5716147
59171,5.5578713
59172,18.68429
59173,7.5212054
59174,6.039911
59175,7.4185324
59176,9.363033
59177,7.477589
59178,13.820756
59179,7.362844
59180,6.934815
59181,8.807117
59182,2.4868114
59183,5.193391
59184,8.793573
59185,8.342265
59186,7.4722943
59187,9.349365
59188,10.753732
59189,12.568761
59190,4.2457285
59191,8.800096
59192,7.5744443
59193,1.5157572
59194,5.5575275
59195,8.439365
59196,1.2639719
59197,6.1764874
59198,13.765996
59199,6.8141675
59200,8.780684
59201,8.762315
59202,14.338926
59203,6.429145
59204,8.0808
59205,0.36666667
59206,24.796932
59207,6.585377
59208,7.874666
59209,16.804363
59210,5.2783375
59211,7.056117
59212,3.7900882
59213,7.8067565
59214,1.5782083
59215,5.6453257
59216,7.039498
59217,18.994164
59218,7.934996
59219,7.0825763
59220,8.077816
59221,1.6465454
59222,4.489907
59223,0.18333334
59224,6.742998
59225,19.398129
59226,5.4605994
59227,9.42629
59228,7.581648
59229,21.790415
59230,5.8654113
59231,5.7218323
59232,11.823367
59233,1.2357088
59234,12.607652
59235,15.54769
59236,5.577768
59237,7.1840625
59238,8.9522705
59239,8.421624
59240,8.588664
59241,13.538122
59242,8.2858715
59243,17.048903
59244,7.014979
59245,8.951797
59246,8.297575
59247,7.8505607
59248,11.251941
59249,7.444224
59250,16.198524
59251,5.053614
59252,16.96076
59253,6.624472
59254,7.0246286
59255,11.101885
59256,5.076095
59257,8.026147
59258,9.157841
59259,16.21881
59260,7.2235484
59261,17.197514
59262,5.094679
59263,8.043791
59264,7.8865614
59265,7.5503936
59266,7.1326876
59267,7.2147655
59268,8.775067
59269,6.275274
59270,11.733334
59271,4.93254
59272,14.344315
59273,2.1180243
59274,8.106021
59275,6.723581
59276,9.267786
59277,7.4516573
59278,2.0863998
59279,4.7872643
59280,1.9238685
59281,5.8292484
59282,2.5190003
59283,5.807043
59284,7.117857
59285,5.6833334
59286,3.6782653
59287,6.753838
59288,6.845763
59289,6.692569
59290,6.82293
59291,6.399285
59292,3.5734527
59293,5.3668756
59294,6.750898
59295,8.405124
59296,14.5078125
59297,6.7311573
59298,1.2136359
59299,7.0270643
59300,4.629419
59301,5.6289134
59302,3.4833333
59303,3.7511952
59304,9.011967
59305,5.670168
59306,7.1738405
59307,8.293305
59308,2.9101405
59309,5.954823
59310,4.143252
59311,5.6302023
59312,2.9333334
59313,12.513884
59314,9.589305
59315,6.4583
59316,6.419745
59317,8.866414
59318,3.1681054
59319,7.5767374
59320,5.1450887
59321,8.375195
59322,1.1741105
59323,5.247432
59324,6.5771055
59325,8.155278
59326,2.6224124
59327,6.575114
59328,3.4833333
59329,8.1607685
59330,9.052622
59331,16.04966
59332,7.3333335
59333,12.880339
59334,7.5757675
59335,13.638907
59336,6.8402343
59337,7.7242417
59338,9.250212
59339,9.5556135
59340,6.874286
59341,8.078978
59342,6.960204
59343,14.750799
59344,18.206022
59345,7.28721
59346,7.5846424
59347,15.83746
59348,3.8032086
59349,2.014838
59350,16.827564
59351,2.7481833
59352,6.789258
59353,7.1219163
59354,1.5469558
59355,6.378827
59356,7.0248046
59357,7.671762
59358,6.4252286
59359,16.183487
59360,0.69843644
59361,5.2309356
59362,10.501151
59363,2.4005425
59364,2.2598839
59365,16.044678
59366,2.7666438
59367,3.3356836
59368,8.474133
59369,5.6927714
59370,15.7600765
59371,6.778823
59372,18.21185
59373,5.83191
59374,1.2620806
59375,7.668372
59376,6.7760105
59377,7.7073245
59378,7.9073954
59379,7.379699
59380,8.272443
59381,1.5250585
59382,14.150407
59383,7.332
59384,8.65089
59385,1.1776787
59386,17.219248
59387,6.7182736
59388,7.2433195
59389,6.709007
59390,10.633333
59391,10.799834
59392,4.6655865
59393,6.2537384
59394,12.615299
59395,7.4410653
59396,7.8314953
59397,5.4812756
59398,7.0777392
59399,7.581227
59400,8.541407
59401,6.283614
59402,9.939897
59403,13.365744
59404,5.68914
59405,1.9164785
59406,11.003631
59407,7.6529207
59408,2.5666666
59409,17.576742
59410,6.9258285
59411,1.2833333
59412,5.3780975
59413,5.6833334
59414,3.042713
59415,6.6564155
59416,16.804996
59417,0.18162459
59418,0.07609515
59419,14.752681
59420,14.168369
59421,13.251117
59422,8.577333
59423,8.294591
59424,1.4419408
59425,5.1988354
59426,7.6450295
59427,2.0166667
59428,5.8667445
59429,7.630568
59430,1.9557925
59431,5.241228
59432,3.8979313
59433,7.785055
59434,1.141878
59435,7.3312182
59436,0.73333335
59437,22.112556
59438,7.4789844
59439,2.2526052
59440,8.721726
59441,19.564295
59442,7.9630685
59443,6.0516915
59444,14.793243
59445,9.509814
59446,12.630977
59447,8.577773
59448,7.001987
59449,15.960087
59450,0.37304604
59451,6.54423
59452,9.696542
59453,3.7156303
59454,7.8180594
59455,8.226836
59456,9.38175
59457,1.2104553
59458,7.4429293
59459,7.3889546
59460,7.3830857
59461,8.251163
59462,8.432542
59463,7.3984914
59464,1.2396739
59465,0.13259678
59466,4.7437897
59467,7.7555327
59468,6.0130687
59469,7.550405
59470,5.149362
59471,5.597611
59472,8.810691
59473,7.1663074
59474,0.7752569
59475,7.3888335
59476,6.136315
59477,8.946014
59478,2.270342
59479,12.624095
59480,12.015778
59481,0.80898935
59482,6.479927
59483,6.821588
59484,7.6469254
59485,6.863025
59486,2.2494547
59487,16.006138
59488,6.299934
59489,6.8250337
59490,12.935545
59491,8.873099
59492,7.171396
59493,11.007903
59494,8.060894
59495,7.1813173
59496,7.1207833
59497,7.9624715
59498,1.1729392
59499,6.3933105
59500,9.413572
59501,18.016167
59502,10.816667
59503,3.4911478
59504,8.681553
59505,5.8199615
59506,5.478957
59507,7.7058544
59508,7.018101
59509,6.749937
59510,7.0166597
59511,7.3296027
59512,2.0898497
59513,6.4454203
59514,7.156996
59515,9.283208
59516,7.8759174
59517,6.826759
59518,2.3833334
59519,1.4666667
59520,10.218263
59521,7.7469764
59522,6.02436
59523,11.127929
59524,7.6835103
59525,1.9908627
59526,5.2915936
59527,8.019962
59528,5.7216997
59529,1.6945784
59530,6.8625937
59531,1.8109143
59532,5.234068
59533,7.732921
59534,6.4073954
59535,1.6998414
59536,5.235268
59537,6.196812
59538,15.227672
59539,1.2832228
59540,6.249548
59541,7.9696503
59542,1.1375064
59543,4.289384
59544,13.933333
59545,8.716879
59546,0.31267765
59547,6.9814916
59548,10.380088
59549,8.133976
59550,6.8142605
59551,8.443633
59552,6.897512
59553,6.675696
59554,6.868111
59555,9.349954
59556,4.082408
59557,6.806042
59558,8.080217
59559,15.4430685
59560,4.8707204
59561,13.387906
59562,4.299838
59563,6.5287304
59564,7.3025746
59565,7.1363873
59566,7.8792214
59567,9.42628
59568,8.8988285
59569,8.306721
59570,3.558956
59571,7.0243835
59572,7.407561
59573,16.644337
59574,7.3236923
59575,16.617138
59576,7.479852
59577,7.381306
59578,6.5234213
59579,9.2197275
59580,6.7322016
59581,26.555143
59582,8.148996
59583,9.056752
59584,4.339599
59585,7.2584615
59586,1.3091284
59587,5.719167
59588,10.678381
59589,7.7662954
59590,8.693237
59591,1.4761535
59592,4.783781
59593,5.8031135
59594,17.270153
59595,6.518868
59596,7.7628703
59597,7.9615097
59598,8.4164
59599,6.376177
59600,7.632008
59601,8.219333
59602,8.081432
59603,8.791711
59604,7.1114025
59605,6.350466
59606,8.091356
59607,7.133011
59608,10.947335
59609,6.674798
59610,10.655838
59611,6.162469
59612,24.36841
59613,20.992434
59614,5.15663
59615,1.688276
59616,7.310969
59617,15.445689
59618,2.9201627
59619,2.6453674
59620,7.369921
59621,11.960549
59622,6.706521
59623,18.031904
59624,6.9046416
59625,6.2969837
59626,8.602362
59627,6.8525667
59628,11.808489
59629,9.010891
59630,7.074162
59631,4.0333333
59632,3.0884664
59633,9.688823
59634,1.5517336
59635,5.90855
59636,17.534452
59637,14.297087
59638,7.1275654
59639,6.318808
59640,4.4
59641,3.236119
59642,3.6666667
59643,6.1926847
59644,8.062488
59645,1.4949679
59646,7.4565377
59647,17.42056
59648,8.044511
59649,7.985988
59650,6.930411
59651,8.968331
59652,7.1455364
59653,6.8987317
59654,8.307891
59655,6.590347
59656,12.023315
59657,5.6835074
59658,7.551953
59659,1.8903073
59660,5.498585
59661,8.246116
59662,6.986544
59663,8.542489
59664,9.750528
59665,6.847529
59666,7.703527
59667,8.04177
59668,8.119759
59669,8.690508
59670,5.4843626
59671,7.051119
59672,16.157887
59673,5.5256186
59674,1.7674192
59675,6.5265484
59676,16.712944
59677,4.178004
59678,4.1935143
59679,9.27795
59680,12.278825
59681,8.606841
59682,6.746938
59683,7.164244
59684,7.742403
59685,7.615413
59686,8.05116
59687,7.2175446
59688,1.7539907
59689,1.2464174
59690,4.7150455
59691,1.3604449
59692,6.693343
59693,15.117532
59694,5.4503417
59695,17.229586
59696,0.5023004
59697,6.112159
59698,18.092537
59699,2.476417
59700,2.2350419
59701,6.19411
59702,6.9076953
59703,6.5581775
59704,5.6430516
59705,6.1176867
59706,15.860732
59707,5.519717
59708,5.7989907
59709,5.48233
59710,6.7585
59711,4.5230956
59712,3.624921
59713,6.460133
59714,7.193888
59715,0.9166667
59716,5.6068788
59717,7.2846227
59718,30.52395
59719,6.3765774
59720,16.357542
59721,6.7460914
59722,11.922577
59723,18.279327
59724,5.3603034
59725,7.614282
59726,7.66722
59727,0.8165266
59728,6.419476
59729,6.4407253
59730,3.946587
59731,5.931191
59732,16.960657
59733,4.581518
59734,8.19848
59735,7.1037183
59736,7.704282
59737,8.030392
59738,8.851902
59739,7.731157
59740,8.141847
59741,7.463204
59742,17.59264
59743,6.261045
59744,7.505728
59745,1.4948254
59746,6.0392346
59747,2.9910474
59748,3.4110534
59749,17.895052
59750,16.764528
59751,0.53405774
59752,5.7497234
59753,7.8558135
59754,6.995601
59755,7.638177
59756,4.909662
59757,15.892542
59758,5.1683574
59759,7.4427276
59760,8.194025
59761,6.573664
59762,6.697553
59763,10.480853
59764,13.939348
59765,7.440891
59766,8.914834
59767,16.442303
59768,18.362959
59769,5.3112664
59770,9.475596
59771,7.0013647
59772,5.1799335
59773,7.5167713
59774,4.2059875
59775,5.7389746
59776,1.8671366
59777,4.608688
59778,7.400018
59779,7.2256165
59780,1.6528282
59781,5.434212
59782,7.7639527
59783,6.401072
59784,8.0454855
59785,6.0612535
59786,7.172664
59787,7.3651667
59788,8.838124
59789,7.953572
59790,2.2845886
59791,8.356488
59792,3.9824898
59793,6.9488964
59794,8.077272
59795,7.6298666
59796,8.568546
59797,8.17599
59798,7.0825624
59799,1.9572626
59800,6.563266
59801,3.2956636
59802,15.310929
59803,0.60955495
59804,6.5368743
59805,8.7248335
59806,1.1514542
59807,13.929513
59808,5.5117545
59809,16.10254
59810,6.9319835
59811,7.11084
59812,5.951873
59813,6.721636
59814,7.254233
59815,5.912333
59816,8.30074
59817,7.964265
59818,8.880689
59819,7.740013
59820,21.9578
59821,8.916024
59822,9.206037
59823,3.4892619
59824,4.2588377
59825,1.5949103
59826,7.653891
59827,6.521304
59828,8.304476
59829,6.807782
59830,11.440935
59831,0.73628044
59832,4.739991
59833,5.866667
59834,10.648993
59835,6.0032873
59836,11.366667
59837,6.491683
59838,10.206037
59839,8.916392
59840,8.820435
59841,7.7201357
59842,8.335698
59843,1.1290573
59844,15.4769745
59845,7.3359585
59846,13.319738
59847,15.702741
59848,6.620418
59849,7.1100216
59850,6.9093866
59851,14.74336
59852,7.0234733
59853,6.698518
59854,14.571755
59855,2.3291764
59856,9.740169
59857,15.612642
59858,0.37160027
59859,8.263985
59860,15.140192
59861,6.05278
59862,2.8533294
59863,7.720645
59864,3.0472312
59865,3.945581
59866,2.0760736
59867,5.6738634
59868,14.805517
59869,11.0
59870,1.9725192
59871,7.516667
59872,27.373463
59873,3.9857092
59874,0.9166667
59875,6.2335186
59876,25.488667
59877,4.419919
59878,1.874287
59879,6.949406
59880,10.794099
59881,3.3053136
59882,5.083946
59883,1.3380188
59884,7.0694327
59885,7.525404
59886,8.023021
59887,1.1
59888,13.979108
59889,17.119253
59890,2.9949148
59891,6.9813943
59892,6.818177
59893,5.775467
59894,8.190964
59895,2.8783097
59896,3.9686399
59897,7.394682
59898,6.4961243
59899,9.365503
59900,14.287101
59901,1.4666667
59902,4.1812043
59903,6.459505
59904,7.521765
59905,2.0765977
59906,6.597443
59907,3.3286557
59908,8.149443
59909,6.2280927
59910,13.726857
59911,23.06073
59912,6.0460215
59913,22.67529
59914,5.986555
59915,13.731289
59916,7.339624
59917,6.5670776
59918,3.0042942
59919,4.3941884
59920,5.2124014
59921,1.6179197
59922,16.53366
59923,1.133953
59924,8.416861
59925,8.429014
59926,6.09876
59927,7.300967
59928,6.561456
59929,6.3905106
59930,8.265627
59931,17.217102
59932,8.245539
59933,5.7086344
59934,7.4387302
59935,6.828365
59936,7.4730206
59937,8.750985
59938,4.5833335
59939,5.798742
59940,6.7462525
59941,8.57125
59942,26.396248
59943,6.942629
59944,8.043961
59945,1.571342
59946,0.030796796
59947,14.14107
59948,5.7285666
59949,7.85325
59950,6.044061
59951,31.185995
59952,6.5483866
59953,10.629795
59954,7.2815404
59955,25.06357
59956,8.696447
59957,8.648458
59958,7.7631245
59959,16.272156
59960,7.402381
59961,3.9755263
59962,6.4891143
59963,5.2374053
59964,7.3763757
59965,8.208492
59966,6.9691567
59967,9.39831
59968,8.821875
59969,1.7667729
59970,6.4675274
59971,8.006819
59972,9.428616
59973,8.516916
59974,8.732147
59975,13.599591
59976,7.9463134
59977,25.407156
59978,5.5300384
59979,7.824228
59980,9.502531
59981,8.443149
59982,7.686922
59983,8.247678
59984,7.399885
59985,6.4349666
59986,13.687882
59987,1.4666667
59988,16.673105
59989,0.7167753
59990,2.766688
59991,17.163382
59992,6.6313825
59993,3.6666667
59994,23.528303
59995,0.16431494
59996,1.65
59997,5.192479
59998,8.172437
59999,6.8493166
60000,8.368069
60001,7.396935
60002,13.020547
60003,7.778534
60004,7.055425
60005,8.844249
60006,1.5132328
60007,6.303139
60008,6.348747
60009,7.257546
60010,7.577545
60011,9.095144
60012,7.940452
60013,7.9233875
60014,8.025618
60015,1.4860138
60016,4.889212
60017,8.452156
60018,18.06306
60019,6.7878065
60020,6.243977
60021,10.027204
60022,1.2833333
60023,15.004439
60024,6.786693
60025,6.7993956
60026,10.5025835
60027,1.1979482
60028,5.724881
60029,7.342295
60030,1.5363846
60031,14.299128
60032,4.2801514
60033,8.437698
60034,15.823293
60035,0.5617964
60036,4.8421245
60037,44.04992
60038,3.469667
60039,7.146322
60040,8.302141
60041,0.36666667
60042,22.564428
60043,5.867358
60044,7.0883245
60045,16.592678
60046,6.4364767
60047,8.44189
60048,9.894342
60049,7.8757463
60050,8.031083
60051,14.257852
60052,5.144334
60053,7.580849
60054,8.082894
60055,7.4614244
60056,1.5332334
60057,5.2469177
60058,7.7653437
60059,7.7565784
60060,6.1225433
60061,7.4065614
60062,8.511633
60063,7.30008
60064,12.501382
60065,6.614332
60066,8.094898
60067,2.3936272
60068,6.0588174
60069,17.216373
60070,5.433743
60071,7.342909
60072,20.80395
60073,4.489912
60074,15.635402
60075,4.4777274
60076,2.2046616
60077,6.0776806
60078,7.8045278
60079,10.594798
60080,4.0561
60081,2.709397
60082,6.324428
60083,4.230761
60084,5.9821553
60085,7.5539927
60086,7.164607
60087,0.9166667
60088,6.010884
60089,10.146582
60090,1.8418729
60091,5.7527313
60092,15.077429
60093,6.3880167
60094,6.7633424
60095,7.0313435
60096,16.381506
60097,6.05
60098,21.2288
60099,5.032388
60100,2.0216694
60101,8.758777
60102,6.4930453
60103,7.5778823
60104,1.6373808
60105,5.150092
60106,11.057944
60107,3.3
60108,2.4755788
60109,6.8770995
60110,7.7506275
60111,5.0930505
60112,2.307995
60113,6.6362486
60114,2.3014226
60115,5.7111387
60116,15.703978
60117,13.737306
60118,6.117647
60119,8.207046
60120,5.9018936
60121,7.3461466
60122,8.00132
60123,6.3768134
60124,16.504494
60125,5.3044105
60126,7.0114307
60127,8.377562
60128,7.986829
60129,16.006508
60130,8.726408
60131,15.768197
60132,6.393588
60133,14.613703
60134,7.574057
60135,6.3706098
60136,6.6334305
60137,1.8600256
60138,14.369556
60139,7.0757885
60140,7.435074
60141,0.56154644
60142,8.545728
60143,13.4193945
60144,16.704735
60145,7.798318
60146,7.5844946
60147,15.058104
60148,7.5695424
60149,9.588796
60150,12.573331
60151,3.877994
60152,10.827979
60153,9.073737
60154,15.603709
60155,7.4056487
60156,8.859949
60157,1.2245892
60158,4.6548686
60159,7.948807
60160,14.366497
60161,5.247653
60162,8.709498
60163,9.279542
60164,13.287474
60165,5.789165
60166,6.82424
60167,1.3954811
60168,5.3191075
60169,7.7752595
60170,9.036881
60171,14.982363
60172,7.3563557
60173,7.771113
60174,10.21121
60175,21.962402
60176,10.098845
60177,1.2833333
60178,16.26035
60179,4.319186
60180,9.45843
60181,1.868156
60182,7.973051
60183,6.5529838
60184,5.3534718
60185,8.086295
60186,8.860165
60187,8.109731
60188,17.096094
60189,6.5452404
60190,7.7569103
60191,7.6603646
60192,1.6336024
60193,6.5425696
60194,7.213326
60195,25.114233
60196,3.0692499
60197,2.3013742
60198,1.9743226
60199,14.552862
60200,6.6495924
60201,13.5264
60202,8.5617285
60203,16.215153
60204,9.212673
60205,11.489066
60206,1.0313791
60207,6.9842367
60208,11.540984
60209,6.05
60210,5.865853
60211,6.825543
60212,9.582371
60213,9.661316
60214,7.84174
60215,6.4131227
60216,6.6
60217,15.250263
60218,8.431391
60219,0.50455964
60220,3.6250725
60221,13.988218
60222,8.127265
60223,7.2679644
60224,3.679874
60225,7.2036023
60226,7.4331913
60227,7.6025643
60228,7.948343
60229,11.636489
60230,5.7319837
60231,14.87961
60232,14.863015
60233,7.8883066
60234,6.8110447
60235,2.0934322
60236,7.940917
60237,8.72511
60238,14.597824
60239,3.8734813
60240,2.435809
60241,6.4178576
60242,7.124107
60243,10.096143
60244,5.43489
60245,3.463414
60246,8.10782
60247,6.675474
60248,6.2208447
60249,1.4569227
60250,5.924315
60251,6.932567
60252,7.5092874
60253,7.1497474
60254,7.7676973
60255,7.2775064
60256,7.6994586
60257,5.4474635
60258,4.826574
60259,1.3459238
60260,9.417055
60261,4.9848757
60262,1.861422
60263,6.394515
60264,1.5293224
60265,6.0043015
60266,7.1710806
60267,8.6871395
60268,6.91464
60269,8.661641
60270,4.1558323
60271,6.759568
60272,7.610145
60273,0.18333334
60274,13.09814
60275,22.807331
60276,6.64017
60277,8.073263
60278,6.344929
60279,15.012961
60280,4.42581
60281,9.174979
60282,6.5300336
60283,17.830774
60284,6.9315133
60285,18.31066
60286,1.048571
60287,7.8938885
60288,20.33154
60289,6.1823583
60290,7.8989463
60291,7.7143855
60292,7.3064065
60293,5.9791493
60294,12.945506
60295,8.814677
60296,7.7978177
60297,7.2996593
60298,6.4629498
60299,6.9603934
60300,8.326906
60301,5.9926176
60302,6.617062
60303,9.5786295
60304,14.837932
60305,8.507967
60306,7.9067535
60307,0.6474972
60308,7.476937
60309,8.414651
60310,7.5675573
60311,7.575785
60312,7.311092
60313,8.296824
60314,7.1285753
60315,24.226744
60316,11.419509
60317,8.143522
60318,7.0379004
60319,19.716972
60320,7.5760083
60321,6.4363046
60322,9.093496
60323,8.830089
60324,26.414793
60325,7.9302616
60326,8.050979
60327,7.480484
60328,22.49869
60329,6.4115744
60330,6.574734
60331,10.313633
60332,6.546058
60333,9.548412
60334,9.651498
60335,8.5724125
60336,7.2346973
60337,7.3006
60338,7.555855
60339,15.97667
60340,6.7159505
60341,8.339055
60342,7.727123
60343,8.671052
60344,1.5873189
60345,15.239884
60346,7.419405
60347,4.1583414
60348,7.1486235
60349,26.094826
60350,6.007089
60351,9.542197
60352,9.597444
60353,11.481779
60354,6.279596
60355,7.7286825
60356,7.404296
60357,6.550341
60358,7.06811
60359,2.3009233
60360,15.736729
60361,6.7089825
60362,6.6521707
60363,8.814982
60364,2.1812747
60365,5.2541513
60366,1.65
60367,6.347188
60368,7.911288
60369,9.774707
60370,6.7103724
60371,24.854431
60372,5.1721506
60373,0.19612616
60374,6.7932706
60375,12.761823
60376,27.112614
60377,14.442185
60378,7.193158
60379,8.434965
60380,8.184586
60381,7.481837
60382,4.12037
60383,2.7647817
60384,7.9250684
60385,6.5321107
60386,11.692104
60387,2.8602493
60388,7.086443
60389,9.875808
60390,7.7170076
60391,1.8193488
60392,5.125481
60393,2.126611
60394,5.7079425
60395,19.108625
60396,25.20515
60397,5.409351
60398,2.315837
60399,10.211558
60400,5.94659
60401,8.439155
60402,3.7824624
60403,11.243428
60404,4.6823187
60405,8.856754
60406,15.313353
60407,6.4795594
60408,6.86225
60409,6.510684
60410,7.567391
60411,8.878764
60412,8.773316
60413,1.5261958
60414,14.858106
60415,8.316168
60416,4.342005
60417,6.95317
60418,3.4833333
60419,5.214024
60420,7.143803
60421,7.167091
60422,5.9921184
60423,2.0652328
60424,6.661482
60425,0.18853968
60426,15.75941
60427,6.6005554
60428,16.76168
60429,6.8239837
60430,7.430315
60431,8.977505
60432,6.2543116
60433,8.145096
60434,2.2726896
60435,5.712135
60436,8.594118
60437,7.1765656
60438,8.259543
60439,12.512737
60440,6.9137225
60441,7.0665555
60442,7.018547
60443,7.4366755
60444,1.5099396
60445,5.5194826
60446,7.1199646
60447,15.757091
60448,0.8746063
60449,6.2568116
60450,17.34073
60451,12.42134
60452,2.6202898
60453,6.5023375
60454,1.7481344
60455,5.8060193
60456,16.277548
60457,0.5545187
60458,6.0880957
60459,1.678533
60460,5.61474
60461,7.638042
60462,5.795654
60463,2.3869233
60464,7.9954133
60465,8.166163
60466,5.779123
60467,9.626496
60468,6.9727397
60469,6.78198
60470,7.6910915
60471,6.481196
60472,7.9205985
60473,1.6123471
60474,0.36666667
60475,6.503725
60476,8.153657
60477,6.4919534
60478,13.741134
60479,5.188191
60480,6.907362
60481,7.089564
60482,2.75
60483,2.8791864
60484,6.980668
60485,3.070873
60486,8.998916
60487,12.6253195
60488,5.631691
60489,18.196619
60490,6.247784
60491,1.1
60492,8.418537
60493,6.7642474
60494,7.1863556
60495,7.1052136
60496,16.34817
60497,4.894519
60498,0.18659405
60499,8.059732
60500,11.178432
60501,7.006487
60502,6.750737
60503,8.514176
60504,7.8357935
60505,8.132587
60506,6.6293573
60507,9.312491
60508,41.719326
60509,2.7914517
60510,10.741139
60511,5.415942
60512,8.934324
60513,9.413659
60514,13.925047
60515,1.3972061
60516,6.1387362
60517,7.453867
60518,7.860716
60519,15.599596
60520,6.703184
60521,7.5305176
60522,7.6525617
60523,11.6927
60524,10.58669
60525,3.2765605
60526,8.552496
60527,8.045201
60528,6.9279704
60529,17.19729
60530,5.573691
60531,8.591041
60532,0.034398902
60533,6.3258643
60534,7.9539094
60535,7.2615643
60536,2.9333334
60537,4.485354
60538,10.9788885
60539,16.65874
60540,4.532539
60541,6.371732
60542,8.997339
60543,8.35121
60544,8.378826
60545,7.1055665
60546,14.484926
60547,8.394267
60548,15.5233965
60549,5.6833334
60550,4.2756915
60551,8.663916
60552,7.1135645
60553,8.129333
60554,1.3638216
60555,6.0806713
60556,7.7348228
60557,2.4346178
60558,0.535925
60559,19.420805
60560,5.0918803
60561,6.5372515
60562,6.973744
60563,5.5023694
60564,6.8531137
60565,7.5673614
60566,9.248027
60567,9.088611
60568,0.078128956
60569,8.618123
60570,19.647985
60571,9.141051
60572,9.903811
60573,8.658354
60574,18.336964
60575,1.085239
60576,21.687248
60577,16.517344
60578,5.646174
60579,6.2936225
60580,1.5948026
60581,18.928862
60582,4.4850698
60583,7.7941275
60584,7.068982
60585,7.014239
60586,7.8373485
60587,6.7449784
60588,6.090385
60589,6.6621747
60590,5.719496
60591,8.844703
60592,6.772751
60593,18.111715
60594,14.691701
60595,7.292073
60596,19.779886
60597,9.548766
60598,5.2556176
60599,7.8049245
60600,7.3798904
60601,5.916273
60602,8.64913
60603,22.006815
60604,6.172023
60605,6.5773063
60606,4.2166667
60607,12.185897
60608,6.826106
60609,8.017208
60610,16.950817
60611,3.011896
60612,1.9798849
60613,7.770103
60614,8.954692
60615,21.744808
60616,4.4822373
60617,7.6160655
60618,2.9622009
60619,6.788576
60620,8.119012
60621,7.634139
60622,16.487312
60623,5.6833334
60624,30.301237
60625,3.8925993
60626,14.75941
60627,7.7800474
60628,1.7769954
60629,5.31451
60630,8.820292
60631,3.9381473
60632,8.8734455
60633,8.401722
60634,7.816025
60635,7.2226615
60636,7.0013113
60637,7.0871644
60638,6.0370684
60639,2.460999
60640,6.7494173
60641,15.787935
60642,45.472282
60643,9.496755
60644,1.3377492
60645,8.195702
60646,8.191972
60647,8.404056
60648,7.0635314
60649,8.261676
60650,8.398914
60651,8.099934
60652,7.097284
60653,6.394809
60654,7.5032196
60655,10.245467
60656,8.867537
60657,7.676239
60658,7.3457074
60659,7.898706
60660,8.015562
60661,9.149646
60662,5.0855184
60663,2.168194
60664,3.7791011
60665,8.371405
60666,8.135545
60667,1.8748355
60668,5.7047143
60669,6.195208
60670,1.6463053
60671,5.4614277
60672,5.267403
60673,2.5073063
60674,0.9166667
60675,18.311556
60676,5.5138073
60677,1.5358557
60678,15.962362
60679,9.052306
60680,15.899565
60681,3.7677891
60682,4.7890525
60683,16.328764
60684,5.9059725
60685,9.385458
60686,6.906912
60687,8.980099
60688,18.00764
60689,30.007935
60690,4.5508585
60691,13.432358
60692,15.878512
60693,7.4517994
60694,8.251193
60695,9.3204365
60696,7.5554433
60697,7.882582
60698,8.387318
60699,7.8008947
60700,7.994674
60701,6.5402308
60702,9.277157
60703,10.713658
60704,8.370136
60705,8.223561
60706,7.372659
60707,8.5592165
60708,17.261484
60709,6.0247283
60710,0.39462435
60711,6.346282
60712,5.9837484
60713,7.885489
60714,8.291582
60715,7.9846973
60716,7.130467
60717,10.472386
60718,8.927665
60719,1.4158292
60720,7.317095
60721,9.501612
60722,7.5823383
60723,8.423275
60724,11.207912
60725,9.388476
60726,8.651075
60727,8.415404
60728,8.289445
60729,1.0639253
60730,6.0851307
60731,1.8449843
60732,6.3364644
60733,7.044487
60734,8.829326
60735,7.8577647
60736,1.7384311
60737,6.2480783
60738,8.234836
60739,6.384356
60740,9.544315
60741,6.233548
60742,0.18333334
60743,23.362644
60744,5.3288207
60745,7.8837585
60746,8.2771435
60747,9.97229
60748,6.775157
60749,8.074939
60750,1.6377187
60751,4.7385354
60752,2.9266024
60753,3.515746
60754,8.683431
60755,12.329866
60756,13.1448
60757,6.250701
60758,14.005436
60759,7.8374653
60760,7.5953145
60761,9.694808
60762,17.098047
60763,6.9766603
60764,1.4666667
60765,14.471056
60766,5.0068603
60767,16.502306
60768,6.30583
60769,7.7035666
60770,6.6791263
60771,5.618744
60772,1.7840431
60773,5.7055187
60774,8.912569
60775,2.0344508
60776,6.0455565
60777,5.2412972
60778,25.109077
60779,5.2810183
60780,6.626211
60781,24.282661
60782,5.690728
60783,8.151687
60784,0.55
60785,8.550128
60786,7.0721493
60787,3.666867
60788,15.006037
60789,6.950591
60790,1.7235665
60791,15.371769
60792,6.5192657
60793,9.458751
60794,1.65
60795,17.263523
60796,5.2755046
60797,7.3838544
60798,15.598902
60799,9.206452
60800,2.7982297
60801,13.71194
60802,1.0309429
60803,1.4666667
60804,14.368693
60805,6.135741
60806,6.956346
60807,8.549742
60808,12.468511
60809,5.791178
60810,7.5814657
60811,1.3515155
60812,5.9122896
60813,9.433414
60814,2.4258547
60815,9.473613
60816,7.8752704
60817,15.522808
60818,6.35024
60819,6.8791103
60820,1.4777509
60821,9.518591
60822,6.086704
60823,6.8138494
60824,1.8172557
60825,4.936387
60826,7.0348563
60827,6.4166665
60828,7.226881
60829,7.9759235
60830,9.340023
60831,8.069167
60832,29.414042
60833,13.287634
60834,9.117643
60835,1.3584406
60836,15.77994
60837,6.641213
60838,10.7653475
60839,7.2766933
60840,16.909657
60841,13.611187
60842,4.3337617
60843,8.058291
60844,6.3824697
60845,8.353308
60846,7.489508
60847,8.330487
60848,7.1673856
60849,2.1323888
60850,10.9239435
60851,7.4665313
60852,9.234862
60853,1.65
60854,17.627634
60855,5.3727474
60856,1.2833333
60857,5.0574474
60858,19.683167
60859,7.424311
60860,8.642079
60861,6.174924
60862,17.054127
60863,4.7612214
60864,17.128246
60865,6.2245245
60866,7.4840617
60867,7.4251585
60868,7.9607005
60869,1.5945969
60870,13.673207
60871,1.6253494
60872,7.570151
60873,4.088368
60874,7.9409513
60875,6.812614
60876,7.0585275
60877,6.2571354
60878,7.808982
60879,1.2317348
60880,3.2251847
60881,1.5430691
60882,16.454506
60883,6.2581835
60884,8.609753
60885,8.41743
60886,6.51455
60887,16.715298
60888,7.048873
60889,10.844662
60890,8.924008
60891,15.571723
60892,6.7286487
60893,0.052032087
60894,15.126254
60895,14.758809
60896,8.1162
60897,6.85286
60898,9.42918
60899,9.132058
60900,7.578648
60901,29.34187
60902,5.4557667
60903,16.36765
60904,5.7152257
60905,17.806152
60906,6.8736835
60907,7.993391
60908,7.652116
60909,6.7364593
60910,8.392592
60911,10.014969
60912,1.516997
60913,16.650143
60914,5.941145
60915,8.336766
60916,7.092952
60917,8.453961
60918,8.07213
60919,0.18333334
60920,7.1534557
60921,3.039125
60922,3.6733408
60923,9.726483
60924,5.602772
60925,6.0409455
60926,17.933655
60927,0.6847779
60928,6.147362
60929,1.8151585
60930,0.58149296
60931,4.2276096
60932,13.63258
60933,7.7213063
60934,7.498065
60935,9.858547
60936,4.516764
60937,7.6999
60938,17.054895
60939,5.233612
60940,3.3606927
60941,7.0008492
60942,23.743622
60943,6.5946503
60944,5.8498907
60945,6.174277
60946,8.724362
60947,4.0582814
60948,0.36666667
60949,6.6196737
60950,6.6102595
60951,1.7298007
60952,4.527922
60953,14.564398
60954,15.2291565
60955,12.321335
60956,5.7198033
60957,7.285455
60958,8.269243
60959,7.680717
60960,6.3662176
60961,8.144885
60962,16.378798
60963,12.300588
60964,8.071699
60965,17.063992
60966,5.9396205
60967,9.078291
60968,4.9063053
60969,1.8711847
60970,5.816849
60971,6.5519543
60972,8.596999
60973,6.960654
60974,6.6344247
60975,1.9042745
60976,4.6710024
60977,8.128388
60978,7.395377
60979,7.320889
60980,8.872119
60981,10.502325
60982,7.8651752
60983,7.9984336
60984,5.9133563
60985,7.367128
60986,7.411275
60987,2.8637536
60988,23.75213
60989,6.056084
60990,9.495121
60991,9.759315
60992,8.876721
60993,7.9242444
60994,8.447084
60995,0.73333335
60996,17.306343
60997,6.383919
60998,4.766667
60999,3.5497956
61000,7.022527
61001,0.53693944
61002,7.162553
61003,7.184534
61004,2.9333334
61005,3.9070368
61006,6.4520264
61007,6.435717
61008,7.8533683
61009,7.4227576
61010,14.216752
61011,0.6698694
61012,0.032845333
61013,6.0265603
61014,8.396504
61015,1.415589
61016,13.874284
61017,7.3965087
61018,7.531551
61019,9.227674
61020,7.402381
61021,6.3119855
61022,8.8973675
61023,8.265886
61024,15.533449
61025,8.956148
61026,8.880567
61027,25.055578
61028,3.7491176
61029,6.6992292
61030,7.30503
61031,7.1086245
61032,8.293365
61033,6.579468
61034,7.7087293
61035,9.703333
61036,8.155676
61037,15.315945
61038,7.3260293
61039,18.185192
61040,7.0576763
61041,11.453017
61042,12.713394
61043,28.145601
61044,4.913122
61045,10.096188
61046,8.140121
61047,13.729507
61048,1.1529783
61049,16.816462
61050,4.5871053
61051,7.0179157
61052,9.063823
61053,2.011618
61054,5.1820903
61055,23.973082
61056,6.0430727
61057,9.204631
61058,17.53217
61059,8.247508
61060,7.708472
61061,1.9174138
61062,15.3965435
61063,7.67193
61064,8.330483
61065,7.5227346
61066,6.6924415
61067,6.7997985
61068,9.955827
61069,7.52966
61070,8.6839075
61071,12.774516
61072,3.8181162
61073,18.153505
61074,1.0144907
61075,1.5277839
61076,4.142943
61077,8.759886
61078,8.385496
61079,16.482136
61080,3.6666667
61081,2.8373973
61082,8.541337
61083,8.328322
61084,1.4768049
61085,17.142
61086,6.7007384
61087,6.6337
61088,7.8101087
61089,6.9666667
61090,9.981264
61091,7.8061295
61092,6.908318
61093,11.944363
61094,6.8368936
61095,6.90773
61096,8.164006
61097,7.983413
61098,20.24182
61099,2.75
61100,1.7211361
61101,15.732961
61102,0.36411667
61103,7.9330416
61104,6.2651477
61105,7.8464007
61106,6.4980845
61107,9.01913
61108,6.2385173
61109,9.194586
61110,10.45
61111,14.315365
61112,9.488644
61113,5.643208
61114,1.9985814
61115,6.9254994
61116,8.518817
61117,7.3196197
61118,24.260538
61119,4.315265
61120,1.6480254
61121,4.2277126
61122,6.3985534
61123,6.8395896
61124,2.3027856
61125,7.0268836
61126,15.733343
61127,5.751884
61128,5.7118254
61129,6.8242784
61130,1.703008
61131,1.0154121
61132,3.9141672
61133,7.791869
61134,2.5744677
61135,5.3015428
61136,15.690462
61137,6.6223493
61138,7.0170574
61139,15.058
61140,12.080185
61141,6.1028275
61142,8.083839
61143,6.4215975
61144,9.18018
61145,14.437236
61146,5.2316117
61147,9.232867
61148,1.5221524
61149,3.4853745
61150,2.699787
61151,11.960535
61152,4.6901155
61153,14.974376
61154,8.148188
61155,7.6388354
61156,7.8965445
61157,7.0183954
61158,7.545409
61159,6.722764
61160,7.7333317
61161,7.8069625
61162,9.486338
61163,30.701208
61164,5.726238
61165,7.816838
61166,7.7953753
61167,8.677027
61168,5.3588285
61169,9.101369
61170,7.85283
61171,6.5815654
61172,7.8965554
61173,6.1020193
61174,7.7389636
61175,7.4653015
61176,14.3
61177,6.774411
61178,6.940213
61179,10.782191
61180,16.335186
61181,7.114897
61182,7.8589907
61183,1.2131408
61184,5.040446
61185,6.8534684
61186,6.9367313
61187,1.7839494
61188,5.716917
61189,8.356992
61190,7.925958
61191,13.842082
61192,2.769658
61193,6.7977405
61194,8.263999
61195,1.2540184
61196,1.582374
61197,3.2148979
61198,1.8333334
61199,6.038191
61200,1.3371316
61201,5.830465
61202,8.667792
61203,7.7446237
61204,6.4573493
61205,7.217923
61206,6.057015
61207,15.306462
61208,6.72881
61209,6.0713115
61210,20.645247
61211,15.505076
61212,5.327214
61213,1.9024768
61214,5.4838834
61215,9.424064
61216,18.351831
61217,3.7089112
61218,1.9468048
61219,9.323582
61220,2.4687226
61221,23.078625
61222,3.1783679
61223,10.666136
61224,1.5743563
61225,5.7220235
61226,7.8114176
61227,25.143694
61228,4.944316
61229,8.535899
61230,1.4119573
61231,8.097351
61232,3.575109
61233,6.5386586
61234,9.251853
61235,6.60631
61236,7.5682187
61237,7.782198
61238,1.2869962
61239,7.6879263
61240,2.2632022
61241,4.6117654
61242,6.941668
61243,1.7277178
61244,6.4568577
61245,8.19504
61246,8.317928
61247,9.341191
61248,17.147968
61249,0.38883156
61250,6.607603
61251,6.7437277
61252,7.201467
61253,7.0992737
61254,0.1481618
61255,8.539337
61256,7.4605184
61257,8.850937
61258,9.18975
61259,7.746717
61260,7.107982
61261,7.1978183
61262,8.567121
61263,6.9666667
61264,9.285106
61265,7.468934
61266,7.8450174
61267,1.4666667
61268,10.840079
61269,6.0220227
61270,3.8944564
61271,6.226363
61272,14.118512
61273,2.5207987
61274,3.9153433
61275,7.7396364
61276,7.2846966
61277,7.8749623
61278,4.625293
61279,1.2066422
61280,9.630091
61281,18.122839
61282,7.838976
61283,8.4096365
61284,9.570005
61285,4.199979
61286,7.4618664
61287,9.326508
61288,15.311622
61289,5.7124777
61290,10.468669
61291,1.6088535
61292,13.26115
61293,0.62328213
61294,14.3588295
61295,5.4518023
61296,0.63791126
61297,6.273528
61298,10.705355
61299,8.1882515
61300,4.4
61301,9.979442
61302,7.302942
61303,15.6409445
61304,6.7263308
61305,6.4928308
61306,1.6592189
61307,6.6621785
61308,18.953032
61309,4.849068
61310,0.55
61311,7.098988
61312,24.862562
61313,5.302689
61314,8.994796
61315,1.2847761
61316,6.0177007
61317,6.2433977
61318,2.0705845
61319,4.673296
61320,8.572266
61321,13.616609
61322,3.4833333
61323,1.6633357
61324,8.308291
61325,1.1
61326,23.586515
61327,5.8454814
61328,6.60307
61329,5.7829847
61330,7.0613203
61331,1.3025908
61332,7.664451
61333,2.3793366
61334,7.28231
61335,15.86772
61336,7.192214
61337,1.626589
61338,5.6833334
61339,2.4759316
61340,4.4975715
61341,14.217263
61342,7.1863904
61343,17.655369
61344,15.215105
61345,6.3581023
61346,5.505603
61347,4.041414
61348,7.724454
61349,7.1460567
61350,7.1582794
61351,7.85095
61352,7.146748
61353,6.3227034
61354,8.710484
61355,8.032174
61356,1.7281685
61357,4.7832947
61358,7.0918384
61359,6.679974
61360,7.8810434
61361,7.15
61362,10.375016
61363,8.67487
61364,16.484133
61365,8.788583
61366,6.6860123
61367,7.859465
61368,5.689806
61369,9.333659
61370,1.6443695
61371,5.3166666
61372,0.37169343
61373,3.6666667
61374,4.1420126
61375,8.919482
61376,0.9166667
61377,5.8277974
61378,7.3871818
61379,17.628767
61380,15.313553
61381,0.18333334
61382,13.959528
61383,1.1763797
61384,6.590975
61385,7.4263353
61386,4.353732
61387,5.871033
61388,17.090023
61389,37.99545
61390,3.9751973
61391,5.377139
61392,1.9506072
61393,4.103883
61394,3.7901917
61395,1.4666667
61396,15.811797
61397,1.4804271
61398,5.6325
61399,27.006054
61400,5.678945
61401,7.3754992
61402,2.5666666
61403,3.7068975
61404,2.9942625
61405,6.353127
61406,7.655845
61407,8.500708
61408,6.9802957
61409,7.474236
61410,8.317912
61411,7.0979257
61412,7.20104
61413,5.9115095
61414,8.18729
61415,33.884274
61416,3.7208154
61417,7.930836
61418,6.7957163
61419,7.8101773
61420,8.611326
61421,8.377222
61422,7.298865
61423,6.385134
61424,8.460836
61425,6.703169
61426,0.35589802
61427,8.8631
61428,4.5833335
61429,11.656606
61430,2.0942945
61431,4.2131324
61432,12.308801
61433,5.9781413
61434,10.0434
61435,6.5194225
61436,8.298153
61437,7.583579
61438,1.8247545
61439,6.1558104
61440,10.100912
61441,18.238594
61442,6.5121
61443,9.50402
61444,7.2690964
61445,16.267525
61446,6.298513
61447,8.418729
61448,0.9166667
61449,16.040272
61450,4.9157434
61451,2.1055424
61452,8.027166
61453,7.0333276
61454,9.624737
61455,11.687262
61456,7.0853605
61457,16.5527
61458,6.167484
61459,7.2601233
61460,0.83736
61461,10.853953
61462,15.190572
61463,6.93666
61464,7.672591
61465,3.7358549
61466,2.2130609
61467,8.170688
61468,17.841866
61469,0.58921164
61470,5.48899
61471,6.1299677
61472,0.24625182
61473,7.0323963
61474,6.7310944
61475,2.1093647
61476,6.2432904
61477,7.5037203
61478,3.6933854
61479,0.8808354
61480,5.754065
61481,7.578055
61482,2.0520597
61483,5.0679007
61484,10.199311
61485,1.1010394
61486,14.47642
61487,6.007978
61488,2.8217046
61489,8.25841
61490,1.6136118
61491,5.535254
61492,2.0129168
61493,5.4995217
61494,6.77579
61495,15.285666
61496,7.116509
61497,8.355259
61498,1.3779311
61499,4.8261914
61500,10.0503845
61501,6.929352
61502,16.708961
61503,7.5075665
61504,14.750325
61505,0.8292885
61506,0.015310182
61507,13.733378
61508,0.95640117
61509,6.761841
61510,22.392282
61511,5.017286
61512,7.4915996
61513,7.44167
61514,6.701277
61515,2.0650854
61516,5.2079415
61517,6.763617
61518,8.0111065
61519,7.851943
61520,2.350745
61521,1.65
61522,4.2607293
61523,6.866768
61524,1.895723
61525,13.874783
61526,4.4765177
61527,9.59789
61528,35.388744
61529,4.463796
61530,8.3459215
61531,9.46993
61532,6.4799457
61533,6.4077234
61534,23.412834
61535,13.348704
61536,12.338261
61537,4.6640625
61538,15.47548
61539,9.601366
61540,1.4853915
61541,8.892487
61542,4.0877004
61543,7.0290356
61544,6.4166665
61545,16.004185
61546,6.1362414
61547,6.930214
61548,9.446605
61549,10.197342
61550,5.137973
61551,6.474585
61552,6.488272
61553,8.177245
61554,6.7937217
61555,3.084389
61556,4.885222
61557,3.519842
61558,7.711936
61559,7.5338583
61560,6.654553
61561,6.4685965
61562,6.4031506
61563,8.590815
61564,1.65
61565,6.220354
61566,7.9464846
61567,7.5736938
61568,7.0045013
61569,6.9339
61570,6.92849
61571,7.745031
61572,1.715946
61573,18.259106
61574,6.170493
61575,15.566392
61576,26.392673
61577,5.7380986
61578,7.681134
61579,6.135153
61580,7.6711316
61581,8.7906275
61582,5.725455
61583,7.181587
61584,3.3149729
61585,6.9377766
61586,7.788207
61587,7.382492
61588,7.8879395
61589,5.575533
61590,1.5399476
61591,5.401534
61592,9.191691
61593,2.760459
61594,8.357507
61595,6.7509828
61596,6.608911
61597,37.36476
61598,6.391692
61599,1.9576447
61600,5.6721582
61601,7.2197695
61602,9.198707
61603,7.6685824
61604,1.3697617
61605,5.03536
61606,7.1180634
61607,6.542196
61608,7.249646
61609,8.304725
61610,6.702831
61611,7.2423086
61612,6.850885
61613,7.334268
61614,2.2
61615,6.795878
61616,5.9536223
61617,1.3834345
61618,8.383951
61619,6.8311696
61620,8.225111
61621,6.387006
61622,1.6996504
61623,6.7738833
61624,13.566667
61625,8.132618
61626,8.352063
61627,30.389555
61628,4.676183
61629,8.772704
61630,9.850682
61631,8.220461
61632,6.5837946
61633,7.860273
61634,6.9240885
61635,5.14404
61636,8.180498
61637,7.011711
61638,9.08679
61639,18.813448
61640,5.8232856
61641,2.9773357
61642,15.045589
61643,7.8545456
61644,6.5067782
61645,1.6531174
61646,7.968612
61647,7.0218115
61648,7.300099
61649,7.059361
61650,16.24768
61651,6.393961
61652,10.202865
61653,7.686781
61654,6.5553846
61655,1.6524463
61656,7.4167767
61657,8.205929
61658,6.7227426
61659,5.528137
61660,8.886023
61661,7.505273
61662,9.969299
61663,9.041079
61664,5.8146353
61665,16.364172
61666,8.205938
61667,6.0381465
61668,7.0209484
61669,7.500307
61670,7.001541
61671,0.73333335
61672,8.544198
61673,1.5485684
61674,4.965567
61675,9.424336
61676,17.749323
61677,5.7009106
61678,17.453003
61679,6.890802
61680,5.670878
61681,8.210884
61682,6.5479555
61683,7.7474866
61684,9.037276
61685,23.503849
61686,6.01226
61687,6.805165
61688,6.4374847
61689,7.3917937
61690,7.9156528
61691,7.025869
61692,8.757816
61693,7.1603913
61694,16.144459
61695,11.884924
61696,6.8696494
61697,15.940096
61698,5.5611043
61699,17.639225
61700,5.982297
61701,7.3234773
61702,15.040186
61703,4.6219697
61704,7.0127354
61705,12.513918
61706,14.234317
61707,7.183255
61708,7.2815313
61709,17.112885
61710,1.1743312
61711,7.9198475
61712,6.9217653
61713,24.72015
61714,4.7034955
61715,9.262282
61716,12.8360195
61717,4.9809947
61718,7.5072837
61719,8.132107
61720,16.303036
61721,1.1853187
61722,5.0401855
61723,7.948298
61724,6.3780913
61725,7.5152354
61726,7.358472
61727,7.4921036
61728,1.7177302
61729,6.513895
61730,1.65
61731,6.1014457
61732,14.394314
61733,9.006307
61734,8.754729
61735,17.87058
61736,7.4480896
61737,6.224614
61738,4.172333
61739,8.763733
61740,8.794944
61741,1.6449821
61742,7.1050334
61743,9.944663
61744,0.9879478
61745,6.6018696
61746,17.186962
61747,6.2377186
61748,6.5463147
61749,5.433678
61750,6.3018055
61751,6.7002735
61752,7.173218
61753,11.994641
61754,7.515986
61755,5.884961
61756,9.024475
61757,8.634967
61758,7.8153768
61759,7.5172606
61760,5.9512014
61761,11.309168
61762,2.0166667
61763,4.954123
61764,16.0436
61765,6.4212737
61766,7.8429303
61767,6.3740296
61768,4.563375
61769,6.343449
61770,4.0333333
61771,3.957275
61772,7.382082
61773,6.662483
61774,7.0601063
61775,15.943702
61776,3.2814763
61777,2.329221
61778,7.261339
61779,7.555227
61780,8.494681
61781,5.5
61782,3.4874873
61783,9.786871
61784,8.214197
61785,3.5600433
61786,5.6460557
61787,8.605023
61788,30.944756
61789,29.474432
61790,11.785061
61791,2.25515
61792,5.5209866
61793,6.7180142
61794,2.1778438
61795,20.323523
61796,15.5375805
61797,7.2619123
61798,7.8022532
61799,24.011518
61800,8.35709
61801,9.014903
61802,7.973766
61803,16.904184
61804,8.895838
61805,10.046842
61806,16.833702
61807,6.6190085
61808,8.392284
61809,2.772579
61810,8.014106
61811,8.943837
61812,2.184887
61813,5.469597
61814,6.88024
61815,9.684028
61816,6.2375364
61817,5.7494397
61818,1.635612
61819,8.475714
61820,1.396104
61821,6.402994
61822,8.326999
61823,6.826573
61824,7.703115
61825,7.4134064
61826,7.697659
61827,7.559236
61828,0.12715687
61829,4.6358724
61830,7.564916
61831,9.916567
61832,8.793784
61833,7.6863346
61834,7.7093244
61835,5.8761005
61836,9.686147
61837,7.528682
61838,7.030902
61839,6.8280225
61840,6.5280194
61841,6.3398614
61842,1.9515679
61843,7.878535
61844,6.583109
61845,5.7793536
61846,11.619526
61847,14.119085
61848,6.551396
61849,8.432136
61850,6.7792883
61851,13.361685
61852,4.598984
61853,8.276442
61854,7.1346526
61855,1.9059803
61856,13.016757
61857,7.483783
61858,7.364619
61859,8.234502
61860,1.3878456
61861,5.6142597
61862,7.0145235
61863,1.7980988
61864,5.67524
61865,13.599957
61866,7.075926
61867,7.886244
61868,1.1866469
61869,4.9545145
61870,7.2987714
61871,8.904744
61872,7.906106
61873,5.6457314
61874,16.905592
61875,0.42677376
61876,5.3541484
61877,1.5272495
61878,12.456748
61879,6.3477964
61880,5.5
61881,3.1855514
61882,9.326465
61883,1.1229997
61884,4.6802936
61885,2.4110208
61886,2.75
61887,13.636258
61888,1.5234122
61889,8.001467
61890,7.0431104
61891,17.187822
61892,6.4834657
61893,8.335856
61894,20.887085
61895,4.0793595
61896,12.150604
61897,15.156652
61898,7.4152055
61899,4.5833335
61900,2.2577465
61901,7.2993636
61902,1.9875201
61903,5.881825
61904,10.826704
61905,13.372866
61906,14.1473675
61907,7.6189904
61908,4.3283944
61909,2.4302957
61910,7.093687
61911,12.410629
61912,5.9927244
61913,8.236428
61914,9.525712
61915,5.791468
61916,8.881419
61917,19.471312
61918,14.826008
61919,6.509773
61920,8.412039
61921,6.91124
61922,2.9333334
61923,4.112509
61924,9.986562
61925,14.608853
61926,12.834546
61927,8.265749
61928,4.053116
61929,13.098033
61930,1.7782112
61931,5.9793224
61932,2.956816
61933,3.115368
61934,6.732946
61935,1.5299548
61936,5.5701675
61937,6.807498
61938,8.283431
61939,6.2842317
61940,1.8333334
61941,8.616667
61942,2.458549
61943,22.921825
61944,6.099348
61945,8.227459
61946,15.403131
61947,8.239436
61948,6.3389344
61949,7.535457
61950,3.6448374
61951,6.8890004
61952,0.7110953
61953,8.25
61954,4.5460553
61955,5.3674593
61956,2.069139
61957,8.08414
61958,31.504549
61959,5.114258
61960,6.8317127
61961,6.9343896
61962,2.088399
61963,6.307093
61964,10.533869
61965,1.9420162
61966,10.806418
61967,6.3880563
61968,9.764503
61969,8.007489
61970,7.903587
61971,6.8606925
61972,1.3475703
61973,5.3265758
61974,7.255467
61975,3.886086
61976,7.927057
61977,7.0912366
61978,9.77313
61979,6.05
61980,15.151101
61981,5.54605
61982,11.6963625
61983,23.09671
61984,15.407166
61985,6.1467643
61986,11.148405
61987,9.022342
61988,10.018351
61989,0.9627525
61990,0.18333334
61991,6.040558
61992,6.6478047
61993,6.915042
61994,10.663346
61995,10.619401
61996,0.7073216
61997,5.9726267
61998,9.65133
61999,8.032581
62000,8.189357
62001,2.0166667
62002,4.875381
62003,9.08425
62004,11.809032
62005,7.5542254
62006,8.846929
62007,1.5653535
62008,0.73333335
62009,5.14776
62010,1.8271013
62011,5.6729813
62012,10.527375
62013,8.918392
62014,14.85
62015,5.31427
62016,8.99284
62017,1.8945366
62018,3.4833333
62019,9.737649
62020,1.7297075
62021,6.875115
62022,8.59406
62023,16.82831
62024,8.470254
62025,6.2284994
62026,14.812876
62027,3.5528884
62028,6.37947
62029,6.544373
62030,1.6124213
62031,12.196766
62032,10.221928
62033,6.799112
62034,10.00333
62035,2.865219
62036,16.10926
62037,7.4215765
62038,17.1955
62039,6.2471085
62040,7.336534
62041,3.1908638
62042,41.572517
62043,1.2593359
62044,8.731404
62045,6.0484176
62046,1.7259485
62047,4.819861
62048,7.6647706
62049,7.4824696
62050,1.5480142
62051,0.72847354
62052,3.7258093
62053,1.4775501
62054,6.711682
62055,17.757895
62056,5.3060226
62057,0.36666667
62058,15.108504
62059,6.136041
62060,8.660016
62061,25.882252
62062,4.3854847
62063,6.8108063
62064,5.917101
62065,6.8790603
62066,6.7967114
62067,7.4775395
62068,1.2631291
62069,5.6891437
62070,1.5772232
62071,5.4757476
62072,32.357567
62073,4.2721586
62074,6.448209
62075,6.755823
62076,7.4801526
62077,6.930514
62078,9.79516
62079,5.0280566
62080,3.1149108
62081,7.6462445
62082,1.2833333
62083,14.561228
62084,6.027296
62085,2.7021196
62086,1.807562
62087,9.97544
62088,8.2443285
62089,18.319023
62090,0.09075352
62091,6.01429
62092,8.46897
62093,6.965628
62094,18.86064
62095,6.482799
62096,13.565891
62097,6.211695
62098,15.380502
62099,6.8718114
62100,16.125143
62101,6.454065
62102,1.1570263
62103,8.91055
62104,5.782044
62105,8.328837
62106,7.400068
62107,2.0166667
62108,6.5567474
62109,5.524765
62110,7.900735
62111,7.0789948
62112,6.6555877
62113,1.956175
62114,6.0912867
62115,7.237555
62116,2.8256795
62117,7.4666386
62118,8.78066
62119,7.1396513
62120,7.634851
62121,8.705378
62122,6.7713003
62123,7.97636
62124,6.7206206
62125,18.607016
62126,5.9917507
62127,19.329868
62128,0.41733968
62129,6.8824964
62130,10.65329
62131,4.643278
62132,7.7518635
62133,7.1833572
62134,7.937634
62135,6.372524
62136,27.308935
62137,5.0096736
62138,7.5436993
62139,8.48901
62140,6.6254773
62141,6.7517905
62142,12.641032
62143,5.2015367
62144,11.090543
62145,4.4
62146,2.680757
62147,18.023035
62148,14.552377
62149,5.846255
62150,6.357794
62151,1.6400129
62152,14.834151
62153,11.7783
62154,5.5228877
62155,6.280596
62156,8.163193
62157,9.336756
62158,8.610967
62159,25.444775
62160,11.907627
62161,7.550229
62162,3.865978
62163,1.9946119
62164,6.0890074
62165,1.5416285
62166,0.039387938
62167,6.8121777
62168,4.047269
62169,12.800262
62170,13.319584
62171,7.136401
62172,8.027857
62173,7.321913
62174,8.987552
62175,6.979134
62176,1.6837279
62177,3.1166666
62178,11.136947
62179,6.7819986
62180,4.5983486
62181,1.7375877
62182,18.0738
62183,8.051209
62184,11.203937
62185,3.3
62186,7.3057656
62187,15.830414
62188,1.0176662
62189,16.614115
62190,8.254908
62191,6.00414
62192,8.073263
62193,21.905672
62194,15.14717
62195,7.6614094
62196,4.958577
62197,1.8142225
62198,1.65
62199,8.205796
62200,8.988322
62201,16.639091
62202,7.85821
62203,11.366281
62204,3.4859045
62205,15.145007
62206,0.72967416
62207,6.3365965
62208,10.482982
62209,7.9400787
62210,1.9047647
62211,5.899958
62212,6.704614
62213,8.039399
62214,16.338875
62215,6.4453516
62216,6.909327
62217,10.184729
62218,4.425888
62219,7.399782
62220,3.1527507
62221,6.0730205
62222,7.6694355
62223,7.9922824
62224,8.7491455
62225,6.890444
62226,7.727838
62227,0.18333334
62228,9.580796
62229,7.133482
62230,16.705843
62231,5.408964
62232,7.77674
62233,18.745493
62234,13.8998
62235,7.0292454
62236,6.9342594
62237,2.145724
62238,5.66588
62239,7.4470305
62240,6.2937837
62241,7.407007
62242,13.17641
62243,8.440238
62244,7.7562695
62245,6.8766146
62246,14.908848
62247,6.744631
62248,7.4652433
62249,6.40886
62250,8.202941
62251,6.772128
62252,7.011305
62253,3.5395777
62254,9.00999
62255,6.467646
62256,5.6831207
62257,7.665967
62258,1.7675664
62259,12.396214
62260,7.285515
62261,8.535549
62262,6.919212
62263,4.0384426
62264,2.3787282
62265,1.8242248
62266,4.4
62267,0.41838354
62268,8.297241
62269,16.924679
62270,3.4214091
62271,6.6853366
62272,14.535598
62273,9.35
62274,3.3506513
62275,8.541601
62276,6.970868
62277,17.008253
62278,6.5594425
62279,1.6386209
62280,4.8762827
62281,8.951652
62282,1.5199473
62283,4.605654
62284,9.095603
62285,7.974633
62286,22.37081
62287,8.15526
62288,14.290997
62289,2.4076834
62290,6.3491874
62291,6.8148284
62292,12.105862
62293,0.9795967
62294,8.061726
62295,7.610282
62296,6.984604
62297,6.1421037
62298,8.117347
62299,5.9214478
62300,11.154075
62301,6.373673
62302,2.1202447
62303,5.6772103
62304,3.1989946
62305,5.531072
62306,7.670445
62307,5.6833334
62308,1.7026746
62309,7.5338893
62310,7.242617
62311,4.5833335
62312,12.554231
62313,4.652771
62314,19.955204
62315,6.5748954
62316,7.2210984
62317,4.0333333
62318,2.554483
62319,6.973019
62320,6.346648
62321,7.1860476
62322,7.931816
62323,7.268225
62324,6.168136
62325,7.9670625
62326,7.0141997
62327,3.0919366
62328,3.9914834
62329,7.048261
62330,13.824476
62331,7.8497405
62332,8.574203
62333,7.139852
62334,10.012697
62335,11.278684
62336,14.940884
62337,0.866412
62338,6.274039
62339,7.9598646
62340,0.6425571
62341,11.594053
62342,7.5823727
62343,9.044866
62344,8.943507
62345,7.3215985
62346,17.013203
62347,4.179754
62348,11.441498
62349,7.9346833
62350,6.3641195
62351,15.932699
62352,6.380204
62353,5.434473
62354,2.1816714
62355,14.036458
62356,7.7351065
62357,6.0154953
62358,14.302047
62359,5.3867097
62360,2.007852
62361,0.22537117
62362,4.0182023
62363,2.420733
62364,7.521303
62365,4.766667
62366,14.470164
62367,7.696851
62368,5.472984
62369,8.190667
62370,8.074646
62371,7.8067617
62372,14.262988
62373,0.9984748
62374,5.714035
62375,12.445103
62376,4.922239
62377,7.647578
62378,7.8574905
62379,7.200357
62380,3.664804
62381,6.451237
62382,7.8985777
62383,5.576514
62384,1.6085589
62385,4.8201294
62386,2.0693543
62387,13.426178
62388,13.924365
62389,6.5558414
62390,7.94918
62391,7.1358976
62392,9.398692
62393,1.8158296
62394,4.6075215
62395,7.453079
62396,7.89633
62397,1.1093901
62398,0.16043344
62399,6.3147645
62400,8.38258
62401,7.430325
62402,7.3092732
62403,7.4082203
62404,9.255706
62405,10.065283
62406,5.602243
62407,10.286237
62408,8.599211
62409,1.1321449
62410,28.073051
62411,0.86649054
62412,9.10723
62413,1.2392329
62414,5.5364738
62415,7.889685
62416,9.113744
62417,6.2542768
62418,23.862118
62419,4.9312997
62420,8.412789
62421,5.9757047
62422,1.5452601
62423,5.240381
62424,6.700664
62425,7.7755637
62426,2.998193
62427,6.9488273
62428,9.603266
62429,1.0226457
62430,4.3411326
62431,1.998876
62432,6.8493023
62433,7.6441293
62434,5.365592
62435,2.2216089
62436,6.965524
62437,11.885309
62438,1.3955644
62439,5.0937185
62440,7.719557
62441,17.487757
62442,9.59698
62443,4.4272017
62444,3.536574
62445,7.585661
62446,7.6055136
62447,3.0830176
62448,1.9717003
62449,1.9399039
62450,5.5841045
62451,5.792704
62452,4.844835
62453,10.061731
62454,2.710853
62455,6.8130207
62456,9.90776
62457,10.811965
62458,6.9665155
62459,6.894815
62460,2.3879325
62461,5.4828825
62462,10.215445
62463,7.005976
62464,7.246342
62465,6.5429907
62466,7.405248
62467,6.7808857
62468,17.496206
62469,5.394105
62470,6.9874563
62471,6.851404
62472,6.695068
62473,13.746842
62474,5.8278813
62475,7.403183
62476,13.677224
62477,7.4451547
62478,16.60992
62479,7.109277
62480,7.386992
62481,5.8257895
62482,3.6412451
62483,4.0426235
62484,8.661424
62485,13.579944
62486,7.663968
62487,7.2537475
62488,1.6275306
62489,17.832848
62490,7.298178
62491,7.36775
62492,7.2808533
62493,8.295099
62494,8.519786
62495,7.7563386
62496,9.241477
62497,8.32081
62498,7.381194
62499,9.217032
62500,8.12612
62501,7.370574
62502,8.166319
62503,9.798816
62504,6.267951
62505,7.8953433
62506,2.5002692
62507,7.7563314
62508,5.8736506
62509,1.6586206
62510,5.364196
62511,7.8776813
62512,16.618813
62513,9.948972
62514,5.798369
62515,13.08758
62516,4.2024245
62517,8.116191
62518,9.430634
62519,5.417805
62520,9.101013
62521,8.537921
62522,9.343719
62523,8.733052
62524,23.64875
62525,5.844476
62526,6.394462
62527,9.628434
62528,15.397093
62529,6.077118
62530,7.4772944
62531,8.446207
62532,7.319458
62533,12.255297
62534,8.581213
62535,6.973631
62536,4.5179396
62537,13.4865
62538,9.198253
62539,15.160242
62540,31.964409
62541,6.034485
62542,7.9219756
62543,19.220236
62544,5.672595
62545,8.116661
62546,15.686186
62547,1.3549217
62548,6.6064696
62549,13.981508
62550,4.95
62551,11.016866
62552,7.666391
62553,2.9009068
62554,11.804088
62555,6.426812
62556,9.575339
62557,6.5515676
62558,6.7311826
62559,17.707666
62560,6.188073
62561,7.843649
62562,14.88529
62563,6.119692
62564,15.447261
62565,6.3248596
62566,4.766667
62567,3.4833333
62568,13.054425
62569,21.577974
62570,6.69251
62571,8.182979
62572,7.8935404
62573,7.8752155
62574,8.487605
62575,4.95
62576,1.7604063
62577,8.659598
62578,8.323001
62579,16.736332
62580,7.644613
62581,8.098787
62582,7.234595
62583,6.6616735
62584,7.338272
62585,13.77288
62586,6.132846
62587,6.546695
62588,3.0358121
62589,0.18333334
62590,19.073662
62591,4.791863
62592,7.941013
62593,7.534839
62594,6.80268
62595,7.9686413
62596,8.731273
62597,7.6104603
62598,7.816549
62599,6.8732867
62600,7.6968894
62601,7.0058002
62602,6.125166
62603,13.044254
62604,7.2672143
62605,1.5421823
62606,5.1852956
62607,6.9434867
62608,7.107198
62609,7.497466
62610,14.413846
62611,7.107316
62612,4.693977
62613,0.6595581
62614,7.692944
62615,7.299174
62616,8.975985
62617,6.1629457
62618,16.618605
62619,4.2598224
62620,7.0250406
62621,24.45593
62622,9.220651
62623,14.83972
62624,0.70953184
62625,4.761157
62626,7.3749795
62627,9.782071
62628,8.4132185
62629,7.707716
62630,7.6039033
62631,10.929908
62632,31.64548
62633,11.232526
62634,4.1127295
62635,9.722805
62636,19.016684
62637,0.2818367
62638,7.15
62639,0.73333335
62640,15.26034
62641,8.280465
62642,8.435866
62643,4.491803
62644,0.6935942
62645,7.3366404
62646,7.6448283
62647,7.8118978
62648,7.817686
62649,7.7354603
62650,6.801371
62651,7.100596
62652,8.134582
62653,1.5107925
62654,4.7323313
62655,8.453196
62656,5.6833334
62657,14.029096
62658,8.292893
62659,0.36666667
62660,7.7217565
62661,7.539568
62662,7.0863743
62663,7.9823575
62664,4.402476
62665,7.32235
62666,7.3849487
62667,5.0197396
62668,8.982736
62669,7.6034484
62670,9.009324
62671,18.71755
62672,6.5131154
62673,9.871764
62674,7.516667
62675,8.719305
62676,1.365669
62677,5.6205726
62678,6.7171354
62679,8.892908
62680,8.89472
62681,1.3730056
62682,3.092338
62683,9.86357
62684,8.064996
62685,14.834057
62686,6.314265
62687,8.128652
62688,1.6278436
62689,3.6666667
62690,21.78488
62691,5.1450543
62692,3.9782803
62693,2.5237837
62694,8.409651
62695,13.708798
62696,9.908093
62697,4.987488
62698,7.6642118
62699,7.9843283
62700,5.749228
62701,4.7682047
62702,1.7449149
62703,14.222641
62704,5.4063272
62705,7.2176685
62706,25.842163
62707,4.273295
62708,2.1573634
62709,6.236616
62710,6.9327183
62711,8.082812
62712,9.573501
62713,4.4
62714,5.45534
62715,9.883727
62716,1.2513672
62717,3.0439467
62718,3.4874084
62719,10.0250635
62720,22.36714
62721,3.9740317
62722,2.8492424
62723,8.608395
62724,7.863172
62725,7.5836954
62726,5.2690644
62727,7.2767377
62728,1.9800221
62729,6.652343
62730,19.998014
62731,4.349944
62732,6.108165
62733,7.892257
62734,1.3327944
62735,2.8663511
62736,1.9812126
62737,7.5455036
62738,8.73347
62739,8.706288
62740,7.8164945
62741,7.294876
62742,9.313662
62743,6.2626576
62744,7.994227
62745,1.4532961
62746,10.816667
62747,27.46311
62748,22.527136
62749,14.067023
62750,4.6216955
62751,3.85
62752,1.1678574
62753,7.6381927
62754,6.561604
62755,7.8687725
62756,10.39528
62757,7.552954
62758,12.440126
62759,9.368358
62760,7.570292
62761,14.552562
62762,7.691014
62763,5.00546
62764,15.787714
62765,5.0681853
62766,6.921481
62767,3.1166666
62768,10.703841
62769,7.9247
62770,6.7867093
62771,7.9498453
62772,7.4560685
62773,7.2280335
62774,7.978178
62775,9.731185
62776,7.375945
62777,8.375538
62778,8.330778
62779,8.341731
62780,7.7848005
62781,6.807244
62782,6.7230225
62783,1.9182962
62784,6.1105866
62785,7.5613775
62786,2.4942217
62787,7.7632823
62788,7.065237
62789,1.8422108
62790,6.093619
62791,7.8876467
62792,1.2106853
62793,6.019984
62794,6.5157275
62795,14.487646
62796,6.384979
62797,8.198092
62798,11.957816
62799,1.0344813
62800,6.29346
62801,2.3573854
62802,6.5435433
62803,7.8772564
62804,7.089834
62805,8.0175905
62806,7.7543273
62807,17.191801
62808,8.054072
62809,21.680145
62810,5.6545777
62811,0.5911769
62812,5.719049
62813,9.139439
62814,18.663929
62815,0.08845993
62816,6.2752676
62817,1.7205774
62818,5.0196075
62819,5.975828
62820,6.5210204
62821,6.0148864
62822,8.812227
62823,4.178033
62824,8.0347185
62825,2.2102535
62826,4.9771423
62827,2.1314337
62828,6.193521
62829,8.213064
62830,6.0940704
62831,7.2490487
62832,7.2276306
62833,9.5484915
62834,5.7518787
62835,5.8628836
62836,6.76464
62837,16.467447
62838,6.765738
62839,3.755469
62840,7.47411
62841,16.402431
62842,6.8676667
62843,1.3628907
62844,11.620438
62845,6.8739576
62846,11.873001
62847,7.4936337
62848,8.379482
62849,5.0774918
62850,2.5802362
62851,0.063171655
62852,15.637234
62853,14.344632
62854,15.598852
62855,5.835179
62856,7.21556
62857,7.987817
62858,8.536996
62859,0.6205082
62860,7.2483582
62861,7.921191
62862,7.906904
62863,8.075533
62864,1.4023713
62865,6.3661046
62866,15.140334
62867,8.171365
62868,15.485667
62869,0.6623026
62870,6.5399914
62871,7.5505033
62872,1.65
62873,5.403405
62874,8.703481
62875,8.948003
62876,7.367437
62877,1.6616253
62878,5.3124127
62879,7.9113493
62880,8.24788
62881,8.698114
62882,2.2291408
62883,7.95012
62884,8.6653385
62885,18.316076
62886,8.75346
62887,5.4079733
62888,1.9075636
62889,9.310775
62890,6.690559
62891,9.438242
62892,6.4121275
62893,7.6652546
62894,6.0856166
62895,1.5249708
62896,6.553998
62897,15.843616
62898,4.3519535
62899,16.866667
62900,4.538356
62901,16.92011
62902,6.152041
62903,3.1660957
62904,4.2870126
62905,8.286789
62906,10.322193
62907,6.9285574
62908,8.413822
62909,17.46619
62910,16.640104
62911,6.413324
62912,41.45573
62913,2.4722464
62914,7.246681
62915,16.745558
62916,3.415013
62917,8.9861555
62918,14.187604
62919,16.864769
62920,16.087969
62921,6.0091968
62922,8.282358
62923,2.5922534
62924,8.168624
62925,7.394583
62926,8.170524
62927,2.1368482
62928,5.4524155
62929,6.9023676
62930,16.767248
62931,8.204258
62932,1.8333334
62933,7.053568
62934,1.8151041
62935,16.702892
62936,7.5980897
62937,7.940565
62938,9.203281
62939,7.781273
62940,8.8875065
62941,10.708496
62942,1.3855176
62943,4.833945
62944,11.1506405
62945,15.454848
62946,10.319936
62947,6.1336255
62948,7.895446
62949,7.564376
62950,6.9765754
62951,2.6805758
62952,14.831448
62953,2.380581
62954,6.0150003
62955,6.4378867
62956,7.2360563
62957,1.8598592
62958,2.821759
62959,5.4733853
62960,4.8032465
62961,1.2833333
62962,8.398779
62963,2.932424
62964,5.540135
62965,14.425479
62966,1.65
62967,6.938378
62968,6.483421
62969,1.8077875
62970,5.081598
62971,14.827438
62972,6.3960347
62973,14.00505
62974,1.4666667
62975,10.926711
62976,5.3372207
62977,8.18214
62978,8.487139
62979,7.7402425
62980,18.431501
62981,8.098066
62982,7.7301774
62983,9.553763
62984,8.35811
62985,6.5323315
62986,8.122792
62987,7.8542023
62988,7.6582427
62989,7.802782
62990,8.393395
62991,6.2391596
62992,2.499402
62993,4.254025
62994,9.066166
62995,6.6753073
62996,7.296429
62997,15.434818
62998,4.7718606
62999,8.094485
63000,13.605772
63001,5.748224
63002,5.2554855
63003,8.724916
63004,6.80737
63005,1.9501121
63006,7.4337454
63007,6.9413843
63008,7.529032
63009,7.9336343
63010,7.3369007
63011,16.220057
63012,4.908589
63013,1.9809092
63014,8.087182
63015,8.853819
63016,7.3665395
63017,6.8789124
63018,7.1071606
63019,1.5165706
63020,5.979068
63021,8.650805
63022,16.93636
63023,15.016129
63024,5.433169
63025,14.593951
63026,1.2904416
63027,1.2495391
63028,23.006384
63029,12.846393
63030,6.929675
63031,5.898752
63032,16.405277
63033,4.4068966
63034,2.2035246
63035,5.0184264
63036,7.2867937
63037,7.162856
63038,14.9291725
63039,7.0711436
63040,15.739278
63041,13.398924
63042,6.769835
63043,14.670669
63044,5.3727612
63045,7.745306
63046,3.3252501
63047,1.7197342
63048,2.4977305
63049,5.153411
63050,2.0508928
63051,0.40506807
63052,2.5961251
63053,3.5781472
63054,5.046606
63055,5.3220043
63056,12.940501
63057,5.1314697
63058,7.0109305
63059,1.9663442
63060,4.815861
63061,10.633333
63062,8.616667
63063,9.183714
63064,7.989446
63065,0.8724403
63066,4.991227
63067,6.0932956
63068,24.844269
63069,4.5416794
63070,9.082554
63071,8.72971
63072,7.482176
63073,7.182072
63074,8.697061
63075,2.0721872
63076,5.7004013
63077,5.055619
63078,6.7453656
63079,6.6211
63080,8.86112
63081,7.509199
63082,14.697081
63083,1.3484036
63084,9.1461525
63085,18.129997
63086,4.418982
63087,9.842111
63088,9.093351
63089,7.621971
63090,8.821001
63091,7.5731497
63092,15.531964
63093,7.574306
63094,23.586922
63095,4.6635976
63096,6.4785147
63097,9.227565
63098,8.1170025
63099,12.606366
63100,18.19655
63101,13.466431
63102,7.0674024
63103,6.554876
63104,1.3495698
63105,5.305302
63106,6.543809
63107,1.3823956
63108,6.175115
63109,8.626729
63110,8.509133
63111,7.7525353
63112,5.6293488
63113,9.698163
63114,10.6508665
63115,9.483905
63116,5.034997
63117,3.1970394
63118,2.7566118
63119,6.399729
63120,17.782202
63121,6.660983
63122,7.5370936
63123,7.5493407
63124,6.359892
63125,2.0435665
63126,0.55
63127,4.644807
63128,1.7442825
63129,14.632285
63130,7.3478446
63131,18.031775
63132,6.7806163
63133,7.4496236
63134,1.2960627
63135,8.1402445
63136,14.045225
63137,7.4233594
63138,5.993739
63139,1.3711241
63140,0.73333335
63141,4.3780932
63142,2.0921972
63143,5.9982004
63144,8.398722
63145,6.149581
63146,7.1771283
63147,10.154498
63148,7.111574
63149,8.218626
63150,8.255815
63151,7.755778
63152,9.324993
63153,8.917769
63154,9.282113
63155,9.484386
63156,9.324886
63157,24.617292
63158,15.805835
63159,6.7456794
63160,5.9667516
63161,8.870404
63162,1.3414248
63163,4.692488
63164,1.674563
63165,3.6666667
63166,2.000983
63167,7.475622
63168,6.548945
63169,7.883333
63170,10.633333
63171,13.161655
63172,6.1884255
63173,17.28567
63174,5.548563
63175,1.9006484
63176,13.520427
63177,6.4127803
63178,8.801939
63179,7.8045807
63180,8.713232
63181,6.947015
63182,14.174101
63183,9.005366
63184,1.2291371
63185,5.9997697
63186,5.8876715
63187,1.8201724
63188,6.4956236
63189,7.3752885
63190,7.9137664
63191,6.508606
63192,6.7334857
63193,5.987962
63194,5.5064373
63195,7.430559
63196,15.960355
63197,5.137017
63198,6.3671875
63199,7.9632
63200,6.976664
63201,7.41568
63202,10.781638
63203,6.346473
63204,1.7846652
63205,7.243697
63206,6.51504
63207,6.5146003
63208,7.539314
63209,2.6712687
63210,6.6323953
63211,8.588385
63212,5.5864806
63213,8.631002
63214,1.2334694
63215,5.724444
63216,15.937919
63217,1.0546042
63218,6.6308722
63219,8.84722
63220,7.108973
63221,15.943499
63222,7.702351
63223,7.5047235
63224,6.722709
63225,10.3785095
63226,6.143273
63227,0.34179348
63228,7.5035086
63229,9.533334
63230,14.576264
63231,6.703243
63232,10.246049
63233,7.112696
63234,8.82109
63235,5.187535
63236,7.4942408
63237,7.133839
63238,11.617701
63239,5.606952
63240,6.330481
63241,1.5856525
63242,4.5833335
63243,0.87706673
63244,2.3751416
63245,5.961586
63246,20.454016
63247,0.8516852
63248,6.829321
63249,16.223652
63250,7.337523
63251,6.709162
63252,8.132133
63253,1.7857338
63254,0.18531495
63255,5.3381863
63256,2.4663656
63257,0.36666667
63258,6.5171876
63259,11.819025
63260,7.8898306
63261,10.939716
63262,1.6484274
63263,3.338237
63264,5.293157
63265,1.4373634
63266,9.020986
63267,6.881896
63268,16.91189
63269,30.690287
63270,5.821834
63271,8.792411
63272,7.286657
63273,8.822013
63274,4.9433947
63275,7.793038
63276,4.7278266
63277,1.5062348
63278,26.659088
63279,5.42055
63280,8.784052
63281,8.295634
63282,8.323314
63283,10.655039
63284,5.815438
63285,7.296768
63286,20.219433
63287,6.0756917
63288,2.2789383
63289,10.209929
63290,14.917581
63291,6.4105306
63292,7.8479433
63293,9.985596
63294,5.27918
63295,7.900132
63296,7.0572104
63297,7.948745
63298,8.155961
63299,16.937065
63300,6.8771276
63301,0.74189186
63302,6.3574305
63303,8.115779
63304,7.7606254
63305,7.7886972
63306,7.331386
63307,16.088108
63308,7.46739
63309,13.43288
63310,0.73358023
63311,5.564447
63312,16.399761
63313,5.827421
63314,9.116046
63315,7.8518596
63316,11.144393
63317,5.382064
63318,8.220435
63319,6.064797
63320,1.8444847
63321,5.4993305
63322,9.103961
63323,7.2875977
63324,6.779182
63325,8.312943
63326,15.620115
63327,8.85676
63328,2.0412822
63329,6.6199527
63330,7.0413356
63331,34.03051
63332,3.1088736
63333,11.205572
63334,5.7221265
63335,17.005486
63336,6.229352
63337,6.676616
63338,6.3137403
63339,6.8449697
63340,7.544058
63341,3.6592898
63342,7.1055136
63343,2.8277078
63344,3.740252
63345,7.908116
63346,1.4641021
63347,5.9285984
63348,15.968198
63349,7.4449444
63350,8.962646
63351,4.9731827
63352,11.193255
63353,23.333801
63354,15.018986
63355,9.915186
63356,3.6435487
63357,7.3580127
63358,0.78629833
63359,7.5061493
63360,7.661673
63361,3.1597056
63362,7.642005
63363,13.342881
63364,5.184697
63365,7.5213523
63366,6.981447
63367,14.965458
63368,4.0643725
63369,1.1461662
63370,0.03090119
63371,4.1716604
63372,18.21863
63373,6.4770346
63374,6.9338613
63375,6.8807507
63376,15.429562
63377,7.526659
63378,5.849607
63379,6.4092355
63380,2.283893
63381,7.247696
63382,5.82007
63383,7.572884
63384,12.9780855
63385,4.1379485
63386,1.3218169
63387,15.969838
63388,0.8847755
63389,0.029316746
63390,5.6170974
63391,8.641814
63392,8.69188
63393,3.6601832
63394,6.6331706
63395,9.182184
63396,6.070635
63397,1.516306
63398,22.099567
63399,1.307075
63400,5.186736
63401,7.908983
63402,5.6283145
63403,15.474764
63404,1.0791914
63405,5.1090283
63406,5.607962
63407,17.04442
63408,7.0633254
63409,7.6001086
63410,2.2901027
63411,13.470284
63412,5.6276183
63413,7.114808
63414,3.9309042
63415,6.5619864
63416,8.266534
63417,15.465121
63418,4.8880787
63419,6.6538086
63420,7.4182186
63421,8.2854
63422,7.194276
63423,2.0166667
63424,4.382246
63425,7.452568
63426,6.3945
63427,8.154397
63428,1.9800812
63429,5.2258
63430,11.088444
63431,7.3042808
63432,6.0733743
63433,8.689241
63434,0.55
63435,6.1596375
63436,7.81273
63437,2.3413308
63438,6.908749
63439,39.016636
63440,10.307207
63441,5.6602783
63442,7.523111
63443,8.1142435
63444,6.8703556
63445,14.970697
63446,13.854857
63447,7.096078
63448,7.365895
63449,6.8484097
63450,15.269055
63451,7.814446
63452,8.243578
63453,8.41049
63454,15.67499
63455,6.5591383
63456,8.554933
63457,8.328234
63458,12.183211
63459,2.6717691
63460,9.162268
63461,9.273584
63462,17.909298
63463,12.742196
63464,1.4192449
63465,7.260143
63466,13.066672
63467,6.5473075
63468,8.82385
63469,6.9669023
63470,6.9413195
63471,8.648744
63472,8.406815
63473,7.1116233
63474,8.196452
63475,6.7639923
63476,6.7222524
63477,12.723805
63478,6.146504
63479,0.55
63480,10.052909
63481,7.4896035
63482,34.29417
63483,11.640243
63484,17.601782
63485,16.115494
63486,0.30954108
63487,5.6184497
63488,7.948367
63489,2.4699187
63490,7.694077
63491,11.4095335
63492,19.246641
63493,5.407097
63494,6.9952292
63495,1.6366503
63496,1.9738767
63497,6.4497967
63498,19.25284
63499,16.94817
63500,7.959017
63501,7.9298854
63502,13.02572
63503,1.4775108
63504,26.735481
63505,6.008437
63506,7.187204
63507,7.1468954
63508,2.1965258
63509,8.412764
63510,7.5777264
63511,17.813162
63512,6.4336333
63513,8.349797
63514,8.268675
63515,8.962748
63516,3.9738739
63517,15.886361
63518,5.542089
63519,7.3245797
63520,15.469357
63521,1.357475
63522,8.035108
63523,5.386871
63524,7.796339
63525,7.0751476
63526,7.0161066
63527,1.8640096
63528,7.6926064
63529,4.731547
63530,6.9825153
63531,3.037449
63532,7.8072844
63533,1.6455506
63534,6.0829644
63535,1.1918321
63536,0.49026883
63537,6.625613
63538,6.8981185
63539,8.591012
63540,7.0259676
63541,2.901814
63542,7.209837
63543,6.6763563
63544,4.495886
63545,7.3716626
63546,7.071633
63547,6.257082
63548,1.6739949
63549,5.347257
63550,2.3833334
63551,5.445352
63552,2.5846324
63553,6.1016173
63554,3.21555
63555,7.640527
63556,16.213526
63557,3.521572
63558,8.24027
63559,7.4419546
63560,2.419337
63561,7.0542254
63562,8.167177
63563,7.0472717
63564,3.3
63565,4.088628
63566,14.583631
63567,7.149972
63568,6.6969953
63569,3.740443
63570,6.8630247
63571,7.1115255
63572,7.048074
63573,8.304211
63574,8.033606
63575,1.9650353
63576,3.2016509
63577,0.947222
63578,6.2842765
63579,2.4023511
63580,7.0881734
63581,7.022801
63582,7.2659206
63583,6.2836337
63584,7.056441
63585,6.641801
63586,15.595335
63587,5.82254
63588,1.3401359
63589,6.0729175
63590,6.6090574
63591,8.577956
63592,23.043913
63593,14.95957
63594,5.63899
63595,7.9323792
63596,6.3249917
63597,8.47997
63598,10.123995
63599,6.484093
63600,8.63042
63601,7.5722523
63602,6.7494283
63603,6.5785756
63604,2.3833334
63605,7.9397573
63606,7.670053
63607,6.897757
63608,7.276004
63609,7.731662
63610,6.0916495
63611,16.049984
63612,6.6795325
63613,8.722534
63614,6.726737
63615,7.637967
63616,8.870713
63617,7.140273
63618,8.445638
63619,6.610868
63620,8.176059
63621,16.988491
63622,6.3176312
63623,19.250069
63624,2.305893
63625,8.089962
63626,16.996569
63627,12.409359
63628,8.381091
63629,2.2186332
63630,6.699954
63631,9.49671
63632,6.116624
63633,8.194015
63634,17.22891
63635,0.8870936
63636,6.341454
63637,1.955013
63638,5.3056793
63639,9.476033
63640,7.5853863
63641,16.357113
63642,5.6456246
63643,4.766667
63644,22.783932
63645,3.9866555
63646,8.334238
63647,8.289885
63648,16.11556
63649,14.476123
