,0
0,0.0
1,0.0
2,0.0
3,0.0
4,0.0
5,0.0
6,0.0
7,0.0
8,0.0
9,0.0
10,0.0
11,0.0
12,0.0
13,0.0
14,0.0
15,0.0
16,0.0
17,0.0
18,0.0
19,0.0
20,0.0
21,0.0
22,0.0
23,0.0
24,3.7
25,3.7
26,3.7
27,3.7
28,3.7
29,3.7
30,3.7
31,3.7
32,3.7
33,3.7
34,3.7
35,3.7
36,3.7
37,3.7
38,3.7
39,3.7
40,3.7
41,3.7
42,3.7
43,3.7
44,3.7
45,3.7
46,3.7
47,3.7
48,3.7
49,3.7
50,0.0
51,0.0
52,0.0
53,0.0
54,0.0
55,10.814608998385037
56,10.814608998385037
57,10.814608998385037
58,10.814608998385037
59,10.814608998385037
60,10.814608998385037
61,10.814608998385037
62,10.814608998385037
63,10.814608998385037
64,21.696254043111644
65,21.696254043111644
66,21.696254043111644
67,21.696254043111644
68,21.696254043111644
69,21.696254043111644
70,21.696254043111644
71,10.881645044726605
72,10.881645044726605
73,10.881645044726605
74,10.881645044726605
75,10.881645044726605
76,10.881645044726605
77,10.881645044726605
78,10.881645044726605
79,10.881645044726605
80,10.881645044726605
81,10.881645044726605
82,10.881645044726605
83,10.881645044726605
84,10.881645044726605
85,10.881645044726605
86,10.881645044726605
87,10.881645044726605
88,10.881645044726605
89,0.0
90,0.0
91,0.0
92,0.0
93,3.5619954092646986
94,3.5619954092646986
95,3.5619954092646986
96,3.5619954092646986
97,3.5619954092646986
98,3.5619954092646986
99,7.2020372717016095
100,7.2020372717016095
101,7.2020372717016095
102,7.2020372717016095
103,7.2020372717016095
104,7.2020372717016095
105,7.2020372717016095
106,7.2020372717016095
107,7.2020372717016095
108,7.2020372717016095
109,7.2020372717016095
110,7.2020372717016095
111,7.2020372717016095
112,7.2020372717016095
113,3.6400418624369113
114,3.6400418624369113
115,3.6400418624369113
116,3.6400418624369113
117,3.6400418624369113
118,3.6400418624369113
119,3.6400418624369113
120,3.6400418624369113
121,3.6400418624369113
122,3.6400418624369113
123,3.6400418624369113
124,3.6400418624369113
125,14.486779208886112
126,14.486779208886112
127,14.486779208886112
128,14.486779208886112
129,14.486779208886112
130,14.486779208886112
131,14.486779208886112
132,14.486779208886112
133,14.486779208886112
134,14.486779208886112
135,14.486779208886112
136,14.486779208886112
137,14.486779208886112
138,10.846737346449201
139,10.846737346449201
140,10.846737346449201
141,10.846737346449201
142,10.846737346449201
143,10.846737346449201
144,10.846737346449201
145,10.846737346449201
146,10.846737346449201
147,10.846737346449201
148,10.846737346449201
149,10.846737346449201
150,14.524137177389585
151,14.524137177389585
152,14.524137177389585
153,14.524137177389585
154,14.524137177389585
155,3.6773998309403844
156,3.6773998309403844
157,3.6773998309403844
158,3.6773998309403844
159,7.336949476641303
160,7.336949476641303
161,11.036949476641304
162,14.691732144509805
163,14.691732144509805
164,14.691732144509805
165,18.363546515728203
166,21.987926515485043
167,21.987926515485043
168,21.987926515485043
169,21.987926515485043
170,25.63768624901811
171,25.63768624901811
172,25.63768624901811
173,25.63768624901811
174,25.63768624901811
175,25.63768624901811
176,25.63768624901811
177,25.63768624901811
178,25.63768624901811
179,25.63768624901811
180,25.63768624901811
181,25.63768624901811
182,25.63768624901811
183,29.319383785997694
184,29.319383785997694
185,29.319383785997694
186,29.319383785997694
187,29.319383785997694
188,29.319383785997694
189,29.319383785997694
190,29.319383785997694
191,29.319383785997694
192,29.319383785997694
193,29.319383785997694
194,29.319383785997694
195,29.319383785997694
196,32.99141125553967
197,29.31401142459928
198,29.31401142459928
199,29.31401142459928
200,29.31401142459928
201,29.31401142459928
202,29.31401142459928
203,40.008217928163766
204,47.304296676221774
205,50.971447700572725
206,50.971447700572725
207,50.971447700572725
208,47.347067700815884
209,47.347067700815884
210,47.347067700815884
211,47.347067700815884
212,43.64706770081588
213,43.64706770081588
214,43.64706770081588
215,32.952861197251394
216,32.952861197251394
217,32.952861197251394
218,29.27116366027181
219,29.27116366027181
220,29.27116366027181
221,29.27116366027181
222,29.27116366027181
223,32.94113662990894
224,32.94113662990894
225,32.94113662990894
226,32.94113662990894
227,29.291376896375866
228,29.291376896375866
229,29.291376896375866
230,29.291376896375866
231,32.96133970210209
232,32.96133970210209
233,25.67558782074817
234,25.67558782074817
235,25.67558782074817
236,25.67558782074817
237,25.67558782074817
238,25.67558782074817
239,25.67558782074817
240,22.003773449529774
241,22.003773449529774
242,22.003773449529774
243,22.003773449529774
244,22.003773449529774
245,22.003773449529774
246,25.562173800077694
247,25.562173800077694
248,25.562173800077694
249,25.562173800077694
250,25.562173800077694
251,21.902624154376774
252,21.902624154376774
253,25.58200227971418
254,25.58200227971418
255,25.58200227971418
256,29.261537524862177
257,29.261537524862177
258,29.261537524862177
259,29.261537524862177
260,37.34468751999989
261,37.34468751999989
262,29.261537524862177
263,29.261537524862177
264,29.261537524862177
265,29.261537524862177
266,25.59438650051123
267,25.59438650051123
268,25.59438650051123
269,21.924413530874105
270,18.366013180326185
271,18.366013180326185
272,18.366013180326185
273,18.366013180326185
274,18.366013180326185
275,18.366013180326185
276,18.366013180326185
277,18.366013180326185
278,18.366013180326185
279,18.366013180326185
280,18.366013180326185
281,18.366013180326185
282,18.366013180326185
283,18.366013180326185
284,18.366013180326185
285,18.366013180326185
286,18.366013180326185
287,18.366013180326185
288,18.366013180326185
289,18.366013180326185
290,14.693985710784215
291,14.693985710784215
292,14.693985710784215
293,14.693985710784215
294,14.693985710784215
295,14.693985710784215
296,25.403458760977138
297,25.403458760977138
298,25.403458760977138
299,25.403458760977138
300,25.403458760977138
301,25.403458760977138
302,25.403458760977138
303,25.403458760977138
304,25.403458760977138
305,25.403458760977138
306,25.403458760977138
307,25.403458760977138
308,29.048915032887955
309,29.048915032887955
310,29.048915032887955
311,29.048915032887955
312,29.048915032887955
313,29.048915032887955
314,29.048915032887955
315,43.71089081635358
316,43.71089081635358
317,43.71089081635358
318,43.71089081635358
319,33.001417766160664
320,33.001417766160664
321,29.33630823158807
322,29.33630823158807
323,29.33630823158807
324,29.33630823158807
325,29.33630823158807
326,29.33630823158807
327,29.33630823158807
328,25.656772986440068
329,25.656772986440068
330,25.656772986440068
331,25.656772986440068
332,25.656772986440068
333,25.656772986440068
334,25.656772986440068
335,29.318498718449675
336,29.318498718449675
337,29.318498718449675
338,32.98004609947282
339,29.3100832937466
340,29.3100832937466
341,29.3100832937466
342,32.09921006019913
343,32.09921006019913
344,32.09921006019913
345,32.09921006019913
346,29.3100832937466
347,29.3100832937466
348,18.325160106032058
349,18.325160106032058
350,21.957332254029993
351,32.77467663009949
352,36.46233408428619
353,61.31786876789612
354,61.31786876789612
355,61.31786876789612
356,64.63911110615206
357,60.99365483424125
358,71.84463524900266
359,71.84463524900266
360,71.84463524900266
361,71.84463524900266
362,68.16525712366526
363,71.85941444315098
364,72.22780793233417
365,75.84860863176318
366,75.84860863176318
367,75.84860863176318
368,75.84860863176318
369,75.84860863176318
370,79.5277070177438
371,79.5277070177438
372,65.20749897822553
373,61.656439184553086
374,65.3564391845531
375,65.35409759418424
376,65.35409759418424
377,54.70828336274186
378,54.70828336274186
379,54.70828336274186
380,61.96716473397821
381,65.4818894510237
382,61.8610887515947
383,61.8610887515947
384,76.19819071675063
385,76.19819071675063
386,79.879627218336
387,99.36767028034467
388,92.21029426228719
389,103.1323964800921
390,117.08467004962898
391,119.3637791645562
392,122.70620301737785
393,122.70620301737785
394,122.70620301737785
395,122.81949877381646
396,126.51145420834843
397,115.85844396246591
398,115.85844396246591
399,116.32861818356554
400,112.65156558781447
401,112.65156558781447
402,116.34042167094725
403,134.37574762365608
404,134.37574762365608
405,134.37574762365608
406,134.37574762365608
407,138.07574762365607
408,138.19159915308552
409,141.88224303079593
410,156.49695212547974
411,160.19404624807743
412,174.7676357322195
413,182.15708536515191
414,178.82005136631602
415,200.6710186062314
416,197.04118804860232
417,193.34118804860233
418,193.34118804860233
419,193.34118804860233
420,193.34118804860233
421,203.65609484118804
422,203.65609484118804
423,203.42784777861777
424,210.82338408378212
425,214.49823570715753
426,225.49823570715753
427,247.3474548377956
428,243.7417135295981
429,254.55210657273983
430,268.8809568802414
431,261.6428240182288
432,268.92979189934016
433,281.844036296896
434,271.5671561807094
435,267.79842318505615
436,274.727836906273
437,263.8769132119212
438,270.66874986161883
439,292.8440268805489
440,301.68594771168773
441,330.73270372654343
442,323.6985240694558
443,305.64863872393124
444,288.43747466136773
445,288.43747466136773
446,314.11059416138994
447,328.7597088885884
448,354.1725862140968
449,361.3274285223117
450,358.0621950418104
451,365.42070785745
452,365.42070785745
453,387.3884908760923
454,394.77189385834936
455,387.5671176243609
456,394.9299853964743
457,402.29315139195955
458,387.7855478545488
459,402.45620801808997
460,398.9687906380019
461,413.6663889298372
462,406.3840447956766
463,410.0567382656792
464,420.7485623297854
465,428.12406347238567
466,439.0872363503163
467,439.09708307860427
468,420.69708307860424
469,438.6951012355383
470,471.1616171454643
471,482.0386985590726
472,470.9731242491512
473,470.9731242491512
474,481.7451262046028
475,492.6939112491689
476,503.52966527467987
477,507.21831902449827
478,507.08531979248284
479,510.5124306215702
480,499.82060655746403
481,509.68770443576665
482,495.2053545559026
483,495.2053545559026
484,509.63849797105973
485,513.3384979710598
486,485.30561294621896
487,485.55340853033385
488,503.8385528801813
489,500.32409111661184
490,522.3382069208609
491,558.4963745773751
492,576.7493038470295
493,562.8800680048207
494,584.6564399605471
495,588.409956113498
496,581.1114309966708
497,588.6857116519877
498,606.9911715536351
499,595.9800741361558
500,625.0038491974957
501,621.3603405652609
502,646.7906901786819
503,657.6893091715128
504,672.2444157864566
505,661.4481009218804
506,643.1918313826075
507,646.8459082013679
508,647.0972901374507
509,647.2816457242981
510,647.2816457242981
511,661.6536831770053
512,657.8150265193736
513,672.4032640565141
514,694.2135689532331
515,704.2349627139339
516,704.1129245246669
517,700.4464033540344
518,690.072153162506
519,675.3473478550985
520,671.9493051255314
521,682.8117267383193
522,675.4798183776677
523,664.5467025189333
524,664.5997875794828
525,697.4372339263302
526,693.7659630919472
527,704.3601184728462
528,683.2878682448189
529,694.2728732124901
530,701.6548284006603
531,668.8051843196383
532,687.154852617774
533,698.180852926831
534,694.5641631409429
535,709.0924860937673
536,712.752575077357
537,737.7734420368122
538,748.767637840966
539,759.7988694876431
540,770.6074815976388
541,785.4467253374618
542,803.6603616548927
543,803.8154078797254
544,800.1269927122888
545,836.6607162418494
546,865.8285515320678
547,873.1028015837315
548,865.7030491753229
549,869.3759299924924
550,894.5882515473908
551,876.4075091598389
552,865.8751776718792
553,851.2623664959478
554,880.2057312697999
555,891.2508715356851
556,891.3232926332827
557,890.8794425038581
558,912.4712324677402
559,894.8853393490721
560,909.093531209507
561,942.0192987769273
562,931.16788898979
563,974.8016507436588
564,967.5784274962565
565,960.232379588516
566,989.4980582609592
567,996.7974091236083
568,982.4641702573132
569,989.8415004296576
570,997.1941614548522
571,996.9798020561083
572,982.3069437715803
573,964.2407028570167
574,956.8925728946894
575,939.0690581105943
576,949.941130558556
577,909.9068777101066
578,902.5022749049966
579,906.1904952959054
580,899.3535548046519
581,899.2684769343197
582,888.3409694362466
583,866.9422568213171
584,852.5567380359017
585,859.9611344062754
586,856.1461420681375
587,870.391249138081
588,874.1734281951364
589,841.4458395426243
590,859.9314211271466
591,852.6641386242892
592,860.0410239552666
593,856.3510143003095
594,863.8851625542459
595,874.6404045858392
596,885.8743404034904
597,864.1687584797959
598,842.409042948012
599,864.5675043079343
600,871.7849404818018
601,886.3367198397062
602,886.3322167357973
603,875.3594198400102
604,882.6788391236518
605,882.7736689940923
606,853.64130120494
607,870.8987458594327
608,881.855321277217
609,876.2480140997719
610,861.788029109264
611,861.788029109264
612,843.5561429709938
613,829.2806413619431
614,836.8157548231576
615,817.0463380915432
616,813.3497659587442
617,813.3497659587442
618,798.9418000805339
619,813.5681274428646
620,809.9200791258395
621,791.5955928348728
622,788.7116718330393
623,792.3953894555015
624,777.7791900374027
625,763.2302472843716
626,759.5302472843716
627,748.8928102137545
628,744.9775976204934
629,756.011589275295
630,766.9459218020347
631,759.6080859800039
632,748.6692400495157
633,748.6692400495157
634,744.9901370453678
635,748.6658993857515
636,745.0283479626456
637,726.8243919589582
638,716.1656389196611
639,719.8577545009449
640,716.1883356907182
641,701.5500082060657
642,701.5500082060657
643,701.5500082060657
644,701.5500082060657
645,694.2837625516058
646,683.2936532485612
647,672.4191228753507
648,661.3544245827358
649,665.0366911760773
650,665.053183576652
651,665.053183576652
652,654.0685088896556
653,646.6802387616699
654,632.0048272076673
655,628.3244082069392
656,628.2946959118906
657,620.9448232321819
658,620.4630261216961
659,598.5425232783712
660,565.7248413509944
661,554.882420877181
662,544.2726218108467
663,522.384186917573
664,525.941514931457
665,493.0721952984529
666,478.39650947928556
667,478.39650947928556
668,474.70367007617244
669,474.70367007617244
670,452.9009769601878
671,449.22237131316007
672,445.53395840537013
673,441.85946694756484
674,438.1794435974851
675,419.9245515725847
676,419.9245515725847
677,416.24825715800733
678,416.24825715800733
679,394.3253166267063
680,390.64187866464994
681,386.94455629925375
682,394.1884381580392
683,394.1884381580392
684,394.1884381580392
685,394.1884381580392
686,386.8342696934877
687,386.8342696934877
688,383.1672846062727
689,379.4694546365968
690,375.790478000903
691,379.46199466755223
692,379.4060265164701
693,375.72924408832733
694,379.4292440883273
695,378.860383432859
696,367.8990055406697
697,349.4837719803083
698,349.4837719803083
699,345.8040457143384
700,345.8040457143384
701,349.4834519171534
702,345.6510918212203
703,338.60469058828016
704,342.2999549526362
705,334.91822891396896
706,330.25177137876483
707,330.25177137876483
708,315.46987666414486
709,305.51517405687895
710,305.50865971720384
711,305.50865971720384
712,294.55723973899995
713,301.3355305117037
714,297.636619294524
715,290.2403168310861
716,275.6313259057736
717,275.6313259057736
718,275.61865612802063
719,275.61865612802063
720,271.92919852441395
721,275.19226923328387
722,271.4950209443334
723,267.8127543509919
724,267.8127543509919
725,264.1876100198531
726,256.790755202694
727,245.73471921919156
728,245.73471921919156
729,245.73471921919156
730,234.94896562096045
731,220.63760180628225
732,195.4923094375112
733,195.4923094375112
734,191.79782463898232
735,191.79782463898232
736,188.09782463898227
737,177.04226020796443
738,177.04226020796443
739,169.65342040976108
740,169.65342040976108
741,169.65342040976108
742,169.65342040976108
743,165.978341266178
744,165.978341266178
745,165.978341266178
746,162.302806560713
747,162.302806560713
748,154.92730504417932
749,158.6235014408055
750,154.93490597440956
751,154.93490597440956
752,154.93490597440956
753,162.18850731992737
754,158.44245604847063
755,158.4244210242955
756,162.12081067492872
757,169.36552024135455
758,161.99098313553333
759,158.29098313553334
760,150.91185850497084
761,150.91185850497084
762,147.2308786276235
763,143.5593619609743
764,158.11096117031298
765,154.42472310863226
766,154.42472310863226
767,150.72681754585045
768,150.72681754585045
769,154.41951186439476
770,150.73639867113388
771,147.06927875085188
772,147.06927875085188
773,143.3741278601299
774,143.3741278601299
775,143.3741278601299
776,143.3741278601299
777,143.39836551974625
778,143.39836551974625
779,143.39836551974625
780,154.3175049930729
781,154.3175049930729
782,154.31320301202413
783,154.31320301202413
784,154.31320301202413
785,154.31320301202413
786,150.65088748898447
787,150.65088748898447
788,150.65088748898447
789,150.65088748898447
790,150.65088748898447
791,150.65088748898447
792,146.95877190770062
793,146.95877190770062
794,146.97013673836264
795,154.35346009870642
796,158.0534600987064
797,165.41933627012594
798,176.41933627012594
799,176.41933627012594
800,172.7426703643386
801,169.04267036433862
802,169.05370227996764
803,169.05370227996764
804,165.35812170375704
805,157.96952308658308
806,157.96952308658308
807,157.95641018976363
808,157.95977118444588
809,157.95977118444588
810,168.51725685758737
811,168.51725685758737
812,168.51725685758737
813,168.51725685758737
814,157.6354318224418
815,161.31920061561584
816,161.3092184480975
817,150.3740433830294
818,132.12184599804286
819,135.81777113650455
820,139.51063661997023
821,139.51063661997023
822,143.19715106174817
823,139.51343343928613
824,132.27504796061476
825,132.27504796061476
826,143.19292076496973
827,143.19292076496973
828,132.63543509182827
829,128.94017072747226
830,128.94017072747226
831,128.94017072747226
832,132.63885710317822
833,132.63885710317822
834,117.94634813431139
835,121.63486017318023
836,117.93646602657587
837,110.55945443010049
838,110.55945443010049
839,110.55945443010049
840,110.55945443010049
841,106.86007145175421
842,110.54623529951462
843,110.54623529951462
844,114.22700444109742
845,128.8637798633512
846,128.8637798633512
847,132.54600338214914
848,147.17528400579818
849,158.00756723018458
850,158.00756723018458
851,158.00756723018458
852,158.00756723018458
853,158.00756723018458
854,172.54248626559422
855,182.44245944215788
856,182.44245944215788
857,182.44245944215788
858,182.44245944215788
859,182.44245944215788
860,172.54248626559422
861,175.9316644499599
862,179.62681952628697
863,175.94771071160812
864,186.8929536351768
865,190.58278193576578
866,212.07328442696817
867,212.07328442696817
868,223.3018066128946
869,234.17797682650587
870,234.17797682650587
871,234.17797682650587
872,234.17797682650587
873,223.2040991244029
874,223.2040991244029
875,226.89827956206045
876,234.26918372603427
877,237.96534414639396
878,237.96534414639396
879,237.96534414639396
880,237.96534414639396
881,237.96534414639396
882,241.6481494945213
883,241.6481494945213
884,241.6481494945213
885,237.9783753203282
886,237.9783753203282
887,245.23045227313503
888,252.4806189871637
889,252.46717333353854
890,252.46717333353854
891,252.46717333353854
892,241.63489010915208
893,241.63489010915208
894,245.32628075020847
895,245.32628075020847
896,234.68795410945978
897,234.68795410945978
898,234.68795410945978
899,238.3868088783184
900,216.61208281580298
901,212.93669878545245
902,205.5985317336628
903,205.5985317336628
904,205.5985317336628
905,198.15344825898623
906,201.83592287149656
907,201.83592287149656
908,212.7775475605859
909,212.7775475605859
910,212.7775475605859
911,205.61865224448425
912,209.31865224448427
913,212.8868113848904
914,201.9415684613217
915,212.84316809212663
916,212.84316809212663
917,212.84316809212663
918,223.84316809212663
919,223.84316809212663
920,227.54316809212662
921,227.4138022570305
922,220.03082220879003
923,220.03082220879003
924,220.03082220879003
925,223.72222968308154
926,223.6927789867994
927,234.78695416572936
928,223.84532947664002
929,220.15263515809568
930,220.15263515809568
931,209.2335877898085
932,209.2335877898085
933,212.93358778980848
934,249.09174176947198
935,249.0783576476016
936,263.59869180457594
937,263.59869180457594
938,278.1992716990304
939,282.000295601569
940,285.68842846216165
941,285.68842846216165
942,285.68842846216165
943,289.40497845318276
944,293.49576235594975
945,282.7489579774346
946,282.7489579774346
947,282.7489579774346
948,282.7489579774346
949,271.6674333663707
950,275.34116081853495
951,271.6449644219088
952,279.0265926421507
953,268.0770505097506
954,271.6470412305872
955,268.0998133025169
956,275.4653665567261
957,275.5452273446737
958,275.5452273446737
959,308.5484782384111
960,319.44945326896953
961,330.2349825805932
962,344.62023697657287
963,363.00013182043017
964,366.69441619254235
965,355.82548761476016
966,388.6255807704199
967,392.3243694620995
968,385.1805241070191
969,374.2627944145352
970,377.8958903860886
971,392.5626030253706
972,407.06497113801595
973,421.72045939903524
974,421.72045939903524
975,410.6846545763512
976,410.6846545763512
977,436.2823316926084
978,450.92072183984726
979,472.9500150510579
980,487.60723798466245
981,498.6742889960376
982,509.65003073908906
983,531.3257687080294
984,545.894905991335
985,538.6347995294873
986,538.644722602911
987,517.0229670249137
988,542.0904362551265
989,538.5375103591932
990,553.1218016858373
991,553.8075858555281
992,553.8075858555281
993,567.6838228569086
994,582.340882807075
995,575.2699525279173
996,582.64475403833
997,593.6125942296926
998,619.2491967514854
999,615.629660338569
1000,626.6647894761905
1001,630.3297088484511
1002,603.1865262962172
1003,621.5293378017376
1004,634.351057066594
1005,658.1049310593817
1006,654.5847903654525
1007,654.5280181554141
1008,666.9464474386547
1009,688.838703405412
1010,688.8302376830109
1011,692.5277066321577
1012,703.2999134845431
1013,728.8209974190808
1014,761.3044465985673
1015,808.7157427042955
1016,826.6358026086717
1017,859.2117448865523
1018,870.2907484960514
1019,903.2778809952878
1020,906.8338034960359
1021,932.4040201594909
1022,921.5052804362784
1023,954.4173299134605
1024,980.0289671828783
1025,1008.8655880533464
1026,1009.3624755576553
1027,1024.1056455227422
1028,1045.8238391408959
1029,1053.2801302014145
1030,1078.9165072358264
1031,1086.2937664266587
1032,1086.2461177768412
1033,1093.711255909396
1034,1134.108136288342
1035,1170.2225255263938
1036,1159.1134471736127
1037,1161.6866584047552
1038,1154.7010583668934
1039,1159.591659902664
1040,1195.8150090965653
1041,1188.7918403408883
1042,1203.3530120085404
1043,1218.1092140973421
1044,1229.2041417059027
1045,1240.2422265875946
1046,1254.9099407858182
1047,1258.6007050881717
1048,1251.1743011745368
1049,1287.7612855486116
1050,1298.7405771989986
1051,1309.2717300810725
1052,1349.3121926691058
1053,1327.5866673303258
1054,1313.489204838547
1055,1342.632759333926
1056,1346.350605154387
1057,1357.3395725355026
1058,1375.7903484748094
1059,1412.1950097724273
1060,1423.1769309896843
1061,1448.8372754052073
1062,1453.144218460513
1063,1515.5613489803993
1064,1504.4830720890216
1065,1534.0571761581768
1066,1530.448747098289
1067,1563.4660684663381
1068,1577.0409693782913
1069,1554.4874753266197
1070,1558.088993446958
1071,1572.7222386859326
1072,1591.023391354343
1073,1580.492238472269
1074,1591.2315076235286
1075,1583.8128867430305
1076,1570.3111289515034
1077,1573.9387157407757
1078,1588.5350675528873
1079,1577.7752455804791
1080,1581.695718641683
1081,1603.7787911498451
1082,1618.5031717392546
1083,1644.1704141580904
1084,1662.3250205662882
1085,1633.4294007267858
1086,1608.1002836188552
1087,1601.0284619279923
1088,1640.1359966514062
1089,1643.733718744097
1090,1643.099960906609
1091,1683.0851191800925
1092,1697.8074955131349
1093,1706.075169271576
1094,1688.523283447622
1095,1713.9540447525146
1096,1696.089720652632
1097,1681.5884467704561
1098,1688.6164972510114
1099,1699.5012378683055
1100,1714.0363085236509
1101,1692.1617745753554
1102,1732.228061390199
1103,1725.2518402079493
1104,1765.4638895938167
1105,1783.5690819739095
1106,1776.346499397901
1107,1802.0132111398207
1108,1809.355027996567
1109,1762.1265197828948
1110,1765.807664084096
1111,1795.3068270068934
1112,1806.1771243990706
1113,1806.2884306856904
1114,1824.6654870605762
1115,1832.2431431708478
1116,1828.8176596391004
1117,1847.3876292239124
1118,1829.2861884321358
1119,1822.042601116147
1120,1803.947987269506
1121,1810.8974986880148
1122,1854.8474352129056
1123,1847.4651111753085
1124,1854.794930578687
1125,1862.1707284084523
1126,1855.1126176132548
1127,1857.721526613805
1128,1879.7732537706843
1129,1938.358323848819
1130,1956.626127873957
1131,1954.3172709296973
1132,1972.6732314067056
1133,1954.4288958306474
1134,1983.777724449146
1135,1991.2156611171783
1136,2020.4158780467103
1137,2020.3061377673187
1138,2012.979695389019
1139,2005.8217877495276
1140,1987.8027291700612
1141,1966.1879306617393
1142,1955.4950837543133
1143,1977.4476951480724
1144,1977.5277391974519
1145,1963.0030531472503
1146,1959.6201845190953
1147,1966.9332669435992
1148,1952.3757987647004
1149,1959.7844270642086
1150,1948.8895290788441
1151,1941.9018251001123
1152,1956.4985520168668
1153,1945.6572697921463
1154,1916.5873911673798
1155,1931.2055981145863
1156,1927.5134528846706
1157,1920.2869785485416
1158,1898.4345983170356
1159,1902.123894911382
1160,1920.26765136383
1161,1898.3883241182223
1162,1894.9274650156037
1163,1894.6031409140005
1164,1887.5499192751533
1165,1880.3257769974505
1166,1862.0528121091963
1167,1858.2570539258222
1168,1869.1759207608827
1169,1880.2144005210823
1170,1891.0474279652228
1171,1890.95205578704
1172,1894.6664306501843
1173,1927.2574920338789
1174,1923.5698339289802
1175,1920.0121492619473
1176,1942.0478703291078
1177,1923.8595152296525
1178,1920.018795493329
1179,1908.7876807731063
1180,1926.9027755182144
1181,1930.449924873391
1182,1923.249442056438
1183,1919.731979723245
1184,1945.229751113027
1185,1941.5428422526056
1186,1908.8643496323887
1187,1912.551950375757
1188,1912.5455248793671
1189,1908.699455450686
1190,1883.0742341044531
1191,1883.0838962637538
1192,1857.5368169938133
1193,1850.1420954558957
1194,1846.3431601663074
1195,1850.0567372899632
1196,1871.8233905542488
1197,1882.786292948359
1198,1875.4129099170923
1199,1849.7975398307203
1200,1850.0597824655729
1201,1850.0596960283
1202,1850.0596960283
1203,1839.0456146323493
1204,1813.5143760099547
1205,1777.0203002549565
1206,1784.2593319934533
1207,1780.4884220194908
1208,1776.8020190015532
1209,1744.0005524164214
1210,1736.528413623998
1211,1718.3737453039064
1212,1721.5528074132092
1213,1736.2044198754888
1214,1736.2359408662444
1215,1718.0235819152604
1216,1688.8183085636317
1217,1644.9341936772262
1218,1637.5400918098608
1219,1623.1659284398027
1220,1608.6501656061919
1221,1601.352704109264
1222,1597.6554013115453
1223,1594.0233052696497
1224,1561.347928602145
1225,1535.7275738581077
1226,1517.3938652175618
1227,1510.0094973007067
1228,1491.76001946031
1229,1491.763606235229
1230,1477.2107878139045
1231,1466.1515339722969
1232,1458.9263027197721
1233,1455.2421727316073
1234,1433.1192404547683
1235,1440.38813272473
1236,1422.1760370953616
1237,1403.9595633752774
1238,1396.5827979524975
1239,1374.7301732752549
1240,1367.3508607851113
1241,1359.9841733682233
1242,1345.2484701760334
1243,1345.2484701760334
1244,1319.6596644943477
1245,1297.680831567956
1246,1286.605850772533
1247,1264.739417836746
1248,1239.303985027222
1249,1224.7242776141957
1250,1217.3480817120299
1251,1220.953479273582
1252,1213.5586584002308
1253,1209.858628379096
1254,1209.9195641881633
1255,1195.1714632297135
1256,1173.0979521142456
1257,1154.9030389692832
1258,1125.6734382817874
1259,1103.6732670017177
1260,1071.0840664893026
1261,1031.068950150869
1262,1016.334398029254
1263,998.164228100036
1264,968.76150806617
1265,972.4454897891017
1266,957.6720411195574
1267,950.3034853159297
1268,935.6399578212613
1269,891.7635680426598
1270,880.6876257321769
1271,873.3101659411977
1272,869.5557915674731
1273,854.7926556946178
1274,851.1116767041792
1275,836.3194223747288
1276,817.8565285589408
1277,821.5487032834782
1278,814.1254160109387
1279,803.0557311410427
1280,803.0557311410427
1281,788.4093088320539
1282,773.8342151292994
1283,759.0727139240788
1284,737.0906163353312
1285,740.7000045154131
1286,725.9501104876665
1287,714.8872802171056
1288,703.8213926312876
1289,689.0575872609679
1290,681.6844436508277
1291,667.0459422171657
1292,655.9766376574335
1293,644.922925488142
1294,644.922925488142
1295,648.153166629789
1296,640.7761723368621
1297,637.10076136354
1298,614.9745272387346
1299,611.2922014785753
1300,600.2291481994283
1301,585.5692372816382
1302,589.0988481718073
1303,581.7244185417005
1304,578.0280907196664
1305,578.0280907196664
1306,570.6656622789324
1307,563.2767031909523
1308,563.1239752724282
1309,566.6729400550294
1310,562.9767428244357
1311,551.9062431844254
1312,548.2193182811051
1313,537.6048604519184
1314,548.514181293726
1315,537.4163417924073
1316,540.8276773765635
1317,533.3078676591941
1318,518.5695718596611
1319,533.1994477047712
1320,522.1116103608059
1321,522.1116103608059
1322,514.7308461505031
1323,521.8780717446267
1324,518.1954907845636
1325,507.3555725351928
1326,499.98383632399396
1327,488.9424441490364
1328,485.2426298990034
1329,481.5584074767026
1330,466.79945333128694
1331,470.4021360642924
1332,466.7105871122659
1333,466.7105871122659
1334,455.6573829988631
1335,455.6573829988631
1336,462.79135868401596
1337,455.4253116874572
1338,455.4253116874572
1339,448.0463964914248
1340,448.0463964914248
1341,433.37525587355935
1342,433.37525587355935
1343,418.5991620329586
1344,425.8916932075982
1345,433.16955770347477
1346,425.7891675527195
1347,422.0891675527196
1348,411.02933179417505
1349,403.6334661379134
1350,396.36758972974053
1351,403.6123246752181
1352,403.6124827130935
1353,403.6151846808083
1354,388.9334335028461
1355,381.53486159831994
1356,363.35824457874463
1357,352.46461506939556
1358,345.1112862365588
1359,333.80704366264365
1360,322.7416724787895
1361,319.0591664130708
1362,329.4537863895448
1363,329.3477549570729
1364,325.6511061106877
1365,318.3928828356395
1366,318.3928828356395
1367,329.30353056165364
1368,296.68213286755866
1369,285.7698759755415
1370,289.43544273207806
1371,285.741322784143
1372,274.90874327337076
1373,285.19018715670245
1374,267.421487436593
1375,267.421487436593
1376,260.0381457491071
1377,278.1882798580335
1378,278.1882798580335
1379,274.49935694027647
1380,274.49935694027647
1381,270.82215704307566
1382,267.1306637590408
1383,267.1306637590408
1384,267.1306637590408
1385,263.4471034614614
1386,267.1333598004146
1387,267.1333598004146
1388,253.16416795258604
1389,234.96994178868843
1390,234.96994178868843
1391,234.97044172917012
1392,238.65392730518144
1393,238.65392730518144
1394,234.9565227991972
1395,231.26059174736136
1396,227.57105417535712
1397,242.23052404481035
1398,238.53958835085382
1399,238.53958835085382
1400,238.53958835085382
1401,249.4583172767131
1402,249.4583172767131
1403,249.4583172767131
1404,249.4583172767131
1405,238.5147357453418
1406,238.39082207340067
1407,238.39082207340067
1408,231.00174735221353
1409,249.2364363806675
1410,238.26879078593015
1411,238.26879078593015
1412,234.5757574393304
1413,223.69818636543394
1414,220.00177858756126
1415,220.00177858756126
1416,223.68950643111555
1417,230.71242445669066
1418,227.01472178615307
1419,226.90346319250654
1420,223.33152309322156
1421,219.65634855818104
1422,194.06611078475447
1423,197.71865026935723
1424,190.35759162491206
1425,186.65832725078985
1426,190.34126926715157
1427,194.03726701759442
1428,179.3856106038264
1429,179.3856106038264
1430,164.94802156301571
1431,164.94802156301571
1432,164.94802156301571
1433,168.60304649916728
1434,179.51226119128043
1435,179.51226119128043
1436,179.51226119128043
1437,179.51226119128043
1438,168.52161530825802
1439,172.2140561295774
1440,172.2140561295774
1441,172.2140561295774
1442,161.3652404385567
1443,161.3652404385567
1444,161.3652404385567
1445,161.3652404385567
1446,161.3652404385567
1447,157.67768087421913
1448,157.67768087421913
1449,157.67768087421913
1450,157.67768087421913
1451,157.67768087421913
1452,157.67768087421913
1453,146.75895194835985
1454,135.7819167125412
1455,135.7819167125412
1456,135.7819167125412
1457,132.12937722793845
1458,132.12937722793845
1459,135.82937722793844
1460,135.82937722793844
1461,132.19093120264048
1462,132.19093120264048
1463,132.19093120264048
1464,128.49384010152693
1465,124.81031329447156
1466,124.81031329447156
1467,121.11183689908293
1468,121.11183689908293
1469,121.11183689908293
1470,110.27549089292972
1471,113.88521400849102
1472,113.88521400849102
1473,113.88521400849102
1474,113.88521400849102
1475,103.02776200459883
1476,103.02776200459883
1477,103.02776200459883
1478,99.32776200459882
1479,99.32776200459882
1480,99.32776200459882
1481,99.32776200459882
1482,99.32776200459882
1483,95.6318368632249
1484,95.6318368632249
1485,95.6318368632249
1486,95.6318368632249
1487,95.6318368632249
1488,95.6318368632249
1489,95.6318368632249
1490,95.6318368632249
1491,95.6318368632249
1492,95.6318368632249
1493,88.26684032386677
1494,88.26684032386677
1495,88.26684032386677
1496,88.26684032386677
1497,88.26684032386677
1498,88.26684032386677
1499,88.26684032386677
1500,88.26684032386677
1501,91.93842565404933
1502,91.93842565404933
1503,91.93842565404933
1504,91.93842565404933
1505,91.9370533822739
1506,88.23782025310432
1507,88.23782025310432
1508,84.62809713754302
1509,80.93693485977614
1510,80.93693485977614
1511,77.28190992362455
1512,77.28190992362455
1513,66.37269523151143
1514,66.37269523151143
1515,66.37269523151143
1516,62.69526486975476
1517,62.69526486975476
1518,62.69526486975476
1519,62.69526486975476
1520,62.69526486975476
1521,58.997016405098755
1522,51.62562541805881
1523,51.62562541805881
1524,51.62562541805881
1525,51.62562541805881
1526,51.62562541805881
1527,47.938748164896666
1528,47.938748164896666
1529,47.938748164896666
1530,47.938748164896666
1531,44.24187807091775
1532,44.24187807091775
1533,44.24187807091775
1534,44.24187807091775
1535,44.24187807091775
1536,40.55575956950846
1537,40.55575956950846
1538,40.55575956950846
1539,40.55575956950846
1540,40.55575956950846
1541,40.55575956950846
1542,40.55575956950846
1543,33.18344909160047
1544,33.18344909160047
1545,33.18344909160047
1546,33.18344909160047
1547,33.18344909160047
1548,33.18344909160047
1549,33.18344909160047
1550,33.18344909160047
1551,33.18344909160047
1552,33.18344909160047
1553,33.18344909160047
1554,33.18344909160047
1555,33.18344909160047
1556,33.18344909160047
1557,33.18344909160047
1558,36.870256391712914
1559,36.870256391712914
1560,36.870256391712914
1561,36.870256391712914
1562,36.870256391712914
1563,36.870256391712914
1564,36.870256391712914
1565,33.17654617420647
1566,33.17654617420647
1567,33.17654617420647
1568,33.17654617420647
1569,33.17654617420647
1570,33.17654617420647
1571,43.99999506654848
1572,43.99999506654848
1573,40.317560432913936
1574,40.317560432913936
1575,40.317560432913936
1576,40.317560432913936
1577,51.18486277853005
1578,54.882767384688286
1579,54.882767384688286
1580,54.882767384688286
1581,58.579031854497806
1582,58.579031854497806
1583,58.579031854497806
1584,69.52882960255016
1585,69.52882960255016
1586,69.52882960255016
1587,69.52882960255016
1588,69.52882960255016
1589,69.52882960255016
1590,69.52882960255016
1591,69.52882960255016
1592,58.70538071020815
1593,58.70538071020815
1594,58.70538071020815
1595,58.70538071020815
1596,62.39259234021767
1597,62.39259234021767
1598,62.39259234021767
1599,58.696594589774826
1600,58.696594589774826
1601,58.696594589774826
1602,62.396594589774814
1603,62.396594589774814
1604,62.396594589774814
1605,62.396594589774814
1606,58.71365257341309
1607,58.71365257341309
1608,55.01738810360357
1609,55.01738810360357
1610,55.01738810360357
1611,55.01738810360357
1612,55.01738810360357
1613,55.01738810360357
1614,55.01738810360357
1615,55.01738810360357
1616,51.32494728228421
1617,51.32494728228421
1618,51.32494728228421
1619,51.32494728228421
1620,62.29837789127196
1621,62.29837789127196
1622,65.9920040431064
1623,69.68884857733002
1624,73.38436140018905
1625,66.03792544501283
1626,58.83354621008986
1627,58.83354621008986
1628,58.83354621008986
1629,58.83354621008986
1630,58.83354621008986
1631,58.83354621008986
1632,58.83354621008986
1633,58.83354621008986
1634,58.83354621008986
1635,69.5657575033792
1636,69.5657575033792
1637,69.5657575033792
1638,69.5657575033792
1639,69.5657575033792
1640,69.5657575033792
1641,73.2599955654162
1642,73.2599955654162
1643,73.2599955654162
1644,73.2599955654162
1645,76.94079883167666
1646,76.94079883167666
1647,76.94079883167666
1648,76.94079883167666
1649,73.25307098812239
1650,73.25307098812239
1651,73.25307098812239
1652,73.25307098812239
1653,73.25307098812239
1654,73.25307098812239
1655,73.25307098812239
1656,73.25307098812239
1657,73.25307098812239
1658,73.25307098812239
1659,84.17536307681856
1660,84.17536307681856
1661,73.44315178352923
1662,73.44315178352923
1663,73.44315178352923
1664,73.44315178352923
1665,73.44315178352923
1666,62.49335403547687
1667,62.49335403547687
1668,62.49335403547687
1669,62.49335403547687
1670,62.49335403547687
1671,66.19335403547687
1672,66.19335403547687
1673,66.19335403547687
1674,66.19335403547687
1675,66.19335403547687
1676,66.19335403547687
1677,66.19335403547687
1678,77.19335403547687
1679,77.19335403547687
1680,77.19335403547687
1681,88.16475343875662
1682,88.16475343875662
1683,88.16475343875662
1684,88.16475343875662
1685,88.16475343875662
1686,91.82135744475089
1687,91.82135744475089
1688,91.82135744475089
1689,91.82135744475089
1690,91.82135744475089
1691,91.82135744475089
1692,91.82135744475089
1693,95.52135744475088
1694,95.52135744475088
1695,95.52135744475088
1696,102.90996970974972
1697,102.90996970974972
1698,102.90996970974972
1699,102.90996970974972
1700,102.90996970974972
1701,102.90996970974972
1702,113.84928979680039
1703,113.84928979680039
1704,113.84928979680039
1705,113.84928979680039
1706,102.84928979680039
1707,102.84928979680039
1708,102.84928979680039
1709,113.47352162700095
1710,113.47352162700095
1711,113.47352162700095
1712,109.81059851630782
1713,109.81059851630782
1714,98.88830642761165
1715,98.88830642761165
1716,98.88830642761165
1717,95.19279360475261
1718,95.19279360475261
1719,95.19279360475261
1720,95.19279360475261
1721,84.21936299576488
1722,84.21936299576488
1723,80.52145838960664
1724,80.52145838960664
1725,76.83040713836262
1726,76.83040713836262
1727,76.83040713836262
1728,76.83040713836262
1729,76.83040713836262
1730,76.83040713836262
1731,76.83040713836262
1732,80.48567716931873
1733,80.48567716931873
1734,76.82907316332447
1735,76.82907316332447
1736,76.82907316332447
1737,66.2048413331239
1738,66.2048413331239
1739,66.2048413331239
1740,66.2048413331239
1741,66.2048413331239
1742,66.2048413331239
1743,66.2048413331239
1744,66.2048413331239
1745,66.2048413331239
1746,66.2048413331239
1747,66.2048413331239
1748,77.19951390714762
1749,77.19951390714762
1750,77.19951390714762
1751,73.51090164214878
1752,73.51090164214878
1753,73.51090164214878
1754,88.19459884487885
1755,88.19459884487885
1756,88.19459884487885
1757,88.19459884487885
1758,88.19459884487885
1759,88.19459884487885
1760,88.19459884487885
1761,88.19459884487885
1762,88.19459884487885
1763,91.8591571963955
1764,91.8591571963955
1765,99.18135098056312
1766,99.18135098056312
1767,99.18135098056312
1768,109.61528955627462
1769,109.61528955627462
1770,105.91777365380115
1771,105.91777365380115
1772,105.91777365380115
1773,105.91777365380115
1774,105.91777365380115
1775,101.95439413053363
1776,101.95439413053363
1777,101.95439413053363
1778,101.95439413053363
1779,101.95439413053363
1780,101.95439413053363
1781,101.95439413053363
1782,109.09541800610096
1783,102.1526527045268
1784,102.1526527045268
1785,102.1526527045268
1786,91.71871412881531
1787,91.71871412881531
1788,91.71871412881531
1789,80.77939404176462
1790,80.77939404176462
1791,80.77939404176462
1792,84.47939404176462
1793,84.47939404176462
1794,84.47939404176462
1795,88.15887245407097
1796,88.15887245407097
1797,88.15887245407097
1798,88.15887245407097
1799,99.15887245407097
1800,102.84815705568904
1801,106.50781569315555
1802,106.50781569315555
1803,106.50781569315555
1804,106.50781569315555
1805,124.65468575306032
1806,124.65468575306032
1807,124.65468575306032
1808,124.65468575306032
1809,124.65468575306032
1810,124.65468575306032
1811,124.65468575306032
1812,128.34145862368078
1813,128.34145862368078
1814,128.34145862368078
1815,139.3255995803586
1816,139.3255995803586
1817,143.0255995803586
1818,132.03702291267555
1819,132.03702291267555
1820,132.03702291267555
1821,128.3562196464151
1822,135.40648645403016
1823,146.47669905395747
1824,156.990296453979
1825,164.38339708668883
1826,157.12403840865852
1827,160.95257343508555
1828,160.95257343508555
1829,160.95257343508555
1830,179.29676250910077
1831,168.451472386885
1832,168.451472386885
1833,172.15005249280668
1834,172.15005249280668
1835,172.15005249280668
1836,175.82839317950797
1837,175.82839317950797
1838,172.12839317950795
1839,172.12839317950795
1840,161.61479577948649
1841,161.12097838461196
1842,161.12097838461196
1843,161.12097838461196
1844,172.12097838461196
1845,164.81458976460445
1846,179.3806515042757
1847,193.99892158598985
1848,209.23288732260463
1849,212.93138576219053
1850,216.6141735324299
1851,216.6141735324299
1852,234.90524436676037
1853,234.92409893279185
1854,249.08563969965078
1855,249.27241857293174
1856,249.27241857293174
1857,256.63578447297533
1858,256.4852338777019
1859,256.50701247489224
1860,256.50701247489224
1861,256.50701247489224
1862,263.7624814261821
1863,282.0747369272654
1864,303.9559805093213
1865,307.63930421868423
1866,297.1777634518253
1867,319.0560194710161
1868,319.08357688505833
1869,330.1490777201219
1870,344.79418871289414
1871,352.19323838238745
1872,355.8932383823875
1873,352.2060267523779
1874,366.49020383846175
1875,380.687424710439
1876,380.687424710439
1877,417.437662507307
1878,424.80275157694473
1879,439.4860993383353
1880,443.18202106653865
1881,442.2349292536544
1882,432.0428067833607
1883,446.37355962308925
1884,468.33194228727245
1885,454.05640865749206
1886,454.05640865749206
1887,454.0246729932304
1888,450.3246729932304
1889,454.0091026109699
1890,454.0091026109699
1891,494.09252540814083
1892,505.1751569848886
1893,523.4595634950311
1894,523.4605138255378
1895,530.8307940292631
1896,549.1194530504148
1897,556.5194530504148
1898,560.2191721588201
1899,556.7441453436776
1900,549.8696490677423
1901,553.2091968455118
1902,589.4441350599589
1903,611.4479641062924
1904,615.2397603222615
1905,640.749167981315
1906,651.7829002729868
1907,655.454430678394
1908,659.1521266170629
1909,673.9099542426105
1910,699.2902241542535
1911,695.8440098277059
1912,714.1654319446471
1913,725.2409576103089
1914,728.9254263347368
1915,728.9254263347368
1916,739.4622943667291
1917,717.8271444465196
1918,717.9609910838523
1919,725.2506629344911
1920,732.648821635025
1921,732.648821635025
1922,732.714830424836
1923,739.9291558803018
1924,750.8870208653738
1925,761.7603085603605
1926,765.4438799537421
1927,743.488052508605
1928,722.378503680069
1929,726.2084066530613
1930,751.5547068123308
1931,751.5547068123308
1932,770.0209939585937
1933,770.0209939585937
1934,799.1142643081711
1935,799.1142643081711
1936,806.4702451006093
1937,821.2287824226929
1938,832.2151369639358
1939,828.5366901031892
1940,843.1716058454421
1941,835.9095547322222
1942,843.309554732222
1943,843.2995634136172
1944,843.2995634136172
1945,843.088320132675
1946,839.4764001391039
1947,843.0891321989353
1948,846.775325559707
1949,857.6869919442372
1950,865.1221025755785
1951,887.0974481761359
1952,901.6588630160786
1953,905.353267786281
1954,934.6526842770321
1955,956.6043260818541
1956,974.7891987439281
1957,985.8817025333412
1958,1000.0888169725009
1959,1007.3355089134261
1960,988.9905685993629
1961,1014.4041423691978
1962,1039.6101595605805
1963,1057.909128580705
1964,1061.623253930367
1965,1072.5371825558288
1966,1065.5521591691381
1967,1109.238012781006
1968,1116.2686854084811
1969,1112.5970196084832
1970,1108.903168013014
1971,1123.6142833943677
1972,1137.6168766550031
1973,1144.4000593173255
1974,1169.9298697707848
1975,1177.324608030471
1976,1184.6032188712682
1977,1181.0990389069725
1978,1191.954929614372
1979,1202.8972652090583
1980,1217.3408910024216
1981,1185.4029896504373
1982,1207.058718642523
1983,1188.7220609397712
1984,1210.5920140162102
1985,1214.3752335225415
1986,1221.7943607693057
1987,1214.6708144772417
1988,1214.6708144772417
1989,1203.6864571389594
1990,1196.657017627436
1991,1196.650482056823
1992,1200.6785433500975
1993,1218.8247190287448
1994,1208.371256162697
1995,1201.0938933914967
1996,1193.8205753925945
1997,1208.5727726683824
1998,1215.4984598484466
1999,1240.9871485346102
2000,1222.8587652866513
2001,1215.814218276387
2002,1193.9633932379795
2003,1183.0129685875456
2004,1197.615366559772
2005,1175.8485645126523
2006,1183.4709793552875
2007,1194.5002014934994
2008,1194.5494035950542
2009,1209.1859549525961
2010,1231.2089023081285
2011,1234.9172924737684
2012,1231.3321453192432
2013,1220.5078747676191
2014,1227.8705007579247
2015,1246.0859677068256
2016,1227.97197865675
2017,1246.1673818118027
2018,1253.541535872704
2019,1257.36820267312
2020,1264.7117502374763
2021,1254.2776040075648
2022,1276.2002854220677
2023,1279.8199414679539
2024,1283.5194344461156
2025,1288.48802261391
2026,1296.1256738436691
2027,1301.7432659478907
2028,1305.4234894309645
2029,1305.470372512161
2030,1316.2769962960726
2031,1287.0675645411422
2032,1269.0449716257021
2033,1265.351930380014
2034,1257.9916065165103
2035,1279.8268997587024
2036,1301.8675723483284
2037,1291.455622295152
2038,1284.3475026549531
2039,1299.0386706902998
2040,1299.0317975336325
2041,1284.438546167065
2042,1284.5423015346892
2043,1280.8548850129418
2044,1277.2859038665554
2045,1254.9591791218843
2046,1269.5767231374348
2047,1262.402360488571
2048,1258.8436206239921
2049,1269.9074447725766
2050,1273.5317153884494
2051,1284.4039815569993
2052,1273.4468745386018
2053,1277.137393205329
2054,1266.2391085060224
2055,1262.5583762787644
2056,1255.913612997221
2057,1266.7154541851985
2058,1263.036578502817
2059,1244.664454413391
2060,1248.3487779710013
2061,1259.394402742455
2062,1277.4508963609828
2063,1277.451677186125
2064,1270.0549425514341
2065,1295.716415114877
2066,1299.3924659389693
2067,1299.3924659389693
2068,1281.3772801965977
2069,1266.8093754450467
2070,1270.5032581199946
2071,1274.2049351092735
2072,1263.2973984459934
2073,1252.341999862006
2074,1244.9997179043764
2075,1234.1640885675536
2076,1248.770775245183
2077,1245.0877778844356
2078,1230.4369478775798
2079,1215.8982311330863
2080,1201.3834309732665
2081,1190.4149867588162
2082,1172.4438834432995
2083,1168.7546469551191
2084,1134.9671504219768
2085,1120.4289294572536
2086,1120.4289294572536
2087,1116.752834193856
2088,1103.1594488155256
2089,1088.5498559225564
2090,1081.3244311503893
2091,1066.6662073314553
2092,1044.7050178513512
2093,1044.7050178513512
2094,1033.8852274553917
2095,1052.0049013576988
2096,1055.6683826044696
2097,1051.9801716637005
2098,1033.7167824502462
2099,1033.7205617588002
2100,1022.7944986867218
2101,1004.635027622683
2102,1004.635027622683
2103,978.9905694618503
2104,968.0418331815567
2105,968.0418331815567
2106,968.0418331815567
2107,960.6824551294673
2108,956.9838109945676
2109,949.6049015916077
2110,920.633869826862
2111,916.5523060325439
2112,916.5550144082287
2113,909.1781133024484
2114,898.1935939122258
2115,887.2532486117417
2116,883.5688189940023
2117,887.1074408257592
2118,887.1074408257592
2119,876.4428283230284
2120,872.7488008167885
2121,861.6934058850471
2122,854.330032585724
2123,847.1955445167195
2124,847.1955445167195
2125,843.5235133803834
2126,850.911688273395
2127,847.2157586090519
2128,832.5260440231128
2129,836.2239908388167
2130,825.321000957324
2131,825.321000957324
2132,817.9592438783283
2133,828.8935448264132
2134,814.2273983406827
2135,817.9094808931617
2136,806.9174502042142
2137,795.985244338805
2138,795.985244338805
2139,806.8635118051054
2140,788.5060048183044
2141,802.9522065669715
2142,802.9522065669715
2143,795.5675357638498
2144,799.2497603700775
2145,799.2497603700775
2146,799.2497603700775
2147,799.2497603700775
2148,806.5379243677819
2149,795.6174051859059
2150,788.2440693900624
2151,788.2440693900624
2152,784.5547022242065
2153,780.8723649568715
2154,769.7887108493525
2155,766.0848755153067
2156,762.4238048183596
2157,755.036588766851
2158,740.4211145994282
2159,729.477678744219
2160,725.801343844071
2161,722.1238512997475
2162,714.7363622880926
2163,703.6938816464623
2164,674.3709063658961
2165,685.2627989148464
2166,688.6300799139558
2167,703.2301414660425
2168,699.5311066526255
2169,699.5505469651594
2170,695.8598235376503
2171,695.8598235376503
2172,684.806788605121
2173,662.8312042079651
2174,673.8312042079651
2175,670.1495928650488
2176,666.4495928650488
2177,666.4495928650488
2178,659.0764186555523
2179,655.3769011381698
2180,655.3769011381698
2181,647.9828227878742
2182,636.9213057265363
2183,629.5559405883996
2184,622.1688483835112
2185,596.6862472829116
2186,596.6862472829116
2187,592.9861723313701
2188,571.2511920876813
2189,571.2511920876813
2190,574.6724868745005
2191,567.2755261145385
2192,563.585511904935
2193,559.9014471873418
2194,559.9014471873418
2195,545.1787185433922
2196,545.1787185433922
2197,541.4990213125265
2198,541.4990213125265
2199,534.124594922268
2200,534.124594922268
2201,534.124594922268
2202,537.824594922268
2203,548.8129625632208
2204,548.8129625632208
2205,548.8129625632208
2206,548.8129625632208
2207,563.4905074127432
2208,548.918063808617
2209,552.6179619367861
2210,545.2259943155412
2211,541.532002827297
2212,541.533248057887
2213,541.5512209187104
2214,526.7745139541829
2215,526.7745139541829
2216,512.185946565198
2217,511.94988390336243
2218,519.3358063610696
2219,508.4092840966338
2220,512.0916989623759
2221,519.3158312795711
2222,515.6210225245025
2223,508.5243968773128
2224,508.53487502047346
2225,504.8506461100361
2226,508.53442961396786
2227,504.8454273270935
2228,508.5399247736665
2229,508.5399247736665
2230,501.14027458902905
2231,497.69644111828546
2232,501.1606237813752
2233,497.47748070823343
2234,508.3494705858235
2235,504.6656627996487
2236,489.97796652955947
2237,497.3305309537767
2238,519.2144675534919
2239,522.9002193362505
2240,515.5127191275607
2241,519.1998243763805
2242,519.1998243763805
2243,511.83063196026916
2244,515.3567082953942
2245,515.3567082953942
2246,504.3996489606793
2247,497.0148178930312
2248,493.32199104678887
2249,493.32199104678887
2250,482.3795678466313
2251,478.68382512193955
2252,478.68382512193955
2253,478.68382512193955
2254,474.98382512193956
2255,474.98382512193956
2256,467.59728254119227
2257,474.9899985544074
2258,471.2899985544074
2259,460.36586623721223
2260,445.68450283489227
2261,430.9311489160958
2262,438.19462474699105
2263,434.5065240997612
2264,434.51822543059177
2265,423.5602089044095
2266,423.5602089044095
2267,419.8693625686998
2268,419.8693625686998
2269,430.76817011397543
2270,430.76817011397543
2271,427.0771245698371
2272,423.3863641632637
2273,423.3863641632637
2274,423.3863641632637
2275,423.3863641632637
2276,423.3863641632637
2277,423.3863641632637
2278,419.6983842933962
2279,405.15769307531195
2280,390.47342776376667
2281,390.47342776376667
2282,394.1641755105011
2283,394.1641755105011
2284,394.1641755105011
2285,386.76884001966357
2286,379.3717775029724
2287,375.6843453099986
2288,375.68969723915444
2289,371.9986462350621
2290,371.9986462350621
2291,372.0391265922674
2292,372.0391265922674
2293,372.0391265922674
2294,368.3426714930697
2295,368.3426714930697
2296,368.3426714930697
2297,364.64363097863315
2298,360.94913353206016
2299,360.94913353206016
2300,360.94913353206016
2301,353.5555953584398
2302,353.5555953584398
2303,353.5555953584398
2304,357.2432414422947
2305,368.1168402628607
2306,371.79433284910044
2307,371.79433284910044
2308,371.79433284910044
2309,382.7109712167219
2310,379.0172569009029
2311,375.31753779249766
2312,371.6175377924976
2313,371.6175377924976
2314,364.2409311358643
2315,364.2409311358643
2316,349.6890595130371
2317,345.95216268751284
2318,349.6461517183658
2319,338.68853303021956
2320,338.68853303021956
2321,338.66688271695966
2322,331.2789607104869
2323,331.2789607104869
2324,331.28381272050865
2325,327.591340613718
2326,323.8948898245963
2327,323.8948898245963
2328,323.9010071496482
2329,320.2025001085292
2330,312.8166494051422
2331,312.8166494051422
2332,312.8166494051422
2333,309.12190299477015
2334,323.24959670234955
2335,330.6396250590541
2336,330.6396250590541
2337,334.3396250590541
2338,341.092501673205
2339,341.092501673205
2340,337.3975687138783
2341,337.3903480596861
2342,326.4877728164072
2343,319.09443321245084
2344,319.09443321245084
2345,311.71653270868046
2346,304.93635104339046
2347,304.93635104339046
2348,308.5865133397343
2349,312.2754948251827
2350,301.3633876130465
2351,290.43342308945654
2352,279.9879400621651
2353,279.9879400621651
2354,279.9879400621651
2355,276.2879400621651
2356,286.7795784898097
2357,283.0840622078674
2358,283.0840622078674
2359,283.0840622078674
2360,279.39376923668163
2361,283.0937692366816
2362,286.7843983990514
2363,286.7870083904772
2364,286.7870083904772
2365,286.7870083904772
2366,283.0897150690459
2367,283.0897150690459
2368,283.0897150690459
2369,275.7324603398611
2370,286.59754186090817
2371,290.2864823694646
2372,293.8541497391246
2373,290.17665715288484
2374,293.8670946100766
2375,308.4510901984038
2376,297.9594517707592
2377,312.6073051444027
2378,320.0015493440864
2379,330.7238229042548
2380,337.994186317167
2381,345.3869988387063
2382,352.5363719274278
2383,359.93637192742784
2384,359.93637192742784
2385,359.93637192742784
2386,370.7712420851697
2387,381.6891732197852
2388,389.0678453421012
2389,403.8260087429884
2390,418.5930035693965
2391,436.8091792971701
2392,440.5069077836904
2393,444.20717956858044
2394,440.5195334847256
2395,455.3123983686066
2396,458.9802032641097
2397,469.87198369624775
2398,488.26564891489846
2399,503.024908375082
2400,510.1291949854347
2401,513.8239326606869
2402,517.5076615546307
2403,535.6305875333226
2404,539.3334944703579
2405,568.5426436250633
2406,572.2426436250632
2407,597.7984220367506
2408,597.7984220367506
2409,597.803247225222
2410,590.4929258119586
2411,597.883096288172
2412,612.5280546284589
2413,638.0734441465738
2414,634.4369083362544
2415,648.8704678146976
2416,649.1585658712168
2417,660.2429235886095
2418,663.9327975858624
2419,652.9876564645322
2420,652.9876564645322
2421,649.2876564645321
2422,656.5424240984331
2423,663.9124709615041
2424,671.3060076232899
2425,682.3714460879477
2426,678.7589857467144
2427,649.6151566585414
2428,653.2996368262587
2429,667.9891131907999
2430,693.2212673971181
2431,689.5303892515849
2432,689.5265997532244
2433,704.1380482993667
2434,715.2086837552622
2435,740.9776618350152
2436,773.3163484043613
2437,787.84248555847
2438,806.2210205630472
2439,809.8326540304545
2440,796.0649072567096
2441,781.4035990651514
2442,803.2786073886418
2443,806.976655499501
2444,796.3499462125532
2445,807.4073179485302
2446,793.3056506715798
2447,800.7409082785648
2448,837.1882942208208
2449,851.7387050091398
2450,837.4203893517864
2451,881.0759518525971
2452,899.2827486219537
2453,928.33193728269
2454,950.423423742717
2455,994.3614177455692
2456,1008.812474922014
2457,1041.5603724583068
2458,1074.2692071670745
2459,1081.6924285681366
2460,1107.432328529652
2461,1133.1087933501938
2462,1133.2594040800243
2463,1162.5558078644058
2464,1169.8293122060318
2465,1195.3607628732025
2466,1264.4052068506644
2467,1300.816358931375
2468,1315.1038157141531
2469,1333.280641715607
2470,1373.5210444451247
2471,1388.2051670518356
2472,1384.7368793203295
2473,1392.1290005498813
2474,1388.440692407871
2475,1450.6533866182667
2476,1454.435151588008
2477,1491.0119513218626
2478,1534.4919696814618
2479,1538.1919696814616
2480,1567.3689350751804
2481,1596.503931545923
2482,1614.7640107856034
2483,1638.2041560221899
2484,1660.0783475365913
2485,1684.3600493073982
2486,1710.0990641617987
2487,1742.8334283292095
2488,1775.7564310114808
2489,1815.9000394430882
2490,1819.9509549605282
2491,1827.4340693184683
2492,1827.5468177776258
2493,1835.106778096339
2494,1871.6746953117618
2495,1879.0206287067308
2496,1864.6910269228324
2497,1879.4499254680245
2498,1908.4341252411723
2499,1916.03201694342
2500,1949.1070812172693
2501,1985.4945656559653
2502,2029.5202912335724
2503,2018.7094051809338
2504,2033.3948236451245
2505,2051.7199203608257
2506,2073.793532538868
2507,2081.4753377613506
2508,2095.982231508694
2509,2114.519394954911
2510,2129.294484220689
2511,2136.821351558055
2512,2155.2837248753935
2513,2180.722230723821
2514,2158.772775366926
2515,2191.6792152547155
2516,2191.82641163856
2517,2224.624295784441
2518,2206.500376947488
2519,2184.7600805680277
2520,2177.86334415324
2521,2210.986998127841
2522,2189.0760229987636
2523,2185.5327656141253
2524,2167.5183124245923
2525,2185.905261204706
2526,2175.1075795241773
2527,2186.145724674624
2528,2189.6579892716654
2529,2197.3179037076416
2530,2204.6757148736515
2531,2197.974321416158
2532,2194.5638717831052
2533,2212.9349015994953
2534,2212.9162587104083
2535,2227.78085527268
2536,2249.706631699766
2537,2268.012887087856
2538,2271.7177618145392
2539,2293.460860540919
2540,2322.4857536393897
2541,2329.8048866731456
2542,2344.25251530701
2543,2358.5032362529882
2544,2373.037991299474
2545,2376.784855291484
2546,2416.695155035618
2547,2420.5293667107844
2548,2449.58586847315
2549,2435.3637988843716
2550,2435.5177416911483
2551,2435.578299701951
2552,2450.045058457445
2553,2453.7812039329447
2554,2460.5898161969535
2555,2500.81270551272
2556,2519.154886937427
2557,2526.488126497236
2558,2537.5442631611927
2559,2577.730793361393
2560,2592.42380578808
2561,2607.113208204999
2562,2596.064153027202
2563,2592.368161954428
2564,2607.3468357973456
2565,2589.073818748309
2566,2578.1912215295647
2567,2571.0846854246824
2568,2571.2452974073763
2569,2547.378863398163
2570,2558.4910842039544
2571,2536.8556618472394
2572,2555.7918749711116
2573,2552.3132889824215
2574,2558.119178195723
2575,2536.3085318707062
2576,2547.6994133977396
2577,2562.2840666235415
2578,2551.4872143641815
2579,2569.546077174718
2580,2584.0930517138886
2581,2580.1942283190047
2582,2569.2912086692636
2583,2561.9268842478054
2584,2554.584664428439
2585,2539.963064268379
2586,2543.605376921495
2587,2568.9455282925146
2588,2601.4811751643815
2589,2579.6462335418432
2590,2575.960996767687
2591,2579.6898328925304
2592,2594.4595892494613
2593,2550.714789286296
2594,2572.3264207063926
2595,2571.9536539357437
2596,2583.031740249197
2597,2616.0066168957587
2598,2601.6188842275365
2599,2583.2404871223334
2600,2565.1459878770456
2601,2532.2763150698356
2602,2539.740449695439
2603,2547.2590104266415
2604,2569.1279881648
2605,2565.4143850008154
2606,2580.3276071933037
2607,2558.378783571135
2608,2536.6551162341516
2609,2522.121271668656
2610,2521.932535994326
2611,2525.580708461409
2612,2485.348843800073
2613,2470.8090221797756
2614,2459.8971681184794
2615,2427.1659056228427
2616,2427.1659056228427
2617,2449.1265587912158
2618,2442.159844139548
2619,2434.4285555192787
2620,2445.332915559721
2621,2409.0597786025623
2622,2408.7212025112403
2623,2401.38167666116
2624,2368.4837993824426
2625,2372.045605870688
2626,2386.787044332198
2627,2350.5037886487926
2628,2354.190089958644
2629,2346.8064765697018
2630,2302.9874140137263
2631,2306.6845819071486
2632,2288.387295225322
2633,2306.213994898299
2634,2273.4679206186024
2635,2262.4918958416547
2636,2255.4038777685782
2637,2222.5643157220643
2638,2218.857967155888
2639,2189.612030685639
2640,2171.3508787153964
2641,2131.1460902696804
2642,2116.4955089796713
2643,2134.7822534439006
2644,2138.54554042707
2645,2138.5471067107655
2646,2134.9381998866015
2647,2127.549418850885
2648,2102.023541207453
2649,2087.325652893837
2650,2047.127974003155
2651,2054.3501304744054
2652,2058.022032794345
2653,2072.6020673809935
2654,2061.485374944924
2655,2046.8619227763002
2656,2021.4105529287315
2657,1981.3672053944813
2658,1981.3570670865472
2659,1973.968180593368
2660,1941.3396742009663
2661,1912.0749325943773
2662,1890.058288074149
2663,1875.31506620012
2664,1860.65723477879
2665,1846.0404011293056
2666,1838.663155066664
2667,1835.0457236098684
2668,1827.667396028089
2669,1805.897243321576
2670,1780.2462380810407
2671,1780.2462380810407
2672,1765.6932974603978
2673,1751.0985343096763
2674,1740.0125495926825
2675,1707.043376978763
2676,1696.0067969878673
2677,1692.3116735385638
2678,1680.9887237841115
2679,1677.2889617733263
2680,1644.6012096640698
2681,1648.2885461694493
2682,1615.4787441619812
2683,1611.8926366681685
2684,1604.5099337194024
2685,1608.1949812071819
2686,1608.1949812071819
2687,1608.1949812071819
2688,1600.815162084709
2689,1597.1231270174976
2690,1589.726436583089
2691,1586.0285881468033
2692,1553.254106215435
2693,1545.8798635083901
2694,1520.6469863361121
2695,1516.9595191377316
2696,1502.2978515246768
2697,1483.8430487026683
2698,1465.59866964484
2699,1458.2308165264785
2700,1465.532061269831
2701,1454.4611380065985
2702,1439.8047402818358
2703,1439.3551644460656
2704,1409.9170409050328
2705,1406.2291848590755
2706,1398.8499218726377
2707,1391.4692575506692
2708,1380.5549392849946
2709,1376.6211868178495
2710,1362.0064656777615
2711,1362.0124528306726
2712,1350.73628959594
2713,1339.7025012961712
2714,1321.3788769636867
2715,1313.9995869512263
2716,1321.200174089855
2717,1302.8844932051654
2718,1309.9401591080243
2719,1298.8849908883433
2720,1276.855883857419
2721,1273.13345195668
2722,1240.1431191574188
2723,1229.1857521077322
2724,1229.1857521077322
2725,1225.4985588906013
2726,1225.4957148470603
2727,1218.3767371442186
2728,1178.3119554282086
2729,1182.0065307615027
2730,1174.624141015344
2731,1170.9479020601946
2732,1156.3107233631663
2733,1141.5537211797573
2734,1130.482667199726
2735,1119.4214552973117
2736,1115.7253362557663
2737,1104.646544785651
2738,1100.9466792234175
2739,1097.2613768304475
2740,1075.2373213861908
2741,1075.2373213861908
2742,1071.397428478744
2743,1060.4521290992068
2744,1027.2010443481956
2745,1012.4177130203461
2746,1005.025521678616
2747,1001.325990589561
2748,990.2511888972913
2749,982.8795420750906
2750,979.1903233876541
2751,961.5408427200773
2752,936.1374465717985
2753,928.7436405305579
2754,913.9758281489612
2755,888.2968480176283
2756,877.3509082915855
2757,851.6846847422385
2758,844.3186630933958
2759,836.93296395698
2760,836.8631519605916
2761,829.4806087704736
2762,833.163239742376
2763,833.163239742376
2764,822.2314840520364
2765,833.0818502544859
2766,833.0818502544859
2767,822.1044411226568
2768,822.0833238539597
2769,822.0833238539597
2770,818.3971782043182
2771,811.0003449148411
2772,811.0033938608818
2773,799.9327595626249
2774,799.9327595626249
2775,792.5549871875883
2776,785.1839111524096
2777,785.1839111524096
2778,766.826173358723
2779,759.4423135848202
2780,759.4423135848202
2781,755.7512662520132
2782,752.0711186422304
2783,748.374298998761
2784,744.6862499267755
2785,744.6862499267755
2786,740.8989039552824
2787,726.2638448889601
2788,726.2839272649541
2789,733.5337174904005
2790,722.5510164129942
2791,729.8219391822673
2792,729.8264898871473
2793,726.1284417762881
2794,722.4720152016662
2795,707.8453111368633
2796,693.2134589003225
2797,674.872480196483
2798,682.0914545156621
2799,689.0807306520716
2800,681.7098031473469
2801,692.2146508830783
2802,688.5267959837335
2803,673.8272657656631
2804,666.545310426817
2805,662.8568868740322
2806,655.4708333891465
2807,637.1657857146865
2808,633.5436718807655
2809,626.1781514750373
2810,615.0042262081001
2811,600.3176696321821
2812,596.6192292449534
2813,592.9192292449534
2814,592.9192292449534
2815,585.5312499577633
2816,574.4576357480043
2817,570.7626755538813
2818,570.7626755538813
2819,570.7626755538813
2820,567.0649051959671
2821,556.5600574602356
2822,545.4883163317378
2823,545.4883163317378
2824,534.4181735004514
2825,530.7181735004515
2826,516.3476592923968
2827,508.9789028628278
2828,508.9789028628278
2829,505.29044370445376
2830,501.59534493015053
2831,497.9006439042737
2832,497.9006439042737
2833,494.22250467694596
2834,515.8825561998458
2835,512.1957668400057
2836,504.8121151799312
2837,504.8121151799312
2838,493.72965437341315
2839,500.8062949100511
2840,500.8062949100511
2841,486.22074423549606
2842,478.83500805421033
2843,475.1476715488308
2844,460.3864330819068
2845,456.78367038673434
2846,449.39063821742025
2847,449.39063821742025
2848,445.691772782023
2849,458.5293704846124
2850,447.4621985922663
2851,447.4621985922663
2852,430.9279921622908
2853,430.9279921622908
2854,427.23547475512555
2855,423.5400767939716
2856,423.5400767939716
2857,423.4070981986729
2858,423.4070981986729
2859,416.01687195119837
2860,423.36856460740614
2861,408.71062265266494
2862,405.0106481622595
2863,405.0106481622595
2864,405.0106481622595
2865,401.31213727635145
2866,397.61785680636734
2867,397.61785680636734
2868,397.61785680636734
2869,400.7006000024139
2870,400.69072671313245
2871,389.9659133934189
2872,382.6320442942187
2873,378.93217467987455
2874,378.87990255308875
2875,364.24716851465604
2876,360.5510028771298
2877,364.2505109848156
2878,367.9371708555415
2879,378.56366558858673
2880,367.604120494572
2881,349.44457648054095
2882,345.7499315577226
2883,334.8020796484416
2884,320.6393788181289
2885,316.9447317447538
2886,316.9447317447538
2887,316.9447317447538
2888,316.9447317447538
2889,313.25176911264083
2890,309.5573111717393
2891,305.86382543900476
2892,305.86382543900476
2893,305.86382543900476
2894,302.1748354462263
2895,291.1774140823309
2896,287.4798489563496
2897,287.4798489563496
2898,280.08843447098747
2899,276.39180837194994
2900,276.39180837194994
2901,276.397297035825
2902,280.0885450566995
2903,276.39739664116536
2904,262.08715275957803
2905,262.08715275957803
2906,258.39628699819116
2907,254.69973778488662
2908,254.69973778488662
2909,247.30721066980578
2910,243.59935675383258
2911,239.90632567109498
2912,236.21475376463508
2913,232.52211609673634
2914,232.52211609673634
2915,228.83008933311044
2916,228.83008933311044
2917,221.48572932776517
2918,217.79004265088156
2919,217.79004265088156
2920,217.79004265088156
2921,210.40032642094883
2922,206.70413265441198
2923,206.70413265441198
2924,206.70413265441198
2925,203.00561701463187
2926,192.0696229726105
2927,184.67555671266717
2928,177.32907239468398
2929,166.2499511959835
2930,162.55091259254874
2931,162.55091259254874
2932,162.55091259254874
2933,162.55091259254874
2934,162.55091259254874
2935,158.85607645644478
2936,155.16590536380113
2937,155.16590536380113
2938,158.8242128988192
2939,155.12904727614944
2940,155.12904727614944
2941,155.12904727614944
2942,151.42938679009467
2943,151.42938679009467
2944,151.42938679009467
2945,151.42938679009467
2946,151.42938679009467
2947,144.0387886616422
2948,144.0387886616422
2949,144.0387886616422
2950,144.00543946409203
2951,144.00543946409203
2952,144.00543946409203
2953,154.77159514251682
2954,151.0744039477638
2955,151.0744039477638
2956,151.0744039477638
2957,147.38372701781327
2958,147.38372701781327
2959,143.68405580460953
2960,139.9888379088547
2961,139.9888379088547
2962,136.29628161262255
2963,132.59828763968864
2964,128.90179523590405
2965,128.90179523590405
2966,128.90179523590405
2967,132.60179523590404
2968,132.60179523590404
2969,132.60179523590404
2970,132.60179523590404
2971,132.60179523590404
2972,139.63799901378633
2973,128.87184333536155
2974,128.87184333536155
2975,128.87184333536155
2976,128.87184333536155
2977,128.87184333536155
2978,128.87184333536155
2979,136.1380083619911
2980,143.4216840252182
2981,143.4216840252182
2982,139.73741908765155
2983,139.73741908765155
2984,139.73741908765155
2985,136.0445466158352
2986,136.0445466158352
2987,136.0445466158352
2988,132.35587616837293
2989,132.35587616837293
2990,132.35587616837293
2991,132.35587616837293
2992,132.35587616837293
2993,132.35587616837293
2994,128.6597189842583
2995,124.95971898425829
2996,114.22459672542966
2997,114.22459672542966
2998,114.22459672542966
2999,110.53053234767964
3000,110.53574166196803
3001,106.84715233441837
3002,106.84715233441837
3003,106.84715233441837
3004,106.84715233441837
3005,103.14731696571033
3006,103.14731696571033
3007,95.75324882211552
3008,95.75324882211552
3009,95.75324882211552
3010,95.75324882211552
3011,92.09608075571681
3012,92.09608075571681
3013,92.09608075571681
3014,92.09608075571681
3015,88.40483273484229
3016,88.40483273484229
3017,88.40483273484229
3018,84.70866885466914
3019,73.73046605225943
3020,73.73046605225943
3021,73.73046605225943
3022,73.73046605225943
3023,73.73046605225943
3024,73.73046605225943
3025,77.42401900738497
3026,81.1238823934216
3027,77.46557485840351
3028,77.46557485840351
3029,77.46557485840351
3030,77.46557485840351
3031,73.77135013114403
3032,73.77135013114403
3033,73.77135013114403
3034,73.77135013114403
3035,77.47135013114404
3036,73.77135013114403
3037,73.77135013114403
3038,62.82046608572035
3039,62.82046608572035
3040,62.82046608572035
3041,62.82046608572035
3042,62.82046608572035
3043,62.82046608572035
3044,59.123180467445685
3045,59.123180467445685
3046,59.123180467445685
3047,59.123180467445685
3048,59.123180467445685
3049,59.123180467445685
3050,59.123180467445685
3051,59.123180467445685
3052,59.123180467445685
3053,59.123180467445685
3054,59.123180467445685
3055,59.123180467445685
3056,59.123180467445685
3057,59.123180467445685
3058,55.42528832343642
3059,55.42528832343642
3060,51.73117059617453
3061,51.73117059617453
3062,51.73117059617453
3063,51.73117059617453
3064,51.73117059617453
3065,51.73117059617453
3066,51.73117059617453
3067,51.73117059617453
3068,51.73117059617453
3069,55.43117059617453
3070,55.43117059617453
3071,55.43117059617453
3072,51.73728472302023
3073,51.73728472302023
3074,51.73728472302023
3075,48.03808355008862
3076,48.03808355008862
3077,48.03808355008862
3078,51.71141762931968
3079,51.71141762931968
3080,51.71141762931968
3081,51.71141762931968
3082,51.71141762931968
3083,62.691868730056534
3084,62.691868730056534
3085,62.691868730056534
3086,62.691868730056534
3087,66.38756417649974
3088,66.38756417649974
3089,66.38756417649974
3090,66.38756417649974
3091,70.06371857368138
3092,70.06371857368138
3093,70.06371857368138
3094,70.06371857368138
3095,70.06371857368138
3096,70.06371857368138
3097,70.06371857368138
3098,73.72226269592191
3099,77.4059931454212
3100,77.4059931454212
3101,77.4059931454212
3102,77.4059931454212
3103,81.0969786374322
3104,81.0969786374322
3105,81.0969786374322
3106,84.78473679010428
3107,84.78473679010428
3108,84.78473679010428
3109,81.0864877464425
3110,81.0864877464425
3111,81.0864877464425
3112,84.7864877464425
3113,84.7864877464425
3114,84.7864877464425
3115,84.7864877464425
3116,84.7864877464425
3117,84.7864877464425
3118,95.48305716148408
3119,95.48305716148408
3120,95.48305716148408
3121,95.48305716148408
3122,99.07183965946845
3123,99.07183965946845
3124,99.07183965946845
3125,99.07183965946845
3126,102.77183965946845
3127,99.08309416180056
3128,99.08309416180056
3129,95.49431166381619
3130,106.46033774619364
3131,110.13503833782305
3132,110.13503833782305
3133,106.4354346738247
3134,117.4354346738247
3135,113.73677935759954
3136,113.73677935759954
3137,110.04108391115635
3138,99.34451449611478
3139,103.02337308286344
3140,103.02337308286344
3141,103.02337308286344
3142,103.02337308286344
3143,103.02337308286344
3144,103.02337308286344
3145,106.71534800739718
3146,106.71534800739718
3147,106.71534800739718
3148,106.71534800739718
3149,106.71534800739718
3150,103.02868813667126
3151,106.71693282495447
3152,88.33428317702892
3153,88.33428317702892
3154,88.33428317702892
3155,99.33428317702892
3156,99.33428317702892
3157,95.64146450979644
3158,95.64146450979644
3159,95.64146450979644
3160,91.94146450979643
3161,91.94146450979643
3162,91.94146450979643
3163,88.2829203875559
3164,88.2829203875559
3165,88.2829203875559
3166,88.2829203875559
3167,88.2829203875559
3168,88.2829203875559
3169,88.2829203875559
3170,88.2829203875559
3171,88.2829203875559
3172,91.86995587185613
3173,91.86995587185613
3174,95.56373492945445
3175,95.56373492945445
3176,91.89040085022339
3177,91.89040085022339
3178,91.89040085022339
3179,91.89040085022339
3180,95.55307549375826
3181,91.87837490212885
3182,91.87837490212885
3183,91.87837490212885
3184,95.57837490212886
3185,106.55814155812924
3186,106.55814155812924
3187,110.21219772673128
3188,110.21219772673128
3189,113.91219772673128
3190,113.91219772673128
3191,110.23604332954963
3192,113.92942516905345
3193,113.92942516905345
3194,113.92942516905345
3195,113.92942516905345
3196,113.92942516905345
3197,113.92942516905345
3198,110.35463153208113
3199,110.35463153208113
3200,121.25643412593227
3201,121.25643412593227
3202,121.25643412593227
3203,121.25643412593227
3204,121.25643412593227
3205,110.29040804355479
3206,110.29040804355479
3207,110.29040804355479
3208,110.29040804355479
3209,110.29040804355479
3210,110.29040804355479
3211,110.29040804355479
3212,110.29040804355479
3213,110.29040804355479
3214,99.29040804355479
3215,99.29040804355479
3216,99.29040804355479
3217,99.29040804355479
3218,99.29040804355479
3219,99.29040804355479
3220,99.29040804355479
3221,102.89239838670221
3222,110.26754871407763
3223,110.26754871407763
3224,110.26754871407763
3225,110.26754871407763
3226,110.26754871407763
3227,110.26754871407763
3228,121.26754871407763
3229,110.28709761334078
3230,110.28709761334078
3231,113.98709761334078
3232,113.98709761334078
3233,113.98709761334078
3234,121.38399198338816
3235,121.38399198338816
3236,121.38399198338816
3237,125.08399198338816
3238,128.78399198338815
3239,128.78399198338815
3240,128.78399198338815
3241,128.78399198338815
3242,128.78399198338815
3243,132.47536784005513
3244,143.26388818653342
3245,143.26388818653342
3246,139.60121354299855
3247,139.60121354299855
3248,139.60121354299855
3249,139.60121354299855
3250,143.2944937920927
3251,154.24936620107826
3252,161.39952050908633
3253,175.30409007169928
3254,175.30409007169928
3255,171.70209972855184
3256,171.70209972855184
3257,179.09319990687754
3258,200.81722083358284
3259,211.1878078953976
3260,225.88780789539763
3261,225.88780789539763
3262,235.61224614939408
3263,239.31224614939407
3264,214.89869239522758
3265,218.5986923952276
3266,218.5986923952276
3267,218.5986923952276
3268,218.5986923952276
3269,208.32526940513947
3270,218.68209204935718
3271,215.12798510635
3272,201.05739804453523
3273,201.05739804453523
3274,215.08975288489498
3275,215.08294545806996
3276,218.76605146322058
3277,208.3840598865579
3278,222.72659886592558
3279,237.4265988659256
3280,233.73835417764238
3281,237.42898608738025
3282,251.9873807288805
3283,259.3710902938984
3284,288.48725420039125
3285,292.3390610298589
3286,314.1121324412412
3287,314.1121324412412
3288,296.27642120531453
3289,296.5279462481556
3290,300.22794624815566
3291,293.1926293915721
3292,285.81377080482343
3293,304.14849608838585
3294,311.50073550729826
3295,318.85465349402546
3296,333.4967118423151
3297,340.89434966116835
3298,370.18816066479144
3299,377.5727049051553
3300,392.0524548764861
3301,395.71537828382577
3302,399.3749822459429
3303,392.2707717693328
3304,395.9707717693327
3305,395.9707717693327
3306,432.37180905087695
3307,428.65747931522765
3308,417.753516216066
3309,417.753516216066
3310,407.07665292103115
3311,425.0512074793456
3312,450.71557454452585
3313,461.7212081092093
3314,483.77110963004355
3315,483.7689111278038
3316,501.93360874410286
3317,505.6100834204603
3318,512.9489887650843
3319,512.898905003035
3320,516.598905003035
3321,520.2973284020594
3322,531.2973284020594
3323,556.9645819257149
3324,567.7765071157063
3325,571.4502620922999
3326,575.1502402674267
3327,575.1464890636125
3328,564.3351968146844
3329,579.1148105323612
3330,593.6759931944199
3331,593.441365081109
3332,571.441365081109
3333,567.7413650811089
3334,578.8074032441831
3335,604.1551753920024
3336,629.4176033602554
3337,618.4176033602554
3338,614.8072729003836
3339,629.400800160269
3340,636.7829437264652
3341,633.0829437264651
3342,644.1622026837381
3343,658.5464657280585
3344,669.666133333631
3345,665.7829107296584
3346,684.0238937089513
3347,687.6793342996049
3348,698.6760813293432
3349,702.4918074640902
3350,713.4192561466248
3351,709.866968317455
3352,728.2380385741795
3353,746.5000956720727
3354,731.8000956720728
3355,724.5551509381509
3356,753.3837745496603
3357,771.7035622856491
3358,790.0671509777884
3359,786.9922009267939
3360,801.6201714229753
3361,787.1532740861492
3362,780.0144694067033
3363,783.6751047804271
3364,794.6701672213934
3365,805.3588589379297
3366,805.3645841729991
3367,823.1983079343006
3368,837.7532747301805
3369,881.2509017593545
3370,903.4095380001822
3371,885.4170304458544
3372,889.1094754302251
3373,892.3513697833905
3374,892.3513697833905
3375,878.2466510428546
3376,871.4940522090466
3377,889.7718225754071
3378,893.5119006112113
3379,911.5473319819457
3380,922.572298121022
3381,911.7615306182203
3382,901.0538281194104
3383,901.0538281194104
3384,904.7140561496105
3385,915.1360532940752
3386,924.2468358251201
3387,927.9791885939967
3388,939.4773381859831
3389,935.9068962040803
3390,939.5467840292345
3391,935.937674774317
3392,908.8524203207332
3393,894.3142166260893
3394,905.0443871840432
3395,901.561854347809
3396,901.6284786353397
3397,937.8070476302258
3398,923.3259918079798
3399,927.0826192337647
3400,945.3332610899489
3401,966.1990389264023
3402,962.5402776279905
3403,955.3473021251822
3404,969.9884391877137
3405,973.6787178041674
3406,969.9826745103363
3407,948.1331094319875
3408,966.6503052730335
3409,978.767564853587
3410,989.6162250986785
3411,989.6081774369015
3412,1006.9598890838911
3413,992.5859778933859
3414,992.8542575294707
3415,982.2993947399027
3416,978.7718547447184
3417,975.2150722002623
3418,989.7753477743145
3419,993.4975759886782
3420,990.0264398456733
3421,987.3585608356367
3422,998.3251713438045
3423,1002.0284835872886
3424,991.0462849622403
3425,972.937482712413
3426,972.9238453502061
3427,984.0134739690842
3428,976.7696552008215
3429,980.4454501770016
3430,1008.1577504168855
3431,997.2517198765694
3432,1015.4619741572873
3433,1029.8032610750274
3434,1034.8141037388486
3435,1027.6016038695675
3436,1020.4540803491896
3437,1024.1859970558698
3438,1017.0876037310218
3439,1013.5155771045072
3440,1006.0426463292788
3441,1013.4354106678804
3442,1009.7354106678805
3443,1024.2403118778507
3444,1020.5579441221577
3445,1031.5268872860536
3446,1056.9645406398631
3447,1042.6674823184687
3448,1064.6503492166883
3449,1050.0744673718248
3450,1071.6108205155344
3451,1082.5508204426549
3452,1057.180838925049
3453,1060.9638141116193
3454,1060.9638141116193
3455,1068.279108635823
3456,1057.6844086672568
3457,1072.3540087880565
3458,1079.5928158162696
3459,1083.283262766958
3460,1083.2905805935432
3461,1101.5274732150044
3462,1119.7152154922048
3463,1123.3913261286878
3464,1134.409341842799
3465,1112.597278707777
3466,1112.5993140758037
3467,1097.9877878680836
3468,1086.9975892021034
3469,1112.5095707660964
3470,1112.5084491948812
3471,1130.8732024501353
3472,1138.151025201161
3473,1152.94908182661
3474,1167.4595506866592
3475,1167.3374011834408
3476,1167.1266471940971
3477,1174.425038924852
3478,1160.0867080863568
3479,1174.6592881773122
3480,1182.0331213045345
3481,1182.0557872297957
3482,1192.9290809173192
3483,1200.2009469773627
3484,1200.2325723666524
3485,1189.1478766325795
3486,1207.3663092489473
3487,1218.3514809327019
3488,1243.781566908622
3489,1221.889953798827
3490,1214.6849541101128
3491,1214.6937495471525
3492,1218.3862790629441
3493,1203.8082169359325
3494,1189.2310524773459
3495,1185.5480122073643
3496,1170.9566977184254
3497,1185.308698182218
3498,1185.5673662166707
3499,1178.2240439046889
3500,1167.5006093710804
3501,1171.1995557554355
3502,1160.3741270454573
3503,1174.8134878744552
3504,1178.4982307501978
3505,1167.5277571258264
3506,1167.5277571258264
3507,1167.5277571258264
3508,1163.864753926215
3509,1163.864753926215
3510,1142.0243562928056
3511,1145.69143382754
3512,1142.1957541694353
3513,1131.5353210529786
3514,1127.8556478623016
3515,1106.0753927112792
3516,1098.9506276828563
3517,1102.4346266177859
3518,1109.7080406173209
3519,1098.9526941734139
3520,1102.6394533138132
3521,1098.9424761645987
3522,1095.3931770627914
3523,1095.4020529365425
3524,1099.0907051239828
3525,1073.6863139819825
3526,1073.676794483304
3527,1073.676794483304
3528,1059.0910066995943
3529,1040.8263799532397
3530,1040.8263799532397
3531,1029.8815326921313
3532,1029.8815326921313
3533,1029.8815326921313
3534,1059.1213160905486
3535,1059.1213160905486
3536,1044.4400077392766
3537,1037.2292891865377
3538,1037.2292891865377
3539,1011.5897391365907
3540,1007.9091278701833
3541,982.3688567470884
3542,982.3688567470884
3543,982.3688567470884
3544,964.0698330748199
3545,960.3940380986397
3546,934.9908832222131
3547,931.3099541919358
3548,927.6292001340954
3549,916.6307499400566
3550,902.0147801707967
3551,876.4254854092287
3552,847.151447332199
3553,839.776248620902
3554,836.0842299770014
3555,832.3947108545589
3556,832.3947108545589
3557,832.3947108545589
3558,817.7279011393404
3559,803.1660227313116
3560,806.6148458619055
3561,795.6851448226732
3562,795.6851448226732
3563,781.0471731076432
3564,773.6570279263801
3565,759.0294137193406
3566,754.893980785847
3567,754.893980785847
3568,751.2186421373111
3569,743.8186421373111
3570,736.4316652505913
3571,721.7620305865688
3572,718.0744570901144
3573,718.0744570901144
3574,711.1776496579702
3575,711.1776496579702
3576,714.5921539264742
3577,699.9148313067361
3578,677.9286576831213
3579,674.2627678342097
3580,666.8733375836314
3581,677.821298782486
3582,656.0127342125619
3583,652.3195856520192
3584,648.6314657175441
3585,648.6314657175441
3586,648.6314657175441
3587,644.949559219172
3588,637.555837202786
3589,630.1600778351951
3590,622.7707458222975
3591,619.080298871609
3592,615.3823848837783
3593,619.0221230733282
3594,611.7132329641646
3595,593.348887128855
3596,593.348887128855
3597,593.348887128855
3598,593.348887128855
3599,589.6504698237623
3600,589.6504698237623
3601,585.9645132117323
3602,582.2748548336893
3603,585.9646337742586
3604,571.3505987983003
3605,556.7394883502033
3606,556.7394883502033
3607,549.35672976608
3608,553.0450831369194
3609,553.0450831369194
3610,553.0450831369194
3611,549.3598001513184
3612,553.0598001513184
3613,549.3836895148356
3614,541.9996830628161
3615,531.22477832862
3616,542.01653575962
3617,542.01653575962
3618,538.3200841162958
3619,534.6237132568443
3620,538.3214827722239
3621,531.0446324633251
3622,516.355817671348
3623,508.97476728328456
3624,519.7495112228742
3625,516.0505648385188
3626,530.3409151284859
3627,526.6460975185113
3628,526.6460975185113
3629,526.6460975185113
3630,526.6460975185113
3631,526.6460975185113
3632,526.6460975185113
3633,526.6460975185113
3634,533.9529049453363
3635,523.0049437464817
3636,523.0049437464817
3637,530.2156560938232
3638,526.5250185056244
3639,530.2128143843427
3640,541.0333305172287
3641,548.4135943665719
3642,544.7259230280705
3643,544.7259230280705
3644,555.7181653036566
3645,552.1331348607075
3646,541.0603217258864
3647,537.4205835363366
3648,548.2705157597129
3649,537.2007597712234
3650,537.2007597712234
3651,540.8936851109921
3652,537.1936851109922
3653,522.5891075790275
3654,522.583911437741
3655,522.5746266622226
3656,511.9116982436476
3657,519.1982547121106
3658,519.1894293617926
3659,515.4906850527085
3660,511.803557459933
3661,493.478882052475
3662,489.7903606971455
3663,486.10170850970496
3664,497.10118412015015
3665,493.407786497631
3666,493.407786497631
3667,489.70866423260225
3668,489.70866423260225
3669,486.010784038447
3670,482.3249632653291
3671,474.93106324462155
3672,464.15631930503196
3673,464.15631930503196
3674,456.7563193050319
3675,453.06155446079686
3676,453.06155446079686
3677,438.55340606168625
3678,442.22287010122744
3679,445.91227113072586
3680,442.2231487783134
3681,442.2231487783134
3682,442.2231487783134
3683,440.6913209215169
3684,451.51545825618695
3685,447.81644370945526
3686,445.6505334798101
3687,463.47325849464715
3688,463.47325849464715
3689,452.47325849464715
3690,437.88370592645697
3691,437.88370592645697
3692,437.88370592645697
3693,437.89402935280305
3694,437.89402935280305
3695,437.89402935280305
3696,426.80585177160674
3697,423.1107272004158
3698,423.1107272004158
3699,412.24059920312334
3700,408.550001750773
3701,408.550001750773
3702,404.86525887503035
3703,394.015326651654
3704,401.41532665165397
3705,412.3516947819739
3706,412.3516947819739
3707,412.33159110270026
3708,412.33159110270026
3709,408.64826715507496
3710,408.64826715507496
3711,408.64826715507496
3712,397.72033241190064
3713,376.05633122572783
3714,376.05633122572783
3715,368.6701775715314
3716,368.6701775715314
3717,364.97434406396326
3718,368.6631162942528
3719,372.34377460664433
3720,383.0935860448852
3721,383.0935860448852
3722,394.036690754501
3723,394.0208502648852
3724,390.3303050230177
3725,386.64122047499905
3726,386.64122047499905
3727,386.64317000617905
3728,386.64317000617905
3729,386.64317000617905
3730,386.64317000617905
3731,386.64317000617905
3732,382.9476691460517
3733,382.8989552987125
3734,382.86402893305376
3735,382.86402893305376
3736,386.56091496153897
3737,386.56091496153897
3738,397.2998240183248
3739,400.9821757884075
3740,411.97641350240804
3741,411.97641350240804
3742,393.8300517763555
3743,386.44637494584515
3744,382.74771103269825
3745,382.74771103269825
3746,375.4482354222531
3747,371.7494005074036
3748,368.0616272965184
3749,364.3857187626734
3750,360.696016746186
3751,360.696016746186
3752,360.696016746186
3753,357.00049922910387
3754,346.12327058305374
3755,349.82192846471855
3756,353.51656176751305
3757,342.5803582332755
3758,338.8803582332755
3759,338.8803582332755
3760,338.8803582332755
3761,335.18601137028213
3762,324.32728754161803
3763,324.32728754161803
3764,320.63336045840344
3765,316.94060337948184
3766,313.2498203289209
3767,313.2498203289209
3768,313.2498203289209
3769,324.23277506170723
3770,327.9276480307931
3771,327.9276480307931
3772,317.1746692213029
3773,313.4778502611256
3774,313.4760320526494
3775,309.7760320526494
3776,306.09051363555704
3777,302.3914764546728
3778,300.3096803084753
3779,292.91414284314027
3780,283.9167723960173
3781,280.2743753229174
3782,280.2743753229174
3783,283.9432454145534
3784,283.9432454145534
3785,283.9432454145534
3786,287.6217382409285
3787,291.3159243526207
3788,295.0051342646578
3789,305.9177183158061
3790,309.6160759867912
3791,309.6160759867912
3792,309.6160759867912
3793,309.6160759867912
3794,305.9239734686418
3795,305.8942071280968
3796,298.49931245687065
3797,294.81032660814816
3798,294.81032660814816
3799,291.1113307656881
3800,291.1113307656881
3801,291.1113307656881
3802,301.7617265398351
3803,294.37115717282427
3804,316.23732183561765
3805,316.23732183561765
3806,316.23732183561765
3807,316.2475428950484
3808,312.54754289504837
3809,319.9211877292078
3810,319.9211877292078
3811,319.9211877292078
3812,323.6181277931173
3813,327.29865006594406
3814,316.335965983956
3815,316.33596598395593
3816,312.6553076715644
3817,323.6553076715644
3818,323.6553076715644
3819,334.54423199076336
3820,330.86902585108356
3821,345.5593339437385
3822,345.5485325874811
3823,345.5013666929567
3824,345.5013666929567
3825,349.16314577276694
3826,349.16314577276694
3827,349.4266669107989
3828,349.43688820176953
3829,345.6438764267738
3830,367.70162381393584
3831,375.06476385324845
3832,389.67359633611693
3833,400.67359633611693
3834,404.34640751298997
3835,404.34640751298997
3836,407.9941771069249
3837,404.30622134983184
3838,411.67304490462686
3839,411.67304490462686
3840,415.1641457259649
3841,415.1641457259649
3842,454.64653469691166
3843,469.2890227946991
3844,465.58902279469913
3845,461.89583074093423
3846,461.8948309097047
3847,465.6660418178121
3848,458.46578446689887
3849,455.01016094612396
3850,447.7732735934237
3851,451.4732735934237
3852,451.4732735934237
3853,474.0428693650131
3854,481.4428693650131
3855,488.67976176497365
3856,506.96614595664823
3857,510.6658145560587
3858,499.8514360818621
3859,525.4100413501224
3860,529.1051087074429
3861,547.4393693587325
3862,572.9872482565127
3863,565.8776903224594
3864,598.3996183510369
3865,605.7246256711132
3866,609.3886148798106
3867,631.2363398432947
3868,642.2977164086269
3869,667.811370894736
3870,693.4754962073255
3871,689.7777797774979
3872,697.0053570322054
3873,711.7195624162249
3874,729.8762511875327
3875,740.9602599458574
3876,762.6513697527303
3877,766.3809623291841
3878,810.2147149904036
3879,832.0900774875012
3880,864.5726415781819
3881,868.263417189738
3882,857.1750390507838
3883,857.182289491329
3884,868.2416405329927
3885,868.2515581976593
3886,886.520486417
3887,879.2676523115243
3888,882.9654184165153
3889,894.0093541479089
3890,904.9911517533776
3891,908.6865313165312
3892,909.0583498108456
3893,934.3806797128991
3894,949.1757437877997
3895,956.5493639354721
3896,963.904446097941
3897,988.5538180714876
3898,1010.6653104107259
3899,1020.5452955474284
3900,1024.0850904980423
3901,1031.4778019355672
3902,1010.055151997374
3903,1035.4102722298373
3904,1050.1880840223623
3905,1068.4307521682863
3906,1062.3300882343165
3907,1080.7658488178577
3908,1049.1253756441542
3909,1063.5158820362255
3910,1078.3397882143472
3911,1071.35771525951
3912,1093.1482064077077
3913,1118.7198528902004
3914,1115.3435676738748
3915,1129.7816738805982
3916,1144.409080147274
3917,1177.0842488913165
3918,1184.4268024117412
3919,1170.2436900891864
3920,1173.9862539639296
3921,1210.6718633754624
3922,1240.0440128435896
3923,1240.0118192936916
3924,1251.191102082472
3925,1262.2483329774393
3926,1269.647509229174
3927,1269.8858852941212
3928,1291.7359656599633
3929,1317.2710480327635
3930,1328.1200119364332
3931,1353.212663326331
3932,1338.5673140725105
3933,1334.9529681387312
3934,1367.7467283319033
3935,1400.8269666673314
3936,1390.0267194885023
3937,1375.6139747735033
3938,1390.1995876181008
3939,1415.5212703488066
3940,1440.8982120521564
3941,1422.7521030886871
3942,1448.6728307683452
3943,1455.9433284939225
3944,1506.5677148928592
3945,1528.5201063880468
3946,1532.0969039873773
3947,1540.1087066266884
3948,1543.7838594459188
3949,1551.1620505700819
3950,1551.5067195933973
3951,1587.989094720142
3952,1573.544625457502
3953,1606.1848573171974
3954,1599.0736677386776
3955,1595.3748738978547
3956,1606.6630947289682
3957,1603.3652013939798
3958,1600.1190582601776
3959,1611.1865088315544
3960,1611.253559457048
3961,1629.610647337504
3962,1669.591531694435
3963,1677.008494874543
3964,1695.2166933175608
3965,1691.555111079041
3966,1695.4584621950644
3967,1710.218962131038
3968,1743.122433293435
3969,1790.748033088823
3970,1816.294980259236
3971,1831.0086631164786
3972,1842.0672952322661
3973,1853.1243794834254
3974,1860.4483634748797
3975,1897.0736658792157
3976,1922.6439973668726
3977,1951.5241475953983
3978,1988.0988944447251
3979,1987.5122243266408
3980,2005.5877494906356
3981,2038.1731116300966
3982,2078.140268797849
3983,2107.4293845056873
3984,2121.8627673986857
3985,2147.6403356915976
3986,2169.7083787210627
3987,2206.605148764939
3988,2224.212252421356
3989,2235.5815409416505
3990,2293.8420138238785
3991,2293.339458661774
3992,2297.02840164809
3993,2326.451520924209
3994,2351.9958800697477
3995,2341.1310690259124
3996,2359.5593021333316
3997,2382.2267243158467
3998,2411.44081777145
3999,2415.1149847463803
4000,2411.479697850125
4001,2368.2117462567953
4002,2357.3693651017884
4003,2343.0152796299967
4004,2372.374010883329
4005,2398.1626175475667
4006,2419.9857360868964
4007,2412.814273561902
4008,2427.685870906207
4009,2446.087887796164
4010,2449.8187798481663
4011,2460.8097216741726
4012,2463.9368526091102
4013,2482.321838065593
4014,2478.6218380655932
4015,2493.06779100031
4016,2485.7917841490284
4017,2478.6434901747784
4018,2445.8900486117195
4019,2464.0927773440885
4020,2442.059529686308
4021,2449.3968870385715
4022,2425.156835857783
4023,2425.0653505117457
4024,2421.587859734226
4025,2421.539529716698
4026,2425.1170299362107
4027,2406.418508911687
4028,2406.2275342087487
4029,2417.2816428914666
4030,2413.761618770738
4031,2428.379832817842
4032,2457.382303207345
4033,2391.879144536031
4034,2395.1835680415597
4035,2406.2023834842425
4036,2391.8364091547032
4037,2395.6689738973237
4038,2392.0678922422567
4039,2381.2275513530044
4040,2334.056549418944
4041,2326.9319677654958
4042,2349.114523798666
4043,2334.7497371497793
4044,2316.501256039695
4045,2320.100018081183
4046,2298.6088135913224
4047,2279.9801422426226
4048,2276.4532069142674
4049,2276.4611489054296
4050,2276.5987337010747
4051,2298.3557173391378
4052,2283.8057990420416
4053,2290.9952742713303
4054,2298.277545846516
4055,2294.6031486618854
4056,2291.2253490773924
4057,2269.510856181083
4058,2291.850414547098
4059,2280.998790988832
4060,2280.8699892380346
4061,2269.9626321387354
4062,2251.907012593196
4063,2218.488273992152
4064,2236.3069366666455
4065,2225.306135513989
4066,2207.0879311872022
4067,2181.546636277684
4068,2174.269135808753
4069,2148.849840305557
4070,2116.27393350408
4071,2094.2744844361687
4072,2083.3087102758645
4073,2072.458805603843
4074,2051.2133369077205
4075,2021.998317205527
4076,1974.9430392373527
4077,1963.9541589637954
4078,1978.479539452542
4079,1956.5806023400232
4080,1938.2620779704898
4081,1938.2620779704898
4082,1916.3309382983475
4083,1901.7340664119115
4084,1916.2620928485971
4085,1912.573994889954
4086,1897.8641540554158
4087,1883.3178749873412
4088,1857.7205150392306
4089,1846.6647928814814
4090,1820.9675155331033
4091,1813.5857805718933
4092,1791.6339070092017
4093,1755.037826728369
4094,1707.5222267020245
4095,1693.1148463117022
4096,1674.8434949348846
4097,1671.0443294949519
4098,1670.839402835899
4099,1663.4920477609303
4100,1648.8035777244497
4101,1634.1871178260815
4102,1615.873504239423
4103,1590.0817978003545
4104,1582.7168471777075
4105,1556.7818024121505
4106,1542.0372991047157
4107,1523.7212589358608
4108,1523.7212589358608
4109,1520.0335217374102
4110,1501.6139867345587
4111,1490.5613255094129
4112,1490.5845768035122
4113,1490.5845768035122
4114,1479.514280288178
4115,1465.0768084813844
4116,1461.3824461667114
4117,1443.1876185802519
4118,1424.8376694408985
4119,1424.8555734541046
4120,1424.8555734541046
4121,1413.811109788408
4122,1388.1265384666117
4123,1351.8460405345952
4124,1344.6100352033939
4125,1322.6670190715627
4126,1311.6247045618907
4127,1315.0662795960577
4128,1311.3663315284593
4129,1300.3233369327336
4130,1289.2728400215285
4131,1281.8847524112905
4132,1274.5686416280807
4133,1263.5161496561136
4134,1259.841574809983
4135,1252.4521868069744
4136,1241.4043891452711
4137,1237.7161441990518
4138,1234.0192041351422
4139,1215.720627544742
4140,1193.676638819344
4141,1175.2988490348916
4142,1167.937883971917
4143,1153.1964794518326
4144,1138.456093910939
4145,1138.3793234744637
4146,1138.3793234744637
4147,1127.2942363330312
4148,1101.6960520450539
4149,1083.3905110346177
4150,1079.7200805912885
4151,1087.0002571270736
4152,1079.6201429640166
4153,1086.0459829201952
4154,1078.6752582931
4155,1075.0055924461692
4156,1075.0015107822928
4157,1071.302161618511
4158,1067.6075341768048
4159,1063.9140620935614
4160,1045.5786944864294
4161,1038.2003417982544
4162,1024.3948867062102
4163,1013.3357288848854
4164,998.6854691587453
4165,998.6734263909948
4166,991.298570426392
4167,987.6055170400216
4168,973.0973188541375
4169,958.3520424469821
4170,958.3529271067642
4171,954.6661487382065
4172,951.0347943036211
4173,954.7129954658053
4174,947.3375627656403
4175,939.9682143103939
4176,936.2826394095482
4177,925.0977206130051
4178,921.4094002351003
4179,924.8911844858055
4180,909.9514663947052
4181,906.2771273022345
4182,913.672061489187
4183,909.997506304084
4184,909.9867675405438
4185,895.317310961054
4186,895.2798468948657
4187,891.58952318678
4188,891.58952318678
4189,884.2230977756593
4190,887.9192626687201
4191,891.3292460274246
4192,887.6532600821682
4193,876.5921451266128
4194,876.5921451266128
4195,872.8955939105084
4196,865.5358438916179
4197,850.7617379618304
4198,861.462217106636
4199,846.8245051458696
4200,843.1372806637514
4201,843.1372806637514
4202,839.4612506258254
4203,832.0943591818711
4204,813.9078741250155
4205,824.7400552284707
4206,828.4384989004695
4207,824.7530445545024
4208,824.8911572781533
4209,821.1991820609649
4210,817.5056066382376
4211,795.879405868505
4212,792.1880632227887
4213,784.8186744902364
4214,770.2714176118604
4215,770.2714176118604
4216,762.8977645532299
4217,759.2003581959949
4218,751.8174567929076
4219,751.8174567929076
4220,751.7549858779553
4221,737.0980949686608
4222,737.0974689362819
4223,722.4730805743812
4224,718.7758780056727
4225,711.4047621276862
4226,707.9892167618822
4227,707.9892167618822
4228,707.9892167618822
4229,707.9892167618822
4230,704.289932510049
4231,682.523369343677
4232,682.523369343677
4233,682.523369343677
4234,693.4724450709703
4235,689.7773389823708
4236,675.0652363594868
4237,656.7413390091052
4238,656.7413390091052
4239,649.3644522805284
4240,641.9790730016438
4241,641.9790730016438
4242,641.9727643673067
4243,634.5838084014797
4244,627.2064481019893
4245,627.2064481019893
4246,623.5093767465074
4247,627.1893258280488
4248,608.7229091508481
4249,605.0286806894622
4250,593.9640128372574
4251,593.9640128372574
4252,582.8911033588421
4253,582.8841982171808
4254,582.8841982171808
4255,579.1943959766556
4256,579.1943959766556
4257,579.1972408419795
4258,571.8058234340257
4259,568.1114574026353
4260,564.4167904978171
4261,564.4167904978171
4262,564.4167904978171
4263,560.6758041586382
4264,549.7084576391709
4265,546.0179113340376
4266,542.3253023771238
4267,538.6261815705739
4268,520.3892918989222
4269,516.6969527372455
4270,509.4138687630987
4271,509.4138687630987
4272,505.77209359553626
4273,505.7801874891303
4274,516.7501629996037
4275,516.7501629996037
4276,530.8436094336749
4277,530.8436094336749
4278,530.8436094336749
4279,530.847373088561
4280,523.4720820061297
4281,523.4720820061297
4282,530.7750143725258
4283,527.0833201592549
4284,516.0652472649454
4285,508.722876970049
4286,508.722876970049
4287,497.6814263956413
4288,493.99689027047634
4289,486.5996084585245
4290,486.6033275895262
4291,482.91027542976656
4292,482.91027542976656
4293,472.48501136056916
4294,472.48501136056916
4295,465.08683799892344
4296,468.77728958371085
4297,465.0848090602661
4298,465.0848090602661
4299,461.39234175848225
4300,454.01426410392645
4301,446.6324841287855
4302,446.6324841287855
4303,450.3270399361282
4304,439.2369211894402
4305,439.2369211894402
4306,442.9245245755273
4307,446.6245245755273
4308,442.9314994947951
4309,446.62366628464804
4310,439.3072197499784
4311,439.3072197499784
4312,431.9251325314202
4313,431.9251325314202
4314,446.56944875264884
4315,450.2659636552968
4316,450.2659636552968
4317,450.2659636552968
4318,442.890348396895
4319,453.91773644471164
4320,457.59382195944846
4321,453.89555754539833
4322,450.19674766806844
4323,446.5023475799259
4324,446.5023475799259
4325,446.5023475799259
4326,442.8061079942886
4327,439.1061079942886
4328,424.4171205232526
4329,424.4171205232526
4330,420.72512633481057
4331,417.0664608879369
4332,417.0664608879369
4333,413.3664608879369
4334,405.9803331936304
4335,402.28041830554065
4336,402.28041830554065
4337,402.28041830554065
4338,402.28041830554065
4339,402.2706240056765
4340,398.57448183161284
4341,402.25461495758714
4342,402.25461495758714
4343,402.25461495758714
4344,398.55461495758715
4345,398.55461495758715
4346,398.55461495758715
4347,394.86810259971094
4348,383.8275679468091
4349,383.8275679468091
4350,380.1288733454941
4351,380.1288733454941
4352,380.1288733454941
4353,376.45097986151745
4354,369.0626448884431
4355,365.37160239956876
4356,365.37160239956876
4357,365.37160239956876
4358,361.67592180401476
4359,361.67592180401476
4360,361.67592180401476
4361,354.2870498193224
4362,354.2870498193224
4363,354.2870498193224
4364,350.5935265486243
4365,350.5935265486243
4366,350.5935265486243
4367,350.5935265486243
4368,346.8948974994211
4369,339.5858803469841
4370,339.5858803469841
4371,335.89470532999235
4372,328.5022380521577
4373,328.5022380521577
4374,328.5022380521577
4375,328.5022380521577
4376,324.81083960231365
4377,324.81083960231365
4378,321.1273735278596
4379,321.1273735278596
4380,321.1273735278596
4381,321.1273735278596
4382,317.4339135175947
4383,310.0352194998317
4384,302.6393933481532
4385,302.6393933481532
4386,302.6393933481532
4387,298.9448804908092
4388,295.2487295598219
4389,295.2487295598219
4390,287.85449799959855
4391,287.85449799959855
4392,284.15944260736836
4393,284.15944260736836
4394,284.15944260736836
4395,280.48075225080606
4396,280.48075225080606
4397,280.48075225080606
4398,276.78195059294825
4399,276.78195059294825
4400,273.084040840451
4401,273.084040840451
4402,269.3859907479522
4403,269.3859907479522
4404,265.6888240808511
4405,265.6888240808511
4406,265.66537531983676
4407,261.96537531983677
4408,261.96537531983677
4409,261.96537531983677
4410,250.98334406493288
4411,247.29672747931255
4412,250.98327777627173
4413,247.28532220646468
4414,250.9073820311845
4415,250.9073820311845
4416,250.9073820311845
4417,247.2171194348066
4418,247.2171194348066
4419,247.2171194348066
4420,247.2171194348066
4421,247.2171194348066
4422,247.23262378196182
4423,243.55993588084135
4424,243.55710516141664
4425,239.8577107517869
4426,239.8577107517869
4427,239.8577107517869
4428,225.20863502449362
4429,221.50907563892963
4430,221.50907563892963
4431,225.20796816270638
4432,225.20796816270638
4433,217.81145326005839
4434,217.81145326005839
4435,217.81145326005839
4436,217.81145326005839
4437,217.81145326005839
4438,217.81145326005839
4439,221.33600543157667
4440,232.21893022704336
4441,232.21893022704336
4442,232.21893022704336
4443,232.21893022704336
4444,243.14610318579653
4445,243.14610318579653
4446,235.74895775469923
4447,235.74895775469923
4448,239.44895775469922
4449,235.75679096484623
4450,235.75679096484623
4451,235.75679096484623
4452,232.1347311401264
4453,232.1347311401264
4454,232.1347311401264
4455,228.44680864557128
4456,228.44680864557128
4457,228.44680864557128
4458,239.38719815497356
4459,239.38719815497356
4460,239.38719815497356
4461,239.38719815497356
4462,246.63047257033682
4463,246.63047257033682
4464,242.94392227337758
4465,242.94392227337758
4466,239.2495025875016
4467,235.55282401385395
4468,231.85336941912712
4469,242.71673317921326
4470,242.71673317921326
4471,239.02045872273735
4472,228.0504832122639
4473,220.66029523295552
4474,220.66029523295552
4475,216.96356513372714
4476,216.96356513372714
4477,216.96356513372714
4478,216.96356513372714
4479,216.96356513372714
4480,216.96356513372714
4481,216.96356513372714
4482,213.2690555057183
4483,209.5690555057183
4484,205.87860392093089
4485,198.48637478924152
4486,198.48637478924152
4487,198.48637478924152
4488,198.48637478924152
4489,202.18206035148793
4490,202.18206035148793
4491,202.18206035148793
4492,202.18206035148793
4493,205.8617544930833
4494,205.8617544930833
4495,202.16411321131756
4496,191.22577504702423
4497,187.54564192105
4498,187.54564192105
4499,187.54564192105
4500,180.29465642720248
4501,176.5946564272025
4502,172.89862085638322
4503,172.89862085638322
4504,172.89862085638322
4505,172.89862085638322
4506,172.89862085638322
4507,172.89862085638322
4508,176.59483744743784
4509,172.90071062813303
4510,172.90071062813303
4511,172.90071062813303
4512,172.90071062813303
4513,172.90071062813303
4514,172.90071062813303
4515,172.90071062813303
4516,165.7305398429424
4517,154.81901467913255
4518,154.81901467913255
4519,151.1228659438039
4520,151.1228659438039
4521,151.1228659438039
4522,151.1228659438039
4523,151.1228659438039
4524,129.29955163893493
4525,129.29955163893493
4526,129.29955163893493
4527,129.29955163893493
4528,129.29955163893493
4529,132.9928227995651
4530,132.9928227995651
4531,125.60427958706435
4532,125.60427958706435
4533,125.60427958706435
4534,125.60427958706435
4535,121.90583234079827
4536,121.90583234079827
4537,121.90583234079827
4538,121.90583234079827
4539,121.90583234079827
4540,121.90583234079827
4541,121.90583234079827
4542,121.90583234079827
4543,114.5161577313057
4544,114.5161577313057
4545,114.5161577313057
4546,114.5161577313057
4547,114.5161577313057
4548,114.5161577313057
4549,114.5161577313057
4550,125.38956282241986
4551,125.38956282241986
4552,121.69447953811138
4553,121.69447953811138
4554,118.014785396516
4555,118.014785396516
4556,118.014785396516
4557,118.014785396516
4558,114.32022958917332
4559,114.32022958917332
4560,106.92602693340936
4561,114.13654117105526
4562,110.45017057785857
4563,106.75127805408187
4564,106.75127805408187
4565,106.75127805408187
4566,106.75127805408187
4567,106.75127805408187
4568,103.05130687595324
4569,103.05130687595324
4570,103.05130687595324
4571,107.63033817849634
4572,107.63033817849634
4573,106.72197329673936
4574,106.72197329673936
4575,110.42185725247252
4576,110.42185725247252
4577,106.72263695651215
4578,103.02600640915047
4579,103.02600640915047
4580,102.88118611594957
4581,102.88118611594957
4582,102.88118611594957
4583,102.88118611594957
4584,99.1836887216991
4585,99.1836887216991
4586,95.48576847140109
4587,95.48576847140109
4588,95.48576847140109
4589,95.48576847140109
4590,99.17001194740968
4591,113.8002727465331
4592,113.8002727465331
4593,113.8002727465331
4594,113.8002727465331
4595,113.77374036392843
4596,113.77374036392843
4597,113.77374036392843
4598,113.77374036392843
4599,102.90033527281426
4600,102.90033527281426
4601,102.90033527281426
4602,102.90033527281426
4603,110.04936869362146
4604,106.35820092317641
4605,106.35820092317641
4606,106.35820092317641
4607,95.61498504736329
4608,106.6048838432292
4609,99.23305570190283
4610,95.53514160983462
4611,95.53514160983462
4612,95.53514160983462
4613,95.53514160983462
4614,99.23514160983464
4615,99.23514160983464
4616,99.23514160983464
4617,99.23075769942085
4618,95.56009127863473
4619,95.56009127863473
4620,95.56009127863473
4621,95.56009127863473
4622,91.86020732290157
4623,81.0162565660793
4624,81.0162565660793
4625,81.0162565660793
4626,81.0162565660793
4627,84.70981166711374
4628,88.40981166711374
4629,88.40981166711374
4630,88.40981166711374
4631,88.40981166711374
4632,84.71048414489101
4633,88.40331796932949
4634,88.40331796932949
4635,84.71324902864758
4636,84.71324902864758
4637,88.41324902864758
4638,88.41324902864758
4639,88.41324902864758
4640,88.41324902864758
4641,88.41324902864758
4642,88.41324902864758
4643,99.40167699896773
4644,99.40167699896773
4645,99.40167699896773
4646,99.40167699896773
4647,99.40167699896773
4648,99.40167699896773
4649,99.40167699896773
4650,99.40167699896773
4651,88.46672166960177
4652,88.46672166960177
4653,88.47175898373051
4654,92.09703618903286
4655,88.40044457061622
4656,88.40044457061622
4657,88.40044457061622
4658,88.40044457061622
4659,88.40044457061622
4660,84.70044457061621
4661,81.07516736531386
4662,81.07516736531386
4663,81.07516736531386
4664,81.07516736531386
4665,81.07516736531386
4666,81.07516736531386
4667,81.0453821548096
4668,91.95467231761536
4669,80.96477352174946
4670,80.96477352174946
4671,80.96477352174946
4672,77.29879034319241
4673,77.29879034319241
4674,77.29879034319241
4675,77.29879034319241
4676,87.89410242159524
4677,87.89410242159524
4678,91.59365131537021
4679,91.59365131537021
4680,91.59365131537021
4681,91.59365131537021
4682,87.90038015474005
4683,87.90038015474005
4684,87.90038015474005
4685,87.90038015474005
4686,87.90038015474005
4687,87.90038015474005
4688,87.90038015474005
4689,87.90038015474005
4690,98.7782751318229
4691,98.78199063351165
4692,98.78199063351165
4693,109.71215424489965
4694,117.08861004064529
4695,106.49329796224247
4696,117.09550002862198
4697,113.39981446637556
4698,113.39981446637556
4699,113.39981446637556
4700,117.05768898053044
4701,120.75407984901297
4702,109.87618487193012
4703,113.55406070022951
4704,113.55406070022951
4705,127.51161228231777
4706,131.20026142968135
4707,138.59250611283744
4708,156.7779876336653
4709,160.4779876336653
4710,164.17556855968078
4711,167.83780192429677
4712,171.91965971113572
4713,168.30096455483496
4714,171.90917123023434
4715,175.60722158841838
4716,179.30681262901578
4717,190.12382484827918
4718,204.59966539271903
4719,208.68869642102356
4720,208.68869642102356
4721,208.68869642102356
4722,223.25455466574948
4723,223.25455466574948
4724,230.63665425958408
4725,230.63665425958408
4726,241.60713516812697
4727,252.60713516812697
4728,252.60713516812697
4729,256.28937318563226
4730,259.9893731856322
4731,270.8949817896604
4732,274.5756958311608
4733,285.72382795577187
4734,289.41719951741607
4735,296.8111646544007
4736,293.21490805409013
4737,293.21490805409013
4738,289.5975181615229
4739,300.3299842918814
4740,307.6031591480735
4741,311.28866393070086
4742,318.6701313614535
4743,329.7628880373625
4744,322.4587849605623
4745,326.15878496056223
4746,326.15878496056223
4747,333.5546912623273
4748,333.5546912623273
4749,344.3791652447568
4750,348.07568094910755
4751,351.7307371149716
4752,351.7307371149716
4753,355.42360820859983
4754,366.35468348566775
4755,362.9485405437733
4756,370.3441987555173
4757,374.1681786303255
4758,392.5249508503036
4759,392.5249508503036
4760,392.34641669694577
4761,410.4712130529265
4762,414.17108690748273
4763,421.5693696577632
4764,421.5693696577632
4765,425.2635634419847
4766,435.91521600520156
4767,450.5003261546472
4768,436.0594589216917
4769,444.5124936982464
4770,444.60688509421817
4771,459.3981151229295
4772,459.3981151229295
4773,461.9224968396846
4774,487.11573439298417
4775,476.5119214630852
4776,487.5553091896079
4777,516.9512729230592
4778,509.7886580139155
4779,509.77889564150286
4780,513.4773816485989
4781,520.8750604334451
4782,528.2054530009673
4783,535.5349916339853
4784,549.9341263411079
4785,549.9341263411079
4786,553.5952817252266
4787,542.7426504937594
4788,521.0909979305425
4789,535.6077428381674
4790,535.8404230677761
4791,561.2508339718554
4792,575.9264733359041
4793,582.4658481558081
4794,575.7854230978096
4795,586.7854230978096
4796,575.8012195643959
4797,597.471131490572
4798,594.6151445008279
4799,587.3773298552537
4800,601.7685850569128
4801,611.9292378733378
4802,630.1903715744902
4803,644.4538093439941
4804,633.4538093439941
4805,658.9835123063059
4806,651.7321790860752
4807,655.062741491075
4808,677.4940842217605
4809,688.2017567013212
4810,691.7871071000956
4811,667.0022415445313
4812,662.7662694906686
4813,670.1487551931848
4814,655.7530983976236
4815,659.4323160855823
4816,677.2722809159743
4817,652.2784504235947
4818,645.0892065733688
4819,663.1822279529733
4820,674.1019729013587
4821,681.440690228915
4822,692.6175616420438
4823,743.4707566367475
4824,754.2391225933541
4825,787.2691098847224
4826,790.8124852094635
4827,787.3143982629974
4828,794.6868754696562
4829,783.6774171122604
4830,798.2210622741273
4831,783.5544520946235
4832,776.1924757330909
4833,790.7053242860352
4834,776.1216050418598
4835,816.3775856499216
4836,816.4082735035856
4837,794.9227907306807
4838,805.9490036656856
4839,845.9972693275365
4840,853.6425894028245
4841,859.534975060598
4842,848.7045369191085
4843,870.7361847766355
4844,878.0986249206974
4845,903.4303869873063
4846,914.4081882918777
4847,921.9120801755329
4848,914.113873028005
4849,915.6114949137244
4850,918.8012611493513
4851,918.8066119237641
4852,940.7818881293317
4853,944.4681837696864
4854,948.1473566605558
4855,948.1473566605558
4856,984.1535053473289
4857,995.0010447126161
4858,952.1158173595533
4859,941.472101589893
4860,941.530494034667
4861,931.153198717953
4862,916.5361990409298
4863,905.7893150207711
4864,880.6561044954254
4865,898.7929811396375
4866,920.1409804629617
4867,903.9847354664362
4868,922.2617389502087
4869,915.0996101248404
4870,909.3057515070485
4871,930.7952342330093
4872,930.7952342330093
4873,945.2889274507635
4874,963.5971848689177
4875,967.2323792991756
4876,957.0040557344282
4877,946.0162565280384
4878,942.2876573300591
4879,960.4610334378449
4880,964.1494991685909
4881,967.8270555777162
4882,978.5236852962132
4883,1000.3721994852015
4884,1000.3692724222285
4885,1018.8380039113306
4886,1019.0665695678924
4887,1030.1445789457734
4888,1033.7717870598597
4889,1030.083137912496
4890,1022.8228619756101
4891,1019.2325488344409
4892,1019.6880824316509
4893,1008.9116106117531
4894,1001.7084439783762
4895,1001.6969243469773
4896,1012.3982919885295
4897,1008.721567390078
4898,980.1121844643301
4899,991.093342157595
4900,994.7303699855784
4901,983.8050509458695
4902,972.8738965162853
4903,983.91306617009
4904,987.5939291604122
4905,991.2756419704839
4906,1005.7860837805209
4907,1013.172048333336
4908,1016.8679023740777
4909,1024.175740525661
4910,1006.2268916286856
4911,1002.5780647834581
4912,1020.5760663730489
4913,1020.5760663730489
4914,1023.579644459466
4915,1038.1963281754054
4916,1027.4609408528047
4917,1038.3574404547815
4918,1045.7339470236632
4919,1056.6880723183126
4920,1056.683789203681
4921,1064.0205601917087
4922,1082.3066399116685
4923,1082.3131369960743
4924,1100.6553266277201
4925,1094.8716952400687
4926,1091.1443045304127
4927,1097.0915399366804
4928,1090.106762950102
4929,1097.3857011731254
4930,1108.2913179708023
4931,1097.8471720186635
4932,1079.8423469425907
4933,1076.1472521219462
4934,1068.9241864558776
4935,1058.1957215057123
4936,1080.0378631409708
4937,1101.4880541887528
4938,1097.861418925888
4939,1090.5247447685297
4940,1086.8546378815051
4941,1072.1257683014353
4942,1053.788740938118
4943,1046.4312041613175
4944,1075.7339388895236
4945,1072.0529040173185
4946,1061.1498385032855
4947,1050.2538175117602
4948,1050.2592247274797
4949,1060.946640725523
4950,1057.2736095579937
4951,1053.5736095579937
4952,1046.1971293617491
4953,1053.4282399689334
4954,1035.1460781865947
4955,1031.476039833184
4956,1027.7760398331839
4957,1016.8892318663002
4958,1006.0521288937903
4959,962.6830911235459
4960,966.2290948747333
4961,966.2591089949134
4962,958.9178763390026
4963,966.3052669663156
4964,973.6115964587681
4965,973.6115964587681
4966,957.9888502481855
4967,957.9888502481855
4968,957.9888502481855
4969,939.6971610638653
4970,917.9131507925601
4971,917.9131507925601
4972,903.267596638987
4973,903.2887200679884
4974,899.6162389141869
4975,871.3603010290122
4976,867.6820133185453
4977,845.7118186913997
4978,845.6831323399507
4979,845.6831323399507
4980,831.0546724797787
4981,823.7039530029483
4982,820.0077211840465
4983,808.9504578892227
4984,790.6386444798541
4985,779.946766202155
4986,794.4610725168118
4987,794.4610725168118
4988,772.6696241477309
4989,757.4880608265538
4990,753.7898818934174
4991,742.8809855167126
4992,742.8809855167126
4993,739.1818186409245
4994,731.8960212694395
4995,724.5137114018155
4996,728.2137114018155
4997,713.6349641959275
4998,709.9349641959275
4999,687.9872808884396
5000,680.581057831513
5001,680.581057831513
5002,676.9082763402894
5003,673.2261595597315
5004,669.5385027845033
5005,654.9849712956407
5006,662.2754335314291
5007,662.2754335314291
5008,654.9292995064068
5009,650.4821593411167
5010,639.5169817210445
5011,635.8394253119191
5012,635.8394253119191
5013,618.2764372599153
5014,610.8982332859159
5015,614.5934072444693
5016,600.453664365897
5017,607.6269153212771
5018,603.947485519438
5019,603.9176639293942
5020,600.3029224615626
5021,600.2027551016926
5022,596.5196845864
5023,592.8269273914453
5024,592.8269273914453
5025,581.7810515170228
5026,563.6447327787073
5027,563.6447327787073
5028,559.9613510482739
5029,559.9613510482739
5030,552.5728873387061
5031,552.5728873387061
5032,552.5383258298148
5033,548.8424717890728
5034,548.8424717890728
5035,548.8424717890728
5036,541.4770839828627
5037,545.1701200774602
5038,541.476748515816
5039,541.476748515816
5040,537.7767485158159
5041,537.7767485158159
5042,537.7767485158159
5043,534.076748515816
5044,541.3945329483847
5045,541.3501122786975
5046,530.2789255433338
5047,530.2310509969384
5048,530.2310509969384
5049,526.5522614635395
5050,500.8176446369907
5051,493.4598340133976
5052,493.4598340133976
5053,497.1492187877691
5054,500.82382492879844
5055,497.14267477872056
5056,497.14267477872056
5057,478.84262101014104
5058,475.1474470515877
5059,467.7724307658894
5060,464.078236981668
5061,464.078236981668
5062,460.378236981668
5063,456.69452456219415
5064,456.69452456219415
5065,456.69452456219415
5066,456.69452456219415
5067,456.6937334136732
5068,431.02249851888854
5069,427.329299680911
5070,416.3358285849917
5071,416.3358285849917
5072,412.6378183378917
5073,412.6378183378917
5074,405.29771559883363
5075,405.29771559883363
5076,405.2465853678971
5077,397.8651081957865
5078,390.51727599642305
5079,383.12729775621375
5080,386.8271168293435
5081,390.52711682934347
5082,390.52711682934347
5083,390.52711682934347
5084,383.197630206339
5085,383.197630206339
5086,379.54606765504366
5087,372.3012315211336
5088,375.8242719874826
5089,375.84075194542635
5090,379.54056348952895
5091,368.693371458606
5092,383.2844098266133
5093,383.2844098266133
5094,383.2844098266133
5095,383.2844098266133
5096,383.2844098266133
5097,379.5878705631648
5098,372.27345303616033
5099,361.31713147611447
5100,350.32832695574734
5101,346.6326196706016
5102,339.23321411419613
5103,339.23321411419613
5104,335.5332141141961
5105,339.230543007964
5106,331.84842632653726
5107,324.45121447310567
5108,331.75834337947754
5109,328.0678017368733
5110,328.0678017368733
5111,331.75362999872044
5112,331.75362999872044
5113,320.7735436025979
5114,320.7735436025979
5115,313.47726245851425
5116,306.0843676049087
5117,302.38484673634457
5118,302.38484673634457
5119,302.38484673634457
5120,309.59301133835334
5121,313.2703805505432
5122,327.79213852500294
5123,327.79213852500294
5124,331.49097597858224
5125,327.8894333523932
5126,320.5084054730179
5127,320.5084054730179
5128,320.5084054730179
5129,313.119236676774
5130,313.119236676774
5131,313.119236676774
5132,313.119236676774
5133,309.419236676774
5134,320.4066468083218
5135,309.38012627114324
5136,305.6804087053522
5137,305.6804087053522
5138,316.4866590404688
5139,301.880165056435
5140,305.58016505643496
5141,305.5869940233053
5142,301.8873207321575
5143,305.58620793584936
5144,305.58620793584936
5145,301.89947523117854
5146,301.89947523117854
5147,294.5088757411012
5148,298.2010392192616
5149,298.4580875181042
5150,298.4580875181042
5151,298.4580875181042
5152,302.14621634748096
5153,298.45024781750055
5154,302.0885145905272
5155,305.7741621760722
5156,305.7741621760722
5157,302.0789628994729
5158,302.0789628994729
5159,302.0789628994729
5160,298.3830659762731
5161,298.3830659762731
5162,294.6830659762731
5163,294.6830659762731
5164,294.6830659762731
5165,298.38796736724396
5166,301.9053119586972
5167,305.59353959871765
5168,301.89701308288346
5169,301.89701308288346
5170,312.78907542997786
5171,309.0961947326384
5172,312.6918538399015
5173,312.6918538399015
5174,316.38812812881906
5175,316.38812812881906
5176,312.69509203422155
5177,316.3822093264208
5178,320.0744623335244
5179,323.7706537200715
5180,327.467590449274
5181,316.6613401141574
5182,316.6613401141574
5183,313.14399552270413
5184,313.14399552270413
5185,309.4520671403691
5186,316.8145579805606
5187,313.13995183953125
5188,313.13995183953125
5189,309.44114522327544
5190,313.1192556184148
5191,298.5392812590973
5192,294.83928125909733
5193,291.14673353023625
5194,294.82428094648344
5195,294.82428094648344
5196,287.46020211949985
5197,294.3486287895642
5198,290.71036201653754
5199,279.770058467774
5200,276.07136444291143
5201,283.3576165045882
5202,283.2791306760799
5203,279.5837489017906
5204,279.5837489017906
5205,279.5837489017906
5206,279.5837489017906
5207,279.5837489017906
5208,275.8860581925801
5209,275.8860581925801
5210,283.09358138193306
5211,272.5090927438287
5212,272.5090927438287
5213,276.19973086164396
5214,276.19973086164396
5215,268.8071254476755
5216,279.8052282477703
5217,279.8052282477703
5218,279.8052282477703
5219,287.06729534937034
5220,298.0284609078429
5221,298.0054859553043
5222,298.0054859553043
5223,286.98267837669647
5224,301.5855819031905
5225,301.5855819031905
5226,308.8930293198889
5227,308.8930293198889
5228,308.8930293198889
5229,308.8930293198889
5230,305.19981472215426
5231,305.19981472215426
5232,308.8990680457241
5233,313.93288070236866
5234,324.9325362775857
5235,328.6325362775857
5236,328.6325362775857
5237,328.6325362775857
5238,319.89233163861064
5239,327.25223026036934
5240,334.6353651876283
5241,334.3349819485818
5242,334.328570951859
5243,345.22917378597816
5244,345.30765961448645
5245,363.4727170384505
5246,370.7699723203691
5247,356.0776299648162
5248,348.68546648665586
5249,348.67360763517433
5250,344.9871886955742
5251,348.6790286077156
5252,352.35755714524305
5253,337.9736321114451
5254,334.2809104232989
5255,326.88226443133345
5256,323.19019840055137
5257,319.5399739303414
5258,330.512230380342
5259,330.512230380342
5260,341.3236055363905
5261,341.3236055363905
5262,341.3236055363905
5263,352.3236055363905
5264,366.774052764908
5265,383.53466218297285
5266,394.6253581789796
5267,380.03596693811727
5268,395.81262367784683
5269,417.5576069795744
5270,432.19089677766385
5271,450.4933579407238
5272,450.60982420778714
5273,454.30228567449495
5274,454.3261751562007
5275,461.7189407367136
5276,465.403622891021
5277,458.12678692903984
5278,472.8111444869493
5279,494.6240785130984
5280,502.1908241583513
5281,523.963078049849
5282,538.58374337266
5283,549.5904835356966
5284,564.2115249940457
5285,582.2161858794528
5286,586.0593524553678
5287,589.9913162364046
5288,622.9957597717474
5289,644.8432812261195
5290,688.6528438637621
5291,705.8553675389736
5292,716.5207424682734
5293,727.3972931605423
5294,727.3972931605423
5295,734.7503270160906
5296,756.6646136831689
5297,774.9480153303757
5298,772.3368365562918
5299,754.2079957992241
5300,772.5511164925363
5301,794.328466364286
5302,802.0098581071375
5303,809.3774193076163
5304,805.6851663005126
5305,801.9840643914761
5306,831.2480079670726
5307,842.0958590933005
5308,845.7543561625479
5309,864.1314857095557
5310,874.969677178419
5311,885.846948570108
5312,904.0110911680817
5313,929.726609984203
5314,929.726609984203
5315,954.9482325937787
5316,962.3237489312995
5317,969.6701765535946
5318,969.597874811451
5319,987.7848950545048
5320,975.3697163953808
5321,971.983252511056
5322,968.3897703894717
5323,968.6451468023644
5324,958.0028084042544
5325,968.99175008629
5326,974.5552033262697
5327,992.8805472768221
5328,992.8805472768221
5329,1011.3360109283261
5330,1029.3941559217724
5331,1018.5057671596741
5332,1025.712486911842
5333,1058.5462002079723
5334,1080.5271316110316
5335,1109.9745612043885
5336,1121.0176942717083
5337,1153.668317051503
5338,1142.8653861148116
5339,1175.750678050874
5340,1201.3798494826349
5341,1204.9653570494188
5342,1190.6142374283618
5343,1190.6569578150177
5344,1219.855937526087
5345,1241.8979687765072
5346,1267.1971401282349
5347,1256.3707531809002
5348,1263.5349406149949
5349,1270.6726948241978
5350,1267.1592074256764
5351,1278.1601036998702
5352,1303.9997150965314
5353,1297.1553481469182
5354,1300.6999182895777
5355,1322.7131704024673
5356,1300.8269238031605
5357,1322.8324382184207
5358,1348.891593045639
5359,1363.5086823314784
5360,1392.708740805849
5361,1429.2634280337913
5362,1451.1570353907873
5363,1458.5690995356244
5364,1465.647811053641
5365,1443.8192442662137
5366,1447.5312597657282
5367,1476.8183653630442
5368,1451.3775533967455
5369,1455.2037258050202
5370,1480.8699944570978
5371,1513.615918641736
5372,1528.2194309829497
5373,1531.9002140743669
5374,1499.3759150655535
5375,1521.507328491881
5376,1514.7134391582997
5377,1536.6933011638796
5378,1544.0680059627994
5379,1573.1109630102665
5380,1580.554950370698
5381,1573.4165061500148
5382,1588.0115967905986
5383,1591.840307488931
5384,1602.72756833835
5385,1646.1268149927305
5386,1657.0254738328852
5387,1660.5152787305979
5388,1667.9084041542803
5389,1671.5777799801172
5390,1689.9401744013476
5391,1701.2143831459516
5392,1689.9169323372405
5393,1693.580526011698
5394,1715.5446815307664
5395,1700.7562383772702
5396,1690.1494273504074
5397,1701.281828262196
5398,1697.6526807053258
5399,1719.6111420725572
5400,1730.5492063214529
5401,1708.7008103213057
5402,1741.7107188059463
5403,1752.8906522484506
5404,1749.274384956395
5405,1738.5818772939629
5406,1771.2797674804688
5407,1771.5299876904812
5408,1764.2929327263932
5409,1771.68274297428
5410,1771.6406892983052
5411,1833.2651398289365
5412,1818.9856785788734
5413,1819.230772793492
5414,1833.9062361074007
5415,1884.706586799727
5416,1902.6000331336684
5417,1928.0095312152416
5418,1946.6659191572676
5419,1946.7695698039518
5420,1932.16987788163
5421,1902.8918469459659
5422,1895.60738084943
5423,1884.7098799264086
5424,1881.1004427039295
5425,1873.454825114931
5426,1869.8717489540713
5427,1880.638591463886
5428,1866.3008221132636
5429,1876.8357284697788
5430,1869.335148097532
5431,1876.6408851175106
5432,1891.2793143002004
5433,1920.5949302875163
5434,1902.8804223538014
5435,1895.4634107391817
5436,1924.7302748185773
5437,1939.1996851355343
5438,1946.3412687323348
5439,1946.7681411180256
5440,1957.653888420802
5441,1964.9952016949942
5442,1968.6507321078666
5443,1997.9676701359126
5444,2020.3918569348468
5445,2027.7223961438206
5446,2023.7809427945922
5447,2020.302674700787
5448,2002.0378318234366
5449,2009.3173017850447
5450,2012.8439367705193
5451,2020.225123280188
5452,2023.988465432423
5453,2042.4405734958411
5454,2024.5316105360414
5455,2024.488396827429
5456,2050.2220003410903
5457,2064.9353336461995
5458,2094.1877682034537
5459,2101.6140644960165
5460,2101.929265669985
5461,2094.8165973638856
5462,2094.832490328705
5463,2120.3503336225285
5464,2098.4747857193197
5465,2080.5120332879246
5466,2065.9953522507753
5467,2062.521431454966
5468,2051.666301991799
5469,2036.9392858990948
5470,2066.196513306078
5471,2073.340437059163
5472,2044.417251684201
5473,2015.2460154365992
5474,2037.2590031734353
5475,2025.8245434536507
5476,2054.9872271526056
5477,2026.0516270356202
5478,2036.8157401649482
5479,2051.5537108964263
5480,2026.092833782589
5481,2026.0262461299176
5482,2058.8923899616634
5483,2051.3363448687965
5484,2076.7827854854563
5485,2080.465445915884
5486,2080.271281122052
5487,2039.9294764059712
5488,2032.8744428427424
5489,2036.370375187191
5490,2040.107695648295
5491,2021.931066835809
5492,2018.0595441774553
5493,2010.763022435296
5494,1974.2138131387314
5495,1959.629563157756
5496,1959.6440376824357
5497,1937.9318536264436
5498,1912.3664881839247
5499,1894.083899058354
5500,1894.083899058354
5501,1887.0094704701855
5502,1875.8873409810556
5503,1846.7700040752607
5504,1799.37857123715
5505,1821.2186024650393
5506,1824.9080464785598
5507,1821.2159629133714
5508,1792.1316236843363
5509,1799.443432269617
5510,1803.1341534901305
5511,1792.4413297541385
5512,1777.855240864656
5513,1770.7022130973737
5514,1777.7114866051415
5515,1777.698715801117
5516,1774.0033285846919
5517,1763.0767899404364
5518,1759.4004915782516
5519,1755.7132059361963
5520,1733.0948530486264
5521,1743.9889001526856
5522,1733.0571036049764
5523,1752.197876270542
5524,1755.7216863085719
5525,1752.0145535523716
5526,1748.339521673122
5527,1748.3636273977306
5528,1744.6777367390866
5529,1737.3743058315683
5530,1708.1691237516413
5531,1664.3599349214712
5532,1645.9088658794803
5533,1613.0276737208956
5534,1602.273442540163
5535,1584.0680439990567
5536,1561.9984607293875
5537,1547.2398828449227
5538,1554.4909229318996
5539,1532.5216044622885
5540,1532.5394677579447
5541,1506.8959308595076
5542,1503.201232171849
5543,1473.9717840188014
5544,1470.305794298412
5545,1462.8438778905486
5546,1444.4108848685023
5547,1418.8384503198974
5548,1404.3058835671477
5549,1400.6115172505085
5550,1371.308587712507
5551,1356.837107799327
5552,1349.660875585691
5553,1345.9719544470786
5554,1323.9888210181846
5555,1312.9096971230647
5556,1312.9096971230647
5557,1302.0651537425604
5558,1290.9984810576168
5559,1287.31345800577
5560,1269.0750051310954
5561,1280.032760677644
5562,1265.3537161997835
5563,1257.9975221923066
5564,1247.0099996557867
5565,1221.5513653027679
5566,1217.8730427763196
5567,1203.2338675466028
5568,1188.6301474916652
5569,1174.011551985716
5570,1173.8900840788156
5571,1173.884568354899
5572,1155.691915610687
5573,1141.0815537283936
5574,1141.0950551125632
5575,1130.1028113998093
5576,1100.8054932968112
5577,1093.4104041877322
5578,1086.0409965571291
5579,1078.674134716607
5580,1071.288345805607
5581,1063.9232060592944
5582,1060.2352759608598
5583,1055.8092490544063
5584,1037.4859015583615
5585,1030.1257310814974
5586,1030.1257310814974
5587,1030.1318204994782
5588,1008.7521751790105
5589,979.4953107525698
5590,957.6683088357363
5591,946.5979851950526
5592,946.5979851950526
5593,935.5387183029209
5594,920.9369189709006
5595,942.5238561638594
5596,938.8252318913835
5597,935.1303193472561
5598,931.4381242643595
5599,927.7586684881243
5600,902.0348868109473
5601,902.0348868109473
5602,898.3206269561817
5603,890.8155703171528
5604,876.1379812547171
5605,876.1379812547171
5606,872.4342860415509
5607,872.4342860415509
5608,861.3548401221681
5609,828.5080831387584
5610,824.8189221330731
5611,813.7375372967449
5612,798.9601168294121
5613,784.2923041325946
5614,787.9765888482211
5615,776.9623049969804
5616,762.3784105633613
5617,743.9107018923314
5618,751.0281497171586
5619,740.4200205631321
5620,729.3296088402585
5621,729.3296088402585
5622,725.6398358880123
5623,725.6398358880123
5624,721.949749955507
5625,718.2510438966798
5626,707.2886590641716
5627,699.9347827526361
5628,685.3544475415431
5629,692.6626477121639
5630,692.66450136483
5631,685.3066151095851
5632,677.907207824551
5633,674.208627533742
5634,666.8244045647865
5635,659.4529444753058
5636,655.7570612893453
5637,655.7806797351155
5638,652.0905974758676
5639,648.4237838079715
5640,644.7417093652341
5641,648.4332418279794
5642,644.7250336398681
5643,626.5322862297776
5644,611.9141920222922
5645,611.9141920222922
5646,604.5356777088591
5647,608.2356777088592
5648,615.3872553850105
5649,615.3872553850105
5650,608.0028567573052
5651,604.3172010354913
5652,600.6225657652176
5653,589.6353128175685
5654,600.4388292219509
5655,604.0964970097067
5656,600.4236856115465
5657,585.9272444496977
5658,582.2363667157789
5659,574.8518385615497
5660,574.8518385615497
5661,574.8518385615497
5662,571.1684347420767
5663,571.1684347420767
5664,571.1684347420767
5665,567.4697491284094
5666,567.4697491284094
5667,567.4697491284094
5668,563.7730802787214
5669,549.1452249951247
5670,549.144696666252
5671,549.1411689983754
5672,545.4512433075953
5673,545.4512433075953
5674,545.4512433075953
5675,552.6404048823713
5676,552.6404048823713
5677,559.6928293981416
5678,552.30452217578
5679,559.0595964141291
5680,562.7426542492589
5681,562.7426542492589
5682,559.0488261832927
5683,551.664994710887
5684,533.3200910424762
5685,526.5626915492738
5686,522.8720945264596
5687,522.8720945264596
5688,519.1785622775244
5689,519.1785622775244
5690,522.8729136813284
5691,519.1766737922014
5692,482.57546367937334
5693,482.57546367937334
5694,475.1900264753808
5695,467.80544807499234
5696,464.1258659743804
5697,464.1258659743804
5698,460.4273431559117
5699,449.469587609363
5700,442.08313526504264
5701,431.0173191675017
5702,427.3209486440893
5703,412.8275250505467
5704,409.1336120827277
5705,398.30340460401266
5706,398.28041973288464
5707,398.28041973288464
5708,394.594600917798
5709,387.21037769520876
5710,387.21037769520876
5711,383.5310543011769
5712,379.8460307032523
5713,372.4897289306114
5714,368.8186750251021
5715,365.1204087262733
5716,365.1077328211359
5717,357.7211939204234
5718,350.33987304649327
5719,346.6822052587375
5720,346.6822052587375
5721,339.3011132582231
5722,335.6117193807956
5723,331.9124085293905
5724,331.9124085293905
5725,328.2145455365133
5726,320.81823093253803
5727,309.9354851393342
5728,309.8885775864046
5729,309.8885775864046
5730,298.8113348903549
5731,291.4372799708155
5732,287.75005413625246
5733,284.0525113142879
5734,276.6731941995889
5735,280.33480389103937
5736,276.64685221571557
5737,272.9619587760235
5738,272.9619587760235
5739,272.9349494103733
5740,276.61820011410344
5741,276.61820011410344
5742,276.61820011410344
5743,276.61820011410344
5744,276.61820011410344
5745,276.61820011410344
5746,283.7145568486441
5747,287.3932688304641
5748,287.3932688304641
5749,283.69705313845134
5750,280.0052350527104
5751,280.0052350527104
5752,290.0888350638793
5753,279.3018460447745
5754,283.00184604477454
5755,282.97793937486347
5756,279.2876900875613
5757,268.3294813084269
5758,272.02666669021175
5759,276.65256616604466
5760,276.65256616604466
5761,276.65256616604466
5762,276.65256616604466
5763,272.96103370329945
5764,272.96103370329945
5765,265.6030238601682
5766,265.6030238601682
5767,265.6030238601682
5768,265.6030238601682
5769,265.6030238601682
5770,265.6030238601682
5771,265.6030238601682
5772,265.6030238601682
5773,265.6030238601682
5774,265.6030238601682
5775,265.6030238601682
5776,261.91123756995876
5777,258.22040633912485
5778,258.22040633912485
5779,258.22040633912485
5780,258.22040633912485
5781,254.52147346833044
5782,247.13295531518014
5783,247.13295531518014
5784,247.13295531518014
5785,247.13295531518014
5786,247.13295531518014
5787,247.13295531518014
5788,243.43295531518012
5789,239.7348300203375
5790,239.73841482229247
5791,239.73841482229247
5792,239.73841482229247
5793,236.03841482229242
5794,232.35059379759102
5795,228.66734309386086
5796,213.99676728704688
5797,213.99676728704688
5798,210.31990667079623
5799,199.35187769307626
5800,195.6539251877838
5801,199.3539251877838
5802,195.66055747756687
5803,191.9731224662838
5804,188.2731224662838
5805,180.8825891719613
5806,180.8825891719613
5807,180.8825891719613
5808,191.60709554480593
5809,198.76941221039414
5810,195.08014815934462
5811,191.38483399737626
5812,187.70718594863706
5813,187.70718594863706
5814,187.70718594863706
5815,184.01102142823967
5816,184.01102142823967
5817,173.05971328644102
5818,173.05971328644102
5819,169.35971328644104
5820,176.23274474645902
5821,176.23274474645902
5822,176.23274474645902
5823,172.7610408233045
5824,172.7610408233045
5825,173.16816317746097
5826,169.47381177365702
5827,165.77915545492868
5828,169.44505108071166
5829,169.44505108071166
5830,158.72054470786705
5831,169.66276675599912
5832,169.66276675599912
5833,172.7518576940729
5834,169.05308815015053
5835,169.05308815015053
5836,169.05308815015053
5837,161.68373640283005
5838,161.68373640283005
5839,157.9873708118869
5840,157.9873708118869
5841,157.9873708118869
5842,157.9873708118869
5843,157.9873708118869
5844,157.9873708118869
5845,154.28816376011662
5846,154.28816376011662
5847,162.79824989491257
5848,162.79824989491257
5849,152.32446422057038
5850,152.32446422057038
5851,143.81437808577442
5852,136.41878375843004
5853,140.11578164995134
5854,140.11578164995134
5855,136.43706966813141
5856,129.15776271397723
5857,129.15776271397723
5858,140.03023878692787
5859,140.03023878692787
5860,140.03023878692787
5861,140.03023878692787
5862,140.03023878692787
5863,143.70774288223356
5864,143.70774288223356
5865,143.70774288223356
5866,143.70774288223356
5867,143.70774288223356
5868,143.70774288223356
5869,158.18687834834876
5870,158.18687834834876
5871,158.18687834834876
5872,154.5143571883395
5873,154.5143571883395
5874,150.8143571883395
5875,150.8143571883395
5876,150.8143571883395
5877,147.1312993532097
5878,143.43540661546916
5879,143.43540661546916
5880,154.052537986061
5881,154.052537986061
5882,154.052537986061
5883,157.74545985505551
5884,157.74545985505551
5885,157.74545985505551
5886,154.0593983452128
5887,154.0593983452128
5888,154.0593983452128
5889,154.0593983452128
5890,157.72912222229405
5891,161.40640656050493
5892,157.71072638731493
5893,157.71072638731493
5894,154.01226593950767
5895,150.31557006876355
5896,154.00033793142464
5897,154.00033793142464
5898,157.7003379314246
5899,154.03444230564168
5900,150.33870645054492
5901,150.33870645054492
5902,150.33870645054492
5903,139.55638467962646
5904,139.55638467962646
5905,143.24841276776795
5906,139.55373659551236
5907,135.86195637628558
5908,125.24482500569377
5909,128.92611583035273
5910,128.92611583035273
5911,132.6123180187094
5912,128.9259463328935
5913,128.91726777150518
5914,128.91726777150518
5915,132.61726777150517
5916,128.92766664066698
5917,128.92766664066698
5918,128.92766664066698
5919,128.92766664066698
5920,118.0422543841646
5921,118.0422543841646
5922,118.0422543841646
5923,118.0422543841646
5924,121.69650967073505
5925,121.69650967073505
5926,121.69650967073505
5927,128.95476060798407
5928,128.95476060798407
5929,139.42457168821107
5930,139.42457168821107
5931,135.7271929802521
5932,135.7271929802521
5933,139.42167570225894
5934,139.42167570225894
5935,143.09978883058764
5936,143.09978883058764
5937,146.79186746640593
5938,146.79186746640593
5939,146.79186746640593
5940,146.79186746640593
5941,136.3220563861789
5942,158.10761219853308
5943,158.10761219853308
5944,158.10761219853308
5945,158.00717325432575
5946,158.00717325432575
5947,158.00717325432575
5948,168.6764939131432
5949,168.6764939131432
5950,172.31372123253385
5951,172.31372123253385
5952,172.31372123253385
5953,172.31372123253385
5954,172.31372123253385
5955,172.31372123253385
5956,186.75523324126064
5957,186.75523324126064
5958,193.29395382771074
5959,189.59708128188288
5960,200.37159583943605
5961,196.70187196235477
5962,196.70187196235477
5963,196.70187196235477
5964,211.0718234176755
5965,211.0718234176755
5966,207.3718234176755
5967,207.3718234176755
5968,199.55305069599552
5969,188.72957312032344
5970,188.72957312032344
5971,199.57978290539546
5972,199.57978290539546
5973,203.96387126520807
5974,204.62674542721618
5975,204.62674542721618
5976,204.62674542721618
5977,204.62674542721618
5978,197.62618724349025
5979,197.60378316313205
5980,197.60378316313205
5981,201.2801576710687
5982,190.523111503899
5983,194.16814057678687
5984,197.86407393836168
5985,212.14201184600233
5986,215.79164580011752
5987,230.3278371242257
5988,230.3278371242257
5989,230.3278371242257
5990,230.3278371242257
5991,230.3278371242257
5992,247.55836528751414
5993,247.55836528751414
5994,247.55836528751414
5995,227.14508687764638
5996,227.14508687764638
5997,238.12855153646058
5998,241.81031468649402
5999,238.3242750099215
6000,238.3242750099215
6001,238.3242750099215
6002,238.3242750099215
6003,234.64298418526255
6004,223.78021671889553
6005,234.55054055045832
6006,216.58114884758982
6007,216.59900504386454
6008,238.3067878016222
6009,234.66956048223153
6010,238.35763301338895
6011,238.35763301338895
6012,242.05296048700245
6013,242.05296048700245
6014,242.05296048700245
6015,238.36819262434136
6016,245.10020375487025
6017,248.79973555238462
6018,245.71673189319853
6019,245.71673189319853
6020,249.40732234668593
6021,245.71060430918806
6022,245.71060430918806
6023,245.71060430918806
6024,245.71060430918806
6025,245.71060430918806
6026,245.71060430918806
6027,234.88903879681055
6028,227.81524691444724
6029,231.3558216818701
6030,227.6595033660825
6031,227.6595033660825
6032,227.68935171844691
6033,223.9898616121971
6034,227.70669980248147
6035,227.70669980248147
6036,220.34022765808191
6037,220.34022765808191
6038,224.01381889766373
6039,238.8159015472465
6040,238.8159015472465
6041,238.8159015472465
6042,238.8159015472465
6043,264.51027514538424
6044,264.51027514538424
6045,264.51027514538424
6046,260.6078569463064
6047,271.6078569463064
6048,271.6078569463064
6049,282.5064422549939
6050,282.5064422549939
6051,278.80925687320905
6052,278.8086983856657
6053,275.14877892548185
6054,289.7925570055035
6055,293.4299534828719
6056,289.7486697011412
6057,289.7486697011412
6058,300.60564744866605
6059,300.60564744866605
6060,304.30564744866604
6061,304.30564744866604
6062,307.9537203301519
6063,304.27897294918404
6064,314.9137023432132
6065,314.9137023432132
6066,314.92318638217665
6067,314.92318638217665
6068,314.92318638217665
6069,314.92318638217665
6070,311.22977201738644
6071,307.5533975094498
6072,307.5533975094498
6073,318.4138282179544
6074,322.10276375925446
6075,333.0070612379812
6076,318.30706123798115
6077,318.30706123798115
6078,307.34498300129906
6079,307.34498300129906
6080,314.70734032069686
6081,325.60817455544736
6082,307.6969816178388
6083,318.5944643852336
6084,318.5944643852336
6085,318.5944643852336
6086,304.0362070561643
6087,304.0362070561643
6088,293.40147766213516
6089,289.703745255131
6090,286.0360326975804
6091,296.83050782799694
6092,311.22319871356797
6093,307.5544362384764
6094,307.5544362384764
6095,289.392534332438
6096,289.392534332438
6097,289.3348628255378
6098,289.3348628255378
6099,298.58264020328414
6100,298.58264020328414
6101,298.58264020328414
6102,302.1054754545919
6103,298.4101479809784
6104,298.4101479809784
6105,298.26970109258974
6106,285.25562575138997
6107,270.6497987891422
6108,266.9522442637309
6109,270.6469449609681
6110,266.97335372138633
6111,266.97335372138633
6112,256.11637597386147
6113,259.81637597386145
6114,259.81637597386145
6115,267.0862439589849
6116,267.0862439589849
6117,267.0862439589849
6118,267.0862439589849
6119,263.90952036310057
6120,274.6269682929019
6121,270.7431153069898
6122,256.42580492526554
6123,230.7506398688202
6124,223.34994180208562
6125,223.34994180208562
6126,216.12185626089376
6127,219.78475463192285
6128,230.7264544920333
6129,219.71798609755527
6130,212.3699132160694
6131,212.3699132160694
6132,227.02240689706446
6133,230.7218785598137
6134,234.40648035852598
6135,244.5190427453457
6136,244.5190427453457
6137,248.2190427453457
6138,237.3725483828506
6139,237.3725483828506
6140,237.3725483828506
6141,223.6255494881463
6142,216.42091938303133
6143,216.42091938303133
6144,216.42091938303133
6145,223.80200685736492
6146,223.80200685736492
6147,227.4595117440625
6148,231.1595117440625
6149,231.1595117440625
6150,227.50391863750997
6151,216.78647070770867
6152,216.78647070770867
6153,216.78647070770867
6154,216.78647070770867
6155,213.10828760610693
6156,213.10828760610693
6157,205.89651854023566
6158,213.24996306532813
6159,213.24996306532813
6160,213.24996306532813
6161,209.57986020585707
6162,209.57986020585707
6163,198.68237743846225
6164,184.08401915605776
6165,176.73901406613666
6166,184.12956980666794
6167,180.46092560628784
6168,180.46092560628784
6169,176.76092560628786
6170,176.76092560628786
6171,194.95372234043273
6172,194.95372234043273
6173,194.95372234043273
6174,194.95372234043273
6175,198.63530476118464
6176,209.54721232403102
6177,209.54721232403102
6178,213.24137471632838
6179,216.9413747163284
6180,238.78383114889888
6181,238.78383114889888
6182,238.78383114889888
6183,238.78383114889888
6184,238.78383114889888
6185,238.78383114889888
6186,238.78383114889888
6187,242.47650453006608
6188,238.7805711684913
6189,235.09348657489934
6190,235.12990629265488
6191,235.12990629265488
6192,235.12990629265488
6193,253.32676701860407
6194,257.02152841362806
6195,257.02041034288646
6196,253.34419840535162
6197,257.0092003682469
6198,256.97019837481963
6199,260.6701983748196
6200,260.6336174007049
6201,260.6336174007049
6202,271.50152989645386
6203,277.53750959057436
6204,295.6934683223361
6205,289.6574886282156
6206,289.6574886282156
6207,296.9979840150273
6208,307.0250668301534
6209,307.0250668301534
6210,296.11027918882286
6211,299.7799555455316
6212,307.0005900129181
6213,299.64576564354786
6214,299.64576564354786
6215,299.64576564354786
6216,314.1278878122709
6217,314.1278878122709
6218,314.1278878122709
6219,303.1766980684265
6220,296.8475409644474
6221,289.6164173242469
6222,289.6164173242469
6223,278.77396089167644
6224,271.37926019443927
6225,271.37926019443927
6226,271.37926019443927
6227,271.37926019443927
6228,275.044796442438
6229,285.89327645724075
6230,267.4932764572407
6231,260.13983193214824
6232,260.13983193214824
6233,256.45824951139633
6234,274.7646834095077
6235,264.00872467774593
6236,264.00872467774593
6237,263.99713741070786
6238,249.36961896070645
6239,249.36961896070645
6240,249.36961896070645
6241,238.39461197637075
6242,249.31249986670764
6243,242.00928297935525
6244,242.00928297935525
6245,242.00928297935525
6246,249.39643015961508
6247,249.39643015961508
6248,242.17692615264818
6249,245.8769261526482
6250,260.28862174182854
6251,256.63621829026437
6252,256.63621829026437
6253,256.63621829026437
6254,260.3145993019298
6255,253.0708158246614
6256,256.7708158246614
6257,256.83315669374826
6258,245.87173540868878
6259,238.72265585983376
6260,238.7035830000143
6261,242.36628319384738
6262,249.70921433900688
6263,238.86073432420412
6264,238.86073432420412
6265,238.86073432420412
6266,238.86073432420412
6267,249.8295137584655
6268,238.83895393417163
6269,235.1543521354593
6270,238.85170203623747
6271,238.85170203623747
6272,260.0393419020843
6273,260.0393419020843
6274,260.0393419020843
6275,263.6970351992172
6276,263.6970351992172
6277,270.6765335747557
6278,259.9619257056829
6279,246.0146159388419
6280,249.6980997072496
6281,242.40584524732284
6282,242.40584524732284
6283,242.40169784446593
6284,253.38569397826018
6285,253.38569397826018
6286,268.0644468795597
6287,271.76444687955967
6288,271.76444687955967
6289,275.4071956128596
6290,282.7843844082985
6291,279.11884816029976
6292,279.1489018312909
6293,279.1489018312909
6294,279.1489018312909
6295,275.4568231954726
6296,271.7855928355658
6297,271.7855928355658
6298,279.0245750627136
6299,275.37269995163035
6300,275.37269995163035
6301,275.37269995163035
6302,275.37269995163035
6303,286.35711712914326
6304,286.35711712914326
6305,286.63303640735495
6306,290.33218233113274
6307,293.9104158112934
6308,290.2127116506698
6309,290.2127116506698
6310,279.28245828583397
6311,268.29809614449084
6312,282.5114718642475
6313,282.5114718642475
6314,282.5114718642475
6315,282.5114718642475
6316,271.5274757304532
6317,267.83063176991965
6318,278.79409419045334
6319,275.1021526739674
6320,275.1021526739674
6321,275.1021526739674
6322,275.1021526739674
6323,285.92234199180285
6324,296.9223419918029
6325,311.5854044245977
6326,311.58540442459764
6327,311.58540442459764
6328,311.58540442459764
6329,322.58540442459764
6330,322.58540442459764
6331,318.915728067889
6332,318.915728067889
6333,337.173422053278
6334,326.64648626748414
6335,322.9666958388467
6336,312.0246030120349
6337,315.7175918879613
6338,315.72474030805364
6339,308.50685241771674
6340,308.50685241771674
6341,301.2134877664516
6342,308.45445874101887
6343,308.45445874101887
6344,312.1460063486039
6345,312.1460063486039
6346,308.44600634860393
6347,312.1460063486039
6348,312.1460063486039
6349,312.1460063486039
6350,323.20309099136773
6351,326.9030909913678
6352,337.87829400894134
6353,337.8925646462427
6354,330.53304230435845
6355,330.53304230435845
6356,326.83304230435846
6357,323.1335706416092
6358,319.4698301523758
6359,323.16983015237577
6360,323.16983015237577
6361,323.16983015237577
6362,312.40670968938076
6363,316.07421264516324
6364,323.45162511181024
6365,327.15162511181023
6366,323.53073771031626
6367,323.5307377103162
6368,323.5307377103162
6369,323.5307377103162
6370,316.32072275332297
6371,315.85930157485063
6372,315.85930157485063
6373,326.9233543971833
6374,337.8441106610579
6375,341.51366089654476
6376,356.0282566502002
6377,345.0378328206491
6378,345.0378328206491
6379,345.0378328206491
6380,337.6313555144286
6381,337.6313555144286
6382,337.6313555144286
6383,326.71186975394454
6384,323.0409430622632
6385,333.8359630140342
6386,333.8331878907741
6387,333.8331878907741
6388,341.0462059952018
6389,337.93531019633014
6390,345.18311866358226
6391,345.18311866358226
6392,348.87631879267417
6393,348.87631879267417
6394,345.1881516597623
6395,341.5000364595653
6396,319.6933263378826
6397,319.6933263378826
6398,319.6933263378826
6399,330.62178785094875
6400,330.62178785094875
6401,330.62178785094875
6402,330.62178785094875
6403,334.3217878509488
6404,334.3217878509488
6405,345.1811502092504
6406,345.1811502092504
6407,341.4811502092504
6408,341.4610363142104
6409,334.33749155425284
6410,323.3622885366793
6411,323.1143056223486
6412,334.0295925036201
6413,334.0295925036201
6414,334.0295925036201
6415,348.5109507833517
6416,344.85377933077723
6417,333.91479710362944
6418,330.23131333522167
6419,319.3984306984812
6420,308.4353682656864
6421,308.4318667257067
6422,312.13186672570674
6423,312.13879866983166
6424,315.83879866983165
6425,315.83879866983165
6426,326.83171010250646
6427,330.5268808498737
6428,334.222891116321
6429,334.222891116321
6430,334.222891116321
6431,337.89854704747813
6432,337.89854704747813
6433,323.2777907836034
6434,319.59542817012095
6435,319.59542817012095
6436,315.82023065435783
6437,304.89593139747103
6438,304.89593139747103
6439,323.2408895817033
6440,323.2408895817033
6441,345.186625380447
6442,341.486625380447
6443,370.5558607082004
6444,374.2339923364344
6445,374.2339923364344
6446,377.9290684739434
6447,384.68977867798134
6448,388.37375918615373
6449,388.37375918615373
6450,395.7644264926921
6451,399.446428437313
6452,399.446428437313
6453,403.1407783249472
6454,410.3098601717005
6455,410.3256354206369
6456,395.76834735118825
6457,395.76834735118825
6458,406.72429230793745
6459,399.47669502047614
6460,395.78212354575885
6461,399.46927270275324
6462,399.46927270275324
6463,421.32260511539477
6464,428.54352146023626
6465,428.54352146023626
6466,410.98983958987077
6467,410.98983958987077
6468,410.98983958987077
6469,407.29685071394437
6470,421.92560959231685
6471,421.9169565754278
6472,421.9169565754278
6473,425.588592678065
6474,425.588592678065
6475,432.42846017585265
6476,432.42846017585265
6477,443.4043146207961
6478,450.76284015361813
6479,461.7317754964843
6480,461.6947984500835
6481,450.7018870174087
6482,447.00722600729216
6483,447.00722600729216
6484,443.3072260072922
6485,454.2762468693773
6486,439.61855288398834
6487,443.28335271574616
6488,443.28335271574616
6489,457.9609130593734
6490,461.60174865113424
6491,454.20174865113427
6492,454.20174865113427
6493,465.02525796401716
6494,479.6103012133937
6495,494.0928657969214
6496,483.0928657969214
6497,497.6932480866101
6498,483.4606799841439
6499,505.16301409344203
6500,508.85724481305897
6501,497.8813903681156
6502,501.5616188697285
6503,523.3628764182315
6504,534.1652743420984
6505,534.1853882371385
6506,537.8853882371384
6507,541.5763953143708
6508,545.0891584618396
6509,545.0891584618396
6510,559.5545382784622
6511,563.2545382784622
6512,570.6543448804325
6513,556.0051790031977
6514,570.6024556056454
6515,585.1358750172699
6516,588.8358750172699
6517,577.7757184426822
6518,577.7757184426822
6519,587.1276461106119
6520,583.4332553506555
6521,574.1839584148187
6522,574.030707457293
6523,584.9762553789617
6524,592.3841157724023
6525,614.1686351476408
6526,592.4258425431258
6527,592.3075092036192
6528,559.6069317291514
6529,566.9913021737829
6530,563.2985859739554
6531,569.8042691625939
6532,558.8577370684735
6533,555.1625663211063
6534,551.7740239219817
6535,533.8728761439746
6536,552.1453912834342
6537,541.2301274254828
6538,544.6461721236815
6539,544.6537514703984
6540,563.012582400233
6541,584.9590095907932
6542,588.6555264508635
6543,588.6555264508635
6544,596.0555264508636
6545,589.5792383643166
6546,571.3628750511166
6547,574.9501550103064
6548,578.6354699757085
6549,582.2927694979334
6550,571.4196144289151
6551,571.4196144289151
6552,560.4716674768516
6553,557.1071181711583
6554,564.4824815660265
6555,546.4989804026593
6556,544.0964577250003
6557,562.2675574023315
6558,565.9438634404758
6559,533.5004576553747
6560,529.9124739616356
6561,521.2441943781404
6562,536.0035479678603
6563,539.7012866314709
6564,535.8913031238018
6565,539.3984369001256
6566,539.3984369001256
6567,550.3132340967327
6568,557.4429941957461
6569,575.733070663793
6570,572.1329427530527
6571,568.4329427530527
6572,579.2037428894024
6573,572.063049681168
6574,579.0819526517334
6575,575.4512169037605
6576,575.4512169037605
6577,568.183236441738
6578,553.5053745651462
6579,553.5081072365135
6580,564.4712673348483
6581,560.7862545822203
6582,553.3923077584195
6583,553.3874387394416
6584,549.6874387394415
6585,535.0552752297634
6586,535.0013111083653
6587,535.0013111083653
6588,545.6841656216643
6589,560.1980850591318
6590,542.0363247172096
6591,545.7323200278172
6592,549.4204138742411
6593,549.4204138742411
6594,549.4204138742411
6595,564.0985811852922
6596,567.7705114774385
6597,568.1467268270084
6598,575.534932309296
6599,564.8462070528203
6600,550.3844364819978
6601,568.0207790077925
6602,593.5504407580344
6603,593.5873314245349
6604,604.587331424535
6605,611.905329479914
6606,618.7752071264024
6607,618.7752071264024
6608,601.0658414691802
6609,564.6930162961096
6610,554.0491188367047
6611,561.4283969342862
6612,568.6213377622915
6613,564.9307891123179
6614,568.6066887928383
6615,547.4443669825217
6616,558.3540197587815
6617,558.3540197587815
6618,558.3540197587815
6619,558.3540197587815
6620,558.295852260577
6621,561.9358401548271
6622,561.9358401548271
6623,598.3702342881187
6624,605.7464513830872
6625,602.0547915214736
6626,602.0547915214736
6627,612.9768357777982
6628,623.9480229035058
6629,635.1191186421242
6630,635.0940770950932
6631,656.7033967230092
6632,656.7033967230092
6633,638.3588179997769
6634,638.3806146349336
6635,641.8859249601348
6636,641.8859249601348
6637,641.8859249601348
6638,641.8474317508236
6639,649.2234400616696
6640,645.4078491514379
6641,638.2711497870694
6642,645.623473890578
6643,641.9914392843655
6644,630.9914392843656
6645,619.9936371186341
6646,601.8336585520293
6647,601.8336585520293
6648,616.4610220200683
6649,623.8410453239344
6650,616.4497450335731
6651,601.8384373770676
6652,623.7018260582806
6653,627.2936719926433
6654,623.6626952547838
6655,623.6626952547838
6656,620.1802608047867
6657,598.1640068878145
6658,598.1640068878145
6659,598.1640068878145
6660,598.1640068878145
6661,587.2932670440728
6662,605.6021759944754
6663,609.2627399288203
6664,612.9529627553537
6665,591.1085089933649
6666,602.0269110188651
6667,605.7252203761332
6668,591.3065793985585
6669,594.9859132419999
6670,587.7699365953382
6671,587.7699365953382
6672,587.7699365953382
6673,584.2490118228013
6674,580.5531492748443
6675,587.9215478585543
6676,591.6052619271413
6677,595.3046542114945
6678,602.6286749485669
6679,598.9392892266558
6680,587.960853784234
6681,573.451075426683
6682,577.1303282868145
6683,584.4886347377685
6684,595.4086929100487
6685,595.4307275381399
6686,606.2468635811791
6687,595.1545607716935
6688,580.5627148373306
6689,584.2400446340686
6690,595.1786610657789
6691,595.1786610657789
6692,613.2495865162158
6693,613.2495865162158
6694,623.9400767683089
6695,629.4719447055498
6696,629.4637759700611
6697,649.5849925451034
6698,642.2808038855835
6699,638.6016746556356
6700,656.7663328989879
6701,671.1853697103404
6702,671.1853697103404
6703,685.6778379419331
6704,692.867268554995
6705,711.182522948126
6706,718.5040897424951
6707,725.8504208073232
6708,733.1188987660028
6709,733.1101663685572
6710,729.6054864087137
6711,718.7165722962155
6712,729.5938699437781
6713,726.057961764777
6714,740.4623661861774
6715,736.7770512207753
6716,747.8240131171234
6717,744.1240131171235
6718,747.8236597162394
6719,747.8030012206451
6720,718.8465314322955
6721,700.566444857543
6722,711.6254779386562
6723,711.6382372583441
6724,708.2100454694757
6725,697.3825755345877
6726,693.7053935312615
6727,693.7053935312615
6728,704.5192963882741
6729,671.9701895784317
6730,693.8591723602262
6731,719.3783395935484
6732,734.0072011868607
6733,781.1204686695592
6734,784.7033141917556
6735,781.006449359915
6736,770.0125159644439
6737,795.3654491508865
6738,795.3565640523512
6739,795.3661763990825
6740,806.489889450573
6741,810.188434457063
6742,810.188434457063
6743,835.7832875519251
6744,857.5378009167442
6745,893.9919675823782
6746,886.815375021695
6747,904.90678967287
6748,901.439195942086
6749,919.7209079232783
6750,916.0626289596669
6751,915.5739887771607
6752,908.4491079166315
6753,868.6684514286217
6754,886.868925185872
6755,890.5685874779259
6756,890.5459169299198
6757,879.2470008016824
6758,893.8867250436816
6759,904.7657757609932
6760,908.4606812857795
6761,926.7458536817794
6762,941.1615786931145
6763,934.0024318564435
6764,941.2610722901899
6765,933.9411333624403
6766,930.2411333624403
6767,952.2183851562893
6768,941.7064723118087
6769,909.2207274964209
6770,909.3626187648351
6771,931.3326518903009
6772,931.3513723444917
6773,927.6945853097542
6774,927.3780570552999
6775,923.6874550626801
6776,927.3227563215007
6777,934.5913000054177
6778,952.943805570199
6779,942.1069015643661
6780,952.9955442966512
6781,974.8724518707986
6782,978.5575964417964
6783,964.1130856243038
6784,960.6991827672912
6785,953.3909875966472
6786,964.3069096545313
6787,967.9728581770386
6788,975.3595782405771
6789,964.4131088172412
6790,978.9528313568974
6791,971.5822329562084
6792,975.2729991812621
6793,953.5960401164316
6794,931.7479448551535
6795,939.3898730538587
6796,946.7618089058587
6797,942.9276852736401
6798,953.8279619663824
6799,939.4922630212687
6800,946.7786723114507
6801,957.6274854010703
6802,932.1438589899409
6803,928.4255051232635
6804,921.4899665324308
6805,921.487124358456
6806,921.487124358456
6807,921.4142004434294
6808,928.7758465593824
6809,950.6417240093309
6810,954.3235410147705
6811,943.259150208962
6812,921.7458206529474
6813,925.3985623908006
6814,921.914069311105
6815,932.8801917067773
6816,954.7214438705194
6817,954.732500135646
6818,965.6940310422624
6819,976.6625468446645
6820,965.7257612467116
6821,980.3140189532138
6822,980.3047569132531
6823,947.5481446086709
6824,943.8631132150678
6825,936.6583276068651
6826,932.8601102949688
6827,932.8597581556057
6828,932.861797767722
6829,947.4037168839692
6830,961.7656788600035
6831,976.4013535809308
6832,983.4903603165297
6833,990.78166420095
6834,998.1613996888262
6835,987.1555994776971
6836,979.81284285986
6837,972.6884364856069
6838,980.0305734994041
6839,994.5155897043896
6840,994.5155897043896
6841,987.2369735976276
6842,998.3016492884626
6843,990.9109142471249
6844,998.1885792330885
6845,998.1885792330885
6846,990.7621818167252
6847,979.7623034606432
6848,1001.6581386192677
6849,1034.2075916268072
6850,1037.9565416621363
6851,1048.8884276225485
6852,1059.7828145754124
6853,1056.1044506464332
6854,1056.1044506464332
6855,1045.1740260148053
6856,1034.3270828752763
6857,1026.9298420725365
6858,1030.6200578335997
6859,1030.6200578335997
6860,1030.6158326478394
6861,1038.3234971564982
6862,1052.9311128075447
6863,1052.9311128075447
6864,1049.2910603536382
6865,1049.2910603536382
6866,1023.7680603553895
6867,1038.4382072294186
6868,1052.8978563461706
6869,1056.4623729612545
6870,1038.2028690246063
6871,1045.6057996831928
6872,1034.6451400396115
6873,1027.252521351214
6874,1016.2213087125829
6875,1012.5561692397923
6876,1016.2526195784494
6877,1020.1627726004805
6878,1016.2766956557513
6879,1005.3366909478378
6880,983.4712072070289
6881,990.8684740905633
6882,979.7875741236131
6883,968.8758684076129
6884,961.753133691071
6885,961.753133691071
6886,965.4493766143553
6887,987.4696993390065
6888,1013.1404408222954
6889,994.8100009252424
6890,994.8100009252424
6891,994.8100009252424
6892,1005.7312658566257
6893,994.7125499051881
6894,1005.5331776326266
6895,1009.2259523865292
6896,1005.5493357177364
6897,1009.212809409069
6898,1001.9524623199846
6899,1001.9650420670782
6900,980.2531236460136
6901,972.9731809734888
6902,991.069342020078
6903,998.371010696894
6904,995.0076437437706
6905,998.7020960181812
6906,995.010363591517
6907,991.345301926407
6908,987.6739509817386
6909,987.3993882846718
6910,976.394002999294
6911,980.0115819159357
6912,961.4544063039416
6913,957.8009178651477
6914,950.4466286824834
6915,935.7939936492196
6916,928.4021428235715
6917,928.4021428235715
6918,914.0503347812801
6919,899.607860734081
6920,888.6912235348627
6921,874.2269826557977
6922,870.5487707996136
6923,859.5909501843822
6924,852.4047141916362
6925,863.4047141916362
6926,856.0182138063328
6927,845.1048457916473
6928,834.0744698077029
6929,826.6856435896158
6930,801.4882700084062
6931,797.8187674688215
6932,787.1086363828022
6933,798.0940963268681
6934,787.0940963268681
6935,808.6760465429718
6936,804.9786345029245
6937,826.8678377844155
6938,808.4771221781955
6939,808.4412920161396
6940,804.807974721876
6941,819.4015191176375
6942,801.2160429085025
6943,808.4146845961889
6944,804.7224642347201
6945,801.0267761189622
6946,797.3419217555406
6947,793.4259622191481
6948,782.4384961954469
6949,793.4288480026408
6950,771.379452034249
6951,766.8678767541455
6952,770.4321012496569
6953,763.0753651551039
6954,766.7619011371099
6955,774.0457495936288
6956,759.5252763425307
6957,759.5252763425307
6958,748.6633302133374
6959,745.7622549443319
6960,745.7406611964325
6961,742.0555166254347
6962,735.2015159931263
6963,731.5109538695515
6964,749.6194234371976
6965,760.6168610123177
6966,782.6121660057389
6967,789.9864631777529
6968,789.9961757439627
6969,782.6434875232991
6970,771.5972378999658
6971,767.9339977972039
6972,757.2205436991596
6973,760.918372067989
6974,760.918372067989
6975,768.2238709364632
6976,779.3129995692514
6977,775.6143022424069
6978,789.8857429887252
6979,789.8857429887252
6980,789.8857429887252
6981,796.7174359359261
6982,821.8278185425966
6983,821.8575321076362
6984,822.0277985339217
6985,825.7197964122297
6986,825.7197964122297
6987,818.3790806609061
6988,829.1172766679717
6989,821.7287100721193
6990,850.7066121991459
6991,854.3477495419588
6992,847.0142083075317
6993,835.9869583009494
6994,817.8583139445383
6995,828.9492876548376
6996,828.9492876548376
6997,835.9468416749054
6998,835.8748281904235
6999,835.9884062800771
7000,829.1677840508636
7001,814.4828316638033
7002,814.4472634329679
7003,800.2025089930419
7004,803.8858736860809
7005,785.9183729076512
7006,793.1082211524715
7007,796.7992957253293
7008,793.1047580757238
7009,789.4285067177045
7010,782.0795284082512
7011,782.168842407407
7012,785.8254174978647
7013,760.4868587676528
7014,774.9328569519917
7015,782.0640938905967
7016,774.6844922434686
7017,785.6457469857721
7018,785.6452700212452
7019,796.6301247585423
7020,803.6217232759822
7021,799.9575534380381
7022,795.9995273833931
7023,777.6353909495427
7024,777.6353909495427
7025,787.6095970336148
7026,787.6095970336148
7027,787.4937356991454
7028,787.4937356991454
7029,780.3406056993306
7030,784.0271733995478
7031,790.7070452105238
7032,790.7070452105238
7033,772.5288522592922
7034,787.1396524502051
7035,779.9762728367268
7036,790.8117075306561
7037,773.074589646686
7038,794.8813736956822
7039,794.8879707470999
7040,783.8083127751974
7041,766.0494745040507
7042,758.6648829726932
7043,736.674268631803
7044,732.9882329876968
7045,743.8723665733689
7046,715.0597999552272
7047,715.0970076728573
7048,704.4848138662891
7049,690.2067372777667
7050,690.1936749914385
7051,697.5674337643386
7052,683.105404742575
7053,679.4252042032251
7054,679.4308867370155
7055,675.7778276570325
7056,664.7964099784904
7057,664.8096635277998
7058,639.1684030860017
7059,617.2408033666377
7060,613.5359911535588
7061,605.9835475139793
7062,595.0843323344486
7063,598.7718357856845
7064,595.073334021489
7065,591.2876713687386
7066,591.2973337440691
7067,591.2973337440691
7068,569.6275802362704
7069,584.317746015357
7070,588.0155931957379
7071,577.1361076784285
7072,566.1791452211229
7073,566.1791452211229
7074,555.1791452211229
7075,551.4791452211228
7076,555.1561871180521
7077,551.4603934529665
7078,544.1629711595375
7079,536.9130364940165
7080,533.2303556436891
7081,533.2288311777844
7082,533.2288311777844
7083,518.6476737453401
7084,518.6476737453401
7085,518.6476737453401
7086,511.4018535387153
7087,511.41605569017133
7088,511.41605569017133
7089,511.41605569017133
7090,507.7295197081653
7091,507.7295197081653
7092,496.77006756819355
7093,496.77006756819355
7094,493.2708054400721
7095,511.4265841458073
7096,507.7424953828689
7097,489.3940899407114
7098,503.93656341217
7099,500.2792626440761
7100,500.2792626440761
7101,500.2792626440761
7102,500.2792626440761
7103,503.9683899262985
7104,489.3451727764692
7105,485.6572632830972
7106,474.6423294166725
7107,459.9628126564981
7108,467.0351175054985
7109,467.0351175054985
7110,467.0351175054985
7111,445.0034542181738
7112,423.0107832916522
7113,430.19903856485456
7114,437.58207194254163
7115,437.56241337606286
7116,437.56241337606286
7117,444.80984650733865
7118,444.80984650733865
7119,444.76224497504757
7120,441.06145867092016
7121,430.17128206740813
7122,433.8425312002066
7123,426.48270034573557
7124,430.1827003457355
7125,433.86510208720506
7126,419.3076174795307
7127,415.6457233720834
7128,404.88652806038846
7129,404.88652806038846
7130,408.5137807467333
7131,408.5207016258293
7132,408.5207016258293
7133,415.63651425027865
7134,426.1776960891997
7135,422.53807090448726
7136,426.23099916977634
7137,426.23099916977634
7138,437.125004128302
7139,433.4304061769452
7140,429.7329076938594
7141,436.926815172012
7142,440.6304341709806
7143,429.6663898958705
7144,440.6258009858349
7145,462.42519807870053
7146,458.7266530722106
7147,469.69030761030916
7148,469.4941417033367
7149,469.4941417033367
7150,440.75183919174367
7151,455.36108064684703
7152,451.6678997934597
7153,447.9699033424982
7154,447.9699033424982
7155,447.9699033424982
7156,458.91041528018616
7157,458.91041528018616
7158,458.91041528018616
7159,440.71343830378504
7160,433.32421321122536
7161,429.63988823251816
7162,429.63988823251816
7163,422.4095045812106
7164,426.0736359422602
7165,426.0736359422602
7166,436.68284993345367
7167,436.69007158070735
7168,447.62511753218587
7169,447.62511753218587
7170,447.62511753218587
7171,454.2446088485556
7172,461.5703032010304
7173,472.46987547945065
7174,468.7753829880169
7175,465.09217824352186
7176,472.4742269486424
7177,458.1150007832548
7178,458.1826465431454
7179,461.861083104949
7180,465.5601776701083
7181,461.87032826461393
7182,461.87032826461393
7183,461.87032826461393
7184,447.7034035708207
7185,440.58343172473917
7186,422.4236711219156
7187,422.4236711219156
7188,422.41586745647373
7189,418.72416504806006
7190,418.72416504806006
7191,425.86490356725017
7192,426.1955363531996
7193,415.2029008012378
7194,415.2029008012378
7195,418.90165446628225
7196,422.5923882765562
7197,418.89300585122703
7198,404.31038741493364
7199,408.00405507940457
7200,378.7343096806926
7201,367.7981572276831
7202,367.7981572276831
7203,360.4041113540344
7204,356.7280232542178
7205,342.3315318783676
7206,342.3315318783676
7207,338.66817436381194
7208,338.66817436381194
7209,338.66817436381194
7210,338.66817436381194
7211,338.66817436381194
7212,327.8276733280827
7213,327.8276733280827
7214,327.8276733280827
7215,327.8276733280827
7216,327.8276733280827
7217,320.48434269850765
7218,313.0978510626484
7219,305.715219076411
7220,305.715219076411
7221,302.01875415431846
7222,298.3398006152305
7223,294.6631700092622
7224,294.6631700092622
7225,280.05351297161275
7226,280.05351297161275
7227,280.05351297161275
7228,269.03154239747215
7229,265.33334826406156
7230,261.64344068680697
7231,265.33412169266785
7232,265.33412169266785
7233,265.33412169266785
7234,265.33412169266785
7235,261.6466786276466
7236,261.6466786276466
7237,272.50475396908854
7238,268.8335048362901
7239,268.8326586899712
7240,268.8326586899712
7241,268.8326586899712
7242,265.1343519352925
7243,265.1343519352925
7244,265.1343519352925
7245,265.1343519352925
7246,257.8857707885653
7247,257.8857707885653
7248,239.6136299399608
7249,253.90939835629842
7250,253.90939835629842
7251,246.5544183436581
7252,246.5544183436581
7253,250.25288969389388
7254,246.56004999734873
7255,250.25175578750898
7256,246.5526612223496
7257,246.5526612223496
7258,239.1700487039581
7259,239.1700487039581
7260,239.1700487039581
7261,239.1700487039581
7262,239.1700487039581
7263,239.1700487039581
7264,239.1700487039581
7265,239.1700487039581
7266,239.1700487039581
7267,231.78501416180578
7268,242.742147307909
7269,242.742147307909
7270,242.742147307909
7271,242.742147307909
7272,242.742147307909
7273,246.42921024876836
7274,242.75077368696475
7275,239.50166940149103
7276,232.11683054317646
7277,232.11683054317646
7278,232.12375221783253
7279,232.12375221783253
7280,232.12375221783253
7281,235.82147889557694
7282,235.82147889557694
7283,235.82147889557694
7284,232.1323502627887
7285,246.70863991901768
7286,246.70863991901768
7287,246.70863991901768
7288,250.3973073615707
7289,250.3973073615707
7290,250.3973073615707
7291,239.4574605844278
7292,246.65307046925162
7293,246.65307046925162
7294,246.65307046925162
7295,242.96585601853596
7296,242.96585601853596
7297,239.26585601853597
7298,239.26585601853597
7299,239.26585601853597
7300,239.26585601853597
7301,239.26585601853597
7302,235.5699085008121
7303,246.41438178027934
7304,242.71738776815639
7305,242.71738776815639
7306,239.03085409906382
7307,235.33210043401928
7308,224.4740250925774
7309,231.86896851007685
7310,231.86896851007685
7311,228.17203658107638
7312,228.17203658107638
7313,228.17203658107638
7314,228.17203658107638
7315,217.29497933636645
7316,217.29497933636645
7317,213.64398820467346
7318,217.32889432728265
7319,206.4526046710536
7320,206.4526046710536
7321,206.4526046710536
7322,217.21434151053535
7323,217.21467971350677
7324,213.52268183519885
7325,213.52268183519885
7326,209.83048693644685
7327,209.83048693644685
7328,213.5004003369816
7329,213.5004003369816
7330,224.49031868142185
7331,220.79125984996193
7332,227.95237233703443
7333,227.95237233703443
7334,227.96465155786152
7335,224.2717232925725
7336,224.22286220563925
7337,227.89461516116742
7338,227.89461516116742
7339,227.89461516116742
7340,242.49558044055965
7341,238.79773326017866
7342,238.79773326017866
7343,249.77393975678746
7344,249.77393975678746
7345,242.38286518392962
7346,238.69432836187408
7347,238.69432836187408
7348,242.38709106546042
7349,238.6940255816737
7350,238.6940255816737
7351,246.06615643158412
7352,235.10902328548093
7353,238.94772811735916
7354,249.66945188286064
7355,257.0694518828606
7356,257.0694518828606
7357,260.76597120853427
7358,246.11253094039415
7359,257.0977209253949
7360,249.702873061321
7361,260.48052154624656
7362,260.48052154624656
7363,260.48052154624656
7364,249.63604826677926
7365,260.3909811575073
7366,264.088138036019
7367,264.088138036019
7368,264.088138036019
7369,267.74841856171145
7370,267.74841856171145
7371,267.74841856171145
7372,264.05058596544836
7373,274.9625471412535
7374,274.9625471412535
7375,278.6551245936365
7376,278.6551245936365
7377,289.5679534614138
7378,289.5679534614138
7379,285.8805061951906
7380,282.1919083981214
7381,293.0981986959864
7382,289.42848115728935
7383,289.42848115728935
7384,289.42848115728935
7385,282.04254727682934
7386,282.04254727682934
7387,282.04254727682934
7388,282.04254727682934
7389,267.59552217021206
7390,271.27351282779284
7391,278.18780149984485
7392,278.18780149984485
7393,263.5832029648441
7394,267.31468841260016
7395,271.0053496734986
7396,271.0053496734986
7397,271.0053496734986
7398,271.0053496734986
7399,271.0053496734986
7400,274.7027827846373
7401,267.3095696515319
7402,267.3095696515319
7403,263.6663022226501
7404,263.6663022226501
7405,271.0584387633902
7406,274.754492821935
7407,282.0687174800887
7408,278.3969645245606
7409,278.3964461575992
7410,267.6187976726736
7411,263.92513000820276
7412,263.92513000820276
7413,263.92513000820276
7414,263.92513000820276
7415,263.92513000820276
7416,263.92513000820276
7417,263.92513000820276
7418,263.92513000820276
7419,253.3147458638856
7420,246.09927336981428
7421,256.9189521358264
7422,256.9189521358264
7423,242.23138725569646
7424,242.23138725569646
7425,242.23138725569646
7426,242.23138725569646
7427,238.56147385516167
7428,234.86300754935405
7429,231.1759446084947
7430,231.1759446084947
7431,231.1759446084947
7432,234.87594460849468
7433,234.87594460849468
7434,234.88069049216955
7435,220.4347185753256
7436,224.13471857532562
7437,224.13471857532562
7438,227.8281656760613
7439,213.1642369172293
7440,209.4677175915556
7441,205.77362621465815
7442,205.77362621465815
7443,202.07818643524362
7444,209.43781450330602
7445,198.45262451830524
7446,198.45262451830524
7447,194.81846164858655
7448,183.91000897268015
7449,183.91000897268015
7450,183.91000897268015
7451,176.77616954194798
7452,176.77616954194798
7453,176.77616954194798
7454,187.70262224965614
7455,187.70262224965614
7456,191.38783071632497
7457,191.38783071632497
7458,191.38783071632497
7459,187.72755019063257
7460,191.42633896697615
7461,191.42633896697615
7462,191.42633896697615
7463,195.1078525242666
7464,195.1078525242666
7465,191.42986186668585
7466,191.42986186668585
7467,187.7381560765256
7468,187.7381560765256
7469,187.7381560765256
7470,176.82619490072045
7471,176.82619490072045
7472,176.82619490072045
7473,173.12846822297607
7474,184.00436588222738
7475,180.33326289087
7476,176.63326289087001
7477,176.63326289087001
7478,191.25812042213875
7479,191.25812042213875
7480,198.58759427282592
7481,202.27849509199967
7482,205.95646844496758
7483,205.95646844496758
7484,205.95646844496758
7485,205.95646844496758
7486,205.95646844496758
7487,194.99406280904498
7488,194.99406280904498
7489,209.63732140989643
7490,227.87997163416622
7491,224.14507899175175
7492,224.1378177876129
7493,227.8378015351461
7494,234.96119368998254
7495,224.05490339211758
7496,224.05490339211758
7497,216.66345345313857
7498,212.9823079118603
7499,212.9823079118603
7500,212.9823079118603
7501,209.29184097018955
7502,209.29184097018955
7503,212.98912390286543
7504,212.98912390286543
7505,212.98912390286543
7506,212.98912390286543
7507,216.67883735933097
7508,224.06066784620484
7509,227.74217448473988
7510,231.44217448473987
7511,231.44217448473987
7512,242.2059088203259
7513,242.2059088203259
7514,253.27171742744633
7515,264.1796710561458
7516,275.1311055804409
7517,275.1311055804409
7518,271.44589711377205
7519,282.2856690584668
7520,285.9799445352036
7521,300.5403401253991
7522,300.5403401253991
7523,311.29256601476095
7524,321.89280699264316
7525,321.89280699264316
7526,321.89280699264316
7527,325.55791171506905
7528,325.55791171506905
7529,329.257911715069
7530,336.30470762699815
7531,336.30470762699815
7532,350.9924456168709
7533,354.6883248327309
7534,354.6883248327309
7535,351.03253646928454
7536,340.2445014961074
7537,351.0371502697659
7538,336.3651622985433
7539,318.0332742239458
7540,318.0332742239458
7541,318.0332742239458
7542,314.386957563164
7543,310.6976341470384
7544,299.8217364877871
7545,299.8217364877871
7546,278.14305789071705
7547,281.82667010827134
7548,281.82667010827134
7549,281.82667010827134
7550,267.53388920900125
7551,267.53388920900125
7552,256.47577088071546
7553,260.17577088071545
7554,252.9763839182417
7555,252.9763839182417
7556,252.9763839182417
7557,252.9763839182417
7558,249.27638391824172
7559,249.27638391824172
7560,238.59509843989275
7561,238.59509843989275
7562,227.6012759542151
7563,231.2621200497585
7564,231.2621200497585
7565,242.193018937227
7566,242.20880296417653
7567,256.83536753568734
7568,245.92741390698785
7569,245.92741390698785
7570,245.92741390698785
7571,245.92741390698785
7572,253.32741390698789
7573,257.0090109184254
7574,257.0090109184254
7575,246.16923897373061
7576,249.8540294046499
7577,249.8540294046499
7578,238.9025948803549
7579,249.70970957391995
7580,246.01227646278124
7581,246.01227646278124
7582,246.01227646278124
7583,220.58913167889656
7584,224.2813108537168
7585,224.2813108537168
7586,224.2813108537168
7587,227.98022631397063
7588,217.0493274265021
7589,213.3544320938692
7590,213.3544320938692
7591,213.3544320938692
7592,213.3544320938692
7593,213.3544320938692
7594,213.3544320938692
7595,206.05631872031685
7596,198.7990905022581
7597,198.7990905022581
7598,187.8547974799566
7599,187.8547974799566
7600,187.8547974799566
7601,187.8547974799566
7602,187.8547974799566
7603,198.68454539028696
7604,198.68454539028696
7605,198.68454539028696
7606,194.99026991355018
7607,194.99026991355018
7608,191.29441681421343
7609,194.98228178896827
7610,198.68013849817498
7611,191.55473063892677
7612,191.55473063892677
7613,191.55473063892677
7614,202.37854756407313
7615,198.6919400586949
7616,195.01624069628605
7617,195.01624069628605
7618,195.01624069628605
7619,202.22320056043634
7620,202.22320056043634
7621,198.52600358855443
7622,209.55838070378223
7623,209.55838070378223
7624,213.2554613048991
7625,216.89597847843055
7626,206.0662305681002
7627,206.0662305681002
7628,206.0662305681002
7629,206.0662305681002
7630,206.0662305681002
7631,206.0662305681002
7632,206.0662305681002
7633,187.87156076789805
7634,187.87156076789805
7635,191.57106762932332
7636,209.91103275791565
7637,213.60320785547063
7638,213.60320785547063
7639,213.60320785547063
7640,220.78877252818424
7641,220.78877252818424
7642,220.78877252818424
7643,220.78877252818424
7644,217.12792843264089
7645,202.55249182350562
7646,228.09534507849233
7647,228.09534507849233
7648,228.09534507849233
7649,224.4031659036721
7650,224.4031659036721
7651,224.4031659036721
7652,228.09969418774025
7653,224.39969418774024
7654,224.39969418774024
7655,220.7181875492052
7656,231.3921664388072
7657,227.69840905888978
7658,231.3984090588898
7659,227.71681204745227
7660,235.09066989537817
7661,227.75920871919968
7662,227.75920871919968
7663,216.80002058665832
7664,227.71375362616098
7665,227.71375362616098
7666,238.5943261147319
7667,249.53702609999982
7668,249.53702609999982
7669,245.84099483006398
7670,245.89816220963712
7671,256.7214660479132
7672,256.7214660479132
7673,256.7214660479132
7674,256.71797110658594
7675,263.97295022764854
7676,260.2756672949726
7677,278.4009434785585
7678,282.090673085209
7679,282.090673085209
7680,282.090673085209
7681,282.090673085209
7682,282.090673085209
7683,260.4289295801805
7684,271.3860506023595
7685,275.06515796851653
7686,286.0569623730128
7687,286.0569623730128
7688,286.0466522948896
7689,282.3652460564754
7690,282.3652460564754
7691,282.3652460564754
7692,282.3652460564754
7693,282.3652460564754
7694,282.3652460564754
7695,286.0310002828538
7696,286.05577306460435
7697,297.03760548334014
7698,293.3788086579921
7699,289.9318770317176
7700,289.9318770317176
7701,289.9318770317176
7702,289.9318770317176
7703,300.6792313928303
7704,300.6792313928303
7705,300.6792313928303
7706,296.9883305736565
7707,296.9883305736565
7708,296.9883305736565
7709,322.1191730907275
7710,333.039651269545
7711,343.8661210742256
7712,322.12018220939336
7713,325.8201822093933
7714,314.9396097208224
7715,314.9396097208224
7716,314.9396097208224
7717,314.9396097208224
7718,314.9396097208224
7719,311.247196554651
7720,311.247196554651
7721,311.247196554651
7722,311.247196554651
7723,311.247196554651
7724,322.23676756414255
7725,322.23676756414255
7726,322.23676756414255
7727,311.4621692714647
7728,307.801383473921
7729,297.277357789482
7730,311.9342642977338
7731,311.9342642977338
7732,315.61980640677206
7733,315.61980640677206
7734,311.92202087955474
7735,322.8739099759152
7736,322.8739099759152
7737,344.8015709414771
7738,341.11090968057874
7739,337.4109096805787
7740,337.4109096805787
7741,337.4230447058239
7742,348.40170364831755
7743,341.13512964251385
7744,330.1821782410485
7745,330.1821782410485
7746,330.1821782410485
7747,330.1821782410485
7748,326.50749011663686
7749,326.50093206459735
7750,326.50093206459735
7751,326.50093206459735
7752,330.2002740027957
7753,352.09725644233254
7754,337.42052557736133
7755,341.10956867079597
7756,337.4304613046389
7757,337.4304613046389
7758,348.3037276943604
7759,370.198151309283
7760,381.17072540169374
7761,381.17072540169374
7762,384.87065375899743
7763,373.92795377372954
7764,398.9164891314251
7765,384.26459833890596
7766,384.26459833890596
7767,384.26459833890596
7768,387.9577338759539
7769,377.09732776654744
7770,377.09732776654744
7771,380.7973277665475
7772,380.7973277665475
7773,388.17061835203293
7774,391.86827804420153
7775,391.88228982500533
7776,402.7971694436592
7777,402.7971694436592
7778,424.69291136984054
7779,435.54087144020417
7780,446.4252564111783
7781,460.94725062078095
7782,457.9425595553555
7783,468.9425595553555
7784,472.35668884722133
7785,472.35668884722133
7786,476.05109653803186
7787,461.35158967660664
7788,461.35158967660664
7789,461.35158967660664
7790,461.3858354502282
7791,453.9942359296948
7792,453.98784992868536
7793,461.31403054114867
7794,475.9740170458157
7795,468.7016095794386
7796,468.7016095794386
7797,472.37791256138246
7798,457.8672266245942
7799,446.95101501467116
7800,443.2651417929832
7801,443.2651417929832
7802,439.56926257712314
7803,446.9525145477583
7804,446.9525145477583
7805,425.0934268548763
7806,439.6693330068458
7807,428.7960666171242
7808,432.4927293095966
7809,432.4927293095966
7810,428.79272930959655
7811,417.8782741188577
7812,432.3274425044265
7813,421.37555340806597
7814,417.6938465737491
7815,417.6938465737491
7816,428.75636968414864
7817,436.0057612836162
7818,421.4778890943564
7819,421.4778890943564
7820,410.4992301518627
7821,414.19923015186276
7822,406.93587004713066
7823,406.93587004713066
7824,396.13543706303113
7825,399.8310465135833
7826,385.26111943357097
7827,381.56111943357104
7828,385.2366967194992
7829,388.9138298673757
7830,377.9356466333222
7831,377.9356466333222
7832,381.60229150048167
7833,381.60229150048167
7834,370.7543314301181
7835,363.46691521466266
7836,363.46691521466266
7837,363.46691521466266
7838,374.43918009511424
7839,374.43918009511424
7840,381.66118716186315
7841,385.3761936586882
7842,385.3902601070737
7843,385.3902601070737
7844,385.3902601070737
7845,385.3902601070737
7846,389.0812790102385
7847,392.76765227725036
7848,392.76765227725036
7849,378.0757017696709
7850,392.74254254613913
7851,392.74254254613913
7852,385.36866960416427
7853,385.36866960416427
7854,385.36866960416427
7855,385.36866960416427
7856,370.6782856113589
7857,363.62010900745645
7858,367.3015029525202
7859,374.48960826998973
7860,370.83435477080496
7861,359.9299809006492
7862,345.3263579819647
7863,345.3263579819647
7864,341.6500550000208
7865,345.2964223024449
7866,334.4869940015195
7867,334.4869940015195
7868,334.4869940015195
7869,327.25292756813536
7870,316.2740470052307
7871,316.2740470052307
7872,327.09528924999995
7873,337.95725880607495
7874,334.28831343515594
7875,344.81452239711916
7876,344.81452239711916
7877,352.21107108928334
7878,359.4866995370552
7879,355.8273360816519
7880,366.7794171287454
7881,377.5350667031102
7882,384.9269259963072
7883,377.56010883924716
7884,381.23832290792956
7885,384.92379077641493
7886,377.6219797996503
7887,377.6219797996503
7888,381.30427872785964
7889,392.1633039202599
7890,388.46330392025993
7891,392.11112012445983
7892,392.11112012445983
7893,402.9187824641839
7894,399.2373885191202
7895,406.2389950551157
7896,406.2389950551157
7897,402.5723501879562
7898,395.737896702084
7899,384.8077281065655
7900,384.8077281065655
7901,377.4452864711234
7902,388.4014269621926
7903,395.29932599851116
7904,391.6245644136141
7905,391.6245644136141
7906,391.6332263694879
7907,402.3026597050061
7908,405.9931711103574
7909,427.8350049079328
7910,417.08513894052453
7911,417.08513894052453
7912,417.08513894052453
7913,428.0499289560474
7914,428.0499289560474
7915,431.7441091689598
7916,438.58455027160227
7917,423.91358189894555
7918,420.22013995098513
7919,420.22013995098513
7920,431.10515327097795
7921,427.4141343678131
7922,427.4141343678131
7923,431.11413436781316
7924,431.11413436781316
7925,427.4141343678131
7926,427.4212860337885
7927,409.1058981146605
7928,387.760583222145
7929,362.77882983197213
7930,359.13246252954804
7931,355.4981518993781
7932,355.4981518993781
7933,359.194967105093
7934,348.3737248603239
7935,315.8302034109632
7936,330.37127206735477
7937,341.3590122188317
7938,326.79704266275667
7939,326.79704266275667
7940,304.8946367708478
7941,304.8946367708478
7942,301.2468205666479
7943,304.9468205666479
7944,301.2526574047189
7945,301.2526574047189
7946,312.05093842427374
7947,308.3509384242737
7948,315.63764122850426
7949,315.63764122850426
7950,326.42466594606685
7951,340.90389846248064
7952,344.6022384575115
7953,344.5998648819419
7954,340.89993652463824
7955,340.89993652463824
7956,340.89993652463824
7957,344.59171052471675
7958,351.97741301551497
7959,348.29505642182346
7960,348.29505642182346
7961,344.61395048006113
7962,352.0139504800611
7963,359.3935661553621
7964,377.61055452012147
7965,381.289340678416
7966,381.289340678416
7967,370.4482636055699
7968,374.12356550786274
7969,381.460828589654
7970,381.460828589654
7971,399.82299143034106
7972,410.71872591247404
7973,410.71872591247404
7974,418.10156227532775
7975,407.2275058619002
7976,429.02717626651116
7977,429.02717626651116
7978,429.0178018670201
7979,432.76060552668713
7980,443.641276102819
7981,439.92670666392326
7982,440.03905084836157
7983,440.03905084836157
7984,451.10548133858975
7985,461.9853117328
7986,458.29608089241526
7987,443.8090561748527
7988,447.5029522327303
7989,458.4176062316451
7990,476.72143827862595
7991,480.40525605972863
7992,483.932094478159
7993,473.02929045954295
7994,505.84639434782014
7995,509.5463943478201
7996,523.8053048193582
7997,527.5014835186868
7998,516.7032024991319
7999,502.0580353779145
8000,516.595706578081
8001,527.5664785148173
8002,505.7728302998966
8003,505.7448673041794
8004,531.4491211785395
8005,538.6325330808305
8006,538.6325330808305
8007,538.6325330808305
8008,542.3325330808304
8009,549.4735100579752
8010,545.7829048352663
8011,545.7829048352663
8012,545.7222093004509
8013,538.434469148974
8014,549.4069288581865
8015,560.299537167151
8016,560.299537167151
8017,560.299537167151
8018,549.3682336493783
8019,538.4875630732464
8020,538.4875630732464
8021,534.7885645073383
8022,502.19435190167906
8023,513.0604425439764
8024,516.7494463974266
8025,505.9936090638384
8026,505.9936090638384
8027,502.4435567249149
8028,502.4435567249149
8029,506.1337593123914
8030,506.1337593123914
8031,506.1337593123914
8032,495.2999176823346
8033,491.6013773654923
8034,491.51844457579097
8035,498.7240257405337
8036,495.1191485067763
8037,495.1191485067763
8038,502.3235923239536
8039,498.6235923239536
8040,502.3187264576648
8041,502.32026096936346
8042,491.4843573916626
8043,491.4843573916626
8044,491.4799069341443
8045,480.651901572212
8046,462.2919332409341
8047,462.2919332409341
8048,465.9791968060915
8049,484.04597184841305
8050,495.03537606492637
8051,495.03537606492637
8052,495.03537606492637
8053,491.33601940064455
8054,487.64919232097384
8055,487.64919232097384
8056,487.64919232097384
8057,483.9491923209739
8058,487.64455174802504
8059,498.56611833996965
8060,494.9941554368766
8061,480.5366440318664
8062,469.6261873599198
8063,476.9931187485333
8064,491.6452549535411
8065,473.35270526569326
8066,465.9681438390273
8067,469.6591915727662
8068,465.97957589746517
8069,462.34466198172845
8070,469.6127873458227
8071,487.56072564298717
8072,487.56072564298717
8073,491.2388161522085
8074,502.2186138340705
8075,502.2186138340705
8076,502.2175872395149
8077,502.2175872395149
8078,505.89733504914045
8079,505.89733504914045
8080,509.58297178077794
8081,509.58297178077794
8082,520.6227097556296
8083,517.4927028872291
8084,506.5701044638083
8085,524.5867239472369
8086,528.2785385293281
8087,520.543519092505
8088,527.9260822218025
8089,531.6189499599855
8090,531.6995791889617
8091,531.6995791889617
8092,531.6995791889617
8093,531.6994903502904
8094,539.1419085232499
8095,539.1376773073981
8096,542.835018619502
8097,542.8287687386036
8098,553.8035651671828
8099,532.028888172604
8100,542.9195279984236
8101,531.997112167572
8102,513.7309742894345
8103,502.86922969894295
8104,517.4540095895084
8105,506.5654712416219
8106,502.8567317940972
8107,502.8567317940972
8108,502.8567317940972
8109,510.2426041248608
8110,516.0858859256914
8111,516.0858859256914
8112,527.1618940661025
8113,539.6227546638086
8114,535.9719011311078
8115,572.3964359227357
8116,576.0837624372572
8117,576.0837624372572
8118,593.9181281243939
8119,586.6201748150909
8120,590.3393745587977
8121,583.2014780158854
8122,583.2014780158854
8123,586.8400476618845
8124,586.8400476618845
8125,586.8400476618845
8126,597.7353575228817
8127,587.0005449518593
8128,594.3968540403201
8129,616.1912460967836
8130,616.1707398656891
8131,630.7364843603691
8132,634.417323413038
8133,630.7211447137096
8134,601.539886822225
8135,626.6766501616712
8136,630.3587490075109
8137,626.7657777067855
8138,623.0869915484909
8139,637.7325552247006
8140,648.6885928493195
8141,648.6885928493195
8142,666.3166418165937
8143,666.3166418165937
8144,658.9262011221119
8145,648.2496548063453
8146,659.222174087918
8147,648.7375379949632
8148,648.7375379949632
8149,634.1110917507882
8150,637.8055880649327
8151,637.4799436081349
8152,630.3515811007367
8153,630.3515811007367
8154,644.9201223906346
8155,633.9536532838889
8156,655.8833862712818
8157,655.8833862712818
8158,652.7945103248287
8159,656.4796906742367
8160,645.6082440115292
8161,645.608857888736
8162,652.9787450203261
8163,630.971184197052
8164,660.215240296202
8165,660.215240296202
8166,689.2801418160193
8167,689.3666638384653
8168,678.422961288765
8169,696.8310368770937
8170,693.1518032208711
8171,689.5787914510456
8172,700.5604838802312
8173,704.133328841404
8174,700.5676235308621
8175,700.5871475504542
8176,678.6673942583483
8177,678.6673942583483
8178,693.3008386448053
8179,693.3008386448053
8180,686.1299639958853
8181,693.4990752401357
8182,704.3613175118428
8183,704.3590845350338
8184,726.2422926416144
8185,726.0774643686101
8186,726.0774643686101
8187,718.872591160918
8188,722.5686858237501
8189,700.7180180877907
8190,708.0604011096914
8191,711.752121108942
8192,711.752121108942
8193,730.0171823275324
8194,740.7872938586797
8195,744.4725638695585
8196,744.4603273475062
8197,755.4208326825913
8198,759.1596705966091
8199,759.1747331256814
8200,755.4915412250083
8201,755.4915412250083
8202,759.1902259568514
8203,759.1902259568514
8204,748.3050696912302
8205,748.4306383167257
8206,748.4306383167257
8207,763.1935820363989
8208,766.8935820363988
8209,766.8812879060687
8210,759.6106956996687
8211,763.4270113332904
8212,763.3204430285713
8213,756.0510570535165
8214,748.784742548683
8215,759.8246835270782
8216,741.5414593479512
8217,759.854832073464
8218,770.6714922010458
8219,770.6714922010458
8220,763.2810748852058
8221,766.9059427575253
8222,756.1130195335295
8223,770.479998430457
8224,774.1799984304571
8225,774.1799984304571
8226,788.6848427651016
8227,792.3848427651017
8228,792.3541494072313
8229,792.3541494072313
8230,792.3541494072313
8231,799.7287869607253
8232,792.4648848070613
8233,807.0997118643172
8234,807.0997118643172
8235,803.3832501600801
8236,781.75648669363
8237,789.3295775374656
8238,785.6519499102715
8239,789.3459545993052
8240,785.618125516389
8241,792.8147966353001
8242,803.7141799874839
8243,803.6601351984287
8244,796.4327955388741
8245,800.1327955388741
8246,800.2265003795261
8247,803.8984087385879
8248,796.6669354429588
8249,796.6669354429588
8250,825.8155458705037
8251,862.2572014055111
8252,862.3263045372698
8253,858.912884173913
8254,840.8271711490131
8255,837.1392651118672
8256,833.440109989841
8257,837.1392865610435
8258,829.7605653459736
8259,844.4075233748456
8260,840.7294556624879
8261,833.4525754945819
8262,826.2374987338525
8263,826.3165181166498
8264,826.327374646741
8265,822.7931122395698
8266,826.4931122395699
8267,841.1749269351608
8268,830.2353428829522
8269,837.180564400742
8270,851.717110043113
8271,833.335098591232
8272,840.5099089860023
8273,840.5705432198216
8274,847.661414308074
8275,836.8829700778381
8276,840.5829419399978
8277,833.2904000800535
8278,829.4467524982475
8279,833.1363810330186
8280,836.749734841293
8281,836.7407491695581
8282,822.092918272553
8283,829.4832819624174
8284,836.8090123774948
8285,825.8953714015977
8286,829.5944385660478
8287,825.8944385660477
8288,840.4304385326732
8289,858.661799727596
8290,855.0449991316377
8291,833.2528393071635
8292,822.2383942223314
8293,833.219585231367
8294,829.9296538006123
8295,851.7173137763327
8296,840.6403223763558
8297,851.5985825587163
8298,851.5985825587163
8299,851.5925126242812
8300,851.5925126242812
8301,847.8976708506415
8302,851.5348279936335
8303,836.915871184756
8304,829.6667190394716
8305,829.6706357913181
8306,829.7531374605701
8307,826.2605800259105
8308,826.2611081583017
8309,818.9910846784649
8310,822.6830931414727
8311,815.4801909142676
8312,830.1556486645878
8313,833.8545656713582
8314,848.3855487711627
8315,841.1524855066797
8316,841.143508844908
8317,837.4476097078993
8318,837.4404279763731
8319,833.870614688937
8320,822.9740986290981
8321,801.1421694756085
8322,812.042293520907
8323,837.2196853087974
8324,826.3448749140273
8325,819.0818744558769
8326,822.8685637050501
8327,822.8685637050501
8328,829.980596886806
8329,829.980596886806
8330,833.6611760544125
8331,848.3026106891367
8332,848.3026106891367
8333,844.6270839811442
8334,829.9995744828159
8335,822.7131751549662
8336,808.0625682166416
8337,804.3718137737558
8338,793.3011194054387
8339,796.9957536396039
8340,793.3171693128664
8341,804.3946233020442
8342,804.407380477633
8343,796.9511565726533
8344,796.9511565726533
8345,800.6445491445573
8346,790.041933328913
8347,797.4054936049081
8348,801.0956147826148
8349,797.4443111113461
8350,797.4443111113461
8351,793.7547288499917
8352,793.7547288499917
8353,771.9627777684326
8354,771.9627777684326
8355,770.2829390573862
8356,770.2851361537856
8357,766.590354929183
8358,751.9441505215069
8359,731.8578224891725
8360,728.2076348387508
8361,728.2076348387508
8362,717.2241731136521
8363,720.9002594691525
8364,724.5934608130586
8365,739.3843804145883
8366,743.0767266831938
8367,735.6820521374323
8368,731.9921673510114
8369,717.3094007832991
8370,717.3094007832991
8371,717.3094007832991
8372,709.9367835818042
8373,702.6642318527212
8374,702.6642318527212
8375,702.6642318527212
8376,702.5496704635818
8377,713.3591800138889
8378,702.307452284001
8379,702.307452284001
8380,702.3319866212765
8381,705.9112923634643
8382,709.6002146770703
8383,705.8356292062697
8384,687.7348764832393
8385,691.431460427659
8386,687.827740827071
8387,687.827740827071
8388,665.8341458621845
8389,662.1390841473252
8390,662.1390841473252
8391,665.8325086415731
8392,654.8800180344309
8393,651.180018034431
8394,654.8672543942323
8395,658.5588922397053
8396,662.183649499606
8397,669.485679172532
8398,665.6875076042852
8399,683.9287149394263
8400,680.2323989379989
8401,665.4555246883041
8402,661.7723963391297
8403,650.7772782468578
8404,661.7029912646773
8405,658.0048824645761
8406,672.6809567526777
8407,665.423138935278
8408,669.1213342832042
8409,680.1787490989574
8410,676.4957553411692
8411,683.7783831515395
8412,683.7783831515395
8413,672.8208198840115
8414,640.2997716824726
8415,640.2997716824726
8416,632.9199973248407
8417,629.2201621114094
8418,632.9176389755032
8419,643.800025763434
8420,654.7295869966853
8421,654.7563428543793
8422,673.0627839536254
8423,673.0591903044375
8424,665.6660992762694
8425,661.9719546383873
8426,680.0960213554
8427,687.4766528982932
8428,683.7953292278771
8429,683.7953292278771
8430,680.1092563111134
8431,665.6326175144009
8432,661.9356885345735
8433,639.9009282044032
8434,639.9009282044032
8435,639.9077268711665
8436,647.2623501688576
8437,650.9623501688576
8438,650.9593306673451
8439,639.9134966523865
8440,639.9134966523865
8441,647.1466836242366
8442,654.439979280622
8443,647.0477770929889
8444,643.3641113338081
8445,647.0428477203764
8446,647.0428477203764
8447,650.8174704308699
8448,643.4267008031226
8449,632.4619321772037
8450,628.7621993741018
8451,628.6974306585848
8452,632.3988378093063
8453,636.0955049910414
8454,636.0955049910414
8455,646.9669529207799
8456,646.9669529207799
8457,653.9760784512409
8458,642.9051499696816
8459,632.0832154422349
8460,628.3874072829534
8461,621.0049716216403
8462,617.311909228939
8463,613.6217800445148
8464,613.6217800445148
8465,624.571027278238
8466,620.871027278238
8467,620.871027278238
8468,624.5481014987631
8469,624.5481014987631
8470,602.6329080616939
8471,602.6329080616939
8472,595.3631381995787
8473,580.7706882514881
8474,580.7545987851836
8475,584.4617679760217
8476,584.4472836124256
8477,587.8906133358379
8478,598.6942442686458
8479,598.6942442686458
8480,573.3437059055864
8481,580.5452287010038
8482,580.5452287010038
8483,591.4291063785992
8484,595.0766365155707
8485,591.4336751942694
8486,606.0905681248141
8487,602.4099889572076
8488,602.4099889572076
8489,602.4099889572076
8490,591.3273016856458
8491,587.6322463373272
8492,583.9482694305029
8493,569.3607935433926
8494,565.6656102004526
8495,587.3312187177468
8496,594.7167909709472
8497,587.6035608195314
8498,587.6035608195314
8499,583.9035608195313
8500,594.6712608074978
8501,591.0822035496142
8502,587.4930128964731
8503,591.0969419228877
8504,583.8530383756903
8505,583.8530383756903
8506,576.4918312880859
8507,572.8157449325854
8508,572.778434562592
8509,551.0933837882214
8510,536.5329553065646
8511,547.3625691914149
8512,554.6599363577002
8513,558.3551865961463
8514,569.3494839214051
8515,565.6538646864633
8516,551.0242763462415
8517,554.7112545768337
8518,554.7112545768337
8519,532.7134645596303
8520,532.7181499637874
8521,532.7460503708947
8522,558.3349717042214
8523,565.6348955072366
8524,572.881511136449
8525,551.1267623529758
8526,547.4298513231922
8527,547.4298513231922
8528,547.4298513231922
8529,536.5272391201643
8530,543.6529026812631
8531,551.0196713034868
8532,561.9251660599219
8533,558.2316233474367
8534,547.1654515126129
8535,529.0055323733413
8536,529.0055323733413
8537,543.6544064660877
8538,540.0534435736572
8539,525.6261560269394
8540,525.6261560269394
8541,525.6261560269394
8542,532.9821763549795
8543,536.3491694854638
8544,532.6440638133552
8545,543.4474220988809
8546,543.4474220988809
8547,525.0650263389376
8548,528.7187346644877
8549,528.7187346644877
8550,514.1599965125312
8551,517.8417938416432
8552,528.7227665398929
8553,528.7227665398929
8554,539.6755405041257
8555,535.9943940292236
8556,535.990809503192
8557,539.6900979122674
8558,543.3736169438197
8559,525.145084194511
8560,539.585684282196
8561,543.2787735495448
8562,539.6120049273211
8563,521.387813986535
8564,510.43201898725374
8565,514.129456083954
8566,514.129456083954
8567,514.1273767073013
8568,514.1271268922574
8569,514.1271268922574
8570,514.1213679623049
8571,524.6922746493024
8572,524.6954926790814
8573,524.6954926790814
8574,528.3905011771802
8575,520.9986083192495
8576,517.3025136564172
8577,517.3025136564172
8578,506.54747778390026
8579,488.4147730193247
8580,474.16174920697574
8581,477.85121667181284
8582,481.316522423125
8583,488.7023038530357
8584,477.8800899262211
8585,506.9542097086263
8586,510.65420970862635
8587,510.6483437603695
8588,506.94935142853836
8589,503.3690750164937
8590,495.9971801025075
8591,488.62037510971015
8592,495.5710688605096
8593,513.890597823732
8594,528.5142214931192
8595,528.5142214931192
8596,524.8636091233195
8597,528.5614970236676
8598,528.7924256536811
8599,521.4241966074554
8600,514.0450091982939
8601,510.48928606475204
8602,510.48928606475204
8603,506.79764821927915
8604,499.42635439489504
8605,495.7274891040471
8606,492.0455915266367
8607,492.0455915266367
8608,481.27025667060775
8609,481.27025667060775
8610,481.27025667060775
8611,466.7737979436595
8612,466.7737979436595
8613,463.09409672473294
8614,463.08702544097343
8615,448.3897300609631
8616,430.45049862365005
8617,430.45049862365005
8618,419.5228626173407
8619,415.83131811403825
8620,408.67797013834155
8621,405.0251473075527
8622,405.0251473075527
8623,405.0251473075527
8624,401.34807308702756
8625,397.6569963804056
8626,408.6151432473123
8627,397.7037256905939
8628,397.7037256905939
8629,397.7037256905939
8630,394.01590249763393
8631,394.01590249763393
8632,394.01590249763393
8633,390.3260464509885
8634,383.09184455006994
8635,390.45725603504513
8636,386.791942656522
8637,383.1016584134951
8638,383.1016584134951
8639,397.6429611065681
8640,408.58156581913545
8641,404.9163005874795
8642,404.9163005874795
8643,401.21792101215823
8644,397.5199677076029
8645,397.5199677076029
8646,397.5199677076029
8647,386.5417944460127
8648,379.20139084624776
8649,368.30904813440344
8650,368.30904813440344
8651,368.30904813440344
8652,353.6465288959736
8653,349.9637013555076
8654,349.9637013555076
8655,346.282725403081
8656,346.282725403081
8657,331.6119520188602
8658,331.6119520188602
8659,331.6119520188602
8660,327.9188627515114
8661,324.2254382572634
8662,324.2254382572634
8663,324.2254382572634
8664,324.2254382572634
8665,324.2254382572634
8666,324.2254382572634
8667,324.2254382572634
8668,324.2254382572634
8669,324.2254382572634
8670,324.2254382572634
8671,324.2254382572634
8672,324.2254382572634
8673,334.8924626845493
8674,334.8924626845493
8675,331.19389086675824
8676,331.19389086675824
8677,331.19389086675824
8678,334.85490155206224
8679,345.85490155206224
8680,349.5532781917896
8681,356.8195799520009
8682,353.1288646397424
8683,353.1288646397424
8684,338.76364486453025
8685,338.76364486453025
8686,338.76364486453025
8687,338.76364486453025
8688,353.4388169664987
8689,353.4388169664987
8690,353.4388169664987
8691,353.4388169664987
8692,353.4388169664987
8693,349.74568756559074
8694,360.7429729184046
8695,357.0819622331005
8696,342.5420770764394
8697,331.6041631705803
8698,309.6932423394407
8699,302.3208871942521
8700,302.3208871942521
8701,298.62267274720733
8702,294.9356945166152
8703,294.9356945166152
8704,294.9356945166152
8705,294.9356945166152
8706,294.9356945166152
8707,294.9356945166152
8708,294.9356945166152
8709,294.9356945166152
8710,294.9356945166152
8711,294.9356945166152
8712,294.9356945166152
8713,294.9356945166152
8714,294.9356945166152
8715,294.9356945166152
8716,287.5498835512323
8717,280.1688464243479
8718,269.1715610715341
8719,275.26462756541133
8720,271.57228129680584
8721,271.57228129680584
8722,267.8742088588793
8723,267.8742088588793
8724,267.8742088588793
8725,264.1754917929708
8726,260.4769596356123
8727,260.4769596356123
8728,246.9948799546026
8729,232.31136092305033
8730,232.31136092305033
8731,228.62520244975423
8732,228.62520244975423
8733,224.93450932434874
8734,224.93450932434874
8735,224.93450932434874
8736,224.93450932434874
8737,224.93450932434874
8738,224.93450932434874
8739,221.23925908590275
8740,217.53925908590273
8741,217.53925908590273
8742,217.53925908590273
8743,206.60065437333537
8744,206.60065437333537
8745,206.60065437333537
8746,206.60065437333537
8747,206.60065437333537
8748,206.60065437333537
8749,206.60065437333537
8750,202.903592410534
8751,191.82550885434966
8752,191.82550885434966
8753,191.82550885434966
8754,188.1305450102887
8755,191.7972484232933
8756,202.7972484232933
8757,202.7972484232933
8758,199.10535607218847
8759,199.10535607218847
8760,199.10535607218847
8761,199.10535607218847
8762,199.10535607218847
8763,202.8053560721885
8764,202.8053560721885
8765,199.11308739265223
8766,195.41642021091712
8767,184.45783688598186
8768,184.45783688598186
8769,188.15783688598185
8770,188.15783688598185
8771,188.15783688598185
8772,188.15783688598185
8773,188.15783688598185
8774,188.15783688598185
8775,184.45879758469158
8776,180.76256320336603
8777,177.07475684088035
8778,173.38261294322962
8779,169.6955477801605
8780,166.01812291200477
8781,169.70694328153184
8782,169.70694328153184
8783,169.70694328153184
8784,169.70694328153184
8785,166.01987891752964
8786,162.32916092136682
8787,166.02916092136684
8788,166.02916092136684
8789,169.724538158402
8790,169.724538158402
8791,169.724538158402
8792,162.34878314853754
8793,162.34878314853754
8794,154.9717506355892
8795,154.9717506355892
8796,154.9717506355892
8797,154.9717506355892
8798,158.5418481157191
8799,158.5418481157191
8800,147.5418481157191
8801,147.5418481157191
8802,140.1808165845518
8803,140.1808165845518
8804,140.1808165845518
8805,140.1808165845518
8806,136.48243994482445
8807,136.48243994482445
8808,136.48243994482445
8809,136.48243994482445
8810,132.78935878078482
8811,132.78935878078482
8812,132.78935878078482
8813,121.78935878078481
8814,121.78935878078481
8815,121.78935878078481
8816,125.47381665882287
8817,125.47381665882287
8818,125.47381665882287
8819,125.47381665882287
8820,125.47381665882287
8821,125.48061119144877
8822,129.18061119144878
8823,129.18061119144878
8824,125.51390777844419
8825,121.82682894970057
8826,125.52682894970057
8827,121.9567314695707
8828,118.26430343385753
8829,114.56850158024217
8830,114.56850158024217
8831,110.87319989458756
8832,110.87319989458756
8833,111.631936295845
8834,111.631936295845
8835,107.17319989458754
8836,107.17319989458754
8837,107.17319989458754
8838,107.17319989458754
8839,107.17319989458754
8840,107.17319989458754
8841,107.17319989458754
8842,107.17319989458754
8843,107.17319989458754
8844,107.17319989458754
8845,107.17319989458754
8846,107.17319989458754
8847,107.17319989458754
8848,107.17319989458754
8849,110.8489218700504
8850,110.8489218700504
8851,107.15711347751049
8852,107.15711347751049
8853,107.15711347751049
8854,107.15711347751049
8855,107.15711347751049
8856,103.4578250684351
8857,103.4578250684351
8858,103.4578250684351
8859,103.4578250684351
8860,107.1578250684351
8861,107.1578250684351
8862,107.1578250684351
8863,118.06819425133547
8864,118.06819425133547
8865,114.3722065882577
8866,110.67850060824686
8867,110.67850060824686
8868,106.98587206571038
8869,106.98587206571038
8870,106.98587206571038
8871,106.98587206571038
8872,106.98587206571038
8873,110.68485784733402
8874,110.68485784733402
8875,110.68485784733402
8876,121.48817030580564
8877,121.48817030580564
8878,125.15828111997594
8879,125.15828111997594
8880,125.15828111997594
8881,125.15828111997594
8882,125.15828111997594
8883,121.45828111997594
8884,117.76962084477766
8885,114.07272683600986
8886,114.07272683600986
8887,114.07272683600986
8888,114.07272683600986
8889,114.07272683600986
8890,114.07272683600986
8891,117.77096999539096
8892,117.77096999539096
8893,117.77096999539096
8894,117.77096999539096
8895,117.77096999539096
8896,117.77096999539096
8897,117.77096999539096
8898,114.07289300795667
8899,114.07289300795667
8900,114.07289300795667
8901,110.38342554311957
8902,110.38342554311957
8903,114.08342554311959
8904,114.08342554311959
8905,110.38592428229735
8906,110.38592428229735
8907,110.38592428229735
8908,110.38592428229735
8909,110.38592428229735
8910,110.38592428229735
8911,110.38592428229735
8912,110.38592428229735
8913,110.38592428229735
8914,110.38592428229735
8915,106.68944357041215
8916,106.68944357041215
8917,106.68944357041215
8918,106.68944357041215
8919,106.68944357041215
8920,92.18613111194053
8921,103.15409556505745
8922,103.15409556505745
8923,106.85022895707118
8924,106.85022895707118
8925,106.85022895707118
8926,106.85022895707118
8927,103.15022895707119
8928,99.45781517283979
8929,99.45781517283979
8930,110.43973197150154
8931,110.43973197150154
8932,110.43973197150154
8933,110.43973197150154
8934,110.43973197150154
8935,110.43973197150154
8936,110.43973197150154
8937,110.43973197150154
8938,114.06902733172795
8939,114.06902733172795
8940,117.75593885317956
8941,117.75593885317956
8942,117.75593885317956
8943,128.6339340952977
8944,128.6339340952977
8945,128.6339340952977
8946,128.6339340952977
8947,139.57441715724002
8948,135.87652925689196
8949,135.87652925689196
8950,135.87652925689196
8951,121.29604925982132
8952,117.59604925982133
8953,117.59604925982133
8954,121.29200098423472
8955,121.29200098423472
8956,121.29200098423472
8957,121.29200098423472
8958,121.29200098423472
8959,121.29200098423472
8960,121.29200098423472
8961,121.29200098423472
8962,117.61627900877185
8963,117.61627900877185
8964,117.61627900877185
8965,117.61627900877185
8966,128.2318066466135
8967,128.2318066466135
8968,128.2318066466135
8969,135.46780520958404
8970,135.46780520958404
8971,135.46780520958404
8972,135.46780520958404
8973,139.1637675015075
8974,131.7691332673424
8975,131.7691332673424
8976,131.7691332673424
8977,131.7691332673424
8978,142.73945922509972
8979,142.73945922509972
8980,146.4058476621749
8981,146.4058476621749
8982,146.4058476621749
8983,157.00998738719048
8984,157.0095779536999
8985,157.0095779536999
8986,157.0095779536999
8987,160.68308102612258
8988,164.38016303298255
8989,175.38016303298255
8990,171.75086767275616
8991,161.1353400349145
8992,161.1353400349145
8993,161.1353400349145
8994,161.1353400349145
8995,161.1353400349145
8996,161.1353400349145
8997,161.1353400349145
8998,150.15342323625273
8999,150.15342323625273
9000,164.8436137692932
9001,175.46165135059294
9002,179.15237283042455
9003,193.9163745243523
9004,193.9163745243523
9005,193.9163745243523
9006,193.9163745243523
9007,193.9163745243523
9008,186.98629958613748
9009,190.66409431379518
9010,194.3384636053682
9011,194.3384636053682
9012,201.60603784969996
9013,205.30603784969998
9014,205.30603784969998
9015,201.6307909858781
9016,201.6307909858781
9017,205.33079098587808
9018,205.33079098587808
9019,219.94856767395572
9020,219.94856767395572
9021,234.47216249139456
9022,238.2502473621093
9023,249.2502473621093
9024,249.2502473621093
9025,249.2502473621093
9026,249.2502473621093
9027,259.8410154057168
9028,259.8410154057168
9029,259.8410154057168
9030,249.222977824417
9031,267.3634479393952
9032,263.6867731025581
9033,263.6867731025581
9034,252.80877786044
9035,263.5323779021425
9036,274.5318448756655
9037,289.0724892224684
9038,285.37424606308724
9039,289.06383148039913
9040,300.0364781676026
9041,318.31386918889166
9042,318.35469879372727
9043,325.68834187826525
9044,329.38834187826524
9045,333.08050488664793
9046,344.0414305533705
9047,354.95880604098926
9048,358.6322786617572
9049,369.40162748420204
9050,379.5896980519345
9051,368.998930008327
9052,378.970859064973
9053,389.63674234000075
9054,389.63674234000075
9055,404.32810938174526
9056,397.0090195535245
9057,408.0927504543731
9058,397.896935947266
9059,397.896935947266
9060,408.7683085110712
9061,417.13175910750306
9062,424.35269862814704
9063,425.31883079711537
9064,425.31883079711537
9065,417.9881744245146
9066,409.6247238280828
9067,416.95771258635074
9068,416.9227907693943
9069,424.54979378756985
9070,428.5536908282187
9071,435.9309221765596
9072,443.52914199161336
9073,443.52914199161336
9074,454.456510433793
9075,457.8846353385744
9076,449.55270048256375
9077,453.2497498753141
9078,456.94974987531407
9079,456.94974987531407
9080,464.2426075950285
9081,471.6309173168039
9082,497.0153692910632
9083,511.5086188377598
9084,529.5288577640149
9085,519.6909198822141
9086,519.6909198822141
9087,541.547108389662
9088,559.7725608907397
9089,548.830324940284
9090,563.4705426404009
9091,570.8384361318916
9092,585.5146636251862
9093,589.205080063567
9094,614.9132984054099
9095,625.8416324659487
9096,640.3378029271202
9097,647.7949306302191
9098,644.14270645519
9099,669.8349350062648
9100,662.4772167472612
9101,658.9559779858478
9102,648.0779930918021
9103,662.9471771938051
9104,710.4016436828847
9105,750.4821164765539
9106,754.1596946394549
9107,775.9668232575591
9108,779.6734761044704
9109,779.585988375096
9110,786.9711848852871
9111,786.9685203238083
9112,808.7159599596637
9113,819.7775777825225
9114,816.0632479261811
9115,815.8052844266767
9116,826.1749796890412
9117,833.463153629879
9118,855.2795644837825
9119,851.579690777121
9120,884.1752384218889
9121,898.8402685765532
9122,909.5771663673952
9123,913.3946231223132
9124,924.0577499250251
9125,956.8468312742871
9126,957.0713796411433
9127,964.4437769183392
9128,967.9623939326111
9129,975.6874475338878
9130,979.4129068352871
9131,1000.94546844607
9132,1008.3428280956092
9133,1001.6061401552679
9134,1005.301438300633
9135,998.2530243429953
9136,1001.9177672780152
9137,1005.6742289823114
9138,1034.8245263381727
9139,1049.1930756532981
9140,1060.4274350209755
9141,1056.8564059283926
9142,1060.6656651163473
9143,1075.2935505231537
9144,1086.7375281281156
9145,1068.542645845455
9146,1043.025000318505
9147,1046.945525083132
9148,1039.9822926296615
9149,1051.0514319078309
9150,1029.6865697715468
9151,1018.7042389506867
9152,1015.0117937400075
9153,1011.6914681317766
9154,1026.3415449641013
9155,1030.0160501353002
9156,1033.689529149046
9157,1037.3882847391094
9158,1048.236297562575
9159,1070.092477722763
9160,1073.6667746775522
9161,1059.2865703392738
9162,1062.9829682515194
9163,1077.6008207029995
9164,1099.425933530967
9165,1092.1359342505098
9166,1099.37346878335
9167,1103.0591692131495
9168,1095.9509582121182
9169,1114.3283070135867
9170,1114.4558414470578
9171,1121.8172455241368
9172,1143.8664420110842
9173,1151.2531695102998
9174,1173.064221758596
9175,1176.7484358428453
9176,1183.8406792240503
9177,1227.0869022273039
9178,1237.944656436473
9179,1256.199732364066
9180,1281.5108623146027
9181,1263.3711758205554
9182,1256.1915210764098
9183,1274.538128435471
9184,1278.232706879821
9185,1311.0323780341948
9186,1329.3982292614648
9187,1347.6611083187795
9188,1362.0106855302295
9189,1397.8915913066721
9190,1408.878135788719
9191,1409.2669907167935
9192,1434.9293364149976
9193,1438.3839842515686
9194,1409.1895933348924
9195,1391.1073075550792
9196,1395.1525671917093
9197,1398.8525671917093
9198,1402.2777337070731
9199,1391.3998095239162
9200,1409.7632320365137
9201,1427.951648790653
9202,1417.2668846363192
9203,1431.8859577274754
9204,1453.8352345038297
9205,1431.8248144878307
9206,1457.364689119606
9207,1454.0107928858217
9208,1454.4211145614436
9209,1461.8030473555114
9210,1443.532906592609
9211,1432.5442628962846
9212,1432.8487004035999
9213,1436.5106577298773
9214,1436.5785110995832
9215,1436.5601109295771
9216,1432.8728460003297
9217,1422.0260257568177
9218,1422.045487929705
9219,1411.6377338501159
9220,1397.1157889285216
9221,1345.9858443916412
9222,1327.471390397439
9223,1334.8475622904032
9224,1295.0411624875067
9225,1295.0411624875067
9226,1291.3389595439269
9227,1262.0900961089949
9228,1251.2515697870763
9229,1280.6327887958569
9230,1284.6064501464516
9231,1266.3384111858277
9232,1270.0363156822318
9233,1258.6405041022538
9234,1258.6405041022538
9235,1240.3871657178759
9236,1233.0950407588027
9237,1236.790234336269
9238,1222.2899912045816
9239,1193.5173170211406
9240,1197.200892826688
9241,1190.1241012640426
9242,1182.5663838022904
9243,1160.592532806155
9244,1164.1477483615195
9245,1164.1921654763642
9246,1174.790521532639
9247,1182.3059472228508
9248,1185.9713325248028
9249,1185.9713325248028
9250,1171.2933420243735
9251,1174.9455814020416
9252,1174.8930486158847
9253,1178.5898462749033
9254,1185.9787793929565
9255,1174.9937229786499
9256,1200.3050543762272
9257,1207.5374772166026
9258,1214.866921311188
9259,1214.8842015488756
9260,1207.6226511179996
9261,1214.9959451205757
9262,1218.6936669728223
9263,1224.4637333335527
9264,1213.2881763703353
9265,1209.610343218294
9266,1202.3706927424155
9267,1202.6071122013232
9268,1188.3102278501538
9269,1153.4250922984672
9270,1157.1175970507268
9271,1146.0577491060355
9272,1127.7614380005343
9273,1127.7614380005343
9274,1116.778254112165
9275,1113.0886686948531
9276,1113.0886686948531
9277,1109.388668694853
9278,1109.3027676672427
9279,1109.5127168420076
9280,1098.556953030016
9281,1113.108504463739
9282,1124.1843820851348
9283,1113.213537670051
9284,1098.7275379432833
9285,1098.7275379432833
9286,1084.0826092016143
9287,1065.8117769695648
9288,1058.4273941828833
9289,1051.0560977855787
9290,1043.7782464705508
9291,1025.5752514476342
9292,1007.3596076002243
9293,996.4927371382983
9294,1010.8885807617866
9295,1003.5240609688636
9296,1018.164958653026
9297,1021.7740856325952
9298,996.3567079702459
9299,1007.3499867493751
9300,981.8687801486903
9301,967.2618972509172
9302,963.5640927731827
9303,970.8455317518714
9304,963.4766678886622
9305,963.4766678886622
9306,941.5466897692731
9307,937.8666686805559
9308,934.2009121994545
9309,930.5117504428409
9310,930.5117504428409
9311,926.8313910308509
9312,919.7021156542897
9313,908.754115961897
9314,901.3977667525609
9315,901.3977667525609
9316,894.1673819861663
9317,886.8320597258643
9318,883.1565223877396
9319,894.0745274854803
9320,890.3938606795957
9321,886.6988363322708
9322,886.6988363322708
9323,886.6988363322708
9324,883.0126708527674
9325,875.6352288714651
9326,868.2817813331293
9327,857.358198606148
9328,846.4359442846827
9329,835.5556635730063
9330,824.4885774976465
9331,820.7926032956908
9332,817.1096345921508
9333,798.8530601707158
9334,795.1619533137967
9335,787.787691976633
9336,758.3662116359775
9337,762.028647074395
9338,761.9947201804007
9339,761.9947201804007
9340,758.2983685464444
9341,747.2305232151889
9342,758.0759005686293
9343,754.3863242418322
9344,750.7096622881895
9345,743.3258655119391
9346,747.0092552403311
9347,754.305830208692
9348,739.6718112719174
9349,732.2923197168827
9350,724.8982251282426
9351,710.3896104277661
9352,703.0181541003572
9353,703.0181541003572
9354,692.2162033085235
9355,666.5842548696148
9356,662.8965746178155
9357,666.5758696346237
9358,651.993672434605
9359,637.3426410592313
9360,637.3426410592313
9361,633.6529274589932
9362,633.6529274589932
9363,633.6529274589932
9364,619.1130969813282
9365,615.4221485947382
9366,604.4706879308521
9367,597.0824071041727
9368,597.0794748223066
9369,600.7765045794117
9370,586.0978561605933
9371,582.3978561605933
9372,578.7074397222126
9373,589.3730241899531
9374,589.3200641474562
9375,589.3200641474562
9376,589.3200641474562
9377,589.3200641474562
9378,589.3041319647105
9379,603.9936495016997
9380,589.2699532095746
9381,578.3084376963909
9382,563.6651390118234
9383,563.6651390118234
9384,563.6651390118234
9385,559.9758629884711
9386,559.9758629884711
9387,559.9758629884711
9388,556.2832355695139
9389,556.2832355695139
9390,556.2832355695139
9391,563.5726783243563
9392,563.5726783243563
9393,563.5726783243563
9394,563.5562964180231
9395,545.1789684031143
9396,548.6806398396069
9397,527.0179652490482
9398,523.320432471895
9399,519.6299878082681
9400,519.6091124474117
9401,519.6091124474117
9402,512.2173077559258
9403,512.2173077559258
9404,512.2082970873796
9405,497.53574661442286
9406,497.53574661442286
9407,493.8381161394504
9408,493.8381161394504
9409,493.8458622669024
9410,486.4840530880457
9411,482.7840530880457
9412,497.25964502076255
9413,486.35018181111684
9414,486.35018181111684
9415,497.3159337374016
9416,508.2027736257503
9417,508.2027736257503
9418,504.5131083601572
9419,504.5131083601572
9420,493.47402647986996
9421,489.7809244890361
9422,489.7769908072429
9423,489.7769908072429
9424,489.7769908072429
9425,486.087074639971
9426,471.40652594485823
9427,467.76759693214433
9428,474.8464243680782
9429,471.1688533374098
9430,474.8688533374098
9431,474.8688533374098
9432,471.20641789899224
9433,460.26569758352446
9434,456.5756169762727
9435,452.8756169762727
9436,449.20954387026694
9437,452.90954387026693
9438,456.5987998602118
9439,460.29879986021183
9440,460.28138144428874
9441,456.59368635931946
9442,442.08718313657147
9443,434.7022633496452
9444,449.4022633496452
9445,463.954520822273
9446,460.27297432691034
9447,460.27297432691034
9448,456.5741382401558
9449,445.6221701075922
9450,445.6221701075922
9451,434.72866125949054
9452,445.72344614382575
9453,445.72344614382575
9454,434.9458631178284
9455,445.9142513507641
9456,445.9142513507641
9457,456.83655639051574
9458,456.83655639051574
9459,456.83655639051574
9460,456.83655639051574
9461,449.46566205359176
9462,456.3290374866151
9463,452.630908477993
9464,452.630908477993
9465,452.630908477993
9466,445.2412295564732
9467,448.9412295564731
9468,452.625136440068
9469,445.2371662419571
9470,456.02265928660574
9471,474.25659861270793
9472,459.5579414061475
9473,455.8741995210697
9474,455.87661637806127
9475,452.2259556650771
9476,444.8410866299531
9477,444.8410866299531
9478,444.8410866299531
9479,430.2612149258581
9480,426.56121492585805
9481,426.56164906194977
9482,430.2547430337577
9483,419.21122458469017
9484,437.43196358642126
9485,437.43196358642126
9486,437.43196358642126
9487,426.871610554909
9488,419.484986642581
9489,419.484986642581
9490,423.18498664258107
9491,423.09273437904386
9492,412.0973928799374
9493,408.4117334135847
9494,404.72105826686953
9495,404.72105826686953
9496,397.32745888984095
9497,393.6380224734349
9498,378.962362411594
9499,375.2708547200808
9500,385.5857928788045
9501,385.5857928788045
9502,381.90649786199634
9503,378.1959809511816
9504,370.8150443104816
9505,374.5150443104816
9506,374.5150443104816
9507,378.20873150824315
9508,370.8274216706991
9509,359.97882241895934
9510,345.2867903310838
9511,334.9718521723602
9512,338.6707399377789
9513,334.9741017284734
9514,334.9741017284734
9515,320.4247753735341
9516,309.6444503644393
9517,309.6444503644393
9518,309.6444503644393
9519,309.6253786865804
9520,309.6253786865804
9521,305.93239412022746
9522,305.93239412022746
9523,302.23467226798107
9524,302.23467226798107
9525,302.23467226798107
9526,298.54419758434256
9527,298.54419758434256
9528,298.54419758434256
9529,294.84542069770765
9530,294.84542069770765
9531,294.84542069770765
9532,276.5137411785148
9533,272.8210143022195
9534,272.8210143022195
9535,269.1398124599893
9536,269.1398124599893
9537,269.1398124599893
9538,269.1398124599893
9539,269.1398124599893
9540,287.34910767571375
9541,287.34910767571375
9542,291.0491076757138
9543,283.68500034211337
9544,269.1166836109252
9545,254.43380249599943
9546,265.43380249599943
9547,265.4303805220707
9548,269.1105249562485
9549,269.1105249562485
9550,269.1105249562485
9551,265.4132513244007
9552,269.1095861997851
9553,269.1095861997851
9554,269.1095861997851
9555,265.40958619978517
9556,269.0713523250277
9557,269.0713523250277
9558,286.98496773825457
9559,290.680045043678
9560,279.749905423
9561,283.44604791686965
9562,283.44604791686965
9563,287.14322645776815
9564,287.14322645776815
9565,287.14322645776815
9566,287.12600774641834
9567,287.12600774641834
9568,287.12990961539265
9569,297.78211125126074
9570,297.78211125126074
9571,308.5376904221579
9572,312.2286245171781
9573,315.78154096335084
9574,318.4958275120532
9575,333.17872238352044
9576,333.1397080442787
9577,336.79968312676465
9578,337.77714936233076
9579,344.89264000533484
9580,344.89264000533484
9581,355.7924973444958
9582,355.7924973444958
9583,345.2409755601659
9584,363.3021654377841
9585,363.3021654377841
9586,370.6784456774256
9587,377.94582328627763
9588,396.3192255170785
9589,396.3192255170785
9590,392.6192255170785
9591,385.66483445135816
9592,367.6138876344079
9593,367.60605472801376
9594,382.2771044995181
9595,392.3281273854695
9596,396.0281273854695
9597,396.0314604401502
9598,382.2804375541988
9599,385.92493577993076
9600,396.7620738966826
9601,400.4620738966826
9602,422.1871130265636
9603,418.4927581521841
9604,407.7181130120323
9605,422.330042576915
9606,444.1406512161553
9607,455.18458135596785
9608,473.32591113442976
9609,466.20561707940504
9610,462.505617079405
9611,466.20356848132127
9612,488.06037158028624
9613,491.7388127978597
9614,502.63094811567595
9615,542.9850445410376
9616,542.9850445410376
9617,542.9863050919571
9618,542.9863050919571
9619,535.674697473524
9620,532.0076794268807
9621,546.7811321153538
9622,572.2893278573185
9623,586.9862804038582
9624,596.4492785639449
9625,603.7188177514122
9626,629.2436182597999
9627,643.3880290021509
9628,661.626405544331
9629,669.0161747432826
9630,683.5861152238988
9631,683.5861152238988
9632,683.9083405121414
9633,691.3030719968226
9634,705.5219724969213
9635,691.0641152167449
9636,713.349200758968
9637,698.7163848622212
9638,707.0776366264353
9639,696.0678073009822
9640,696.0562128646078
9641,703.4552077866133
9642,718.0926967592283
9643,725.4804627578402
9644,722.0345062338301
9645,736.7513398012914
9646,773.0804860734937
9647,780.4748767334161
9648,787.8469753570959
9649,794.867415525482
9650,769.4815452714835
9651,791.3878633495609
9652,769.574193576916
9653,777.0010852998719
9654,795.2735136145212
9655,809.9810798673908
9656,846.3240805723296
9657,846.2998705842867
9658,860.8283600089001
9659,857.3861694322508
9660,864.5952363209587
9661,882.7855088190574
9662,897.5447125019093
9663,886.6525771840932
9664,904.9049997750385
9665,912.2988890961688
9666,937.7544560581932
9667,948.8392248936113
9668,952.538501699144
9669,978.2640589661395
9670,1011.1716109409552
9671,1065.461026666164
9672,1094.70250644523
9673,1116.2577351627526
9674,1105.380308114003
9675,1115.4047152620276
9676,1100.7332377760388
9677,1119.0509701919243
9678,1108.4168958270857
9679,1120.5854774068007
9680,1131.6476533115917
9681,1149.8634791615418
9682,1139.2381117977638
9683,1175.7994746830018
9684,1215.9860927481352
9685,1230.644845992668
9686,1223.2526788990622
9687,1234.3157206178957
9688,1249.1930236928415
9689,1252.8607406275025
9690,1256.4470362012567
9691,1263.8274873662276
9692,1234.8536814566353
9693,1249.5002275546026
9694,1270.7053992738918
9695,1292.9660188680782
9696,1322.2496597309857
9697,1340.360523581961
9698,1351.534689537996
9699,1362.466930697521
9700,1358.8994787961096
9701,1370.1600415413866
9702,1384.928138794805
9703,1394.8853964235323
9704,1420.3532025547736
9705,1421.0117673872458
9706,1406.4171232499755
9707,1417.489964197042
9708,1418.5804663450426
9709,1406.9594677513905
9710,1410.7259332588656
9711,1425.2555604007302
9712,1436.3698196374644
9713,1436.3440708674566
9714,1469.537389797162
9715,1473.2373897971618
9716,1459.2851421568303
9717,1455.5873315866825
9718,1462.8783464914977
9719,1499.601086798199
9720,1499.5626445720109
9721,1499.7759367546287
9722,1514.538225947747
9723,1536.4781493862006
9724,1547.083126558885
9725,1532.4027938150148
9726,1536.0825171199526
9727,1539.7630230247587
9728,1547.3613438012894
9729,1536.6391033191253
9730,1536.6137592724122
9731,1521.9138055281014
9732,1565.868142556384
9733,1587.815855697307
9734,1577.0481026601865
9735,1566.2497288752145
9736,1562.6066030156028
9737,1551.6467060544835
9738,1573.5628989668342
9739,1584.3042640807703
9740,1588.438687639127
9741,1577.4605437012553
9742,1625.001154874825
9743,1650.115956071097
9744,1653.8578173286942
9745,1686.656366391324
9746,1727.088861072469
9747,1763.6889905153823
9748,1767.6226861362045
9749,1796.9671083992062
9750,1855.3758085937707
9751,1873.7027230579436
9752,1881.062121697206
9753,1881.055999797011
9754,1873.8868960130017
9755,1870.4140948589968
9756,1892.4828280330405
9757,1885.1941879974208
9758,1914.6472458596156
9759,1939.9165749145398
9760,1998.0627965202195
9761,2012.671076425326
9762,2038.4137788242176
9763,2049.597345127598
9764,2086.0501936726687
9765,2093.4179862458877
9766,2100.7148743194193
9767,2100.8062378826085
9768,2086.246573980528
9769,2126.1839852279795
9770,2129.565510680931
9771,2151.4008174153887
9772,2147.8312504327323
9773,2144.1479258326744
9774,2162.4185636612133
9775,2169.837403776831
9776,2180.575292598333
9777,2162.316520054496
9778,2158.8617986221016
9779,2198.925480723921
9780,2198.9166196014457
9781,2188.0361055350013
9782,2184.34336280378
9783,2176.9509148584625
9784,2166.288189553884
9785,2169.804396168984
9786,2169.804396168984
9787,2169.9266917267046
9788,2137.0742862429447
9789,2155.015948219581
9790,2118.925547400114
9791,2104.562214581804
9792,2133.8476542449844
9793,2144.768985622382
9794,2144.7755261566294
9795,2133.8456496870467
9796,2130.1888679493923
9797,2119.3691616721876
9798,2076.3136524358074
9799,2058.0492068988347
9800,2021.7207090559011
9801,1999.7783647026001
9802,2014.164276666933
9803,1970.2856961190028
9804,1976.5748839682296
9805,1972.958568092326
9806,1976.6585680923258
9807,1963.1549251232798
9808,1963.5061042044485
9809,1945.4316185379269
9810,1923.4773766770804
9811,1912.7848518311268
9812,1894.3723332550621
9813,1879.8995315263883
9814,1908.7981048529405
9815,1894.1304239643177
9816,1883.2560725812934
9817,1883.2649654272193
9818,1894.2613169429005
9819,1897.6030716157636
9820,1912.2514976536052
9821,1916.0861299007188
9822,1908.4221594789844
9823,1901.1107703710134
9824,1901.1157011379262
9825,1890.1968400879061
9826,1886.5276616190083
9827,1872.0229309866247
9828,1846.5410469386486
9829,1846.5753711846662
9830,1832.030855224508
9831,1828.3695451512876
9832,1813.754079561494
9833,1813.7398919793861
9834,1799.4997367600638
9835,1795.7934364486139
9836,1784.8437402698273
9837,1763.0362867915587
9838,1744.6810444717921
9839,1719.1077004637784
9840,1690.0489910909378
9841,1686.3749850225604
9842,1672.0980502780121
9843,1679.295766245696
9844,1683.4512086805673
9845,1687.1192917763315
9846,1683.441652799101
9847,1665.1781585663664
9848,1639.81149125783
9849,1636.1379252817947
9850,1617.7966990629604
9851,1607.0590756622464
9852,1603.3853572509645
9853,1636.0978985630513
9854,1643.0329255102943
9855,1643.025376133306
9856,1628.4510415257846
9857,1599.234595417482
9858,1584.4901063044113
9859,1584.4660584011376
9860,1540.5088791914845
9861,1533.1042261859525
9862,1529.5593305896052
9863,1518.6789041374932
9864,1514.980376057404
9865,1463.9406678074004
9866,1456.723011713102
9867,1445.8455202503037
9868,1442.190683421702
9869,1409.2121717897198
9870,1398.369777463939
9871,1390.9789281258477
9872,1361.6622369822198
9873,1350.623034592214
9874,1343.262525105092
9875,1339.6201871548656
9876,1343.3158284571577
9877,1339.651379153996
9878,1339.651379153996
9879,1313.9324170506823
9880,1292.1065696578166
9881,1270.0771294931426
9882,1262.6139059254115
9883,1248.3004903919161
9884,1240.9127550674084
9885,1226.2699207510836
9886,1229.9299879699986
9887,1219.04119426922
9888,1207.9880853710974
9889,1200.63709999628
9890,1193.274310019039
9891,1193.274310019039
9892,1178.61150735255
9893,1189.5247017708027
9894,1203.933044499789
9895,1181.783382856642
9896,1178.1048935123304
9897,1189.1031182577578
9898,1178.0823892546896
9899,1174.3907853970072
9900,1174.4057422803098
9901,1185.4024308271087
9902,1141.50744210973
9903,1123.1521835627923
9904,1123.1783613728078
9905,1119.4880300362822
9906,1126.8788474135729
9907,1116.07346391122
9908,1116.07346391122
9909,1123.3478572853885
9910,1108.6854462679842
9911,1093.9118602281774
9912,1093.9118602281774
9913,1090.2164505542776
9914,1090.1331598772224
9915,1068.117449052424
9916,1075.374834864008
9917,1075.374834864008
9918,1082.5728578466226
9919,1082.5728578466226
9920,1086.2728578466226
9921,1075.204595620676
9922,1067.8120042025084
9923,1078.7044967475265
9924,1067.7498109821945
9925,1064.0514518294713
9926,1042.1286202250976
9927,1038.4375043379755
9928,1038.4375043379755
9929,1027.3523905286245
9930,1032.9524644285061
9931,1029.3714109180437
9932,1021.9929592611782
9933,1021.9929592611782
9934,1010.9255879281632
9935,974.3750250256352
9936,970.6766126602488
9937,946.8065820198788
9938,954.0496972538783
9939,935.868339690978
9940,928.3063272122336
9941,917.2437771160166
9942,910.0651753387751
9943,910.0651753387751
9944,906.3704354635997
9945,898.9778764925618
9946,891.5922039464529
9947,909.9541598361998
9948,909.8364141046367
9949,888.021902161638
9950,873.3383985176505
9951,858.7736277851059
9952,858.7971843095921
9953,847.7458999761151
9954,844.0516459316789
9955,836.6745462983753
9956,832.9995301847828
9957,840.2819364996693
9958,836.5921414009325
9959,814.581662647069
9960,810.8819014620814
9961,799.8050608876316
9962,796.1247401047763
9963,785.1866008290864
9964,770.58692357939
9965,763.217880260539
9966,755.8303925145951
9967,752.1348738970246
9968,752.1608693257588
9969,748.4689855816127
9970,744.7814216217012
9971,741.1215459708365
9972,722.7987834415501
9973,719.1142585477886
9974,711.7214872801205
9975,697.0482256578227
9976,707.8902218829721
9977,696.9232546942862
9978,689.4898842242661
9979,689.468521736982
9980,682.0776867763745
9981,682.0595823741021
9982,660.1203384925741
9983,652.737453010501
9984,652.737453010501
9985,649.0419063089594
9986,623.412118737934
9987,619.7378607934083
9988,608.674115612258
9989,604.985587311424
9990,601.3012577822279
9991,605.001257782228
9992,597.6173933664318
9993,597.6173933664318
9994,601.000149580547
9995,582.6475306714108
9996,578.9520835387049
9997,578.9520835387049
9998,575.254104128213
9999,575.254104128213
10000,575.2594890168599
10001,575.2594890168599
10002,571.5687765430818
10003,571.5687765430818
10004,567.8743946064417
10005,564.1885740799445
10006,545.8219674912041
10007,556.8219674912041
10008,553.1457480204352
10009,549.4457480204353
10010,545.7575868299047
10011,549.4027601669101
10012,549.4027601669101
10013,549.4027601669101
10014,545.7057207558411
10015,542.007329416693
10016,542.007329416693
10017,523.6267728305243
10018,523.6267728305243
10019,516.2565759708485
10020,516.2565759708485
10021,516.2565759708485
10022,516.2565759708485
10023,516.2565759708485
10024,498.23056153493354
10025,494.5340878216917
10026,487.1403768326567
10027,500.7367555489512
10028,504.4367555489512
10029,490.7585523857774
10030,490.7585523857774
10031,490.7585523857774
10032,483.3771085026853
10033,468.68190546188424
10034,465.14691334690406
10035,450.6153596163472
10036,446.91919556666846
10037,446.91919556666846
10038,439.5270095626713
10039,435.82700956267126
10040,439.5270095626713
10041,435.8293638360518
10042,439.52936383605186
10043,435.8337225337596
10044,428.48850297601
10045,413.857533598041
10046,410.1646043939681
10047,424.8646043939681
10048,424.8646043939681
10049,421.16930761595444
10050,417.4819109681105
10051,417.4819109681105
10052,420.9771509754422
10053,420.9771509754422
10054,420.9882233305068
10055,432.08822333050676
10056,432.08822333050676
10057,432.08822333050676
10058,428.39115108487385
10059,435.6997742786536
10060,435.6997742786536
10061,435.6997742786536
10062,446.6997742786535
10063,461.39977427865347
10064,461.39977427865347
10065,461.39977427865347
10066,450.5079179313603
10067,450.5109571476475
10068,450.5109571476475
10069,446.8196321706555
10070,446.8196321706555
10071,450.5196321706555
10072,446.87445883365
10073,446.8417452458557
10074,457.8417452458557
10075,446.77169525273644
10076,446.77169525273644
10077,443.08252390362486
10078,443.0904176579719
10079,443.0904176579719
