,0
0,0.36500000000000027
1,5723.59646483845
2,0.36500000000000027
3,0.36500000000000027
4,7957.995600708023
5,14186.85875561153
6,20632.876868761276
7,20320.235135028517
8,20320.235135028517
9,20320.235135028517
10,27899.040354038036
11,27899.040354038036
12,27899.040354038036
13,41026.945214032436
14,41026.945214032436
15,46387.079792878096
16,46387.079792878096
17,52952.958735111344
18,51035.811343824695
19,56492.39753980741
20,56492.39753980741
21,56492.39753980741
22,56492.39753980741
23,69582.85363410208
24,82255.5100581776
25,99337.2771665945
26,93334.10598729033
27,99507.05267939935
28,99507.05267939935
29,111354.37334322733
30,125707.22083703015
31,118263.14460067084
32,132750.08316100185
33,127183.200423
34,125300.3994080559
35,118523.19295744284
36,121058.14048353143
37,121058.14048353143
38,114492.26154129818
39,109312.52249511596
40,104009.55968299098
41,96114.4775780568
42,96114.4775780568
43,101913.24207700437
44,94288.35873928425
45,101321.99744540939
46,84777.82875972212
47,97852.96764730333
48,97499.74015168796
49,104024.40207726252
50,103958.11844805276
51,96002.24139194035
52,96002.24139194035
53,96002.24139194035
54,90837.1391290076
55,103287.26178053312
56,97488.49728158556
57,115367.31925504288
58,109267.81899896977
59,115915.11755098165
60,102364.76189440502
61,95710.46722846401
62,102760.35395726058
63,102760.35395726058
64,110655.64309088448
65,110655.64309088448
66,110694.257534801
67,102798.96840117712
68,96017.20495037758
69,107361.05495546575
70,107361.05495546575
71,106968.43615796705
72,88247.3593907473
73,67920.3427877847
74,69996.67214567224
75,64611.81139689
76,78434.83496209391
77,78434.83496209391
78,60394.7555433817
79,60394.7555433817
80,74288.20801023878
81,81754.05020959949
82,89149.74492581835
83,89149.74492581835
84,98798.08899806914
85,105335.475839916
86,122652.3197845729
87,136967.27574516734
88,149738.53234345675
89,149738.53234345675
90,149738.53234345675
91,136256.97840720808
92,136229.2198115352
93,136229.2198115352
94,141856.45168266702
95,133422.7916763799
96,121784.82922997914
97,137896.77966597618
98,131051.56962753639
99,105836.40956243944
100,117571.96809530252
101,110918.79988653184
102,104072.73218519971
103,104072.73218519971
104,112071.54922551374
105,124887.55346338748
106,120710.20815711988
107,120710.20815711988
108,114072.81197317842
109,103923.1750314009
110,111519.54455802843
111,130904.4201184738
112,128791.22985399493
113,134104.42565280202
114,120619.71151589324
115,114992.47964476144
116,114992.47964476144
117,122593.78303709006
118,135883.63259574873
119,135883.63259574873
120,143525.8662385818
121,113530.00060344397
122,107010.43429000987
123,119063.79285076787
124,131777.74772746727
125,109587.62855552969
126,103147.4933736063
127,96373.46883247464
128,89962.54181147504
129,82415.68955611247
130,91511.09403201938
131,83893.9447642244
132,77453.06729489054
133,77453.06729489054
134,70633.84206633085
135,76953.87949989089
136,92036.13285757673
137,98815.86015725281
138,92133.59269319191
139,93579.49154951266
140,90946.67990558133
141,83676.15266323548
142,83676.15266323548
143,83676.15266323548
144,83676.15266323548
145,59707.67449457279
146,59132.383128251866
147,71977.47864184104
148,78024.11098938463
149,78024.11098938463
150,83537.35959818117
151,97329.30832951788
152,97778.41014763112
153,76559.48939196569
154,76559.48939196569
155,76559.48939196569
156,96798.95822309122
157,96798.95822309122
158,96671.95479841401
159,90625.32245087042
160,83972.59857587155
161,83972.59857587155
162,92649.25356553531
163,100184.73963317244
164,100184.73963317244
165,100184.73963317244
166,105796.81569257074
167,105796.81569257074
168,97849.75927183061
169,92457.58919156346
170,92457.58919156346
171,85525.66510087707
172,101448.08682407658
173,107730.32566016298
174,101081.70004906126
175,102217.29951914882
176,102217.29951914882
177,87705.08503369447
178,87705.08503369447
179,87705.08503369447
180,87724.4369696536
181,102984.70443187702
182,104536.46056051116
183,104536.46056051116
184,124138.40765989809
185,131776.883778267
186,137937.18121661848
187,137937.18121661848
188,144007.93313436498
189,129371.27564251031
190,122452.67855028987
191,116724.16049313093
192,110029.54004467498
193,94642.87094353186
194,94642.87094353186
195,87832.54152819503
196,96733.29852389214
197,102768.38453461858
198,103602.5420294356
199,109571.32018889776
200,115310.45368457121
201,122426.0547288487
202,129151.99866908825
203,129643.63284786667
204,117602.88503640925
205,129371.14629473501
206,133450.78301968324
207,125386.65695307223
208,142392.8799731119
209,134668.94548863044
210,134666.28380953625
211,134398.05073713043
212,134398.05073713043
213,147055.5909900154
214,152657.43600884025
215,144309.8600865838
216,143931.97009599814
217,135809.4928010807
218,143024.55333478368
219,141120.13142980877
220,135461.08635001176
221,123784.49871769699
222,122841.54618852079
223,122841.54618852079
224,122841.54618852079
225,122841.54618852079
226,116346.64307514913
227,102942.50753913172
228,96500.9294814935
229,98069.81079024948
230,92802.88827401582
231,76323.9375452867
232,57882.79953504983
233,64405.77329820586
234,64709.2910848362
235,72957.4084234796
236,72957.4084234796
237,79279.20808573558
238,86384.09433141859
239,84794.59191644809
240,81356.55891436283
241,68433.67049186333
242,69300.25093956257
243,69300.25093956257
244,69300.25093956257
245,69300.25093956257
246,69300.25093956257
247,69300.25093956257
248,74927.08278227573
249,74927.08278227573
250,80105.54635255596
251,79895.30704737801
252,80892.96646232529
253,80892.96646232529
254,87225.64243121613
255,93115.13598373806
256,77538.92835807666
257,77538.92835807666
258,77538.92835807666
259,85082.41681878493
260,91001.9395510047
261,91001.9395510047
262,91381.65576044723
263,84490.35575415325
264,90146.28987022855
265,90029.58923573449
266,87094.23809005319
267,87094.23809005319
268,87094.23809005319
269,85651.54715533735
270,99508.39604572942
271,99508.39604572942
272,92949.51840912462
273,82647.04523978345
274,89744.21420410663
275,89744.21420410663
276,104471.67376409966
277,104471.67376409966
278,98029.740087294
279,98029.740087294
280,96476.83177248685
281,96476.83177248685
282,98325.9909432207
283,103431.2518555105
284,97546.01730309079
285,91890.0831870155
286,86337.31684229587
287,98190.56998326984
288,98190.56998326984
289,92340.78997810584
290,100348.84169436632
291,114084.24887403769
292,117997.69815950554
293,125040.73990902439
294,119351.80739543433
295,114121.49355345179
296,114121.49355345179
297,107214.2693703056
298,114061.37005240389
299,121558.55871169521
300,119977.52434868328
301,113847.57182150778
302,127440.14646998454
303,122084.69709066552
304,118240.71760081373
305,124462.2452539802
306,117152.32370459427
307,117152.33670459427
308,118677.96288025125
309,111824.30188814901
310,125271.47025580099
311,158178.81830877764
312,152771.0023645605
313,168375.95458834938
314,151632.3785955921
315,162416.9632195205
316,153458.1010106215
317,164934.20896371952
318,179544.36372325278
319,172253.7266287569
320,171453.16888707379
321,202006.32737058075
322,215558.87679528992
323,206543.7110599212
324,185334.02576126956
325,188135.8972070108
326,169408.19306523437
327,169408.20906523438
328,182130.50553463606
329,196062.20141371535
330,234422.7354206429
331,227544.69745406604
332,241105.2640385544
333,251767.00481191475
334,259531.3552165655
335,266630.15511161427
336,280296.73211461084
337,295346.9550366447
338,316493.5407323433
339,312419.4086222092
340,326950.69187291723
341,333530.5772712212
342,328766.4183160149
343,327084.5060537118
344,341043.2365999509
345,349527.02865454706
346,382267.5309528079
347,416872.1439991214
348,424842.85169258504
349,439242.9452098678
350,459320.9946968373
351,466454.233889048
352,495553.59302766266
353,490255.85336606164
354,489995.5906123194
355,504364.7081233905
356,520002.61159389
357,538875.5003402104
358,560074.2448988567
359,583954.6711862612
360,633032.8856307972
361,664967.0034207155
362,662889.4633496533
363,703692.499397489
364,734016.6518615328
365,775949.5882416071
366,787572.8745534731
367,822087.8300561357
368,844896.9451600438
369,879257.8878472868
370,864694.1350919975
371,911627.0378132625
372,918066.2256581882
373,938274.4989570163
374,935228.3234278185
375,920496.8443322035
376,923650.4692736539
377,920672.9760798031
378,940528.9647166769
379,927196.1551013332
380,965883.3886683523
381,950570.7675518538
382,966129.3145798441
383,894069.5292035862
384,873071.4785170127
385,855625.8309101391
386,893373.6359760567
387,859386.5293711849
388,867824.3944782123
389,889455.1172269145
390,925337.6498733526
391,919849.8165379434
392,934672.7798404195
393,953673.1229037334
394,953950.3912877537
395,985153.5491601101
396,968843.1089362273
397,988291.2505337724
398,1020957.6780679509
399,1008400.0381587708
400,1029445.0248192927
401,1053175.975892001
402,1049459.1052028765
403,1073450.0518836137
404,1080913.4455470853
405,1071937.5240947127
406,1123366.2349459063
407,1138703.8112575507
408,1196054.1383794143
409,1183419.285089739
410,1180911.011726573
411,1186414.7709332074
412,1176627.066631468
413,1195661.760742403
414,1200466.232308098
415,1149560.981642671
416,1164688.8465784693
417,1223208.665444259
418,1263438.8829803965
419,1269486.355033055
420,1301234.8846945292
421,1342209.0084040533
422,1399815.151240661
423,1437395.1152633815
424,1390592.578179852
425,1387368.3813994483
426,1433706.6846522847
427,1413643.5373134394
428,1427667.358776693
429,1459619.1093186697
430,1479256.0398507148
431,1533663.9686714117
432,1550201.4308781754
433,1542348.8444550398
434,1518018.439576236
435,1578566.057291901
436,1579956.5903586175
437,1635610.6780713755
438,1645815.215849687
439,1685637.6171909159
440,1642056.09147877
441,1673550.8533342818
442,1643737.3375975932
443,1634288.5490725702
444,1700612.8949286107
445,1742869.3018165426
446,1728349.9997066513
447,1739083.72275051
448,1780466.3993944023
449,1767077.2076862643
450,1722999.581600722
451,1693925.663853922
452,1676391.1106411733
453,1746075.865073742
454,1758308.1076198262
455,1791146.2119679153
456,1854734.7672271198
457,1876011.61083256
458,1882409.2307108794
459,1874266.585504702
460,1849951.6852723826
461,1833122.6436969775
462,1870274.1884541512
463,1852162.4999316905
464,1841431.9282226523
465,1855102.343178119
466,1902901.480411241
467,1901080.758125178
468,1898728.68363454
469,1877325.026455426
470,1808528.3465796057
471,1787242.0357972041
472,1797960.7005868815
473,1816878.439739359
474,1802879.2161141117
475,1810545.4675648075
476,1840491.941138949
477,1844855.5994482792
478,1826448.7371855257
479,1795067.8122792377
480,1734322.7935320882
481,1706116.021752081
482,1708020.4454206254
483,1723291.8401551822
484,1728133.1818459106
485,1725159.9077360705
486,1733955.6759816583
487,1779137.3453076822
488,1807255.646367864
489,1833986.4244625876
490,1845561.304512695
491,1808643.5374413508
492,1827934.5610433437
493,1826966.8506702012
494,1805373.3695519886
495,1807690.749479337
496,1845925.8534056558
497,1835686.55393721
498,1830017.9588323222
499,1759297.108060249
500,1733707.6206056527
501,1763384.8490196841
502,1750028.1087098382
503,1732911.083277942
504,1747585.1926581075
505,1754587.0128691862
506,1736253.1779314487
507,1766404.2436216285
508,1805099.5382277204
509,1823884.5716340037
510,1841072.9314071299
511,1827095.4851625636
512,1831997.5916344365
513,1841127.5068302415
514,1860790.599688328
515,1875762.9455782867
516,1839875.7646081005
517,1830057.7123163035
518,1892035.1385492876
519,1891761.9524217353
520,1884806.377854983
521,1861598.0950535557
522,1813995.7031701643
523,1814494.9797076045
524,1768713.0154853205
525,1763186.0592636934
526,1756747.5385299483
527,1749745.9214685033
528,1738700.396402995
529,1763649.8369664818
530,1751060.8815591412
531,1767603.8952265738
532,1764552.5729985116
533,1845845.0755518554
534,1859969.560667587
535,1871001.982065112
536,1824478.0163540952
537,1878003.7019050329
538,1901234.208628097
539,1886801.980641324
540,1900903.5981082413
541,1872201.9218227626
542,1853362.3818522743
543,1880682.1507166398
544,1868193.8041502042
545,1891265.0645364749
546,1898683.4967539809
547,1911968.0560755278
548,1853394.0953122478
549,1891950.3163240529
550,1850292.9216886712
551,1835749.999154404
552,1824259.675732708
553,1807094.3417938098
554,1782815.3171271663
555,1785838.5075075794
556,1799985.777872616
557,1822469.053322368
558,1789373.3206644522
559,1783505.802545162
560,1752949.8725300021
561,1771000.425019451
562,1730315.8478193148
563,1694452.340475957
564,1682782.2398879544
565,1645422.482052674
566,1602714.5246437942
567,1614858.6040245676
568,1589103.2916660109
569,1571299.264102158
570,1564427.4265652003
571,1503721.2929483154
572,1490283.7594110647
573,1467249.4695247214
574,1406605.8865489315
575,1406622.7738279118
576,1390064.6526660814
577,1354140.5876604556
578,1338923.7651673001
579,1307395.82213179
580,1310571.2616878883
581,1268486.3066741682
582,1223175.8159963323
583,1229256.4842541595
584,1195390.2803058552
585,1191236.155910307
586,1186319.8606617462
587,1212602.7933375726
588,1212345.304737664
589,1198248.589022423
590,1186067.987772931
591,1165829.2595886197
592,1128280.9830619001
593,1128058.488435751
594,1102203.2812120074
595,1131795.1076482576
596,1179181.3921578012
597,1187076.266070426
598,1189663.4067121798
599,1216319.599857334
600,1235772.2725593562
601,1227524.99614866
602,1244751.2043043345
603,1229524.1382473938
604,1219371.2682672034
605,1192020.8403304815
606,1219534.4615900093
607,1195301.0116245847
608,1175730.2733335213
609,1151891.0629440702
610,1173530.4891028702
611,1150110.1661102176
612,1091418.895971758
613,1067312.2367716108
614,1070513.298559994
615,1103501.7669819833
616,1088657.5823983361
617,1065385.6139141936
618,1075374.558057487
619,1060559.5394535563
620,1064619.1887131042
621,1035117.5641993238
622,1028501.4125968972
623,1022293.5907585116
624,1023825.3992454959
625,1026157.7903121996
626,1042583.9271911534
627,1037766.1607398314
628,1049346.8189808947
629,1037193.1085658047
630,973464.2432018396
631,988640.3117257094
632,974957.5820135197
633,951028.53432305
634,986182.5529781814
635,1012668.4603664593
636,981280.6037208515
637,1000696.953873187
638,987697.5423443724
639,988956.6381152942
640,972916.9301400804
641,969942.5599285505
642,944249.1838433628
643,897699.5708406961
644,937524.5175385929
645,939443.7010913838
646,933988.5086422849
647,913485.7819491355
648,918844.9288845789
649,888009.2018269075
650,914314.1405963115
651,943398.006476076
652,908887.4738051239
653,938312.2529810125
654,946423.4390409844
655,941564.809112022
656,943200.5710678941
657,916030.0485933587
658,905907.8928865847
659,907692.0813277458
660,940964.3431401402
661,913533.0461667299
662,906746.5895081447
663,918781.7875393515
664,913753.7013639684
665,903433.7131245949
666,893577.97684069
667,893754.2634533328
668,878070.2083800297
669,880415.7715204828
670,829391.4386957865
671,823942.2172563026
672,818788.0796397416
673,831166.4017948679
674,843894.3650391016
675,848595.7249494286
676,866159.9187916301
677,864226.6464633239
678,864888.0864265107
679,872792.7048371795
680,877931.2621666235
681,922759.5064777415
682,933039.4649927907
683,953578.873433219
684,904547.5141635691
685,890615.7331844497
686,920393.5204404366
687,904550.004142838
688,885678.1318095225
689,885095.2015864272
690,905224.7505250989
691,927707.4189006069
692,914303.2523878608
693,901592.3914787194
694,906816.3443541278
695,914577.6099035316
696,915637.3457327108
697,887120.2339289186
698,908588.3175321132
699,916320.6499860012
700,916837.6004742149
701,912583.6948477791
702,930263.2997113512
703,908509.2756894889
704,880332.6373977852
705,890514.3060543925
706,897308.422456494
707,903395.9118155643
708,889842.3300980015
709,907929.5624028932
710,896526.3286414072
711,883625.6559797677
712,867700.7136379802
713,888964.0955604939
714,894793.0609096879
715,875114.7133845419
716,857431.4961631387
717,862928.8730226234
718,856886.6772265821
719,868637.977844253
720,880375.2340920496
721,871630.2789532836
722,863599.836876228
723,848191.3227595938
724,832168.750808333
725,802842.5878641763
726,783699.5202320265
727,750427.503666329
728,716342.4175393232
729,728293.7573670421
730,730840.8357986794
731,747021.59862126
732,737753.8571816508
733,711658.2122186647
734,731022.9842668052
735,716508.0720370561
736,741066.246549841
737,756743.0853715492
738,789220.7584692705
739,783346.261654029
740,768269.0653161496
741,767477.1636239701
742,742284.74765249
743,780141.3841063282
744,760982.745532301
745,701640.0665883442
746,708530.3032855139
747,715831.2595687414
748,724498.7553072459
749,696046.6634997263
750,696491.0403130596
751,708183.8270061198
752,712494.4141832364
753,713722.0316867111
754,715625.9533815531
755,727751.8627278118
756,724833.0491040391
757,731215.8494047808
758,746121.7821499942
759,752634.8302978671
760,773468.8973526097
761,778650.261149958
762,772511.7790021754
763,751118.7921727449
764,757073.872075722
765,768898.3519788764
766,769882.4881985467
767,755069.703292859
768,726486.671649738
769,729153.5420506077
770,737796.0673131987
771,732787.5082181545
772,717358.8059105801
773,721917.1363570731
774,707346.3683770434
775,723418.7662894586
776,716382.8713173592
777,709401.3345425522
778,711290.3216885658
779,720555.1657049425
780,745971.1814481798
781,757694.4563352115
782,783146.5090802074
783,785115.6091742072
784,821418.263764038
785,827149.9669627578
786,809361.7415756385
787,815207.6066874395
788,842093.5168741781
789,848693.8038254031
790,868498.685729242
791,882639.4801315474
792,850079.9344811649
793,836662.7471537327
794,836328.8528398306
795,827622.1890586546
796,824446.304896032
797,803704.1338036689
798,791286.859108222
799,773090.7330818601
800,751873.4367295417
801,782065.764433209
802,791421.6952662226
803,794759.7286290992
804,799124.172060057
805,810089.0806723678
806,850606.5467759357
807,835240.6332264007
808,808263.6485879844
809,814263.9758862383
810,816091.3224686142
811,819805.9781185996
812,812473.3249889305
813,782088.2617554583
814,828662.3075359208
815,806400.7465350943
816,777832.7188645143
817,789041.1212363304
818,799905.1264110035
819,779814.4062786461
820,766673.9131412324
821,774156.8028664751
822,778490.9816898988
823,796186.537662163
824,823803.7368996218
825,839522.426722313
826,867453.0901786987
827,897927.4185939558
828,889740.5176272324
829,887061.246594704
830,901015.5462869537
831,891155.4161427249
832,894823.9922487875
833,910692.5660833335
834,899943.4075696513
835,923728.928033353
836,929929.2865897816
837,929959.36816865
838,887059.3302194832
839,909175.9557945179
840,950709.4874446728
841,929092.4925368235
842,944214.1385909459
843,914101.5695414257
844,919958.9303415827
845,901735.9425699095
846,901132.8607740586
847,916137.5650345429
848,926208.273977691
849,937107.0860181369
850,944875.4082609222
851,935502.1442111908
852,977120.8583138727
853,1001190.0560024417
854,1007372.8262969116
855,1000849.1058659898
856,993882.6855699301
857,1003805.7519602677
858,1017092.8921672932
859,990197.3915312913
860,1017905.9475870132
861,985324.9084128834
862,965180.6990928345
863,970672.8619384554
864,956345.9204754859
865,948155.0047200073
866,962411.1827794183
867,979145.0869422676
868,1011781.005158198
869,1025593.2104476565
870,1015333.9997325991
871,1029144.2584909424
872,1008295.6397695893
873,1017661.3125857045
874,1030322.1310087659
875,992293.2030134251
876,985918.9030213931
877,979008.5021191007
878,947558.3615795986
879,937534.6854711182
880,933490.463988323
881,934858.0944352447
882,935364.1457549058
883,920534.8041392443
884,915537.6770091841
885,929514.4306063958
886,914264.9815451019
887,929789.84674743
888,973966.9068187255
889,964230.3648370553
890,929157.5144397549
891,930224.7579903202
892,975477.6813249893
893,976439.1928590639
894,949462.022525921
895,964093.3534650339
896,951903.3008044867
897,962340.776610502
898,993150.9476563472
899,982859.5499105308
900,1007635.6476478206
901,960514.4505244092
902,976174.6356030689
903,980219.2955409475
904,974965.6069805438
905,1009378.0937008196
906,1006544.7285087074
907,973012.33837575
908,1017750.7547839382
909,1046315.5119664437
910,1081820.11483955
911,1111028.8695005968
912,1152815.0947494907
913,1160845.8908149032
914,1163326.2941611093
915,1171006.4187165445
916,1199404.1335438206
917,1177410.9974910172
918,1187065.937729769
919,1217117.5842574579
920,1246394.925963209
921,1271967.6775822323
922,1275843.492487694
923,1291190.201605596
924,1291836.1077893528
925,1276695.8134837495
926,1292841.956185959
927,1344975.2237216865
928,1357007.8147350317
929,1370058.6276868663
930,1370899.5808677226
931,1390740.1517437734
932,1437113.050723827
933,1448182.7641332522
934,1488565.686210491
935,1493229.9390152236
936,1508723.4263857184
937,1494949.3622807749
938,1532628.1206527122
939,1542983.708842807
940,1571868.2219938426
941,1565743.2141710373
942,1570883.911948628
943,1600459.7373647576
944,1650168.691724727
945,1661058.947756846
946,1621505.9002650524
947,1656069.6631603383
948,1657148.3720514933
949,1639327.4981508544
950,1667616.9559649818
951,1720247.1763746054
952,1780145.4436288588
953,1771249.6241872911
954,1798124.431271282
955,1786452.7654262204
956,1792001.5269013173
957,1788582.5235424486
958,1838381.4853052925
959,1859266.5941153641
960,1851154.5496957488
961,1860346.0364450328
962,1891995.1972403708
963,1903679.2626010482
964,1878928.176521514
965,1880131.3022142104
966,1947462.081283249
967,1936463.960563797
968,1932547.9337612323
969,1947426.965231172
970,1923070.7477189584
971,1911188.368885807
972,1858561.4684513134
973,1872286.7784035672
974,1899129.5301739636
975,1915233.3693999154
976,1942131.693066775
977,1942320.5610065986
978,1976699.0877800996
979,1981541.6774342118
980,1977294.147742839
981,1974606.5759760707
982,2020142.5159380955
983,2048279.5736160513
984,2004810.4629459823
985,1992007.8817597514
986,2000620.7848403333
987,2046214.2771639077
988,2080214.6291233944
989,2092249.791892521
990,2119158.33112464
991,2155176.764276364
992,2138124.0566244246
993,2121848.027447595
994,2116973.9151988863
995,2100703.7090605623
996,2176524.7700654105
997,2177643.2137800255
998,2199520.0046513956
999,2221732.7080317247
1000,2237285.8445534264
1001,2312376.6764416457
1002,2328296.7732636924
1003,2372844.479217231
1004,2394779.4143485785
1005,2434237.3391203275
1006,2400352.2118382826
1007,2384376.94296747
1008,2411790.3199489983
1009,2360098.052306475
1010,2345949.5891905376
1011,2364211.2801804333
1012,2390170.0493024862
1013,2475491.0482021207
1014,2481724.812714311
1015,2515994.650916301
1016,2531255.8442934174
1017,2532500.830341978
1018,2521066.2023886116
1019,2499757.957067888
1020,2417035.803187221
1021,2424659.857475991
1022,2390132.208830545
1023,2441031.9501056504
1024,2444119.862271258
1025,2429015.7981417673
1026,2423280.0217832085
1027,2406396.981374367
1028,2401662.6158180144
1029,2396174.9118226594
1030,2368385.1566951224
1031,2353309.5004969225
1032,2380934.7215340952
1033,2402247.8709626254
1034,2416426.7711459445
1035,2432301.4549529054
1036,2392781.0479831216
1037,2347294.2851119856
1038,2348045.705301062
1039,2319454.4851567834
1040,2302273.076368637
1041,2323031.1532017994
1042,2372954.913402228
1043,2386851.9605719727
1044,2400183.5470983386
1045,2334029.266727085
1046,2302868.7001311798
1047,2339351.386212869
1048,2358625.701943935
1049,2332249.905038213
1050,2297534.1046774676
1051,2345734.5697810827
1052,2266217.8723676987
1053,2276993.94418144
1054,2342176.4270577957
1055,2406025.3568321737
1056,2407421.8483976033
1057,2389475.295261003
1058,2375696.0063583963
1059,2341462.22430775
1060,2411014.755080037
1061,2416334.4187261714
1062,2391406.239551574
1063,2376176.4315825636
1064,2410856.17810133
1065,2324726.4767000386
1066,2349651.993247873
1067,2393297.64883709
1068,2358078.43124584
1069,2389752.23518444
1070,2354031.5160645233
1071,2352966.0042484603
1072,2356446.6663446845
1073,2378203.5799928247
1074,2320158.5546016903
1075,2289178.8820850393
1076,2282294.738714534
1077,2295379.8327986537
1078,2254309.9667503247
1079,2220548.2483847598
1080,2138407.6903733998
1081,2116129.517839032
1082,2107217.1001810483
1083,2099637.5439401534
1084,2128511.6145608407
1085,2093614.5165955704
1086,2061061.0219260182
1087,2068567.5574832556
1088,2033874.2028086288
1089,2041395.7306846012
1090,1986552.246135139
1091,2001286.7432913687
1092,2012413.6876168128
1093,2001372.3657716091
1094,1971453.9345383758
1095,1940470.4773532772
1096,1915169.9947180746
1097,1909435.4204935692
1098,1893277.9911500486
1099,1918719.138816786
1100,1987468.1787330634
1101,1982685.2501283155
1102,2004800.5017703883
1103,1970238.6373612124
1104,1980772.5111171394
1105,1950430.00458671
1106,1975506.21310945
1107,1883377.2024759417
1108,1867548.757748233
1109,1888672.0252051875
1110,1837957.638776105
1111,1851268.4763592076
1112,1841145.2434500623
1113,1849197.2322683837
1114,1820180.2343047252
1115,1837506.2093135423
1116,1869938.287518021
1117,1871277.3065438457
1118,1813529.0767839034
1119,1827121.8863522792
1120,1787189.219688878
1121,1755244.510897135
1122,1696455.2187519486
1123,1670462.0920698293
1124,1658356.4706800054
1125,1621836.990511729
1126,1643629.270031902
1127,1613787.116567229
1128,1613851.6619746403
1129,1535747.505620121
1130,1564704.441002758
1131,1583484.2891610733
1132,1556255.910310956
1133,1600613.5466277706
1134,1547373.7680456773
1135,1541223.8109400524
1136,1551007.562414841
1137,1537027.0215110355
1138,1497712.6038916826
1139,1502442.4426818967
1140,1489977.182743243
1141,1485411.2219753445
1142,1477087.549473474
1143,1480623.7843569824
1144,1454886.3163977116
1145,1446471.6041711231
1146,1445144.0271807064
1147,1436569.927483601
1148,1459458.2536043203
1149,1427443.7189006235
1150,1394085.13564014
1151,1344929.962829067
1152,1333511.9595829337
1153,1312251.858370583
1154,1320865.0015339514
1155,1261614.8167957054
1156,1206887.144755936
1157,1176354.8268683688
1158,1125684.1562585998
1159,1130051.092077246
1160,1102452.8973409703
1161,1101682.9354669559
1162,1148344.662663091
1163,1138162.1521063745
1164,1131155.2845190275
1165,1113158.7477219827
1166,1115733.216918265
1167,1139545.8823389355
1168,1151073.2661576038
1169,1079745.112929092
1170,1095389.552826837
1171,1075444.3857474262
1172,1050294.4767665234
1173,1015027.3410107116
1174,1003457.4576355894
1175,1000985.4822785548
1176,950903.3960527594
1177,939736.0983515683
1178,912554.671567979
1179,845175.8819422431
1180,832822.2484417803
1181,805814.1372605474
1182,782520.8984616734
1183,789550.3184377827
1184,795171.1449297196
1185,778335.9906901196
1186,748481.7076646676
1187,744811.0673144237
1188,743800.6779540982
1189,743545.566349375
1190,704695.2737620012
1191,684408.1404121078
1192,640855.2333980324
1193,610203.8034651052
1194,598989.2804322084
1195,596349.4557429024
1196,589289.2507812596
1197,575738.0011076771
1198,575068.2913124688
1199,557180.9243645121
1200,526386.4367229588
1201,504633.0315781114
1202,477770.15813245566
1203,450858.16770113376
1204,424241.6701432484
1205,395092.5416209471
1206,383520.0392136872
1207,389918.4266089831
1208,402106.52203074493
1209,424350.07004340034
1210,436279.62266486575
1211,458094.1397507611
1212,434929.5138690821
1213,423824.26810675795
1214,430525.35054735467
1215,424831.9299596967
1216,430566.5147496975
1217,419689.6617594427
1218,422845.9232357004
1219,452944.5996817858
1220,444345.13308510516
1221,423907.29395896906
1222,430363.3827702741
1223,454779.4521928218
1224,454524.8583416848
1225,445998.4397827249
1226,441784.32194985566
1227,434283.9540612495
1228,390710.43783493247
1229,390710.42683493247
1230,398682.4516642192
1231,403007.13159095135
1232,402223.0307470743
1233,408245.5698231594
1234,407104.2899154671
1235,387214.7066558627
1236,401799.7340815198
1237,421489.4772647237
1238,412829.17556162266
1239,409997.59909363865
1240,411433.4896656282
1241,402134.65704372653
1242,397283.0190868663
1243,397564.3906599472
1244,400247.2628881614
1245,390822.0407912259
1246,405531.1875229154
1247,392082.41448975273
1248,378761.29850629385
1249,379168.9942443222
1250,373420.0969674167
1251,365448.05313813005
1252,352968.5901463493
1253,330948.2448699676
1254,352118.66781085054
1255,356158.058510869
1256,350876.66822399606
1257,339006.70547250257
1258,329103.97654823225
1259,309067.61805064464
1260,309203.2417821553
1261,294487.7420625662
1262,299654.696014575
1263,288989.5863909285
1264,284635.98527570465
1265,297164.2293217218
1266,290249.4227104603
1267,277915.4277591122
1268,265622.029964201
1269,256230.92139871692
1270,263884.6540567177
1271,264885.04758319166
1272,293033.5018263155
1273,293033.4968263154
1274,297781.0655085739
1275,303277.8314555468
1276,288000.4874050196
1277,301457.8343573832
1278,301676.4330909419
1279,276607.02411422343
1280,269337.27669640054
1281,269337.2716964006
1282,276588.3933030791
1283,285491.0599388818
1284,275211.0258207474
1285,276176.7603398935
1286,280067.5476994369
1287,273631.14637231
1288,273940.8740615998
1289,268309.27932902134
1290,269683.82194234076
1291,261788.22692106172
1292,243223.85277720334
1293,241407.19355996867
1294,239374.18561486015
1295,265664.7456615426
1296,260451.63715253386
1297,241900.4477051793
1298,231966.8738611003
1299,231316.10392065364
1300,216825.21001055918
1301,216825.2090105592
1302,216825.2080105592
1303,207409.3678796661
1304,207409.36287966606
1305,207409.35887966608
1306,206822.60174165282
1307,198733.92037044335
1308,183539.68143418964
1309,182653.61104205082
1310,186629.77069271516
1311,186629.76769271516
1312,180886.8796005175
1313,175608.08617856633
1314,195116.59382616734
1315,203493.64231162178
1316,190071.43574469574
1317,175037.7269319462
1318,175037.72593194622
1319,179443.33196617351
1320,173299.73332149288
1321,181282.84648251213
1322,174335.82352578774
1323,168336.51972345402
1324,168336.51972345405
1325,168336.5137234541
1326,177134.1924885209
1327,175558.07985349168
1328,163182.67193256522
1329,187915.48954121803
1330,201811.52137111325
1331,195054.89507699863
1332,195451.3467776434
1333,202545.21701482838
1334,196287.17198967168
1335,200639.68177921206
1336,191322.05682095705
1337,170478.94363979885
1338,167355.83735074603
1339,161505.3956519097
1340,161213.74632391174
1341,161213.74532391172
1342,163415.62383727054
1343,172115.800699903
1344,172115.79669990303
1345,166888.4778042722
1346,166888.4708042722
1347,154515.15411738542
1348,161581.61627764167
1349,158640.39273836237
1350,148617.28750134844
1351,133435.61562563665
1352,127351.08670732711
1353,127351.08070732711
1354,134207.5394958883
1355,137880.2393595333
1356,139513.3251496479
1357,132629.1486780388
1358,139020.2341434051
1359,126970.41645675448
1360,118172.72969168771
1361,118172.72669168771
1362,118172.72069168772
1363,105928.67490032974
1364,99828.10168180618
1365,106222.87941167747
1366,102044.35944011896
1367,102044.35344011895
1368,113220.47324127
1369,121726.77887744382
1370,115488.32244529722
1371,118462.77165540839
1372,117925.6038054248
1373,117925.59880542482
1374,102787.39002363045
1375,90147.0904466623
1376,76553.57149716528
1377,78930.98494225799
1378,84739.28197685548
1379,96197.30127023213
1380,111167.20111350734
1381,111167.20111350734
1382,134082.4600350243
1383,129772.07089664253
1384,150743.22489139478
1385,148433.37549974804
1386,143815.9673562454
1387,142270.25839912106
1388,141875.472425774
1389,118385.54873751583
1390,123385.27893012222
1391,123385.27893012222
1392,123385.27893012222
1393,123249.10845118047
1394,129812.11831534481
1395,127410.00958002634
1396,138427.06405885046
1397,144676.6455545263
1398,142403.7593617068
1399,142747.86274624834
1400,137053.8424788496
1401,143501.18770315152
1402,149970.03211004045
1403,143655.5931771455
1404,136825.33378835593
1405,123529.64802517869
1406,110100.22062129072
1407,110100.22062129072
1408,104086.49694920857
1409,98387.65054198111
1410,111100.41938157985
1411,124134.96756423083
1412,115183.33742518348
1413,115183.33742518348
1414,109186.03484891489
1415,121209.36327292756
1416,123453.96611299585
1417,122738.94269739892
1418,123937.54383037401
1419,123937.54383037401
1420,111125.25542939322
1421,105400.08797135529
1422,99005.36951174068
1423,92326.74269251946
1424,85970.84269677852
1425,85970.84269677852
1426,75511.40067558599
1427,75511.40067558599
1428,75511.40067558599
1429,75511.40067558599
1430,75511.40067558599
1431,57377.257092527674
1432,51021.3357290979
1433,46214.01260512349
1434,46214.01260512349
1435,39357.73492042695
1436,34140.83504388068
1437,28178.678616344838
1438,13166.240129357036
1439,0.36500000000000027
1440,7179.461070942236
1441,20943.948873440044
1442,44610.92358842436
1443,45941.08802852288
1444,45941.08802852288
1445,66389.62699165658
1446,66389.62699165658
1447,59511.95324294775
1448,58898.06169051688
1449,71324.91182081908
1450,76950.5994721558
1451,98286.69096507682
1452,105315.68924391994
1453,112804.88015183836
1454,112804.88015183836
1455,125291.5509410442
1456,125289.69526363432
1457,119026.69013966798
1458,131623.12852614117
1459,138628.52516698308
1460,152248.94872861434
1461,138876.13954731604
1462,132264.99423224461
1463,133569.4278752918
1464,133569.4278752918
1465,139501.28333981673
1466,133254.4366133713
1467,144127.40833430787
1468,156966.92009418498
1469,154470.44782172918
1470,160030.64412111096
1471,153237.3336233014
1472,132043.0299665184
1473,125010.47127493938
1474,129682.33666668578
1475,138808.18473703664
1476,157605.8601456293
1477,171787.22450604502
1478,171787.22450604502
1479,159764.65536750676
1480,168567.9716158372
1481,149027.32027150685
1482,149027.32027150685
1483,143524.71403868808
1484,143525.62877789518
1485,137042.92148657053
1486,110978.31808966857
1487,116565.85786955612
1488,102560.96581106486
1489,96534.33327704752
1490,94729.6409989484
1491,76830.94796024181
1492,76830.94796024181
1493,70329.2626439402
1494,76197.00018788823
1495,82283.82160439796
1496,82283.82160439796
1497,81383.68862279615
1498,80002.0062577167
1499,82357.19727260253
1500,91630.31555478182
1501,91912.50642623745
1502,85637.7744556548
1503,85637.7744556548
1504,76462.14477335411
1505,80298.19362529261
1506,78225.61632425548
1507,77182.46520183454
1508,92052.75460873505
1509,79409.203873537
1510,86221.87567168158
1511,98067.12537174963
1512,91254.45357360503
1513,93002.88319543305
1514,91298.30694251966
1515,92960.15920318916
1516,101053.55533373271
1517,119261.18917730889
1518,119835.91145126075
1519,119835.91145126075
1520,126693.07124949947
1521,126693.07124949947
1522,119608.5872796912
1523,124473.7708729029
1524,114120.48337005473
1525,114120.48337005473
1526,105461.59822050958
1527,112215.08768311769
1528,112257.51721565744
1529,98261.26727500354
1530,98261.26727500354
1531,98261.26727500354
1532,97010.54487645804
1533,97010.54487645804
1534,103881.16925602822
1535,112972.90617183987
1536,103902.54157483488
1537,103902.54157483488
1538,97281.06883904302
1539,90418.33887709983
1540,108195.16304898818
1541,96131.23778644027
1542,102610.24599746408
1543,102610.24599746408
1544,111705.86984405563
1545,100809.13611247756
1546,100809.13611247756
1547,100809.13611247756
1548,92061.84573964699
1549,105602.84721434131
1550,113909.20506978565
1551,121292.0740322835
1552,121292.0740322835
1553,127429.97030234715
1554,127429.97030234715
1555,145636.81840394586
1556,139406.33318490008
1557,139508.45648336728
1558,153255.1290322859
1559,154439.8534859439
1560,140124.61773499713
1561,112997.27425433959
1562,120581.45844457683
1563,134438.78299588847
1564,128510.09974531583
1565,133468.2146690782
1566,117255.56613742618
1567,117481.96102683125
1568,125069.46988061044
1569,126274.99672740587
1570,133074.56810584405
1571,133074.56810584405
1572,125647.80413138238
1573,131188.19807511076
1574,143575.3749447376
1575,143575.3749447376
1576,137435.3052425789
1577,151737.1555212484
1578,151737.1555212484
1579,165234.95469793773
1580,166665.93473245422
1581,162676.94890406128
1582,169017.55626985422
1583,181620.39480457568
1584,168407.3318907581
1585,163659.23221261
1586,164094.78725380506
1587,164094.78725380506
1588,150941.40828229688
1589,144303.22764472128
1590,138429.76610851433
1591,138429.76610851433
1592,137098.75444778427
1593,143291.55003037496
1594,147305.64097972758
1595,139960.65719520202
1596,135830.3547841714
1597,141087.8461298091
1598,133665.41415746376
1599,126081.2299672265
1600,132741.66197337033
1601,122058.24938460867
1602,115154.69061252635
1603,113860.04528430536
1604,106680.663973236
1605,113691.39551547603
1606,105996.98763351393
1607,92451.91785818254
1608,93591.23712666881
1609,93591.23712666881
1610,94326.95256356007
1611,91597.12563023556
1612,105608.18096561056
1613,100879.6591970988
1614,108383.03351869826
1615,100578.21784044677
1616,106473.44212487349
1617,100064.89064356976
1618,86572.72696749347
1619,87163.6675780504
1620,87548.93910436862
1621,93350.31806319435
1622,93350.31806319435
1623,101412.30775191057
1624,106509.63784704001
1625,106509.63784704001
1626,106638.94548401846
1627,94725.2947323922
1628,117371.57381603877
1629,112160.94610745553
1630,120800.19290391993
1631,100013.73720744139
1632,100013.73720744139
1633,116889.95329427853
1634,109848.23351817377
1635,119094.36621846572
1636,104913.99477722414
1637,104913.99477722414
1638,110614.96004168215
1639,110614.96004168215
1640,124777.58833628832
1641,139398.6665006217
1642,158839.78055393137
1643,139177.27572544172
1644,123602.29727300047
1645,117901.33200854248
1646,123775.58484814591
1647,130762.63848442456
1648,145516.96933269652
1649,135760.02286053874
1650,135883.0968021064
1651,141394.19689085215
1652,148200.4235503593
1653,153264.9037058287
1654,158301.43799118808
1655,142688.69288594826
1656,130654.74774627789
1657,130654.74774627789
1658,136627.49469250732
1659,136627.49469250732
1660,144241.73012902096
1661,136678.093113509
1662,143158.33438609538
1663,137047.88018298583
1664,129961.07718353622
1665,138209.29986485766
1666,138209.29986485766
1667,138209.29986485766
1668,146601.97669471175
1669,130630.4078425012
1670,137048.56997356567
1671,137610.10175627982
1672,124287.66710219778
1673,117081.74217736899
1674,113330.45655522167
1675,104549.72144139916
1676,98758.018273795
1677,99006.42067245391
1678,92595.53203803339
1679,92604.3056115393
1680,97520.1785679291
1681,90000.70224084884
1682,91495.56285589117
1683,85095.96814475357
1684,96748.29001408735
1685,89602.8791820655
1686,95616.0680343038
1687,118062.0537458427
1688,112351.35592608243
1689,112351.35592608243
1690,126152.94776548898
1691,126396.95805172135
1692,120611.16178118657
1693,120611.16178118657
1694,127459.22185671022
1695,135873.40640084582
1696,133795.79808934595
1697,137537.5632900966
1698,138497.65646554844
1699,138497.65646554844
1700,144326.01278245222
1701,149133.95806165723
1702,170492.15619020638
1703,157472.42394703254
1704,157472.42394703254
1705,157472.42394703254
1706,163597.37523441212
1707,163647.8502033345
1708,148718.37981884993
1709,148718.37981884993
1710,126325.87964261387
1711,113900.60114940649
1712,108724.76967569748
1713,126505.20981200313
1714,118609.22401379036
1715,118609.22401379036
1716,125183.64530798986
1717,112178.44138662325
1718,117796.16731809583
1719,110860.19722066278
1720,107055.58065508056
1721,101670.3023275026
1722,88006.559120988
1723,88006.559120988
1724,100737.31889693745
1725,109085.2553957697
1726,109085.2553957697
1727,122754.72779565418
1728,129231.39026349975
1729,124313.13310935561
1730,131183.4285424288
1731,111192.02136143896
1732,108556.70054458547
1733,99883.24024816332
1734,94383.0509778992
1735,88832.74546462916
1736,88832.74546462916
1737,95876.7124926576
1738,95876.7124926576
1739,89642.9580337849
1740,91619.18098872164
1741,99051.61837028962
1742,91619.20398872164
1743,97441.93519748698
1744,105312.22280579484
1745,106197.3227727957
1746,100358.77947460498
1747,107116.28651876813
1748,87505.32482406641
1749,73359.32237163898
1750,86855.81742099707
1751,84607.91390259837
1752,90911.99677272674
1753,111880.5274631511
1754,124705.4815538395
1755,139500.54334151308
1756,156255.93607778745
1757,162994.09541138046
1758,176525.28887477206
1759,191100.40223834687
1760,177406.3984290222
1761,187298.81453002102
1762,188000.93996463917
1763,173906.92448909316
1764,190303.40533385504
1765,204149.26285345556
1766,237339.2067838674
1767,228388.8215699308
1768,222473.15243481405
1769,245836.7107893299
1770,239930.82042715568
1771,253162.0759119492
1772,270764.48825207195
1773,275523.3082267309
1774,289677.43254471954
1775,329623.60726863984
1776,355970.92432477133
1777,370763.6617669532
1778,390603.4144706218
1779,390178.8184540903
1780,383855.48142147233
1781,399769.0584842219
1782,406333.94172821584
1783,412671.1325726373
1784,439669.401562566
1785,463708.6561444753
1786,487272.2984512803
1787,494073.95047724125
1788,512294.0700743668
1789,532823.8467366502
1790,531045.1426021428
1791,546936.8971469438
1792,531768.5594134043
1793,539054.3972890098
1794,554082.3203780741
1795,577315.0382556507
1796,596016.8967610288
1797,605734.5120265698
1798,650231.9380544835
1799,627856.2065820444
1800,645491.2816063827
1801,634315.8908144506
1802,654658.8814479356
1803,668585.1698532485
1804,662300.6444801608
1805,697790.2104874788
1806,716988.2423161686
1807,737637.7528420513
1808,763505.9219848368
1809,778690.9846349849
1810,769567.0091184211
1811,789447.2220955081
1812,787188.9896804442
1813,808763.586679492
1814,853746.357080084
1815,853260.7287795626
1816,881470.2244687958
1817,915605.0507261318
1818,921341.8098712454
1819,909010.24355682
1820,877908.6005217362
1821,926538.6145770827
1822,938070.6150247607
1823,917068.9161111038
1824,921400.8713262572
1825,907997.5609501068
1826,946010.5836590962
1827,946256.6457355579
1828,939433.1484004599
1829,954851.823552425
1830,958330.3854016497
1831,986829.4829979485
1832,984789.4817285076
1833,1019504.8365276933
1834,1045342.8835356169
1835,1075052.1012918341
1836,1125976.3632795576
1837,1130803.1206770027
1838,1122834.5708252266
1839,1128069.7861221256
1840,1141360.1836871128
1841,1160238.0046307857
1842,1166336.7445057782
1843,1174431.594180829
1844,1177051.3654636987
1845,1155794.6771503324
1846,1183636.497508896
1847,1239700.461638478
1848,1235194.1208453136
1849,1251020.0383975622
1850,1256975.119099841
1851,1284109.9411008642
1852,1291096.9457497934
1853,1370154.1686217994
1854,1376389.274953133
1855,1410576.9891348374
1856,1395285.415527585
1857,1389578.6345557752
1858,1391330.9362421492
1859,1380784.5732890496
1860,1406521.3682094256
1861,1450739.5942950288
1862,1462759.8386385133
1863,1486944.290575784
1864,1507742.8020922132
1865,1523898.8066389733
1866,1454214.1569555984
1867,1445906.6438604146
1868,1464382.0947220996
1869,1490039.4034715015
1870,1493594.4135279732
1871,1522085.0527009347
1872,1544672.9765893465
1873,1603700.7203863761
1874,1643475.8845755463
1875,1627910.8163354606
1876,1674892.092689207
1877,1670542.6806694197
1878,1623983.5522366466
1879,1645163.0206618833
1880,1630462.8634351327
1881,1634341.076804058
1882,1647314.3292568978
1883,1633612.5764519211
1884,1644085.1154160385
1885,1626554.3464301177
1886,1640028.3340515108
1887,1627545.8440531741
1888,1623500.541452541
1889,1624877.249424384
1890,1665320.2596277555
1891,1687617.2678591749
1892,1676899.6714747727
1893,1674997.9697320515
1894,1717881.941422614
1895,1727057.4399398114
1896,1726235.3073108532
1897,1681893.8950521331
1898,1701100.3633150682
1899,1752381.908793446
1900,1782390.2707664375
1901,1810645.2919589588
1902,1822963.0092509636
1903,1817809.049405979
1904,1830002.722401993
1905,1883355.213405631
1906,1916442.9649251164
1907,1923378.8370015924
1908,1910407.804656891
1909,1932788.590890134
1910,1928002.6659834718
1911,1950822.8840599384
1912,1956521.9371621732
1913,1986469.021794848
1914,2019159.508793436
1915,2077557.5821666308
1916,2074611.5153202054
1917,2086363.4106357927
1918,2125438.4730141517
1919,2146292.007763532
1920,2274058.3147294135
1921,2324368.6011256846
1922,2315966.291997817
1923,2304620.338061194
1924,2303696.7771195853
1925,2243184.3443276547
1926,2241474.977464985
1927,2221402.6408409546
1928,2193828.3694408997
1929,2173630.8082291805
1930,2155503.1921721487
1931,2127117.5113567444
1932,2079160.7956612546
1933,2034298.905805989
1934,2087704.0732831054
1935,2085653.7809114528
1936,2091332.9384130079
1937,2050927.4840476746
1938,2081817.394421921
1939,2118315.3510282165
1940,2108302.919976683
1941,2156798.043583992
1942,2182639.26285249
1943,2172226.4849083293
1944,2231379.748310614
1945,2178208.5525767477
1946,2165885.526523511
1947,2124087.258400494
1948,2129834.797455773
1949,2111059.1862264425
1950,2084707.3331237962
1951,2102788.0255371593
1952,2062745.9730945241
1953,2057869.9262181143
1954,2000650.7885418998
1955,2034558.5776131556
1956,2103222.5515180007
1957,2083279.6540567372
1958,2104602.0984564135
1959,2069577.5711443974
1960,2024383.2835864278
1961,2061179.0705926127
1962,2076378.9018014357
1963,2063272.817464061
1964,2105271.9893803233
1965,2124712.2669528816
1966,2056705.421726069
1967,2041788.835558169
1968,1977681.3609661823
1969,1973112.612025074
1970,1961608.9380749268
1971,2005762.4660996166
1972,1959037.155946978
1973,1883223.9709629598
1974,1873216.059874969
1975,1892852.9931529826
1976,1889423.6835660418
1977,1880725.675326233
1978,1868107.3517364953
1979,1878292.0947889844
1980,1870695.08434346
1981,1869815.1873495353
1982,1879216.0163253134
1983,1869568.3050265457
1984,1839567.6106129785
1985,1853442.0454067779
1986,1788958.9890714476
1987,1785029.6730473635
1988,1793378.2583230268
1989,1824489.2664194384
1990,1792644.9076838626
1991,1772894.1015545095
1992,1714040.0893476591
1993,1660157.1545905746
1994,1699151.8077980713
1995,1702840.507515071
1996,1727778.3887917367
1997,1679142.4733744669
1998,1643889.6272087293
1999,1635175.3279559102
2000,1643817.3770964304
2001,1629479.8536529946
2002,1607808.2530471238
2003,1569575.677575125
2004,1541644.764099607
2005,1527341.5080493207
2006,1526563.7390193553
2007,1543359.2670054263
2008,1562745.7509963533
2009,1530837.621723519
2010,1542384.0855309619
2011,1564521.220158686
2012,1517060.7738362688
2013,1493408.52399718
2014,1472756.3034908588
2015,1458484.399366396
2016,1454939.972930559
2017,1412765.1760163694
2018,1465011.6565081258
2019,1507575.4945441156
2020,1451146.134950177
2021,1413143.2944007681
2022,1407690.0182011256
2023,1402954.1323944535
2024,1415811.860244784
2025,1403101.1734743554
2026,1331947.6262375105
2027,1368822.5171847676
2028,1352512.450387283
2029,1312592.8808209212
2030,1280830.0069413404
2031,1268026.4836205044
2032,1230739.813581469
2033,1232370.5632397216
2034,1254801.3850682268
2035,1236668.9742862922
2036,1215343.9284748267
2037,1214586.8424069881
2038,1217273.7920236853
2039,1241660.8482149546
2040,1257657.5523024816
2041,1265196.8663327363
2042,1223787.0856160459
2043,1226293.0863540142
2044,1193062.2965103586
2045,1190573.6209905134
2046,1214756.4141706228
2047,1177409.483723336
2048,1157001.756145269
2049,1151397.258887472
2050,1152397.5054900364
2051,1187281.3616354924
2052,1184058.9521629543
2053,1194805.2136345068
2054,1189705.7715344548
2055,1136267.2695855866
2056,1124709.1122454165
2057,1120395.6230548872
2058,1158326.3971374175
2059,1150751.098248506
2060,1108017.9677876013
2061,1121170.396153268
2062,1094896.3152831013
2063,1113430.1216926966
2064,1093967.7761050938
2065,1095204.2086395477
2066,1062156.026031911
2067,1048543.1481725905
2068,1033773.9223910966
2069,999521.3673046235
2070,978573.3973976076
2071,974302.0484647339
2072,992955.1468458386
2073,1026062.2741750625
2074,1026453.9343547701
2075,998300.7646266768
2076,992296.158686637
2077,976843.5895615354
2078,920678.3822914313
2079,899297.5864045029
2080,889295.345206897
2081,896366.4100875179
2082,864405.7804247073
2083,843756.6477288834
2084,824469.1826562745
2085,805977.7225062125
2086,778505.9569737101
2087,787020.3687364237
2088,759369.7665010784
2089,751105.565439825
2090,757205.0654160602
2091,744998.9589576634
2092,756677.1291210281
2093,783673.3619593717
2094,782275.2652066833
2095,820201.8030526527
2096,821047.661417762
2097,830649.6678537929
2098,844016.3648349232
2099,863653.374074288
2100,870962.2094317124
2101,865077.6364488656
2102,879346.9143829929
2103,881436.4450526583
2104,872975.5230313798
2105,866027.1929014281
2106,900842.9005406941
2107,899879.9260635948
2108,916114.6182730405
2109,913994.3146245622
2110,907506.2227739414
2111,903523.7784546285
2112,912147.1719093388
2113,906207.1070062665
2114,906143.9889463551
2115,952801.9870943683
2116,957444.2387312005
2117,956071.5672663308
2118,971314.8622608363
2119,1002355.5697561112
2120,1056138.7304845245
2121,1069742.4154013793
2122,1081437.7360700185
2123,1075623.5166597792
2124,1042746.7822825017
2125,1038417.4042904722
2126,1031445.4827146912
2127,1005713.682526766
2128,993997.4932745256
2129,939889.643173699
2130,965838.0019306543
2131,975123.5017490154
2132,1012968.919895327
2133,994135.9150568332
2134,1002622.6346936626
2135,1011820.8912137912
2136,1022688.0431322713
2137,993016.5325309737
2138,987683.7496493009
2139,966509.933234714
2140,1006559.8892653451
2141,1028249.5882661298
2142,1021332.8952444684
2143,1028149.5835587686
2144,1021534.4009775601
2145,1002386.2213156684
2146,1051629.3724496637
2147,1044879.1382082619
2148,1057684.5308237716
2149,1020554.4574682764
2150,979011.5375212891
2151,965059.5539325577
2152,934731.2530724449
2153,928427.9204038333
2154,908704.2779470484
2155,901281.3890958728
2156,875021.6153455132
2157,870137.5284473615
2158,870742.4360505188
2159,868643.1397397075
2160,845791.0288509009
2161,858731.191133046
2162,852646.6419086001
2163,801448.2605820701
2164,808510.9430152399
2165,787092.3178500591
2166,764812.6816074513
2167,750029.5928298659
2168,765759.898000516
2169,755747.6789081758
2170,783357.5648731808
2171,764161.9551318071
2172,770810.7207828052
2173,765956.5524776794
2174,745354.2320065771
2175,754682.3308669991
2176,754838.2950187695
2177,803693.7650813198
2178,797439.4082915622
2179,856474.6025880302
2180,848836.0839264914
2181,917380.4958981514
2182,936503.5114130164
2183,912759.251676672
2184,940026.4730728484
2185,908694.507387623
2186,911165.6476128316
2187,897690.7257246248
2188,922564.098677836
2189,875114.0219622322
2190,880189.3771128394
2191,888193.0034506508
2192,873939.4875217912
2193,878808.4843545638
2194,913862.377362858
2195,924340.6968146584
2196,929472.6271594943
2197,979702.7523610414
2198,1011162.8842002538
2199,1035411.7809973939
2200,1050893.712771937
2201,1014302.4162436479
2202,993442.6914893226
2203,964700.3986553006
2204,922459.1554093192
2205,935681.9095178891
2206,945198.6429014638
2207,951544.0631966345
2208,936466.8929401579
2209,917256.7122276444
2210,909674.1357263973
2211,941005.3353577653
2212,982810.5415529223
2213,994900.4259228122
2214,1010824.254343028
2215,1010731.0884883037
2216,1002725.9013771466
2217,983239.3953764412
2218,1008775.7342489408
2219,977879.4614798534
2220,1006347.6096701301
2221,932873.5361059913
2222,910435.1890201486
2223,994928.1033514546
2224,938182.9867402599
2225,918977.0328467062
2226,883774.9087281874
2227,866039.7384655755
2228,891060.1988784169
2229,867630.1464189743
2230,916749.1335553289
2231,933121.9357801288
2232,985111.381361746
2233,988076.2199614961
2234,991812.7017077529
2235,989273.0725621999
2236,985452.9030270979
2237,968812.2204860598
2238,965909.020573756
2239,956051.4250512663
2240,987951.7586822924
2241,971679.1285033189
2242,938315.1192641272
2243,950281.2099812774
2244,949252.9865087378
2245,949100.7554752931
2246,975014.3308003275
2247,950778.7387418266
2248,963369.5449919378
2249,939391.7109241209
2250,923468.7270536374
2251,912664.5737764948
2252,924701.416079544
2253,916347.2471207634
2254,912323.959737771
2255,906323.8406306375
2256,894854.3661110838
2257,946237.7572498308
2258,942298.7384113912
2259,927060.3233415277
2260,961838.2826101941
2261,948418.3799384644
2262,998215.5525327481
2263,992914.5300908799
2264,969315.6727440569
2265,963073.0827974656
2266,995480.3833850044
2267,1017418.362167038
2268,1071857.921699163
2269,1063718.408399719
2270,1019962.8972517091
2271,1019230.2897266041
2272,1022139.0223108754
2273,1031352.1871886225
2274,1040040.7148281456
2275,1083815.3071482524
2276,1094393.6551463492
2277,1086310.179905551
2278,1101743.4500978212
2279,1103665.6297984202
2280,1126866.323860222
2281,1124352.1619359865
2282,1091231.465498769
2283,1062909.903447189
2284,1041066.1374594255
2285,1047789.7600015178
2286,1049380.8153690062
2287,1044788.9306205993
2288,1038556.7455908338
2289,1018479.0948072146
2290,1008521.2559325076
2291,1007026.4033615312
2292,1009585.4100280624
2293,1015787.1018766135
2294,980759.104679263
2295,950845.1934154339
2296,949813.17195051
2297,970909.3317803366
2298,984643.270598328
2299,999571.8916539617
2300,969113.4772534305
2301,962237.2359440075
2302,999971.6741788241
2303,974857.487444974
2304,974077.3865251838
2305,1028481.0495262148
2306,1029759.9286148541
2307,1063136.594298196
2308,1041137.3048598377
2309,1042039.3641233842
2310,1064016.0424234539
2311,1038972.231107269
2312,1066722.2736071446
2313,1092995.3543189978
2314,1054428.3579729672
2315,1078203.914244381
2316,1072727.2500110208
2317,1072721.6371987932
2318,1071463.3252624746
2319,1095559.377239288
2320,1088278.4936159395
2321,1095579.28420286
2322,1066116.746283954
2323,1067095.5081157938
2324,1060688.1926021231
2325,1061237.3130425108
2326,1013378.7672370342
2327,1001308.0804085388
2328,1016611.0278055451
2329,1017934.5899929968
2330,1034045.3030558897
2331,1026164.716428631
2332,1009310.1608544752
2333,1037921.4392065458
2334,1074414.688189498
2335,1113367.6739289556
2336,1110636.1170654842
2337,1086025.3930635161
2338,1115307.0416137436
2339,1144307.1631335537
2340,1162232.135411627
2341,1129839.9832311214
2342,1141496.8650057865
2343,1189127.1000451643
2344,1211810.5332923997
2345,1214056.27498375
2346,1225770.4439699447
2347,1212580.7589633248
2348,1191213.6699618509
2349,1189417.174021751
2350,1208920.1996502122
2351,1239194.0999946925
2352,1232484.9240316853
2353,1243090.769260776
2354,1264486.8564885443
2355,1203934.5601537067
2356,1217054.6205311834
2357,1275277.0172447276
2358,1286357.550236188
2359,1364434.734349913
2360,1364629.4494792381
2361,1341158.4668136232
2362,1334754.65593607
2363,1319695.8350834097
2364,1349083.5499347493
2365,1354718.7654340877
2366,1341343.0824252851
2367,1327167.4854885032
2368,1323858.6135411193
2369,1285884.0785403291
2370,1349021.975675371
2371,1374839.7535392856
2372,1404632.591812961
2373,1405872.3438656833
2374,1483874.8154532595
2375,1532978.7078888402
2376,1508327.6064334451
2377,1540370.296850871
2378,1536757.405001047
2379,1590666.2011346943
2380,1664072.8462328045
2381,1651378.0955959999
2382,1689725.4943973126
2383,1646127.1782671295
2384,1681587.9055462133
2385,1728089.8802130688
2386,1724614.4835081995
2387,1741362.7674104327
2388,1761499.5743869655
2389,1722470.3797676659
2390,1786711.3223507574
2391,1789252.7684844995
2392,1767138.2956093608
2393,1828905.9075450604
2394,1819614.2387927482
2395,1814960.2374484937
2396,1827918.0486204023
2397,1856508.269459264
2398,1855530.569346523
2399,1860004.882584836
2400,1845079.8552166892
2401,1850662.0198796063
2402,1889427.2045621523
2403,1895819.7389946855
2404,1918865.4110649205
2405,1930500.6005118056
2406,2017484.448814968
2407,2038087.6678250222
2408,2009415.6751343831
2409,1978162.4947884928
2410,1982963.2906595627
2411,1997932.0514835685
2412,2069600.8449055464
2413,2071472.0805089138
2414,2064617.0320976623
2415,2061820.518157241
2416,2063152.5467152686
2417,2134083.050361988
2418,2180860.453766102
2419,2184248.6197354617
2420,2232797.761498493
2421,2243368.61121643
2422,2231173.043234367
2423,2356458.6268762327
2424,2359508.8385647642
2425,2394987.350545198
2426,2391232.709361948
2427,2433796.147760046
2428,2436079.8511275873
2429,2514059.5257735853
2430,2514344.3850968354
2431,2538647.0495783594
2432,2586986.4233680177
2433,2572111.6136267954
2434,2612083.318180831
2435,2639780.998091299
2436,2644673.702141602
2437,2631765.875031456
2438,2644071.9014480086
2439,2664615.5228202827
2440,2649288.3457893333
2441,2675050.943262146
2442,2714649.8032199396
2443,2709135.7602400165
2444,2718698.753035512
2445,2787644.333941736
2446,2781037.0872346456
2447,2733540.7013935125
2448,2697100.985214803
2449,2644401.53299558
2450,2610826.644902395
2451,2593968.086800102
2452,2596053.7940269136
2453,2634712.245106479
2454,2591253.4128817935
2455,2602119.7693427824
2456,2568237.423618042
2457,2612442.081090832
2458,2674994.3783774595
2459,2654724.5630373093
2460,2612401.1877039545
2461,2536114.4416408017
2462,2494890.9807669623
2463,2456513.204103114
2464,2419042.3603824135
2465,2379087.173605808
2466,2430441.5164626585
2467,2410196.5009589256
2468,2428331.7438187045
2469,2429848.6098738387
2470,2430196.562456443
2471,2409863.7057224796
2472,2392913.9201610163
2473,2408954.214098837
2474,2414187.717638339
2475,2488644.796360558
2476,2471331.9117316604
2477,2416237.2915735655
2478,2373371.150480905
2479,2366144.137860012
2480,2360418.6724207
2481,2383206.7143486706
2482,2420514.8755059745
2483,2462440.077090701
2484,2445426.476712823
2485,2433964.4874319704
2486,2522386.5567080732
2487,2464084.1543398667
2488,2438589.1950449906
2489,2394951.353116395
2490,2389226.5345966346
2491,2308586.493542624
2492,2343500.1236801953
2493,2323174.9358438733
2494,2329992.035258665
2495,2348626.7822318957
2496,2283271.5229054973
2497,2289031.4549620464
2498,2300241.547932517
2499,2352976.481870165
2500,2305826.2905269405
2501,2306516.643143393
2502,2284816.4017942552
2503,2308644.1808564547
2504,2280984.702404437
2505,2294580.240240259
2506,2293077.245980435
2507,2307453.87930379
2508,2292423.0899881152
2509,2255578.1003566543
2510,2182242.636916956
2511,2166092.092889223
2512,2217801.303369578
2513,2199923.489955436
2514,2169406.264690907
2515,2197824.452751384
2516,2207973.1620548978
2517,2167015.7993162326
2518,2165321.9656007118
2519,2153210.510847684
2520,2130170.745352287
2521,2116586.6065011807
2522,2093842.7748755352
2523,2122242.17434332
2524,2146752.4506332166
2525,2158539.443787857
2526,2118223.449149604
2527,2106651.771896336
2528,2117981.238099431
2529,2097201.236026597
2530,2128373.6074625063
2531,2128286.3530941424
2532,2159532.2137091495
2533,2161744.671139019
2534,2136575.792262112
2535,2228811.42059639
2536,2158059.129400272
2537,2153945.085996561
2538,2138585.732808877
2539,2181530.8525110576
2540,2222052.2573106564
2541,2231668.59914394
2542,2255348.3908114745
2543,2226819.0737600336
2544,2248035.63373179
2545,2263550.499195884
2546,2294262.2027723584
2547,2283790.8682822986
2548,2238817.680149218
2549,2187729.6606190028
2550,2150806.3030573605
2551,2079313.8531094347
2552,2044950.1127916032
2553,1994777.390086505
2554,1986908.1944534078
2555,1953662.237035616
2556,1916995.865493013
2557,1919990.9295302348
2558,1923172.546449219
2559,1914345.0735473926
2560,1921200.8302793326
2561,1933124.9186453414
2562,1869741.8706678888
2563,1854967.3041567006
2564,1830248.4181624153
2565,1830216.5629967311
2566,1784116.1304213498
2567,1703024.5963858685
2568,1678905.2535217295
2569,1662529.856193236
2570,1672149.1597890714
2571,1648460.2561302679
2572,1657107.1684915156
2573,1651965.4413913698
2574,1658107.7358502063
2575,1561089.6879739922
2576,1603723.044096914
2577,1524687.7145930931
2578,1512080.8130246764
2579,1463860.814400357
2580,1406146.870049841
2581,1378452.1865129864
2582,1383040.7405371873
2583,1377143.5540733126
2584,1330923.3016232029
2585,1340263.2403540518
2586,1301930.191128877
2587,1287258.7920716654
2588,1288564.5787044787
2589,1253274.7541010499
2590,1225558.9311291627
2591,1178407.750147195
2592,1175464.8836907183
2593,1156955.4796011238
2594,1116642.2462443497
2595,1101320.9363832755
2596,1092597.8220022807
2597,1067148.3873997796
2598,1038010.4527051202
2599,1005736.4080815718
2600,1017819.8976566952
2601,1001247.6024793447
2602,988901.7679526475
2603,970754.9506697428
2604,997029.1917722232
2605,976803.9894036757
2606,931203.4262296426
2607,924595.0189973427
2608,995987.403076336
2609,980330.2322487546
2610,969956.8446201143
2611,928783.4517074911
2612,945351.0877066511
2613,965841.6963688248
2614,897206.9442363925
2615,868401.0234998474
2616,858948.446343106
2617,842883.3659748757
2618,835965.8321713788
2619,827273.2807563407
2620,817174.7460658994
2621,797017.4922280159
2622,770699.8916909812
2623,773790.5867227996
2624,734506.597186035
2625,733564.6092096404
2626,706663.0740414727
2627,708270.0500191245
2628,721065.0383270927
2629,731935.1388621848
2630,732431.8055868486
2631,711857.6953779464
2632,702181.9746052749
2633,705029.6039908143
2634,690032.9841694372
2635,681425.5644868815
2636,674393.5814939464
2637,718256.7179741214
2638,696325.4812186663
2639,682504.028530401
2640,664722.4152534193
2641,655501.0840750764
2642,638864.2723707755
2643,631280.1107282485
2644,610352.7186270308
2645,609691.8598718833
2646,594698.7351641231
2647,594582.0492952804
2648,602864.5503951785
2649,618653.9928302425
2650,597558.8322183746
2651,571291.8914773823
2652,594000.0967008665
2653,581135.9911920299
2654,569369.8318727307
2655,568035.8008020323
2656,541895.4324038317
2657,509417.63503371226
2658,474188.7483630943
2659,423889.0398144652
2660,419828.02059876453
2661,434246.2311324279
2662,418708.4851094818
2663,425998.6723639671
2664,406842.0902980929
2665,383105.42574180785
2666,364764.7774551388
2667,357137.50417477393
2668,354033.38580723427
2669,353169.7072758691
2670,354024.72371082107
2671,347473.44678776007
2672,339406.8907138859
2673,350064.36134024034
2674,346372.19302796375
2675,315965.5116863189
2676,337329.07853291754
2677,325055.7772060739
2678,310098.61989268026
2679,319139.9978072882
2680,325159.5159469738
2681,326283.80174584745
2682,326283.79774584743
2683,331726.2383365333
2684,315827.1284864341
2685,322918.8196303502
2686,321985.7397553205
2687,314794.942339457
2688,334053.6407730183
2689,329413.55964673235
2690,339466.1513831024
2691,340574.6848348675
2692,326223.8201421027
2693,353176.52788084385
2694,327024.1974600583
2695,327024.19246005826
2696,322710.3617765602
2697,330277.7139410799
2698,338581.7279855336
2699,325578.45065386436
2700,324754.903746438
2701,331819.79936709837
2702,320359.99657604564
2703,318999.0204448691
2704,306328.0689116166
2705,288688.40868761076
2706,289322.74645005725
2707,278889.93873582745
2708,273668.3487087566
2709,289293.2912941356
2710,295181.67436567426
2711,265440.9851247572
2712,286309.25869245146
2713,301398.0342929869
2714,274192.30982731684
2715,268427.3888490194
2716,268427.3858490194
2717,268427.3848490194
2718,268427.38184901944
2719,269059.9730949516
2720,269684.9712130365
2721,263675.9262328625
2722,283300.4641447863
2723,305486.14618717716
2724,304053.0606681872
2725,296500.22167899465
2726,288733.3355784132
2727,283810.2359129681
2728,283793.7716937098
2729,298274.5216417676
2730,291531.4528052212
2731,299937.4467421163
2732,292524.10718958336
2733,267226.1487918732
2734,261450.5407766123
2735,267969.17352313065
2736,265040.367144981
2737,250623.74135282575
2738,265003.88244920707
2739,255486.02714154488
2740,254204.13587119465
2741,241433.70238373426
2742,229196.88697347871
2743,242971.2894121784
2744,242971.29141217837
2745,224584.4259757059
2746,219346.21457786593
2747,212089.6209898794
2748,224543.14236947297
2749,219120.79263915314
2750,211310.1251986508
2751,204924.06590574264
2752,205922.60463673814
2753,191781.25805352468
2754,191781.25205352472
2755,193215.22800275934
2756,187499.67322013757
2757,172996.4649094693
2758,166850.71014860924
2759,152010.38158534715
2760,140890.26211606947
2761,134692.2324465959
2762,122437.2980446746
2763,130060.04390521186
2764,115829.1255030788
2765,102464.02857864035
2766,114148.78197727933
2767,106684.14066575933
2768,109661.39058935709
2769,110239.87778329724
2770,110659.90179253649
2771,117494.02435276602
2772,110365.76113918226
2773,128136.53386677911
2774,128136.53286677912
2775,120454.64792562848
2776,126537.04328393315
2777,133390.865809575
2778,126859.11901509968
2779,142371.07992724815
2780,142371.07292724814
2781,134973.05105938873
2782,129740.84573188855
2783,122594.83270311971
2784,127629.69255712668
2785,127629.69155712667
2786,110797.55720826371
2787,102732.42950295482
2788,102732.43150295485
2789,127918.02845187437
2790,120841.15210190405
2791,112247.11398312333
2792,112677.27342992724
2793,104495.75695849658
2794,110222.59394264534
2795,102405.78105402537
2796,108520.11512618305
2797,100937.05391381573
2798,100937.04991381575
2799,100937.04891381573
2800,107588.24768938692
2801,105666.2913988901
2802,106656.27119111389
2803,106656.27019111389
2804,114016.0731724131
2805,123440.78484743519
2806,108981.20031840619
2807,108981.19831840618
2808,110008.49371011129
2809,110008.49171011128
2810,113860.49861837793
2811,122293.4602397831
2812,122293.4602397831
2813,113228.00473315791
2814,121859.19482602598
2815,128539.97343655552
2816,115147.83726557672
2817,115475.90604391076
2818,124815.83174794908
2819,130243.2191961497
2820,136528.25087851522
2821,121966.17325721853
2822,122337.52542789708
2823,136825.13374404388
2824,149041.49487973453
2825,141356.0645570052
2826,129104.72648081867
2827,144382.52686368127
2828,129672.28092142691
2829,143634.57962051284
2830,143634.57962051284
2831,137491.2426166604
2832,143502.86992206963
2833,143502.86992206963
2834,142133.56215126996
2835,142355.0991870837
2836,147364.38013521928
2837,147364.38013521928
2838,141786.2789031611
2839,146235.53577554465
2840,138546.78455510945
2841,138546.78455510945
2842,145116.35781012976
2843,142827.93843105718
2844,147269.5257640554
2845,155308.14754435155
2846,145241.36577244345
2847,145241.36577244345
2848,154077.36236993194
2849,127934.0718768251
2850,114645.13353838681
2851,112223.54058117955
2852,112223.54058117955
2853,116526.85180206948
2854,110315.5726757046
2855,117844.83389893515
2856,111449.46445579237
2857,118423.4035315988
2858,119779.90396080923
2859,139464.84468897877
2860,127355.37970680714
2861,116803.31004886566
2862,108764.6882685694
2863,95135.04120940871
2864,87991.35958643102
2865,76586.15861063097
2866,76586.15861063097
2867,76586.15861063097
2868,76586.15861063097
2869,64464.78069051386
2870,64464.78069051386
2871,59081.6395862383
2872,59081.6395862383
2873,59081.6395862383
2874,53081.789053518514
2875,41090.08376782895
2876,36114.13983168493
2877,36114.13983168493
2878,21610.939532647884
2879,14302.215623894059
2880,14097.973549565255
2881,14097.973549565255
2882,14097.973549565255
2883,15073.840829511759
2884,15073.840829511759
2885,15073.840829511759
2886,35870.785932214756
2887,35102.33228236249
2888,35102.33228236249
2889,41236.377653340125
2890,41236.377653340125
2891,54329.14773144844
2892,79211.91493451477
2893,72122.90452363537
2894,78244.8855345809
2895,78244.8855345809
2896,78244.8855345809
2897,85063.07842358558
2898,85063.07842358558
2899,95102.22233321352
2900,102570.31694677928
2901,102570.31694677928
2902,119287.09641962046
2903,126425.09671198859
2904,112449.98911375807
2905,107128.82859386691
2906,114041.08749915796
2907,114041.08749915796
2908,102027.27608712576
2909,102027.27608712576
2910,102676.15494382691
2911,102676.15494382691
2912,107381.34446693936
2913,112548.9272138887
2914,128359.5990812963
2915,128579.25943752733
2916,135440.4078303206
2917,135787.97634041033
2918,135787.97634041033
2919,135787.97634041033
2920,125748.83243078241
2921,105924.47466430109
2922,100630.67360587028
2923,89579.8274212373
2924,96532.04509405667
2925,96532.04509405667
2926,89156.22425616762
2927,108324.52594236053
2928,116667.96782148932
2929,144708.31909247456
2930,152133.9723318001
2931,152989.92371408574
2932,145351.0481041213
2933,151678.44456906515
2934,141568.48710232324
2935,104774.61016953058
2936,97727.01629104908
2937,97759.69342879302
2938,92073.47552120971
2939,92073.47552120971
2940,90259.38548988244
2941,96603.7014440143
2942,110451.78834722826
2943,112117.97263737969
2944,112117.97263737969
2945,105165.75496456033
2946,124982.13075483002
2947,124982.13075483002
2948,116391.76614326859
2949,123768.11433788817
2950,119271.33899425463
2951,132841.8951591836
2952,132841.8951591836
2953,147375.49407888556
2954,154515.99924234927
2955,119989.11355070991
2956,129966.91985242025
2957,127643.02182018763
2958,120523.59118250193
2959,132744.05684595843
2960,140405.74678459493
2961,139541.27139587127
2962,139541.27139587127
2963,146231.34216972967
2964,146231.34216972967
2965,146231.34216972967
2966,146231.34216972967
2967,139031.13399371365
2968,126187.99433866632
2969,132911.7940277577
2970,134201.46690359624
2971,134809.47139698826
2972,141178.37980207967
2973,141178.37980207967
2974,131993.78451176736
2975,118372.98185147252
2976,136464.38410437538
2977,129779.59855334487
2978,113077.992562543
2979,126513.95666470204
2980,118852.2667260656
2981,125292.69722045862
2982,125292.69722045862
2983,144931.7276588943
2984,156543.84261590242
2985,142269.79222908386
2986,130540.35719020723
2987,130040.74464414356
2988,118066.77553774239
2989,124593.68140159152
2990,119862.4656478712
2991,120750.3902129466
2992,114223.48434909753
2993,120330.25395935195
2994,113453.51831079612
2995,113453.51831079612
2996,126668.4379443235
2997,114635.78816152485
2998,122216.71725280887
2999,129168.16015007127
3000,93132.06744483502
3001,93132.06744483502
3002,79531.41598379097
3003,79531.41598379097
3004,67084.05378297366
3005,60526.58709794287
3006,60526.58709794287
3007,73245.39420242
3008,73245.39420242
3009,60915.286087035194
3010,70246.88413419206
3011,70246.88413419206
3012,77134.59550659498
3013,77134.59550659498
3014,84812.62101851287
3015,91057.53433597577
3016,97742.31988700628
3017,97742.31988700628
3018,91057.53433597577
3019,91057.53433597577
3020,83607.15047348768
3021,83607.15047348768
3022,83607.15047348768
3023,83607.15047348768
3024,84794.99133907718
3025,84794.99133907718
3026,84794.99133907718
3027,90598.64099297137
3028,76770.18737530107
3029,78508.45372787825
3030,75378.44172475318
3031,72426.5429015986
3032,72426.5429015986
3033,72426.5429015986
3034,72426.5429015986
3035,72028.94124294058
3036,83871.71963359303
3037,98278.97594245858
3038,92034.06262499567
3039,85689.74667086378
3040,78422.32883492595
3041,91764.86278267654
3042,98660.31691576424
3043,105192.91796008145
3044,111689.744001327
3045,111670.6559163561
3046,105157.14295700978
3047,100295.42206370347
3048,107858.81024282685
3049,101499.53115848379
3050,101499.53115848379
3051,95126.97405627463
3052,100767.3222125754
3053,100767.3222125754
3054,107259.81450745175
3055,107259.81450745175
3056,98046.92784081493
3057,90671.10700292591
3058,90671.10700292591
3059,90671.10700292591
3060,85244.79990658104
3061,70771.3517085342
3062,64487.97394383066
3063,65231.395420707406
3064,65231.395420707406
3065,58734.569379461864
3066,66265.88805240387
3067,71822.53693295235
3068,72039.54184002249
3069,64476.1536608991
3070,64476.1536608991
3071,58672.504007004885
3072,51613.34782395782
3073,45972.99966765705
3074,52813.630271015616
3075,60867.04486286245
3076,73717.532472906
3077,67316.18928548301
3078,67316.18928548301
3079,67316.18928548301
3080,67316.18928548301
3081,69327.40346773573
3082,74625.31375226512
3083,81756.34768936
3084,80036.70515263898
3085,80036.70515263898
3086,106379.55904439182
3087,105361.7533307961
3088,105280.05672708577
3089,99360.82365384248
3090,93827.94621996894
3091,93827.94621996894
3092,108225.83285295557
3093,108225.83285295557
3094,115456.6780356782
3095,115456.6780356782
3096,107403.26344383137
3097,118092.28797159299
3098,118092.28797159299
3099,125603.09876349475
3100,125603.09876349475
3101,118762.46816013618
3102,110258.7616830071
3103,110571.58699124046
3104,103440.55305414564
3105,110154.88946198473
3106,116975.47084187687
3107,91311.41216146131
3108,91311.41216146131
3109,97421.20929212558
3110,103163.791381353
3111,116989.62070285891
3112,100559.33122177889
3113,93048.66653819411
3114,105655.23658264177
3115,104196.63688413012
3116,104196.63688413012
3117,104196.63688413012
3118,100625.35375271195
3119,108229.66060371835
3120,100718.8498118166
3121,94815.01015807466
3122,79065.65253141249
3123,73767.74224688308
3124,80775.88341794445
3125,80775.88341794445
3126,74061.5470101053
3127,74061.5470101053
3128,80020.70928918096
3129,93554.70614164817
3130,85897.87074626732
3131,80155.2886570399
3132,80155.2886570399
3133,74012.72671737884
3134,74012.72671737884
3135,66727.24786519661
3136,61087.67142380048
3137,93808.07473594806
3138,76366.87535419333
3139,77083.78582660224
3140,61630.66560692436
3141,61630.66560692436
3142,76487.14812016547
3143,84779.09912358486
3144,78669.30199292052
3145,79719.2857848701
3146,71440.70500382967
3147,71440.70500382967
3148,65149.448788384165
3149,59190.28650930851
3150,52351.89536084949
3151,78947.00426186754
3152,86286.09512510462
3153,98055.93098795375
3154,89763.97998453437
3155,90116.12176043018
3156,95639.72231131681
3157,108993.15678916952
3158,122938.92035620673
3159,130847.96340793856
3160,124374.04235113644
3161,117314.47486176559
3162,123723.3165469437
3163,113840.84153092811
3164,105309.68184784615
3165,113402.8018216337
3166,106402.17867228125
3167,106402.17867228125
3168,112729.72318387167
3169,104457.07358548151
3170,102679.64782226934
3171,102679.64782226934
3172,88118.35270619813
3173,88118.35270619813
3174,82376.04263594914
3175,82946.97198859048
3176,76348.51684334902
3177,75807.6085871442
3178,75807.6085871442
3179,76698.50398190053
3180,76663.57098617923
3181,78604.30918475831
3182,85567.4346150642
3183,98957.75137405416
3184,99768.42327835478
3185,107181.18124146969
3186,105447.34735202522
3187,107436.40047488324
3188,107436.40947488326
3189,116310.76474459333
3190,109922.59387671834
3191,102013.56182498654
3192,104199.05075380421
3193,109906.76735833325
3194,109906.77835833325
3195,123198.55017177714
3196,142804.98079406528
3197,143220.24587129834
3198,138237.5625766165
3199,170992.7312810625
3200,179609.5108754509
3201,179609.52387545086
3202,179117.1770265998
3203,197349.04132084092
3204,191412.7195810976
3205,186750.61685490902
3206,217063.1431117195
3207,213244.33823138027
3208,220230.95030744534
3209,242634.3152478284
3210,272314.53312491975
3211,295999.6051675282
3212,313534.13578156976
3213,313534.1477815698
3214,331995.44081245456
3215,360867.6273278862
3216,383129.22640511265
3217,393994.4846475732
3218,401102.7864514478
3219,419900.0553158835
3220,399993.50020904205
3221,416876.65130698564
3222,433414.9583809608
3223,445242.67971560976
3224,451466.762684997
3225,470706.32117009704
3226,487730.8411739747
3227,468480.02745838225
3228,502186.8301795769
3229,496814.8094319894
3230,504004.42923599045
3231,501246.69515861996
3232,502213.92869191995
3233,495155.37124905235
3234,485300.1380814172
3235,521316.12579370255
3236,533005.6871061114
3237,543334.2705086048
3238,563373.1897644915
3239,570128.7335609043
3240,596913.4126482155
3241,634839.9322010613
3242,649037.1787581716
3243,659459.5913547985
3244,645985.3237185602
3245,640565.6071227368
3246,629137.3778930756
3247,635133.5696555078
3248,630821.1908260634
3249,724657.720195209
3250,735816.7909320376
3251,776562.6752130552
3252,766872.9059803009
3253,756650.3113391392
3254,795627.4434306128
3255,820200.4433506097
3256,837183.8477326531
3257,841592.6835258869
3258,856363.2519298034
3259,865321.4033205543
3260,850183.0585183713
3261,873025.9968764565
3262,890061.1203595751
3263,933504.9841762704
3264,987059.8042846038
3265,1040043.8556076572
3266,1023302.5234569915
3267,1050545.050198582
3268,1056815.7638335994
3269,1069202.111438493
3270,1083219.3501105367
3271,1111215.1018051342
3272,1119837.569363723
3273,1108174.4842305921
3274,1132253.9308631518
3275,1153182.0984437414
3276,1186402.6929820878
3277,1227422.633788991
3278,1244569.9120745035
3279,1278367.9116507322
3280,1328098.0105627216
3281,1335427.056947598
3282,1348913.5159170208
3283,1361588.1906209306
3284,1338613.3987643553
3285,1312288.4793406327
3286,1310197.4659524045
3287,1335522.5168302015
3288,1327483.8162935937
3289,1380245.8426555248
3290,1357997.1785500702
3291,1383657.656863719
3292,1376680.9591140472
3293,1400373.6132050012
3294,1345785.421166843
3295,1345032.2876974123
3296,1354274.4608469878
3297,1346308.307069573
3298,1353600.5274613088
3299,1356722.4938110732
3300,1454384.6871475545
3301,1490290.092047812
3302,1533128.7414695602
3303,1521158.2050716633
3304,1534357.458266764
3305,1520222.5641909135
3306,1506979.0369834115
3307,1584857.1222105634
3308,1605405.6436121583
3309,1652232.8824304491
3310,1607174.8408327438
3311,1632919.5503016317
3312,1636175.9969432729
3313,1665448.49806723
3314,1696731.2987701865
3315,1730220.71436572
3316,1771025.9473248816
3317,1764884.3081516747
3318,1852136.227204578
3319,1828227.4995101439
3320,1806952.7448947597
3321,1827317.518558203
3322,1821398.4278999208
3323,1817039.544541329
3324,1799335.4520836605
3325,1831037.0899005923
3326,1842609.488310871
3327,1876159.3466840223
3328,1877941.1114820088
3329,1870388.7114808518
3330,1843161.5306255182
3331,1869132.0274757817
3332,1856367.0235121793
3333,1854052.877700337
3334,1893553.024867635
3335,1929643.188537517
3336,1938336.0984053463
3337,1895114.0948445085
3338,1892678.764717194
3339,1952202.846441679
3340,1876392.2616075464
3341,1887855.3591270945
3342,1908043.8390397907
3343,1918662.0480283948
3344,1929333.1129388758
3345,1828596.122589576
3346,1809732.3524366694
3347,1785535.6621348981
3348,1765731.0812254893
3349,1788265.1036944604
3350,1769136.6441281077
3351,1755557.4338021723
3352,1765871.9616394655
3353,1768676.795668796
3354,1781565.0391140413
3355,1775513.965421293
3356,1779845.558943121
3357,1788476.0617739323
3358,1761939.2014497065
3359,1735072.4441261566
3360,1774689.6791103706
3361,1760720.961816281
3362,1802592.9602379352
3363,1844462.9941550738
3364,1872397.7269660146
3365,1878567.2617464194
3366,1861137.3682250092
3367,1853554.2047126016
3368,1830106.238339133
3369,1923709.0433504502
3370,1977691.941370481
3371,1978133.0857264777
3372,1996476.5914509203
3373,2008694.723395588
3374,2047983.4902350071
3375,2087711.8788148905
3376,2115936.804275068
3377,2056005.9763165754
3378,2042796.0990062738
3379,2026166.5539592677
3380,1980729.829702577
3381,1975212.375327373
3382,1966754.942119093
3383,2004588.4807429258
3384,2014809.707314255
3385,1997443.3658032387
3386,1960142.1799295738
3387,1952755.330000377
3388,1936434.0785612634
3389,1944563.7332295405
3390,1916200.7217374593
3391,1963754.7317574054
3392,1982397.5131845667
3393,1970829.6394667984
3394,1966644.4900669793
3395,1961223.7251733986
3396,2001089.8749803556
3397,2010770.000477963
3398,2002506.190364516
3399,2036323.3345891743
3400,2033795.329168622
3401,2005807.430262836
3402,1993648.4793396117
3403,2030032.1539365405
3404,1984840.736403582
3405,2027122.5883368738
3406,2035699.8904242436
3407,2060354.5894216064
3408,2019227.4477934546
3409,1985122.8537201795
3410,1995327.0231381645
3411,1973155.7878647677
3412,1951282.7915591707
3413,1936276.7992977377
3414,1937159.5808370393
3415,1917399.6325297465
3416,1896129.687920385
3417,1929691.5956678549
3418,1938774.396001129
3419,1936375.6611914912
3420,1927354.0321485416
3421,1919790.6831414753
3422,1961969.4347057184
3423,1951912.9133632062
3424,1916619.439895067
3425,1895880.9246444702
3426,1891168.04578018
3427,1856327.0219782768
3428,1846374.284991758
3429,1828659.7638800598
3430,1876000.8964219298
3431,1834240.306952177
3432,1879923.377864392
3433,1860551.0525106213
3434,1883622.0801472373
3435,1849726.125543475
3436,1837848.0146155865
3437,1865152.3862423531
3438,1818232.486207133
3439,1819387.8543036422
3440,1783308.9859769987
3441,1748052.6065750385
3442,1762597.0956625415
3443,1794715.418501448
3444,1771725.972071378
3445,1821050.7081281724
3446,1783631.188543966
3447,1776924.9472668953
3448,1791150.5034677433
3449,1775025.8330864075
3450,1725205.8095257669
3451,1658735.8218375475
3452,1702865.558298859
3453,1718857.3528231946
3454,1725136.2209241444
3455,1673818.656611229
3456,1698554.4132920827
3457,1717423.6423362833
3458,1666490.4432269742
3459,1630759.8747993752
3460,1558325.3916465098
3461,1588211.9429361047
3462,1588747.059918169
3463,1577831.17511514
3464,1592519.7394925496
3465,1596983.0510558775
3466,1598291.8720083877
3467,1582061.8620199834
3468,1549094.9168601881
3469,1547538.0364082272
3470,1516783.4495688148
3471,1499010.123327064
3472,1529521.5581870314
3473,1542051.2474378834
3474,1510201.2357203523
3475,1522354.0630923794
3476,1514250.0495648212
3477,1474264.8331918272
3478,1418858.3027716272
3479,1405452.6797564265
3480,1408552.657319576
3481,1350551.0924397644
3482,1347717.5100592147
3483,1345557.3853607671
3484,1297821.1313392487
3485,1295098.7192490592
3486,1284024.4694676097
3487,1255627.76900961
3488,1237431.0865750664
3489,1292583.9393463694
3490,1287817.4657261386
3491,1264835.4888248115
3492,1266429.3968135773
3493,1250718.8218225222
3494,1251651.8487272342
3495,1315138.03402639
3496,1321242.5318873557
3497,1304296.3783456325
3498,1295913.387292126
3499,1323057.515751439
3500,1315141.1423120934
3501,1326563.715527998
3502,1337207.2426459459
3503,1319179.6631327572
3504,1328717.180682227
3505,1265514.7332895282
3506,1232665.2786298085
3507,1230865.0290488862
3508,1215872.5881097587
3509,1174291.7314723306
3510,1157369.230295909
3511,1161156.3241225616
3512,1067900.64895001
3513,1064350.7750380721
3514,1023843.171931073
3515,1037786.5295293649
3516,1039199.5237697163
3517,957431.2402065804
3518,931576.3527056132
3519,911755.9323610661
3520,912638.8685878427
3521,926889.8075322455
3522,880724.0234889413
3523,870998.4450716119
3524,878522.4873902871
3525,860105.3965676725
3526,831447.9105993814
3527,841438.0605811728
3528,848637.0043724553
3529,838587.9634628324
3530,829308.5575678432
3531,826986.943016568
3532,854067.4047915931
3533,818080.6082228809
3534,787591.8472735414
3535,776399.2010534334
3536,826948.7260247391
3537,857510.9183302114
3538,844986.364734468
3539,824901.3105849563
3540,842426.1179692718
3541,838892.9456826148
3542,851627.3009566369
3543,860664.0169234949
3544,889444.4066915303
3545,908912.6987529333
3546,886423.8946488395
3547,844061.555536187
3548,828544.1810553372
3549,827853.4683521497
3550,835562.9678495238
3551,865580.1173891417
3552,877113.9364122928
3553,844806.0911391482
3554,861791.1611531917
3555,860145.817172054
3556,852504.6549601071
3557,858889.1818049403
3558,881772.0035560662
3559,871018.8925382188
3560,871355.3712362215
3561,879199.2535704486
3562,883804.7046697822
3563,863014.2781263909
3564,860038.7055828006
3565,882357.0792842199
3566,856439.0074740648
3567,837888.2492509036
3568,857174.9772344707
3569,880573.4970133647
3570,857211.7997808022
3571,814707.4535245305
3572,806339.157612563
3573,830821.5132967569
3574,844392.411078991
3575,827416.9447678817
3576,827186.3485858758
3577,833315.5613845985
3578,823296.2250532287
3579,818920.403869869
3580,835296.9924915093
3581,816396.8606121846
3582,840428.9555063064
3583,833421.0168842749
3584,839320.614607979
3585,818254.0998672501
3586,848283.8334997955
3587,887585.277481782
3588,906664.4552678042
3589,911828.432437876
3590,895460.2511131979
3591,910936.4594752671
3592,947011.0183674645
3593,966823.4399214356
3594,911551.6771561666
3595,918722.1869484086
3596,954789.5407065252
3597,933693.0377634668
3598,907596.2921837125
3599,938855.9258031584
3600,947779.6043147511
3601,947065.711132346
3602,929921.1624611921
3603,942995.4438778863
3604,951956.7695222743
3605,945403.4610461111
3606,937178.8046838613
3607,924428.957163214
3608,936509.8972630624
3609,931731.5675311846
3610,911474.8564724012
3611,916186.8860054349
3612,912586.9659326368
3613,868343.1003510957
3614,867857.6788680041
3615,852607.4455409001
3616,859661.9935162443
3617,851486.9513935233
3618,896920.7695256927
3619,886666.1056318195
3620,902010.9875660507
3621,931206.5617741157
3622,927022.0875147165
3623,923263.0801031329
3624,917673.5444444184
3625,895268.3731114009
3626,922858.3348939302
3627,925494.6073694611
3628,894762.1943301561
3629,887626.1437908119
3630,890720.4905527483
3631,912413.445384535
3632,973315.5326887772
3633,956495.5887964332
3634,964727.6474354244
3635,987639.015007251
3636,972542.1401954801
3637,969719.6400303186
3638,957190.2105907013
3639,983204.5405952687
3640,977344.7064165322
3641,994548.4781587357
3642,980720.6389076642
3643,958677.1932598188
3644,946933.1246720118
3645,962778.2917365192
3646,966882.7293365594
3647,956437.7594325824
3648,984314.3079049054
3649,959526.95407321
3650,944411.7576175104
3651,964963.9065884118
3652,969732.4150044299
3653,940810.9652259409
3654,931504.0300237245
3655,933581.1435182048
3656,944271.252212036
3657,982023.8217897428
3658,961554.9812662229
3659,945257.8890179046
3660,942731.9471567979
3661,964096.5417258115
3662,952663.5622992354
3663,951042.8202903473
3664,953932.7810455796
3665,971354.5218188763
3666,977388.0479157954
3667,1021869.9935749779
3668,1013351.2051568034
3669,979298.5044820539
3670,969123.651728272
3671,959406.0224596477
3672,987380.8467594287
3673,1010266.7381698792
3674,1021415.4834838752
3675,999366.5173112608
3676,1022542.9036695885
3677,1025935.0534258864
3678,1042738.2346242394
3679,1032337.5924126271
3680,1016002.2894390372
3681,1019057.1161825923
3682,993663.1222971976
3683,1036350.4549516272
3684,1065098.3688119852
3685,1055306.2256821857
3686,1058786.015173637
3687,1074276.096523639
3688,1059920.5186268631
3689,1073366.5693315938
3690,1059382.7639534127
3691,1057834.6967226826
3692,1015702.5168507041
3693,1011226.614391237
3694,1040419.6894355663
3695,1048608.065236846
3696,1056932.816609991
3697,1033817.3634508732
3698,1085769.0053217015
3699,1155961.8282780284
3700,1139308.111728563
3701,1190869.7490899782
3702,1153382.032837163
3703,1157352.7213288243
3704,1138479.5426173005
3705,1132104.0694917804
3706,1136076.2816711273
3707,1163512.0823974109
3708,1185710.7323294624
3709,1143796.4746200575
3710,1160212.1255928213
3711,1150864.5488843373
3712,1155794.051672866
3713,1159653.2664902231
3714,1192382.0081254959
3715,1219565.679157502
3716,1238054.8165726224
3717,1218176.0959986462
3718,1189850.1085544338
3719,1190392.7419920554
3720,1146541.5409238222
3721,1168854.0323156756
3722,1162804.1324685065
3723,1165524.4540252276
3724,1163415.1617238326
3725,1127125.5636971036
3726,1123620.9880196112
3727,1104269.2264233828
3728,1095773.365610835
3729,1067937.6348203968
3730,1050525.6318640555
3731,1024299.2764438218
3732,1060223.4396383
3733,1060124.131755542
3734,1076017.6344950194
3735,1059107.354364742
3736,1050314.5436708615
3737,1042473.2121532748
3738,1032258.3514317994
3739,1016260.8367336923
3740,994125.6258767281
3741,995761.7460593524
3742,977752.0279845218
3743,970094.5137291802
3744,980799.8983940275
3745,962166.2318677442
3746,925821.4211072874
3747,936844.4471655622
3748,916824.9779171749
3749,888360.9107435467
3750,900595.3635279343
3751,851050.3748752979
3752,880065.938344707
3753,878727.5248700479
3754,885043.1047170737
3755,889126.6018460593
3756,906414.954078949
3757,926416.8099500933
3758,905410.3898198158
3759,887834.4854217949
3760,923540.5628388363
3761,889949.8836731465
3762,914445.5958945618
3763,894374.8502907826
3764,887092.8847170084
3765,889764.8892795858
3766,900078.3005962586
3767,936519.8458310831
3768,938579.9268980168
3769,964436.651425444
3770,992314.6296104083
3771,987362.8299815003
3772,1023012.6289505733
3773,1018469.1332988344
3774,1065676.6744999764
3775,1123042.6971264395
3776,1114761.3224293157
3777,1092731.657829541
3778,1078367.8463488796
3779,1094509.6686153924
3780,1123480.72668305
3781,1173248.961682897
3782,1158836.703024862
3783,1142217.504230094
3784,1127530.141699581
3785,1115536.8647030669
3786,1121091.527313361
3787,1125728.1606571851
3788,1122822.349194969
3789,1130232.8533973233
3790,1094054.468111806
3791,1106057.576507801
3792,1137819.263491301
3793,1172131.6174324136
3794,1207749.8750524682
3795,1210978.004512507
3796,1218554.3169925231
3797,1219410.0324561426
3798,1226290.4702686206
3799,1245769.448400489
3800,1234589.2292996864
3801,1250020.428892842
3802,1246291.1729967508
3803,1232296.1662892136
3804,1271506.2271724732
3805,1341600.324485624
3806,1330886.7739765241
3807,1331072.6788151518
3808,1377862.1171042593
3809,1361558.654809914
3810,1408570.1961039554
3811,1451258.4744039774
3812,1458054.282154791
3813,1453461.0955996688
3814,1466626.0373507098
3815,1502762.3311425694
3816,1549323.1344303566
3817,1550415.5073638158
3818,1567603.5233058077
3819,1587909.3374391287
3820,1587417.8068417762
3821,1612422.469116369
3822,1653186.6757583278
3823,1655869.2272636215
3824,1687990.339116596
3825,1710835.5167552168
3826,1694155.5672949224
3827,1716749.2958816867
3828,1696117.3997606912
3829,1646621.0208272547
3830,1645747.1593805375
3831,1613496.8401231617
3832,1600666.646998834
3833,1643077.6780388253
3834,1685276.6354685447
3835,1672554.5859651058
3836,1702952.7143211174
3837,1815069.5345289323
3838,1860968.4894792007
3839,1855049.8510560857
3840,1844568.0004959363
3841,1836787.9641175398
3842,1875465.9628530869
3843,1881391.4859009755
3844,1898146.5739407227
3845,1898437.3734547927
3846,1977020.2675065093
3847,2063964.7883478268
3848,2103268.4081281843
3849,2154391.246867794
3850,2138285.538776279
3851,2157672.584223567
3852,2090292.6946895076
3853,2114733.710081439
3854,2150122.31691764
3855,2139249.2108693384
3856,2178570.036512278
3857,2188965.3922749697
3858,2196717.852448162
3859,2230437.2548691924
3860,2254717.896714813
3861,2271548.3603529613
3862,2319439.949013979
3863,2325893.78538999
3864,2419784.5484849587
3865,2446549.911021029
3866,2520736.719526654
3867,2529220.4516756306
3868,2507807.333726588
3869,2493965.908472561
3870,2472691.825162347
3871,2480151.2458137926
3872,2492224.654309842
3873,2480113.952302451
3874,2471803.5552698486
3875,2502358.8301921086
3876,2557011.112721014
3877,2553168.159915485
3878,2545313.275276764
3879,2553044.4877998005
3880,2563521.1171509367
3881,2540475.8454009825
3882,2594235.391254598
3883,2535196.631379702
3884,2546104.830990236
3885,2595183.6655671434
3886,2596109.68047677
3887,2623698.6689557405
3888,2680249.2661067727
3889,2696575.4040894466
3890,2657947.0219777203
3891,2674533.4445496053
3892,2671985.6083292183
3893,2706298.6430869396
3894,2666128.2753036357
3895,2547339.2214131677
3896,2655141.0505006635
3897,2639887.10073451
3898,2678828.626907602
3899,2671935.1519815563
3900,2590942.99761597
3901,2604531.165635905
3902,2606508.6374658775
3903,2584326.503050479
3904,2581303.349622297
3905,2587989.8197942367
3906,2555731.463712156
3907,2510657.3277268843
3908,2472998.4049779354
3909,2477729.5534355924
3910,2461600.9293152946
3911,2477014.9614284853
3912,2408614.397677147
3913,2392769.2340971907
3914,2369041.1683732276
3915,2334481.7710886416
3916,2340330.0764354602
3917,2371297.844824754
3918,2432071.261475857
3919,2465062.8967168373
3920,2406763.7771281954
3921,2411307.3147009127
3922,2358161.5768586076
3923,2355909.6074724845
3924,2306568.1706067757
3925,2334382.0507467976
3926,2349066.273682791
3927,2345399.953654294
3928,2317735.1420407975
3929,2306487.1745246686
3930,2261185.0203328733
3931,2276879.9151618597
3932,2289394.8038188927
3933,2274410.3829390663
3934,2299157.414583518
3935,2319270.3856045725
3936,2314693.581677358
3937,2326976.2546866424
3938,2357660.1572078126
3939,2358859.014313025
3940,2330565.157159907
3941,2355407.3948483393
3942,2329858.472620144
3943,2343256.973729304
3944,2349394.753803917
3945,2377417.94349285
3946,2321186.7342315167
3947,2340879.615447709
3948,2356735.30995158
3949,2401190.632513881
3950,2384052.1271955576
3951,2375530.9513885053
3952,2408397.8669792935
3953,2396187.444673676
3954,2429718.337754313
3955,2448434.504047921
3956,2458940.067128665
3957,2436200.1833700505
3958,2488820.435550506
3959,2424387.065657226
3960,2380651.6730432697
3961,2373652.4205852593
3962,2380314.5537173524
3963,2363667.260479209
3964,2346166.3101812904
3965,2343348.0318578267
3966,2364522.8840388805
3967,2368557.207024016
3968,2385504.9680455495
3969,2373024.0441895267
3970,2345898.4839042043
3971,2319552.9638226987
3972,2313256.0691137877
3973,2288820.344260279
3974,2306928.3973204037
3975,2314145.6785453474
3976,2254806.9004242565
3977,2246628.012389527
3978,2254592.9964966346
3979,2266257.082899269
3980,2246451.4151252643
3981,2227968.6579488916
3982,2206891.766747042
3983,2178348.904863992
3984,2153557.4487210554
3985,2146138.865299687
3986,2135757.1135031446
3987,2104875.2066582097
3988,2058250.1037562424
3989,1989722.8390711965
3990,1987843.108732241
3991,1985068.6590693367
3992,1952982.6487900284
3993,1901726.4163735504
3994,1881015.5171155669
3995,1853143.6544293414
3996,1816252.088419316
3997,1777667.5582530561
3998,1680349.6290539745
3999,1663217.3234038064
4000,1652394.9264403535
4001,1644836.4652885727
4002,1646820.2282087673
4003,1644612.8837095723
4004,1659911.4322904267
4005,1674926.6558560124
4006,1656108.372131567
4007,1677632.1915978808
4008,1620630.7149386785
4009,1559329.9308628002
4010,1558083.5090738935
4011,1568747.4363001257
4012,1584287.5012624187
4013,1606664.5315738036
4014,1575547.1888269363
4015,1556480.888522632
4016,1544234.5564822564
4017,1529938.8030185837
4018,1561620.9665145217
4019,1538414.2174018214
4020,1453568.7008369102
4021,1418973.9329802063
4022,1374190.8378176193
4023,1380357.3068634346
4024,1356011.6293461295
4025,1336541.0824999576
4026,1304728.2373939385
4027,1305693.25893239
4028,1318585.500317353
4029,1277815.6399923766
4030,1260483.1783154546
4031,1249311.8374465965
4032,1244337.4015415863
4033,1207091.6198004435
4034,1195631.3620127605
4035,1197622.9378163547
4036,1186180.2080607896
4037,1180730.7656667582
4038,1146723.9535282955
4039,1139649.8101633566
4040,1117508.6824056725
4041,1128819.2145679416
4042,1144392.4290507697
4043,1157471.510461158
4044,1139531.887077304
4045,1123894.6970754205
4046,1100156.1600561049
4047,1048117.1416926734
4048,1056717.6899479069
4049,1055362.7140692247
4050,1043705.873375356
4051,1030660.1227005043
4052,1033069.1965828664
4053,1035485.4886077921
4054,995158.3684214172
4055,959443.7922653871
4056,903700.0252019613
4057,869521.5972802138
4058,856740.5770960142
4059,816774.8263631529
4060,809209.4715957341
4061,845482.0654940079
4062,837448.2426830383
4063,828120.9006458436
4064,820050.9402118005
4065,817641.805897222
4066,782767.6553243508
4067,756388.4561580897
4068,757966.0380526062
4069,736807.6048278433
4070,759052.8914220568
4071,739179.5101430488
4072,765266.4864308068
4073,756278.9237474599
4074,687618.4097168887
4075,664868.2970913881
4076,656471.4227682834
4077,650931.4435653111
4078,637707.0120604866
4079,632520.3345262131
4080,662856.5099818886
4081,658782.9110794364
4082,642406.3749379083
4083,641900.27089834
4084,605577.3930750858
4085,558785.0715859351
4086,569733.5966832461
4087,575727.0945247101
4088,565714.680575465
4089,586235.7856027716
4090,543248.1743590939
4091,514634.22399294435
4092,501117.02973652526
4093,487372.9198997332
4094,484378.08822035085
4095,469122.0109994712
4096,476535.0352748064
4097,476831.53749507316
4098,449673.40092198516
4099,448447.09729132836
4100,404435.0844486444
4101,414395.7477947874
4102,442096.6343835719
4103,434454.6700313587
4104,436424.4173603559
4105,436533.06372062926
4106,419749.46809397964
4107,390556.8401991171
4108,377933.24798104307
4109,370818.24516796693
4110,370818.2341679669
4111,362319.4985110481
4112,359131.01006929897
4113,371409.4456540839
4114,351238.5080122782
4115,351238.51001227816
4116,370121.5358298605
4117,375135.8792416898
4118,361967.9348698612
4119,354428.95427999756
4120,348192.4522241905
4121,342462.4808587059
4122,342462.47685870586
4123,351313.3163262627
4124,365252.4852992599
4125,370252.70865016
4126,340132.3769079237
4127,326145.60387579555
4128,329352.3581273411
4129,321579.44736703846
4130,346638.2690037802
4131,347029.1129514632
4132,357125.5537340427
4133,343094.41997703793
4134,345092.10784739564
4135,351770.1485104772
4136,365384.41736982146
4137,366358.905955657
4138,347563.9279982294
4139,363147.8597609424
4140,377273.9157739964
4141,391503.85178989416
4142,379790.1424247973
4143,370443.9955858318
4144,383391.16622544604
4145,360243.7642401778
4146,354236.0577207704
4147,332617.2992788537
4148,333230.5548782025
4149,324288.2377402113
4150,327605.2189410463
4151,334558.0927491859
4152,321449.66917037714
4153,305998.2573361776
4154,318665.46352312877
4155,313835.33624188986
4156,314203.5689402016
4157,323011.9945845521
4158,328099.3839025769
4159,351851.30770730635
4160,342922.957225072
4161,350130.76644178457
4162,336698.04123488965
4163,332108.36739960173
4164,318420.4111406609
4165,278947.5229175374
4166,258184.661216855
4167,242202.75697465247
4168,247519.98681147606
4169,254985.95445711326
4170,254167.30349115253
4171,237834.7197519267
4172,233687.0614254541
4173,217902.6182634961
4174,218376.99346296064
4175,218376.9894629606
4176,234179.1112380446
4177,226903.93247539338
4178,218996.31013465815
4179,207763.88130285344
4180,202656.28419947726
4181,193142.92541032078
4182,176202.9690175512
4183,176202.9660175512
4184,176581.80833015547
4185,158130.1273233777
4186,159886.91512377153
4187,160220.58565775157
4188,151050.16618968692
4189,152599.24946891103
4190,178850.5511741092
4191,177802.40149616587
4192,179551.47015030132
4193,186807.07287595698
4194,186807.06987595698
4195,179330.5834902822
4196,185382.28363282263
4197,183348.49686799734
4198,174997.85564511974
4199,167590.11418545153
4200,168762.1220911834
4201,168762.12109118342
4202,175802.0462133616
4203,175802.0442133616
4204,177282.98350187167
4205,170666.92054470954
4206,156187.1595476517
4207,149767.72509983883
4208,149942.66075741203
4209,154760.45122763678
4210,163095.14816229162
4211,173821.38033508786
4212,167603.9816092717
4213,173243.1509237221
4214,181234.38506156142
4215,182475.04209136427
4216,182475.03909136428
4217,182475.03509136432
4218,167252.9124807592
4219,166346.83309578922
4220,165954.5003776321
4221,139651.8515157183
4222,146081.89969443067
4223,140438.90278192936
4224,148207.02287869717
4225,140044.3771508293
4226,134608.41664118553
4227,134608.41164118552
4228,143130.68642312463
4229,143130.68542312464
4230,134299.0488173861
4231,110998.77675055753
4232,112972.82539269063
4233,112972.82139269063
4234,111842.76851921272
4235,111842.76851921272
4236,121299.8710463746
4237,114646.63901855543
4238,116585.83595936304
4239,131004.5820147466
4240,125038.82892317798
4241,100757.18790663173
4242,100813.34017529542
4243,117742.79734653435
4244,103138.93221591643
4245,115625.70896039793
4246,116810.48101319275
4247,110380.4268344804
4248,109415.12259043206
4249,116970.56730799575
4250,122760.31828229097
4251,116970.56230799573
4252,128667.63030614052
4253,122611.3459082768
4254,117262.07904785106
4255,111622.90473340069
4256,112127.94577552282
4257,103837.40097586495
4258,101669.84287039847
4259,93879.20692227568
4260,84874.65144452355
4261,78776.09853047767
4262,84545.93776552737
4263,91389.38937890019
4264,71085.71280669849
4265,77633.13034504929
4266,79229.15460568429
4267,86030.501271838
4268,92231.96998171603
4269,85616.0898863329
4270,91575.72800983458
4271,91575.72800983458
4272,99036.49708048426
4273,104508.7838364396
4274,104508.7838364396
4275,112159.53663284337
4276,112159.53663284337
4277,119536.4912730293
4278,106966.4981029914
4279,106966.4981029914
4280,130015.91339111168
4281,131548.89868725734
4282,138367.09157626203
4283,124187.53139651073
4284,124863.59113044046
4285,126933.86735117024
4286,131590.34428560405
4287,117576.72251341977
4288,117576.72251341977
4289,117912.64682534536
4290,116407.38708127379
4291,116407.38708127379
4292,115507.94970551512
4293,103457.2299763487
4294,95899.8472441391
4295,101696.10713622808
4296,94045.35433982432
4297,101569.7487236449
4298,111843.30044429487
4299,111843.30044429487
4300,106093.18355473781
4301,90431.45265290163
4302,83043.76826661752
4303,83043.76826661752
4304,83043.76826661752
4305,68792.80772100536
4306,59921.18483412189
4307,52978.89841966436
4308,52978.89841966436
4309,52978.89841966436
4310,52978.89841966436
4311,52978.89841966436
4312,52978.89841966436
4313,46046.25850441818
4314,46046.25850441818
4315,46046.25850441818
4316,39460.982453309174
4317,28497.12976391343
4318,23757.95022797223
4319,0.36600000000000027
4320,0.4180000000000003
4321,6702.835311075538
4322,6702.835311075538
4323,14142.111960284972
4324,20817.952814286044
4325,20817.952814286044
4326,27602.636167541623
4327,27602.636167541623
4328,32875.53465649433
4329,37750.771457582436
4330,37750.771457582436
4331,41092.13777527641
4332,47558.05692658115
4333,47558.05692658115
4334,54692.8239715778
4335,60816.74431842037
4336,66852.54523975006
4337,66852.54523975006
4338,66852.54523975006
4339,66852.54523975006
4340,81159.69755652861
4341,87395.86006591332
4342,87181.42951737664
4343,87346.87626468032
4344,94224.65195886302
4345,109201.38770275706
4346,109201.38770275706
4347,102416.70434950148
4348,108495.72980616741
4349,107531.89650255906
4350,107757.34826973242
4351,107757.34826973242
4352,107757.34826973242
4353,115499.05143310198
4354,115499.05143310198
4355,115499.05143310198
4356,109375.1310862594
4357,108460.47880763182
4358,114683.01430156197
4359,109848.75734147706
4360,116508.25741138932
4361,114700.56061353996
4362,114280.78738023638
4363,113599.44923021697
4364,120919.68299298064
4365,114551.06391760838
4366,136388.14790301156
4367,129567.28793073328
4368,130080.04162168075
4369,127362.36627581046
4370,132849.20211550134
4371,112984.12396330643
4372,112984.12396330643
4373,104140.79773152721
4374,102793.72266160735
4375,96602.0128979116
4376,101526.95298560512
4377,115610.39833277173
4378,111106.58585434708
4379,111106.58585434708
4380,103682.50639917214
4381,111433.00964346682
4382,112500.22292721308
4383,118087.17620481983
4384,103221.13205340903
4385,103221.13205340903
4386,117626.6972219541
4387,133155.22592252152
4388,133155.22592252152
4389,127076.20046585563
4390,129308.78869454801
4391,110259.98200385598
4392,116208.90233703988
4393,116208.90233703988
4394,122816.49246452062
4395,116421.8643710709
4396,122419.37312959408
4397,124106.65725061456
4398,130990.02599589335
4399,123070.69385357213
4400,129984.39170209356
4401,129984.39170209356
4402,135934.96944371326
4403,135513.58775166707
4404,135019.17108863074
4405,148682.08151832398
4406,149601.69708109932
4407,135196.13191255412
4408,129245.55417093443
4409,131555.45744943927
4410,130780.12021579524
4411,128528.61558718704
4412,112698.1328301991
4413,112698.1328301991
4414,117233.6891699585
4415,117233.6891699585
4416,116031.33654962758
4417,112668.3962493112
4418,105168.76246970607
4419,89936.01406454126
4420,89936.01406454126
4421,92543.05976993595
4422,106375.68362910485
4423,111209.94058918976
4424,119185.83790896539
4425,119185.83790896539
4426,99552.77443386207
4427,107198.91581930395
4428,98571.95243398845
4429,112732.7732182791
4430,105848.98984769691
4431,105848.98984769691
4432,114791.24943374214
4433,100215.5531430115
4434,100215.5531430115
4435,100215.5531430115
4436,100215.5531430115
4437,89014.5074120098
4438,95683.44426591927
4439,89540.04373471368
4440,89540.04373471368
4441,102711.93816795992
4442,102711.93816795992
4443,90364.28395141366
4444,84004.32277744147
4445,79608.12133790996
4446,87437.98982395665
4447,100576.67677982505
4448,91055.93322590893
4449,98020.00384154226
4450,90962.41051860776
4451,103559.11886770674
4452,117898.36899773404
4453,125959.10282304838
4454,125959.10282304838
4455,140313.81964959457
4456,140313.81964959457
4457,135114.04107825196
4458,126183.57309118666
4459,131752.41126390008
4460,125098.79657778902
4461,131190.85668438356
4462,124046.76447078219
4463,124046.76447078219
4464,131249.93357060096
4465,131375.29629840652
4466,124142.21974484695
4467,129722.05603683573
4468,135387.07244909473
4469,127630.74123987698
4470,120666.67062424359
4471,133326.79363980252
4472,126192.3207805441
4473,126192.3207805441
4474,125782.73671327974
4475,134196.34110268115
4476,126355.99002924585
4477,131196.29183435382
4478,124629.00390099191
4479,144776.6140158008
4480,146234.38146038304
4481,139565.44460647352
4482,139565.44460647352
4483,125775.98144090673
4484,131048.87992985942
4485,131048.87992985942
4486,132005.99349668
4487,106300.77849746558
4488,86892.02131604617
4489,94939.74200921958
4490,94939.74200921958
4491,108899.48127214004
4492,101850.30759872495
4493,100458.79511422703
4494,107250.65558215552
4495,107250.65558215552
4496,133810.15108349273
4497,126862.5426440794
4498,142205.56308511528
4499,131156.09186273516
4500,112378.9200471694
4501,112378.9200471694
4502,126940.63536171663
4503,130240.76324660954
4504,130240.76324660954
4505,136562.8737361289
4506,162083.65959850978
4507,162083.65959850978
4508,162083.65959850978
4509,162329.04882576497
4510,156515.84836869786
4511,172002.6554863127
4512,164703.02835598687
4513,164928.82978628122
4514,151784.28836356231
4515,151784.28836356231
4516,158215.38057713537
4517,145326.86343044063
4518,137555.94141542513
4519,146935.53583453034
4520,148045.31881260284
4521,147778.17103031572
4522,156499.3772182954
4523,148120.7544362533
4524,141871.98328206377
4525,141871.98328206377
4526,141871.98328206377
4527,147679.0545339938
4528,146796.9657425775
4529,153113.83842161953
4530,160743.3258028227
4531,154426.4531237807
4532,153749.92140320112
4533,139816.4570438512
4534,142602.0999300185
4535,146800.56127316252
4536,140173.3336417259
4537,138166.79984927742
4538,145335.68907956223
4539,132423.96193822165
4540,146550.98340378678
4541,157006.7875271306
4542,168491.03404135557
4543,151143.05189582903
4544,158669.34996210484
4545,150953.55195674556
4546,144636.33059857826
4547,131265.9211256728
4548,122486.20957172241
4549,125393.71122150867
4550,147871.98938022638
4551,135777.64518005983
4552,141217.384628321
4553,133428.25560801986
4554,138631.15585240733
4555,147824.8920972509
4556,154510.5588159936
4557,154510.5588159936
4558,148138.0307280933
4559,145014.59656912825
4560,138216.79639460327
4561,146594.04601394857
4562,137358.24589425218
4563,149521.11456146807
4564,161591.18873124904
4565,162332.53247186056
4566,163403.78578103776
4567,157840.93818578974
4568,157840.93818578974
4569,170923.82673184073
4570,163339.57912259822
4571,115094.57106953544
4572,119555.89705062528
4573,127397.5242274884
4574,118770.5608421729
4575,120871.68372429634
4576,120871.68372429634
4577,120871.68372429634
4578,137627.3198116034
4579,130038.76739491856
4580,131898.00361254747
4581,122857.2830604651
4582,118375.18288783003
4583,106774.74824156958
4584,113050.22674331669
4585,126011.85074307119
4586,141141.1468211816
4587,141141.1468211816
4588,159996.26010036436
4589,162350.01812302435
4590,155465.8474864147
4591,155465.8474864147
4592,136985.25980860688
4593,135821.4835657039
4594,127579.69251793223
4595,128089.00636254408
4596,105346.39277647647
4597,105346.39277647647
4598,105770.22394240559
4599,100270.35206454978
4600,107937.20720815416
4601,106500.85667182574
4602,105520.04412033745
4603,98140.83653932088
4604,90617.72027762022
4605,90617.72027762022
4606,111509.27127326012
4607,104469.08883939325
4608,110478.38742941273
4609,106651.25246233626
4610,106651.25246233626
4611,106651.25246233626
4612,106651.25246233626
4613,120157.23101088507
4614,113655.58854180173
4615,114310.15082452881
4616,112811.55616214126
4617,124767.59914192607
4618,142753.02959914296
4619,137196.68269460893
4620,116671.44474400414
4621,116671.45374400415
4622,116671.46274400414
4623,116671.47674400415
4624,136537.64568025156
4625,149099.92444099855
4626,148599.29882481406
4627,133242.64952131826
4628,118173.26849849938
4629,136064.34610006955
4630,114291.94761456466
4631,132757.00665740122
4632,132757.01965740122
4633,132757.02965740123
4634,119251.05710885233
4635,126967.41501146415
4636,133368.48816110575
4637,158094.27541022722
4638,141367.553806739
4639,133640.44493222408
4640,135388.70897036183
4641,160281.0964213432
4642,194391.18299119422
4643,207013.98500662865
4644,219926.7911268757
4645,246157.62377261175
4646,256580.71884536147
4647,270712.8398565577
4648,272300.0584873584
4649,286543.2529359531
4650,336985.51176986756
4651,290040.92856705963
4652,268050.8797303629
4653,280167.0918455339
4654,278672.8692810163
4655,276670.2639663269
4656,277384.6914333185
4657,249625.68885121212
4658,264826.34397771035
4659,287829.53798473265
4660,308799.9588310158
4661,301638.8898038807
4662,334487.95742068294
4663,355181.79042672185
4664,355056.3554211623
4665,351805.0012243176
4666,339035.9951473448
4667,385179.1255317072
4668,417246.03678675945
4669,440112.74120983435
4670,461313.8249297151
4671,483044.8268531922
4672,495751.5151563668
4673,510490.5254766783
4674,514079.2734183528
4675,539134.1645719114
4676,578240.5448114771
4677,567255.4060246398
4678,558213.2823834423
4679,601152.9388422988
4680,615995.4513161802
4681,676900.506420118
4682,669922.7456814441
4683,684695.6578070769
4684,688261.8586165023
4685,716199.5442425992
4686,736122.8406522443
4687,762619.8896540672
4688,777363.7335749672
4689,800166.5575570719
4690,785673.0102256829
4691,809973.0951873834
4692,833751.4795671565
4693,863795.1584292463
4694,860175.7879791111
4695,896798.9215992291
4696,883761.9502987256
4697,907276.2131015619
4698,940509.9282565071
4699,907696.8386183445
4700,945656.4568658341
4701,943861.2496765467
4702,963397.9753191418
4703,974158.099888632
4704,1028911.373549283
4705,1033627.2422900458
4706,1028999.0189111852
4707,1020856.5890043338
4708,1043233.7735264763
4709,1044905.3041682155
4710,1044288.5924041432
4711,1045233.0218852118
4712,1045611.4076862119
4713,1025867.178037534
4714,1032904.8100220896
4715,1065862.5389693636
4716,1097861.0297843795
4717,1080346.7276810408
4718,1051465.4184684919
4719,1093813.1956109628
4720,1130880.5975628076
4721,1130955.9515029965
4722,1148820.5878449045
4723,1155816.7839949022
4724,1205194.094273817
4725,1218333.762965347
4726,1225312.6938360657
4727,1238672.982675261
4728,1240113.7422001061
4729,1256392.898904525
4730,1257895.4168527438
4731,1290741.9390848142
4732,1304988.013777119
4733,1300042.339982934
4734,1335536.089319792
4735,1331698.3945320686
4736,1331004.252776466
4737,1400063.754041691
4738,1388217.5123731743
4739,1386517.3879654217
4740,1470668.2358588423
4741,1465380.531104797
4742,1503394.923683584
4743,1514875.9204837314
4744,1518959.6556847556
4745,1503463.7963188337
4746,1514249.7563403095
4747,1522240.4899972314
4748,1536962.792032316
4749,1539810.9064562067
4750,1544185.4637850618
4751,1571998.8086698141
4752,1571315.758447437
4753,1509025.7583372495
4754,1513469.7299919545
4755,1488976.0029495182
4756,1557797.0281436914
4757,1547584.5201750966
4758,1553865.8963212343
4759,1556088.1668749698
4760,1541997.4864382052
4761,1547977.5382385966
4762,1556368.8611037505
4763,1522834.1165871848
4764,1580604.5915825753
4765,1594972.6395359065
4766,1593257.3196198428
4767,1636495.0585644618
4768,1634992.7046191357
4769,1617673.7579848564
4770,1604944.65147556
4771,1623848.5767323282
4772,1640982.9475797326
4773,1684256.1952507906
4774,1695265.093417311
4775,1700010.2829214118
4776,1708923.033220739
4777,1693411.8241339177
4778,1670161.9996821533
4779,1683719.536347959
4780,1661522.9474862837
4781,1647405.853237347
4782,1674737.739222752
4783,1706974.6073276352
4784,1749128.9662841128
4785,1791321.0712688663
4786,1815515.033099764
4787,1821303.4774966193
4788,1807823.5754889888
4789,1854580.7737834395
4790,1831733.9811133314
4791,1839894.6792527186
4792,1878841.0131908592
4793,1904979.6986676804
4794,1943220.9156707223
4795,1978032.3802086785
4796,1981072.8765144174
4797,1938046.741801991
4798,1916950.2720414023
4799,1861813.934325774
4800,1950008.3071792664
4801,1996497.619300261
4802,1992830.7943811226
4803,1959296.508739611
4804,2007985.5528126506
4805,1978191.0621678748
4806,1952144.5204149953
4807,1911068.922055424
4808,1939382.0080091455
4809,1906937.6361511776
4810,1921971.6766263554
4811,1922423.9686399496
4812,1972665.1786676312
4813,2022999.9042540418
4814,2000359.4899251554
4815,2052590.262311019
4816,2114852.193811909
4817,2127947.01479355
4818,2129626.277964437
4819,2148576.9338708934
4820,2135551.934311043
4821,2135017.2986798775
4822,2145418.3144406616
4823,2130466.9036356006
4824,2116336.6694542784
4825,2103988.196907655
4826,2113033.047696882
4827,2115550.3337828727
4828,2073345.1109584908
4829,2049311.9642609926
4830,2047689.5115971605
4831,2098311.3312416803
4832,2089525.7903521215
4833,2033271.9124708702
4834,1950523.542882785
4835,2016713.8343631583
4836,2003240.4085166939
4837,2029445.8460226352
4838,2013800.9935631067
4839,1974197.4324464477
4840,1913803.3090476086
4841,1932450.4586980706
4842,1941815.618650295
4843,1958342.0295030542
4844,1978370.387486015
4845,1984693.36188216
4846,2008720.650602359
4847,2067085.7849838343
4848,2032203.9027233284
4849,2072841.9923030557
4850,2054773.5882198976
4851,2014482.5694416368
4852,2040813.0792161655
4853,2021796.9099378479
4854,1995417.99964398
4855,2002196.4146269683
4856,2005237.3814418674
4857,1996677.8532465044
4858,2004764.0332141693
4859,1997347.5868960111
4860,2075446.4267299871
4861,2105131.728027243
4862,2109530.8109213775
4863,2109009.701458827
4864,2028726.404645353
4865,2006533.4135793159
4866,2002410.9242106355
4867,2011259.3914792454
4868,1964070.518815921
4869,1919386.5829978776
4870,1913487.5867069205
4871,1920994.8655984916
4872,1917723.0001145492
4873,1941138.0658629446
4874,1889922.6175884297
4875,1926738.272007478
4876,1892649.8972009397
4877,1847439.7549201963
4878,1828372.4674150692
4879,1757237.3795364883
4880,1699708.1439615374
4881,1736157.049282814
4882,1707543.4782847017
4883,1659453.6896578623
4884,1628711.3301174303
4885,1612839.8918588953
4886,1538033.4449718045
4887,1581574.7450087639
4888,1585145.0714845706
4889,1596162.5127641247
4890,1612159.7068138183
4891,1578753.279630148
4892,1591830.6162166717
4893,1594088.1425562988
4894,1584978.789781865
4895,1553060.4857271388
4896,1562621.9409327926
4897,1511214.3242567815
4898,1498300.2097055297
4899,1487060.8356618467
4900,1486862.5008869586
4901,1482871.1156988088
4902,1445924.3272043075
4903,1485528.6504613564
4904,1435528.7812401252
4905,1439161.4768230598
4906,1449837.5106254541
4907,1414765.2785645218
4908,1394625.4632731108
4909,1379969.3909974417
4910,1384597.8363526335
4911,1375510.5138171262
4912,1328462.438071912
4913,1301272.852878376
4914,1311175.9510356942
4915,1299004.3898045593
4916,1299799.8412452368
4917,1290310.8786810432
4918,1265171.0835284577
4919,1257142.4157987959
4920,1198545.050220466
4921,1198551.3445314846
4922,1184496.3664983613
4923,1190204.5882650467
4924,1233430.941611687
4925,1182585.6439474686
4926,1207415.875160708
4927,1175961.7686142242
4928,1232612.1305900651
4929,1247692.7290014601
4930,1203715.4198276864
4931,1202141.5493500133
4932,1175799.0896885416
4933,1221032.2729241918
4934,1219515.1768450316
4935,1182994.4668032015
4936,1191445.7878683596
4937,1199508.0318060168
4938,1213355.1337396055
4939,1182745.4150929353
4940,1180801.6498998012
4941,1186233.7385481494
4942,1228713.6218270662
4943,1221242.0525650957
4944,1173983.8460762454
4945,1124625.6322101569
4946,1161867.8073658561
4947,1129026.1828691163
4948,1147824.860045466
4949,1161494.0527510142
4950,1181271.4206980085
4951,1136687.328470671
4952,1167545.377797275
4953,1144287.0875230643
4954,1098523.6748815062
4955,1102577.8259135452
4956,1090140.0799676457
4957,1085272.898196723
4958,1059539.7584860337
4959,1027773.0842681851
4960,1017825.9056759606
4961,1022259.9989494581
4962,1008194.3505785433
4963,994691.6352399192
4964,977631.3749763854
4965,975288.3658343381
4966,961042.1451183968
4967,994819.6666228748
4968,977304.3957427788
4969,969669.0704128415
4970,950187.2838832932
4971,949817.3961616728
4972,887457.0891192589
4973,858592.13557337
4974,828265.2358187713
4975,839557.3136386488
4976,851068.8146460966
4977,850562.7258966188
4978,834027.6488648236
4979,831625.093358763
4980,802850.9221738258
4981,779999.1884985068
4982,772620.939538519
4983,759191.9552582056
4984,760493.4978022549
4985,780494.3370035494
4986,816524.8906767898
4987,853967.9462434307
4988,823437.1614044162
4989,809004.864521532
4990,772241.4570180352
4991,746800.7777512071
4992,741164.5083089349
4993,724556.4069344809
4994,723345.221002416
4995,777084.4260342034
4996,781978.5163456768
4997,793630.3150838399
4998,814334.0021317771
4999,817368.3498356172
5000,796782.2698722535
5001,785976.1730710787
5002,787109.5747715561
5003,763254.8583993992
5004,776430.3086267156
5005,769046.1915791598
5006,766284.1700919096
5007,793922.532457799
5008,793892.6575263104
5009,803512.4773769024
5010,811540.731557998
5011,850235.9787408537
5012,854881.9701194998
5013,826238.7484169048
5014,822339.3542120843
5015,821999.662466423
5016,828953.7776059048
5017,838408.9815200868
5018,813694.4077197498
5019,804584.979083789
5020,781024.1039405632
5021,785644.5780416983
5022,789857.4662805819
5023,814478.5653779048
5024,831551.8136952531
5025,833273.259500836
5026,868026.708674684
5027,892735.3912276649
5028,896225.4281257574
5029,907916.9541948794
5030,912366.5794638433
5031,920587.9156779023
5032,915948.2409366386
5033,931278.1519222178
5034,899638.1638018097
5035,882699.5378662491
5036,877840.2755570274
5037,914764.8226833631
5038,885770.188791014
5039,886652.1747600195
5040,887005.6495857114
5041,894197.0036902974
5042,918184.7093179215
5043,921030.803497567
5044,886705.3747125514
5045,900623.1832285937
5046,886824.3450332289
5047,909782.0821381779
5048,900667.2930436037
5049,903374.3212026206
5050,940658.6706096735
5051,940158.3331514995
5052,960990.1672509115
5053,962621.0267431012
5054,984406.0799287803
5055,978155.985412579
5056,983121.0985252099
5057,948829.5742459664
5058,954438.9051866647
5059,947374.1108913496
5060,954621.3553302649
5061,960834.0690398808
5062,969483.1805134518
5063,943417.1859183982
5064,947651.8854502866
5065,928858.9696992582
5066,975067.8922108668
5067,975468.5116540943
5068,972456.1119446654
5069,990300.3712429679
5070,931069.9067979574
5071,963400.4191201054
5072,965632.2536534457
5073,999757.4202953535
5074,990678.4858064025
5075,997813.3202794283
5076,1005222.4899769839
5077,1045138.2751058376
5078,1041778.9911452242
5079,1035424.7775635396
5080,1024068.6590501186
5081,1006139.0513018558
5082,1030373.8969040863
5083,1008701.9052881288
5084,1009255.4403197691
5085,1045418.5894349602
5086,1013105.8765804373
5087,980772.111464984
5088,1016356.010839728
5089,1012427.3806751295
5090,1010241.6860920568
5091,938172.7720204741
5092,912411.294974199
5093,894206.7350451199
5094,851326.0395141084
5095,849390.5198478586
5096,865450.316573067
5097,875756.0734116461
5098,892112.0193558694
5099,890813.9874720634
5100,901735.2472584073
5101,874569.7912970479
5102,889324.2119560493
5103,872127.9763754006
5104,849146.4433593485
5105,877219.9420640689
5106,911641.3137471275
5107,914626.4337647646
5108,897564.5734578872
5109,915275.6067542952
5110,918737.5994147139
5111,928622.9914964007
5112,940853.6774568572
5113,943350.8399995677
5114,956430.8229022964
5115,991107.9841652792
5116,1008217.2182026515
5117,1032499.9418483439
5118,1064205.835459918
5119,1070002.429902412
5120,1065764.268416869
5121,1055700.2953762703
5122,1084953.8847492517
5123,1087175.0100308168
5124,1081635.2033422133
5125,1077019.9320036054
5126,1066823.841599736
5127,1096521.3502825743
5128,1122073.8816659434
5129,1080313.2292276947
5130,1081472.7452098217
5131,1057011.2866152795
5132,1001136.8988060661
5133,1007399.1586979034
5134,1015569.6808844294
5135,1015947.4255755034
5136,1010592.463439354
5137,1023394.1675576612
5138,1057917.0097269157
5139,1045307.405728067
5140,1055132.642350001
5141,1050035.6970204336
5142,1015981.8548792212
5143,988348.9320558731
5144,945902.0529279908
5145,934008.8265195491
5146,945631.4061799827
5147,966172.3017134448
5148,973936.4829916636
5149,961398.8358192324
5150,906281.2695690508
5151,935967.4762658316
5152,925481.4973902792
5153,930504.1502523662
5154,885833.5541075738
5155,882327.0806246768
5156,854049.564538936
5157,808039.1266851813
5158,831533.2019943763
5159,832332.4510893
5160,833796.0134735717
5161,794495.7802061794
5162,811464.6178075492
5163,829338.710153749
5164,822448.7698227135
5165,814091.6656028739
5166,791516.3105058726
5167,777902.9064858172
5168,786013.749486607
5169,766973.97266856
5170,769479.5441476677
5171,767491.9966280427
5172,805268.0089078785
5173,789684.136774
5174,777691.7086697269
5175,762080.8399480623
5176,760946.9307201136
5177,806145.4850036383
5178,811619.0920154371
5179,785489.6934697253
5180,802619.7675223856
5181,830726.9892018882
5182,801258.5247340333
5183,815808.6942148352
5184,795933.3716778099
5185,785515.7012499052
5186,782656.3274024262
5187,755830.2315043716
5188,771743.3165186639
5189,793760.9284407594
5190,803270.046386374
5191,804310.1046987682
5192,849948.5619724079
5193,834493.7953627806
5194,880280.049641043
5195,896590.6575513234
5196,892588.7172529027
5197,897120.2373910439
5198,940510.3182344236
5199,948545.1457304709
5200,942895.1486476291
5201,932578.8091325405
5202,938127.4365816622
5203,953504.8424413503
5204,950660.8258580904
5205,951173.8277265755
5206,970350.1869116138
5207,988102.6735161825
5208,976146.5865521838
5209,986668.5332364237
5210,972175.6997762036
5211,1003469.0535827016
5212,1013245.3101272439
5213,1040746.7606023205
5214,1048901.3790513119
5215,1037543.6399255369
5216,1035477.0219230484
5217,1024906.101292544
5218,1038959.5912356764
5219,1037116.3755477951
5220,1050988.5510966126
5221,1047934.6460840476
5222,1061297.5376918889
5223,1061318.6136015016
5224,1070048.1009299932
5225,1068585.342748571
5226,1067387.6958350528
5227,1064989.6807095963
5228,1052200.4686157205
5229,1088892.895222515
5230,1065881.6579955434
5231,1089055.7453433352
5232,1101121.048316059
5233,1077607.236547315
5234,1071158.6014462046
5235,1089099.2652097954
5236,1104264.2038738534
5237,1115927.245576558
5238,1105405.5486638425
5239,1087363.5085385423
5240,1092645.31981409
5241,1106142.0110188813
5242,1149379.141565249
5243,1176249.99252502
5244,1211219.7444161272
5245,1274565.566291532
5246,1298424.2436279557
5247,1331896.1787230358
5248,1365718.6681669373
5249,1418300.162170984
5250,1475353.332531786
5251,1499448.4517518599
5252,1468465.3964322403
5253,1513245.4755120692
5254,1527433.2024936052
5255,1555590.9190372294
5256,1555267.4641383176
5257,1561695.9011399618
5258,1592890.2012096199
5259,1614060.8765034936
5260,1581759.9579495152
5261,1565882.4818415607
5262,1558021.2749230312
5263,1598082.372896288
5264,1627469.858068062
5265,1646302.536469007
5266,1632167.4586931677
5267,1635353.6111866825
5268,1655677.1752855997
5269,1700113.2412477043
5270,1687351.7447459353
5271,1686380.1106557108
5272,1635479.077873577
5273,1656262.572248396
5274,1753272.0920946414
5275,1765490.424844215
5276,1775450.442726607
5277,1773110.678030131
5278,1758331.9266595538
5279,1787313.9970243312
5280,1757713.4726709542
5281,1781893.2418933518
5282,1782285.438758718
5283,1799727.7059058205
5284,1855057.2555290044
5285,1916816.6878310991
5286,1929951.016776606
5287,1952309.097187434
5288,1934943.1750104646
5289,1955995.7683502825
5290,1997584.958836683
5291,1992093.7683117788
5292,2012961.250945741
5293,2059457.390112756
5294,2061502.9137819195
5295,2026026.4630056012
5296,2048829.4364017744
5297,2067103.21986618
5298,2038849.953560673
5299,1996481.4476417385
5300,2012412.7959459291
5301,2015861.0031234503
5302,2028910.9954021627
5303,1992068.663723103
5304,1952256.7583598995
5305,1980764.2475498307
5306,2002982.112823748
5307,2050730.9580722365
5308,2125503.3570218235
5309,2104260.7892442015
5310,2125379.1950582694
5311,2104090.7033678805
5312,2163722.615183305
5313,2191921.0200138525
5314,2147183.1464170916
5315,2156416.2530812663
5316,2111123.2335365447
5317,2100733.0103235478
5318,2126066.400194425
5319,2178207.41182334
5320,2176362.096694866
5321,2244463.3693822944
5322,2280420.4473031405
5323,2331643.4944240088
5324,2271028.7287532683
5325,2279910.7124365726
5326,2259558.2057673545
5327,2240465.888582016
5328,2195372.8874720577
5329,2166673.697216018
5330,2210239.432804815
5331,2296803.635585254
5332,2329026.930900537
5333,2368390.7177364333
5334,2394435.122102757
5335,2438625.4198193797
5336,2445204.6055082316
5337,2421660.554421571
5338,2400868.487737944
5339,2437318.1979420506
5340,2400850.25978852
5341,2363696.445637201
5342,2368708.531825199
5343,2392175.9619805603
5344,2397256.8950527883
5345,2402887.5571369575
5346,2446934.960070337
5347,2418472.3545532986
5348,2434124.429787654
5349,2492499.352949665
5350,2511003.5491862884
5351,2556994.3178323163
5352,2534167.904157763
5353,2549505.704526023
5354,2540290.836854041
5355,2469082.95161081
5356,2469079.171908417
5357,2486706.5062609953
5358,2494667.1128373453
5359,2469903.6360804434
5360,2496542.4989651437
5361,2514228.965811356
5362,2450597.315193033
5363,2460518.27405235
5364,2479429.7996857055
5365,2458087.074777487
5366,2500760.565999915
5367,2442484.758709673
5368,2491877.6111750123
5369,2494380.9237584877
5370,2567073.788042949
5371,2592941.9734295737
5372,2658530.610439571
5373,2715777.574498334
5374,2701913.311834649
5375,2655719.756093969
5376,2693895.8579391614
5377,2651788.8218784477
5378,2631635.1284678048
5379,2625599.260967106
5380,2640570.245330614
5381,2646864.871281018
5382,2656998.8278251565
5383,2682203.934725346
5384,2678715.8414684823
5385,2644875.3549978496
5386,2624851.136882897
5387,2595618.525388854
5388,2597593.3909050915
5389,2591361.026428901
5390,2655600.5595601373
5391,2658741.5455995565
5392,2619198.362844177
5393,2505767.4455988216
5394,2555231.3787889094
5395,2571485.2007988323
5396,2572898.1297955033
5397,2557904.558045025
5398,2541592.7166385376
5399,2557209.1834588554
5400,2413250.726084526
5401,2385173.753402883
5402,2346304.418678812
5403,2340650.5055196327
5404,2329559.16738053
5405,2289790.0874591945
5406,2272024.082395945
5407,2314505.080760105
5408,2283444.932964996
5409,2238047.468183345
5410,2234167.332508766
5411,2201248.289615827
5412,2196139.994402537
5413,2192804.958117649
5414,2239502.211268816
5415,2206327.160524336
5416,2195500.959643819
5417,2191454.2445619977
5418,2190912.072641474
5419,2164706.193820554
5420,2127653.757160176
5421,2148566.6460982757
5422,2134660.5942148687
5423,2184345.178177441
5424,2140048.9755781973
5425,2088998.8891961328
5426,2122202.0752644087
5427,1998404.0956365871
5428,2042154.1404522585
5429,2065944.5351066086
5430,2034913.1299672434
5431,2036467.729030933
5432,2092873.419702309
5433,2050531.306856429
5434,2051744.1235906552
5435,2024104.17509901
5436,1993468.7420287211
5437,1930994.1908644533
5438,1953437.9403902842
5439,1972919.2858138892
5440,1911925.286283338
5441,1901088.7238399922
5442,1868118.5002189223
5443,1845200.9484660919
5444,1850239.1914544625
5445,1813087.1902020427
5446,1817584.1907799137
5447,1817788.2670247536
5448,1821791.1837157165
5449,1783240.178482145
5450,1796620.2163147926
5451,1762122.181186046
5452,1775937.2062110647
5453,1799066.9189685127
5454,1760374.9962560127
5455,1714848.5576193696
5456,1730854.5831607939
5457,1742119.396011125
5458,1735896.0800130966
5459,1703124.3113597715
5460,1601774.7343619126
5461,1497636.0607548696
5462,1437298.5433724578
5463,1412034.649243275
5464,1419956.6599884538
5465,1435066.5785810468
5466,1423099.3610290084
5467,1419310.117003097
5468,1404790.696867148
5469,1382468.9566046663
5470,1364214.4170602062
5471,1325843.3563315398
5472,1264132.6425510014
5473,1218816.0521082943
5474,1188154.5512967508
5475,1154319.8975307415
5476,1173855.2974938785
5477,1196024.855384133
5478,1204997.326074335
5479,1150044.8581843066
5480,1122981.7922284382
5481,1097510.5655171208
5482,1085441.915965984
5483,1072566.0691794045
5484,1089507.5445917847
5485,1086600.7785772686
5486,1084397.3823599338
5487,1122771.0538366784
5488,1120554.9175723074
5489,1083007.6666410977
5490,1092535.6893780134
5491,1072690.3472050356
5492,1076154.1896804427
5493,1063279.8823628272
5494,1081495.6297138634
5495,1117283.286772519
5496,1078132.9306172084
5497,1057813.2574333358
5498,1055817.9898034483
5499,1025579.5263230006
5500,1026353.0117676866
5501,984022.2602423164
5502,989658.4608959516
5503,1006007.4127878618
5504,1007596.2080494852
5505,1038882.1746680958
5506,1062861.2590344143
5507,1001165.4291781925
5508,985310.374997719
5509,994554.9162918853
5510,996427.4282577834
5511,980962.4623445849
5512,946644.319989156
5513,953236.7426108643
5514,961540.2548686588
5515,916301.6432554953
5516,870929.6110222323
5517,835680.1075681115
5518,789334.9413600719
5519,755684.9732040893
5520,712821.6599500023
5521,705749.4101491187
5522,695181.4292564057
5523,664378.3127199173
5524,688674.8006824559
5525,689007.4566102782
5526,681990.8502389573
5527,662074.4319664069
5528,656320.2400522027
5529,632792.6822226694
5530,624174.7545945643
5531,620466.2485511402
5532,597618.2820308243
5533,561708.9854974949
5534,568103.3414534848
5535,531102.6675343697
5536,529378.329487244
5537,532313.6479425225
5538,494518.1158643469
5539,492487.23866504885
5540,483376.2222589428
5541,460298.303129316
5542,453883.6333285514
5543,444603.3086767671
5544,418450.7538355452
5545,427446.1009598878
5546,421736.7046168134
5547,410388.43609729095
5548,399964.7556795099
5549,418762.05329071474
5550,419412.3571377081
5551,433962.54922831
5552,437430.4208742011
5553,415922.8650953936
5554,423418.1039781899
5555,408395.6201786565
5556,383685.9957782505
5557,380083.24640844215
5558,350295.2137280835
5559,349702.36687200813
5560,343640.50839676114
5561,328555.67245697347
5562,327413.2071149314
5563,321873.6460997597
5564,293782.2571163957
5565,298499.74952606956
5566,305196.02199949586
5567,309316.5934660485
5568,311191.40209921653
5569,322961.04531025275
5570,295013.6883747695
5571,286119.9689963424
5572,313756.5360377746
5573,296529.643586886
5574,301931.32026176836
5575,317195.53604574775
5576,310934.911401112
5577,308810.48743719177
5578,315099.28729411506
5579,302951.1816670095
5580,299437.73982177913
5581,293221.53952946595
5582,295012.86309370515
5583,296955.7994950705
5584,296955.79649507045
5585,290501.7759135253
5586,305521.00844790053
5587,287049.3071368465
5588,278888.1278298808
5589,279259.20954576676
5590,279651.91690982634
5591,279201.8935542182
5592,295223.6394950218
5593,288008.45435626735
5594,298564.3131102469
5595,303448.15963708307
5596,303654.8817815154
5597,287084.6967576993
5598,295348.141422446
5599,301494.26159485406
5600,306524.24814328237
5601,304538.3878516734
5602,313981.9312187552
5603,313218.6488559665
5604,324825.0124930879
5605,325869.90954871266
5606,335565.277661609
5607,307773.4288673099
5608,303966.65117135027
5609,297915.7595129622
5610,311561.599231247
5611,326097.54140588484
5612,315806.82467752136
5613,301587.7296324461
5614,306813.06973954965
5615,294361.7091074878
5616,294391.74827440514
5617,290131.387832697
5618,282813.08104883594
5619,274202.64073206345
5620,262519.73427476396
5621,246258.12201057808
5622,246086.48471498096
5623,235634.47649464576
5624,247524.4309031706
5625,246837.49574713325
5626,236083.46769242958
5627,220606.01778298314
5628,241906.90281709583
5629,243394.6819472866
5630,229587.80700424165
5631,228349.45696297375
5632,215808.1595142773
5633,212145.56080307625
5634,228580.58169695962
5635,212983.80891672065
5636,212095.9934805658
5637,216777.59594081217
5638,208440.08103931713
5639,203548.79148177343
5640,180840.76914470206
5641,202305.6775383334
5642,195093.0922259632
5643,195423.54071529547
5644,200905.77085899026
5645,202958.50023326528
5646,209835.0235335745
5647,215612.43181207057
5648,190943.45140073312
5649,176053.6361473489
5650,184953.42989374316
5651,184953.42789374312
5652,197478.53255541547
5653,203721.12833279106
5654,197007.9960954968
5655,197007.99209549677
5656,197007.99109549678
5657,190786.39732332513
5658,200355.78555129335
5659,201694.9979202004
5660,201152.6282749594
5661,177068.0993610417
5662,171368.12174916334
5663,172627.38209464942
5664,156732.79525381894
5665,170031.3610960692
5666,163578.30729090088
5667,170948.87347093923
5668,173267.9317149464
5669,167785.6935712516
5670,173186.98223672743
5671,190201.49602195073
5672,190201.48902195072
5673,178234.1621858169
5674,165737.30574816884
5675,180577.55860688043
5676,174297.9483867047
5677,169101.04522842218
5678,161158.42994739237
5679,167534.32961150908
5680,160285.729591444
5681,163065.3394895537
5682,163115.57148965434
5683,163115.56648965433
5684,149712.4285219218
5685,161452.36400991437
5686,146819.34152789522
5687,147342.89464861245
5688,154742.96942267785
5689,156564.8164319828
5690,148155.76997380596
5691,128185.72124367124
5692,109177.84823035571
5693,112151.9195938849
5694,114913.88096533083
5695,115267.64381312941
5696,93875.13769397861
5697,93121.28900263345
5698,92104.06889476534
5699,100315.8939570266
5700,93939.98629291012
5701,100374.32980015688
5702,92474.78163543897
5703,84927.75770559922
5704,84927.75770559922
5705,79174.9983694129
5706,85870.77946552506
5707,86270.10336072277
5708,71946.95482288659
5709,71946.95482288659
5710,71703.81657289068
5711,77739.61749422038
5712,68609.232942201
5713,74730.68424741276
5714,74730.68424741276
5715,71271.86364201028
5716,79775.22101941881
5717,85259.50988782206
5718,76756.15251041354
5719,87960.41046012283
5720,79748.58139786156
5721,94004.46698114327
5722,119678.48391332223
5723,113557.03260811046
5724,114202.09362814373
5725,100082.23871937401
5726,102439.31343137656
5727,95743.53233526426
5728,95743.53233526426
5729,110369.87063443514
5730,115751.91748631344
5731,115751.91748631344
5732,115751.91748631344
5733,119079.31614729782
5734,123796.8105569716
5735,123796.8105569716
5736,124659.01964548393
5737,124659.01964548393
5738,124792.26897680879
5739,112600.84206908787
5740,106539.13686655284
5741,106539.13686655284
5742,100024.77111344185
5743,82141.29554883718
5744,82141.29554883718
5745,75006.52850384053
5746,68776.02389656458
5747,61941.559878029424
5748,61941.559878029424
5749,61941.559878029424
5750,47315.22157885834
5751,41933.17472698004
5752,41933.17472698004
5753,35325.58459949931
5754,27535.043231925018
5755,27535.043231925018
5756,16860.242701075127
5757,8245.977894428443
5758,0.4180000000000003
5759,0.4180000000000003
5760,0.3900000000000003
5761,0.3900000000000003
5762,11120.981079649888
5763,28690.928098280805
5764,22487.99825270984
5765,29051.073482545864
5766,23930.541220147476
5767,17684.05630948591
5768,17684.05630948591
5769,11120.981079649888
5770,19680.276110445135
5771,19871.630368669754
5772,37584.44895093821
5773,54680.72615537011
5774,54680.72615537011
5775,60562.52667227003
5776,63033.25861521796
5777,63033.25861521796
5778,73247.3134731251
5779,82827.19034016742
5780,90335.56247178458
5781,80755.68560474226
5782,80755.68560474226
5783,75266.5597251151
5784,70948.73016190447
5785,78783.49022568138
5786,78783.49022568138
5787,78783.49022568138
5788,78783.49022568138
5789,84098.28933757398
5790,77831.92748887403
5791,84457.88354551449
5792,91566.90251129636
5793,93436.47616880958
5794,93102.06111769118
5795,93102.06111769118
5796,85267.30105391427
5797,84430.40581962587
5798,78607.58636137852
5799,83648.8656514939
5800,96646.61011293207
5801,121836.3290540313
5802,114122.09409823072
5803,116206.18436837476
5804,136567.2815282856
5805,107110.47403854493
5806,104968.38846732643
5807,111805.52958270349
5808,117443.83942275424
5809,117443.83942275424
5810,125816.03828137618
5811,127472.86285179057
5812,116528.26838559356
5813,116528.26838559356
5814,130525.46882021135
5815,113220.06838638008
5816,119234.23626923787
5817,126562.44146163885
5818,113815.17911349818
5819,100761.71555178457
5820,106241.87777564822
5821,93244.13331421009
5822,85455.59444451059
5823,91337.10815196476
5824,104155.28943357088
5825,104257.74372541408
5826,111681.79192109407
5827,106311.86625924919
5828,112915.36492594516
5829,133272.7528267116
5830,140235.6394699313
5831,131863.44061130928
5832,131964.10573673306
5833,115989.93761635303
5834,123536.94328535737
5835,122371.22517283668
5836,122371.22517283668
5837,128989.61514195538
5838,120545.1923609681
5839,120545.1923609681
5840,113708.05124559104
5841,101138.18652605185
5842,108271.63383944076
5843,115037.51976546698
5844,104114.72676789731
5845,105687.2677891598
5846,112723.20384567005
5847,98480.41496623609
5848,109362.63715593622
5849,103774.24213128471
5850,119437.28626005282
5851,125693.08388503929
5852,116434.67609830611
5853,143118.805006388
5854,143118.805006388
5855,145430.47486314797
5856,146292.59323194076
5857,132711.31661960238
5858,132435.44222342313
5859,132435.44222342313
5860,125038.09337852744
5861,109701.79401648267
5862,124114.18783141859
5863,106656.89978319623
5864,125559.37231613862
5865,132593.82336782498
5866,118203.10106495637
5867,110814.36818813722
5868,126232.67246510234
5869,111631.38107873616
5870,119022.5181303598
5871,133407.27305520105
5872,127151.47543021457
5873,134922.08306462516
5874,128206.74992200818
5875,129406.79835596989
5876,129406.79835596989
5877,135459.87536443578
5878,128068.73831281214
5879,127742.36358312824
5880,133831.5136172544
5881,131719.867150834
5882,124452.80331769868
5883,124452.80331769868
5884,117785.79880759376
5885,106470.39077159259
5886,99627.90991639673
5887,106655.65130727114
5888,113453.23166750133
5889,92994.0434840203
5890,99643.87772015568
5891,92786.94909800515
5892,92341.46439260537
5893,92341.46439260537
5894,83770.43982942025
5895,76372.07369441782
5896,87616.10671411657
5897,94164.72101252996
5898,93236.95578866234
5899,105788.8225265137
5900,112476.15752880224
5901,106215.80916005437
5902,112010.18800325066
5903,127283.0983820853
5904,134829.66748574545
5905,134829.66748574545
5906,129917.52409799001
5907,135224.1787529596
5908,136689.27926950625
5909,141587.07373128083
5910,136547.8402155613
5911,123321.38639002768
5912,117361.09896682929
5913,111471.63384589332
5914,111471.63384589332
5915,104722.83802914963
5916,104722.83802914963
5917,105004.99704122746
5918,98456.38274281404
5919,106209.65336768875
5920,106209.65336768875
5921,99066.72142854225
5922,92160.73741663145
5923,81057.06114973064
5924,60339.611453827085
5925,46657.676122812845
5926,46657.676122812845
5927,31570.684496453905
5928,31570.684496453905
5929,45037.88595473349
5930,51293.657319125225
5931,73381.8859021429
5932,73381.8859021429
5933,79461.07853205848
5934,87823.96361565756
5935,112185.99825927638
5936,117355.15584441088
5937,126193.74243902249
5938,120003.29104005452
5939,120003.29104005452
5940,107591.71589707222
5941,101325.33291729538
5942,95934.15001387772
5943,97342.2947421742
5944,91252.79002593346
5945,97647.92611267132
5946,105856.92297088359
5947,106618.56837287065
5948,112024.194123247
5949,112024.194123247
5950,115562.9976729409
5951,121236.52001463878
5952,113239.6210500148
5953,113239.6210500148
5954,112995.73789290627
5955,113042.94732705703
5956,111214.17020377135
5957,99821.54292513843
5958,99821.54292513843
5959,91397.26251227294
5960,101615.2755028883
5961,104429.45507805044
5962,103875.57217638873
5963,112611.3487893537
5964,112971.72613448644
5965,119759.52687470095
5966,119759.52687470095
5967,107478.63846859851
5968,108008.86100564587
5969,109091.71522061668
5970,109091.71522061668
5971,97777.83570766996
5972,106162.16825807467
5973,111684.69659676497
5974,104688.01116957836
5975,97415.20631198667
5976,105105.17124453664
5977,105105.17124453664
5978,90733.16728662918
5979,85059.64494493137
5980,85059.64494493137
5981,78152.74075281575
5982,78152.74075281575
5983,73104.95922489224
5984,73104.95922489224
5985,59628.28837393691
5986,62174.73643225375
5987,54025.47428431644
5988,60952.21797817567
5989,67400.91240284615
5990,73056.14041985973
5991,70804.61180836207
5992,79003.85689733125
5993,64131.04438157939
5994,71235.9004351711
5995,77107.88608500357
5996,77107.88608500357
5997,77107.88608500357
5998,77107.88608500357
5999,77107.88608500357
6000,86484.59895610689
6001,80458.09368549594
6002,80458.09368549594
6003,80458.09368549594
6004,86988.45783316347
6005,86988.45783316347
6006,86988.45783316347
6007,81184.41410943345
6008,81184.41410943345
6009,72895.66439811325
6010,59622.39530104659
6011,57886.91776923288
6012,50206.49995555432
6013,47860.34374969102
6014,47860.34374969102
6015,47860.34374969102
6016,47860.34374969102
6017,56096.70021639889
6018,54995.52799925048
6019,62306.63173808422
6020,62306.63173808422
6021,54958.98048861922
6022,54958.98048861922
6023,69285.84275774907
6024,60595.56655400963
6025,66637.95284887629
6026,73069.23390045558
6027,78298.2169035248
6028,68718.34003648248
6029,63489.35703341326
6030,63489.35703341326
6031,70976.09694493722
6032,64445.73279726973
6033,50654.47644438722
6034,58665.83204779567
6035,52006.60959306934
6036,57896.61892069765
6037,52265.15372067493
6038,52791.52602594226
6039,46564.49305068959
6040,61111.92562861495
6041,61111.92562861495
6042,61111.92562861495
6043,61111.92562861495
6044,69607.50892861778
6045,84428.1877407756
6046,77494.68153941132
6047,77494.68153941132
6048,103131.41797768018
6049,130857.2207813455
6050,124425.93972976616
6051,126682.03349566548
6052,117625.43188540121
6053,122025.06601832717
6054,128704.65689522275
6055,114624.4516326902
6056,122283.14411834737
6057,122278.48824394391
6058,129240.12880875121
6059,126313.99311782152
6060,126314.00211782152
6061,111766.57653989627
6062,132058.36651832893
6063,134889.58774856813
6064,150611.87764745177
6065,158706.3817324199
6066,170983.88358071732
6067,170743.00224426604
6068,177922.38500122476
6069,190559.4132199602
6070,202900.34479957315
6071,210554.19939628476
6072,213770.05085628916
6073,207618.76381005498
6074,205536.2003549328
6075,198496.91667607686
6076,191641.30183604266
6077,186398.8812026437
6078,194675.91113907492
6079,187602.008877884
6080,188942.12812278952
6081,182692.38483480486
6082,190195.60498622205
6083,182419.55334934776
6084,167948.07409492944
6085,183239.68825141303
6086,198818.746979402
6087,198818.75797940203
6088,173276.5922235245
6089,179635.21061746764
6090,190890.2708053652
6091,173620.2274365665
6092,190447.92326215832
6093,204639.51352256324
6094,217013.01904508844
6095,293510.3528661739
6096,325770.0933279512
6097,339089.0965892278
6098,354907.8085167336
6099,363394.2622272485
6100,350174.74949299294
6101,357611.13131406787
6102,352401.5450143136
6103,381949.59025850444
6104,407457.3230822921
6105,407457.33308229217
6106,428791.3963047726
6107,466906.1948718005
6108,494648.563997424
6109,506196.3750416449
6110,521045.03871145396
6111,521955.2523604792
6112,516184.62630234065
6113,534590.0743551512
6114,553346.5253644782
6115,567667.4837540264
6116,598819.3306050069
6117,617958.8547010507
6118,642961.084565976
6119,634004.505070778
6120,657096.2964824232
6121,677329.4358796437
6122,681915.3299694848
6123,729723.6435149744
6124,713052.9152663497
6125,718043.3909726065
6126,712384.495770854
6127,709971.8468005499
6128,697207.9062644432
6129,760957.8102871672
6130,716606.8317414585
6131,738201.1875899076
6132,741856.5880111896
6133,731110.8485970675
6134,746151.2427879359
6135,775995.9259791237
6136,794465.7395293654
6137,851269.252588551
6138,832822.9954072596
6139,829710.2166437188
6140,823706.2233414536
6141,827558.9501978925
6142,879962.0759369831
6143,890488.910483914
6144,860967.3836354567
6145,852814.6756839197
6146,858581.6473528319
6147,881609.216981648
6148,883507.4029068243
6149,890692.3285751222
6150,903291.6263034723
6151,891176.8401245461
6152,890652.141714279
6153,932247.46968456
6154,981378.4750569921
6155,1008279.5038992882
6156,980744.2618169152
6157,1021033.8855210114
6158,1040738.201763637
6159,1056767.350329964
6160,1040724.6460336824
6161,1029752.80336056
6162,1032369.8218715073
6163,1060364.7212417107
6164,1103444.1347128605
6165,1108278.5611012564
6166,1118144.4425749131
6167,1102404.3608869615
6168,1099103.979129243
6169,1157618.014956239
6170,1173323.4404697446
6171,1185033.4010485625
6172,1196238.9337330156
6173,1200904.0429829122
6174,1207930.8539134068
6175,1263644.8603706139
6176,1268242.1273934785
6177,1289423.6813294296
6178,1286344.9446230999
6179,1295053.783446641
6180,1354559.2104343637
6181,1341886.5813746017
6182,1352397.0155915422
6183,1331516.8608611047
6184,1347876.7944500702
6185,1395179.0474839448
6186,1375953.0248703207
6187,1374667.9259643182
6188,1395591.1102677148
6189,1415785.6213735775
6190,1415678.220279392
6191,1460256.1782021453
6192,1468902.4122108163
6193,1465291.0510693374
6194,1530816.8593756817
6195,1569690.8450236148
6196,1610498.1767355753
6197,1634878.144197341
6198,1680767.7593192668
6199,1673913.815616539
6200,1683926.7908241122
6201,1695322.0382939207
6202,1722786.962923148
6203,1781661.221841689
6204,1784336.0917571068
6205,1781209.195627773
6206,1837670.9981504548
6207,1843205.9766510993
6208,1850277.850825978
6209,1857164.1998080527
6210,1903176.7234910538
6211,1892675.529458216
6212,1854889.6433043564
6213,1865460.5874811555
6214,1856632.1447672031
6215,1894119.603056817
6216,1911107.4563877974
6217,1863384.1919442664
6218,1869412.6252995415
6219,1876145.4298343332
6220,1858228.8394770646
6221,1821489.0668138333
6222,1867682.077715531
6223,1859353.2383484382
6224,1857108.0857949478
6225,1818208.119423731
6226,1850785.2022674724
6227,1856380.4488095324
6228,1860049.6867134739
6229,1890218.0775492734
6230,1858621.3280071001
6231,1866977.1065750248
6232,1882510.7660237236
6233,1852038.6416771067
6234,1822126.9348727602
6235,1808997.508707116
6236,1810516.7345568645
6237,1770964.0482346346
6238,1766676.1413910212
6239,1787101.1479783359
6240,1815691.3675679823
6241,1818146.7619564196
6242,1798686.583457528
6243,1851791.4956654203
6244,1881208.537829235
6245,1819884.5277327374
6246,1864843.119325071
6247,1810922.2676458121
6248,1836948.1422585526
6249,1819281.1655614125
6250,1828830.9241959408
6251,1814557.4346927805
6252,1850689.8037551194
6253,1824611.5040164809
6254,1825861.6054303604
6255,1828192.3139343054
6256,1870119.2225278756
6257,1881761.8275044241
6258,1944043.061787987
6259,1994751.760451452
6260,1915036.000398206
6261,1929810.0981052984
6262,1921883.7884278048
6263,1890848.384164268
6264,1914494.8629028427
6265,1958928.5808350262
6266,1937877.8214273036
6267,1926545.547156584
6268,1925130.6117601185
6269,1981764.3129387072
6270,1990581.1755799158
6271,2014117.0753429148
6272,1987528.9245157202
6273,2006370.9473161716
6274,1968324.6323351334
6275,1978246.4494329356
6276,1997338.0400955891
6277,2053476.7110885715
6278,2067480.4225410866
6279,2100263.811411725
6280,2054868.1990981419
6281,2005231.089075245
6282,2017481.9326240206
6283,2006640.260330539
6284,2026930.843827448
6285,2023419.4062999901
6286,2067967.684586285
6287,2060006.7906559939
6288,2058793.6255440037
6289,1998785.3889731548
6290,1981310.1949684238
6291,1994225.6742482963
6292,1961472.0801135004
6293,1940025.428831963
6294,1943008.093803865
6295,1874543.676492557
6296,1807212.0050131492
6297,1809765.6762766638
6298,1814779.1525857644
6299,1839400.1042546234
6300,1845032.1120559578
6301,1832032.4372351067
6302,1800331.5979702235
6303,1772531.7481568852
6304,1779773.8626725513
6305,1733341.1577861581
6306,1740091.9891001442
6307,1677584.9937447421
6308,1658805.6272950273
6309,1685027.1974497528
6310,1696390.9856193976
6311,1662612.34056685
6312,1655555.790215784
6313,1633036.1251916855
6314,1651511.0887008684
6315,1625386.1213357768
6316,1598884.6374325114
6317,1553445.8008085927
6318,1577144.695437366
6319,1541848.5028664193
6320,1574384.697719506
6321,1563703.8159129021
6322,1589939.2870065253
6323,1614881.805413405
6324,1623515.5419643028
6325,1640900.455614801
6326,1620891.2400630368
6327,1628862.5940250233
6328,1608943.0279834792
6329,1634437.029461841
6330,1578661.4222841954
6331,1587563.3629583782
6332,1567785.4194593376
6333,1558342.5961584891
6334,1485521.050833745
6335,1469669.3732462595
6336,1495870.2133053285
6337,1505971.4273948532
6338,1544773.5641936434
6339,1536689.7071178886
6340,1521094.3686106147
6341,1542297.1488242885
6342,1554852.1277409394
6343,1539847.0868566073
6344,1508061.9127563185
6345,1501585.9970392839
6346,1498400.7496505086
6347,1484436.454860159
6348,1467661.757063691
6349,1453289.8987710453
6350,1453192.7636334237
6351,1419696.6838033008
6352,1358170.803290946
6353,1341755.2569350787
6354,1313593.9978277076
6355,1291348.654639244
6356,1290535.7201873623
6357,1269618.780115318
6358,1281981.7926843266
6359,1258284.0264998646
6360,1252082.3324647776
6361,1240415.7498469576
6362,1246370.6968491878
6363,1259037.6740860324
6364,1220891.9492465856
6365,1175786.339959339
6366,1185012.4364897972
6367,1164387.193675525
6368,1164639.2755343255
6369,1146651.8726149066
6370,1166314.6283020861
6371,1179021.831383822
6372,1157526.3803439126
6373,1143856.895725202
6374,1126112.4258327968
6375,1111734.0081184206
6376,1112811.4103001377
6377,1123861.181141438
6378,1109409.5768897329
6379,1098429.7824482317
6380,1089741.7411284167
6381,1060599.1634518658
6382,1048537.9670866937
6383,1016459.1508206436
6384,1038293.0300315861
6385,1046664.6358853218
6386,1014472.7799348132
6387,1001970.0820568496
6388,999642.4660611333
6389,976846.4527390886
6390,946569.8643222101
6391,961163.3515600662
6392,982079.8855484544
6393,975012.5403919009
6394,950764.100140529
6395,950064.5632238985
6396,911773.5326114113
6397,900932.8091056034
6398,870510.496072936
6399,838160.9976842284
6400,867670.8419747236
6401,855016.7154292909
6402,837428.1751694134
6403,889287.2802386214
6404,888893.8480889827
6405,878657.1708786375
6406,869550.0652414621
6407,853455.8875423737
6408,855505.4153227939
6409,877962.2292740857
6410,866733.9562494126
6411,864378.515272342
6412,868783.1177095223
6413,841044.3003164656
6414,843975.9547163527
6415,859660.1256551852
6416,857893.4747538771
6417,837318.4236486811
6418,864669.2988596128
6419,884865.7730743021
6420,878797.4239924394
6421,901953.9345020166
6422,864131.8775612041
6423,866645.8759761916
6424,857039.5706196357
6425,872631.4996169877
6426,876649.4782780592
6427,835115.4412576384
6428,850638.0376784503
6429,837969.4959592794
6430,826295.8174392928
6431,841923.5364331137
6432,852815.5573299018
6433,856958.6521779392
6434,909389.3073085337
6435,950250.3326425302
6436,921182.8666127941
6437,908798.0791487087
6438,931839.102052161
6439,936476.8117211292
6440,952971.5948567162
6441,923900.9918742501
6442,893747.0564093634
6443,871080.8675476697
6444,886854.9055378431
6445,894608.6362217888
6446,896783.2141572051
6447,888354.142541904
6448,917782.4932222961
6449,906946.9293873596
6450,915489.0361538238
6451,911106.0206762585
6452,934345.1669696531
6453,912214.8471400935
6454,900491.4283077132
6455,884192.8096754204
6456,859753.4747668202
6457,858870.0478274778
6458,862691.0390015552
6459,897898.1550440898
6460,892933.0952071953
6461,830927.7837962229
6462,843899.7750972271
6463,865178.5046228579
6464,859391.2249951889
6465,841966.4737924762
6466,810315.7228276777
6467,799458.7229321606
6468,795941.8278844329
6469,792477.9905998893
6470,797843.8813823261
6471,771833.5217641257
6472,759473.9239260359
6473,760580.1858074965
6474,734390.1214441856
6475,738061.8025914272
6476,757744.393831797
6477,759550.4503202057
6478,750774.4753338335
6479,803974.0487602138
6480,797869.6281835143
6481,791827.8584041689
6482,769200.7802374475
6483,743795.2529545308
6484,746582.507917513
6485,814925.4555583574
6486,784434.7233801843
6487,777185.4045699576
6488,784436.8656835723
6489,795456.0933919608
6490,788351.9607281381
6491,800360.8764461708
6492,832558.9225027249
6493,843299.2883670186
6494,850296.3825910899
6495,864768.5283961839
6496,865039.0243302449
6497,898851.0070028091
6498,892510.7855961148
6499,871732.5404320207
6500,899166.3345966913
6501,902306.0082833734
6502,901223.265363965
6503,908850.3087366285
6504,904382.358280852
6505,919277.5540808167
6506,922641.4173597145
6507,950351.6285648206
6508,950129.2683327418
6509,959317.8541046218
6510,971323.2187278604
6511,970586.4978883499
6512,973841.0483210431
6513,934650.7079707709
6514,953174.3551913467
6515,970312.984438384
6516,970804.2875292015
6517,1018195.9871055533
6518,1070991.4300420424
6519,1091459.0810822228
6520,1113062.7985100169
6521,1114240.2613081024
6522,1113024.2599355269
6523,1119079.6811703718
6524,1106753.704641082
6525,1091724.30420545
6526,1109203.5610250994
6527,1083946.0123514624
6528,1082979.8055888708
6529,1048798.2291346458
6530,1065090.9767692904
6531,1053400.213619451
6532,1060343.3372230858
6533,1027095.5962536244
6534,983262.1220096888
6535,986913.444400151
6536,994318.5093828711
6537,994063.4482405826
6538,1009556.6225266282
6539,994374.4030390081
6540,981584.0071138933
6541,996275.0512090772
6542,987522.3582426703
6543,968806.968062271
6544,970331.0634424598
6545,939414.6865297758
6546,902309.0575049701
6547,870946.57588767
6548,878957.7982993596
6549,885778.3799857871
6550,867315.399056621
6551,849413.9445174823
6552,881518.3593752715
6553,898024.8004168808
6554,923416.3648747538
6555,957358.7791137403
6556,936884.9248970873
6557,898796.8657163625
6558,929509.3331251085
6559,902184.2513926852
6560,884206.397013412
6561,855585.1868984243
6562,820321.4413002674
6563,812525.9890447397
6564,813911.7495092547
6565,778279.1500742119
6566,777838.9287952218
6567,796647.0278666482
6568,814279.2121532678
6569,813910.7044674094
6570,828029.9107477488
6571,858209.2839966118
6572,843207.4983537591
6573,846279.3579901587
6574,832079.4778335987
6575,846057.3417877437
6576,873044.172754629
6577,887216.9032089633
6578,883942.5260155475
6579,864479.315488803
6580,863906.7519993447
6581,851614.810135799
6582,852917.0550428622
6583,845046.2541940663
6584,877941.9591548968
6585,871123.7834740405
6586,846593.7349030249
6587,853498.1659810992
6588,843221.8416504103
6589,835670.591008638
6590,854872.0913575508
6591,826421.3272689856
6592,834100.6697228547
6593,815059.7622444265
6594,803545.1231011718
6595,810522.7494505411
6596,812268.7220439904
6597,817399.8711239267
6598,817308.3604892812
6599,835703.9675011593
6600,834389.7994572356
6601,843638.5048741241
6602,839950.1741638317
6603,832257.4879397147
6604,833610.4372950948
6605,806320.0947425469
6606,813346.3168354188
6607,797166.9299833644
6608,791804.9949416023
6609,798160.9269463785
6610,808144.3097293971
6611,805007.3784330616
6612,776531.222843716
6613,761320.0752605095
6614,734103.3384933416
6615,751898.7255860076
6616,769353.709713933
6617,810359.8756358371
6618,804124.9219705138
6619,838735.847422511
6620,825548.414909179
6621,859772.6449601328
6622,864652.447370516
6623,876474.9779469232
6624,902761.8928180455
6625,881726.0360065608
6626,872912.9284702879
6627,865876.3024607264
6628,889192.4055427416
6629,898361.7647047613
6630,884204.2065171353
6631,877197.8191913518
6632,914903.8949146932
6633,903664.7932646952
6634,896044.393160999
6635,902137.971978534
6636,909461.3469111416
6637,882589.7231204861
6638,867807.1471338741
6639,900171.752626538
6640,898154.0622010147
6641,862985.4306811184
6642,852272.5930080939
6643,868873.788835972
6644,835934.7986593284
6645,806654.619500196
6646,826759.3962980049
6647,832275.1298114372
6648,822358.0796482682
6649,809902.6701970166
6650,799825.2673331703
6651,831071.3804678324
6652,843957.0858653215
6653,824559.5554848972
6654,843514.5167145034
6655,838955.6396506208
6656,856260.2715226987
6657,875452.6116549243
6658,923077.9161893356
6659,904941.0734299441
6660,957140.8987905927
6661,974011.002002791
6662,980267.1462304939
6663,1011883.2244270341
6664,1027001.3126767218
6665,1023918.0547198874
6666,1053439.4517947854
6667,1040824.2488159045
6668,1043510.8802390542
6669,1059362.5968948859
6670,1046744.7858861254
6671,1039976.2988106993
6672,1027623.1823682433
6673,1030824.1112590649
6674,1055686.4106168284
6675,1038771.2803234286
6676,1046354.5239602621
6677,1079460.5443061413
6678,1108427.6468233156
6679,1174068.3721798328
6680,1192279.3150871554
6681,1150653.4717050525
6682,1138049.3300962267
6683,1146022.5298279603
6684,1172284.2101860975
6685,1221557.4680039212
6686,1243234.617198471
6687,1224471.309504412
6688,1225734.9020398543
6689,1219050.883294638
6690,1236293.2337500178
6691,1237327.980706676
6692,1238358.993256897
6693,1261678.7181857345
6694,1241042.233959986
6695,1305682.1500169241
6696,1327771.5057359901
6697,1327801.0974258957
6698,1289818.0522160926
6699,1300730.4251208818
6700,1298315.6803193332
6701,1292597.402894373
6702,1292472.41187384
6703,1309578.673434556
6704,1345344.518106197
6705,1365005.874729346
6706,1377111.8945777551
6707,1369380.755953494
6708,1365042.3367592595
6709,1333632.395401164
6710,1388053.4843507202
6711,1423556.3504525132
6712,1411384.1776848258
6713,1489240.1011607929
6714,1446737.6058388138
6715,1438135.5138467771
6716,1448201.3120321734
6717,1460920.3836979843
6718,1481487.975572947
6719,1470694.1929451413
6720,1496088.5648789222
6721,1502462.1306546195
6722,1487764.6914012555
6723,1490710.521585335
6724,1502270.098937545
6725,1523583.041910841
6726,1537474.6833485614
6727,1543202.9812577427
6728,1535727.4886897977
6729,1557212.7567688285
6730,1561785.073453278
6731,1614283.5389211152
6732,1648648.627377176
6733,1659289.834436767
6734,1698246.4852338699
6735,1723747.4944920768
6736,1741653.772047125
6737,1718596.6138765058
6738,1772412.9788579424
6739,1782679.095051486
6740,1783666.7978031808
6741,1822873.2621999523
6742,1914178.0976413614
6743,1884320.4369991962
6744,1878579.1235345278
6745,1896897.5924360966
6746,1945871.2267256419
6747,1941789.421208047
6748,1954720.0364714032
6749,1973635.2807846286
6750,1994836.6157652019
6751,2035662.0489905006
6752,2041770.0618086036
6753,2069958.7466592009
6754,2108616.3511371915
6755,2130385.3973036096
6756,2155067.269419092
6757,2213095.0591834923
6758,2217585.0311901052
6759,2226368.8746678857
6760,2243384.4654739336
6761,2274371.566960545
6762,2301951.441346737
6763,2297169.217570319
6764,2300605.20464998
6765,2256573.3486991525
6766,2279879.5184943294
6767,2271975.9578201207
6768,2327778.1213652766
6769,2302953.2364286957
6770,2307562.6344126426
6771,2283397.02463476
6772,2300837.4088085187
6773,2301430.9233835004
6774,2312564.910269403
6775,2288713.0193677032
6776,2266667.2365877614
6777,2273429.7635346088
6778,2295500.6004188918
6779,2213551.226743056
6780,2202054.2752274442
6781,2214534.570827464
6782,2203917.697601591
6783,2264145.3468369464
6784,2284947.9056493025
6785,2298900.647879045
6786,2267456.762620987
6787,2284448.6476489953
6788,2270254.8718955326
6789,2307997.040921829
6790,2288095.978816611
6791,2327317.6074673943
6792,2328526.9200384435
6793,2283492.397663956
6794,2278596.6838700324
6795,2229056.458715306
6796,2165561.797132638
6797,2173962.7437435733
6798,2146208.7434735154
6799,2154597.703159073
6800,2133317.7439757986
6801,2139128.3586571137
6802,2133746.680076385
6803,2105476.9541214597
6804,2098548.0819051377
6805,2131408.116462668
6806,2198366.0951543255
6807,2157932.6799490144
6808,2172817.254930951
6809,2122183.473507381
6810,2179840.5572043797
6811,2154304.8082573046
6812,2198118.566686595
6813,2202408.513986042
6814,2178935.9727736632
6815,2194871.3886118187
6816,2193561.4814144378
6817,2203281.904195684
6818,2138340.988791616
6819,2170196.6194927907
6820,2159888.708330602
6821,2176351.0415834915
6822,2206125.7425431297
6823,2182792.1187674236
6824,2234426.456158714
6825,2185818.610741487
6826,2189284.4041033657
6827,2178174.2142015356
6828,2195200.772934621
6829,2225971.917705011
6830,2263513.4206952336
6831,2236604.1387802437
6832,2232734.9059212236
6833,2271980.797495395
6834,2289553.2235793755
6835,2300324.3025569813
6836,2269838.25222973
6837,2243804.229047291
6838,2231100.399759482
6839,2265860.2097748527
6840,2268202.7599151167
6841,2319259.9934397927
6842,2267555.00121663
6843,2279199.183949539
6844,2244351.1048898934
6845,2237840.2052206737
6846,2209561.421994205
6847,2151835.0588516914
6848,2172819.6790402075
6849,2168691.481121458
6850,2200338.1473552124
6851,2195650.4380990188
6852,2239223.2339604544
6853,2232834.79216634
6854,2206699.7555851936
6855,2190132.4161915984
6856,2197211.7298191544
6857,2184860.8006806667
6858,2183562.2811930845
6859,2168929.062543516
6860,2113081.7684027855
6861,2156294.3225228796
6862,2131222.5130937947
6863,2117546.9979654867
6864,2052448.8167557877
6865,2066464.7663144642
6866,2037423.6651284653
6867,2017751.5854677008
6868,2017879.6819214667
6869,1976307.3961471163
6870,1959668.1388548887
6871,1954450.4373308194
6872,1913158.751567261
6873,1888517.4569661748
6874,1857837.3881271593
6875,1839851.338529055
6876,1815387.6861957093
6877,1821229.6926726392
6878,1859491.2596010678
6879,1852994.191235813
6880,1820847.3044626184
6881,1807005.2913328083
6882,1762305.122018306
6883,1714376.375325271
6884,1692772.0917221294
6885,1699813.435375004
6886,1632218.250246393
6887,1597599.9040188813
6888,1603762.3558355214
6889,1627822.3174099477
6890,1617823.0999518468
6891,1566060.1111564313
6892,1517861.787793055
6893,1502618.0371206289
6894,1532301.2352772513
6895,1549792.5895197259
6896,1515980.4500847217
6897,1517963.770692298
6898,1524100.8565157221
6899,1509646.9329276027
6900,1521692.3208757702
6901,1513051.1726323366
6902,1509108.3787139347
6903,1513430.456530567
6904,1491947.807522945
6905,1495284.9802580217
6906,1484887.9327499953
6907,1475584.658067453
6908,1466192.4895375094
6909,1384430.9079905783
6910,1399149.7242443722
6911,1422330.8764282467
6912,1374250.8763604986
6913,1383306.611523958
6914,1344354.3164640814
6915,1334515.412204786
6916,1324342.498170141
6917,1304376.3148981216
6918,1281772.9569305945
6919,1269969.533081363
6920,1273297.02576011
6921,1258910.5904641184
6922,1219800.055537498
6923,1222989.424373039
6924,1200836.6775053847
6925,1220190.6450030736
6926,1191844.668582665
6927,1148635.399838942
6928,1157274.6182598174
6929,1139312.2706619937
6930,1142195.873650614
6931,1129073.8113777838
6932,1086868.9276181252
6933,1078942.676059517
6934,1048336.0126088102
6935,1066955.032574512
6936,1053843.7621037653
6937,1052690.374186109
6938,1027657.4638047115
6939,1012799.7497884387
6940,971415.9389117506
6941,948231.3732254603
6942,906994.0710408222
6943,889728.981249085
6944,842456.5461537588
6945,868836.3560719744
6946,881618.3981698477
6947,856842.6017796844
6948,812617.0893194864
6949,784282.4331009779
6950,777685.123737772
6951,771282.2222790814
6952,760077.5233026051
6953,741307.9901670285
6954,710314.6034636598
6955,673101.3317515823
6956,660882.8184096265
6957,658000.4095889489
6958,661986.7678686797
6959,642832.9601995547
6960,606893.6805278519
6961,601672.1460943301
6962,562520.5846979626
6963,537160.9619142164
6964,517524.8582622726
6965,495935.94068970584
6966,497031.29068566166
6967,510096.29300135956
6968,505879.70713904867
6969,488991.90076071385
6970,479748.0245579623
6971,467186.84359797434
6972,419431.4300153351
6973,402654.2208544985
6974,415740.44647642446
6975,426833.2902082364
6976,401250.66405034764
6977,401302.2886653724
6978,372885.6677425852
6979,373599.5145644135
6980,355670.54929286224
6981,357301.0813155511
6982,344097.70424903836
6983,324395.65700139845
6984,323874.3766059178
6985,330217.04516082327
6986,336336.5092638944
6987,359946.3448619208
6988,361382.24997505744
6989,354465.6181109583
6990,352571.7394536096
6991,346435.3107440802
6992,346252.8873736439
6993,350946.6941949041
6994,347090.3252527285
6995,361446.57373287255
6996,367881.64176930464
6997,370125.74887258327
6998,355358.3287345507
6999,358773.77321231965
7000,358735.45279777463
7001,363294.29253947636
7002,350169.90056695
7003,343411.3463184561
7004,333632.5699366924
7005,347644.70143493597
7006,349675.3790840901
7007,348636.53333256056
7008,382929.12101537007
7009,349112.4993612679
7010,342639.0365271512
7011,342639.0345271512
7012,332199.8372107998
7013,339338.9061412259
7014,347119.9278526837
7015,366259.93557912094
7016,391398.10836381424
7017,372917.4415786484
7018,389006.20788561506
7019,367008.2300127302
7020,370728.31092904916
7021,347708.50173122634
7022,356004.1959321537
7023,362810.7174582395
7024,339460.3579285055
7025,346531.29525827675
7026,317518.8465059508
7027,298239.7921939193
7028,306157.0107859166
7029,291537.44760048407
7030,291802.4103382694
7031,265596.9029889577
7032,276135.1794157716
7033,269855.55169815966
7034,267734.4267044421
7035,272044.26350489206
7036,257565.29818133445
7037,258306.36949784806
7038,253429.79099537095
7039,239023.33144715623
7040,249009.21909048216
7041,242576.16928380408
7042,237186.15699519007
7043,239950.95664577666
7044,246729.21846526547
7045,233330.79070237215
7046,233874.46953224676
7047,261293.6797103011
7048,276027.7865106547
7049,276249.5447915937
7050,263583.86854431167
7051,259158.96197745108
7052,270753.6255451083
7053,252039.19648004393
7054,257170.80456388832
7055,251736.98939169972
7056,245184.60732188835
7057,245020.62969185776
7058,237956.25574317976
7059,212073.65852747206
7060,211489.48261421395
7061,210878.631095394
7062,210158.89078127567
7063,216130.71352591435
7064,232246.20104337687
7065,239041.27816933833
7066,227687.1694931411
7067,212438.6529842864
7068,187902.33154116737
7069,187902.32954116736
7070,182628.63808236696
7071,185878.91450960815
7072,185878.90850960815
7073,191315.62319900648
7074,184774.6090700478
7075,171191.20049050552
7076,166236.1939716733
7077,177315.39315348983
7078,171816.67285704022
7079,164848.27218817564
7080,157408.5984301645
7081,158803.80363726188
7082,175572.3674747449
7083,167119.7182724934
7084,161530.8680446274
7085,162458.8132723063
7086,144367.83723481238
7087,157294.26721032948
7088,166051.3639189256
7089,174419.6263123622
7090,181171.57663698168
7091,179443.8051840172
7092,190218.90526785012
7093,188885.00809999224
7094,183422.56459009962
7095,191972.83824316255
7096,179109.18368802074
7097,184145.89917769638
7098,175431.40377140942
7099,181130.74090741688
7100,172577.3871369857
7101,198516.93748969492
7102,185229.95670666953
7103,184281.82722986955
7104,185000.9224066314
7105,166510.22789135895
7106,160114.8904086092
7107,160114.88840860923
7108,169582.51221840887
7109,155234.04917689314
7110,140602.5670268594
7111,140602.56302685943
7112,134497.06009394073
7113,135396.56489388354
7114,129874.46000155603
7115,124749.58286316658
7116,131060.58808275872
7117,131060.58108275873
7118,130141.78550753591
7119,128632.15255396297
7120,126474.57669906878
7121,123438.44462835715
7122,116882.06670331933
7123,123241.46466096156
7124,111435.29204496916
7125,102023.73989778568
7126,94451.63750571563
7127,94451.63750571563
7128,101451.96421545517
7129,101451.96321545518
7130,93704.11644394277
7131,86965.50939419813
7132,94233.48123696014
7133,106723.07477722902
7134,100124.2278412787
7135,100124.2258412787
7136,100124.2238412787
7137,101107.29607251346
7138,115145.53306120475
7139,107935.26370718388
7140,114326.4198687901
7141,113458.19135154645
7142,113458.19135154645
7143,113458.19135154645
7144,106685.12025899376
7145,106685.12025899376
7146,107158.97316621992
7147,108929.4992919678
7148,132135.1764019744
7149,118983.07742621069
7150,119701.3204418075
7151,119701.3204418075
7152,125703.58460236788
7153,131608.6255067657
7154,129958.39766498854
7155,122229.30969290914
7156,135382.9783641776
7157,130304.45754538177
7158,130470.93996328698
7159,123017.74594907486
7160,134611.967463665
7161,134611.967463665
7162,134036.45680702824
7163,134036.45680702824
7164,146171.46743831947
7165,152679.8727899436
7166,146822.03479045065
7167,146598.9703481072
7168,146598.9703481072
7169,144837.7055152642
7170,137918.96332731366
7171,131943.13272417322
7172,139090.44850462434
7173,150720.2003384676
7174,136713.80654935073
7175,135751.61071587692
7176,135751.61071587692
7177,110761.29160038824
7178,116088.29815687824
7179,110050.00925202265
7180,103410.94288116762
7181,103410.94288116762
7182,98162.96026802831
7183,92206.74519932135
7184,92206.74519932135
7185,71780.45664742978
7186,64906.994618429315
7187,57402.277817028255
7188,44904.19649182071
7189,44904.19649182071
7190,44904.19649182071
7191,37864.89742314916
7192,24695.85843512419
7193,17281.664084210315
7194,12474.712336941131
7195,12474.712336941131
7196,12474.712336941131
7197,12474.712336941131
7198,5327.396556490001
7199,0.3900000000000003
7200,0.7590000000000006
7201,0.7590000000000006
7202,0.7590000000000006
7203,35579.568635850934
7204,42723.5943043903
7205,72954.26799219573
7206,80005.4229332715
7207,100901.79987716599
7208,121479.63906120294
7209,127978.03368592999
7210,121652.42273221709
7211,113334.69375463383
7212,120742.02592614513
7213,118135.12568178501
7214,126734.62235412376
7215,126558.44504920603
7216,136441.60274885086
7217,138768.0668540992
7218,157090.66666374312
7219,201501.3851949909
7220,215256.5598604926
7221,209233.4162794559
7222,208750.49038730358
7223,218964.54923286202
7224,230262.00150263385
7225,244417.74958355504
7226,268452.74239674833
7227,282829.3374577684
7228,301034.48772157286
7229,308679.9981578036
7230,330325.28731841384
7231,345291.751362484
7232,375658.52094426827
7233,360007.77319818834
7234,331705.83473043825
7235,345984.1980545283
7236,359036.7303109055
7237,345745.2914518889
7238,349710.5022146556
7239,340350.5872190412
7240,360347.211953535
7241,339728.63731776696
7242,333917.73193634197
7243,350173.7768811037
7244,353138.2304522495
7245,353150.0082750393
7246,334364.25936024747
7247,328762.4503816861
7248,329071.1252925962
7249,351697.089461083
7250,343025.9397873174
7251,358203.13353324705
7252,359294.7195673597
7253,340804.83742068685
7254,344097.28053238796
7255,364549.0926497983
7256,355597.53562980576
7257,328340.8657541977
7258,326960.10079423984
7259,318581.0833137385
7260,319702.1008364075
7261,304892.5363340115
7262,326426.1159709864
7263,303215.7852582843
7264,306990.4570442767
7265,309502.7180799388
7266,303241.98948048305
7267,309328.8911298002
7268,318866.90439571306
7269,318532.29227839253
7270,319758.32124986616
7271,349070.6833975144
7272,349487.1660436659
7273,341233.09069344343
7274,353161.9544177928
7275,340079.58179765526
7276,371440.7002093184
7277,373912.48515127006
7278,372837.69319777586
7279,364323.86175477644
7280,375695.331479136
7281,356461.2849678778
7282,361523.96659673407
7283,373958.98208144936
7284,344781.69422521023
7285,337854.2472897706
7286,346762.57441010186
7287,351011.395524657
7288,357134.5201861187
7289,316381.12222120963
7290,336531.31882835116
7291,352597.77193968697
7292,354453.75423590146
7293,334787.55343622516
7294,327165.1786556148
7295,349579.8490105586
7296,349939.350913639
7297,353027.4141089577
7298,369892.3944987346
7299,371250.5569036557
7300,385366.4969228956
7301,401965.2389824458
7302,377806.84292960796
7303,354298.8105520307
7304,379422.54509414086
7305,379848.6176728877
7306,395836.2196339273
7307,385394.51856464904
7308,400987.561644719
7309,404962.99376655155
7310,417961.8473272647
7311,445123.3824268911
7312,428215.0137249003
7313,437089.8530684294
7314,442519.3367688091
7315,438679.88668584777
7316,453512.5847885272
7317,443810.1653118603
7318,444178.29396672733
7319,445572.1280557746
7320,425700.4419115266
7321,423579.43773098843
7322,415474.6117082023
7323,413000.81603572285
7324,427089.10013990244
7325,443034.90513381653
7326,433929.72063120257
7327,407911.7155291079
7328,393333.26693510474
7329,407852.9405341128
7330,404147.0934637346
7331,381363.9803694078
7332,371914.7542856986
7333,355845.8107854954
7334,345956.34613577934
7335,335469.4586010857
7336,330016.84291952994
7337,312765.73751626845
7338,306061.79891079117
7339,308655.6657373389
7340,285303.5175100181
7341,273649.8574249431
7342,286328.3165665198
7343,257107.91787923846
7344,281322.9032254432
7345,304990.6100479157
7346,313370.86528763635
7347,323071.8288426875
7348,327537.3040024905
7349,327537.3040024905
7350,326960.38469786244
7351,333725.5209899559
7352,346311.89271819306
7353,335625.4216754563
7354,345119.0410671433
7355,352962.79983426817
7356,326721.5247222957
7357,334225.4666024664
7358,341328.61783962883
7359,340048.91510298953
7360,340494.0992841157
7361,340494.0992841157
7362,340935.0061711254
7363,319263.92502726876
7364,321397.80735612055
7365,351282.23517658375
7366,363668.52795977634
7367,371244.2786861947
7368,397959.3039881221
7369,406201.1992211559
7370,415432.2230496132
7371,393581.80595975614
7372,356546.0038579708
7373,381090.5661547717
7374,398745.20369119494
7375,387603.31301566464
7376,387404.9700942418
7377,381071.2505903495
7378,371199.45430616284
7379,351295.78819392744
7380,321593.0015173669
7381,317919.62746948726
7382,312243.1020502877
7383,318320.57842024096
7384,340822.17582916585
7385,337508.230671806
7386,339537.18750793353
7387,306847.8813884586
7388,314047.45344756014
7389,296379.9936311905
7390,316782.5128128954
7391,323203.880400633
7392,344506.1694079069
7393,319939.70313620515
7394,313700.90890094993
7395,275184.5028107001
7396,269222.2980913247
7397,296579.6696534166
7398,310145.7066407277
7399,305047.57153554464
7400,291191.3880025337
7401,294791.98195368017
7402,314340.2862464577
7403,306689.50253969384
7404,320375.04161617125
7405,301844.60021955497
7406,290469.9852845918
7407,288592.2192586358
7408,282624.5038468436
7409,299181.2820199334
7410,302630.3939808234
7411,326398.5120850288
7412,328663.00783925573
7413,307117.9808129381
7414,314639.28237716435
7415,300444.55356820894
7416,300944.54979637323
7417,296300.659863191
7418,288244.8602628158
7419,292552.23026316595
7420,300005.7652065319
7421,296767.674995572
7422,312859.91595873144
7423,303768.4481783977
7424,303252.9545894186
7425,313241.7230452263
7426,306124.337055136
7427,308012.21549567895
7428,300953.1974248038
7429,299017.9837030949
7430,314985.7537106406
7431,325359.4103097853
7432,327059.9092595218
7433,319109.01787115604
7434,346391.8796867315
7435,351745.59647532785
7436,352975.3321791112
7437,344553.1226743937
7438,315136.9003483795
7439,321488.49526818644
7440,331383.5550038425
7441,315894.9518458045
7442,316158.2744804432
7443,298973.9457799279
7444,294672.69184419955
7445,305808.2010130752
7446,267902.390301143
7447,273612.62825369526
7448,275476.0540650113
7449,265738.1086960326
7450,267415.56833232107
7451,260380.0102581983
7452,270008.22235452087
7453,289882.36789904983
7454,298058.93697544176
7455,298311.57548824255
7456,282653.54494095244
7457,276636.38422876486
7458,255278.29652141256
7459,274701.6848212408
7460,279584.7484231593
7461,282008.6515799034
7462,288115.5928120869
7463,255044.53217684303
7464,243771.9591351387
7465,258688.15331211535
7466,249882.01643462887
7467,271252.9987026623
7468,271252.9987026623
7469,291391.5229601956
7470,297455.267949203
7471,311291.4873253399
7472,293666.5972514853
7473,286578.9779800701
7474,313937.8624597544
7475,319682.7032414475
7476,318748.0125937475
7477,330869.50524880877
7478,332021.681426187
7479,354881.80709157453
7480,333919.13267669216
7481,365662.2418829745
7482,366494.7923119392
7483,383314.8075823799
7484,362636.21750332316
7485,357622.31624689576
7486,351216.70256942435
7487,331130.7242170263
7488,332108.18631024257
7489,324427.6037108219
7490,320563.0583998328
7491,328772.4756381727
7492,329406.3894868202
7493,297977.6147743061
7494,277440.138740917
7495,268484.2142522357
7496,290870.8003946934
7497,270953.82831253874
7498,280965.91377220216
7499,293368.10124942
7500,283739.30173011066
7501,287820.07728076755
7502,286404.5648478777
7503,292586.8927200743
7504,271158.5722721185
7505,268738.05065496865
7506,253128.95217395734
7507,260547.0885275219
7508,267969.99802361836
7509,263648.7131668701
7510,262582.79518644133
7511,261154.16818181437
7512,280314.04798651556
7513,279916.16566946544
7514,280906.64819812897
7515,270321.1156925697
7516,257768.35931665616
7517,255711.36450768186
7518,258973.484546746
7519,258923.99454559304
7520,256721.5666145368
7521,245068.10773722891
7522,256474.58551982365
7523,249616.57413821633
7524,266233.12131979346
7525,265238.564923206
7526,270403.2882716225
7527,263437.5826064674
7528,256173.14027528852
7529,257425.60549195003
7530,277231.2329838606
7531,287516.0134113952
7532,269763.49273410917
7533,262727.0710383705
7534,285255.91882980673
7535,282076.2790086417
7536,276162.8344698828
7537,269255.8261581618
7538,287658.2647954562
7539,275609.7999463639
7540,275159.523583111
7541,291602.71797405643
7542,277165.1601653844
7543,284826.74630007957
7544,275753.135981214
7545,274586.7353501585
7546,279681.4917510308
7547,282468.2350954925
7548,276600.406905174
7549,260934.22154696926
7550,268371.28233523446
7551,285260.565143593
7552,295725.0581200375
7553,310681.33854266023
7554,298534.7002396851
7555,290225.7874233863
7556,296660.2095586078
7557,276681.79517249303
7558,244484.03116931964
7559,266398.3112730642
7560,278312.52280818357
7561,287073.25224062183
7562,273316.63405999274
7563,257971.84906341578
7564,264456.92924909474
7565,273593.5304433148
7566,258940.70979425163
7567,264080.0502676694
7568,288734.04482043884
7569,297595.1142130257
7570,295515.29176534276
7571,304603.39065443026
7572,303225.9789730489
7573,348157.9084306566
7574,361539.7489268845
7575,343967.79492218024
7576,345542.0291781442
7577,372664.62314721686
7578,363595.5775666186
7579,380133.55672599445
7580,368812.4922256041
7581,370080.5484716184
7582,401626.5824650181
7583,406293.24127295264
7584,410382.5898344171
7585,429174.59777413146
7586,425322.2664568256
7587,416648.92306536273
7588,434615.34366584773
7589,416913.7743202963
7590,417147.62413005566
7591,421602.48406727763
7592,430393.46369008586
7593,437487.7358402736
7594,443303.0348028002
7595,447626.5086640292
7596,522207.8321441975
7597,530962.9389817796
7598,522679.0600158321
7599,499651.3027889953
7600,536418.6938076144
7601,544770.9576965611
7602,558982.1945748994
7603,555145.5726386379
7604,565186.2427783955
7605,580759.2874358634
7606,600613.5988105598
7607,626364.2805075035
7608,611366.9072415581
7609,634774.0502254631
7610,611162.2594778211
7611,605217.5592161239
7612,597791.4860437803
7613,622695.8905839863
7614,632232.8551550918
7615,623647.6446820468
7616,623898.2286712389
7617,624539.3675090979
7618,598111.315329272
7619,609280.9647469562
7620,579218.7660771733
7621,580197.6300423937
7622,601434.05530568
7623,606173.9946456129
7624,585294.6575934805
7625,603791.5534696335
7626,633691.5562373749
7627,649000.9940389798
7628,639628.8735183415
7629,615198.7460417975
7630,638064.5350521768
7631,622060.4502087673
7632,635562.8089997818
7633,643532.8110562947
7634,619079.7851561776
7635,602086.1059896701
7636,648579.4696754973
7637,640214.3083655396
7638,654691.6861816199
7639,654456.9910260687
7640,652056.3425477383
7641,637386.3535724258
7642,629200.0091827136
7643,629073.6488051104
7644,577441.4458419154
7645,578368.5512107536
7646,576866.66327943
7647,605598.4257420844
7648,587019.9479605934
7649,598775.6109928502
7650,601437.1555857122
7651,558882.0391234182
7652,590857.350345041
7653,591020.9772215089
7654,554663.6631305908
7655,551563.2646406138
7656,563971.023708355
7657,558051.427066972
7658,557332.3691372426
7659,553342.9351799136
7660,536982.7327908948
7661,570277.5908502628
7662,587090.509940203
7663,590032.0348231022
7664,568144.9401740388
7665,599526.9988511651
7666,614874.8331267235
7667,615261.1254552612
7668,633034.4701709138
7669,649146.699141706
7670,658019.6427263746
7671,697886.4964148676
7672,712939.6449543753
7673,686041.787596636
7674,687284.0955612332
7675,681671.6678746373
7676,666386.7989988945
7677,675123.0572112196
7678,686091.4528576473
7679,706634.8635560852
7680,699273.3048382476
7681,700003.650640729
7682,702541.8849674898
7683,715469.7769250576
7684,720412.5920836986
7685,727067.4927387225
7686,721686.6777590739
7687,718042.2521490236
7688,698850.4323796647
7689,709427.0983886129
7690,707147.2625535467
7691,700449.3724219135
7692,736445.0953317012
7693,752554.3091393748
7694,739766.2229646516
7695,764411.9219841693
7696,774749.0962953297
7697,747511.7684201801
7698,735124.4701335463
7699,708544.4559512519
7700,738228.0800093616
7701,744778.5108109553
7702,730079.0941220715
7703,734525.3471763005
7704,774608.0838543719
7705,756558.0571258091
7706,777419.5176776433
7707,801444.522141148
7708,773195.6386150284
7709,774959.9700376145
7710,787801.4060934363
7711,767928.3510070592
7712,768025.2194832818
7713,787195.549443882
7714,780442.1480284682
7715,775601.9443949547
7716,776051.3322731091
7717,782922.6483254494
7718,790493.8418805724
7719,807514.3517228693
7720,805462.3582255996
7721,809530.9675246947
7722,818790.1886183858
7723,808756.5343684929
7724,829109.2539664913
7725,860127.4087740047
7726,896697.9642702168
7727,882680.3097611719
7728,915244.8168390397
7729,930686.1053714924
7730,963660.6083454142
7731,952562.3619953236
7732,950179.8612798882
7733,937120.0445093032
7734,942210.4192610716
7735,948647.1298516087
7736,1001658.2615553436
7737,1010619.5330316313
7738,993535.6296118932
7739,966764.2501307235
7740,981252.1592412556
7741,985661.4003348955
7742,975216.8198849072
7743,995764.6970592153
7744,1006490.4656964551
7745,1002996.2639190682
7746,967782.4461892496
7747,959530.6975416755
7748,934647.8118658657
7749,982014.8842847308
7750,987659.7655148307
7751,1023120.3818715953
7752,998791.2005245759
7753,976645.4225889137
7754,970830.2306682412
7755,995993.3468388459
7756,1011345.8860231744
7757,998756.0486886612
7758,983962.608033886
7759,998473.393821429
7760,1013411.0966185814
7761,1004051.5103461972
7762,965432.8739304714
7763,931704.7624527799
7764,923817.6945601879
7765,914118.8138705388
7766,909019.5717258999
7767,890656.4161905173
7768,904133.7922596426
7769,910092.22662826
7770,930065.1611030942
7771,894058.3416750078
7772,935945.4026692866
7773,924165.5621363361
7774,903770.5440510605
7775,929203.5203068343
7776,952163.163029942
7777,1004373.5094267483
7778,1013181.888121473
7779,1030159.3708437897
7780,1033181.5194552786
7781,1025529.7089368347
7782,1025175.7983793156
7783,1017278.5979678296
7784,1002038.6108635084
7785,1023532.6534895635
7786,1009746.3038504162
7787,1038541.2005776026
7788,1053485.376354648
7789,1004726.1812010357
7790,1035381.7794525385
7791,1064980.222387804
7792,1067557.357908144
7793,1104465.9992429928
7794,1159035.45293494
7795,1195675.6686927632
7796,1146302.5873681977
7797,1154100.5408746838
7798,1159224.6497330144
7799,1182066.6825626115
7800,1180010.387869357
7801,1229625.853693417
7802,1216426.263942186
7803,1223429.3401394058
7804,1201000.586489703
7805,1240383.7005355777
7806,1222921.2541192735
7807,1233625.880966648
7808,1183189.9206598892
7809,1199092.7949436528
7810,1227499.3627641515
7811,1191612.4316336068
7812,1183102.1630616663
7813,1172001.0206842206
7814,1167848.511895298
7815,1207962.317153484
7816,1242529.747970295
7817,1229244.0911010655
7818,1260419.3071038774
7819,1225998.0421338947
7820,1240857.8163792982
7821,1256791.8329755012
7822,1255006.546103675
7823,1264117.9185126715
7824,1283182.3142276758
7825,1298620.509179179
7826,1282268.8295866842
7827,1307628.1638395167
7828,1328171.3666825187
7829,1347586.7859181527
7830,1392401.755526348
7831,1392664.1931872685
7832,1373312.5381022405
7833,1379052.5895293762
7834,1341818.5712243086
7835,1380082.5211359935
7836,1337333.791970238
7837,1317377.050099764
7838,1354760.696093467
7839,1366258.813610354
7840,1375764.2542168526
7841,1398910.4267560772
7842,1372229.4522571852
7843,1394974.6355622425
7844,1389354.8754825308
7845,1356920.420391625
7846,1349145.1396307808
7847,1338525.7598837267
7848,1373043.74920365
7849,1381243.9998511928
7850,1431078.9549349323
7851,1444262.946441067
7852,1415807.1435898459
7853,1378591.4812418234
7854,1393672.5667374607
7855,1428116.0723953326
7856,1425703.8763959017
7857,1451867.124803968
7858,1444304.0440952803
7859,1453380.5805046647
7860,1438096.516043421
7861,1419484.8519566196
7862,1441297.6059510205
7863,1400378.8725322636
7864,1419475.0320987147
7865,1396772.738833733
7866,1393408.3404249877
7867,1400815.82102933
7868,1400568.0270143363
7869,1455836.351802023
7870,1434540.6628289477
7871,1370484.1778212236
7872,1407692.9075454143
7873,1397802.6192634506
7874,1406808.9108263429
7875,1445397.1227204811
7876,1453521.767062325
7877,1413024.102713845
7878,1393510.1839933223
7879,1423927.3214366615
7880,1450132.0907151592
7881,1471616.8364335017
7882,1471884.202962466
7883,1480921.4680861323
7884,1514776.3490470988
7885,1536617.2452207846
7886,1513803.65898597
7887,1557651.9609723683
7888,1572240.8590048335
7889,1635373.3306487007
7890,1703936.8937718663
7891,1727970.5293691617
7892,1728346.3083300905
7893,1744161.4152606702
7894,1748398.3609691681
7895,1724668.8282660558
7896,1697383.622526875
7897,1700054.6222189267
7898,1704952.3899314948
7899,1718072.0574338173
7900,1753193.4027667027
7901,1739010.1988367739
7902,1726846.4704411414
7903,1720665.9896460196
7904,1706371.1080446725
7905,1684524.2168790866
7906,1644659.4863815424
7907,1616252.3298697155
7908,1605212.2969365504
7909,1607544.1825182685
7910,1614718.5883197624
7911,1636552.6610123795
7912,1558199.0881108227
7913,1564566.2192761947
7914,1517255.8617950755
7915,1469990.6802935884
7916,1465394.7263430867
7917,1450545.1602246496
7918,1411797.5656205788
7919,1396697.5001004804
7920,1429757.6549635644
7921,1419879.1680543271
7922,1451618.19448803
7923,1450281.579892479
7924,1440118.940483382
7925,1441111.8489045852
7926,1473997.6918714368
7927,1510366.269867637
7928,1504746.1387762304
7929,1549000.1857631244
7930,1535901.797601252
7931,1566976.4128556012
7932,1548660.4411434743
7933,1557235.7735278679
7934,1539081.1845498607
7935,1553739.015836988
7936,1575569.0389493206
7937,1627654.4417749038
7938,1621640.5986512015
7939,1585492.275162368
7940,1571997.0990179786
7941,1540696.5625204984
7942,1540558.8693091637
7943,1573720.4965878522
7944,1557702.5462299993
7945,1533091.5804026609
7946,1529512.1917129327
7947,1519967.994150975
7948,1586941.5589269449
7949,1617856.9525323089
7950,1651189.8497207393
7951,1653582.6106550782
7952,1669066.1404001636
7953,1612820.2553303575
7954,1616954.0552337435
7955,1578481.9228061088
7956,1584652.0084887263
7957,1589913.2811612696
7958,1575089.859449831
7959,1571739.5963733855
7960,1533696.1583119498
7961,1516799.7272107399
7962,1504010.1513594666
7963,1553966.3534317084
7964,1548202.0128390917
7965,1583798.4438539215
7966,1583869.812173897
7967,1609148.4664903744
7968,1591700.2743497924
7969,1563633.1732208717
7970,1581458.103656473
7971,1556662.3581687987
7972,1582956.9864789478
7973,1568536.1447692807
7974,1547433.09673441
7975,1541480.7212787862
7976,1533971.374768653
7977,1529834.315997505
7978,1484960.5692679917
7979,1490862.9808927192
7980,1496753.0393862044
7981,1486137.7820451376
7982,1504532.2415034112
7983,1472943.099289101
7984,1509124.665457513
7985,1533832.1649253913
7986,1504963.5308650914
7987,1469815.449299831
7988,1448559.147517287
7989,1453415.3133811913
7990,1483296.5160885127
7991,1444328.7319378317
7992,1457348.4993900282
7993,1413221.622561466
7994,1385170.4836867754
7995,1344983.25938384
7996,1379373.116573772
7997,1404736.4883324571
7998,1395902.350104296
7999,1442142.143866326
8000,1410610.0069052558
8001,1346965.7458529298
8002,1353825.1383347316
8003,1359352.3820034675
8004,1387098.2034255625
8005,1414058.1905748681
8006,1382377.709856085
8007,1369095.7621671478
8008,1397920.074941329
8009,1401242.3797752915
8010,1449666.8392526724
8011,1442868.4093215896
8012,1460098.6455937277
8013,1481403.451030378
8014,1510563.321466194
8015,1508761.0246790792
8016,1496797.482730566
8017,1509091.3519434666
8018,1472050.1948433965
8019,1512145.8321249776
8020,1447232.4190337986
8021,1498700.707504869
8022,1527261.0152542116
8023,1553519.08661837
8024,1514691.0231761239
8025,1542633.1953812817
8026,1538282.9315332107
8027,1519979.5162645462
8028,1520553.5264353682
8029,1546368.4974394266
8030,1553444.6376399028
8031,1595152.0787579133
8032,1643583.8871466182
8033,1633401.3855543784
8034,1644661.8062356338
8035,1598497.2555033898
8036,1630581.8747141291
8037,1673422.2035667298
8038,1699368.8336533038
8039,1699408.5146790019
8040,1701744.4278795202
8041,1689633.838095393
8042,1665043.7571332904
8043,1638294.2450677606
8044,1657587.8817251245
8045,1673056.835195258
8046,1680846.221126736
8047,1710221.044745721
8048,1710005.7271083286
8049,1634055.5683033902
8050,1654981.477347391
8051,1621511.2777470527
8052,1593138.686996677
8053,1615035.424180809
8054,1578766.3088182139
8055,1583385.1384073778
8056,1605365.8815503544
8057,1642125.8426012225
8058,1541474.405653417
8059,1518879.8501344966
8060,1563044.7906304887
8061,1555785.7528829891
8062,1551556.701741191
8063,1564389.0339240474
8064,1586960.2874261064
8065,1529201.658723379
8066,1471873.9997861616
8067,1419728.1774790804
8068,1422160.9601093868
8069,1439950.0718291597
8070,1409555.939715372
8071,1421174.9514479805
8072,1425286.4578289252
8073,1429316.8560701362
8074,1414524.3965537439
8075,1456081.1703796766
8076,1503951.3186574774
8077,1518588.1931253946
8078,1507471.0918490877
8079,1485796.0743049704
8080,1514233.516573553
8081,1557329.259738548
8082,1517395.4794622026
8083,1524519.770196799
8084,1565847.5820951113
8085,1602162.6861028713
8086,1577871.073034426
8087,1569670.2614215442
8088,1601995.995858971
8089,1599318.0395200143
8090,1603419.4618594078
8091,1617497.8209709316
8092,1586671.1064591054
8093,1562630.3060925496
8094,1567377.8374377512
8095,1643002.80935857
8096,1609596.4343281714
8097,1632477.4586284298
8098,1603088.4742124074
8099,1530999.3503250983
8100,1561184.6988269738
8101,1584966.0792126027
8102,1628788.0219162076
8103,1594367.4870281578
8104,1565077.7949588713
8105,1583715.501065152
8106,1617625.9518953422
8107,1630599.4437482357
8108,1627686.2102572077
8109,1652524.922701896
8110,1639565.1477425918
8111,1656745.5047578663
8112,1712614.4024081915
8113,1703286.2421906467
8114,1658367.2227771096
8115,1649751.806183449
8116,1618057.7717132815
8117,1583794.4853179925
8118,1601252.5317434517
8119,1569989.2216200014
8120,1553936.5375670241
8121,1512409.0592726807
8122,1505504.9119097756
8123,1500718.9980634141
8124,1502214.7470131582
8125,1516242.1295672972
8126,1512082.0803661253
8127,1503068.3646537608
8128,1492764.5282216258
8129,1513187.716765559
8130,1492312.8466694104
8131,1495051.0526948932
8132,1485980.6636668015
8133,1507319.1479721582
8134,1478515.3248282748
8135,1480413.103878058
8136,1533211.3392352792
8137,1589114.253968828
8138,1581030.3690755467
8139,1629341.0156235676
8140,1586729.1212462473
8141,1604864.1429906678
8142,1639066.8022271267
8143,1650243.2302360155
8144,1670742.168427906
8145,1680548.1534052023
8146,1687554.2702251254
8147,1687619.5464719152
8148,1669239.4177144128
8149,1625229.2565640102
8150,1671566.6973180452
8151,1632470.4611611767
8152,1658114.6357249252
8153,1696497.657191548
8154,1727279.9725957676
8155,1709842.2211744515
8156,1671337.9088270555
8157,1674874.9485977404
8158,1679360.9305651826
8159,1637418.3677126528
8160,1634403.5215864074
8161,1652257.6077414714
8162,1679629.8315447965
8163,1687411.0554796304
8164,1710709.3478381163
8165,1680369.115626768
8166,1667439.3184743351
8167,1667470.734456803
8168,1671584.044009121
8169,1662624.9306211723
8170,1689560.1269828125
8171,1662653.3796870077
8172,1675726.088960174
8173,1650428.313536502
8174,1656768.2010758342
8175,1661929.2605580315
8176,1616733.1211395739
8177,1608967.5798807044
8178,1589125.6697145544
8179,1589615.0316145504
8180,1575508.0385056613
8181,1569193.9882793135
8182,1559813.3395806174
8183,1536359.3199385765
8184,1510130.880517265
8185,1538708.7770469766
8186,1574840.4524961757
8187,1603663.3310211366
8188,1611997.0998405977
8189,1610438.7226935197
8190,1643123.2736479156
8191,1651783.0443440517
8192,1621138.8996619016
8193,1605927.5066065802
8194,1623099.0570949651
8195,1591855.1073973188
8196,1526703.3435664312
8197,1488767.0442031818
8198,1472613.5806687663
8199,1466331.4125807027
8200,1477594.3990445628
8201,1459480.5466373796
8202,1446138.0881232657
8203,1456646.5430129548
8204,1482772.6651034837
8205,1460852.0147968582
8206,1490092.612599686
8207,1461356.1538758418
8208,1434133.3001838669
8209,1400537.6748152184
8210,1444059.3878529537
8211,1528419.6775789862
8212,1554508.5404589518
8213,1572624.9068241625
8214,1565712.091102559
8215,1543213.291772426
8216,1549992.2628193356
8217,1600827.1208470643
8218,1620307.5433577874
8219,1648704.0250249512
8220,1655846.2508235204
8221,1650696.407570975
8222,1646785.090298736
8223,1700277.2493021109
8224,1687109.3066666122
8225,1649258.3340878105
8226,1658954.5778854685
8227,1684813.9662978337
8228,1675949.708411292
8229,1628980.3859806492
8230,1658024.552127379
8231,1637368.37619924
8232,1644630.0424622835
8233,1601123.9497793238
8234,1590130.577108169
8235,1601932.0859954283
8236,1622934.3551262142
8237,1587433.995687479
8238,1595188.1027706084
8239,1585522.3586067783
8240,1580775.425925507
8241,1546115.4430550318
8242,1570772.5016661473
8243,1584782.8916299266
8244,1588332.6954935233
8245,1596167.1845312081
8246,1594798.998824872
8247,1586516.5136561505
8248,1625699.589478511
8249,1621704.0764392652
8250,1604115.4298767308
8251,1614041.1361006927
8252,1599109.8918586604
8253,1565924.1111687445
8254,1545906.2071122534
8255,1553222.687653663
8256,1534176.0471943484
8257,1553385.766125016
8258,1524559.5427885824
8259,1548224.0647582132
8260,1573968.7919111676
8261,1592266.4214462684
8262,1580490.3380642245
8263,1597309.292861795
8264,1633241.9387192836
8265,1612074.001727272
8266,1656264.8593222513
8267,1657612.3035518327
8268,1638609.6644231067
8269,1612695.9189576833
8270,1582571.3091485084
8271,1551330.5921961993
8272,1537605.8059720676
8273,1498667.515385726
8274,1505398.838045535
8275,1475455.6675430133
8276,1415828.8903830985
8277,1428256.6407684034
8278,1376991.2434995172
8279,1346622.8375098205
8280,1328096.8786628412
8281,1302442.2678433238
8282,1257819.909501742
8283,1265670.453389304
8284,1286590.8405469907
8285,1309286.515069222
8286,1321967.5108419124
8287,1273008.6112665057
8288,1284659.501821268
8289,1269715.7962867075
8290,1276362.6288390344
8291,1261638.9913445716
8292,1288779.960978912
8293,1287999.4250402593
8294,1236471.2814092932
8295,1251805.1089119855
8296,1227111.544991348
8297,1234746.101810458
8298,1175421.0430054981
8299,1207691.9797334194
8300,1204755.4804991442
8301,1227365.0466377784
8302,1221181.0773001418
8303,1225047.312088222
8304,1207220.9883235723
8305,1212939.4607657061
8306,1224358.284124315
8307,1232202.9798581582
8308,1175010.7482437307
8309,1239264.1400246553
8310,1238924.218639912
8311,1219228.329603162
8312,1238215.484236315
8313,1249607.5582246976
8314,1296768.250653298
8315,1274180.760332412
8316,1271028.7086217268
8317,1252405.6478588898
8318,1224177.1873742226
8319,1232148.9091471129
8320,1246009.5800885023
8321,1231646.8600625002
8322,1230053.5030573523
8323,1216694.3351951349
8324,1195319.1975248274
8325,1191034.0741373105
8326,1200297.0043177195
8327,1170722.558114317
8328,1110913.4529838874
8329,1071127.6861207227
8330,1068190.7004233813
8331,1082128.2660872503
8332,1061649.4297436634
8333,1048506.1875849018
8334,1035728.8556597037
8335,1017622.793984237
8336,1037321.3175861421
8337,1049953.993822674
8338,1070037.4922616838
8339,1057724.7980475477
8340,1048757.32662808
8341,1042600.4005260592
8342,1049888.5771751422
8343,1024350.9887255831
8344,1039439.630570811
8345,1029340.6403976022
8346,1016927.843752102
8347,992254.8065525801
8348,982973.5071599073
8349,976706.0040033538
8350,1000866.4517985128
8351,1012682.68334097
8352,1020071.668091411
8353,1020880.4075243705
8354,999962.3679609844
8355,1019825.3878821528
8356,1033185.4017836864
8357,1033730.0771658937
8358,1032512.4790645423
8359,1062310.2465628772
8360,1054874.4346155475
8361,1022921.3808958023
8362,1038620.8286388363
8363,1028873.6845967693
8364,1106504.2122699562
8365,1133331.4704775948
8366,1157254.3182243363
8367,1177780.5528182501
8368,1225035.7101826137
8369,1216343.3712228364
8370,1201168.019910063
8371,1149248.0852607773
8372,1184605.1508141595
8373,1179121.4806189311
8374,1123091.6048851586
8375,1151510.6992704463
8376,1118478.441541451
8377,1113252.7883178424
8378,1101827.5662828216
8379,1102243.5046940015
8380,1080852.6999878148
8381,1083767.8641419504
8382,1096334.9157223636
8383,1060567.6487947535
8384,1065531.4760478786
8385,1015325.1299301102
8386,1002862.2637446553
8387,995088.7059180422
8388,989926.3175539935
8389,987504.881209174
8390,960408.0659406881
8391,937588.9082465838
8392,906359.5495258771
8393,873130.6735718591
8394,861459.7518212672
8395,874201.4639809189
8396,870668.4826450262
8397,894090.018136946
8398,894986.0021213039
8399,920026.6205997317
8400,888947.8143147065
8401,839336.9556975065
8402,848501.8502312502
8403,825766.2539609347
8404,808798.0622204752
8405,822381.3173222316
8406,821678.2490095415
8407,806749.6877597276
8408,821929.7333153832
8409,799151.2460307304
8410,808418.6280842458
8411,817030.1984282534
8412,824468.898020904
8413,827018.9980279293
8414,811440.1943114486
8415,836449.7094592443
8416,823083.9469024625
8417,822502.3565914341
8418,798426.8423962845
8419,781928.4071543595
8420,764895.5825541916
8421,757714.8007158416
8422,750342.254935211
8423,746250.0157853446
8424,738642.1704718951
8425,737818.4768273642
8426,763836.4170146335
8427,774997.9173152073
8428,738908.6154810956
8429,739490.6171203626
8430,724462.2665670416
8431,733915.6593469235
8432,716946.8571897963
8433,705342.0196257103
8434,688907.3355915386
8435,647917.457506487
8436,626956.4157091852
8437,633995.9768644418
8438,608181.9762906053
8439,607495.9406703328
8440,602949.0556707502
8441,593711.7530751845
8442,581475.5997387475
8443,594117.1383293829
8444,570352.646593853
8445,556202.123036046
8446,555890.0264338134
8447,567722.5066558538
8448,573344.5983535503
8449,550945.6548572828
8450,544435.2223273589
8451,546924.820596683
8452,532731.5649744347
8453,544310.7716414693
8454,548272.9079893257
8455,546751.4608704353
8456,552149.284335434
8457,575983.9062958171
8458,534271.1637428552
8459,535648.3882090086
8460,544617.7488597041
8461,538440.0369245482
8462,558994.1412758831
8463,548227.4126791895
8464,544027.6566516913
8465,529151.1431433475
8466,563091.2629005593
8467,588989.958963628
8468,598064.0643972709
8469,581499.8923194837
8470,544137.8454895417
8471,508734.6700760781
8472,502750.8331187436
8473,478235.80143791414
8474,478199.4373218268
8475,458742.9269762031
8476,477786.91670985613
8477,465818.3792313043
8478,473307.88799440436
8479,459682.042780967
8480,440940.3636782525
8481,463110.8376608789
8482,468207.0428487157
8483,470869.27797045716
8484,437867.669075651
8485,459641.22080208734
8486,481377.85338659055
8487,491540.3640473736
8488,519041.6138571875
8489,493559.53611976706
8490,515195.1225341036
8491,531846.9925693262
8492,545168.7934003567
8493,535039.5918996773
8494,524119.30085773655
8495,519359.7652755914
8496,513930.23135524185
8497,504641.2578547714
8498,518164.5988900652
8499,525627.5215621302
8500,470590.9335530108
8501,442945.85777403926
8502,448894.68884018774
8503,462674.5284795368
8504,445264.7956162907
8505,420682.22275805083
8506,420682.2157580507
8507,436136.0927066676
8508,445806.00211830233
8509,442128.2791687438
8510,451410.79402200214
8511,448258.77210302284
8512,459701.29374381213
8513,457119.5265808143
8514,444165.8451404552
8515,469118.58041127806
8516,469793.7889484165
8517,449372.41681203636
8518,459530.7755510364
8519,443960.8064389171
8520,438177.97103391093
8521,443919.1452648205
8522,427090.21284283424
8523,425509.72277872165
8524,449514.6030029701
8525,444506.3111616485
8526,450928.3744275709
8527,465889.0135219901
8528,457247.5110326889
8529,437022.06186182646
8530,435236.82825000206
8531,421814.58447143645
8532,439796.1470166948
8533,424360.8771204783
8534,421256.51663318044
8535,463199.82652294886
8536,446377.3749322646
8537,483147.7713429619
8538,455110.41881873866
8539,485413.1193913085
8540,463230.7517258887
8541,463230.7467258887
8542,461564.6565858704
8543,471421.9477216072
8544,459019.19923824765
8545,474590.0012147144
8546,453761.3722001474
8547,457815.3649683775
8548,466863.8231473377
8549,480821.58045114594
8550,472805.3178189724
8551,453534.5974640051
8552,436810.04144340777
8553,427900.27378855686
8554,378390.0203365581
8555,366293.4776301944
8556,362467.2165343766
8557,351761.0619008731
8558,359682.98463734327
8559,356079.7206024884
8560,370664.00265253574
8561,368670.3417719941
8562,347454.94462173636
8563,346439.0378923772
8564,360799.57017391606
8565,367860.9262912081
8566,368102.3020018674
8567,383466.8178669607
8568,361391.53188525524
8569,353027.0406218767
8570,347577.48735680315
8571,370975.31121271296
8572,366782.403771586
8573,358880.24824101606
8574,365494.51780105627
8575,357365.88370584144
8576,345301.6208358181
8577,337244.02140474
8578,352147.9356549719
8579,328839.94323918055
8580,316567.86798569624
8581,313410.73800506414
8582,298981.44341194
8583,313901.0627563636
8584,326632.36369312496
8585,321931.0918894303
8586,321771.9737177745
8587,326987.58359124133
8588,334828.2855992677
8589,335444.10952664353
8590,335281.96548179205
8591,335739.2065123637
8592,340933.6145828319
8593,330218.28253042005
8594,332346.1959024846
8595,330685.0128003678
8596,330744.5682392675
8597,332444.9998606769
8598,332859.8328889758
8599,334655.67046838184
8600,349333.06689909904
8601,367142.35223154037
8602,346921.5305679743
8603,336074.52784709295
8604,336518.5278495344
8605,319366.6112997914
8606,310854.7378204376
8607,330966.252113692
8608,314996.17793479527
8609,314733.3874186649
8610,286600.4284925105
8611,292508.0047085121
8612,305860.02554933104
8613,313728.49631817767
8614,307862.37764266285
8615,307862.37564266287
8616,307862.3736426629
8617,292989.8789298271
8618,292989.87992982706
8619,271924.67006403493
8620,266096.47324245184
8621,248319.68860728634
8622,248319.68860728634
8623,240836.1333410339
8624,221233.86733379928
8625,201932.01232389148
8626,195588.3655055484
8627,181121.71958150758
8628,153518.32624219274
8629,153518.32624219274
8630,145094.0992228501
8631,123279.37719240708
8632,106121.6373902695
8633,97883.71664548389
8634,89993.71559634877
8635,80674.69588969002
8636,67743.0424578882
8637,67743.0424578882
8638,53262.00078412496
8639,7200.689016685235
