,0
0,0.0
1,0.0
2,0.0
3,0.0
4,0.0
5,0.0
6,0.0
7,0.0
8,0.0
9,0.0
10,0.0
11,0.0
12,0.0
13,0.0
14,0.0
15,0.0
16,0.0
17,0.0
18,0.0
19,0.0
20,0.0
21,0.0
22,0.0
23,0.0
24,0.0
25,0.0
26,0.0
27,0.0
28,0.0
29,0.0
30,0.0
31,0.0
32,0.0
33,0.0
34,0.0
35,0.0
36,10.422485847755462
37,10.422485847755462
38,21.365619084810966
39,21.365619084810966
40,30.858961091586508
41,41.82435429288414
42,41.82435429288414
43,41.82435429288414
44,32.3310122861086
45,21.365619084810966
46,24.3535170827123
47,24.3535170827123
48,13.931031234956837
49,13.931031234956837
50,24.398429444667222
51,24.398429444667222
52,13.455296207611722
53,13.455296207611722
54,23.976802854326742
55,23.976802854326742
56,23.976802854326742
57,23.976802854326742
58,30.75402647218587
59,23.976802854326742
60,23.976802854326742
61,23.976802854326742
62,23.976802854326742
63,23.976802854326742
64,13.509404644616357
65,13.509404644616357
66,2.987897997901335
67,2.987897997901335
68,2.987897997901335
69,2.987897997901335
70,2.987897997901335
71,13.782182724047498
72,13.782182724047498
73,24.698445311636284
74,35.26916594703538
75,35.26916594703538
76,46.000168523621056
77,46.000168523621056
78,46.000168523621056
79,46.000168523621056
80,46.000168523621056
81,46.000168523621056
82,46.000168523621056
83,46.000168523621056
84,48.99904873620188
85,38.082786148613096
86,38.082786148613096
87,48.47513190949422
88,48.47513190949422
89,48.47513190949422
90,48.47513190949422
91,58.5013198043078
92,57.370477595845415
93,44.356391703130505
94,23.233043365663708
95,23.233043365663708
96,13.793164938726989
97,13.793164938726989
98,21.398954981438102
99,13.793164938726989
100,2.9988802125808247
101,13.348254537335116
102,13.348254537335116
103,13.348254537335116
104,13.348254537335116
105,13.348254537335116
106,24.24390094041337
107,24.24390094041337
108,34.834411542433244
109,34.834411542433244
110,34.834411542433244
111,34.834411542433244
112,37.354972471540776
113,50.6204813521077
114,61.60605419448037
115,59.08549326537284
116,48.736118940618546
117,48.736118940618546
118,46.00009386050742
119,46.00009386050742
120,35.10444745742917
121,38.09677262105306
122,38.09677262105306
123,38.09677262105306
124,27.506262019033183
125,38.33888716540581
126,38.33888716540581
127,38.33888716540581
128,27.809403364950008
129,27.809403364950008
130,27.809403364950008
131,27.809403364950008
132,38.53165020831927
133,38.53165020831927
134,38.53165020831927
135,38.53165020831927
136,38.53165020831927
137,38.53165020831927
138,27.5460773659466
139,30.26225734900031
140,30.26225734900031
141,30.26225734900031
142,30.26225734900031
143,30.26225734900031
144,30.26225734900031
145,69.49602355804333
146,58.77377671467407
147,51.33098725625603
148,51.33098725625603
149,51.33098725625603
150,51.33098725625603
151,51.33098725625603
152,51.33098725625603
153,62.100445177420525
154,62.100445177420525
155,62.100445177420525
156,51.48998806343196
157,51.48998806343196
158,51.48998806343196
159,40.931816244535135
160,40.931816244535135
161,40.931816244535135
162,30.559506597493577
163,19.699011312806974
164,19.699011312806974
165,19.699011312806974
166,19.699011312806974
167,19.699011312806974
168,22.699011312806974
169,22.699011312806974
170,22.699011312806974
171,22.699011312806974
172,11.929553391642482
173,11.929553391642482
174,11.929553391642482
175,11.929553391642482
176,11.929553391642482
177,22.726345048175638
178,22.726345048175638
179,22.726345048175638
180,22.726345048175638
181,22.726345048175638
182,19.727464835594812
183,19.727464835594812
184,19.727464835594812
185,19.727464835594812
186,19.727464835594812
187,16.789116820157048
188,16.789116820157048
189,16.789116820157048
190,16.789116820157048
191,27.34351709239175
192,27.34351709239175
193,30.338106611034902
194,30.338106611034902
195,40.74204776545535
196,40.74204776545535
197,40.74204776545535
198,51.697514385779115
199,51.697514385779115
200,51.697514385779115
201,51.697514385779115
202,51.697514385779115
203,62.67667131688266
204,76.44627657575684
205,76.44627657575684
206,76.44627657575684
207,76.3637086127043
208,76.3637086127043
209,95.25389700172933
210,95.25389700172933
211,81.84995584730888
212,81.84995584730888
213,81.84995584730888
214,71.0575062157591
215,71.20016946085792
216,74.10805667496908
217,85.03881210828114
218,85.03881210828114
219,74.05965517717759
220,74.05965517717759
221,74.05965517717759
222,84.73466829644536
223,84.73466829644536
224,84.73466829644536
225,84.73466829644536
226,84.73466829644536
227,87.23608934380215
228,87.23608934380215
229,76.3128540351866
230,76.3128540351866
231,68.60919355603461
232,68.60919355603461
233,68.60919355603461
234,68.60919355603461
235,57.647650956981984
236,46.716895523669926
237,46.716895523669926
238,46.716895523669926
239,46.87378996795386
240,49.84866294969588
241,60.54485047648221
242,63.28743043031886
243,63.28743043031886
244,63.28743043031886
245,52.82705647109366
246,52.82705647109366
247,52.82705647109366
248,52.82705647109366
249,52.82705647109366
250,63.43720230014338
251,63.43720230014338
252,63.43720230014338
253,52.811538347143994
254,39.224310243687526
255,39.224310243687526
256,49.38576555931951
257,49.38576555931951
258,49.38576555931951
259,49.38576555931951
260,49.38576555931951
261,49.38576555931951
262,49.36416746926447
263,49.36416746926447
264,49.36416746926447
265,49.36416746926447
266,49.36416746926447
267,49.36416746926447
268,49.36416746926447
269,38.883527390282104
270,38.883527390282104
271,28.187339863495772
272,38.8469923231935
273,38.8469923231935
274,38.8469923231935
275,38.8469923231935
276,38.8469923231935
277,38.8469923231935
278,38.8469923231935
279,38.8469923231935
280,49.20080138691066
281,38.90984032121132
282,38.90984032121132
283,35.9164372830298
284,46.72538243416645
285,36.065729974468724
286,36.065729974468724
287,36.065729974468724
288,36.065729974468724
289,36.065729974468724
290,36.065729974468724
291,36.065729974468724
292,36.065729974468724
293,36.065729974468724
294,36.065729974468724
295,46.41576950577331
296,46.41576950577331
297,46.80653294917252
298,46.80653294917252
299,46.80653294917252
300,46.80653294917252
301,49.78248652187783
302,38.97354137074119
303,38.97354137074119
304,49.62032876036278
305,49.62032876036278
306,60.47645312786473
307,60.47645312786473
308,71.19852851122674
309,71.19852851122674
310,71.19852851122674
311,60.84848897992215
312,60.96502689601323
313,57.98787126868882
314,177.42847683569232
315,177.42847683569232
316,177.42847683569232
317,67.89329738323892
318,67.89329738323892
319,67.89329738323892
320,78.6628396349836
321,67.94076425162159
322,58.03533813707148
323,58.03533813707148
324,66.32704202743693
325,66.32704202743693
326,77.18852644440581
327,52.68852671356224
328,44.396822823196786
329,44.396822823196786
330,44.396822823196786
331,44.396822823196786
332,33.54069845569484
333,33.54069845569484
334,33.54069845569484
335,33.54069845569484
336,30.569971382125985
337,30.569971382125985
338,22.699224649584316
339,22.699224649584316
340,30.028283176816515
341,40.670368716893115
342,40.670368716893115
343,62.50870244261978
344,62.50870244261978
345,59.533829460877755
346,51.18506342344786
347,51.18506342344786
348,40.86788673725055
349,40.86788673725055
350,51.79384014086155
351,51.79384014086155
352,62.593883534682945
353,65.53511891076566
354,65.53511891076566
355,65.53511891076566
356,65.53511891076566
357,62.55916533806035
358,73.06617222169209
359,62.67695997741424
360,65.45270863766278
361,76.11573192431672
362,87.04071572633336
363,97.26161993328992
364,86.61953439321331
365,97.11251540273676
366,108.0600785857506
367,121.88435665260744
368,129.9535082270844
369,126.34595822260445
370,122.09437918836929
371,122.09437918836929
372,133.01947169778055
373,144.0062201810653
374,144.0062201810653
375,133.7853159741087
376,133.91370561273578
377,134.0777644931487
378,112.61469781267334
379,131.04122392029035
380,134.04122392029035
381,133.56742633434334
382,133.56742633434334
383,165.66404591094934
384,165.66404591094934
385,186.51251175441342
386,197.05944666764395
387,232.78979083355608
388,232.83155788906228
389,254.12793606685193
390,254.12793606685193
391,264.8564882139912
392,264.8564882139912
393,262.2467143512709
394,261.9322292671749
395,272.89766777814856
396,281.090622379294
397,259.77494948477084
398,248.80722902565367
399,259.73953927258805
400,251.38279995502518
401,262.30197951310845
402,226.94077799626177
403,216.4236422003923
404,216.4236422003923
405,215.30100348596096
406,204.35602777243915
407,211.0812411350645
408,183.2402913696876
409,211.27062208681878
410,203.43063826325502
411,213.8688997635023
412,165.22173271044898
413,175.80087720096745
414,176.14859347878274
415,198.60847657409633
416,227.9405360555107
417,217.30959480409055
418,215.53462260515482
419,215.53462260515482
420,205.72568151798603
421,206.70551660781345
422,217.42629380253013
423,216.8192870886185
424,240.86723726413783
425,219.4622080542215
426,187.29517501432179
427,208.70458861054544
428,219.66531697810152
429,209.8380146315942
430,231.47390691254017
431,230.74332846237155
432,231.40646156049962
433,240.2266105546227
434,272.12103883573144
435,261.20185927764817
436,261.1641639909985
437,249.73006606180513
438,239.6405986722857
439,228.91323528495246
440,239.6856790934694
441,270.82907070753055
442,249.80622695603785
443,247.01424501549536
444,254.77762611485412
445,268.5599677909236
446,294.30378729955476
447,261.99582341962304
448,241.28884913721924
449,241.39688017052669
450,251.98277921216655
451,282.8484333876776
452,285.3712213056797
453,307.07412557216685
454,310.06748798982653
455,290.130035787114
456,291.17597244799697
457,291.17597244799697
458,313.07304549618294
459,324.0489439646547
460,325.52042320042176
461,359.35356916239465
462,359.4091096961191
463,359.4059114358282
464,336.12099086307876
465,324.44640890521987
466,313.51238225210494
467,306.4208767599904
468,297.8753767855197
469,303.71490502873235
470,346.81285345056006
471,314.6170634813611
472,303.6170634813611
473,284.48100524678676
474,309.23592746505653
475,312.2312123635155
476,312.3721428151739
477,334.0866035112031
478,369.7590283981009
479,369.9900864441612
480,402.05707209385
481,431.5963391211386
482,452.32037165295486
483,462.9497255707814
484,473.8456144250817
485,505.47799218273167
486,506.15664249291945
487,544.6700951218296
488,534.2660026611828
489,524.8001142118287
490,527.4718081743806
491,582.7488670967222
492,618.481016312958
493,642.7357302858933
494,697.3475572890483
495,719.2885033105839
496,700.8408459791482
497,711.785821766816
498,731.5494903127232
499,796.3604066859156
500,883.2194999599913
501,923.0762549417877
502,914.6633705593729
503,947.2323599624096
504,979.1427981759527
505,968.379390904445
506,960.6006671669288
507,928.7800395704534
508,969.802238324736
509,991.9666947665158
510,971.3134390990333
511,971.9105282493937
512,983.4007415212376
513,963.0318514988717
514,970.3731980926996
515,1038.3078531592346
516,1074.5251316034373
517,975.2880190668384
518,985.1269701410162
519,1017.4210171748095
520,1042.1632026685388
521,1020.8606134532408
522,1029.4900860667094
523,1031.9517575222478
524,1031.8548570146859
525,1007.0858441223703
526,1013.4789279053964
527,1033.645886594339
528,1042.0659705048909
529,1054.4144340319258
530,1076.0591205885166
531,1093.8958773896834
532,1069.6976822396598
533,1054.9407541907917
534,1047.6343100288257
535,1035.5654804622632
536,998.0809236611938
537,992.5701614344471
538,959.6845873335207
539,971.661150030633
540,972.2958452579551
541,1003.148223092256
542,1005.5825788976056
543,1015.3152992957889
544,1004.9992727656793
545,1005.2043575484482
546,1040.66269237911
547,1021.3744547557461
548,1072.0263932547055
549,1071.8566033871207
550,1093.2090498746493
551,1160.7568209208762
552,1023.1638276021744
553,1075.9243896568835
554,1040.9905837244053
555,1030.0250018502345
556,999.7361712146868
557,969.2161454342821
558,1025.7712880237548
559,1014.7999538084877
560,1038.4944629638044
561,973.9831133911732
562,1018.986948509845
563,1020.0179749594018
564,1003.3667746478088
565,1002.3363543025158
566,1001.620085319212
567,980.5218138523414
568,981.0438723252893
569,969.7739739065164
570,962.2797751850951
571,936.9365453745082
572,942.6697413894725
573,965.2274647175494
574,987.9804821691578
575,989.1493766498
576,1067.2707628666424
577,1092.3895007393112
578,1103.429062148002
579,1000.0844105197557
580,1057.151640103852
581,1067.8672508363522
582,1056.9381364571327
583,1035.7391938650653
584,953.2320472153012
585,975.1258275251715
586,996.1584104780553
587,968.4893418458288
588,957.7456247121565
589,979.2163208647771
590,979.205053471382
591,1011.8415300795873
592,1014.9406390816695
593,1023.616862091206
594,1019.7554351408264
595,976.4729169109216
596,945.6727481024559
597,917.8619239224886
598,888.020127168614
599,888.4092088248133
600,834.1820088130642
601,844.6672121442298
602,833.5588732353511
603,866.0950048284749
604,865.9988276707464
605,866.1740559785956
606,844.6079166563704
607,824.9649457297111
608,803.6986043928504
609,792.8478400526315
610,749.872300957856
611,738.7192022958674
612,802.2785762759789
613,791.941845356397
614,787.2930696220684
615,770.3003797032179
616,770.3894144087132
617,780.4594039342777
618,801.6185222323919
619,767.048798278285
620,753.5608127154833
621,794.0879277254695
622,772.446879935891
623,743.7880891022006
624,690.7324285593779
625,680.236633830659
626,658.2059916807249
627,658.4159543213013
628,647.3454863534446
629,647.6113627894412
630,669.3022870487122
631,648.0083474843668
632,725.128176155918
633,735.9251570956337
634,732.9575914162948
635,721.7340851138935
636,740.3797085584234
637,718.6972461699621
638,612.2963276366856
639,610.6238436452264
640,610.3259012834731
641,578.3347834378449
642,578.6931793600868
643,560.9324130665993
644,559.6970038941571
645,559.7673713022996
646,559.365588687735
647,592.016848280558
648,603.0955663802719
649,635.2703825254841
650,624.9444083530049
651,626.1781635703212
652,668.4266062005838
653,668.5712268038423
654,668.2507651743599
655,712.8712431545193
656,701.6571523246416
657,669.8772050480333
658,672.8666371725275
659,662.6575018321096
660,633.3649798452526
661,608.7997933748197
662,594.5692764147807
663,563.2040380353321
664,555.4710941739627
665,555.504226734423
666,545.2554844857744
667,533.9965932427048
668,547.7449995361775
669,558.1264554922419
670,557.921276504104
671,547.2234724924582
672,536.7592877651714
673,558.4873351199972
674,557.9479575259624
675,536.6895183301478
676,536.4855907320556
677,536.6945081235801
678,533.7011357030383
679,536.0896836515609
680,525.4400219805716
681,534.4656724772652
682,490.97335129274353
683,480.1936370817296
684,480.55542796511736
685,585.5951281242251
686,596.3073941226445
687,585.2254394891506
688,605.9129500956196
689,603.0063481858488
690,680.9943298491118
691,643.1096631437662
692,607.9387500362034
693,527.6215647675258
694,424.94366522906944
695,424.9313705398454
696,425.03982354711184
697,489.16121681413006
698,486.16221581920183
699,464.8383693637554
700,369.00494825745955
701,381.56113273110014
702,402.6700552071772
703,402.34877101989633
704,389.7853761467717
705,470.77565846966763
706,470.77565846966763
707,479.2884677028692
708,479.536111191616
709,373.8491403701429
710,384.7566784969961
711,371.38621481569385
712,470.8846942515521
713,478.9298079695606
714,465.3806365331456
715,432.99017896236916
716,354.06579875115784
717,351.1626709108837
718,340.94703325152346
719,338.0140316919043
720,319.25463225207443
721,341.098077909641
722,341.098077909641
723,351.81474058716583
724,351.1629447789967
725,358.81907488929403
726,377.4742554000104
727,408.14774228828367
728,440.80833859957625
729,429.94984391532176
730,429.9756487155787
731,548.5745049367522
732,550.3965991775829
733,477.130971344018
734,466.4119687546791
735,467.53300803820594
736,467.53509452158835
737,525.1944349935474
738,652.4389860757603
739,657.6248507876247
740,760.245559037729
741,731.7808645957136
742,760.9186496404379
743,647.4245111355675
744,756.6664760379358
745,528.7806514101144
746,609.0875379580148
747,606.0929110945497
748,587.1715097415927
749,710.3307098854705
750,642.7074129363061
751,597.4795437304538
752,594.4940735968923
753,503.4121490132274
754,513.8185310523102
755,500.52621046992357
756,531.0535940489526
757,535.8253054035977
758,524.8334580703545
759,500.3403734699581
760,511.0758309305927
761,526.6382401133113
762,534.183475236989
763,521.9854970083421
764,500.2811888879073
765,500.2811888879073
766,478.67405341244023
767,467.29842455023777
768,445.5720546796389
769,543.9129822966975
770,528.8788568425941
771,505.3770230554079
772,599.837346672701
773,607.7789046673365
774,498.23823035852354
775,374.4340000700787
776,377.3930867244147
777,377.2684239360307
778,366.1336587271537
779,352.3710646148938
780,341.69287115285124
781,316.9703963305153
782,306.36836081837436
783,305.778204802082
784,316.852221546245
785,305.8811629729612
786,419.0438915588277
787,535.9824696106929
788,461.76489818410755
789,473.30180137125626
790,384.6509846622723
791,387.51658315514317
792,420.1251610999086
793,529.9354518554635
794,638.143332526537
795,574.8472632085627
796,572.1737331933377
797,496.7670485121255
798,632.6143269592092
799,675.9309190178492
800,766.4308316644153
801,671.2169662432763
802,692.7742059908052
803,611.8755214631715
804,611.8743368096932
805,601.3908198833719
806,604.3825509320781
807,712.8355416005318
808,748.0845160208519
809,769.9173718751499
810,842.918450345573
811,731.5233603047006
812,741.4489395233079
813,775.3198202353611
814,677.3645878745369
815,696.2315618767215
816,703.1497386518257
817,691.1298559929498
818,672.3221634450263
819,918.5037232348078
820,1006.4457546612908
821,1016.996351580007
822,916.1107877437859
823,873.2121024740397
824,628.7887000364321
825,618.5471817707994
826,716.1259687492022
827,797.5363905657805
828,822.2272416753723
829,821.4964336624189
830,839.247505207153
831,838.9871039993359
832,709.1093908437244
833,614.6665471092845
834,700.4561856886617
835,717.0479562747637
836,639.7125177564624
837,635.8316535078945
838,673.2269954276721
839,749.7549302684192
840,738.8161076066417
841,749.0866136480763
842,618.9359736302745
843,642.3805132498916
844,597.5775843344462
845,610.8681414529024
846,629.4353181632887
847,615.9673845180504
848,605.1054079057624
849,583.5400517522844
850,668.6212236762487
851,679.2906848081925
852,650.5746545082429
853,506.34006433758486
854,503.1707447464987
855,521.8086967497024
856,555.0198471843479
857,565.6869559585216
858,587.5119068673589
859,701.1742749092675
860,676.8674366922739
861,742.1898327987547
862,731.7698181591811
863,649.2489777831429
864,655.1071999294068
865,668.7113033042904
866,668.7500490870943
867,638.0296953293142
868,626.3428355698602
869,636.9322184620873
870,700.8848420318336
871,614.8833063283878
872,604.3232213605787
873,713.8889512272949
874,582.9337120380247
875,594.2634109377431
876,607.9568827408192
877,600.0014956990746
878,614.2666724025272
879,625.1045212193354
880,625.2383725563465
881,643.4961406256721
882,653.8366893539013
883,664.6780438652773
884,775.746707073117
885,766.0087898882019
886,765.4947948855704
887,894.2371956807357
888,880.4161253146237
889,747.1844302076565
890,758.4193231268355
891,755.3367325190205
892,647.7844432079308
893,657.6554575804863
894,661.1995029716948
895,683.0038796175696
896,683.1185583278218
897,697.0627678570106
898,803.1347518472497
899,859.9428228318536
900,802.1084273496411
901,834.1039435170218
902,834.0542999963644
903,1055.7627482777739
904,988.445006838248
905,1021.2924067330995
906,887.4661856241976
907,1011.6705921304957
908,884.819959212169
909,917.6125018113804
910,897.3288978704751
911,900.3202202398164
912,786.32293575094
913,933.410234735478
914,944.3529471348752
915,914.8424628536927
916,925.7559097352604
917,835.7618950793743
918,814.1212075169484
919,841.5795953388645
920,879.9658891607273
921,831.4088511038137
922,1049.8072519519378
923,1091.8139628772183
924,1103.0745613566437
925,1146.2574248541885
926,1044.2089112857911
927,922.094175619083
928,999.5071561377677
929,1025.8623884125182
930,925.1553890050363
931,925.2139588684631
932,915.9486608109193
933,948.3911446076694
934,895.3394937383247
935,912.9883528800021
936,872.6731388071057
937,903.8376010513205
938,901.7436986810881
939,989.1899674307008
940,960.4307137271645
941,959.8973596415556
942,910.7530343611157
943,1037.0917974396066
944,1038.4510181377743
945,932.7577445285473
946,1062.161105653364
947,1054.296650575083
948,1065.0921722762635
949,1065.1833335049912
950,1047.2475374897335
951,1017.531031143471
952,909.761455671844
953,953.0113099960217
954,928.9330535051695
955,907.895424025043
956,845.166699946902
957,837.6621666683902
958,816.5266564534268
959,778.1159467555547
960,778.1006146250768
961,869.8405248725276
962,995.8717835621969
963,1131.3713641454817
964,1144.9628939056627
965,1049.2325681231519
966,1052.3413287848007
967,1084.422784950408
968,993.2104366257154
969,1115.4834896394798
970,1010.1188355048437
971,1014.0451356705858
972,1019.4651648198392
973,1009.0134098400044
974,896.8344320936885
975,886.0616093128555
976,875.1681396890764
977,874.3123719768735
978,863.38124938362
979,887.7395293010617
980,939.2314513686513
981,936.1386705530745
982,960.0519349829831
983,1026.915390925271
984,998.4423260373674
985,1030.9430317831166
986,1027.7691485245648
987,1114.9580080635606
988,1131.2363667822165
989,1110.17615856871
990,1200.9786314764456
991,1002.2291225401707
992,1088.3662177856759
993,1147.483319426326
994,1093.3030586289772
995,1128.893802104861
996,1172.3173030243443
997,1175.1462607648034
998,1186.8292456626937
999,1240.0751681295465
1000,1385.9676088074289
1001,1251.298980528022
1002,1251.402859349319
1003,1309.9738779213974
1004,1083.7389750190005
1005,1105.6083163412131
1006,1224.1399866362299
1007,1092.8174292854387
1008,1089.8415413364683
1009,1125.4363854342864
1010,1154.1423551477997
1011,1168.246157418276
1012,1203.900296045692
1013,1183.1515002933947
1014,1204.5665909009786
1015,1197.0653432969973
1016,1200.202976214804
1017,1192.3777696651448
1018,1312.6696813736132
1019,1300.770910252225
1020,1348.2864248170968
1021,1321.2898095879718
1022,1327.9501690242269
1023,1204.9437899728562
1024,1230.0228301301345
1025,1247.7998080318418
1026,1280.554487339828
1027,1274.127182045943
1028,1414.0253640271335
1029,1465.8576539031353
1030,1480.4440431560217
1031,1402.7828565388475
1032,1395.322000689647
1033,1425.95484212488
1034,1435.2005015915224
1035,1465.7524345550266
1036,1529.7755670919237
1037,1536.760187777345
1038,1574.073731260766
1039,1584.7239715980456
1040,1639.8240735020286
1041,1645.8788619285701
1042,1613.8805741919207
1043,1582.124753095663
1044,1569.3867666048507
1045,1621.6669582371796
1046,1636.011483522954
1047,1638.819616923059
1048,1617.1867072087118
1049,1656.494627305665
1050,1730.1362548839693
1051,1708.9494879337392
1052,1799.50004026768
1053,1852.2133825739966
1054,1883.9570265952661
1055,1754.3363181424509
1056,1788.8301968284773
1057,1784.1057574240565
1058,1871.1732888794659
1059,1898.2585571850268
1060,1909.5028082449176
1061,1958.6309064880136
1062,2022.7234051608648
1063,2058.87170133816
1064,2050.609580283847
1065,2112.7583534115383
1066,2137.476674636524
1067,2156.936792874754
1068,2233.2548921929883
1069,2228.74741913078
1070,2338.1048352924595
1071,2345.4636203061527
1072,2340.6068036884276
1073,2386.1610121943863
1074,2401.870356984759
1075,2280.9970455782636
1076,2292.08999844519
1077,2293.197530370733
1078,2259.357713977452
1079,2322.346254863049
1080,2363.3224306856487
1081,2367.4464969346323
1082,2346.4271861455936
1083,2268.3258890156417
1084,2274.5751377113515
1085,2306.824010873284
1086,2404.2001836309646
1087,2440.005902626978
1088,2465.890385975171
1089,2333.73936129625
1090,2310.1992971401323
1091,2321.8517717179684
1092,2321.398768819781
1093,2309.2266102886438
1094,2289.008446522944
1095,2268.826514451235
1096,2303.4940283477385
1097,2290.791731636603
1098,2325.15180556168
1099,2411.8217942718798
1100,2401.359817058763
1101,2237.5571267399364
1102,2243.438129783274
1103,2169.103835220328
1104,2174.988062731289
1105,2164.366557733147
1106,2132.7542001600214
1107,2178.9811974808713
1108,2059.2101565086145
1109,2089.70866590382
1110,2129.9171011102353
1111,2079.763127492431
1112,2087.861244532083
1113,2107.679686923745
1114,2169.5831045910463
1115,2136.6804804508165
1116,2076.5472792356372
1117,2058.419890895018
1118,2153.60092494736
1119,2091.106626364318
1120,2123.9791742666757
1121,2235.8540889918086
1122,2177.049482406186
1123,2164.7339965248675
1124,2145.010799279517
1125,2161.8577215980004
1126,2178.6238547249823
1127,2086.3548825074554
1128,2097.0167119693615
1129,2151.4083266365965
1130,2129.428081649922
1131,2149.8208246311065
1132,2164.890664731691
1133,2149.4658763272973
1134,2221.8842034769646
1135,2222.966232947114
1136,2201.5463996518974
1137,2225.9290657254905
1138,2234.8832799216707
1139,2248.9498841406917
1140,2231.1057317899104
1141,2220.4302268977017
1142,2229.9466744532583
1143,2200.897672433869
1144,2203.9398171653306
1145,2226.7993027433076
1146,2192.5811322228665
1147,2150.2250602979766
1148,2131.574322498411
1149,2135.0288262100275
1150,2162.761981320531
1151,2147.766152346587
1152,2236.9420599509476
1153,2215.7802375983156
1154,2229.6405041243015
1155,2287.035922307179
1156,2330.676043358117
1157,2218.9884100008817
1158,2223.113400168116
1159,2198.784753570989
1160,2194.000572000843
1161,2140.2793296277237
1162,2106.4766567120155
1163,2093.2325007536183
1164,2074.1055680754876
1165,2066.395733954442
1166,2038.4509559603225
1167,2020.4776014603522
1168,1986.766400486365
1169,1947.5301129605248
1170,1953.3805901407368
1171,1970.2556760146545
1172,1994.9874732477597
1173,2013.2509931573115
1174,2002.4581989007345
1175,1983.8517572368335
1176,1971.5400262971796
1177,1949.6263705634397
1178,1946.0859799778993
1179,1970.9463306622715
1180,1984.7842705106627
1181,1955.1204213658773
1182,1949.2599904723884
1183,1932.4275190128405
1184,1899.6135304597497
1185,1969.868352786657
1186,1894.4737754048213
1187,1891.4632619687345
1188,1852.9841511077852
1189,1809.5406575017478
1190,1851.1116932632754
1191,1817.0324359282083
1192,1833.6307740281331
1193,1779.7538098028404
1194,1765.8844410388149
1195,1760.7455060924883
1196,1741.819149856401
1197,1752.568020678913
1198,1708.085943829925
1199,1691.179224796609
1200,1664.8044471737521
1201,1639.9923987033415
1202,1627.5182044779071
1203,1572.9027253427669
1204,1564.150233980965
1205,1563.861343392802
1206,1574.606390876071
1207,1549.7914144485492
1208,1511.246955777941
1209,1494.3150515231216
1210,1466.3695443932577
1211,1444.5788208358806
1212,1446.4147337930424
1213,1410.7249466059834
1214,1382.870708048694
1215,1381.7747603845523
1216,1359.0699081992643
1217,1342.3379443022827
1218,1353.857504644369
1219,1326.115293006237
1220,1329.126290517627
1221,1254.6871047158108
1222,1251.6742123168108
1223,1224.2594890591383
1224,1235.1725741882021
1225,1250.5153405100662
1226,1247.6984846643525
1227,1236.79465910255
1228,1237.4291921141348
1229,1172.0354205602127
1230,1140.4711913810804
1231,1118.3318267618267
1232,1125.9448188248527
1233,1111.9608528034755
1234,1119.8313926375845
1235,1127.6166990440993
1236,1110.731470232785
1237,1124.4762613713956
1238,1105.2443363876998
1239,1088.330992279441
1240,1075.851514353306
1241,1060.9270935948332
1242,1159.6523526612627
1243,1132.8075033436503
1244,1129.8010675036182
1245,1134.7557040794386
1246,1008.1685193913
1247,1008.1532010537444
1248,1005.1544488350153
1249,959.4137900204798
1250,951.2434943816834
1251,929.1889718965225
1252,947.6181946862182
1253,977.1031689381091
1254,952.791033656427
1255,952.7839459123571
1256,963.2461848832472
1257,979.0312177808273
1258,971.6414720734035
1259,976.4938704591473
1260,959.6489752463024
1261,945.7331137390727
1262,945.867447265781
1263,941.1524242154064
1264,934.1478322842677
1265,931.1594460870847
1266,930.666705562993
1267,919.6470152254764
1268,899.8805668524911
1269,858.651374320136
1270,866.1074942331082
1271,859.9746717414571
1272,850.1508297151781
1273,841.1838632191128
1274,840.1008818133348
1275,815.1957269054219
1276,825.0323660796407
1277,819.1666462848477
1278,826.4808935362637
1279,785.0700204711218
1280,760.2915511666674
1281,751.3345119200119
1282,733.550613929762
1283,730.5091395645735
1284,718.3912758399681
1285,698.6225153260068
1286,695.1310207553995
1287,706.1272145059593
1288,689.2070018797328
1289,656.8738096310926
1290,672.546331315188
1291,623.7377834394264
1292,635.0904862524089
1293,650.812813640431
1294,647.8493131334598
1295,652.8434938398533
1296,652.7512579508608
1297,631.5122343319315
1298,634.5095739425067
1299,634.5095739425067
1300,614.8594061685098
1301,605.8782412323915
1302,599.9174069122164
1303,595.5030390847971
1304,578.5601484741774
1305,554.2598302770293
1306,545.2823737056128
1307,544.7979552048502
1308,547.7915945389461
1309,533.8384212791727
1310,549.5844263195011
1311,546.5912313506075
1312,534.6287578123947
1313,528.6482926333728
1314,528.6482926333728
1315,533.301092946958
1316,550.2193159061055
1317,542.4608431549907
1318,539.4825167660393
1319,523.2980014365733
1320,525.6043777402382
1321,536.4808553820089
1322,541.3103517174052
1323,525.0180317354947
1324,508.22164517390735
1325,502.2313786365947
1326,477.4471889672321
1327,471.9344503560883
1328,490.4147301775005
1329,476.5895061116528
1330,484.5560383505034
1331,487.54977055307654
1332,478.384348696644
1333,478.384348696644
1334,467.04372192461597
1335,430.5252749836482
1336,424.45881648789833
1337,418.4219440716536
1338,418.4219440716536
1339,423.4065563159032
1340,420.41682681025543
1341,409.6981086737734
1342,428.21035913790945
1343,431.2002518425388
1344,422.22739779579194
1345,423.7248526936122
1346,417.75450412468547
1347,385.5251706320829
1348,374.75619051797685
1349,368.75137479929737
1350,376.35924773622196
1351,387.1386914785127
1352,405.0086718973275
1353,372.1818554796871
1354,369.1944267414559
1355,353.44015944249753
1356,331.57263953167245
1357,314.5583168676564
1358,308.5686888245118
1359,330.1014136345354
1360,327.1110299716047
1361,313.33759129316235
1362,299.8546425774974
1363,292.2701851989799
1364,295.22941685887025
1365,295.22941685887025
1366,289.2764040866172
1367,275.52056080910023
1368,252.75251666689405
1369,252.75251666689405
1370,253.07559244213832
1371,247.096540438513
1372,230.49034627535232
1373,221.670665663294
1374,229.39675796025475
1375,243.12902949709255
1376,240.14552975352888
1377,249.23687942387596
1378,249.23687942387596
1379,240.14552975352888
1380,240.11979605265248
1381,240.11979605265248
1382,240.11979605265248
1383,237.289733321224
1384,226.366075285958
1385,331.7586712001981
1386,334.5960442146816
1387,345.4873967457093
1388,346.84195659646394
1389,360.6911130365938
1390,344.13671069298806
1391,226.78556680019048
1392,223.79694817669858
1393,226.78498480775167
1394,226.78498480775167
1395,212.82639961902038
1396,202.15860565974864
1397,188.25569261943164
1398,196.11000120169294
1399,196.11715858449375
1400,185.20877821013585
1401,182.21279372726048
1402,182.22474370899192
1403,203.5824437910736
1404,195.6688681907376
1405,216.2114731175127
1406,218.5702548573111
1407,218.5702548573111
1408,229.52782315366056
1409,229.9827142200933
1410,226.9838628589631
1411,205.1445951133008
1412,191.1853369375215
1413,191.1853369375215
1414,204.27691029837524
1415,207.2768857758591
1416,196.9937241681722
1417,207.77254527300988
1418,194.17303606767686
1419,194.17303606767686
1420,197.13867495679673
1421,193.79538572453913
1422,204.76171558756172
1423,187.26410347561867
1424,197.53006965591288
1425,197.53006965591288
1426,211.50959064618218
1427,201.40272666248873
1428,190.64630620984548
1429,187.6468692317369
1430,187.6468692317369
1431,212.1964343219783
1432,219.62843505014345
1433,219.62843505014345
1434,219.62843505014345
1435,230.05269175681607
1436,219.30131374349924
1437,219.3158410267157
1438,230.22107594055254
1439,243.36487473995004
1440,243.36487473995004
1441,222.14875846190526
1442,219.15170639960908
1443,219.31050166519447
1444,208.31560875405222
1445,208.31560875405222
1446,208.31560875405222
1447,176.66463445940752
1448,176.66463445940752
1449,152.27404788971234
1450,131.2255567924835
1451,131.2255567924835
1452,131.2255567924835
1453,120.23730454094755
1454,120.23730454094755
1455,120.23730454094755
1456,109.27973624459807
1457,119.63157407254641
1458,119.63157407254641
1459,106.28047422832773
1460,106.28047422832773
1461,127.50103745999644
1462,127.50103745999644
1463,135.40010839364533
1464,132.40599020313522
1465,132.40599020313522
1466,143.27709278800148
1467,143.27709278800148
1468,143.27709278800148
1469,154.0387990002186
1470,151.07316011109876
1471,140.4749857338574
1472,157.27389673306197
1473,157.27389673306197
1474,157.27389673306197
1475,143.7041604840462
1476,132.81868319944132
1477,132.81868319944132
1478,129.81868319944132
1479,129.81868319944132
1480,145.51873974539814
1481,156.34260832326947
1482,150.35502560182096
1483,150.35502560182096
1484,160.63893668717884
1485,171.57137390086635
1486,177.5479356378828
1487,174.55429630378686
1488,163.64788308951853
1489,267.941737928037
1490,267.941737928037
1491,267.941737928037
1492,267.941737928037
1493,256.99451878435696
1494,254.00078658178387
1495,254.01371468766118
1496,138.88130402773294
1497,128.16552322165228
1498,128.37090257763705
1499,128.37090257763705
1500,128.37090257763705
1501,139.13113264983556
1502,139.13113264983556
1503,133.13507294046823
1504,133.13507294046823
1505,133.13507294046823
1506,130.137733329893
1507,130.137733329893
1508,130.137733329893
1509,141.13545165476202
1510,127.39106067375513
1511,127.39106067375513
1512,138.36306803706555
1513,138.36306803706555
1514,138.36306803706555
1515,116.98285081647155
1516,116.98285081647155
1517,116.98285081647155
1518,116.98285081647155
1519,106.18379956185404
1520,106.18379956185404
1521,106.18379956185404
1522,116.40171987364103
1523,116.40171987364103
1524,116.40171987364103
1525,116.40171987364103
1526,116.40171987364103
1527,105.64148980144253
1528,108.59109360418918
1529,108.61737944547176
1530,108.61737944547176
1531,108.61737944547176
1532,108.61737944547176
1533,108.61737944547176
1534,90.47212610999864
1535,90.47212610999864
1536,112.31967936750456
1537,112.31967936750456
1538,115.30486861145633
1539,115.35212293194431
1540,101.42540958021303
1541,101.2895656953992
1542,101.2895656953992
1543,101.2895656953992
1544,101.2895656953992
1545,112.2821338663972
1546,112.2821338663972
1547,112.2821338663972
1548,112.2821338663972
1549,112.2821338663972
1550,112.2821338663972
1551,112.2821338663972
1552,109.30557212938078
1553,109.30557212938078
1554,109.30557212938078
1555,109.30557212938078
1556,109.30557212938078
1557,120.15181167810977
1558,120.15181167810977
1559,130.60671874092128
1560,130.60671874092128
1561,116.60674326343744
1562,116.60674326343744
1563,116.60674326343744
1564,116.60674326343744
1565,94.88938081634913
1566,105.67529662939904
1567,105.67529662939904
1568,105.67529662939904
1569,97.66474211442575
1570,87.20983505161423
1571,87.20983505161423
1572,87.20983505161423
1573,87.20983505161423
1574,87.20983505161423
1575,76.21211672674522
1576,76.21211672674522
1577,62.46663390169147
1578,62.46663390169147
1579,62.46663390169147
1580,62.46663390169147
1581,69.58650451467234
1582,69.58650451467234
1583,69.58650451467234
1584,77.48827830599828
1585,77.48827830599828
1586,80.39218974291947
1587,80.39218974291947
1588,71.5597979587464
1589,77.90877052034944
1590,99.1717641490279
1591,85.42439548764087
1592,85.42439548764087
1593,85.42439548764087
1594,85.42439548764087
1595,85.39690862852441
1596,85.39690862852441
1597,75.05784506300455
1598,53.64766949018339
1599,53.64766949018339
1600,56.60508302695114
1601,70.43590429753147
1602,81.32124099236177
1603,92.23071763660062
1604,94.43939625243777
1605,94.43939625243777
1606,94.43939625243777
1607,116.31038933622841
1608,119.2982360656303
1609,119.2982360656303
1610,130.06252913970147
1611,127.0777449644718
1612,116.0851767934738
1613,105.9747243863107
1614,105.9747243863107
1615,115.70926670193671
1616,115.70926670193671
1617,112.80535526501549
1618,112.80535526501549
1619,112.80535526501549
1620,103.07081294938948
1621,110.54546028785288
1622,110.54546028785288
1623,110.54546028785288
1624,110.54546028785288
1625,110.54546028785288
1626,110.54546028785288
1627,121.53255977041488
1628,121.53255977041488
1629,121.53255977041488
1630,110.66056319954399
1631,132.16049857845144
1632,132.16049857845144
1633,121.25102193421259
1634,110.79174651662208
1635,110.79174651662208
1636,121.33549203161306
1637,118.37807849484531
1638,118.37807849484531
1639,118.37807849484531
1640,118.37807849484531
1641,118.37807849484531
1642,125.24277843108449
1643,125.24277843108449
1644,125.47064453432927
1645,125.47064453432927
1646,122.4709881219397
1647,111.70669504786852
1648,111.70669504786852
1649,114.70160522686582
1650,104.8655369181321
1651,104.8655369181321
1652,104.8655369181321
1653,104.8655369181321
1654,104.8655369181321
1655,101.88034767418033
1656,91.03289037588827
1657,91.03289037588827
1658,91.03289037588827
1659,91.03289037588827
1660,91.03289037588827
1661,104.5440076875336
1662,93.620077624375
1663,104.39236892128831
1664,104.39236892128831
1665,93.66578320029699
1666,93.66578320029699
1667,82.89243354238089
1668,72.0070968475506
1669,72.0070968475506
1670,61.01999736498859
1671,50.47323576419067
1672,39.47423925127094
1673,39.47423925127094
1674,50.32517377157568
1675,64.29210763534269
1676,53.51981633842938
1677,53.479488119610366
1678,53.479488119610366
1679,53.52772244020191
1680,53.52772244020191
1681,63.9506996771312
1682,63.9506996771312
1683,74.63730333988079
1684,74.63730333988079
1685,74.63730333988079
1686,74.63730333988079
1687,74.63730333988079
1688,85.30722082992415
1689,85.30722082992415
1690,85.30722082992415
1691,85.30722082992415
1692,95.89750561496786
1693,95.89750561496786
1694,92.93314990412046
1695,82.51017266719117
1696,82.42181692225176
1697,93.23317350345283
1698,104.114251493849
1699,93.52396670880529
1700,93.52396670880529
1701,93.52396670880529
1702,104.24764169933263
1703,104.24764169933263
1704,104.24764169933263
1705,104.24764169933263
1706,104.24764169933263
1707,104.24764169933263
1708,115.13778425377009
1709,104.4678667637267
1710,118.05858165604329
1711,118.05858165604329
1712,118.05858165604329
1713,107.46033373823312
1714,174.3416565618408
1715,96.73665874770577
1716,96.73665874770577
1717,96.73665874770577
1718,96.73665874770577
1719,99.69145639740375
1720,99.69145639740375
1721,99.69145639740375
1722,99.69145639740375
1723,99.69145639740375
1724,88.84052187709901
1725,75.02916529589794
1726,75.02916529589794
1727,75.02916529589794
1728,75.02916529589794
1729,85.87644960492813
1730,85.87644960492813
1731,117.90060147865677
1732,120.81456193784155
1733,109.82080727005399
1734,109.82080727005399
1735,99.0009613312267
1736,99.0009613312267
1737,99.0009613312267
1738,88.3844175381585
1739,80.67466569802923
1740,80.67466569802923
1741,80.67466569802923
1742,77.71513417226122
1743,74.73177019997294
1744,71.81780974078816
1745,82.66877048356709
1746,81.41467064348033
1747,81.41467064348033
1748,103.11308290053462
1749,123.93211503603862
1750,114.12006263784903
1751,114.12006263784903
1752,114.12006263784903
1753,114.12006263784903
1754,103.4996351983308
1755,103.4996351983308
1756,103.72147467063039
1757,92.8741903616002
1758,82.99989625666387
1759,82.99989625666387
1760,89.97528682565925
1761,89.97528682565925
1762,89.97528682565925
1763,100.95044284039581
1764,111.49299198949724
1765,111.49299198949724
1766,111.49299198949724
1767,111.49299198949724
1768,100.96535834701682
1769,100.89866844335893
1770,100.92588333621644
1771,100.92588333621644
1772,100.92588333621644
1773,111.63549274621343
1774,111.63549274621343
1775,111.63549274621343
1776,114.59912604245667
1777,114.59912604245667
1778,101.63549465522243
1779,101.63549465522243
1780,112.544118661217
1781,112.544118661217
1782,126.43202228085156
1783,137.36221479815694
1784,134.407417148459
1785,134.407417148459
1786,123.86486799935757
1787,123.86486799935757
1788,123.86486799935757
1789,134.86486799935756
1790,134.86486799935756
1791,145.8234240451587
1792,134.93328149072124
1793,134.93328149072124
1794,134.93328149072124
1795,134.93328149072124
1796,145.92271984762468
1797,156.18923668505803
1798,145.26971774703821
1799,156.25602361442583
1800,156.25602361442583
1801,176.674783317191
1802,197.556159065573
1803,175.84654965557604
1804,175.84654965557604
1805,175.84654965557604
1806,175.84654965557604
1807,145.1928708975562
1808,145.1928708975562
1809,145.1928708975562
1810,157.03277798447937
1811,156.49691197099884
1812,156.49691197099884
1813,156.49691197099884
1814,163.043608825796
1815,176.59121049972492
1816,187.2863668146445
1817,187.2863668146445
1818,198.92955266883138
1819,198.92955266883138
1820,191.04545137449895
1821,169.91301288465178
1822,169.91301288465178
1823,180.0184790953204
1824,198.3663617874737
1825,187.3894890743212
1826,187.3894890743212
1827,195.18993009287
1828,184.2313740470688
1829,152.3336809230363
1830,155.3215140028476
1831,155.68717615880786
1832,155.68717615880786
1833,166.40994009485001
1834,167.24422796403815
1835,181.2205729179688
1836,181.17856280497347
1837,181.17856280497347
1838,195.13553826499108
1839,176.3182410177151
1840,187.31538358836139
1841,187.31538358836139
1842,187.2916154787597
1843,187.2916154787597
1844,234.05353078241023
1845,248.00531981394323
1846,280.43077488292306
1847,280.43077488292306
1848,294.37010049079237
1849,305.33241401898476
1850,294.6096500829426
1851,291.6096500829426
1852,280.701026076948
1853,290.8202708784691
1854,290.8202708784691
1855,290.8202708784691
1856,311.9098769659376
1857,322.7645164715146
1858,303.8355337653732
1859,336.22392351694106
1860,357.45445643829953
1861,365.38959777994
1862,377.0018163863616
1863,390.3699536916756
1864,390.49635309696
1865,390.49635309696
1866,390.1695794284097
1867,408.9353597432932
1868,420.31450448432423
1869,441.8113289684696
1870,441.8113289684696
1871,444.8433144319692
1872,412.27823090329775
1873,422.9203235648087
1874,412.1530343590577
1875,401.869000250294
1876,380.33831479551907
1877,390.37435137999364
1878,398.3624407336634
1879,409.08236065351997
1880,439.3296351096307
1881,428.28378243639673
1882,423.54319155893637
1883,425.23139385706304
1884,406.6230353412743
1885,428.8300656687579
1886,425.849213392121
1887,434.8736190638558
1888,434.8736190638558
1889,434.8736190638558
1890,445.69647409717277
1891,438.02485694322525
1892,437.77587897213607
1893,456.624719329046
1894,477.89737772950497
1895,488.81887798298703
1896,499.9843986659355
1897,521.5853848732091
1898,540.4015619154072
1899,537.4015619154072
1900,551.499256815795
1901,594.953462477453
1902,594.9285730335868
1903,619.0258347349854
1904,606.0506197030985
1905,606.1418307729476
1906,620.0317533899122
1907,622.6787396065098
1908,633.5884251202194
1909,654.6287145709966
1910,646.8734513892106
1911,646.8460419075042
1912,656.3789289101145
1913,666.1195533245859
1914,677.1639056437376
1915,667.8830608168578
1916,668.2710517007796
1917,692.6962339704174
1918,701.546851703869
1919,723.4715025906808
1920,722.6989602939286
1921,679.2175738509945
1922,711.8957562751247
1923,727.7115833396027
1924,738.5465492829702
1925,760.4477862577764
1926,749.6941656237734
1927,771.1772872478953
1928,795.5542187243748
1929,852.76151531461
1930,864.6491804692754
1931,864.5420211153697
1932,916.0203969322806
1933,958.7070550215283
1934,948.074974844501
1935,959.2489712608649
1936,980.8854642020924
1937,1034.0173107066585
1938,1077.6822160421493
1939,1089.8208816143617
1940,1143.3738944842792
1941,1176.079570572652
1942,1176.4023211855533
1943,1251.8213199578092
1944,1255.3313246836242
1945,1269.632525093997
1946,1248.8937979429804
1947,1302.9217539825124
1948,1316.1090613091205
1949,1319.511320310669
1950,1374.0015220073597
1951,1395.5154062856925
1952,1406.8607141657697
1953,1372.4337644837826
1954,1372.1932141057925
1955,1361.341127601707
1956,1367.0098882305208
1957,1355.0479569038428
1958,1375.805363179628
1959,1429.529935043578
1960,1440.345886779664
1961,1440.3307582811385
1962,1454.5854619840325
1963,1455.6393346023901
1964,1458.9395094989345
1965,1447.2648583522646
1966,1422.9160400557275
1967,1400.6426338580397
1968,1414.9549692151431
1969,1428.888495048283
1970,1428.6100732525738
1971,1430.4445523925187
1972,1423.8153008441275
1973,1445.7420451126814
1974,1459.202222002551
1975,1451.743091373408
1976,1476.9081967612826
1977,1462.6937905656775
1978,1473.3566906212143
1979,1483.9336063379292
1980,1486.5110126170337
1981,1532.5325595817392
1982,1479.0014173976838
1983,1479.1030419704666
1984,1469.736258385272
1985,1459.5515132703363
1986,1491.775396154856
1987,1513.5107544206498
1988,1513.7387100482701
1989,1519.168443036198
1990,1521.8009959683573
1991,1521.8273305278465
1992,1643.1284704640198
1993,1656.8272122249186
1994,1635.1380844440641
1995,1527.535230213487
1996,1557.3118341243003
1997,1514.8780694365983
1998,1558.4761767069988
1999,1561.4980592327734
2000,1585.5231740044508
2001,1595.6454074162427
2002,1582.1171734727147
2003,1627.819019205296
2004,1662.3696046010946
2005,1694.468241758052
2006,1652.9116054231254
2007,1652.9133246670508
2008,1631.447234044222
2009,1613.4497989782544
2010,1591.8804697500823
2011,1592.7226757720837
2012,1574.7221241157793
2013,1523.7091257652517
2014,1519.515312837506
2015,1490.9210027591205
2016,1480.1043526989263
2017,1493.3029698779603
2018,1492.2012341743948
2019,1481.579964435824
2020,1499.3856993663112
2021,1466.6099536373576
2022,1553.8674197206765
2023,1524.3488096049523
2024,1502.838227627527
2025,1462.1576392631562
2026,1484.4422460615983
2027,1458.6797584363603
2028,1450.1150863836601
2029,1363.11567790169
2030,1330.8558862610926
2031,1331.2737250706275
2032,1324.2021826764246
2033,1251.2198494122833
2034,1215.85856528279
2035,1194.377365562178
2036,1215.7615654188417
2037,1200.6265605090143
2038,1135.5164491826422
2039,1124.7373907607084
2040,1110.9816676366897
2041,1132.5187270408878
2042,1099.5919999994017
2043,1121.3669844826545
2044,1120.7114533896377
2045,1120.462522538957
2046,1098.579769007348
2047,1100.6267220554353
2048,1100.7375461407378
2049,1122.1477835760618
2050,1078.799186745098
2051,1057.1324842725387
2052,1045.8647448865552
2053,1067.601171628211
2054,1045.9892391253163
2055,1053.9618471978035
2056,1067.919987368257
2057,1089.6941085637352
2058,1054.7288205474547
2059,1047.455677047434
2060,1043.741927412076
2061,1043.53467054353
2062,1040.4043897187958
2063,1040.3927338913857
2064,1040.3145392895324
2065,1040.0895777817425
2066,1018.1395406138107
2067,1053.5159383445248
2068,1075.2801542370084
2069,1157.133657839016
2070,1029.702672567133
2071,1018.9563843076013
2072,1008.0814275066325
2073,961.7300549524668
2074,929.7744894448014
2075,919.1395680859318
2076,934.4740381242226
2077,967.0657257181722
2078,934.5157459813556
2079,945.4375265840426
2080,956.3627421987994
2081,931.7111900081189
2082,885.3958671004469
2083,874.5671876924106
2084,877.5706288787121
2085,875.8324972120297
2086,878.7649048337723
2087,878.8193401098688
2088,900.9350262693822
2089,889.9564824921143
2090,897.8864669969762
2091,897.8637402240275
2092,884.0282066235254
2093,884.0282066235254
2094,840.5507296339905
2095,825.9206839132045
2096,812.7206201322153
2097,820.1642630717206
2098,798.2031355451393
2099,773.7620007022133
2100,791.9133563787536
2101,788.9189582836327
2102,857.3984976909483
2103,781.0734835102598
2104,773.1632464544448
2105,726.2382966315208
2106,715.2448927722394
2107,682.3149752524705
2108,638.7185588272281
2109,637.9299125803009
2110,637.8850200645503
2111,637.7504661477672
2112,616.0755632619844
2113,602.986243329022
2114,570.8447252003599
2115,548.9817991120209
2116,645.2210951823323
2117,655.0538018257856
2118,644.1951080862805
2119,633.2903537240034
2120,631.1995708461267
2121,524.4216076681123
2122,524.4216076681123
2123,513.6195334813774
2124,515.556462617308
2125,515.545544683225
2126,494.7512098901631
2127,505.7296354601764
2128,516.5320320137537
2129,548.7062607001387
2130,526.7991940583036
2131,540.0795038615904
2132,529.1418609076795
2133,518.4051345723351
2134,507.55659043291917
2135,621.1889191162581
2136,639.315032024802
2137,525.0640156997006
2138,532.3557300517353
2139,554.0144633119719
2140,537.0971176336154
2141,523.7428912387652
2142,513.2882123179818
2143,510.20069013948313
2144,649.6369903330539
2145,665.258037488398
2146,662.2745157851407
2147,546.6624865380774
2148,603.158800230223
2149,592.4561332425901
2150,500.8369220319766
2151,511.55898805587503
2152,555.3160155769335
2153,541.8773092688159
2154,541.8735926499639
2155,563.5642729808711
2156,553.6064200003445
2157,553.6879717527593
2158,572.3994336520134
2159,569.4290628442965
2160,580.3377593432726
2161,569.5462673553525
2162,559.2775777922425
2163,577.5690633655715
2164,588.3354891039589
2165,596.0229794524466
2166,556.0221150896348
2167,556.0221150896348
2168,577.6221522223216
2169,577.5387434646519
2170,577.5387434646519
2171,599.5258715367148
2172,574.8428284885421
2173,585.4855676706468
2174,582.5360922094314
2175,581.1637707717731
2176,664.75652721354
2177,653.75652721354
2178,664.7523758152637
2179,543.7259052694101
2180,523.4306318483451
2181,534.263350667643
2182,534.172767058109
2183,549.6442487884071
2184,525.175756406406
2185,590.9801934935296
2186,598.6310414769007
2187,590.492637302962
2188,513.7978863279596
2189,514.0435427278484
2190,533.4426487950573
2191,543.2774495030795
2192,645.6267539722523
2193,645.4665320694736
2194,562.6285590246316
2195,551.8401049902109
2196,649.0145472764248
2197,763.1092270427673
2198,749.1730710464668
2199,749.1730710464668
2200,651.9267362055112
2201,690.8642101202402
2202,576.933587430497
2203,609.2093344548022
2204,633.989325832686
2205,569.2057695857394
2206,559.1917513056344
2207,556.1352005521776
2208,563.5988247199417
2209,596.4156261003966
2210,715.3800483324752
2211,715.8059550629041
2212,610.0309246283114
2213,594.27389142876
2214,572.6329638193242
2215,591.1303016173237
2216,623.4916362047747
2217,645.4815250810038
2218,645.9272792775909
2219,656.5387265684935
2220,656.5387265684935
2221,710.8023648724211
2222,904.5554342601429
2223,926.6707063758511
2224,887.0299160291145
2225,908.3611822830851
2226,815.1726388459493
2227,814.9531475422962
2228,775.5242601304248
2229,767.542543561017
2230,767.542543561017
2231,767.8323757718972
2232,768.2362787777317
2233,779.0506287988817
2234,779.6281044606428
2235,736.1661239252022
2236,725.3745659749757
2237,725.93517211495
2238,734.1687637809769
2239,731.2897963898072
2240,698.7152408897971
2241,709.7050387533914
2242,709.7311350028131
2243,720.44978539804
2244,836.6892819181379
2245,836.6892819181379
2246,847.532733118454
2247,776.8638757611924
2248,777.0354016292581
2249,783.2797295365585
2250,880.5476234050976
2251,848.802698628295
2252,754.1078951306738
2253,764.8260548914307
2254,786.6506335854906
2255,877.6691591300879
2256,896.4241878684766
2257,907.3971231148383
2258,939.9314142652503
2259,931.6980406600966
2260,920.5412439634063
2261,909.6270861710077
2262,920.6149701858553
2263,1039.4677424577972
2264,925.9365318361635
2265,904.3689458580507
2266,904.3689458580507
2267,872.0568656817348
2268,871.9423510072979
2269,769.1817311676973
2270,769.1817311676973
2271,778.9668920046465
2272,789.9205944253932
2273,803.5189521289201
2274,1006.9727552999227
2275,1028.8158952560143
2276,1005.6288289860338
2277,974.0222847849863
2278,859.6118768307545
2279,983.771635009771
2280,985.9147789232397
2281,987.4757978583057
2282,1116.8136782423176
2283,1023.5232730072921
2284,919.4297607310094
2285,911.5242956457538
2286,911.5482318568166
2287,767.6462587569547
2288,789.6646060037439
2289,800.4877722793032
2290,800.1766388514296
2291,800.1766388514296
2292,831.2721817917046
2293,828.2853988938709
2294,1245.7501978225118
2295,1365.4984180390413
2296,1504.7562482441658
2297,1492.5070317620493
2298,1386.7521729452806
2299,1219.7153191070083
2300,1230.0555116647715
2301,1159.66520215315
2302,1030.2782560331805
2303,1073.767227538191
2304,1084.38835691211
2305,1074.8076142472437
2306,1075.5154977222462
2307,1039.561556562458
2308,1018.538184092437
2309,1018.4734114357411
2310,1007.7893410964712
2311,885.9515583672548
2312,873.0940865969579
2313,844.5953174879697
2314,872.726536403307
2315,965.2713490076638
2316,861.3803070093253
2317,853.3892356126024
2318,875.2410327515781
2319,930.8278395376897
2320,974.3866548665617
2321,977.3788721467456
2322,918.2262380234722
2323,906.8894024236672
2324,885.2178186431132
2325,907.186754540038
2326,920.5215625712274
2327,908.265971181127
2328,878.5124589137254
2329,896.869441781661
2330,890.4518136078909
2331,836.1814353338013
2332,863.1284889915905
2333,901.2114247656101
2334,912.2434526143388
2335,901.4335078646792
2336,1033.8552030276678
2337,958.5734600756655
2338,962.9642978791078
2339,947.5022207801383
2340,925.2469286402188
2341,925.1742861559559
2342,914.2902283901913
2343,892.942527600459
2344,860.4292442669816
2345,860.574794262528
2346,871.308385240818
2347,979.0214353741554
2348,971.21449361814
2349,1086.7839530760107
2350,1086.8835762709243
2351,1065.2154830196628
2352,938.7659011265002
2353,962.9549448572562
2354,995.3328406359701
2355,1038.313795476192
2356,1139.2508302924189
2357,1241.4952957749679
2358,1232.7712016807045
2359,1326.2937982196836
2360,1457.0711366406679
2361,1351.4614976881737
2362,1243.2962740610794
2363,1264.8271494351918
2364,1130.8508300494825
2365,930.3401821927323
2366,951.6973941973297
2367,1080.669529717428
2368,1080.4945584329403
2369,1097.6937754874625
2370,1080.3716147808434
2371,927.9846473210553
2372,928.0647703219092
2373,939.5375519675098
2374,928.592616225573
2375,896.3500991913097
2376,927.3046994791006
2377,938.2139863536144
2378,927.7696447455205
2379,1048.3431836373154
2380,1037.4159404633963
2381,1034.6319075615113
2382,1002.0729193890008
2383,1045.9117356192455
2384,1064.6202273726635
2385,974.1438296719997
2386,987.5071711975032
2387,977.2046929887427
2388,1065.247944089209
2389,1101.108396118952
2390,1108.9194976875901
2391,1097.8299162899007
2392,1049.0897784555928
2393,1068.0025741563957
2394,1068.1463179357702
2395,1079.1247696705168
2396,1111.8278702361745
2397,1094.031273578963
2398,1116.0529284720687
2399,1119.2202281791851
2400,1128.7445160169354
2401,1117.6216448037374
2402,1120.7653606328547
2403,1130.595491621085
2404,1141.7042739834314
2405,1183.843410762943
2406,1186.8665150904615
2407,1208.5525314470788
2408,1266.0592990860453
2409,1288.1042696648562
2410,1320.7392666304775
2411,1323.0348388867944
2412,1299.2954157659096
2413,1306.8590787473418
2414,1296.0108151303086
2415,1338.0459872826725
2416,1308.690129333537
2417,1308.5763022846236
2418,1308.3084648810218
2419,1333.9449182936437
2420,1344.9336340427985
2421,1416.9167297273548
2422,1407.237312447399
2423,1396.5808485155262
2424,1377.781734626442
2425,1370.0142556340077
2426,1281.05966396831
2427,1288.680668938408
2428,1293.8530772865909
2429,1294.6002602609205
2430,1325.2044499275842
2431,1335.787709224527
2432,1310.9804118013462
2433,1291.9358868398617
2434,1284.2596124287331
2435,1316.7642258568783
2436,1436.7642258568785
2437,1349.1382817804947
2438,1360.305511200624
2439,1363.153091797433
2440,1377.1871854219337
2441,1433.7262276159895
2442,1444.6520753195916
2443,1444.6630166827238
2444,1509.6360283867955
2445,1509.5133099467364
2446,1542.270199082254
2447,1570.7413976870841
2448,1571.1699412951475
2449,1572.5693638726482
2450,1643.1971230558988
2451,1627.4608724970199
2452,1588.933708204017
2453,1567.4573680871817
2454,1565.679386362674
2455,1583.2899065919173
2456,1595.3276567058506
2457,1616.9439296484004
2458,1620.2132491671885
2459,1640.6572660552379
2460,1654.2574606579992
2461,1727.5865578504909
2462,1737.347726563809
2463,1773.2620531846267
2464,1850.5968938251071
2465,1860.0692703098514
2466,1838.9011408620731
2467,1852.6724756425149
2468,1890.9995117750204
2469,1929.8400991146027
2470,1926.0328272570325
2471,1955.3531986085097
2472,1969.5739600190977
2473,2081.5472498638646
2474,2095.22827154256
2475,2101.303367839814
2476,2160.75660346355
2477,2207.343952879385
2478,2191.697654683776
2479,2070.0723782491755
2480,2109.3540267212247
2481,2118.785880733635
2482,2089.092665251697
2483,2110.4915133041773
2484,2153.1014865029674
2485,2192.3699489798923
2486,2184.929394916179
2487,2212.799631468114
2488,2228.0703685732833
2489,2323.963945704059
2490,2429.276054320645
2491,2447.011931605214
2492,2405.26380839625
2493,2379.874145675328
2494,2375.0792047328214
2495,2370.572674007507
2496,2463.3744600600585
2497,2457.1606341942215
2498,2451.204884984101
2499,2432.343167743028
2500,2565.5134305255756
2501,2465.164189235412
2502,2483.5730315969067
2503,2456.5966512623345
2504,2448.710332683141
2505,2498.337880346084
2506,2501.6904121819052
2507,2500.3951321387603
2508,2511.6601216089566
2509,2538.519727859977
2510,2594.1241690821807
2511,2501.3451856646752
2512,2525.4519911206107
2513,2506.991709836964
2514,2531.4415764747378
2515,2517.7242445458073
2516,2494.4825632529823
2517,2622.575563332548
2518,2653.518954987546
2519,2700.7390511044505
2520,2681.62337876522
2521,2674.614687979641
2522,2722.8109573802017
2523,2733.804913600365
2524,2709.6933676447875
2525,2658.424544166438
2526,2642.700079387494
2527,2536.9821352390236
2528,2518.284850777733
2529,2586.3742770061067
2530,2578.5466793581913
2531,2606.119962479954
2532,2598.947262106355
2533,2609.7814468961064
2534,2591.1259291945207
2535,2539.8047784426694
2536,2558.48902056865
2537,2550.665211008243
2538,2576.0611607519722
2539,2578.740007418372
2540,2529.8404889185535
2541,2486.6708129042595
2542,2463.4914560719053
2543,2494.371632193079
2544,2443.561712805105
2545,2435.1047223737855
2546,2419.2359768253787
2547,2418.8460069482917
2548,2446.046669912898
2549,2478.952321882648
2550,2523.9343629843484
2551,2536.062949695707
2552,2532.7392683407234
2553,2548.0802005022865
2554,2561.3922277466877
2555,2523.8281921252014
2556,2520.873893465573
2557,2491.157049619086
2558,2513.89253988719
2559,2550.4192435501636
2560,2541.824287239748
2561,2532.637470188468
2562,2516.9665536320153
2563,2501.069479616094
2564,2542.6855530663447
2565,2514.92325006213
2566,2557.2393850136186
2567,2589.4461585582153
2568,2560.0009476606374
2569,2532.413301143042
2570,2499.6210185632985
2571,2499.697092929955
2572,2454.7007912138965
2573,2435.7963315895404
2574,2438.629075604586
2575,2478.6349018332135
2576,2438.19563609529
2577,2476.469553887413
2578,2511.843929864564
2579,2607.108102303577
2580,2628.883212755957
2581,2649.8832925877496
2582,2640.3892631224803
2583,2530.6776053854715
2584,2568.447800558069
2585,2550.6789973101463
2586,2529.158214464753
2587,2462.069566633694
2588,2467.0253593478924
2589,2469.6559116267754
2590,2474.4095129115517
2591,2483.9574041344677
2592,2412.501753405864
2593,2426.0672147881164
2594,2486.449376753145
2595,2506.320719418556
2596,2465.8475500752643
2597,2419.0624106657415
2598,2465.5739253270326
2599,2476.8366578386176
2600,2447.43501260468
2601,2447.4881305413073
2602,2420.0799436132206
2603,2387.801358421592
2604,2361.424067437535
2605,2391.0125166066646
2606,2379.583216547263
2607,2379.941415672587
2608,2359.046440217267
2609,2355.4607348083946
2610,2336.6578127963794
2611,2339.179204958348
2612,2317.492167549807
2613,2277.391362490338
2614,2255.645108931746
2615,2216.7538129173668
2616,2199.14260071469
2617,2160.407834783421
2618,2122.1133729368776
2619,2111.092952653401
2620,2138.162547035976
2621,2141.3438266366006
2622,2136.2206881309885
2623,2116.0027628139196
2624,2111.3334916531717
2625,2055.378389316921
2626,2033.9698019383331
2627,2001.628204272471
2628,2001.2699827007868
2629,2026.4513257183094
2630,2001.8549205495528
2631,1966.6133425251128
2632,1964.1493660622527
2633,1983.4730905805075
2634,1972.5726839270797
2635,1937.620355448291
2636,1942.0617749075786
2637,1920.5575561572768
2638,1903.7348136705484
2639,1895.56915850031
2640,1857.1593082390639
2641,1818.7340925104172
2642,1815.993342479792
2643,1795.378491561364
2644,1769.084316148207
2645,1763.1943126100105
2646,1779.8350917444388
2647,1762.715305955826
2648,1844.7551617031743
2649,1790.2920808642816
2650,1651.4809391074268
2651,1621.7018479969934
2652,1629.3195047579143
2653,1621.5701535960343
2654,1621.596403584721
2655,1588.6273599589424
2656,1589.0311894677534
2657,1588.9772338340529
2658,1610.6254545736438
2659,1615.370159468794
2660,1606.419827818302
2661,1621.9374168273814
2662,1610.9952676790906
2663,1600.1030521079654
2664,1591.9907534090971
2665,1607.942351000001
2666,1571.3021259186612
2667,1563.6884710782924
2668,1563.858228112821
2669,1547.2326564455796
2670,1519.5527844394219
2671,1497.9535993093325
2672,1490.3618968711069
2673,1498.1002430042247
2674,1462.5858103630385
2675,1489.2329515576007
2676,1464.8753285897162
2677,1427.5237270411649
2678,1405.9844743277845
2679,1386.186185274913
2680,1394.1671351541238
2681,1361.3107541153065
2682,1314.7058357141918
2683,1289.9376083924726
2684,1286.891422123846
2685,1269.9120080254013
2686,1237.1229311264137
2687,1223.6688259648117
2688,1203.822574155416
2689,1205.4496615244984
2690,1224.371034365618
2691,1202.643150036205
2692,1191.319067318207
2693,1180.4800495206896
2694,1190.5788985288714
2695,1190.5788985288714
2696,1187.7413355093204
2697,1181.9783903672844
2698,1168.5722390468604
2699,1273.135491722837
2700,1267.1296091654679
2701,1247.3076445054724
2702,1201.6455756518008
2703,1201.8352299806
2704,1169.6059892526946
2705,1155.0508859312888
2706,1105.3906585582235
2707,1080.5036389712566
2708,1065.4336363427442
2709,933.1400448292067
2710,949.049417364405
2711,962.2942419549843
2712,970.2492834549702
2713,912.9174328543288
2714,914.6167398881072
2715,914.6574638626831
2716,914.6574638626831
2717,901.0937859705007
2718,895.1114081505797
2719,888.577710809286
2720,880.1501040111613
2721,858.2409593943725
2722,855.2487375315887
2723,855.2487375315887
2724,855.2284440556923
2725,863.1546904498687
2726,831.6614877641741
2727,825.6767044185727
2728,817.7417427138039
2729,800.7893490618713
2730,786.8715399763487
2731,794.8624211400436
2732,783.8801359343256
2733,762.3575596126459
2734,748.4136291334946
2735,739.438913236633
2736,719.1884365525862
2737,734.9848434957454
2738,726.9932955740543
2739,745.1178523657783
2740,739.2071062601258
2741,724.6524004518998
2742,714.1878454939251
2743,711.2050969434137
2744,697.5174120963774
2745,711.3501506984153
2746,722.2486153715438
2747,719.2580118005832
2748,709.0240822190921
2749,705.9564393647584
2750,681.086030861894
2751,686.072142839948
2752,695.8629333257232
2753,813.8921791204978
2754,799.917354340018
2755,799.1780575760372
2756,796.1806998609064
2757,898.8046349368898
2758,763.807905955302
2759,675.036987549481
2760,685.8347550377906
2761,690.0336803491622
2762,673.7749662273335
2763,663.6832564960285
2764,657.6220848476094
2765,665.2969662908632
2766,637.6919933920689
2767,648.6792131124234
2768,634.7288906882733
2769,623.8415270817022
2770,634.2414168301909
2771,621.0497933786803
2772,618.0564758079474
2773,603.0851092769708
2774,603.0851092769708
2775,617.0278166936179
2776,603.2774380798545
2777,589.3437184796211
2778,583.3516968543998
2779,580.3616893289238
2780,563.6065841834595
2781,566.6003299073402
2782,542.2866839123838
2783,539.2884152997945
2784,528.4376517108224
2785,522.4387425934133
2786,530.1470604259546
2787,527.1541406086303
2788,527.1541406086303
2789,513.1885485256205
2790,520.964086597071
2791,514.9771006608254
2792,510.94615299020654
2793,507.9088414263713
2794,507.9088414263713
2795,483.5573198075373
2796,477.5808574410948
2797,481.79510225694054
2798,451.1813504133869
2799,430.03666969807705
2800,440.92873230213195
2801,451.85536540422584
2802,448.85381636835416
2803,434.87159231080886
2804,431.8726302120791
2805,439.8160291214921
2806,447.74967189871063
2807,444.7551364342927
2808,444.44551415312446
2809,427.66312407084763
2810,438.267127574885
2811,438.2446223484063
2812,438.2446223484063
2813,432.33533135221666
2814,418.4903871079904
2815,390.5995709746046
2816,411.8501547781766
2817,421.3055748083277
2818,410.3055748083277
2819,396.50409891180306
2820,390.5224804055521
2821,396.3023112131891
2822,394.8426995966547
2823,394.8426995966547
2824,384.0058032230768
2825,391.8935176862341
2826,388.86456417472453
2827,374.9394997112158
2828,382.84709798496596
2829,379.85152733170816
2830,376.86102856202274
2831,374.01969982721937
2832,374.01969982721937
2833,351.57051025138156
2834,351.57051025138156
2835,344.13605097068074
2836,341.1244440683918
2837,341.1244440683918
2838,338.13091877179573
2839,320.9410845676898
2840,331.80582339057236
2841,317.8896830191732
2842,317.8896830191732
2843,325.9928574633646
2844,333.76359595634045
2845,325.69462614013725
2846,336.67071421034353
2847,336.67071421034353
2848,344.650017490491
2849,363.07851587191715
2850,373.28527392398365
2851,381.2748196177671
2852,370.5779974800006
2853,381.40672236015536
2854,384.406157304642
2855,378.4299641228636
2856,386.03558123729937
2857,372.5899243579103
2858,383.4625480141531
2859,372.48045352246186
2860,372.4550759058526
2861,383.1985923436067
2862,394.19750041864563
2863,405.2611547762434
2864,405.7525321227835
2865,394.8338156186989
2866,394.8338156186989
2867,391.8373950897083
2868,381.20933990743805
2869,391.3121161765115
2870,391.3121161765115
2871,369.3864861684341
2872,363.41978225085865
2873,341.7954476127383
2874,344.7856621141495
2875,355.57022899202906
2876,355.59414595424147
2877,355.59414595424147
2878,358.0954891255835
2879,352.10611179097634
2880,323.4712382260955
2881,323.4712382260955
2882,312.8666414004958
2883,312.8666414004958
2884,312.8666414004958
2885,312.8666414004958
2886,312.8666414004958
2887,309.87441047665243
2888,309.87441047665243
2889,298.9141719400932
2890,285.05543054118317
2891,263.1961735852036
2892,252.4116067073241
2893,217.30648306330008
2894,217.30648306330008
2895,203.40521844538165
2896,192.42773541846222
2897,192.42773541846222
2898,181.50338602580797
2899,181.50338602580797
2900,181.50338602580797
2901,175.52188664882135
2902,175.52188664882135
2903,175.52188664882135
2904,172.55257188569732
2905,172.55257188569732
2906,172.55257188569732
2907,172.55257188569732
2908,193.58355783463477
2909,193.58355783463477
2910,190.59706951648735
2911,187.59735015946785
2912,184.608448750018
2913,173.63047296344268
2914,173.63047296344268
2915,159.6960500977297
2916,148.82965672170053
2917,138.49160321397403
2918,135.49471375412892
2919,124.801781312918
2920,124.801781312918
2921,124.801781312918
2922,135.70034415480222
2923,143.46323054219525
2924,143.46323054219525
2925,140.46372715995145
2926,140.46372715995145
2927,140.46372715995145
2928,140.46372715995145
2929,140.46372715995145
2930,123.71652028761487
2931,134.20011839881948
2932,134.20011839881948
2933,134.20011839881948
2934,131.20547135898278
2935,161.00322986126372
2936,168.6104632645134
2937,165.620817124442
2938,176.24434501550007
2939,176.24434501550007
2940,162.763245429856
2941,159.763245429856
2942,159.763245429856
2943,156.7692592478136
2944,153.7692592478136
2945,164.04053979110822
2946,155.05616418863298
2947,144.46283404677874
2948,153.42113688555483
2949,144.46283404677874
2950,154.83389468982017
2951,151.83952351557144
2952,141.21599562451337
2953,138.21847776415422
2954,138.21847776415422
2955,156.00152416651315
2956,145.73024362321854
2957,145.73024362321854
2958,146.3365881343969
2959,133.4948592372264
2960,133.4948592372264
2961,144.47759832391517
2962,144.47759832391517
2963,144.47759832391517
2964,144.47759832391517
2965,144.47759832391517
2966,144.47759832391517
2967,141.47929709158166
2968,141.47929709158166
2969,141.47929709158166
2970,130.55141598135316
2971,130.55141598135316
2972,130.55141598135316
2973,130.55141598135316
2974,130.55141598135316
2975,132.363536812282
2976,127.5536991620956
2977,127.5536991620956
2978,127.5536991620956
2979,113.58302158623849
2980,112.56723700179992
2981,112.56723700179992
2982,112.56723700179992
2983,112.56723700179992
2984,112.56723700179992
2985,123.52213781765985
2986,126.46969508806612
2987,126.46969508806612
2988,126.89447163661742
2989,126.89447163661742
2990,136.00380838069128
2991,136.00380838069128
2992,133.00746984450237
2993,143.89336688359057
2994,145.12129405858292
2995,142.13445825603864
2996,131.79719433697244
2997,132.30444677300193
2998,132.30444677300193
2999,132.30444677300193
3000,146.20275582996405
3001,146.20275582996405
3002,146.07758802964383
3003,143.08160049728974
3004,153.28524657690048
3005,163.04750066472428
3006,163.04750066472428
3007,166.043440117075
3008,166.043440117075
3009,169.02797150820615
3010,179.74775245904632
3011,167.03794110081625
3012,167.03794110081625
3013,167.03794110081625
3014,167.03794110081625
3015,167.03794110081625
3016,167.03794110081625
3017,156.83429502120552
3018,143.06146503515487
3019,143.06146503515487
3020,143.06146503515487
3021,143.06146503515487
3022,143.06146503515487
3023,143.06146503515487
3024,143.06146503515487
3025,143.06146503515487
3026,143.06146503515487
3027,143.06146503515487
3028,146.05155066350247
3029,156.37823317821176
3030,156.37823317821176
3031,161.29029233066214
3032,161.29029233066214
3033,150.39542218458232
3034,150.39542218458232
3035,139.67564123374214
3036,139.67564123374214
3037,128.72074041788218
3038,139.4109833783466
3039,129.0843008636373
3040,139.65957324197444
3041,136.66363378962373
3042,136.66363378962373
3043,136.66363378962373
3044,133.6718510270643
3045,133.6718510270643
3046,133.6718510270643
3047,143.42432850691435
3048,143.42432850691435
3049,132.4588020473752
3050,132.4588020473752
3051,142.86358425299866
3052,131.92737282266322
3053,128.92976562955275
3054,128.92976562955275
3055,108.1945490630139
3056,108.1945490630139
3057,119.17090977546664
3058,116.17180665088868
3059,116.17180665088868
3060,105.76702444526519
3061,119.55147154884328
3062,119.91606268750539
3063,130.38002678755132
3064,130.38002678755132
3065,130.38002678755132
3066,130.38002678755132
3067,130.38002678755132
3068,116.69969819873931
3069,116.69969819873931
3070,105.79317190433663
3071,105.5907154809642
3072,94.80228690499624
3073,104.63989107605079
3074,94.17592697600485
3075,94.17592697600485
3076,94.17592697600485
3077,94.17592697600485
3078,94.17592697600485
3079,94.17592697600485
3080,84.3383228049503
3081,84.3383228049503
3082,84.3383228049503
3083,84.3383228049503
3084,94.62309062143908
3085,94.62309062143908
3086,94.62309062143908
3087,94.62309062143908
3088,105.53975321060852
3089,116.52875962148178
3090,94.90545548876676
3091,94.90545548876676
3092,94.90545548876676
3093,94.90545548876676
3094,94.90545548876676
3095,91.91192401640413
3096,102.89545248665272
3097,114.3097119002774
3098,103.39304931110796
3099,103.39304931110796
3100,103.39304931110796
3101,103.39304931110796
3102,114.25269986070478
3103,114.25269986070478
3104,117.2458031623218
3105,106.34222528463766
3106,95.3532188737644
3107,108.67539058715172
3108,108.67539058715172
3109,108.67539058715172
3110,108.67539058715172
3111,108.67539058715172
3112,111.67021200496842
3113,111.67021200496842
3114,111.67021200496842
3115,101.33298682552078
3116,98.33298682552078
3117,87.35662611306805
3118,101.30416582775968
3119,101.30416582775968
3120,101.30416582775968
3121,101.30416582775968
3122,101.30416582775968
3123,112.17162214459637
3124,112.17162214459637
3125,112.17162214459637
3126,112.17162214459637
3127,109.18178427390399
3128,109.18178427390399
3129,109.18178427390399
3130,109.18178427390399
3131,98.28491533543308
3132,87.38443699352197
3133,87.38443699352197
3134,87.38443699352197
3135,98.3736876007415
3136,108.97178293870999
3137,108.97178293870999
3138,108.97178293870999
3139,98.17323405050766
3140,111.09537994499786
3141,111.09537994499786
3142,111.09537994499786
3143,100.22792362816116
3144,90.29988744897913
3145,90.29988744897913
3146,90.29988744897913
3147,79.70179211101066
3148,79.70179211101066
3149,90.65832927259605
3150,101.56332050150205
3151,101.56332050150205
3152,101.56332050150205
3153,101.56332050150205
3154,98.56849908368534
3155,98.56849908368534
3156,98.56849908368534
3157,98.56849908368534
3158,109.31308593553564
3159,109.31308593553564
3160,109.31308593553564
3161,106.31758181167822
3162,115.75249089782098
3163,179.18664577170983
3164,189.85873489829098
3165,126.4245800244021
3166,106.04083621241995
3167,106.04083621241995
3168,106.04083621241995
3169,95.18118566282313
3170,95.18118566282313
3171,95.18118566282313
3172,220.77295359329528
3173,220.77295359329528
3174,105.6253310523878
3175,105.6253310523878
3176,105.6253310523878
3177,102.62974741752952
3178,102.62974741752952
3179,102.62974741752952
3180,102.62974741752952
3181,102.62974741752952
3182,102.62974741752952
3183,102.62974741752952
3184,94.88516056567921
3185,84.29974134961255
3186,84.29974134961255
3187,95.08495944554049
3188,95.08495944554049
3189,95.08495944554049
3190,95.08495944554049
3191,105.96676544329995
3192,97.42259217250444
3193,97.42259217250444
3194,97.42259217250444
3195,95.2946763167188
3196,95.2946763167188
3197,106.17973730953656
3198,106.2848390070703
3199,106.2848390070703
3200,103.30030761593915
3201,103.30030761593915
3202,114.27164621571544
3203,114.27164621571544
3204,114.27164621571544
3205,114.27164621571544
3206,114.27164621571544
3207,122.86818134052119
3208,106.09350484535841
3209,97.49696972055264
3210,97.49696972055264
3211,97.49696972055264
3212,97.58652940174025
3213,86.68153817283425
3214,83.68779244895359
3215,83.68779244895359
3216,83.68779244895359
3217,104.36296881318184
3218,104.36296881318184
3219,93.40643165159645
3220,105.50190137110303
3221,105.50190137110303
3222,105.50190137110303
3223,116.20437712845498
3224,127.02072440759952
3225,116.31824865024757
3226,116.31824865024757
3227,126.84621302961412
3228,126.84621302961412
3229,137.5063591604196
3230,148.44738964202793
3231,159.03028727484215
3232,156.20210525083735
3233,156.20210525083735
3234,165.74105299420037
3235,175.97869373441682
3236,176.18806326616112
3237,176.18806326616112
3238,176.18806326616112
3239,176.18806326616112
3240,177.54644274782146
3241,177.54644274782146
3242,177.54644274782146
3243,187.36172222141283
3244,187.36172222141283
3245,166.30773420205188
3246,188.26092883171708
3247,188.26092883171708
3248,177.3135724904367
3249,167.4982930168453
3250,167.4982930168453
3251,178.4893908160188
3252,189.43987774248535
3253,178.83044808957132
3254,178.83044808957132
3255,178.83044808957132
3256,178.83044808957132
3257,182.09522888113528
3258,171.10597827391575
3259,171.10597827391575
3260,160.15278364425055
3261,170.5462891074823
3262,178.34878103364926
3263,184.41459068847243
3264,184.41459068847243
3265,193.1137932852397
3266,196.11837837703325
3267,185.3810444659224
3268,205.9638944810029
3269,208.02838899847535
3270,210.9914618150603
3271,200.0230309609684
3272,200.0230309609684
3273,210.93841129433764
3274,221.927308624273
3275,201.76923072343556
3276,201.76923072343556
3277,201.61605434382318
3278,193.6183804927801
3279,196.6183804927801
3280,196.6183804927801
3281,217.92458143300962
3282,242.76784061684612
3283,253.64186938325827
3284,287.6047762836105
3285,319.8017806976892
3286,340.67272808988446
3287,340.67272808988446
3288,310.0530493149388
3289,310.0530493149388
3290,341.3405805131421
3291,319.81274461152634
3292,330.4216141914395
3293,327.4216141914395
3294,358.1208663186748
3295,368.95694360642113
3296,335.2601531760228
3297,348.94905693081245
3298,348.94905693081245
3299,359.90552027636215
3300,359.41558710078425
3301,359.37440570507687
3302,381.0395639584786
3303,392.0129393831805
3304,370.5521641648225
3305,394.4220822165571
3306,415.7012542452208
3307,408.0343933537371
3308,394.4295052462137
3309,405.10003219444917
3310,405.10003219444917
3311,415.9619776347017
3312,437.76438360550065
3313,416.35704001213065
3314,436.8980831034257
3315,426.19290805828825
3316,404.5510154311057
3317,383.39859695187886
3318,391.51565080955356
3319,395.4529389312711
3320,414.1633371906803
3321,424.8504922874297
3322,424.7737230515055
3323,414.10056553684956
3324,434.4393252043252
3325,423.4774966210897
3326,433.03563739213155
3327,414.7303777991186
3328,414.7303777991186
3329,426.9042128980003
3330,437.9042128980003
3331,428.36023386301224
3332,533.4172230452153
3333,525.7460109049777
3334,522.7473059161255
3335,522.7691215875744
3336,409.8554015211698
3337,442.28840250561325
3338,532.2982612953025
3339,543.1797681883832
3340,553.8961139057849
3341,553.8237028646803
3342,471.9466033281966
3343,442.33171692883275
3344,456.3026758633225
3345,510.94934501744217
3346,511.051134251403
3347,521.4561539754535
3348,540.3858206528272
3349,518.7730603207184
3350,528.1285661820837
3351,531.1336937912337
3352,553.2410034271954
3353,552.9854575606911
3354,558.7397431222912
3355,571.820820961726
3356,553.730490583088
3357,531.9439455283512
3358,542.6436560102538
3359,549.3442012289654
3360,549.4347555488018
3361,568.0925461251396
3362,568.7015972210859
3363,590.2438619197881
3364,601.266666037034
3365,581.1067833645429
3366,591.7107768183785
3367,621.6142951957971
3368,632.0217795088423
3369,618.1881123304695
3370,640.0921681569846
3371,639.8582386165755
3372,657.205254127814
3373,688.7192124580099
3374,699.9482746526836
3375,692.231928935282
3376,703.2274355670322
3377,717.6929477675501
3378,747.3607375616231
3379,740.8171138021522
3380,816.9373530464802
3381,820.5555385523318
3382,844.7035573098249
3383,823.0765838599702
3384,812.7617668013858
3385,801.8067010436489
3386,848.4486799500673
3387,893.8207583787452
3388,947.7287044689065
3389,960.3397189681652
3390,970.938646041967
3391,1115.2716313342632
3392,1134.9649556286777
3393,1147.3713726726696
3394,1090.6920701888628
3395,1137.4940255254573
3396,1139.0012715631242
3397,1160.830800193377
3398,1177.0311363271405
3399,1179.5635458837787
3400,1158.5942449341842
3401,1147.4989684616332
3402,1158.7828162275707
3403,1180.1721542636487
3404,1237.2924773955717
3405,1192.0660891846192
3406,1182.0874316490267
3407,1184.834840593152
3408,1184.3014224053572
3409,1206.1073084862048
3410,1216.7833124972728
3411,1238.6091766569755
3412,1238.9965341940901
3413,1374.5145338616746
3414,1374.5219310124182
3415,1366.0765019010369
3416,1388.9282537465285
3417,1389.8114863783712
3418,1346.5035046744342
3419,1367.7509306428506
3420,1359.7913456865147
3421,1238.78470124914
3422,1227.9766807987162
3423,1295.696865942084
3424,1360.2265919445908
3425,1338.2755993941685
3426,1360.5273705192178
3427,1371.278394318903
3428,1371.463775789141
3429,1403.7926254637082
3430,1392.8866195107298
3431,1382.1217508762277
3432,1360.132162203986
3433,1374.182772179773
3434,1366.3793518095747
3435,1398.9282643925226
3436,1408.908694073501
3437,1473.8327642320364
3438,1439.0255264404948
3439,1441.7751172044418
3440,1377.2338379204239
3441,1377.1456132173046
3442,1388.0683956143469
3443,1344.427836104412
3444,1333.3215121454248
3445,1355.1514666931869
3446,1339.7763654190346
3447,1344.7799429150339
3448,1329.4999373252115
3449,1351.1680262380594
3450,1340.345131225724
3451,1395.3146141120317
3452,1352.094447724018
3453,1344.5046447266045
3454,1361.3656549604716
3455,1364.3634121413713
3456,1353.3631820696437
3457,1386.1457537828933
3458,1424.3362656802517
3459,1371.3395347943774
3460,1363.7786906292938
3461,1384.6192716927676
3462,1373.832377478235
3463,1349.0486588452145
3464,1348.9147636246203
3465,1338.025104248991
3466,1305.776997879988
3467,1248.9570606324285
3468,1237.9008918016766
3469,1227.0248661702306
3470,1205.9499244231417
3471,1205.9549817718034
3472,1198.6589893373528
3473,1201.3274547214676
3474,1201.3199159402939
3475,1204.366949912959
3476,1182.5140158073173
3477,1209.880717247838
3478,1274.2447641324154
3479,1282.543929636773
3480,1260.8556624633184
3481,1282.4003533904558
3482,1407.952163403284
3483,1375.1301227138222
3484,1386.0113308354676
3485,1383.0726342928174
3486,1303.7855660625717
3487,1418.8151472342063
3488,1429.7833452474263
3489,1293.1652446509274
3490,1274.350131695069
3491,1241.4888180996174
3492,1230.1987976032924
3493,1243.8476259125114
3494,1338.6419592401337
3495,1338.4888693902305
3496,1214.39048585813
3497,1202.8782518411208
3498,1131.9633101339539
3499,1131.9633101339539
3500,1112.5938777877852
3501,1112.5938777877852
3502,1071.7932262891748
3503,1044.3078819475052
3504,1015.7116792256131
3505,1043.4335400287594
3506,1063.7383750889305
3507,1060.6875677302426
3508,1060.802802063391
3509,1051.3079117634445
3510,1075.8520275792014
3511,1021.709608310612
3512,1012.722459798402
3513,1005.3028802091412
3514,986.8194630206074
3515,975.9345221949822
3516,986.8061538526325
3517,1071.8802225011539
3518,1093.2687912180022
3519,1061.850723955631
3520,1072.658931793107
3521,1040.1101449877267
3522,1050.772237728479
3523,1050.7522576697625
3524,1039.8715902634813
3525,1018.1809602501538
3526,1015.2488754038995
3527,1015.2488754038995
3528,885.6531838179882
3529,864.0141594771515
3530,993.6672168547417
3531,1004.4449750979596
3532,996.5198852192249
3533,996.27039948632
3534,996.2925799846025
3535,1018.121792579645
3536,1017.9489914206472
3537,1007.4116082332894
3538,894.7238758833143
3539,916.5953054431757
3540,913.6178892345592
3541,881.0046627034685
3542,867.4056011925121
3543,834.7656202799162
3544,834.5968684448442
3545,848.5413294626067
3546,859.5413294626067
3547,858.9284955748549
3548,869.8609322890579
3549,858.8781274470243
3550,869.5939057733955
3551,847.7541502690307
3552,815.1133366638583
3553,822.6453081676965
3554,819.5680049561411
3555,778.5014117040981
3556,871.0442112906002
3557,849.3441119838337
3558,849.3441119838337
3559,875.5896401890709
3560,861.6516521905717
3561,828.3818255903886
3562,842.3338939364894
3563,731.2329890024351
3564,720.2171247515048
3565,706.8105379087751
3566,706.90231545137
3567,675.3060621477359
3568,675.4355445656101
3569,664.8083276896846
3570,771.7020285908203
3571,782.2435037273095
3572,721.7264213350372
3573,716.6479093489463
3574,697.0602879955026
3575,708.0903880188396
3576,707.749431316918
3577,699.7890281383711
3578,719.6056765370247
3579,593.922577447071
3580,604.8297427948465
3581,615.7311214007983
3582,593.6322738171116
3583,584.5159291291454
3584,595.3504351521026
3585,614.3277404864969
3586,600.3882151638165
3587,600.1396640985183
3588,600.1396640985183
3589,589.1396640985183
3590,599.839412411548
3591,589.2646306682865
3592,581.7136468291194
3593,581.7129076049458
3594,693.6888510606534
3595,668.6609876052044
3596,572.8572066563612
3597,586.5191817575231
3598,597.3933822368223
3599,611.2270909561499
3600,589.4405596345109
3601,600.302571548181
3602,600.302571548181
3603,589.398122051897
3604,600.1001556970882
3605,600.1001556970882
3606,625.2931744255483
3607,613.7613493328943
3608,630.4618613806049
3609,630.4618613806049
3610,633.5727793214671
3611,616.8548081278309
3612,649.8130999995957
3613,660.4808686514476
3614,668.4104668862832
3615,668.4937106361989
3616,668.4702474016632
3617,690.1497457267675
3618,668.3412091590922
3619,682.2534697392662
3620,668.3069182708177
3621,657.6348426417946
3622,668.5345306212582
3623,665.5063853074248
3624,654.943876199683
3625,665.6839133417042
3626,645.8961647929757
3627,616.1112493961832
3628,580.6004161727562
3629,602.1099483546936
3630,588.2622294387985
3631,577.2594467463118
3632,598.1281990247785
3633,587.137139058265
3634,587.2690774826627
3635,559.6219893729092
3636,548.6074253872877
3637,688.2008892720501
3638,693.8924676230279
3639,579.4978526813932
3640,612.4413651496039
3641,601.6238175722192
3642,556.9593869316642
3643,556.983615228709
3644,561.8087521556199
3645,540.1167392552464
3646,529.2771999952607
3647,551.1310229957649
3648,551.1310229957649
3649,594.8780952946089
3650,594.4749850434791
3651,605.3319614692823
3652,605.2606161803255
3653,616.05655201081
3654,605.9045164391812
3655,616.8221353674626
3656,598.1200079383361
3657,598.1200079383361
3658,633.5779029506248
3659,604.1485445314098
3660,622.8734381130494
3661,742.1259291666229
3662,766.8013653785384
3663,788.4092978018273
3664,712.7677958423913
3665,709.7679934434649
3666,698.7384402807097
3667,717.1104379804517
3668,695.4130680814294
3669,716.5275544680126
3670,727.371993781227
3671,791.2791546302623
3672,738.1957771373268
3673,738.2642500288061
3674,738.2642500288061
3675,770.6168853059502
3676,801.6527237635069
3677,816.1870291119671
3678,819.083730367872
3679,840.5070426033607
3680,841.1377844243286
3681,848.896694543189
3682,870.7896845692119
3683,873.8862801104925
3684,851.9492366395356
3685,848.1132189088589
3686,848.2923826094533
3687,839.4934127373137
3688,872.0379988216603
3689,896.9337740409958
3690,918.7141934728072
3691,937.1290811489155
3692,946.3960662014634
3693,977.9851758867579
3694,1078.5242102505676
3695,1059.9759810849873
3696,1027.409974582574
3697,1038.886014992194
3698,1017.3193431975417
3699,1017.2358419407569
3700,1143.6136080983465
3701,1143.4773106936898
3702,1149.331421629538
3703,1138.331421629538
3704,1184.8955507920155
3705,1173.8958170381793
3706,1106.5282806590494
3707,1117.4522352023705
3708,1114.7234863901908
3709,1225.35708924041
3710,1108.743356267957
3711,1050.6905229274948
3712,1039.973154684249
3713,1040.3200689137543
3714,1043.588693524929
3715,1065.3836421018977
3716,1062.12131121766
3717,1083.492415106878
3718,1100.0627168385622
3719,1105.3405446248132
3720,1103.4146287736346
3721,1081.7619300758677
3722,1160.5467620823367
3723,1192.8937371781706
3724,1308.8651888997408
3725,1289.2571624606783
3726,1286.214176494629
3727,1260.487623622406
3728,1252.7348429066292
3729,1275.440226197691
3730,1191.1115806448565
3731,1203.6934100609296
3732,1201.262450252479
3733,1213.0992947536433
3734,1216.0992947536433
3735,1122.3260263216334
3736,1133.1621247522808
3737,1133.1431857831412
3738,1108.1704339124412
3739,1221.7160329258456
3740,1210.6606141984707
3741,1210.6318625721697
3742,1243.3939547400994
3743,1268.063482609835
3744,1257.0304577865031
3745,1165.4141250523335
3746,1176.2997824192846
3747,1166.005916378554
3748,1198.6176659269152
3749,1346.4864659770315
3750,1314.5285480910916
3751,1429.4291851883982
3752,1314.241741039243
3753,1298.3377273459628
3754,1439.7234890048073
3755,1407.2832635573134
3756,1407.6680413544893
3757,1401.678891869581
3758,1401.7966737984275
3759,1554.3534355496165
3760,1562.2972752259213
3761,1437.3925362753564
3762,1423.4753051537477
3763,1506.8646263050846
3764,1473.7385826469613
3765,1437.0410531727525
3766,1415.3627987051664
3767,1404.6889511786796
3768,1287.1891497611682
3769,1189.3305472585444
3770,1079.2527050838232
3771,1176.040052964621
3772,1110.360874070731
3773,1098.4649657938903
3774,1109.2947735679159
3775,958.8405689190947
3776,999.4454674132958
3777,1130.1459036494825
3778,1119.1206765655397
3779,1328.356893291203
3780,1328.2104476430247
3781,1145.3379323964498
3782,1071.1912335213565
3783,1070.8500156955977
3784,1049.6846747690358
3785,1017.2994336007606
3786,1107.9577911635006
3787,1119.0695107822805
3788,1151.855837370015
3789,1154.4591181557905
3790,1171.2565573989943
3791,1165.995271898426
3792,1177.0752068474148
3793,1174.2309506581987
3794,1141.8261891406867
3795,1135.9606052542001
3796,1169.1249069051164
3797,1104.1741458304305
3798,1013.0501398161448
3799,1020.9808489507516
3800,1039.858143696761
3801,1061.4560976491766
3802,1074.6418387481433
3803,1088.3265407166575
3804,1076.6613625576583
3805,1033.2440719677388
3806,1035.8151687781312
3807,1028.2093169604286
3808,1017.2498277200042
3809,1060.1915907879088
3810,1093.0776309761295
3811,1114.5106464593987
3812,1090.5779750933518
3813,1090.677885258125
3814,1177.6306157997733
3815,1178.158644496478
3816,1167.1163073068144
3817,1199.58738303836
3818,1213.2363688361472
3819,1256.5248723723348
3820,1235.840457435821
3821,1167.2236091142768
3822,1069.3104838360005
3823,1090.4940819389599
3824,1090.2967623724248
3825,1068.592878858882
3826,1082.4787430406013
3827,1123.0458164354195
3828,1119.2056397779297
3829,1162.6757264235698
3830,1169.3316777081893
3831,1193.4196168304484
3832,1289.4193648202843
3833,1286.0383572958247
3834,1321.6308807926002
3835,1324.8275480838547
3836,1314.1646728892038
3837,1211.2151431841796
3838,1235.441977559931
3839,1245.504460114244
3840,1248.3966458519649
3841,1262.3300564139095
3842,1266.7281405467154
3843,1253.194979732672
3844,1217.7881421519792
3845,1218.9489992321073
3846,1240.75491369465
3847,1240.646997754941
3848,1251.4978003203946
3849,1251.7020123570524
3850,1312.4319406961704
3851,1315.7468629911189
3852,1361.976861524632
3853,1362.9345708999308
3854,1362.9345708999308
3855,1373.8097418697948
3856,1326.313611422404
3857,1326.1661070947107
3858,1419.719425664688
3859,1419.874144438956
3860,1399.5473039401352
3861,1412.6874814859905
3862,1366.9101300747602
3863,1475.197741984741
3864,1459.531362607248
3865,1484.324234409814
3866,1488.3057611200106
3867,1467.3080665641269
3868,1499.4966679649854
3869,1273.9818809676615
3870,1273.9978506752823
3871,1333.9496626008531
3872,1347.3218956154017
3873,1368.9220737468816
3874,1401.2288095579222
3875,1433.6967925175356
3876,1500.0762857842215
3877,1501.0536462043615
3878,1497.7958393433025
3879,1482.8064395750544
3880,1488.9384643061735
3881,1405.0570754866806
3882,1419.1327760298109
3883,1474.2405506632251
3884,1466.2366493628574
3885,1480.2265797840637
3886,1496.4867954431895
3887,1480.205010545614
3888,1595.9350334537028
3889,1639.4736894051234
3890,1682.7885993226903
3891,1588.987541523256
3892,1627.9169082482472
3893,1630.2527668977348
3894,1717.0137178756477
3895,1731.7312381431184
3896,1760.456762663115
3897,1793.1920415896186
3898,1825.4414738719856
3899,1833.7572625445946
3900,1847.6803899694821
3901,1737.2401742434063
3902,1726.5128804519566
3903,1775.7003257169183
3904,1821.866376831586
3905,1869.5701849831173
3906,2016.5819422619104
3907,2065.910740186526
3908,2110.5796525734886
3909,2159.3757309381144
3910,2166.554056705671
3911,2221.0328819344727
3912,2147.6896032382356
3913,2096.7036300346076
3914,2050.14368465017
3915,2105.6303223477753
3916,2135.2388654926
3917,2116.2774366391172
3918,2122.3175429545977
3919,2160.8906741538012
3920,2177.8212063760916
3921,2189.30094647023
3922,2328.6981569154455
3923,2312.6026772431896
3924,2110.2781363748863
3925,2248.2261449155344
3926,2156.286790301054
3927,2209.269596056356
3928,2273.9359250016623
3929,2289.7519034750726
3930,2360.983784315646
3931,2416.8248773987725
3932,2449.4894798412724
3933,2475.75301249312
3934,2487.250143355246
3935,2373.107868777809
3936,2390.8934639992835
3937,2405.048871021726
3938,2403.1433968750343
3939,2421.0039656833997
3940,2452.0519563467833
3941,2488.1610235818953
3942,2512.057766705292
3943,2597.938957669796
3944,2498.1940798450546
3945,2458.1386714048836
3946,2549.134047954803
3947,2626.89541276175
3948,2770.1753850408245
3949,2748.155730804403
3950,2791.7993535215182
3951,2808.2009250490437
3952,2783.5502839084384
3953,2786.1906461850544
3954,2665.2316729463328
3955,2763.5118658630736
3956,2803.9939106446136
3957,2828.011039145056
3958,2812.7358767033675
3959,2881.184530795081
3960,2851.3051156811703
3961,2851.2916555267548
3962,2862.7982209701063
3963,3023.94726387665
3964,3048.3058029865742
3965,3055.6355580039453
3966,3030.472807148762
3967,3050.176143218295
3968,2944.9204774188165
3969,2922.802485396608
3970,2922.441011600489
3971,2799.3239414638606
3972,2748.3717618252645
3973,2737.363487541833
3974,2750.953915473032
3975,2750.410775529267
3976,2759.8558573655014
3977,2762.7094022107203
3978,2754.443840794608
3979,2731.176724991837
3980,2766.790167363991
3981,2716.538097600888
3982,2655.9691448906615
3983,2651.0901820645977
3984,2665.028176266377
3985,2640.5121519898007
3986,2600.1014652245767
3987,2574.0787022515487
3988,2568.8909812775782
3989,2600.6670881422565
3990,2608.158329129341
3991,2618.418387103267
3992,2733.503909356019
3993,2758.7015941106456
3994,2716.594001312475
3995,2727.6016536433317
3996,2769.1556118685103
3997,2673.093092976654
3998,2705.3339403377063
3999,2758.249557622969
4000,2742.270095843029
4001,2738.170301348606
4002,2749.8850799786924
4003,2717.5096344993494
4004,2712.2647809529726
4005,2687.037651516813
4006,2641.150938166268
4007,2597.693649460338
4008,2619.1600062059547
4009,2635.96792760399
4010,2579.072229488335
4011,2591.271904799881
4012,2559.1607434056855
4013,2540.354397204976
4014,2518.8900367552214
4015,2550.4177533998904
4016,2584.2020673825887
4017,2557.1193663134786
4018,2513.36156982971
4019,2516.522419517655
4020,2516.171991506715
4021,2501.0163735630636
4022,2556.970055697931
4023,2460.205185606434
4024,2463.518020322985
4025,2489.277460167738
4026,2504.212659040319
4027,2499.8723877685566
4028,2494.4533519778147
4029,2475.7201330889725
4030,2456.686203063121
4031,2456.981240597119
4032,2460.2069311345567
4033,2488.3900197091775
4034,2477.375925335088
4035,2485.9945769565575
4036,2431.980111946087
4037,2405.476384155036
4038,2403.456980341545
4039,2404.6239530178423
4040,2400.011322412438
4041,2367.2805696588166
4042,2345.1224707203332
4043,2309.1452361116603
4044,2344.600583822233
4045,2347.452032088245
4046,2480.634162367284
4047,2450.9881521013654
4048,2456.726161246688
4049,2418.0144694354694
4050,2295.4738791285095
4051,2276.6862118950303
4052,2225.348645303335
4053,2214.1690520159973
4054,2229.2309409938844
4055,2189.074055530728
4056,2201.9628110973663
4057,2239.6558555011707
4058,2224.1911680209296
4059,2211.2821296900365
4060,2234.778263164952
4061,2230.9287403705257
4062,2233.7110520208876
4063,2258.161380530202
4064,2237.289583077407
4065,2228.134674852099
4066,2186.3664599422873
4067,2186.4129229522814
4068,2197.3118936863916
4069,2159.0478133792967
4070,2121.060951025011
4071,2109.8787748387876
4072,2063.6789546092778
4073,2046.898986290376
4074,2098.1624587902465
4075,2122.1277412450027
4076,2103.584670928765
4077,2054.5013990629304
4078,2032.7609141413843
4079,1989.1243983919003
4080,1967.5185164640316
4081,1975.6685024905446
4082,2046.8832666184694
4083,2013.097917764451
4084,2003.0340648453423
4085,2021.7597124172653
4086,1869.3430784086754
4087,1855.4450664311744
4088,1832.6106452603635
4089,1829.5522150363765
4090,1824.4956105078604
4091,1906.9057036680288
4092,1914.5714175440294
4093,1807.7687059101077
4094,1815.4807961419633
4095,1822.3300346844512
4096,1832.266661260564
4097,1807.7790754238058
4098,1774.4027782616856
4099,1752.7970007724364
4100,1781.9242438660026
4101,1776.9158959102463
4102,1765.943663373692
4103,1740.0161753211241
4104,1721.0913251237143
4105,1710.2204801953817
4106,1674.6618058165218
4107,1644.4277196720188
4108,1647.2131701017058
4109,1652.2356570708116
4110,1630.4785410412323
4111,1640.9589079878822
4112,1640.9863424738178
4113,1613.1763763261044
4114,1607.2246716087234
4115,1568.61200190894
4116,1560.2026057288053
4117,1549.5702173193858
4118,1519.0927816843293
4119,1531.1112225185084
4120,1528.1318475587996
4121,1500.5548600780508
4122,1497.554860078051
4123,1483.8313026221017
4124,1477.8946991245552
4125,1448.204253995804
4126,1472.222134483026
4127,1455.463482643339
4128,1425.2785003564975
4129,1389.549122820318
4130,1368.0682336222822
4131,1335.4174603578917
4132,1321.4884852669993
4133,1308.381351521735
4134,1312.9202702145235
4135,1301.9263830325822
4136,1288.0634767541835
4137,1284.5272451816472
4138,1292.680958902191
4139,1270.8978218088537
4140,1238.7070707758226
4141,1208.2174235749987
4142,1191.6635329848345
4143,1183.7844236136339
4144,1170.4462082320988
4145,1151.6088471700957
4146,1126.551412481942
4147,1112.4950720324803
4148,1120.4341577959276
4149,1123.2910169796116
4150,1120.3007412048523
4151,1130.7369556513956
4152,1125.1033920017974
4153,1094.7204417331543
4154,1081.4982391680378
4155,1089.0717313547143
4156,1078.1157161116496
4157,1067.292268124271
4158,1041.3732966146945
4159,1032.3977824649603
4160,1029.0296448251474
4161,1009.1591416010845
4162,1016.9397691061545
4163,1010.9928732830904
4164,1008.5230115753004
4165,1020.8267891489323
4166,1020.6834948446609
4167,1020.6834948446609
4168,1000.7637428400063
4169,957.3197399203561
4170,940.7541444980169
4171,970.2687230371032
4172,1003.0112464925451
4173,1014.3196096258728
4174,989.8284675166709
4175,989.8284675166709
4176,972.917556169029
4177,967.0100405850177
4178,966.6775227089353
4179,972.1126900969317
4180,969.1818026309801
4181,977.1324542060071
4182,977.0373948931136
4183,949.2462352994611
4184,927.9695273876958
4185,934.0390393452352
4186,933.8163812545174
4187,923.0377165388777
4188,885.567334157044
4189,875.8521867489856
4190,845.0338363857388
4191,839.077617776348
4192,831.4784427912164
4193,806.8022882487692
4194,797.8272537389046
4195,789.8099221846146
4196,751.1587330791756
4197,740.2473522144859
4198,734.2581602512664
4199,715.718260578895
4200,720.5908406887019
4201,704.4957718309549
4202,701.507942902552
4203,675.2927751001107
4204,683.2922125262145
4205,691.2627878449604
4206,713.1543200550601
4207,707.2990790174391
4208,704.3117341290758
4209,693.3537387663207
4210,701.1869136172913
4211,708.6988421388077
4212,713.4849438411663
4213,707.4907840348637
4214,682.644775535577
4215,682.647553522554
4216,657.7187919877348
4217,643.7997471720098
4218,624.8693280333223
4219,614.0731482515989
4220,605.0976535502832
4221,623.8929111501118
4222,612.9270636575403
4223,616.8039636733263
4224,613.8154604986116
4225,613.8154604986116
4226,603.0023504712037
4227,589.5127680621451
4228,575.5781657115576
4229,531.9926601729032
4230,507.91059102716764
4231,529.5022706874614
4232,532.4793769526661
4233,532.4793769526661
4234,539.4411437186349
4235,539.4411437186349
4236,529.4884123847798
4237,534.4716868192326
4238,543.2599927101226
4239,540.2723132936487
4240,542.0447266002955
4241,554.2814289939213
4242,545.4669417488362
4243,545.4669417488362
4244,553.3860672948188
4245,550.3944286676021
4246,550.3944286676021
4247,514.7279772263412
4248,496.62847652131006
4249,496.62847652131006
4250,493.6297561020497
4251,490.22877173271746
4252,479.49667828379813
4253,481.3109237144064
4254,467.332972082454
4255,453.4367013138762
4256,439.6051779700204
4257,441.5189449560149
4258,438.5210656940942
4259,446.4252871731754
4260,446.4252871731754
4261,452.1139563731194
4262,438.17031812995697
4263,427.39794925875924
4264,440.52893917371244
4265,419.22478852940685
4266,391.922178707053
4267,388.92255375929926
4268,367.15247400400244
4269,355.5941006483469
4270,352.59649161959953
4271,352.59649161959953
4272,346.73597488811095
4273,346.73597488811095
4274,343.74228449324613
4275,343.74228449324613
4276,343.74228449324613
4277,353.9351475245976
4278,353.9351475245976
4279,343.12573648473085
4280,332.15979880840837
4281,342.93116385875396
4282,332.04480834953154
4283,332.04480834953154
4284,321.85194531818007
4285,321.8690742733585
4286,315.7258546698156
4287,334.4541004915705
4288,331.4665657795616
4289,320.5514974285172
4290,328.33023065320185
4291,328.33023065320185
4292,328.33111041746326
4293,349.2577153116304
4294,367.64495748156156
4295,367.49975598279434
4296,378.3102080099805
4297,375.31772608109674
4298,383.2713329838981
4299,383.2713329838981
4300,375.44556725986615
4301,390.4377437726616
4302,398.27045161591
4303,395.27273247046077
4304,385.11791524898155
4305,385.11791524898155
4306,363.8234005562956
4307,374.66319461695565
4308,374.66319461695565
4309,374.66319461695565
4310,374.66319461695565
4311,361.23009248180017
4312,358.23766993484264
4313,361.1183032187025
4314,361.1183032187025
4315,361.1183032187025
4316,361.1228566536898
4317,361.06234707588953
4318,344.2302564536191
4319,355.50487795067295
4320,344.732646629191
4321,344.732646629191
4322,330.93361862212294
4323,330.93361862212294
4324,330.93361862212294
4325,330.93361862212294
4326,327.9415794962578
4327,314.03947232330967
4328,303.11050719871383
4329,303.11050719871383
4330,286.19741320968245
4331,292.12965301485013
4332,286.19741320968245
4333,275.42990019058965
4334,269.4324217742783
4335,266.43707535246665
4336,241.8257443581506
4337,238.9451110742907
4338,238.9451110742907
4339,238.9451110742907
4340,238.9451110742907
4341,235.9569440132194
4342,243.84940125893255
4343,250.98519527137617
4344,250.98519527137617
4345,237.13606793370352
4346,237.13606793370352
4347,234.14048001483687
4348,231.14303555919557
4349,239.26164555544736
4350,239.26164555544736
4351,231.14303555919557
4352,220.20021182510655
4353,217.2231842219994
4354,207.08739020955582
4355,204.09881045597973
4356,204.09881045597973
4357,201.15961409012456
4358,187.32454592198363
4359,184.3347343238622
4360,173.50653622969324
4361,184.35547737068737
4362,181.35547737068737
4363,178.35746087381787
4364,178.35746087381787
4365,178.35746087381787
4366,175.36469999754493
4367,175.36469999754493
4368,175.36469999754493
4369,183.15955110875143
4370,183.15955110875143
4371,180.1675905543427
4372,180.1675905543427
4373,180.1675905543427
4374,180.1675905543427
4375,158.3789859634854
4376,158.3789859634854
4377,147.46310369511448
4378,155.1211345194771
4379,149.12625297017337
4380,159.95944630218926
4381,159.95944630218926
4382,159.95944630218926
4383,159.95944630218926
4384,170.95304640737416
4385,170.95304640737416
4386,167.95474728105327
4387,168.13172836821803
4388,165.1339452549953
4389,165.1339452549953
4390,165.1339452549953
4391,165.21642578177818
4392,154.5634800300989
4393,154.5634800300989
4394,154.5634800300989
4395,154.5634800300989
4396,154.5634800300989
4397,154.5634800300989
4398,162.32625245843394
4399,184.14821433870628
4400,175.16787832679256
4401,175.16787832679256
4402,175.16787832679256
4403,172.17396338668445
4404,172.17396338668445
4405,172.17396338668445
4406,172.17396338668445
4407,182.84536661615934
4408,169.00468569911615
4409,176.1430693102004
4410,186.8577957078089
4411,176.10460514017154
4412,183.7570425571853
4413,177.7656361507211
4414,177.7656361507211
4415,177.7656361507211
4416,185.51643783666395
4417,185.51489467803668
4418,185.51489467803668
4419,188.57417478791254
4420,178.43811929561647
4421,189.43339230576362
4422,189.43339230576362
4423,189.43339230576362
4424,189.43339230576362
4425,189.43339230576362
4426,200.17808660521644
4427,200.17808660521644
4428,200.17808660521644
4429,189.53371077746039
4430,197.47857379228378
4431,197.47857379228378
4432,186.6283209311036
4433,186.6283209311036
4434,186.6283209311036
4435,175.6347208259187
4436,175.6347208259187
4437,183.60115176003526
4438,172.85631017000833
4439,175.78845352573256
4440,165.07372712812403
4441,165.07372712812403
4442,165.07372712812403
4443,164.4159949246579
4444,164.4159949246579
4445,185.87688671513465
4446,185.87688671513465
4447,185.87688671513465
4448,185.87688671513465
4449,185.87688671513465
4450,178.78941070482335
4451,178.79086375521143
4452,168.3096801678864
4453,168.3096801678864
4454,168.3096801678864
4455,157.33797114879428
4456,157.33797114879428
4457,154.3477230645911
4458,143.35245005444392
4459,143.35245005444392
4460,154.29167624528122
4461,154.29167624528122
4462,154.48951864990576
4463,154.48951864990576
4464,154.48951864990576
4465,151.495879219153
4466,172.97351336928364
4467,180.94625488667444
4468,191.9219738693845
4469,191.93827289726153
4470,186.3836804217302
4471,186.3836804217302
4472,183.3877541930641
4473,175.07345981885885
4474,175.07345981885885
4475,172.07677460925612
4476,182.74379284415147
4477,182.74379284415147
4478,182.99267012195702
4479,182.99267012195702
4480,182.99267012195702
4481,180.00153182391801
4482,180.00153182391801
4483,179.80697777620628
4484,179.80697777620628
4485,179.80697777620628
4486,176.80749169053092
4487,195.98561532803052
4488,208.90952568333523
4489,205.90952568333523
4490,197.5088926989049
4491,197.5088926989049
4492,208.45949504473083
4493,208.45949504473083
4494,208.45949504473083
4495,183.70083610438428
4496,183.70083610438428
4497,183.70083610438428
4498,173.69391535938266
4499,173.69391535938266
4500,187.5350457002055
4501,187.5350457002055
4502,190.52246388325972
4503,190.52246388325972
4504,190.52246388325972
4505,189.74068765117195
4506,168.03490756152064
4507,154.37275420145528
4508,154.37275420145528
4509,148.37738677641187
4510,158.0516502288603
4511,158.0516502288603
4512,158.0516502288603
4513,147.15174113591758
4514,147.15174113591758
4515,147.15174113591758
4516,147.15174113591758
4517,116.13793094432758
4518,116.13793094432758
4519,115.2266694682442
4520,123.3096798579411
4521,123.3096798579411
4522,123.3096798579411
4523,134.1957859947874
4524,155.87716031773408
4525,145.09599538273574
4526,142.0965109279849
4527,132.09209854526952
4528,132.09209854526952
4529,132.09209854526952
4530,131.6902818868476
4531,133.33926668302408
4532,142.46742433726033
4533,142.46742433726033
4534,131.61942612667383
4535,131.61942612667383
4536,134.55366468753584
4537,145.13509090536098
4538,155.89681768374302
4539,166.8687781963622
4540,159.48211859945505
4541,159.48211859945505
4542,162.46531038553348
4543,173.38830337150435
4544,173.38830337150435
4545,159.61458112641068
4546,159.61458112641068
4547,170.599571836148
4548,176.89555865340014
4549,183.88941566652147
4550,172.95018947568417
4551,185.83711661442544
4552,176.59990854929313
4553,176.59990854929313
4554,176.59990854929313
4555,176.59990854929313
4556,165.62794803667398
4557,155.6377041136959
4558,155.6377041136959
4559,166.0272077781133
4560,166.0272077781133
4561,156.058126219539
4562,145.40763436473893
4563,145.40763436473893
4564,134.457032018913
4565,134.59334568593155
4566,131.59410035526992
4567,131.59410035526992
4568,120.70799421842362
4569,120.70799421842362
4570,117.71011126788997
4571,145.4387059093159
4572,145.4387059093159
4573,142.50446734845391
4574,131.60369106356114
4575,131.60369106356114
4576,121.21418739914373
4577,121.21418739914373
4578,121.21418739914373
4579,124.21418739914373
4580,124.21418739914373
4581,124.21418739914373
4582,116.4524606207617
4583,116.4524606207617
4584,116.4524606207617
4585,113.46926883468326
4586,99.5514232545163
4587,85.64326353120288
4588,85.64326353120288
4589,96.59250265325446
4590,93.5970775120305
4591,93.5970775120305
4592,93.5970775120305
4593,93.5970775120305
4594,104.12149560911476
4595,115.02589019186763
4596,147.6621799516455
4597,147.6621799516455
4598,147.6621799516455
4599,150.54814995817816
4600,150.54814995817816
4601,161.27076022485903
4602,150.22650143661528
4603,161.1456124782504
4604,161.1456124782504
4605,150.1606217685131
4606,147.2233640170308
4607,152.4266753553514
4608,147.6862091304354
4609,147.6862091304354
4610,147.6862091304354
4611,147.6862091304354
4612,147.6862091304354
4613,136.93227813598008
4614,156.54209505733147
4615,153.6561250507988
4616,153.6561250507988
4617,153.56472712035193
4618,158.65886700343864
4619,143.8743061162788
4620,164.84778134273537
4621,154.92838542545712
4622,154.92838542545712
4623,154.92838542545712
4624,143.94112221496826
4625,143.94112221496826
4626,143.94112221496826
4627,157.37884345674786
4628,168.282634331964
4629,178.97395274814335
4630,168.04317227882783
4631,168.04317227882783
4632,168.04317227882783
4633,154.40771283795775
4634,162.25915714950062
4635,162.25915714950062
4636,140.9908803531441
4637,143.1941166108862
4638,176.1354931279189
4639,186.45215205295145
4640,178.75026961250123
4641,178.75026961250123
4642,175.75375588187646
4643,175.75375588187646
4644,165.6774687654833
4645,165.6774687654833
4646,155.27759367327423
4647,155.27759367327423
4648,155.27759367327423
4649,133.7465005185048
4650,123.41235835628093
4651,130.23965981673376
4652,141.08752367767983
4653,138.11206653280072
4654,149.08785817990295
4655,149.08785817990295
4656,147.01888906041646
4657,157.82761289577198
4658,157.82761289577198
4659,150.07107578752363
4660,150.07107578752363
4661,150.07375491981816
4662,150.07375491981816
4663,150.07375491981816
4664,150.07375491981816
4665,171.89675161844633
4666,172.03591509397955
4667,182.99723123108123
4668,182.99723123108123
4669,193.97303971494927
4670,215.82130141632103
4671,215.82721269000706
4672,226.58315541226204
4673,237.03090935929893
4674,237.03090935929893
4675,237.03090935929893
4676,229.2022902512421
4677,235.99458251327147
4678,246.99458251327147
4679,229.20229025124215
4680,218.75453630420526
4681,218.75453630420526
4682,215.75453630420526
4683,225.7771143658764
4684,236.731668467538
4685,236.88380460659192
4686,258.63953315402864
4687,269.3947459616971
4688,266.39643441831157
4689,278.09734567906486
4690,310.4593238412988
4691,307.4747279059822
4692,296.82538156098855
4693,296.9011822211034
4694,296.9011822211034
4695,295.84845544463525
4696,306.5473478686573
4697,306.5473478686573
4698,328.4358851132202
4699,328.2908659371887
4700,317.2908659371887
4701,339.2032998627072
4702,339.2032998627072
4703,336.2244043814955
4704,317.2312983927055
4705,295.6166371190998
4706,286.1515832185046
4707,296.7762270272005
4708,296.7762270272005
4709,293.79970065398635
4710,315.29556987486546
4711,326.4937347788296
4712,337.4937347788296
4713,337.4937347788296
4714,337.10592051205845
4715,348.0774221021302
4716,351.03097567871305
4717,377.3128647890886
4718,369.89041648080513
4719,380.80467163169413
4720,383.78839997760645
4721,405.67879568885144
4722,413.41631239293525
4723,413.41631239293525
4724,413.44243552511193
4725,427.0508838720283
4726,437.8281130350503
4727,434.8366701457489
4728,434.8366701457489
4729,455.70200617350866
4730,444.4939133487065
4731,466.33940979325945
4732,488.1521748400876
4733,509.9116481062957
4734,499.3129882650381
4735,488.24062309614976
4736,488.24062309614976
4737,498.9780590502482
4738,508.0964394719587
4739,497.2177640463605
4740,476.3152581514354
4741,487.5383193709658
4742,476.5686383033961
4743,466.3063479514337
4744,477.57929591093034
4745,477.57929591093034
4746,488.8915349520387
4747,511.1244552158812
4748,532.6908110322814
4749,532.6824358606335
4750,554.352799966498
4751,510.77688133349966
4752,520.9513235412732
4753,542.3575486205862
4754,542.3873634401955
4755,551.8527330879322
4756,529.9359316016788
4757,537.7193195088132
4758,570.0939542238208
4759,577.8909286205574
4760,577.8909286205574
4761,610.5289122421984
4762,590.1663692708735
4763,583.4003085973478
4764,593.9341492485128
4765,586.0827053229291
4766,586.5694058282493
4767,586.5694058282493
4768,597.7647048852867
4769,619.5305499800951
4770,616.4671129461722
4771,594.9186274507142
4772,605.1918256598018
4773,608.1895407706697
4774,586.0879551084209
4775,564.5575096913567
4776,556.7178598982156
4777,548.7109256849653
4778,640.270478433794
4779,640.1514414784816
4780,559.3114822377021
4781,548.8466441333258
4782,540.9963715671872
4783,550.2096524553073
4784,543.9841393973776
4785,514.7282907203912
4786,503.36645512815124
4787,500.3293444667236
4788,500.3293444667236
4789,467.7175028639977
4790,468.0277142188697
4791,478.9904209523407
4792,479.1742998559575
4793,468.8286472728624
4794,468.85886672865735
4795,548.4169279146067
4796,573.3946614031486
4797,493.9893741017072
4798,494.045738012852
4799,546.8487595824427
4800,579.0569889283727
4801,545.6009719377912
4802,630.8572705048225
4803,652.440602325092
4804,652.9560207267164
4805,669.7096182121265
4806,698.3126492319393
4807,760.312173981921
4808,773.6178354640188
4809,805.8722050043344
4810,827.5732786332983
4811,827.545330347367
4812,816.9452921150568
4813,791.9428697045768
4814,813.7400542542206
4815,835.9908129473239
4816,856.1951477449333
4817,868.039734577707
4818,878.1911834780803
4819,878.2650531489403
4820,890.4699144514829
4821,903.4020367502486
4822,914.247155860951
4823,914.1386992922097
4824,955.8659811539857
4825,1114.343210600189
4826,1103.6278165083022
4827,1124.3305131128202
4828,1035.0962786279583
4829,1083.757749305701
4830,1072.8992536868495
4831,1046.6724987816015
4832,1064.8800074231463
4833,1086.2037954637374
4834,1099.7317657549054
4835,1088.795812505863
4836,1121.7597841862575
4837,1116.7462080765872
4838,1108.125057220426
4839,1097.7562790478732
4840,1086.717069184655
4841,1086.1637562535727
4842,1075.1922936214835
4843,1064.6307360847325
4844,1057.0037068976949
4845,1062.8278536662351
4846,1070.1529746547164
4847,1070.8176895908343
4848,1109.4999016196605
4849,1088.0173849263472
4850,1077.0974164852928
4851,1080.7629953503888
4852,1072.9183200945195
4853,1040.7032223455965
4854,1007.97076077361
4855,1014.1213293895865
4856,1025.2704290840063
4857,1041.8137746898046
4858,1030.7944026120272
4859,1041.9934839833188
4860,1049.8241592299437
4861,1071.7565170256153
4862,1093.6293282304946
4863,1113.0374427455267
4864,1145.5843982415563
4865,1159.568425208752
4866,1120.7088147871455
4867,1120.7195298968904
4868,1186.1400255555648
4869,1273.2015702719007
4870,1297.2264517864367
4871,1275.636483297688
4872,1307.7903265297177
4873,1286.137450275349
4874,1297.134377339171
4875,1306.6447359541799
4876,1299.0172268496228
4877,1310.335715282519
4878,1332.417618754305
4879,1348.7054315283765
4880,1327.69266672719
4881,1327.660584609067
4882,1335.3556819124913
4883,1345.7794212376193
4884,1335.0955651036625
4885,1334.9565383764952
4886,1357.0557403337348
4887,1349.3669084973467
4888,1361.063813584008
4889,1350.6928755291017
4890,1340.093769714578
4891,1405.3870977097679
4892,1413.0958865302744
4893,1413.0151819667424
4894,1402.17942227579
4895,1419.3206611156268
4896,1419.6152966815982
4897,1452.3140900154435
4898,1487.8510785298347
4899,1469.1425203146198
4900,1436.3697454207781
4901,1460.8821145202587
4902,1420.1944185099658
4903,1387.9016792725695
4904,1395.0783041992972
4905,1415.1303396597038
4906,1433.721309174732
4907,1444.4788112769088
4908,1430.4680974335886
4909,1408.8864335396263
4910,1370.215796628648
4911,1355.13749326143
4912,1381.706580284127
4913,1381.3718905145704
4914,1384.2440379508382
4915,1392.537850359355
4916,1352.9669906410084
4917,1334.104802946416
4918,1313.7051602089998
4919,1313.593216148291
4920,1305.9092404309374
4921,1309.3390871770891
4922,1265.924907918979
4923,1265.1299455659976
4924,1221.8021636418705
4925,1212.2340146998554
4926,1223.3119794591062
4927,1206.304440064624
4928,1190.625157456091
4929,1136.6817841019817
4930,1147.5301898461585
4931,1232.0666007669115
4932,1221.398606584187
4933,1199.492126252718
4934,1177.6699639759356
4935,1081.087647028761
4936,1153.1712364783011
4937,1159.7791498808651
4938,1043.3394426965885
4939,1086.7108441439095
4940,1066.1133201296893
4941,1098.4359130799598
4942,1076.5936895597354
4943,1101.3511070435648
4944,1046.7715669565555
4945,1054.41715005027
4946,1047.3389337043952
4947,1025.5049760109823
4948,1020.0781315597054
4949,987.29704506072
4950,968.7042202094237
4951,1020.7774903195871
4952,931.3765299585004
4953,956.1543492278039
4954,966.3445630820715
4955,963.8557858897186
4956,960.8600372413828
4957,960.8600372413828
4958,939.5200373271543
4959,950.4061185857893
4960,939.6668301746339
4961,1023.7271377846059
4962,1002.3584136539082
4963,997.3343438216913
4964,937.8391576696752
4965,916.0869520629025
4966,925.0512646832603
4967,807.9268466309352
4968,796.9219287641592
4969,796.9219287641592
4970,810.8803034829149
4971,779.9211695143595
4972,799.074630966328
4973,819.3655818935531
4974,816.0576334884865
4975,805.0063052615909
4976,804.6770130999469
4977,815.2566972837164
4978,837.1453161744425
4979,821.8111058832832
4980,930.587590592187
4981,912.3266947604563
4982,923.2215498414408
4983,931.085281091179
4984,806.4108113022995
4985,784.4978960665287
4986,752.531207092964
4987,741.531207092964
4988,774.1334849683569
4989,796.0936526598794
4990,817.0695423835037
4991,806.2366948452996
4992,773.4312458883811
4993,773.244030971092
4994,737.3937475608046
4995,736.7900726017597
4996,820.0186039784398
4997,737.3987666353505
4998,737.3987666353505
4999,704.6044911035511
5000,715.3812513369032
5001,727.520951874807
5002,716.7013499103558
5003,727.5208294024219
5004,716.463604072986
5005,716.4925962202034
5006,716.5169501531759
5007,719.5101922604007
5008,697.606075247554
5009,697.6301626211119
5010,664.8280350664692
5011,626.7881819892096
5012,634.769761965701
5013,645.7091149774922
5014,645.7551927363586
5015,639.7747135501015
5016,618.2420330036045
5017,596.3809795539951
5018,607.4694715375697
5019,624.210138658501
5020,645.5145532594111
5021,770.1852432336125
5022,759.206828346682
5023,759.206828346682
5024,759.356081936424
5025,759.356081936424
5026,748.5352598941047
5027,759.3969108664448
5028,770.228329313145
5029,667.4499694884985
5030,639.6562351884297
5031,648.0979829448897
5032,648.0979829448897
5033,648.0979829448897
5034,749.136634083959
5035,740.3818769839424
5036,740.3022608740237
5037,636.7752004107787
5038,658.6910153741296
5039,658.4048470387766
5040,677.121943498848
5041,674.2472200933288
5042,699.152788233101
5043,688.2648482041583
5044,802.5843292475928
5045,791.0130175290758
5046,795.2588734535462
5047,805.2457408311207
5048,794.4194563083248
5049,769.5326590818485
5050,876.9060405696127
5051,884.4944585246735
5052,888.1778996742386
5053,887.9014016716219
5054,879.9852186711768
5055,794.6815741660432
5056,662.0008001486256
5057,669.4861900774615
5058,655.5936754702165
5059,644.6109864397405
5060,614.7620906307925
5061,646.9632268431168
5062,636.216813336914
5063,653.9570962270046
5064,667.8028348321785
5065,694.4436701852129
5066,683.4960543353578
5067,683.5142800519559
5068,673.6022847750116
5069,695.030887536281
5070,709.0180678622337
5071,698.3918485778318
5072,807.0912569198031
5073,796.1822945847191
5074,774.784858937652
5075,754.2072353790776
5076,645.6155223425669
5077,656.5284997645946
5078,680.6341317249942
5079,691.6114265402107
5080,656.3563319209986
5081,670.3552709681753
5082,680.8235531586172
5083,699.7744716516524
5084,678.5389028462937
5085,748.4838980559605
5086,749.2862715123392
5087,760.0986517300253
5088,690.7273362907727
5089,711.7184285506448
5090,711.6318761391542
5091,743.2983990813473
5092,856.9616877262386
5093,853.9786735088029
5094,889.7554032878671
5095,878.8762732123154
5096,889.7489389693559
5097,889.7489389693559
5098,774.1646058230389
5099,763.4163153460499
5100,763.078750308691
5101,802.3551191160064
5102,781.1889257224568
5103,773.3939523632636
5104,890.1500984188499
5105,869.7887406766279
5106,753.0293691959416
5107,763.929865988607
5108,763.1010441602629
5109,763.1288801215962
5110,792.1732919002977
5111,876.6247237145551
5112,870.4174672625843
5113,881.8747931608799
5114,862.617092739804
5115,783.1451485595478
5116,908.4160458047687
5117,919.3553749957257
5118,919.1933979279432
5119,918.9427707052303
5120,918.2793825515473
5121,918.510216684696
5122,921.6650145605303
5123,929.9057150216296
5124,954.5906919911538
5125,826.7065421538114
5126,934.1297963705033
5127,934.1070094529573
5128,944.3851718513199
5129,870.2971244727264
5130,881.0939233236949
5131,913.7124921919888
5132,946.5773929348438
5133,979.3852957301337
5134,969.7751157253961
5135,1089.3487457470887
5136,1068.4542371933467
5137,1049.8539036424108
5138,1060.8801039430077
5139,1046.3143513764685
5140,983.8250887893017
5141,983.8080300127693
5142,1177.7880974927648
5143,1224.5762763016396
5144,1243.0296904741901
5145,1167.3679902379617
5146,1167.570066770137
5147,1156.7284343422439
5148,1041.8401367422587
5149,1030.6612749564742
5150,987.7899655902415
5151,1068.5667379619636
5152,1090.2437158874736
5153,1101.0456473841837
5154,1004.5097331637746
5155,1022.6090467412391
5156,1032.927198677932
5157,1041.3775864545578
5158,1027.371368277567
5159,1027.4428649421911
5160,1059.4898734475255
5161,1070.2998488538583
5162,1231.518333014054
5163,1274.6244854212598
5164,1158.1364497314153
5165,1104.9829362043806
5166,1115.89805681998
5167,1115.8603745607224
5168,1116.057872086071
5169,1127.2398755602221
5170,1129.1126450221454
5171,1108.5854249904714
5172,1086.8412809772897
5173,1066.5747703721331
5174,1066.9680985114387
5175,1017.4774928970386
5176,1010.1612240215902
5177,985.3226582359903
5178,985.3226582359903
5179,1110.9791802202337
5180,1089.1462622191145
5181,1203.3407800054763
5182,1214.3992904401737
5183,1199.888413764501
5184,1189.004626978677
5185,1093.1395127761164
5186,1092.6746203639939
5187,978.2683967588882
5188,978.3448654917295
5189,966.3775658712161
5190,952.3834274674156
5191,974.2440116820068
5192,977.2877718795033
5193,966.6405830802494
5194,945.8393222659672
5195,1033.5504898345935
5196,1033.8542991470317
5197,1123.8211503463358
5198,1126.851483478674
5199,1159.7311455522877
5200,961.2148735231046
5201,981.5376084784357
5202,1002.7329005629742
5203,988.5280492634915
5204,977.4497661924174
5205,1115.2827977390475
5206,1127.0463405037663
5207,1116.1764003213802
5208,1129.980620789095
5209,1130.7344184171307
5210,1144.1835372852038
5211,1144.1835372852038
5212,1028.018256604486
5213,1046.8497974844474
5214,1079.785528094013
5215,1097.653090449231
5216,1119.2150263513627
5217,1119.6917642639037
5218,1130.5829703145873
5219,1130.8659550735608
5220,1114.1092321965548
5221,1100.1589278219512
5222,1132.4311267527278
5223,1069.7514453539266
5224,1036.9400110747517
5225,1065.8611503875914
5226,1059.2138108863023
5227,1022.1989102607392
5228,1033.6972354291506
5229,1001.933748720637
5230,1015.220195146175
5231,1111.1115489880633
5232,1236.9285150017838
5233,1338.5030095168804
5234,1483.298271750863
5235,1497.2585239140626
5236,1236.5361711075034
5237,1132.074852877299
5238,1152.6325016134776
5239,1131.1006166119435
5240,1120.0157386777432
5241,991.6697833001115
5242,988.8474704471566
5243,977.3010993566527
5244,956.3146393916182
5245,948.260996871574
5246,937.3439435182397
5247,905.3388243376703
5248,883.7981220773204
5249,850.9658854961899
5250,851.2149421079716
5251,1030.6706869864527
5252,1084.7223038757484
5253,1106.1165699289566
5254,1098.0069846941624
5255,999.9733879325299
5256,923.6584885689182
5257,926.7941405819679
5258,937.665869174995
5259,978.2016209064418
5260,1107.7828654261552
5261,1120.0402277286053
5262,1097.5895936376282
5263,1108.3619341487451
5264,1100.7261524756989
5265,1250.1756386876184
5266,1258.3564821100495
5267,1251.5942779301272
5268,1262.5814714269914
5269,1271.469849127296
5270,1160.8428654672077
5271,1213.2059843861648
5272,1245.0037612602978
5273,1288.3570169366183
5274,1309.9381688394117
5275,1166.9575158288212
5276,1285.5008465938804
5277,1305.263531351478
5278,1294.6293923195117
5279,1297.4540486194285
5280,1288.521691102405
5281,1321.186134437135
5282,1313.261520283776
5283,1302.6508302758205
5284,1282.6101755134855
5285,1177.3364771066251
5286,1188.5133363129303
5287,1218.3432407395508
5288,1191.6186534626565
5289,1191.8431674417732
5290,1180.9859196047114
5291,1213.4035451143004
5292,1209.0811934233266
5293,1212.496868180384
5294,1365.1270589209723
5295,1508.301343764569
5296,1400.5270684912853
5297,1417.9023984898708
5298,1404.5137229536406
5299,1433.5397497232343
5300,1412.0563679984425
5301,1425.9015623841312
5302,1423.1382383264813
5303,1441.5808182798667
5304,1471.1746550212717
5305,1445.0312672594384
5306,1439.3972332174023
5307,1434.9065275247774
5308,1347.4902366152355
5309,1347.0102863762443
5310,1348.0367706552208
5311,1361.8304737444519
5312,1391.153461751788
5313,1396.027449242808
5314,1445.5146631692874
5315,1455.0947961576016
5316,1495.0899729974406
5317,1508.8641573258678
5318,1469.3093546884886
5319,1477.2434333205501
5320,1512.6155148790867
5321,1533.7022859724589
5322,1501.700336175715
5323,1524.4395198521188
5324,1548.568260182257
5325,1540.5819540419209
5326,1562.5153566527003
5327,1565.0596018495378
5328,1600.5371773562426
5329,1606.6147170091538
5330,1626.4635610135722
5331,1596.5428371915295
5332,1541.9024090202718
5333,1531.0812242842187
5334,1507.1541472203446
5335,1516.9196528113714
5336,1539.6341648124987
5337,1570.5256312193742
5338,1615.6806208355615
5339,1616.0042183998492
5340,1759.9621787655128
5341,1807.2907625078622
5342,1889.5907881742269
5343,1774.5083527636282
5344,1790.8426539405602
5345,1818.20597007763
5346,1810.7046952143392
5347,2009.5878943023406
5348,2029.779904935598
5349,1983.5540128050657
5350,1964.9785509857354
5351,1948.0080079050385
5352,1932.2755994936185
5353,1781.4547127771389
5354,1920.6164140335736
5355,1921.9383652536098
5356,2041.21747096245
5357,1810.6509756294304
5358,1829.2565296751259
5359,1846.638696388558
5360,1898.3429188861576
5361,1911.9910558510155
5362,1986.5671211982572
5363,1945.0281646124195
5364,1956.5233242824143
5365,2083.6179408100015
5366,2080.742066069092
5367,2100.1081253671573
5368,2037.3587638259876
5369,2054.8023139783168
5370,2177.3635805929475
5371,2155.5107092302
5372,2001.1321580331087
5373,2007.4653217140394
5374,1912.2864337485703
5375,2078.2035794454864
5376,2112.92784585999
5377,2111.024439954866
5378,2129.8278182057434
5379,2124.1173792421823
5380,2149.206750194245
5381,2194.8567137219948
5382,2201.38220664454
5383,2196.377929367287
5384,2086.3743708788243
5385,2293.5177991025453
5386,2299.923270828003
5387,2273.11870078021
5388,2297.118157009828
5389,2321.6688553660692
5390,2355.688340613211
5391,2343.3833184227915
5392,2380.266694060962
5393,2528.7771053355623
5394,2531.591265248527
5395,2498.7446467616523
5396,2522.5222172932386
5397,2466.766616938764
5398,2515.8500143626866
5399,2578.596618118208
5400,2607.882530995699
5401,2646.810257863513
5402,2527.3167577782815
5403,2530.4176778137135
5404,2597.9248742621267
5405,2628.730149668315
5406,2610.515902585737
5407,2580.7585843231154
5408,2545.4682465473047
5409,2579.4013193708884
5410,2568.0239631937384
5411,2598.6172289907067
5412,2642.6056499863635
5413,2681.370625374582
5414,2647.4905346406454
5415,2683.946742825193
5416,2800.911419076919
5417,2823.621982120557
5418,2655.880005792568
5419,2681.862570041556
5420,2691.8276254417183
5421,2712.879464816951
5422,2684.04859732303
5423,2683.879639405656
5424,2681.5890329507997
5425,2692.4063506237867
5426,2701.808437159538
5427,2741.813342741769
5428,2724.348862840341
5429,2675.7326440703305
5430,2640.9810174206045
5431,2625.088556794871
5432,2620.9099438415365
5433,2651.8459994659006
5434,2659.9755982870597
5435,2698.994639492471
5436,2721.957888194944
5437,2761.3795992008977
5438,2739.924139804729
5439,2727.6632663959103
5440,2691.7813380413254
5441,2686.6259176796707
5442,2695.5461447047874
5443,2704.96288514118
5444,2706.2932314638147
5445,2719.011343196799
5446,2714.32275238626
5447,2706.80298981912
5448,2699.133641270776
5449,2679.9496355436477
5450,2639.291659961389
5451,2689.519594456538
5452,2703.269159847367
5453,2704.7291292636337
5454,2721.5535323967792
5455,2732.239124185834
5456,2734.072088752523
5457,2752.799562229028
5458,2779.6238451852855
5459,2772.8267596926607
5460,2789.342446515785
5461,2988.7559926488075
5462,2994.1905950551663
5463,3037.649991199544
5464,3037.472127244796
5465,3043.626344070235
5466,2889.3148982944895
5467,2897.3529697089684
5468,2859.5364499684065
5469,2829.6499701844123
5470,2821.7965420372097
5471,2860.4499434123927
5472,2873.726049209321
5473,2885.5022353752784
5474,2857.668829076718
5475,2787.824819840601
5476,2693.514421890529
5477,2672.2324204964575
5478,2653.5842106955993
5479,2660.15681351875
5480,2622.4843496186404
5481,2616.4964131530405
5482,2652.4264535575494
5483,2649.1648191710324
5484,2597.7850172088165
5485,2532.6284233246097
5486,2485.814670000822
5487,2468.963489186282
5488,2432.043197139888
5489,2399.2656972628015
5490,2402.4898537529093
5491,2379.6319792440095
5492,2367.209601535403
5493,2383.326368592024
5494,2358.5041998800725
5495,2358.4758514271916
5496,2345.013900718226
5497,2367.038052895915
5498,2356.27223221193
5499,2358.095089615852
5500,2322.0838144153263
5501,2357.4765778873516
5502,2321.7776270049235
5503,2289.1827883389933
5504,2354.957262312564
5505,2235.816757017988
5506,2211.0852719256004
5507,2195.048648775526
5508,2190.107077212694
5509,2157.8388151905647
5510,2168.4757871089782
5511,2177.0542398740863
5512,2179.5100886803807
5513,2201.4113775356523
5514,2168.6897887072446
5515,2166.939183104849
5516,2183.299738083318
5517,2155.060408257634
5518,2162.552050126587
5519,2154.320328418707
5520,2145.1804020676645
5521,2147.0726649689514
5522,2148.778401883989
5523,2075.7966363578003
5524,2029.1007719798065
5525,2054.0300763185337
5526,2032.0228195800457
5527,1993.4034537391092
5528,1973.8748690728753
5529,1988.185277701891
5530,2001.8261281391647
5531,1960.3261037375485
5532,1920.362213988956
5533,1923.6994901666692
5534,1890.9817019299774
5535,1880.2511801128023
5536,1836.7360883415895
5537,1811.9629007530832
5538,1844.435604513531
5539,1858.7047812347414
5540,1916.856802515785
5541,1817.7286902240169
5542,1803.686187110533
5543,1780.7874168055487
5544,1793.4306406933626
5545,1778.908395089789
5546,1743.0977792181059
5547,1739.88856852592
5548,1734.044496381249
5549,1738.7954057606778
5550,1713.9916072594795
5551,1674.517047647541
5552,1688.400766475522
5553,1688.4604460823678
5554,1671.7005166498845
5555,1674.382423726511
5556,1664.4696259213226
5557,1662.2415412008434
5558,1670.132181799948
5559,1643.622740842495
5560,1640.7476181193183
5561,1624.0797027534204
5562,1615.2978764477336
5563,1619.8343406671306
5564,1678.913108188478
5565,1672.9334779302485
5566,1590.8673652558496
5567,1574.0961795922194
5568,1584.9435258817928
5569,1557.2761734444057
5570,1546.6661582716858
5571,1559.312008935866
5572,1526.3531442830752
5573,1507.0177665980088
5574,1503.5872647405565
5575,1451.3582903016188
5576,1425.2088578906782
5577,1414.5382573092675
5578,1395.01831979352
5579,1391.6332502825237
5580,1388.119849375539
5581,1355.3392715372354
5582,1363.9426836597984
5583,1350.261643656065
5584,1314.778608131391
5585,1303.8185037959104
5586,1283.8942147085509
5587,1311.3055357409323
5588,1291.5599069810064
5589,1277.7192825348852
5590,1245.132120488716
5591,1242.523716979194
5592,1211.735237173781
5593,1201.0062002121542
5594,1181.1475667770326
5595,1156.23894389053
5596,1155.9384257503903
5597,1169.9355146865094
5598,1147.0908442237128
5599,1152.0422524280825
5600,1113.2827212835937
5601,1104.1746158214685
5602,1073.2560426385226
5603,1067.2704733615299
5604,1014.480241018361
5605,1011.4839590763821
5606,983.8072647364663
5607,987.557737653613
5608,965.690117798252
5609,970.2534387080349
5610,953.2846976867646
5611,913.8795183361335
5612,889.0245880647598
5613,905.8186743909324
5614,899.8389480110275
5615,890.9115370453635
5616,884.9557636438742
5617,876.5878895076419
5618,872.4215197986962
5619,866.1553780731505
5620,870.9051169660063
5621,886.6002086714044
5622,880.6259073858703
5623,901.6144709739649
5624,912.0655595532897
5625,893.8129730896524
5626,882.9247738169978
5627,855.1278924276132
5628,852.1294971585181
5629,829.2744126862642
5630,812.3256594941103
5631,812.3390434579414
5632,814.3020550840857
5633,797.060201007802
5634,783.6529943370022
5635,805.6036189657565
5636,775.7339636740002
5637,772.7402844738807
5638,760.7737200014932
5639,771.447700877942
5640,848.1914899428198
5641,853.1637869832837
5642,850.4596692623535
5643,745.9261579549895
5644,745.9261579549895
5645,736.9842284373574
5646,744.6935008822852
5647,741.7043067700935
5648,731.044380666858
5649,744.9229756923796
5650,741.9435660453338
5651,728.2715252837794
5652,717.2760824534237
5653,717.2839411768498
5654,725.0821579543376
5655,703.5378308026498
5656,692.6988354159569
5657,700.2661224402141
5658,697.0160565593565
5659,698.5063299187387
5660,684.63668880327
5661,679.750169125413
5662,698.5887196542144
5663,709.5577101700865
5664,686.6747422425491
5665,648.199905247468
5666,645.165268696444
5667,645.165268696444
5668,656.1417957890669
5669,656.0803736908314
5670,667.0803212996551
5671,659.1129081055971
5672,643.3054954047482
5673,631.1139718469956
5674,631.1139718469956
5675,626.2356701028901
5676,615.3037125972368
5677,615.4951554462735
5678,612.0891774718557
5679,601.1206186780213
5680,606.0848500532234
5681,605.6371595768303
5682,602.6393068179501
5683,580.8130526607268
5684,586.7877339254054
5685,567.495854888225
5686,578.3088430227598
5687,572.318618942854
5688,561.5291060620518
5689,579.7452936850252
5690,600.7880650912185
5691,599.0203561632951
5692,587.9243748866721
5693,579.821295942328
5694,579.8201808567582
5695,581.576416795531
5696,575.8013497294447
5697,553.8248750279982
5698,540.3711159086299
5699,515.6579047461593
5700,509.67842335803743
5701,506.71554548929424
5702,502.00679311639476
5703,490.66182258270226
5704,480.4189474030167
5705,491.0806088317341
5706,491.0806088317341
5707,502.04180148454446
5708,512.4027625198781
5709,498.7448383498375
5710,501.70746193707464
5711,501.70746193707464
5712,501.68413807880376
5713,501.68413807880376
5714,490.8469432709351
5715,498.70726878607996
5716,484.7654642960896
5717,470.7926515438936
5718,475.77898189923155
5719,464.9825304643126
5720,464.9384288058755
5721,454.57746777054183
5722,443.945781509084
5723,440.9569270992608
5724,440.955247642908
5725,432.9840307684975
5726,430.0047036710391
5727,416.0583068408425
5728,410.0658966224464
5729,410.0658966224464
5730,407.0707654401047
5731,401.0771015928683
5732,390.23878963093574
5733,398.18545648280286
5734,395.18752371048544
5735,395.18752371048544
5736,406.1081493206658
5737,392.3210566940746
5738,403.23912193139324
5739,389.42057394950194
5740,367.66864884999916
5741,367.66864884999916
5742,353.8752951523626
5743,367.5556810254712
5744,353.6935217123761
5745,360.96575105882454
5746,360.9708373396644
5747,371.60517583648203
5748,357.6983342956234
5749,357.6983342956234
5750,371.08454693253066
5751,371.08454693253066
5752,368.1124980614958
5753,379.0325044305763
5754,382.00898009831565
5755,382.00898009831565
5756,389.2633626454321
5757,388.16451472252743
5758,388.7111865523909
5759,388.7111865523909
5760,382.7277069980531
5761,369.33621762351777
5762,369.33621762351777
5763,344.7940734442903
5764,338.81311475843904
5765,332.83191843103833
5766,332.83191843103833
5767,329.83653929731224
5768,319.5677964784286
5769,316.6051728911915
5770,313.6053199259354
5771,324.47302731527384
5772,318.4905798357836
5773,315.52842099669306
5774,315.52842099669306
5775,315.52842099669306
5776,304.66444609000564
5777,304.66444609000564
5778,304.66444609000564
5779,293.86154402706563
5780,266.12933102592683
5781,260.19546766309304
5782,260.19546766309304
5783,260.19546766309304
5784,260.19546766309304
5785,260.19546766309304
5786,260.19546766309304
5787,257.20296522622766
5788,257.20296522622766
5789,254.2120083961789
5790,254.2120083961789
5791,251.2120083961789
5792,248.21841271573427
5793,309.1958779892602
5794,312.11076458334594
5795,248.14057092186235
5796,245.1462521979084
5797,234.20216947557103
5798,231.20585622303406
5799,231.20585622303406
5800,231.20585622303406
5801,231.20585622303406
5802,241.54831865918052
5803,238.25315289273934
5804,238.25315289273934
5805,257.190263032623
5806,257.190263032623
5807,238.38000429469153
5808,235.39371896015408
5809,224.47371259107356
5810,200.12638436020964
5811,211.02964159693698
5812,211.02964159693698
5813,205.0348284064183
5814,205.0348284064183
5815,224.84266251606036
5816,224.84266251606036
5817,224.84266251606036
5818,232.76515489835884
5819,225.09222432766592
5820,210.30524172950174
5821,220.65833309886176
5822,217.66520147155225
5823,217.66520147155225
5824,211.67420340754677
5825,208.150634682411
5826,205.1623607840728
5827,205.1623607840728
5828,194.24733709917837
5829,191.24894154039663
5830,191.24894154039663
5831,191.24894154039663
5832,180.8958501710366
5833,187.26880227505467
5834,170.94175912790527
5835,167.9425275776546
5836,167.9425275776546
5837,167.9425275776546
5838,164.96089559804273
5839,155.59676704817656
5840,155.59676704817656
5841,155.59676704817656
5842,166.49526447405086
5843,166.49526447405086
5844,180.44895266284715
5845,180.44895266284715
5846,180.44895266284715
5847,180.44895266284715
5848,180.44895266284715
5849,180.44895266284715
5850,183.43045284952743
5851,183.43045284952743
5852,180.44014049903132
5853,180.44014049903132
5854,180.44014049903132
5855,180.44014049903132
5856,180.44014049903132
5857,183.44014049903132
5858,180.44693530450263
5859,177.44738270619905
5860,168.32703274936026
5861,166.54888528032475
5862,166.54888528032475
5863,166.54888528032475
5864,166.54888528032475
5865,163.55627325916961
5866,152.62981396715358
5867,149.6304096611437
5868,149.6304096611437
5869,149.6304096611437
5870,149.6304096611437
5871,160.15082833433235
5872,157.15089792444428
5873,157.15089792444428
5874,274.31476410685747
5875,271.31476410685747
5876,268.31664365318693
5877,268.31664365318693
5878,148.1527774707738
5879,147.3073967792018
5880,136.4041395424745
5881,125.88372086928584
5882,122.8877629641988
5883,119.88876399963323
5884,124.15169083328499
5885,127.08933264116726
5886,137.59505634773035
5887,137.59505634773035
5888,131.6035979928298
5889,136.16624905143104
5890,136.16624905143104
5891,133.16819273382652
5892,143.9883297076948
5893,143.9883297076948
5894,146.93940039512103
5895,136.6903644866802
5896,126.18464078011712
5897,126.18464078011712
5898,133.41755275544995
5899,123.28313933476198
5900,112.32324265459961
5901,112.32324265459961
5902,112.32324265459961
5903,101.81455833092703
5904,101.81455833092703
5905,101.81455833092703
5906,109.80523607521948
5907,109.80523607521948
5908,109.80523607521948
5909,105.95256385917827
5910,105.95256385917827
5911,127.84872913767376
5912,127.64974756215119
5913,135.48179549187222
5914,135.48179549187222
5915,136.80943455886512
5916,133.87179275098285
5917,130.87747671469026
5918,141.69328221893437
5919,141.69328221893437
5920,138.69855831950798
5921,138.69855831950798
5922,138.69855831950798
5923,138.69855831950798
5924,138.01690138441418
5925,138.01690138441418
5926,127.31622491799983
5927,130.30365790882215
5928,130.30365790882215
5929,127.30663245226195
5930,127.30663245226195
5931,127.30663245226195
5932,127.30663245226195
5933,127.30663245226195
5934,117.09116659235531
5935,117.09116659235531
5936,117.09116659235531
5937,120.07291404173097
5938,120.07291404173097
5939,120.07291404173097
5940,120.07291404173097
5941,109.45175864338528
5942,120.41333366716295
5943,120.41333366716295
5944,131.14644629455356
5945,131.14644629455356
5946,120.41333366716295
5947,131.1995116073751
5948,128.24844091994885
5949,128.24844091994885
5950,125.25455949796338
5951,122.26018347483068
5952,122.26018347483068
5953,122.26018347483068
5954,122.26018347483068
5955,122.26018347483068
5956,133.22350414146206
5957,143.46361784456417
5958,143.46361784456417
5959,146.46250509598804
5960,136.22239139288592
5961,125.40658588864179
5962,125.40658588864179
5963,125.40658588864179
5964,125.40658588864179
5965,122.40769735193317
5966,122.40769735193317
5967,122.17419719788921
5968,122.12395634700796
5969,122.12395634700796
5970,122.12395634700796
5971,122.12395634700796
5972,122.12395634700796
5973,122.12395634700796
5974,129.9038791020914
5975,132.8236604729729
5976,132.45738368046554
5977,132.45738368046554
5978,143.4142403867732
5979,143.4142403867732
5980,143.4142403867732
5981,143.4142403867732
5982,143.4142403867732
5983,154.26255881027944
5984,154.26255881027944
5985,165.24216992245158
5986,172.36594847302962
5987,169.36594847302962
5988,169.36594847302962
5989,166.36803012250027
5990,155.8153523363321
5991,145.05212785045265
5992,134.09055282667498
5993,123.62692825645232
5994,109.7971096462658
5995,96.68500594658627
5996,85.6970717920006
5997,85.6970717920006
5998,85.6970717920006
5999,85.6970717920006
6000,85.6970717920006
6001,85.6970717920006
6002,85.6970717920006
6003,85.6970717920006
6004,85.6970717920006
6005,85.6970717920006
6006,85.6970717920006
6007,82.77729042111909
6008,82.77729042111909
6009,82.77729042111909
6010,82.77729042111909
6011,93.76958778711082
6012,104.7695877871108
6013,104.7695877871108
6014,104.7695877871108
6015,104.7695877871108
6016,104.7695877871108
6017,101.77931820738766
6018,112.21950958066361
6019,112.21950958066361
6020,112.21950958066361
6021,112.21950958066361
6022,112.21950958066361
6023,112.21950958066361
6024,115.21950958066361
6025,115.21950958066361
6026,104.22046709716852
6027,104.22046709716852
6028,93.32563983204275
6029,96.32563983204275
6030,93.32819096407361
6031,93.32819096407361
6032,103.68707954425425
6033,134.47475853372464
6034,134.47475853372464
6035,128.21931348310034
6036,117.77912210982437
6037,114.78261260283294
6038,122.3266351316139
6039,122.3266351316139
6040,122.3266351316139
6041,122.3266351316139
6042,122.3266351316139
6043,111.34240261402942
6044,100.79114662107347
6045,100.79114662107347
6046,100.79114662107347
6047,79.47540133458517
6048,79.47540133458517
6049,79.47540133458517
6050,87.3207749176446
6051,98.18365363247678
6052,87.64884209452562
6053,98.19218514495283
6054,98.19218514495283
6055,101.15323965670416
6056,100.8557637820311
6057,111.73240977136801
6058,111.73240977136801
6059,111.73240977136801
6060,111.73240977136801
6061,114.73240977136801
6062,114.73240977136801
6063,114.73240977136801
6064,114.73240977136801
6065,114.73240977136801
6066,114.73240977136801
6067,114.73240977136801
6068,114.73240977136801
6069,114.73240977136801
6070,135.8850901492011
6071,125.202954911702
6072,122.20620948339635
6073,122.20620948339635
6074,122.20620948339635
6075,122.49303340828229
6076,233.2997005843806
6077,244.08287142557788
6078,258.2009797465797
6079,129.494836188654
6080,129.494836188654
6081,133.70211608670436
6082,133.70211608670436
6083,133.70211608670436
6084,122.91894524550708
6085,122.91894524550708
6086,122.91894524550708
6087,119.92039500586446
6088,122.8919086369578
6089,125.88415158787492
6090,125.88415158787492
6091,135.8236617108334
6092,135.8236617108334
6093,129.8333472584477
6094,118.97046854361552
6095,118.97046854361552
6096,118.97046854361552
6097,115.97158129219169
6098,115.97158129219169
6099,115.97158129219169
6100,136.75054218068124
6101,129.79535784899593
6102,140.24457529573158
6103,140.24457529573158
6104,129.47914767051572
6105,129.47914767051572
6106,129.47914767051572
6107,126.51809315876437
6108,126.51809315876437
6109,126.51809315876437
6110,235.32266426979072
6111,214.84630389815106
6112,205.65872984432247
6113,204.0041793592016
6114,201.0041793592016
6115,190.25236139561605
6116,81.4477902845897
6117,89.3883771341636
6118,89.3883771341636
6119,98.67261198409342
6120,101.71876811576902
6121,101.71876811576902
6122,101.71876811576902
6123,101.71876811576902
6124,122.98748952302101
6125,134.40493416486817
6126,145.09664288518658
6127,134.2834782953446
6128,134.2834782953446
6129,134.2834782953446
6130,132.5870332527317
6131,121.58703325273169
6132,121.58703325273169
6133,121.42847865070138
6134,112.24827770397735
6135,123.19413533795259
6136,113.191482596252
6137,123.07555015753569
6138,151.99136577667014
6139,151.99136577667014
6140,144.00520883740384
6141,125.54151966764789
6142,125.54151966764789
6143,136.3317309135574
6144,146.44721619958491
6145,146.44721619958491
6146,136.83869130626593
6147,147.816392297141
6148,161.77792230240848
6149,151.66243701638095
6150,173.57253067182936
6151,152.8324717140483
6152,152.8324717140483
6153,174.44079511616363
6154,171.12479974986923
6155,160.4531873765864
6156,171.25410559990007
6157,174.24841763178253
6158,184.60936045341754
6159,198.52897280362617
6160,212.03768652617077
6161,209.03768652617077
6162,230.82718155234863
6163,228.5176949230309
6164,228.5176949230309
6165,228.5176949230309
6166,249.48542748603109
6167,249.80106664972703
6168,250.59909076915056
6169,250.59909076915056
6170,261.59909076915056
6171,293.22536854467245
6172,314.30146168529643
6173,325.29188633255245
6174,349.2668701326651
6175,349.2668701326651
6176,380.6508601204637
6177,370.8800888070213
6178,392.1976309630528
6179,392.1976309630528
6180,392.1976309630528
6181,416.01771461222785
6182,395.9488147364888
6183,377.58765771544745
6184,368.4668957127135
6185,368.4668957127135
6186,346.77892298107764
6187,346.62812552693595
6188,365.11258727762174
6189,386.9448886960637
6190,387.0454527569116
6191,397.82333790598466
6192,397.82333790598466
6193,414.70672452932445
6194,417.94659383640237
6195,409.08950902757806
6196,430.54807881851275
6197,422.6904588785062
6198,441.6014054213681
6199,441.78094898959046
6200,441.78094898959046
6201,451.57529239298765
6202,440.79491846527594
6203,440.79491846527594
6204,451.72904713859407
6205,428.6657795774124
6206,450.1178554939015
6207,461.0849519940721
6208,450.0849519940721
6209,450.2991922651103
6210,495.82056278496947
6211,506.82056278496947
6212,506.632006823046
6213,517.4526510971252
6214,517.3205449172701
6215,516.6302353318384
6216,505.82340900944587
6217,506.5760816369215
6218,509.56358914552635
6219,498.6247884539238
6220,523.0970363390877
6221,555.6084282703233
6222,577.2390308684868
6223,577.3196934087367
6224,599.3440731831819
6225,621.2177034582752
6226,624.248213461583
6227,624.248213461583
6228,635.1717264519062
6229,653.8739005717881
6230,654.4756739117258
6231,665.4815051606636
6232,643.7437876450485
6233,656.7953206445532
6234,695.9263793168795
6235,706.241612876727
6236,699.7627930362792
6237,721.2280012328868
6238,732.4380374590489
6239,711.1027930859341
6240,689.2904015607269
6241,711.4243606845437
6242,713.9027848255535
6243,746.5623121528229
6244,744.1255443209362
6245,744.5287437215429
6246,755.3473780623563
6247,758.4473155009175
6248,750.6377403525503
6249,772.8030657071462
6250,748.7961318308124
6251,781.0381562721844
6252,797.9504856120761
6253,830.8773318336473
6254,822.7915825917261
6255,822.5533350207135
6256,822.489274067299
6257,808.4449226044704
6258,789.3382252800177
6259,793.3844283795333
6260,825.5269387783057
6261,825.6397779358974
6262,828.9912775488451
6263,836.8598136342628
6264,825.6923621369334
6265,829.8271145567245
6266,894.6217547285715
6267,941.083630145367
6268,929.5237530789359
6269,940.1870327009354
6270,964.4799725175072
6271,986.2837941974618
6272,996.8132457924925
6273,1007.7330073943484
6274,999.5918746721111
6275,1021.6077124071803
6276,1059.5979542908951
6277,1049.1010395879612
6278,1059.5875049158649
6279,1052.1291748406659
6280,1049.9830496179677
6281,1081.882476491745
6282,1085.5527639586446
6283,1075.011103065577
6284,1051.8857874276264
6285,1043.9738590495147
6286,1087.0936732122775
6287,1108.3537289553187
6288,1139.9877310822958
6289,1145.096019611068
6290,1165.2748502073664
6291,1144.5988065986273
6292,1156.729102595989
6293,1161.3114354545035
6294,1159.8398168448375
6295,1173.4302558444788
6296,1220.4941543998593
6297,1239.6994000666173
6298,1232.0379182510665
6299,1241.0119178762848
6300,1205.1970728425288
6301,1237.8936287189233
6302,1262.533831193105
6303,1242.7059020214715
6304,1235.160778087683
6305,1238.2054280199459
6306,1251.9373201484848
6307,1280.9813494737543
6308,1294.7287753078417
6309,1302.8883991641712
6310,1318.4854409067548
6311,1329.4945913138895
6312,1346.3973748755611
6313,1373.806581435409
6314,1376.744492802832
6315,1387.236398547811
6316,1417.34890342871
6317,1424.665571370294
6318,1392.2472706909653
6319,1446.2344102270608
6320,1336.7325534949593
6321,1358.4594251101435
6322,1374.7233211413577
6323,1369.3162380612732
6324,1339.6196371461824
6325,1326.7340429983567
6326,1327.1628175554733
6327,1327.056420546083
6328,1327.1776113305639
6329,1348.8642819464665
6330,1402.2622454284674
6331,1413.3342209694738
6332,1416.195369891408
6333,1408.5508672994288
6334,1428.8454418808426
6335,1431.5140633482467
6336,1401.679530437506
6337,1415.543301143916
6338,1423.4359194633496
6339,1383.9244304266028
6340,1375.8022758168936
6341,1378.3348674843276
6342,1370.9382942424527
6343,1392.2377995940853
6344,1414.2376733395042
6345,1414.6967443526967
6346,1412.138183499508
6347,1441.1848172214386
6348,1462.5877042174643
6349,1476.5471289297193
6350,1487.5981431395478
6351,1515.2341545272777
6352,1535.6067323008767
6353,1557.1917089983517
6354,1466.6712179509886
6355,1466.9525398718918
6356,1459.8182941458253
6357,1430.1502071906446
6358,1419.3188799535008
6359,1430.518823094158
6360,1418.4845162667923
6361,1509.2975036161508
6362,1457.808235211314
6363,1457.7631830742268
6364,1339.224229982344
6365,1351.6098756928204
6366,1330.3953997514602
6367,1325.516519180043
6368,1313.690292640974
6369,1305.7057715040162
6370,1306.5411135717168
6371,1306.390196006467
6372,1387.4068886579896
6373,1368.9456495313639
6374,1335.4393650790566
6375,1309.880363696188
6376,1266.512042765562
6377,1236.724511441816
6378,1201.047157522444
6379,1108.4450722454637
6380,1086.737764000041
6381,1090.7084033982878
6382,1057.789881709238
6383,1082.1953247299969
6384,1068.2275255202062
6385,1092.6518836497464
6386,1136.2362268892389
6387,1176.514356227769
6388,1176.5633182645738
6389,1216.6039656035691
6390,1217.5476292427975
6391,1178.213128526614
6392,1167.2972611201224
6393,1175.2296066778101
6394,1172.2589246155978
6395,1150.6022765331725
6396,1190.5612317439197
6397,1200.6528940992018
6398,1186.6618842770288
6399,1266.9696356333152
6400,1234.2506427432772
6401,1297.5543014497334
6402,1170.8516730247052
6403,1072.500894693518
6404,1061.5642073928
6405,1050.7664486984286
6406,1040.4155758374536
6407,1022.1496818765379
6408,993.965274874142
6409,994.1472629374969
6410,994.154165476573
6411,991.250984835623
6412,961.2959890132992
6413,972.5050635387456
6414,961.22492226006
6415,939.5893624905106
6416,925.6125621777537
6417,1055.2313329659307
6418,1033.281702122168
6419,997.3646852605917
6420,964.443326362656
6421,953.6638492455438
6422,945.5629147451737
6423,923.3312191627872
6424,809.7319285794938
6425,798.7501173743619
6426,787.868020963763
6427,787.868020963763
6428,776.991945476183
6429,771.0357220453554
6430,757.8178782405253
6431,815.7189603672318
6432,837.52847311784
6433,714.7090417261672
6434,717.7066852924048
6435,695.8427330555025
6436,695.8427330555025
6437,684.1701654435875
6438,676.2176787090841
6439,676.2176787090841
6440,673.2357539087733
6441,662.6695026508705
6442,651.4782999337722
6443,648.4221789249823
6444,658.8355719326521
6445,669.8355719326521
6446,738.3709941538798
6447,694.6904065991273
6448,705.6904065991273
6449,713.6649775110818
6450,703.4737746455319
6451,621.0566351958132
6452,595.746942701943
6453,614.3296931236525
6454,613.7366352191492
6455,620.9227741491333
6456,631.0160006823296
6457,620.3082058076154
6458,644.565476286973
6459,641.2684732175132
6460,641.686186463978
6461,673.9968961316232
6462,695.9175369099789
6463,679.3866095383576
6464,671.9035486552316
6465,672.5342023112869
6466,650.5827868595904
6467,663.4307696427093
6468,663.1529173163349
6469,642.6595609864543
6470,628.0822915834824
6471,603.848812298137
6472,600.8532257373035
6473,580.5832721947904
6474,591.361210053396
6475,569.4348449777826
6476,539.8637381712824
6477,510.66204440073477
6478,571.886870736776
6479,475.15615787900856
6480,496.59977373365984
6481,517.7059190849104
6482,528.6725475289902
6483,547.4639955870715
6484,630.1812781637369
6485,605.2952950638376
6486,602.0186193104548
6487,633.396534543201
6488,614.6772884496514
6489,622.5283898946755
6490,597.7741064786703
6491,703.8373217779188
6492,725.5510877270751
6493,598.004733748555
6494,565.7096441025549
6495,434.9181217031573
6496,434.9181217031573
6497,445.22663252586545
6498,466.63492038738644
6499,697.2702844944104
6500,708.4686828995794
6501,719.3667236693815
6502,722.3120513986225
6503,722.5942647534373
6504,608.596055362239
6505,515.1161700497662
6506,490.55010897715516
6507,490.55010897715516
6508,501.3592427501252
6509,536.2668249041926
6510,544.1242718304077
6511,565.8858707536897
6512,576.5006937106898
6513,607.5479334001708
6514,605.0304953857477
6515,609.8333489961716
6516,585.5154560966737
6517,563.8761223454845
6518,542.2971889864809
6519,521.3922223133469
6520,518.5415131359549
6521,551.2675058122145
6522,562.2304867193404
6523,678.2903243957385
6524,675.6835905284687
6525,818.7161056650255
6526,726.8766012646649
6527,618.823766879752
6528,629.7066281739877
6529,651.3893246699982
6530,651.3671975858564
6531,662.6751186358616
6532,680.110974744056
6533,694.7951429935833
6534,694.6077553996024
6535,684.083000019664
6536,673.4905187074085
6537,684.2452111643696
6538,684.2550248395502
6539,716.6389768255347
6540,716.7018636931576
6541,695.3494618079258
6542,738.3857654373794
6543,745.4630726205845
6544,749.1044263664986
6545,740.1661356125567
6546,870.8352819442915
6547,898.9163831283703
6548,1013.5086973139071
6549,1002.6978860854115
6550,1057.436201353493
6551,960.0665328078463
6552,949.3235524037535
6553,949.1824186683161
6554,1036.5665117669698
6555,1026.4711127466387
6556,1157.4860994068456
6557,1156.3777734083292
6558,861.756490834684
6559,824.8614529528031
6560,868.254172391913
6561,1016.0144596358568
6562,1026.9120385614663
6563,1034.735775145251
6564,1023.7741231002755
6565,1056.531076368684
6566,948.59956939282
6567,970.3651317898156
6568,958.704386079083
6569,927.3887466396072
6570,919.5050347468864
6571,930.2656437885406
6572,919.1852108574267
6573,898.9459442588618
6574,902.1236776219318
6575,880.4299604840976
6576,869.8606500175663
6577,856.8011009006879
6578,967.7715969494992
6579,956.6886821169561
6580,942.6886821169561
6581,964.3269657691085
6582,863.8329229688145
6583,875.2683816786678
6584,862.0655713593355
6585,873.2262211106231
6586,927.028629157847
6587,905.3109867659674
6588,916.0095579864578
6589,947.7915496928549
6590,961.6645849349939
6591,994.8550169355442
6592,971.0573445631586
6593,1074.8705847721865
6594,1071.7839956813048
6595,1071.8221667825376
6596,973.713444801373
6597,1094.6369678764013
6598,1102.5577054110945
6599,1080.8106579250323
6600,1070.5312184023092
6601,1141.656655890741
6602,1133.0327604660579
6603,1111.329963623465
6604,1119.245644851986
6605,906.7631293124693
6606,928.5942245961187
6607,958.2704584748122
6608,958.2580022976085
6609,970.3968456352229
6610,927.5226012248787
6611,1025.4885596439917
6612,1035.2719193107287
6613,924.348296139093
6614,1035.9157908164125
6615,1013.8092352911549
6616,934.8001592205311
6617,934.8297606842409
6618,904.1460510520493
6619,897.2803800346107
6620,866.9219225565646
6621,866.9205567659083
6622,888.6383694945639
6623,888.6264167285781
6624,899.5807674974988
6625,888.6798597832259
6626,924.6333849980842
6627,894.9562536214864
6628,1016.1086052984804
6629,982.2895897998148
6630,1025.920941975585
6631,1025.920941975585
6632,1058.3871578518533
6633,1068.893175515626
6634,1178.7070799088206
6635,1178.6886034051129
6636,1146.1878379097175
6637,1200.0748166591052
6638,1014.1897539217473
6639,1014.1897539217473
6640,1035.4527731224393
6641,1139.5695421164862
6642,1128.6569589084802
6643,1160.4902985882172
6644,1192.5993438086598
6645,1160.104492288911
6646,1153.817672247721
6647,1012.728982161696
6648,1026.2659535057253
6649,1090.8612864224217
6650,1080.115647280551
6651,1102.2170178616689
6652,1091.360499802538
6653,1069.9341845671588
6654,958.6705503142582
6655,947.7123686919904
6656,969.4932975180237
6657,966.3165789489378
6658,944.425495524142
6659,945.5287219867234
6660,924.7732674138527
6661,924.365777808921
6662,894.720980858749
6663,894.8265291259162
6664,892.2161315069117
6665,934.9416723903198
6666,921.5533439114633
6667,1024.427951918297
6668,1034.5063941658286
6669,1044.3871237460057
6670,1065.8035007933852
6671,955.2727151332363
6672,988.422259546262
6673,977.5575458299593
6674,1091.9453106079488
6675,978.9405896283104
6676,1000.0972842780709
6677,1058.870502315771
6678,1058.94926493656
6679,968.7234951037024
6680,975.8015424437857
6681,972.8664207739937
6682,1124.5005217853213
6683,1137.0479120928062
6684,1132.3291595732417
6685,1109.1160942712966
6686,1120.6775125690776
6687,1116.7880908721734
6688,1091.1776662618527
6689,1105.096052833004
6690,1083.8236973070345
6691,1116.640369362958
6692,1046.3274635002326
6693,1057.1981939171421
6694,1057.462688218842
6695,1059.4327349653595
6696,1061.9658317912138
6697,1072.8288914120842
6698,1072.6436950871482
6699,1097.4223010988726
6700,1118.7329582283517
6701,1114.1990810570508
6702,1130.4600137475932
6703,1156.2636535449317
6704,1134.5042511301533
6705,1144.3531348552294
6706,1088.9613128134888
6707,1088.8886900847392
6708,1091.5605349636592
6709,1080.7052659731507
6710,1113.056292623134
6711,1113.184404357398
6712,1218.6471339558311
6713,1127.2217311762574
6714,1098.8149058619074
6715,1088.132894907342
6716,1102.7684118475895
6717,1134.267788513705
6718,1155.9889068453729
6719,1123.2219587871978
6720,1113.5519641843243
6721,1112.7292629092196
6722,1091.561391132066
6723,1101.2440262242692
6724,1125.89700930835
6725,1107.661705246101
6726,1140.7528799359743
6727,1151.8733075165146
6728,1187.7660381717496
6729,1198.667558072624
6730,1278.7568909730744
6731,1209.228556367651
6732,1215.1587796688027
6733,1201.2831489326204
6734,1201.4633227832262
6735,1168.5392483433968
6736,1229.8938872496535
6737,1370.520667668877
6738,1353.5079262833794
6739,1349.345742294123
6740,1331.0342171851298
6741,1289.9153568584047
6742,1258.1228045234006
6743,1258.6777798207154
6744,1268.7535421621399
6745,1268.939798961058
6746,1257.491173576012
6747,1265.1951283141625
6748,1275.7718988577356
6749,1283.7843474107322
6750,1371.7553143426494
6751,1242.7626945824934
6752,1246.8035902080267
6753,1266.0980797804232
6754,1274.857437533203
6755,1154.225185119405
6756,1155.7161673912053
6757,1264.7702041622715
6758,1282.320184111609
6759,1293.3808441302472
6760,1315.2655359750934
6761,1301.9658804544742
6762,1282.841000871855
6763,1331.4809747690747
6764,1362.4767032714572
6765,1398.2962470313632
6766,1515.7113507696924
6767,1521.3822176490776
6768,1518.2732878729216
6769,1523.4365240245832
6770,1536.879551220673
6771,1566.563940015175
6772,1553.033289383582
6773,1509.2956427235965
6774,1490.3193892715642
6775,1533.141183337179
6776,1514.3051798982942
6777,1492.727613511137
6778,1521.7403427656052
6779,1556.2088635228226
6780,1576.2915384932637
6781,1606.4189282661152
6782,1618.9904880473714
6783,1591.996229934355
6784,1640.3303248190432
6785,1670.9124249255785
6786,1783.655756801784
6787,1798.357678141992
6788,1867.1207012178957
6789,1863.8450832681942
6790,1787.2231338844656
6791,1732.1272997941162
6792,1741.0776248247278
6793,1771.472184777737
6794,1804.1028670438743
6795,1818.5878227830362
6796,1934.0498604521927
6797,1968.0336646356393
6798,2034.1498642133413
6799,2021.0706948338977
6800,2043.671688052145
6801,2089.447795721769
6802,2114.7338912214946
6803,2125.823750131645
6804,2138.4817577387244
6805,2116.288618953915
6806,2130.2830076750315
6807,2166.3056502489026
6808,2180.873945842524
6809,2221.757429092336
6810,2174.160635099557
6811,2190.911708105325
6812,2151.237384243666
6813,2258.355131086315
6814,2251.3326559033367
6815,2440.202207103971
6816,2254.9956955899934
6817,2138.959555176242
6818,2112.961150803941
6819,2078.167271203016
6820,2057.620208379606
6821,2017.432103155239
6822,1984.8405517629576
6823,1962.9043349620595
6824,1990.5320088414585
6825,2021.5107131980233
6826,1994.9625900302508
6827,2023.1539854850512
6828,2035.092364044436
6829,2059.7681327568816
6830,2069.0529195413196
6831,2115.488173353122
6832,2110.729649083833
6833,2209.278307554568
6834,2253.2407308481133
6835,2255.6853181351203
6836,2254.5057927846033
6837,2203.656747137474
6838,2192.573586771693
6839,2201.3873707041
6840,2248.0912346138425
6841,2076.684311057268
6842,2200.134227341942
6843,2200.1975974982247
6844,2249.7061197289854
6845,2252.882876765421
6846,2255.3911701302695
6847,2307.8658114477344
6848,2313.251248730739
6849,2217.3811752070274
6850,2209.6595328115222
6851,2239.8463296562995
6852,2221.109698545277
6853,2196.469517891927
6854,2290.3046116030405
6855,2328.4405837132886
6856,2312.7026408507277
6857,2340.251481570145
6858,2305.336402167355
6859,2268.071451890496
6860,2320.1878013939995
6861,2208.015505405948
6862,2216.257119217248
6863,2282.9470370525232
6864,2318.886235707761
6865,2335.7090394141956
6866,2300.3142014063255
6867,2340.985383165596
6868,2356.4741751628962
6869,2339.7777805619644
6870,2345.3873983020003
6871,2372.8368847100646
6872,2398.7783114951344
6873,2513.4864425815745
6874,2532.72366100379
6875,2424.3523703475175
6876,2424.1329975090175
6877,2431.1528176101033
6878,2388.398430245639
6879,2362.3182885506703
6880,2391.114539602864
6881,2527.186722765302
6882,2509.644738439614
6883,2460.7317921291738
6884,2503.0913216270546
6885,2430.129393492221
6886,2450.0374864313053
6887,2491.27045438651
6888,2502.9685847329524
6889,2504.17852704516
6890,2493.904042286312
6891,2535.6205813232796
6892,2619.937459286971
6893,2651.7895409233065
6894,2584.4802388557146
6895,2576.6358867127174
6896,2584.4713542819345
6897,2541.358064615314
6898,2518.123547558639
6899,2542.496630581923
6900,2537.5724364872485
6901,2525.4578305900313
6902,2475.77058616001
6903,2446.144439087853
6904,2448.227552956277
6905,2453.8630066318465
6906,2467.797446706373
6907,2416.735848456196
6908,2428.1485031021407
6909,2506.8011268505124
6910,2532.256183616056
6911,2491.47187507321
6912,2523.607773378405
6913,2513.5766710329412
6914,2478.1475790462064
6915,2531.670305235225
6916,2535.0414997038324
6917,2488.4391803701346
6918,2580.762271994885
6919,2522.671803750899
6920,2526.1404625792175
6921,2400.157361048431
6922,2406.935239010753
6923,2391.458215186294
6924,2376.7712288962084
6925,2337.1670495803387
6926,2348.1146397440234
6927,2351.26469902049
6928,2321.684641400857
6929,2346.409171796833
6930,2302.9167415814745
6931,2324.681409229602
6932,2422.3897744825117
6933,2417.709517278964
6934,2395.963481679562
6935,2322.4618791872867
6936,2300.7481568054454
6937,2272.208025608043
6938,2263.1247668106635
6939,2272.212060712508
6940,2296.0251828668147
6941,2211.870753656167
6942,2178.840343346975
6943,2160.637706185329
6944,2165.4988953598954
6945,2181.1838757683236
6946,2159.633718620893
6947,2145.682943884668
6948,2145.218054518028
6949,2162.1244305604678
6950,2120.6583058144547
6951,2042.3522869856222
6952,2042.4318938984525
6953,2094.0768489223997
6954,2096.9672086518603
6955,2112.6205785852258
6956,2090.6859596352388
6957,2076.7778800376573
6958,2016.5991649871448
6959,2013.7850755007798
6960,2002.9552652996917
6961,1981.2423216085158
6962,2005.0626100208524
6963,2020.2812065164555
6964,1998.473433062521
6965,1970.5578155010587
6966,1967.3628412148416
6967,1931.5553235469056
6968,1906.2628140625714
6969,1877.3730945034786
6970,1876.8733170010933
6971,1815.268985778635
6972,1839.9544603099773
6973,1826.4313253443631
6974,1841.9553901053177
6975,1817.2664622265534
6976,1854.7852293868264
6977,1838.8761967565774
6978,1849.8215570034715
6979,1849.8215570034715
6980,1822.536772108033
6981,1808.5677829201456
6982,1791.7718212104644
6983,1777.8206648656146
6984,1782.637234496576
6985,1722.523417031498
6986,1675.8699569928094
6987,1659.0236750169581
6988,1751.878030757685
6989,1748.9144752186016
6990,1748.9213862758704
6991,1718.7494702763736
6992,1715.5577975104968
6993,1682.911712305796
6994,1661.0390329441118
6995,1663.0521890518246
6996,1652.1946014038112
6997,1506.618329760015
6998,1503.081886721962
6999,1445.807893604279
7000,1417.8370047819842
7001,1382.2845444614663
7002,1379.4215909290028
7003,1379.5858594899762
7004,1385.1280547580502
7005,1365.3056316891464
7006,1348.2487958132203
7007,1355.8569479921182
7008,1352.6191041246745
7009,1357.705775994026
7010,1348.1179525898478
7011,1301.4814080319695
7012,1291.209239656179
7013,1255.4930966149464
7014,1266.2978148799943
7015,1241.5103174463106
7016,1184.336271199051
7017,1187.3463259473926
7018,1176.414297611641
7019,1211.5696707161728
7020,1219.3459035290696
7021,1230.6023874764478
7022,1228.0439529595687
7023,1219.050211607274
7024,1172.4003226295872
7025,1128.2904733956361
7026,1114.3647955679005
7027,1078.5301039528854
7028,1059.6785515666074
7029,1064.326978117101
7030,1058.2246312238003
7031,1062.8923504579452
7032,1043.3242256503493
7033,1021.4735050808077
7034,1020.8884388017159
7035,1011.8061822002078
7036,1008.4965997959075
7037,1002.6536439139811
7038,1013.4680286158306
7039,1024.3459723237302
7040,1012.672646496828
7041,996.2795134700264
7042,1006.4559345577578
7043,1006.4625103176559
7044,985.2816823362331
7045,982.6904561798633
7046,969.1185919374275
7047,968.871807017487
7048,949.5104397841735
7049,940.5289419481379
7050,921.037277163877
7051,908.0362844204731
7052,884.1934045667052
7053,884.1913798393988
7054,884.1913798393988
7055,891.5882488851003
7056,891.6201909377853
7057,898.9096999481428
7058,879.1215986035569
7059,891.7998372378381
7060,870.2369928287115
7061,856.4674866976242
7062,842.554785392884
7063,828.633111898512
7064,814.7817187242632
7065,800.5624585871665
7066,805.4674918502808
7067,786.5523174393843
7068,811.3163031635759
7069,811.3163031635759
7070,819.2504267333074
7071,795.3536562199276
7072,789.3924516203751
7073,775.4776792337461
7074,783.401527358797
7075,788.4533768785586
7076,782.4587341311019
7077,776.4690582609519
7078,773.4339912891556
7079,765.4556089633415
7080,754.5700909842705
7081,740.8091710728261
7082,732.8436508169011
7083,694.5207386235735
7084,702.232664637148
7085,663.5890044890646
7086,742.2086912689133
7087,717.2770765892747
7088,705.3446918588602
7089,691.372960425916
7090,586.2607865446633
7091,572.3042370211338
7092,562.4832381050439
7093,559.4911464326223
7094,569.9837676502109
7095,569.9837676502109
7096,574.8382687017241
7097,572.031285110786
7098,604.7165117864586
7099,598.7249975614584
7100,589.7924703530628
7101,600.7893468393258
7102,611.7597230489143
7103,611.7461510362621
7104,594.5405852255228
7105,602.2984373757267
7106,605.2547554020604
7107,588.4337849649168
7108,585.4430608021869
7109,579.3714339401937
7110,587.1997239534696
7111,581.204636527091
7112,591.1935188042431
7113,599.1465705245604
7114,615.0169518954732
7115,625.7963301399409
7116,619.8049683425032
7117,598.3012344369429
7118,614.0252669543918
7119,603.1471926501072
7120,622.0593640293778
7121,618.4372260644097
7122,588.5868470375774
7123,567.3483191617147
7124,569.8363214757867
7125,569.8318787085997
7126,566.2428956095246
7127,563.2495772269682
7128,563.2495772269682
7129,549.6323347623077
7130,557.3652621698556
7131,525.651282702813
7132,525.651282702813
7133,511.69181950616417
7134,518.7932786386449
7135,496.9532048150294
7136,496.9532048150294
7137,497.48254085519125
7138,497.48254085519125
7139,486.5810852726399
7140,473.20632319150167
7141,473.1891995840701
7142,470.1925822928918
7143,464.210763004026
7144,470.2105278290366
7145,459.2142449214122
7146,460.0553812640773
7147,463.03771068214945
7148,463.03771068214945
7149,455.0491547443588
7150,455.26222302497627
7151,438.41888142045696
7152,438.41888142045696
7153,427.53764359192616
7154,413.7118380733108
7155,399.74031779128165
7156,399.74031779128165
7157,410.64006047703435
7158,388.7780880033232
7159,399.66699250265606
7160,396.674288284085
7161,396.674288284085
7162,404.0858416623146
7163,398.09514478326173
7164,387.127545243093
7165,388.2637753278599
7166,398.4033680298981
7167,398.03168639022397
7168,398.03168639022397
7169,390.05848639777633
7170,390.05848639777633
7171,400.9057605659346
7172,400.9057605659346
7173,400.9057605659346
7174,403.9057605659346
7175,403.9057605659346
7176,383.6619145952753
7177,394.08524208411933
7178,394.08524208411933
7179,394.08524208411933
7180,397.08349447000273
7181,386.11311826041407
7182,393.9768384781566
7183,394.54321245717097
7184,394.54321245717097
7185,424.0606417913302
7186,434.35458284296874
7187,437.3457870834404
7188,447.55673867194986
7189,436.85995660736603
7190,425.92022323248716
7191,425.7917149822775
7192,431.7493761706863
7193,423.8719048242564
7194,412.9288424771429
7195,402.2171946772341
7196,396.2565423326394
7197,382.5789436033057
7198,382.5789436033057
7199,368.9245466194428
7200,368.9245466194428
7201,345.062094018013
7202,345.062094018013
7203,342.062094018013
7204,331.41789191581415
7205,331.41789191581415
7206,328.4233168926261
7207,328.4233168926261
7208,328.4233168926261
7209,314.586919399356
7210,314.586919399356
7211,314.586919399356
7212,305.5945088772854
7213,303.906867243302
7214,300.91440922676645
7215,294.92194820896316
7216,282.55337476254783
7217,282.55337476254783
7218,282.55337476254783
7219,282.55337476254783
7220,282.55337476254783
7221,282.55337476254783
7222,282.55337476254783
7223,279.5551223766644
7224,276.5551223766644
7225,267.5717655514572
7226,264.5781091033681
7227,261.5781091033681
7228,261.5781091033681
7229,247.7879729987213
7230,247.7879729987213
7231,244.78960643179846
7232,238.7984021913268
7233,216.82258257994633
7234,228.23285258776846
7235,222.2337776743366
7236,211.27419244579522
7237,211.31024921068592
7238,211.31024921068592
7239,208.31137721332342
7240,208.31137721332342
7241,211.3066716165081
7242,208.31100024046887
7243,219.29410112257347
7244,211.30693581986833
7245,211.30693581986833
7246,232.86992372435878
7247,229.9809735790672
7248,229.9809735790672
7249,240.79883146104711
7250,248.61370883821394
7251,245.61805613299913
7252,245.2818252219698
7253,255.99385309549655
7254,266.32443262021417
7255,255.42468993446144
7256,255.42468993446144
7257,255.63294645034603
7258,255.63294645034603
7259,280.43636643955034
7260,274.4430862886524
7261,271.45446696544116
7262,260.4713660833366
7263,388.48129233320617
7264,402.3667580139914
7265,402.3667580139914
7266,402.3667580139914
7267,391.75760522313607
7268,271.66343611541066
7269,271.66343611541066
7270,255.01557914144124
7271,255.01557914144124
7272,263.0096712448699
7273,263.0096712448699
7274,260.01157241033286
7275,278.3533368391015
7276,286.24317405442986
7277,286.6363968827952
7278,286.6363968827952
7279,297.627014255272
7280,286.9149863817453
7281,305.2486657331815
7282,296.2699617021191
7283,307.1943026223758
7284,307.1943026223758
7285,307.1943026223758
7286,307.1943026223758
7287,307.1943026223758
7288,307.1943026223758
7289,304.1970927945646
7290,296.78774272285773
7291,307.7791287236729
7292,315.2892031116168
7293,336.5071084586835
7294,333.5144435402192
7295,322.73522742168075
7296,322.73522742168075
7297,311.4386858367186
7298,311.4386858367186
7299,340.7105080694166
7300,340.7105080694166
7301,341.49664194394643
7302,329.71001385562215
7303,340.0898795808333
7304,340.0898795808333
7305,329.5838281275056
7306,326.59144948617427
7307,327.191019151864
7308,316.30279167224626
7309,303.2315877625549
7310,324.70856593267195
7311,310.8966483129309
7312,300.46765509037107
7313,312.7720126864057
7314,301.8634942096638
7315,313.2952771154679
7316,302.6499699950682
7317,299.6519253868226
7318,310.61689578084895
7319,307.62042410349125
7320,300.0245167488874
7321,270.0415906123575
7322,280.92906426779234
7323,280.92906426779234
7324,277.8964982707911
7325,286.4261921816571
7326,300.39622701405597
7327,311.3356631366287
7328,311.3356631366287
7329,300.9030132277255
7330,292.91162722691035
7331,301.39979374070583
7332,309.2920391207166
7333,320.23061457198355
7334,341.6204530858681
7335,363.557897697611
7336,366.5283724635779
7337,377.32130535851877
7338,388.15096075088655
7339,470.8528712351593
7340,499.7508886666898
7341,425.16000723093106
7342,425.16000723093106
7343,416.6264945873622
7344,427.6184417546974
7345,424.6191836700268
7346,427.6226607806081
7347,427.6226607806081
7348,427.7839684313415
7349,416.88955046014553
7350,413.89115610946817
7351,435.4137767162106
7352,435.4137767162106
7353,468.317625381109
7354,468.317625381109
7355,457.3866604754383
7356,470.81111300020103
7357,460.04114751775666
7358,460.04114751775666
7359,449.6434142184818
7360,441.02549304873946
7361,428.37372771277467
7362,417.43006215583137
7363,420.25184819429234
7364,409.69241625133515
7365,409.69241625133515
7366,409.69241625133515
7367,402.6784469698688
7368,391.71659445803397
7369,384.92399448811904
7370,384.92399448811904
7371,396.0707113899763
7372,417.0593372420172
7373,398.19274071914685
7374,398.19274071914685
7375,409.08457451050185
7376,409.08457451050185
7377,412.06727683731646
7378,404.0921261327799
7379,393.77875649699547
7380,401.97230980785565
7381,393.55779673234895
7382,404.5391501327349
7383,393.5706413840587
7384,393.5706413840587
7385,382.5789271623979
7386,393.18610380002013
7387,425.50696403695076
7388,436.2439296581472
7389,447.15581332461403
7390,426.04863343502115
7391,415.2446146833087
7392,393.3936422742573
7393,393.03653673391295
7394,393.03653673391295
7395,409.81645291551735
7396,409.5043792352841
7397,399.11997071127803
7398,399.11997071127803
7399,398.26953522610796
7400,387.38008640875194
7401,382.7505523122295
7402,371.8169698517629
7403,361.3886086447819
7404,372.38011327095967
7405,373.01278948833146
7406,380.922748826568
7407,380.92735537311677
7408,380.92735537311677
7409,380.92735537311677
7410,377.9568806071499
7411,388.3012316953863
7412,377.30625276759855
7413,369.2886874737354
7414,366.32523554025084
7415,336.6032652644096
7416,325.8662996432132
7417,347.467094687612
7418,336.4857412872261
7419,347.04047005698084
7420,336.13636815618594
7421,334.6258017224069
7422,324.2814506341705
7423,324.2814506341705
7424,335.08977860993537
7425,345.83152501980965
7426,314.93960843444165
7427,311.96455252983054
7428,322.88467727847063
7429,311.9388502387392
7430,301.25182766896796
7431,290.2612102964912
7432,268.7545066275014
7433,257.8513731594143
7434,257.8513731594143
7435,268.84157403657406
7436,279.69457329075516
7437,271.7548878821784
7438,263.87882616652064
7439,252.91656539854876
7440,252.90853531336717
7441,252.90853531336717
7442,252.90853531336717
7443,252.90853531336717
7444,266.6893311818525
7445,277.45593351764734
7446,311.05000112815765
7447,308.09143348753827
7448,308.09143348753827
7449,308.09143348753827
7450,312.17206113591885
7451,336.9647793808282
7452,333.9647793808282
7453,333.9647793808282
7454,341.73997496847744
7455,342.19873076390786
7456,345.17867275061303
7457,345.17867275061303
7458,334.43718702741467
7459,339.1238331419172
7460,350.1073461220157
7461,364.00625939945417
7462,364.00378806653606
7463,398.7182939040937
7464,409.3403903935371
7465,409.3403903935371
7466,420.02921247693183
7467,420.02921247693183
7468,409.13737868557683
7469,385.58298526099236
7470,353.1959271907242
7471,331.95739856120156
7472,339.85162826614027
7473,320.97153595043557
7474,307.2734840160216
7475,304.2734840160216
7476,301.27818961283697
7477,322.55827668702335
7478,322.37327961725805
7479,300.89321134674265
7480,303.84925039272355
7481,293.4857035425421
7482,301.10200546133075
7483,301.10535543367394
7484,314.75712544790105
7485,325.13630141760984
7486,331.278523455588
7487,342.2038519907051
7488,356.0297466793848
7489,361.98559379916645
7490,372.8750426865879
7491,361.95850246258294
7492,361.95850246258294
7493,361.95850246258294
7494,375.86767623124007
7495,386.13961926085386
7496,386.13961926085386
7497,372.51059642672925
7498,361.532015018409
7499,361.3364189725999
7500,372.24812797676384
7501,339.6663846390925
7502,339.6663846390925
7503,350.3415676183035
7504,350.65446686145805
7505,375.428178533715
7506,385.79200791525653
7507,375.52006488564274
7508,372.52019313248576
7509,372.8544831738603
7510,383.60252734535294
7511,386.693142327007
7512,383.693142327007
7513,391.63754777756503
7514,388.9597691868052
7515,399.974372554959
7516,396.9759920230076
7517,407.66741124925454
7518,407.2863152904441
7519,407.2863152904441
7520,399.4274155561509
7521,378.20557076608117
7522,378.20557076608117
7523,370.2862450453809
7524,356.3948833680476
7525,367.30305831887125
7526,367.179978518808
7527,367.179978518808
7528,378.1549077017199
7529,367.2709694110924
7530,359.5736658254273
7531,359.5736658254273
7532,373.50058029648727
7533,373.7663999237983
7534,373.7663999237983
7535,383.4439223601317
7536,405.34709142174023
7537,383.32012340168234
7538,393.74483833091995
7539,372.86214228220217
7540,369.86237745719154
7541,338.85816052842125
7542,338.85816052842125
7543,328.09999103896234
7544,325.11876321017075
7545,322.14282198506226
7546,311.0102306498737
7547,321.70967353982525
7548,318.75990483896663
7549,321.7735639526419
7550,321.7735639526419
7551,332.6239588616072
7552,353.93428972453216
7553,350.854277437407
7554,364.6871996206727
7555,372.6136094815873
7556,361.6882809464702
7557,368.7299437900646
7558,371.7299437900646
7559,382.515453268346
7560,393.4739431790943
7561,393.4739431790943
7562,392.9700959569358
7563,395.9613145748924
7564,374.3348088766875
7565,350.1550871396359
7566,350.1550871396359
7567,340.11342429604144
7568,329.1412283253992
7569,329.1412283253992
7570,318.2705572141338
7571,325.8428191972675
7572,304.7075500064487
7573,304.7075500064487
7574,304.7075500064487
7575,307.7075500064487
7576,307.7075500064487
7577,304.7075500064487
7578,304.7075500064487
7579,304.7075500064487
7580,294.0081071164971
7581,297.0081071164971
7582,275.21851790413024
7583,272.22568691754526
7584,269.24780752399937
7585,280.1633913478972
7586,269.3090163683407
7587,250.44730968144202
7588,250.51749052456435
7589,250.53012405312882
7590,282.2765406412572
7591,282.2765406412572
7592,282.2765406412572
7593,282.2765406412572
7594,282.2765406412572
7595,293.50453564470087
7596,293.50453564470087
7597,304.3897211213457
7598,307.38035895050245
7599,296.38885432432477
7600,296.38885432432477
7601,268.4906461394134
7602,268.4906461394134
7603,247.56541302528032
7604,254.8747879624912
7605,243.88840804971008
7606,240.91260495044796
7607,240.91260495044796
7608,240.91260495044796
7609,240.91260495044796
7610,251.85775193233258
7611,251.85775193233258
7612,251.85775193233258
7613,241.03656845833726
7614,262.707032985855
7615,283.83660379807924
7616,281.5551909356477
7617,303.4315567869205
7618,314.2121309374841
7619,330.0961471241544
7620,308.33016839129124
7621,319.1471890371447
7622,316.1499764347769
7623,327.06160233488026
7624,335.04256579646557
7625,335.03978992259727
7626,346.0192796541708
7627,335.02889882625476
7628,338.4831813613717
7629,338.27739359391205
7630,338.4476920861724
7631,335.4522791071077
7632,335.4522791071077
7633,324.7139365979165
7634,313.79762014255675
7635,313.8749134281438
7636,310.85539232952755
7637,332.4284424884902
7638,332.0670575053796
7639,339.9911541803825
7640,350.95073850811656
7641,361.88790121591046
7642,372.4915577932721
7643,381.55970985878537
7644,381.21851112789057
7645,378.21851112789057
7646,388.7525668957607
7647,368.88371860136596
7648,358.4645294339129
7649,347.7215407984955
7650,336.7215407984955
7651,336.7041857969508
7652,304.2395409067229
7653,314.16980906707744
7654,321.8791373239268
7655,321.90338550374463
7656,311.77609117533905
7657,333.67985338482106
7658,319.9025107592782
7659,319.8963276801126
7660,341.2295452838589
7661,341.2295452838589
7662,351.9316997954351
7663,341.9115628490942
7664,355.8663812004867
7665,355.8663812004867
7666,344.91860044242264
7667,344.6890786043309
7668,341.6890786043309
7669,341.6684429844963
7670,341.7440816377743
7671,341.7440816377743
7672,333.48274706858456
7673,333.2616511463913
7674,343.75074507517564
7675,478.4065274871025
7676,478.4065274871025
7677,489.21307234059776
7678,489.21307234059776
7679,478.5363799559586
7680,510.25578275594347
7681,510.25578275594347
7682,394.28313820840185
7683,380.91974153486115
7684,381.98157509917223
7685,374.1228480447745
7686,374.1228480447745
7687,397.8866592608
7688,398.34488101997164
7689,387.4550863501211
7690,373.6849636543578
7691,383.4357387298709
7692,383.4357387298709
7693,372.44834888593454
7694,391.3265588592024
7695,374.57701715882814
7696,382.2706876126013
7697,392.1728877698484
7698,435.4962029749873
7699,468.1204459429199
7700,479.08531391961924
7701,488.9938697813962
7702,489.0342854536622
7703,510.73274802299005
7704,510.694467302916
7705,510.88459764981906
7706,511.9109119129146
7707,511.9058191385358
7708,543.8626369507074
7709,568.5550845684631
7710,590.0655936187528
7711,620.7062524810598
7712,650.7180836452126
7713,652.6542666460942
7714,643.7087996210926
7715,673.7006206363419
7716,651.0937547717845
7717,651.4715744589552
7718,619.3272286254613
7719,619.520730398511
7720,622.5172960190306
7721,622.5172960190306
7722,612.5809849612882
7723,606.6300944614128
7724,638.792369346668
7725,638.7959783256222
7726,620.0722628027443
7727,630.7414405872253
7728,630.7414405872253
7729,620.4236204734697
7730,631.4414107713213
7731,642.3691880888459
7732,632.5153222387245
7733,629.0886615808047
7734,640.947406071165
7735,652.124826153022
7736,629.5877889240076
7737,606.3290510528795
7738,617.0413796205511
7739,638.6941025044073
7740,650.0884337064438
7741,631.4672547790218
7742,631.08539959551
7743,628.0945496187927
7744,617.4282140037825
7745,595.9378601891096
7746,574.9670461140911
7747,574.6426936098281
7748,585.3986624357872
7749,571.4282071308577
7750,581.5692746759465
7751,592.5478802316176
7752,584.3677216844645
7753,616.4046088498261
7754,605.5334166202467
7755,627.2482857412451
7756,627.2323740269815
7757,616.4575096444997
7758,637.3462261959035
7759,634.3462261959035
7760,612.6047294743869
7761,612.3972125351357
7762,622.3973519394805
7763,643.1544425980444
7764,621.909050394435
7765,643.8096543858414
7766,611.7573143572224
7767,613.7463780485168
7768,616.9108992054123
7769,616.9108992054123
7770,628.0599200604245
7771,638.3389878282401
7772,638.3389878282401
7773,649.2829876402694
7774,681.5750900166869
7775,689.0992419722343
7776,700.0822544537442
7777,649.5121108772652
7778,638.5511790190208
7779,630.4893692607408
7780,638.4612924222687
7781,630.5390667670727
7782,605.2225656612069
7783,594.4236336183266
7784,605.6445300138093
7785,616.6496316617684
7786,627.5971375691317
7787,650.9855155926929
7788,646.617889493022
7789,763.264975745241
7790,773.8817506330497
7791,784.8142262937287
7792,788.3557417543179
7793,778.1788436846798
7794,767.6666946980516
7795,643.343505839299
7796,689.7907401298437
7797,697.6527925621759
7798,720.8511225110603
7799,720.3448054854799
7800,720.6203073324449
7801,725.4873210307426
7802,725.5932858769129
7803,736.4561286937096
7804,747.7982921162532
7805,747.7898056869384
7806,769.1709855944874
7807,779.9246954023922
7808,769.0251523785345
7809,746.7792874363679
7810,756.934233444919
7811,744.9720552613766
7812,758.8559757807533
7813,780.5219729981517
7814,758.8840597827162
7815,877.073294612081
7816,849.5175229179874
7817,852.7571810725632
7818,734.2002039920876
7819,766.6316805095056
7820,766.6316805095056
7821,775.8153332249553
7822,764.8026226963275
7823,775.4714358927865
7824,756.5401893041799
7825,769.6443949316866
7826,782.0474211416063
7827,771.4428369241014
7828,792.38053010988
7829,774.419344992514
7830,808.8552412357446
7831,788.761953300926
7832,812.3369446982719
7833,798.8737660383788
7834,810.1062847197115
7835,810.1062847197115
7836,823.1227834653274
7837,792.6209256925584
7838,754.3618843208038
7839,868.5158170593916
7840,849.9258539488932
7841,849.9494721680685
7842,858.0013776623479
7843,968.8800537608353
7844,968.8628236600799
7845,857.7314604190274
7846,813.7960348729184
7847,726.9208079208653
7848,715.9108791245332
7849,714.6897253822225
7850,694.5087130415488
7851,707.4024431870381
7852,719.8105803589408
7853,750.0380423882615
7854,746.2338712307992
7855,730.1810585715117
7856,709.1954621276387
7857,720.0225857474364
7858,710.119075882422
7859,718.0833765763731
7860,729.4921857185602
7861,751.1788937934709
7862,729.4828925515269
7863,750.6369531745715
7864,764.4975129725603
7865,775.2188919823581
7866,786.3166322180169
7867,764.8374923041366
7868,765.2308854340375
7869,770.9796153338792
7870,760.9434509259561
7871,763.8467331685852
7872,753.8400001798407
7873,775.3984762689062
7874,817.8003291956641
7875,817.8424838879018
7876,828.4859655783032
7877,976.143188802032
7878,976.180179654518
7879,997.8181635704932
7880,972.8745557934687
7881,962.0511322324513
7882,951.3393019089674
7883,972.4221815991475
7884,972.6674723042454
7885,994.3582483217207
7886,1048.2679721066936
7887,1051.1102121479255
7888,1050.8148009299043
7889,1018.2337174718919
7890,894.1254670742892
7891,842.7081008363522
7892,869.3531264641761
7893,861.4240574711429
7894,852.6278201862903
7895,830.8238729309154
7896,821.7698677878099
7897,803.6200644951757
7898,793.1472806928601
7899,782.2316006645102
7900,774.5203177437488
7901,795.8552244853445
7902,806.3505030497547
7903,831.040927208797
7904,873.1177380589177
7905,883.175532098584
7906,865.234835267388
7907,874.1710188327346
7908,883.9097614386807
7909,885.3342747719743
7910,875.4645225023652
7911,867.7798402012393
7912,864.5776389191997
7913,867.4933532819575
7914,899.8491788776265
7915,888.7950586490421
7916,888.7334822621702
7917,937.7523935518965
7918,937.6796703919606
7919,948.1797121815381
7920,922.5009585052275
7921,916.8148756743154
7922,917.3076537113377
7923,903.6365382206943
7924,998.0713747470985
7925,1032.627644367747
7926,1041.8533063362318
7927,1041.2588477776292
7928,1062.7927168781275
7929,960.871866357856
7930,942.1735008558885
7931,974.3978035706504
7932,1090.783446340931
7933,1101.1014869440194
7934,1076.3128941406574
7935,946.127513235168
7936,928.0715026589864
7937,933.094585907829
7938,927.8934565811735
7939,906.0918936242188
7940,874.6381554469873
7941,988.8302489088661
7942,1095.5534796808379
7943,994.5048991847679
7944,1016.1022058034113
7945,1030.9091977899216
7946,920.9944116696199
7947,956.3562156348253
7948,956.3562156348253
7949,1021.1481991511714
7950,1021.2645026307657
7951,1009.4291981390089
7952,1055.2750121995066
7953,992.3002295898187
7954,992.1007471780838
7955,992.1007471780838
7956,992.1125998573472
7957,1002.0628156948205
7958,1045.6684453553805
7959,1016.7925017496344
7960,1039.007306804873
7961,1087.831274620522
7962,1115.9712071608542
7963,1097.813045403578
7964,1057.4664743107205
7965,1048.4689137655841
7966,1048.4689137655841
7967,1034.2495259147609
7968,1023.4322886202034
7969,991.9745561313172
7970,1013.1544631423781
7971,1032.1136289590186
7972,1027.9669499832864
7973,1038.5991795225661
7974,1038.3900964328313
7975,1071.9159750394188
7976,1125.9307507161334
7977,1079.2844188452143
7978,1090.1138808744436
7979,1076.505929083879
7980,1190.5538532433711
7981,1161.5750211183945
7982,1118.781624851809
7983,1040.110377829362
7984,1040.0907032427717
7985,1061.9119549512814
7986,1116.9698017221183
7987,1150.1802000736304
7988,1248.9101602291023
7989,1259.8701360012853
7990,1367.8403161305587
7991,1383.1492888967705
7992,1361.3429697379026
7993,1308.3241133958195
7994,1290.7707645608502
7995,1302.739532045749
7996,1318.6562099375774
7997,1329.0153210636176
7998,1341.6113472614763
7999,1301.9930211295487
8000,1315.619000894504
8001,1340.3195337190912
8002,1343.9561848407127
8003,1300.4147970100973
8004,1286.8044260732563
8005,1265.0605677250555
8006,1264.7897696510076
8007,1313.4109143256017
8008,1316.4913345857497
8009,1308.6111861961124
8010,1308.6681294956447
8011,1314.8962236131156
8012,1296.4193436218575
8013,1282.559236535456
8014,1214.0677571573722
8015,1242.4247102696268
8016,1224.5034299276049
8017,1186.7044893667792
8018,1181.4839199720034
8019,1291.8569830600024
8020,1258.3777773491602
8021,1219.6636701498196
8022,1206.8364980655012
8023,1089.1442686273356
8024,1053.4652328932962
8025,1045.7975909520308
8026,1070.451223261688
8027,1191.0938694411366
8028,1185.4251951906144
8029,1174.8270161259436
8030,1164.2298440450347
8031,1196.7559804317511
8032,1164.242958266983
8033,1111.155145765434
8034,1122.0390254028614
8035,1021.6660669719365
8036,1021.9083589952015
8037,1084.96576162464
8038,1101.5381212428047
8039,1238.990937040853
8040,1236.221873519084
8041,1236.0983455791015
8042,1221.3905681233755
8043,1324.158918075983
8044,1302.936866725321
8045,1313.8967549908616
8046,1325.0353982651054
8047,1314.1230641188743
8048,1231.8837096036668
8049,1202.1451700187786
8050,1319.1432858402181
8051,1294.4475572910267
8052,1329.8888405395587
8053,1310.6438772742229
8054,1439.830890799098
8055,1419.2365150596706
8056,1429.5881267028692
8057,1077.924189987779
8058,1088.4328961885044
8059,1110.0783127409873
8060,1107.167487470644
8061,1085.5528913972216
8062,1081.128174724903
8063,1083.6117748289012
8064,1081.4925140370624
8065,1138.60370188121
8066,1165.9723280128155
8067,1144.481686595765
8068,1114.862095178152
8069,1117.661424102546
8070,1128.8331558492132
8071,1150.3330327837018
8072,1184.3441790958625
8073,1261.9057558736474
8074,1294.443423504292
8075,1283.671366456987
8076,1138.703504952061
8077,1181.2259527909227
8078,1188.998319657663
8079,1208.5016223755892
8080,1197.7610677612552
8081,1208.7320429583772
8082,1246.9169452952524
8083,1228.2586387630233
8084,1178.37443232989
8085,1248.811662747347
8086,1242.036299228195
8087,1227.5704397151574
8088,1213.8405726354179
8089,1121.7157188047106
8090,1148.9873053541282
8091,1127.748624402214
8092,1149.7503822514682
8093,1166.7759514576446
8094,1198.1896012705108
8095,1164.9950285948646
8096,1189.8405750508862
8097,1200.5672223130396
8098,1219.093453005291
8099,1253.8562667465612
8100,1232.2946766068212
8101,1220.9178232783797
8102,1361.2730469745427
8103,1410.423130043711
8104,1392.0911029687775
8105,1277.2425652404074
8106,1244.918860846402
8107,1215.1374038364468
8108,1225.9260432371805
8109,1215.0182229143013
8110,1215.7186374470934
8111,1215.3217286601864
8112,1229.0228774485852
8113,1280.9744155323726
8114,1413.2848122365554
8115,1415.1285612383836
8116,1428.9192091363757
8117,1321.354393790011
8118,1343.1394890190197
8119,1333.209720394547
8120,1332.3363117674076
8121,1443.4233439364039
8122,1443.5567893589546
8123,1467.6956277269987
8124,1610.678855385478
8125,1497.1023778621884
8126,1523.7889888094385
8127,1520.1528394559832
8128,1550.2319292746874
8129,1432.0145490742298
8130,1423.1617600010754
8131,1402.4149464852599
8132,1424.083639293201
8133,1448.9981254643635
8134,1438.0609136185913
8135,1459.8749892887
8136,1470.6137167175743
8137,1461.4818162261972
8138,1439.837321835158
8139,1420.9859502711915
8140,1435.1947969576577
8141,1511.764995440672
8142,1457.411253516886
8143,1641.5705827357613
8144,1490.0438384171664
8145,1503.615848827294
8146,1423.6542567200104
8147,1431.2590041180686
8148,1445.1015450461687
8149,1458.3841377343065
8150,1439.610805837591
8151,1341.3862642643605
8152,1330.2956214316066
8153,1322.4248701049762
8154,1321.976545496242
8155,1317.0023460965067
8156,1451.3065568850257
8157,1501.484212630831
8158,1458.7189848178034
8159,1515.1873045262957
8160,1375.0982991309302
8161,1364.23314240435
8162,1375.4314648896752
8163,1375.1494562658659
8164,1324.7471238523906
8165,1364.9532035155191
8166,1346.4186339962466
8167,1360.3772455786864
8168,1360.7379161223992
8169,1454.7377672605298
8170,1452.7068758600703
8171,1477.4942430817896
8172,1406.2426174158147
8173,1405.5015379721583
8174,1384.5025218159299
8175,1376.6073560376947
8176,1602.0450698690904
8177,1577.45731523796
8178,1601.357976714653
8179,1614.98796112216
8180,1589.095378823433
8181,1506.0594105011362
8182,1471.4907832079596
8183,1492.0999558277206
8184,1478.3361321490702
8185,1524.6045892237896
8186,1404.090138984214
8187,1505.9686274814107
8188,1494.2521574766215
8189,1373.3710731958067
8190,1395.2725471558763
8191,1406.9040015221076
8192,1359.0404956865123
8193,1350.9371581771854
8194,1340.3642334002338
8195,1377.7766920615331
8196,1410.409145399483
8197,1421.032823985611
8198,1438.0191322368794
8199,1443.5118198381506
8200,1421.6622787110196
8201,1389.073623578753
8202,1364.9336544103576
8203,1342.9879900199971
8204,1354.7523060727729
8205,1354.5959387102407
8206,1336.3843157080325
8207,1366.1665901761205
8208,1363.9788488631839
8209,1366.9604040154047
8210,1327.0771879304243
8211,1334.9547859874633
8212,1340.459764896411
8213,1354.0810754613713
8214,1359.556002614386
8215,1341.7502687895426
8216,1323.6821427384373
8217,1242.6988928536127
8218,1248.718627056823
8219,1280.4578998611478
8220,1254.880317777013
8221,1279.6969747123067
8222,1266.7073785430787
8223,1204.9452283629937
8224,1229.2173424090001
8225,1283.7026173981303
8226,1276.1225274786816
8227,1257.444013168066
8228,1383.1929278233524
8229,1465.9604999697744
8230,1469.1479545688621
8231,1380.0870577707562
8232,1383.0210912670943
8233,1448.806761069845
8234,1451.9123792341777
8235,1324.3202562004997
8236,1342.5959653056254
8237,1338.9918878657097
8238,1343.7981042566203
8239,1359.60647266857
8240,1457.1810969266357
8241,1490.8160603623933
8242,1501.8837974721569
8243,1483.0550890846275
8244,1496.9714908099152
8245,1376.3590038688753
8246,1404.0402914865685
8247,1374.9765934994912
8248,1380.9305211279363
8249,1395.2838747779833
8250,1435.9589627798991
8251,1408.9081996896944
8252,1516.1735154190633
8253,1495.623375720635
8254,1510.4332500064954
8255,1507.4334434312514
8256,1638.8509565603638
8257,1662.8335886986754
8258,1572.4076751302935
8259,1605.605783999662
8260,1594.7385009232044
8261,1499.0903003591625
8262,1506.9916383662817
8263,1493.883662323069
8264,1492.151985090541
8265,1485.8704462201467
8266,1520.2304031938183
8267,1537.4000504621158
8268,1584.6166099439165
8269,1775.9794577180164
8270,1828.7925291647198
8271,1865.9224153557057
8272,1764.356495102536
8273,1769.867344625015
8274,1879.2902097576539
8275,1850.6945903983578
8276,1866.0823987113597
8277,1805.0831264948706
8278,1819.7265488727671
8279,1698.7000507673847
8280,1783.5245755597186
8281,1734.9796488290206
8282,1711.8407621053657
8283,1709.74095379937
8284,1690.8222197593643
8285,1671.940531719575
8286,1579.1148533574487
8287,1572.036181360939
8288,1541.138598201978
8289,1545.392525883018
8290,1546.2655383250642
8291,1560.1886287831815
8292,1577.0500157652925
8293,1579.0296531111169
8294,1611.3353467959973
8295,1597.663641535693
8296,1556.9119671878746
8297,1533.1407598151877
8298,1542.6072523453429
8299,1548.4831932492875
8300,1535.7495191501034
8301,1521.8376835973274
8302,1524.7871729310393
8303,1522.1620749097594
8304,1493.002138183628
8305,1445.21193287491
8306,1462.3662537518483
8307,1448.486506764723
8308,1437.0634641810548
8309,1433.2407804749312
8310,1419.3620321653761
8311,1399.4788624255905
8312,1398.31790342875
8313,1426.033989586057
8314,1420.279470183209
8315,1451.3903080178957
8316,1459.3173232574138
8317,1457.3453028355345
8318,1458.3307939003905
8319,1444.4244978765598
8320,1421.5021276802445
8321,1405.0749741604222
8322,1418.957672601369
8323,1408.098765762362
8324,1416.9932384975257
8325,1416.9649414618018
8326,1430.968429724893
8327,1417.349800614478
8328,1424.1194089626638
8329,1445.9002814326445
8330,1456.822379998327
8331,1432.0121709129708
8332,1445.8555477390046
8333,1442.8334447492634
8334,1456.4413211157967
8335,1436.5478000530031
8336,1439.5418549085773
8337,1434.5104297936523
8338,1417.3992166041141
8339,1441.8929648176952
8340,1452.8920968700238
8341,1457.8773475923053
8342,1451.5035525177502
8343,1457.7115018952877
8344,1454.5560243733798
8345,1566.3795986687214
8346,1618.7907978013388
8347,1621.7910625654422
8348,1610.7752845668956
8349,1621.7914188935315
8350,1603.1123444133239
8351,1608.8434530413044
8352,1619.3192779804342
8353,1611.8994154913098
8354,1585.053286420071
8355,1553.2580681143725
8356,1552.9869068465948
8357,1553.001013016142
8358,1441.2259665554343
8359,1543.4957989894738
8360,1564.739550376286
8361,1584.5924296087428
8362,1544.5066509459293
8363,1568.5168216713814
8364,1532.800866685723
8365,1528.3335808290037
8366,1525.4244063233277
8367,1401.487847805513
8368,1389.5300670281852
8369,1398.7752151556713
8370,1412.6410773851617
8371,1385.8740255162124
8372,1378.2122892913212
8373,1378.2433883894305
8374,1396.6296832079877
8375,1379.6723983367426
8376,1388.6118754608767
8377,1378.050785315372
8378,1349.0383550573274
8379,1336.5161599752712
8380,1342.489300851955
8381,1339.8596956494837
8382,1326.2718579805783
8383,1441.4087537791831
8384,1432.4380565370172
8385,1435.2393053722637
8386,1432.4061123889396
8387,1399.659310966848
8388,1388.7735092151574
8389,1285.4351683472305
8390,1290.2494236779462
8391,1296.2198346011148
8392,1312.9381283296336
8393,1307.0505489250472
8394,1307.0532464107978
8395,1292.9423845102074
8396,1306.631612391634
8397,1303.3780478094125
8398,1415.1325848990423
8399,1425.7880846663418
8400,1288.4969570431188
8401,1268.7332508311433
8402,1235.74168383932
8403,1235.7437146311245
8404,1262.473762206821
8405,1248.5091903614473
8406,1256.5869592087236
8407,1254.5333862728482
8408,1265.5043025889438
8409,1278.8851436756256
8410,1275.6869071415508
8411,1274.9140538007384
8412,1291.1114848002544
8413,1306.6728102232348
8414,1270.1238196957488
8415,1272.1349966357855
8416,1286.1520509808304
8417,1280.873226776629
8418,1272.0262620616554
8419,1285.7235555238922
8420,1249.9114744892752
8421,1252.89948828316
8422,1242.4628537833028
8423,1242.563745578168
8424,1243.6919978188446
8425,1240.7185666575435
8426,1237.7889127491958
8427,1234.942988746997
8428,1250.0208207461262
8429,1257.7375577739938
8430,1265.7456272872942
8431,1262.7544019662596
8432,1287.5140462661927
8433,1287.488042079609
8434,1273.837127106204
8435,1265.6111371003358
8436,1267.453266736281
8437,1246.627281889614
8438,1238.493854902301
8439,1202.7694042068806
8440,1227.477270260697
8441,1244.4641102176813
8442,1219.6110914803505
8443,1208.805411044127
8444,1210.7430819208682
8445,1213.9393804669267
8446,1189.4006870139256
8447,1172.894154698123
8448,1176.7752046310513
8449,1212.1587222096919
8450,1170.8101591066236
8451,1184.7848769488517
8452,1184.823643696086
8453,1184.8115100889927
8454,1157.1993353968599
8455,1157.1082643302077
8456,1127.469573694835
8457,1118.524003963525
8458,1149.1204000590183
8459,1127.367236243946
8460,1125.3359132172238
8461,1118.520796972639
8462,1112.5538542328777
8463,1120.522551621726
8464,1136.2346997925924
8465,1148.0239003968854
8466,1151.0060221859187
8467,1154.010051250702
8468,1153.3349372269383
8469,1145.7809438087286
8470,1162.6068890246597
8471,1160.7478179047705
8472,1152.2825686468243
8473,1255.6052490299767
8474,1255.6052490299767
8475,1249.6418491357258
8476,1249.6363748064737
8477,1263.2583675831677
8478,1241.8263638268336
8479,1196.619058791859
8480,1189.126114024108
8481,1189.1840696665222
8482,1055.2878585049968
8483,1052.2881808431287
8484,1054.8886002816594
8485,1045.7837000753266
8486,1036.7441311187247
8487,1044.6107343511171
8488,1041.612688061594
8489,1035.6414607536399
8490,1024.559687646164
8491,1010.4548314723629
8492,993.6011804923286
8493,991.4821270427854
8494,980.8096995691014
8495,983.8096995691014
8496,974.824887351407
8497,980.8474352865106
8498,980.3096798408537
8499,961.1907890917089
8500,978.0650925300395
8501,1007.4619422308406
8502,996.7115040794315
8503,1007.7151950051197
8504,997.162657054357
8505,1003.0944490944054
8506,988.1783092802408
8507,988.1870283778776
8508,999.1446096547147
8509,996.1558147451246
8510,993.3971577313359
8511,999.3529260375517
8512,1007.3338428436589
8513,1118.443831800561
8514,1002.2855665758955
8515,1002.2855665758955
8516,994.301236633286
8517,1022.253541118251
8518,1016.0472375147651
8519,1015.1142182264256
8520,1003.2186078205668
8521,991.2543546706991
8522,987.4807781192901
8523,985.5709676426659
8524,982.4482954949453
8525,966.4543896199752
8526,966.2911669363998
8527,974.4083717429339
8528,977.4357333832631
8529,974.4078678128524
8530,971.426691724351
8531,966.58397744876
8532,977.7570695292903
8533,952.7301622379945
8534,928.3290653018104
8535,916.5250344920686
8536,905.6094324170234
8537,902.6241304729004
8538,905.3096518448534
8539,902.3258873021181
8540,913.261419844602
8541,899.3865266501809
8542,899.4011151358393
8543,885.4567096227632
8544,879.4639684831602
8545,873.4892658780561
8546,900.0349877242791
8547,894.0518344086295
8548,891.3607199337503
8549,894.327020991464
8550,883.9199895550057
8551,900.9239000830289
8552,903.9083063447463
8553,886.9822741807437
8554,895.0753897880112
8555,895.0898915447059
8556,895.0467492931507
8557,892.1798182874337
8558,895.1798182874337
8559,886.2085644850395
8560,871.2865080955537
8561,876.2691199110253
8562,865.3299564882491
8563,881.1780330415289
8564,905.2127092097705
8565,885.2970326785537
8566,882.2704058506058
8567,879.4629655213628
8568,893.4098857958616
8569,885.1375818007898
8570,852.3517569583012
8571,852.3657351330701
8572,862.9560727231078
8573,978.9643666632736
8574,972.9818747779406
8575,984.1107146264729
8576,868.6086217326728
8577,851.7441371375846
8578,865.5063359154306
8579,868.4301978931614
8580,873.9759709696418
8581,869.4118582713327
8582,851.8792246106825
8583,839.502270815337
8584,833.516835851051
8585,822.9394335049446
8586,819.959996823432
8587,806.2436891499037
8588,800.2604509088844
8589,789.4298048453974
8590,791.4529680308937
8591,788.4944372473979
8592,793.5226287396575
8593,804.0628031953486
8594,796.1618509448947
8595,785.2613875415395
8596,796.2857519437488
8597,793.2880804841052
8598,799.2880804841052
8599,802.2880804841052
8600,802.1261128227354
8601,807.185618986123
8602,814.9005588488885
8603,808.7154000491287
8604,769.9445511770971
8605,765.0001638865715
8606,759.0389325627789
8607,742.3062730256559
8608,756.3062730256559
8609,739.5157574154572
8610,740.9505901614914
8611,748.8527566068266
8612,748.8835481254567
8613,826.2018278307839
8614,823.2072742518982
8615,817.2288022134
8616,711.9350173801272
8617,684.2967722916678
8618,673.5497103861002
8619,673.6170063081
8620,673.6170063081
8621,695.4471801377033
8622,695.4471801377033
8623,681.8430901352841
8624,689.8970720142854
8625,689.8984642100166
8626,676.080527525197
8627,669.3523834285428
8628,683.3814840316714
8629,677.40528603776
8630,680.40528603776
8631,677.511316119585
8632,669.7079838155047
8633,645.8034868200615
8634,645.8088480779625
8635,639.8877128680142
8636,623.2167315262711
8637,613.0
8638,624.0
8639,20.0
