,0
0,0.0
1,0.0
2,0.0
3,0.0
4,0.0
5,0.0
6,0.0
7,0.6379225070914346
8,0.6379225070914346
9,0.6379225070914346
10,0.6737900519892428
11,0.6737900519892428
12,0.6737900519892428
13,0.7011003937561296
14,0.7011003937561296
15,0.7011003937561296
16,0.7011003937561296
17,0.7011003937561296
18,0.7011003937561296
19,0.7011003937561296
20,0.7011003937561296
21,0.7011003937561296
22,0.7554213430505758
23,1.1177556853187358
24,1.1376090566531285
25,1.1376090566531285
26,1.1376090566531285
27,1.1376090566531285
28,1.1376090566531285
29,1.1376090566531285
30,1.1376090566531285
31,1.7077275192873236
32,1.9649983201799337
33,1.9649983201799337
34,1.9649983201799337
35,1.9649983201799337
36,1.9649983201799337
37,1.9649983201799337
38,1.9649983201799337
39,1.9649983201799337
40,2.0864740318126302
41,2.0864740318126302
42,2.3882368503371767
43,2.3882368503371767
44,2.3882368503371767
45,2.3882368503371767
46,2.3882368503371767
47,2.9638414058673828
48,2.9638414058673828
49,2.9638414058673828
50,2.9638414058673828
51,2.9638414058673828
52,3.279939882261167
53,2.6420173751697322
54,2.6420173751697322
55,2.6420173751697322
56,2.7401666984534288
57,2.7401666984534288
58,2.7401666984534288
59,2.7401666984534288
60,12.184107113343307
61,13.366020140647553
62,13.366020140647553
63,13.366020140647553
64,14.044840249790303
65,14.044840249790303
66,14.044840249790303
67,18.815524521075094
68,19.847227858700535
69,19.847227858700535
70,19.847227858700535
71,19.847227858700535
72,19.847227858700535
73,19.847227858700535
74,20.440275909666823
75,22.64540102002657
76,22.64540102002657
77,22.64540102002657
78,22.64540102002657
79,22.64540102002657
80,23.723851223444846
81,23.723851223444846
82,23.723851223444846
83,25.008713747597593
84,25.577804016036644
85,25.577804016036644
86,26.402014330099444
87,27.560080830389126
88,22.789396559104336
89,22.789396559104336
90,22.789396559104336
91,22.789396559104336
92,23.336044818868668
93,16.43513912428196
94,16.43513912428196
95,16.43513912428196
96,16.759232955735687
97,16.759232955735687
98,17.499864988658626
99,18.105966489941338
100,18.105966489941338
101,21.10596648994133
102,21.10596648994133
103,21.10596648994133
104,22.370668277452374
105,22.370668277452374
106,22.370668277452374
107,22.370668277452374
108,22.370668277452374
109,22.561340033587335
110,22.561340033587335
111,22.561340033587335
112,22.798272454524607
113,22.925063749891052
114,22.925063749891052
115,23.6500933218391
116,23.933604862921257
117,20.933604862921257
118,22.19489232008396
119,23.508286973116164
120,23.508286973116164
121,23.508286973116164
122,23.508286973116164
123,24.562214585062847
124,26.345603216425268
125,27.909122843542228
126,27.909122843542228
127,27.909122843542228
128,27.909122843542228
129,29.194406331635708
130,29.194406331635708
131,29.194406331635708
132,29.41141597563846
133,29.570752529290544
134,29.570752529290544
135,28.164789855391803
136,28.46329403139462
137,28.46329403139462
138,28.46329403139462
139,30.52494506390069
140,30.52494506390069
141,30.52494506390069
142,31.917961628772897
143,33.723542568184996
144,33.723542568184996
145,34.00982440112619
146,34.909428755282285
147,36.0674252242097
148,36.0674252242097
149,36.0674252242097
150,36.91042998728228
151,38.59198784689179
152,38.59198784689179
153,39.73393028621705
154,39.73393028621705
155,39.73393028621705
156,39.73393028621705
157,39.73393028621705
158,39.73393028621705
159,39.73393028621705
160,39.73393028621705
161,41.8206306868203
162,43.749713560537636
163,43.941862996337676
164,43.941862996337676
165,44.953404760592974
166,44.953404760592974
167,44.953404760592974
168,50.74934024106837
169,52.28589108725557
170,53.97758023070326
171,53.97758023070326
172,55.295835987105924
173,55.295835987105924
174,55.295835987105924
175,55.295835987105924
176,55.295835987105924
177,55.934119803685434
178,56.780688694826026
179,57.23201494500813
180,58.952573563172436
181,59.742557023756035
182,59.742557023756035
183,59.742557023756035
184,59.742557023756035
185,61.15135970346837
186,62.24373252616784
187,62.24373252616784
188,62.24373252616784
189,64.17556456220164
190,65.12984923540142
191,65.12984923540142
192,72.62571740462387
193,73.93260507973706
194,73.93260507973706
195,74.97801162705335
196,74.97801162705335
197,76.10197407269976
198,76.57993100203721
199,76.57993100203721
200,76.57993100203721
201,76.57993100203721
202,76.57993100203721
203,76.85246974565138
204,77.39269952411802
205,78.51296738302257
206,79.78986006424246
207,79.78986006424246
208,81.67878373880347
209,80.19118129171656
210,88.95754864032438
211,91.40854808616692
212,92.44965167050226
213,92.44965167050226
214,92.55822923838917
215,92.80608615799858
216,92.80608615799858
217,92.80608615799858
218,93.96514170440011
219,94.70908171160984
220,97.44832592180619
221,97.44832592180619
222,97.01285859320001
223,96.78840019745525
224,97.98659442502439
225,97.98659442502439
226,97.98659442502439
227,98.34235313534836
228,99.46057933094035
229,100.88022793372082
230,95.08429245324544
231,95.08429245324544
232,95.08429245324544
233,95.08429245324544
234,96.67440719282351
235,98.0359129124155
236,98.0359129124155
237,98.0359129124155
238,98.88183937984714
239,98.88183937984714
240,98.88183937984714
241,100.40022553401869
242,91.63385818541087
243,92.9202023984498
244,94.87454416889729
245,96.1752171589241
246,97.32784692714468
247,99.47800259439676
248,99.47800259439676
249,101.40489719214678
250,101.40489719214678
251,101.40489719214678
252,101.40489719214678
253,103.13409782242094
254,103.13409782242094
255,104.44158514135212
256,100.26881363469279
257,100.26881363469279
258,98.94688861999927
259,98.94688861999927
260,98.94688861999927
261,99.79058493952328
262,101.44554796412501
263,102.89157979627895
264,102.89157979627895
265,104.76000423544114
266,108.95715867938794
267,108.95715867938794
268,107.77524565208371
269,110.24845585853002
270,113.00517206644248
271,113.00517206644248
272,114.13195790650506
273,112.79173462241575
274,117.83193735040706
275,115.4104444664768
276,115.77153606991118
277,115.77153606991118
278,117.55407216544089
279,117.55407216544089
280,123.95694047131903
281,123.21300046410929
282,126.34521565273542
283,133.56407789218227
284,140.33540206973973
285,142.37286873999722
286,145.03986163924122
287,149.49287854335043
288,149.61425394401536
289,147.1879163382111
290,148.51848537277976
291,148.51848537277976
292,150.80056417713004
293,153.41790803484272
294,158.66335976682043
295,158.66335976682043
296,158.66335976682043
297,158.66335976682043
298,160.51023272096936
299,160.51023272096936
300,160.51023272096936
301,160.9365754915346
302,163.9365754915346
303,163.74590373539965
304,160.1131174880115
305,160.66165900967226
306,160.02337519309273
307,161.83266457812056
308,162.37495083605012
309,162.37495083605012
310,162.37495083605012
311,162.37495083605012
312,165.80287891836255
313,165.80287891836255
314,165.80287891836255
315,165.80287891836255
316,168.46328037202105
317,168.46328037202105
318,168.36513104873734
319,169.01557172319758
320,174.78322489064527
321,174.78322489064527
322,180.3025500453242
323,180.3025500453242
324,179.94021570305605
325,179.94021570305605
326,179.94021570305605
327,179.94021570305605
328,181.68748793764692
329,183.33237654295263
330,183.19400222583292
331,189.02709358111528
332,191.41427769081307
333,192.49039688709152
334,192.49039688709152
335,192.49039688709152
336,192.49039688709152
337,192.49039688709152
338,195.82484371143505
339,195.82484371143505
340,198.36332341856792
341,200.86408361387788
342,204.1973851179582
343,204.1973851179582
344,204.1973851179582
345,204.1973851179582
346,205.2041394332574
347,205.2041394332574
348,205.5481693627544
349,205.5481693627544
350,208.5481693627544
351,210.74565321607844
352,210.74565321607844
353,211.9372402108929
354,211.9372402108929
355,215.1626951482328
356,215.677569397001
357,217.87088911827752
358,217.87088911827752
359,228.93069017641076
360,236.44165236965569
361,240.9058436271398
362,240.9058436271398
363,240.9058436271398
364,233.65310366907696
365,233.65310366907696
366,233.65310366907696
367,230.65310366907696
368,230.65310366907696
369,230.65310366907696
370,230.65310366907696
371,237.26332148794162
372,240.87773193080665
373,241.37153574354355
374,249.29488697132012
375,249.29488697132012
376,249.98570243169385
377,252.7260684250388
378,252.7260684250388
379,258.3852157956507
380,258.3852157956507
381,258.3852157956507
382,258.3852157956507
383,258.3852157956507
384,258.61050983572113
385,263.84184711213885
386,261.4387032635993
387,261.4387032635993
388,261.4387032635993
389,261.1757471874119
390,258.97826333408784
391,258.97826333408784
392,256.42409859162
393,256.3027231909551
394,256.3027231909551
395,255.8648414111694
396,255.8648414111694
397,252.40308578561098
398,250.51416211104998
399,250.51416211104998
400,250.51416211104998
401,247.7912119433427
402,264.716677309605
403,276.41789998192326
404,276.41789998192326
405,276.41789998192326
406,275.88828658651215
407,279.03008210766455
408,279.03008210766455
409,290.0300821076646
410,290.0300821076646
411,288.04258631891753
412,297.7711485380395
413,297.7711485380395
414,297.7711485380395
415,297.7711485380395
416,294.7711485380395
417,294.7711485380395
418,305.7711485380395
419,304.97198610157847
420,0.0
421,0.0
422,0.0
423,0.0
424,0.0
425,0.0
426,0.0
427,0.0
428,0.0
429,0.0
430,0.0
431,0.0
432,0.0
433,0.0
434,0.0
435,0.0
436,0.0
437,0.0
438,0.0
439,0.0
440,0.0
441,0.0
442,0.0
443,0.0
444,0.0
445,0.0
446,0.0
447,0.0
448,0.0
449,0.0
450,0.0
451,0.0
452,0.0
453,0.0
454,0.0
455,0.0
456,0.0
457,0.0
458,0.0
459,0.0
460,0.0
461,0.0
462,0.0
463,0.0
464,0.0
465,0.0
466,0.0
467,0.0
468,0.0
469,0.0
470,0.0
471,0.0
472,0.0
473,0.0
474,0.0
475,0.0
476,0.0
477,0.0
478,0.0
479,0.0
480,0.0
481,0.0
482,0.0
483,0.0
484,0.0
485,0.0
486,0.0
487,0.0
488,0.0
489,0.0
490,0.0
491,0.0
492,0.0
493,0.0
494,0.0
495,0.0
496,0.0
497,0.0
498,0.0
499,0.0
500,0.0
501,0.0
502,0.0
503,0.0
504,0.0
505,0.0
506,0.0
507,0.0
508,0.0
509,0.0
510,0.0
511,0.0
512,0.0
513,0.0
514,0.0
515,0.0
516,0.0
517,0.0
518,0.0
519,0.0
520,0.0
521,0.0
522,0.0
523,0.0
524,0.0
525,0.0
526,0.0
527,0.0
528,0.0
529,0.0
530,0.0
531,0.0
532,0.0
533,0.0
534,0.0
535,0.0
536,0.0
537,0.0
538,0.0
539,0.0
540,0.0
541,0.0
542,0.0
543,0.0
544,0.0
545,0.0
546,0.0
547,0.0
548,0.0
549,0.0
550,0.0
551,0.0
552,0.0
553,0.0
554,0.0
555,0.0
556,0.0
557,0.0
558,0.0
559,0.0
560,0.0
561,0.0
562,0.0
563,0.0
564,0.0
565,0.0
566,0.0
567,0.0
568,0.0
569,0.0
570,0.0
571,0.0
572,0.0
573,0.0
574,0.0
575,0.0
576,0.0
577,0.0
578,0.0
579,0.0
580,0.0
581,0.0
582,0.0
583,0.0
584,0.0
585,0.0
586,0.0
587,0.0
588,0.0
589,0.0
590,0.0
591,0.0
592,0.0
593,0.0
594,0.0
595,0.0
596,0.0
597,0.0
598,0.0
599,0.0
600,0.0
601,0.0
602,0.0
603,0.0
604,0.0
605,0.0
606,0.0
607,0.0
608,0.0
609,0.0
610,0.0
611,0.0
612,0.0
613,0.0
614,0.0
615,0.0
616,0.0
617,0.0
618,0.0
619,0.0
620,0.0
621,0.0
622,0.0
623,0.0
624,0.0
625,0.0
626,0.0
627,0.0
628,0.0
629,0.0
630,0.0
631,0.0
632,0.0
633,0.0
634,0.0
635,0.0
636,0.0
637,0.0
638,0.0
639,0.0
640,0.0
641,0.0
642,0.0
643,0.0
644,0.0
645,0.0
646,0.0
647,0.0
648,0.0
649,0.0
650,0.0
651,0.0
652,0.0
653,0.0
654,0.0
655,0.0
656,0.0
657,0.0
658,0.0
659,0.0
660,0.0
661,0.0
662,0.0
663,0.0
664,0.0
665,0.0
666,0.0
667,0.0
668,0.0
669,0.0
670,0.0
671,0.0
672,0.0
673,0.0
674,0.0
675,0.0
676,0.0
677,0.0
678,0.0
679,0.0
680,0.0
681,0.0
682,0.0
683,0.0
684,0.0
685,0.0
686,0.0
687,0.0
688,0.0
689,0.0
690,0.0
691,0.0
692,0.0
693,0.0
694,0.0
695,0.0
696,0.0
697,0.0
698,0.0
699,0.0
700,0.0
701,0.0
702,0.0
703,0.0
704,0.0
705,0.0
706,0.0
707,0.0
708,0.0
709,0.0
710,0.0
711,0.0
712,0.0
713,0.0
714,0.0
715,0.0
716,0.0
717,0.0
718,0.0
719,0.0
720,0.0
721,0.0
722,0.0
723,0.0
724,0.0
725,0.0
726,0.0
727,0.0
728,0.0
729,0.0
730,0.0
731,0.0
732,0.0
733,0.0
734,0.0
735,0.0
736,0.0
737,0.0
738,0.0
739,0.0
740,0.0
741,0.0
742,0.0
743,0.0
744,0.0
745,0.0
746,0.0
747,0.0
748,0.0
749,0.0
750,0.0
751,0.0
752,0.0
753,0.0
754,0.0
755,0.0
756,0.0
757,0.0
758,0.0
759,0.0
760,0.0
761,0.0
762,0.0
763,0.0
764,0.0
765,0.0
766,0.0
767,0.0
768,0.0
769,0.0
770,0.0
771,0.0
772,0.0
773,0.0
774,0.0
775,0.0
776,0.0
777,0.0
778,0.0
779,0.0
780,0.0
781,0.0
782,0.0
783,0.0
784,0.0
785,0.0
786,0.0
787,0.0
788,0.0
789,0.0
790,0.0
791,0.0
792,0.0
793,0.0
794,0.0
795,0.0
796,0.0
797,0.0
798,0.0
799,0.0
800,0.0
801,0.0
802,0.0
803,0.0
804,0.0
805,0.0
806,0.0
807,0.0
808,0.0
809,0.0
810,0.0
811,0.0
812,0.0
813,0.0
814,0.0
815,0.0
816,0.0
817,0.0
818,0.0
819,0.0
820,0.0
821,0.0
822,0.0
823,0.0
824,0.0
825,0.0
826,0.0
827,0.0
828,0.0
829,0.0
830,0.0
831,0.0
832,0.0
833,0.0
834,0.0
835,0.0
836,0.0
837,0.0
838,0.0
839,0.0
840,0.0
841,0.0
842,0.0
843,0.0
844,0.0
845,0.0
846,0.0
847,0.0
848,0.0
849,0.0
850,0.0
851,0.0
852,0.0
853,0.0
854,0.0
855,0.0
856,0.0
857,0.0
858,0.0
859,0.0
860,0.0
861,0.0
862,0.0
863,0.0
864,0.0
865,0.0
866,0.0
867,0.0
868,0.0
869,0.0
870,0.0
871,0.0
872,0.0
873,0.0
874,0.0
875,0.0
876,0.0
877,0.0
878,0.0
879,0.0
880,0.0
881,0.0
882,0.0
883,0.0
884,0.0
885,0.0
886,0.0
887,0.0
888,0.0
889,0.0
890,0.0
891,0.0
892,0.0
893,0.0
894,0.0
895,0.0
896,0.0
897,0.0
898,0.0
899,0.0
900,0.0
901,0.0
902,0.0
903,0.0
904,0.0
905,0.0
906,0.0
907,0.0
908,0.0
909,0.0
910,0.0
911,0.0
912,0.0
913,0.0
914,0.0
915,0.0
916,0.0
917,0.0
918,0.0
919,0.0
920,0.0
921,0.0
922,0.0
923,0.0
924,0.0
925,0.0
926,0.0
927,0.0
928,0.0
929,0.0
930,0.0
931,0.0
932,0.0
933,0.0
934,0.0
935,0.0
936,0.0
937,0.0
938,0.0
939,0.0
940,0.0
941,0.0
942,0.0
943,0.0
944,0.0
945,0.0
946,0.0
947,0.0
948,0.0
949,0.0
950,0.0
951,0.0
952,0.0
953,0.0
954,0.0
955,0.0
956,0.0
957,0.0
958,0.0
959,0.0
960,0.0
961,0.0
962,0.0
963,0.0
964,0.0
965,0.0
966,0.0
967,0.0
968,0.0
969,0.0
970,0.0
971,0.0
972,0.0
973,0.0
974,0.0
975,0.0
976,0.0
977,0.0
978,0.0
979,0.0
980,0.0
981,0.0
982,0.0
983,0.0
984,0.0
985,0.0
986,0.0
987,0.0
988,0.0
989,0.0
990,0.0
991,0.0
992,0.0
993,0.0
994,0.0
995,0.0
996,0.0
997,0.0
998,0.0
999,0.0
1000,0.0
1001,0.0
1002,0.0
1003,0.0
1004,0.0
1005,0.0
1006,0.0
1007,0.0
1008,0.0
1009,0.0
1010,0.0
1011,0.0
1012,0.0
1013,0.0
1014,0.0
1015,0.0
1016,0.0
1017,0.0
1018,0.0
1019,0.0
1020,0.0
1021,0.0
1022,0.0
1023,0.0
1024,0.0
1025,0.0
1026,0.0
1027,0.0
1028,0.0
1029,0.0
1030,0.0
1031,0.0
1032,0.0
1033,0.0
1034,0.0
1035,0.0
1036,0.0
1037,0.0
1038,0.0
1039,0.0
1040,0.0
1041,0.0
1042,0.0
1043,0.0
1044,0.0
1045,0.0
1046,0.0
1047,0.0
1048,0.0
1049,0.0
1050,0.0
1051,0.0
1052,0.0
1053,0.0
1054,0.0
1055,0.0
1056,0.0
1057,0.0
1058,0.0
1059,0.0
1060,0.0
1061,0.0
1062,0.0
1063,0.0
1064,0.0
1065,0.0
1066,0.0
1067,0.0
1068,0.0
1069,0.0
1070,0.0
1071,0.0
1072,0.0
1073,0.0
1074,0.0
1075,0.0
1076,0.0
1077,0.0
1078,0.0
1079,0.0
1080,0.0
1081,0.0
1082,0.0
1083,0.0
1084,0.0
1085,0.0
1086,0.0
1087,0.0
1088,0.0
1089,0.0
1090,0.0
1091,0.0
1092,0.0
1093,0.0
1094,0.0
1095,0.0
1096,0.0
1097,0.0
1098,0.0
1099,0.0
1100,0.0
1101,0.0
1102,0.0
1103,0.0
1104,0.0
1105,0.0
1106,0.0
1107,0.0
1108,0.0
1109,0.0
1110,0.0
1111,0.0
1112,0.0
1113,0.0
1114,0.0
1115,0.0
1116,0.0
1117,0.0
1118,0.0
1119,0.0
1120,0.0
1121,0.0
1122,0.0
1123,0.0
1124,0.0
1125,0.0
1126,0.0
1127,0.0
1128,0.0
1129,0.0
1130,0.0
1131,0.0
1132,0.0
1133,0.0
1134,0.0
1135,0.0
1136,0.0
1137,0.0
1138,0.0
1139,0.0
1140,0.0
1141,0.0
1142,0.0
1143,0.0
1144,0.0
1145,0.0
1146,0.0
1147,0.0
1148,0.0
1149,0.0
1150,0.0
1151,0.0
1152,0.0
1153,0.0
1154,0.0
1155,0.0
1156,0.0
1157,0.0
1158,0.0
1159,0.0
1160,0.0
1161,0.0
1162,0.0
1163,0.0
1164,0.0
1165,0.0
1166,0.0
1167,0.0
1168,0.0
1169,0.0
1170,0.0
1171,0.0
1172,0.0
1173,0.0
1174,0.0
1175,0.0
1176,0.0
1177,0.0
1178,0.0
1179,0.0
1180,0.0
1181,0.0
1182,0.0
1183,0.0
1184,0.0
1185,0.0
1186,0.0
1187,0.0
1188,0.0
1189,0.0
1190,0.0
1191,0.0
1192,0.0
1193,0.0
1194,0.0
1195,0.0
1196,0.0
1197,0.0
1198,0.0
1199,0.0
1200,0.0
1201,0.0
1202,0.0
1203,0.0
1204,0.0
1205,0.0
1206,0.0
1207,0.0
1208,0.0
1209,0.0
1210,0.0
1211,0.0
1212,0.0
1213,0.0
1214,0.0
1215,0.0
1216,0.0
1217,0.0
1218,0.0
1219,0.0
1220,0.0
1221,0.0
1222,0.0
1223,0.0
1224,0.0
1225,0.0
1226,0.0
1227,0.0
1228,0.0
1229,0.0
1230,0.0
1231,0.0
1232,0.0
1233,0.0
1234,0.0
1235,0.0
1236,0.0
1237,0.0
1238,0.0
1239,0.0
1240,0.0
1241,0.0
1242,0.0
1243,0.0
1244,0.0
1245,0.0
1246,0.0
1247,0.0
1248,0.0
1249,0.0
1250,0.0
1251,0.0
1252,0.0
1253,0.0
1254,0.0
1255,0.0
1256,0.0
1257,0.0
1258,0.0
1259,0.0
1260,0.0
1261,0.0
1262,0.0
1263,0.0
1264,0.0
1265,0.0
1266,0.0
1267,0.0
1268,0.0
1269,0.0
1270,0.0
1271,0.0
1272,0.0
1273,0.0
1274,0.0
1275,0.0
1276,0.0
1277,0.0
1278,0.0
1279,0.0
1280,0.0
1281,0.0
1282,0.0
1283,0.0
1284,0.0
1285,0.0
1286,0.0
1287,0.0
1288,0.0
1289,0.0
1290,0.0
1291,0.0
1292,0.0
1293,0.0
1294,0.0
1295,0.0
1296,0.0
1297,0.0
1298,0.0
1299,0.0
1300,0.0
1301,0.0
1302,0.0
1303,0.0
1304,0.0
1305,0.0
1306,0.0
1307,0.0
1308,0.0
1309,0.0
1310,0.0
1311,0.0
1312,0.0
1313,0.0
1314,0.0
1315,0.0
1316,0.0
1317,0.0
1318,0.0
1319,0.0
1320,1269.726355945101
1321,1269.726355945101
1322,1270.6015663952912
1323,1268.504800821697
1324,1270.6506403755095
1325,1272.621297014876
1326,1272.2588959750344
1327,1270.6461679880385
1328,1247.7705061684856
1329,1248.3787181387818
1330,1226.378718138782
1331,1201.7005866252275
1332,1205.1057170278812
1333,1205.1057170278812
1334,1205.0522368235036
1335,1200.2442818710597
1336,1200.9879075338788
1337,1189.970751386071
1338,1168.3779199626872
1339,1153.297343567964
1340,1155.8100311890596
1341,1155.8100311890596
1342,1151.5287600226557
1343,1155.203582608241
1344,1158.961021259071
1345,1153.9574697546757
1346,1152.0291553041027
1347,1152.5538378498395
1348,1145.7871280259997
1349,1137.4213741484464
1350,1137.4213741484464
1351,1139.6298892608258
1352,1130.0242003053806
1353,1110.5519495414164
1354,1110.5519495414164
1355,1100.1949848030456
1356,1105.5264846984323
1357,1107.7296754461977
1358,1104.7296754461977
1359,1091.6091631956022
1360,1085.9389385006498
1361,1086.1206419447903
1362,1088.114687737548
1363,1080.7229193359574
1364,1078.3990766966187
1365,1078.3990766966187
1366,1080.381779829712
1367,1080.866364535665
1368,1081.8988828645158
1369,1071.603108477149
1370,1071.603108477149
1371,1072.752226017204
1372,1062.6271191375772
1373,1052.1600335510898
1374,1046.9054874910028
1375,1047.6381646390123
1376,1045.257945119743
1377,1045.7812790771397
1378,1041.9019895527488
1379,1045.6537412203695
1380,1050.785410513102
1381,1049.007420331841
1382,1050.0422385702961
1383,1038.7556593216643
1384,1042.054373085906
1385,1029.9220492385275
1386,1029.9220492385275
1387,1031.201501860698
1388,1023.98048971719
1389,1035.5509032066457
1390,1031.267153466181
1391,1032.7428978394248
1392,1030.2126261571934
1393,1030.2126261571934
1394,1030.5758749476593
1395,1025.7024442850618
1396,1016.777830030733
1397,1019.6236996032259
1398,1019.6236996032259
1399,1017.4420414446812
1400,1017.4420414446812
1401,1019.6217399605947
1402,1019.9162977015059
1403,1019.9162977015059
1404,1023.0702680564939
1405,1013.9034741750019
1406,1007.8538457119204
1407,1007.8538457119204
1408,1003.259828071567
1409,1000.2456229236686
1410,996.472402074718
1411,996.8997073169555
1412,996.8997073169555
1413,998.5446027223336
1414,1002.1388040497875
1415,1002.7392260081583
1416,1003.1001437591024
1417,1003.4396981875948
1418,1003.4396981875948
1419,1003.4396981875948
1420,1003.4396981875948
1421,1004.1855521685177
1422,1004.1855521685177
1423,1004.1855521685177
1424,1007.1855521685178
1425,1008.7602014133267
1426,1008.7602014133267
1427,1010.6569906962922
1428,1010.6569906962922
1429,1011.6186391956091
1430,1011.6186391956091
1431,1014.6186391956091
1432,1016.1540452824536
1433,1017.7615293412168
1434,1018.9646493748935
1435,1020.4764127038801
1436,1020.7128282185641
1437,1021.0646564075406
1438,1019.1834695724546
1439,1028.999875180427
1440,1027.1029662460521
1441,1022.5033371238791
1442,1022.5033371238791
1443,1022.5033371238791
1444,1022.5884178282894
1445,1022.5884178282894
1446,1018.5971565497385
1447,1015.7231180350299
1448,1015.7231180350299
1449,1001.7231180350299
1450,998.7231180350301
1451,998.7231180350301
1452,995.7231180350301
1453,995.7231180350301
1454,988.7872982009809
1455,985.7872982009809
1456,982.7872982009809
1457,979.7872982009809
1458,979.6662395992659
1459,979.6662395992659
1460,979.6662395992659
1461,979.6837719517699
1462,974.6220164858606
1463,974.6220164858606
1464,974.6220164858606
1465,970.4103149626659
1466,959.4383183671213
1467,958.1456766174166
1468,958.1456766174166
1469,958.1456766174166
1470,958.1456766174166
1471,952.1456766174166
1472,952.1456766174166
1473,946.6979500313986
1474,946.6979500313986
1475,943.6979500313986
1476,943.6979500313986
1477,940.6979500313986
1478,940.6979500313986
1479,945.0420553787479
1480,945.0420553787479
1481,944.256753531538
1482,941.236084097204
1483,941.236084097204
1484,938.236084097204
1485,935.236084097204
1486,935.236084097204
1487,935.236084097204
1488,935.236084097204
1489,935.236084097204
1490,933.5945067871821
1491,933.7581271374888
1492,933.7581271374888
1493,930.2716871816394
1494,930.2716871816394
1495,924.7200055371626
1496,928.3346725380796
1497,928.3346725380796
1498,925.3346725380796
1499,925.3346725380796
1500,925.3346725380796
1501,917.0706761369335
1502,912.5285907216667
1503,912.5285907216667
1504,912.5285907216667
1505,910.328910569348
1506,909.0464145178876
1507,911.2623842494402
1508,905.8335293364844
1509,904.7870418195403
1510,901.7870418195403
1511,902.2249943055406
1512,901.4791403246177
1513,896.6514015508235
1514,896.6514015508235
1515,900.3052396285539
1516,901.0880536618943
1517,901.0880536618943
1518,901.0880536618943
1519,901.2708658209467
1520,900.3613116291054
1521,898.2762426989539
1522,895.8361319118494
1523,897.4823619245834
1524,897.4823619245834
1525,897.2126958473797
1526,897.789320983263
1527,894.8941833656777
1528,892.402530043372
1529,891.5721216267466
1530,886.092917256658
1531,886.092917256658
1532,880.8096607863213
1533,875.7283951946551
1534,875.7283951946551
1535,875.7283951946551
1536,872.7283951946553
1537,872.7283951946553
1538,873.8647346426707
1539,871.1701877723701
1540,868.7393848248599
1541,868.7889898242225
1542,868.7889898242225
1543,870.6493627170595
1544,870.5563845739093
1545,870.5563845739093
1546,869.9516795832976
1547,869.9516795832976
1548,869.9516795832976
1549,870.7642002209442
1550,860.7633586579711
1551,860.7633586579711
1552,861.4248078052999
1553,852.5605362452371
1554,851.9394131640153
1555,847.6854094318858
1556,845.4441994482213
1557,845.4441994482213
1558,843.1744407819572
1559,844.8586852168992
1560,844.5644153550179
1561,843.364346177572
1562,841.2113081547241
1563,838.6110473979394
1564,838.6110473979394
1565,838.6110473979394
1566,836.2822360104603
1567,840.0328812373598
1568,837.7679574397722
1569,837.7679574397722
1570,837.7679574397722
1571,838.3272086332098
1572,835.5066765994907
1573,833.4296533634073
1574,833.5795083131154
1575,835.8506120700474
1576,836.7803718344952
1577,836.7803718344952
1578,838.4282198958305
1579,838.4282198958305
1580,834.8710844121543
1581,834.0896722690406
1582,835.8479619523788
1583,837.0260464882595
1584,837.0260464882595
1585,836.6489146796619
1586,836.6489146796619
1587,836.7648740270848
1588,836.7648740270848
1589,833.7830612628081
1590,834.892550413066
1591,834.6230294815092
1592,832.7624712577463
1593,832.5402541279022
1594,829.2919117189572
1595,827.4339471370412
1596,827.4339471370412
1597,827.4339471370412
1598,822.5868533974726
1599,822.5868533974726
1600,822.5868533974726
1601,822.5868533974726
1602,827.1603475909865
1603,827.1603475909865
1604,825.4645429709765
1605,826.7704981912268
1606,826.3036282954884
1607,823.0765088502012
1608,822.0513271305397
1609,822.0513271305397
1610,825.0513271305397
1611,823.5297427183984
1612,821.703379170604
1613,821.703379170604
1614,823.6388044436201
1615,824.6771701359824
1616,822.4813294839198
1617,836.4813294839198
1618,836.4813294839198
1619,831.3553174632492
1620,833.3603423820325
1621,831.3957905655793
1622,831.8270458739153
1623,831.8270458739153
1624,831.8270458739153
1625,837.668059332894
1626,839.4676386939475
1627,837.1212110099138
1628,841.3981694502796
1629,839.1821997187269
1630,839.1821997187269
1631,837.7339558277422
1632,837.3505502617896
1633,837.3505502617896
1634,837.3505502617896
1635,837.3505502617896
1636,837.3505502617896
1637,838.8506008754274
1638,836.642085763048
1639,836.642085763048
1640,836.642085763048
1641,836.642085763048
1642,836.642085763048
1643,839.3610041995884
1644,841.1722246717884
1645,841.1028403306409
1646,837.8718885792177
1647,834.6795303058461
1648,831.6274187741783
1649,829.3203118340527
1650,832.61452745904
1651,835.3799683038208
1652,836.2746669476336
1653,834.1445970165748
1654,836.9025304116391
1655,838.4840559596544
1656,837.2147225415307
1657,837.2147225415307
1658,824.295195121263
1659,825.5407135865198
1660,824.0702275057338
1661,824.0702275057338
1662,830.6111989991118
1663,830.6111989991118
1664,828.8308154940123
1665,833.5215224432063
1666,833.5215224432063
1667,833.5215224432063
1668,831.5766040696769
1669,831.5766040696769
1670,831.5766040696769
1671,831.5766040696769
1672,831.5766040696769
1673,831.5766040696769
1674,830.7329077501529
1675,828.2276527828917
1676,830.3055249622919
1677,832.3882227330805
1678,832.3882227330805
1679,834.2797888117186
1680,834.2797888117186
1681,834.5852311812107
1682,834.5852311812107
1683,834.5852311812107
1684,836.686298132795
1685,836.686298132795
1686,839.686298132795
1687,841.1622104382639
1688,841.0751744639301
1689,840.3600344123867
1690,837.3600344123869
1691,839.9156835798398
1692,838.6351046480671
1693,838.6351046480671
1694,841.701448262528
1695,839.4309611939691
1696,842.6326457556519
1697,842.6326457556519
1698,842.6326457556519
1699,848.7142138322935
1700,848.7142138322935
1701,846.3959664553325
1702,845.7563937290168
1703,845.7563937290168
1704,845.7563937290168
1705,843.959522635068
1706,842.0644008144525
1707,854.5461746355357
1708,854.5461746355357
1709,855.9128067136255
1710,856.2208028319333
1711,860.9046069783328
1712,863.1022509936479
1713,864.6723131217666
1714,864.6723131217666
1715,863.0815728871987
1716,859.7383372976534
1717,859.7383372976534
1718,859.7383372976534
1719,863.5353937335399
1720,863.5353937335399
1721,862.2498751498924
1722,862.5686074004523
1723,862.5686074004523
1724,861.4611931182321
1725,861.4611931182321
1726,867.0068476831391
1727,866.1668720317423
1728,866.7454128632417
1729,867.6296105916151
1730,870.0641253611864
1731,873.0641253611864
1732,871.869022955719
1733,869.9722336727536
1734,871.8048514350183
1735,871.8048514350183
1736,879.3739151686832
1737,878.1943506085713
1738,878.7200643265733
1739,880.6921899129185
1740,881.2027252725119
1741,879.9779947982819
1742,885.6294150906768
1743,886.0082706177601
1744,886.0082706177601
1745,884.5998882689966
1746,884.9382980588055
1747,884.9382980588055
1748,884.9382980588055
1749,887.8079381677364
1750,884.0850101321723
1751,884.0850101321723
1752,881.6136342647987
1753,881.6136342647987
1754,882.2050747033029
1755,884.0990902595129
1756,883.6082486318764
1757,886.3865860457215
1758,886.3865860457215
1759,884.909632734719
1760,884.909632734719
1761,888.8661301551131
1762,888.8661301551131
1763,888.8661301551131
1764,892.315263651612
1765,892.315263651612
1766,901.8703612082056
1767,901.8703612082056
1768,900.6162236701805
1769,897.3030019007458
1770,900.1942728100389
1771,900.1942728100389
1772,903.1168369968237
1773,904.570113802656
1774,906.9966024597999
1775,907.4502868446974
1776,907.4502868446974
1777,907.4327544921931
1778,905.3548823127927
1779,905.9637973614007
1780,906.0512134362089
1781,904.636746004264
1782,904.636746004264
1783,907.2757083512266
1784,909.2397107559724
1785,921.7347721166025
1786,921.7347721166025
1787,921.7347721166025
1788,920.7456929832988
1789,936.8910804710249
1790,942.1336010862526
1791,945.5086748491108
1792,945.5086748491108
1793,945.5086748491108
1794,945.5086748491108
1795,950.6949739369998
1796,950.6949739369998
1797,959.692244605463
1798,968.5434213818405
1799,968.5434213818405
1800,967.4951160657367
1801,967.4951160657367
1802,966.4707839635097
1803,964.9678136452782
1804,963.5962132964268
1805,963.5962132964268
1806,962.3875382142272
1807,972.1638216399377
1808,968.8355924226477
1809,968.2918944733992
1810,978.4010041083412
1811,978.4010041083412
1812,981.4010041083412
1813,990.9335097616919
1814,988.5774691110663
1815,988.5774691110663
1816,997.8013605798723
1817,996.6902470121421
1818,996.6902470121421
1819,1005.586612668999
1820,1005.586612668999
1821,1004.163934393465
1822,999.9986913691226
1823,1004.3564070460044
1824,1004.3564070460044
1825,1003.838574623852
1826,1004.152103146244
1827,1019.5479890181076
1828,1016.5479890181076
1829,1016.5479890181076
1830,1026.410979842477
1831,1036.2698590678913
1832,1035.452723544211
1833,1035.452723544211
1834,1035.452723544211
1835,1035.452723544211
1836,1046.7086201520347
1837,1056.991235377954
1838,1056.991235377954
1839,1056.991235377954
1840,1056.991235377954
1841,1056.1145568956897
1842,1058.1148990588554
1843,1055.9515486250043
1844,1066.9515486250043
1845,1066.9515486250043
1846,1055.332390761704
1847,1055.9972669250014
1848,1055.9972669250014
1849,1064.2873699281972
1850,1062.8641942585473
1851,1062.8641942585473
1852,1059.9373806446915
1853,1072.5284669935838
1854,1071.825465605869
1855,1069.2223377357675
1856,1069.2223377357675
1857,1067.0562491381081
1858,1075.4396854293234
1859,1074.3047143931772
1860,0.0
1861,0.0
1862,0.0
1863,0.0
1864,0.0
1865,0.0
1866,0.0
1867,0.0
1868,0.0
1869,0.0
1870,0.0
1871,0.0
1872,0.0
1873,0.0
1874,0.0
1875,0.0
1876,0.0
1877,0.0
1878,0.0
1879,0.0
1880,0.0
1881,0.0
1882,0.0
1883,0.0
1884,0.0
1885,0.0
1886,0.0
1887,0.0
1888,0.0
1889,0.0
1890,0.0
1891,0.0
1892,0.0
1893,0.0
1894,0.0
1895,0.0
1896,0.0
1897,0.0
1898,0.0
1899,0.0
1900,0.0
1901,0.0
1902,0.0
1903,0.0
1904,0.0
1905,0.0
1906,0.0
1907,0.0
1908,0.0
1909,0.0
1910,0.0
1911,0.0
1912,0.0
1913,0.0
1914,0.0
1915,0.0
1916,0.0
1917,0.0
1918,0.0
1919,0.0
1920,0.0
1921,0.0
1922,0.0
1923,0.0
1924,0.0
1925,0.0
1926,0.0
1927,0.0
1928,0.0
1929,0.0
1930,0.0
1931,0.0
1932,0.0
1933,0.0
1934,0.0
1935,0.0
1936,0.0
1937,0.0
1938,0.0
1939,0.0
1940,0.0
1941,0.0
1942,0.0
1943,0.0
1944,0.0
1945,0.0
1946,0.0
1947,0.0
1948,0.0
1949,0.0
1950,0.0
1951,0.0
1952,0.0
1953,0.0
1954,0.0
1955,0.0
1956,0.0
1957,0.0
1958,0.0
1959,0.0
1960,0.0
1961,0.0
1962,0.0
1963,0.0
1964,0.0
1965,0.0
1966,0.0
1967,0.0
1968,0.0
1969,0.0
1970,0.0
1971,0.0
1972,0.0
1973,0.0
1974,0.0
1975,0.0
1976,0.0
1977,0.0
1978,0.0
1979,0.0
1980,0.0
1981,0.0
1982,0.0
1983,0.0
1984,0.0
1985,0.0
1986,0.0
1987,0.0
1988,0.0
1989,0.0
1990,0.0
1991,0.0
1992,0.0
1993,0.0
1994,0.0
1995,0.0
1996,0.0
1997,0.0
1998,0.0
1999,0.0
2000,0.0
2001,0.0
2002,0.0
2003,0.0
2004,0.0
2005,0.0
2006,0.0
2007,0.0
2008,0.0
2009,0.0
2010,0.0
2011,0.0
2012,0.0
2013,0.0
2014,0.0
2015,0.0
2016,0.0
2017,0.0
2018,0.0
2019,0.0
2020,0.0
2021,0.0
2022,0.0
2023,0.0
2024,0.0
2025,0.0
2026,0.0
2027,0.0
2028,0.0
2029,0.0
2030,0.0
2031,0.0
2032,0.0
2033,0.0
2034,0.0
2035,0.0
2036,0.0
2037,0.0
2038,0.0
2039,0.0
2040,0.0
2041,0.0
2042,0.0
2043,0.0
2044,0.0
2045,0.0
2046,0.0
2047,0.0
2048,0.0
2049,0.0
2050,0.0
2051,0.0
2052,0.0
2053,0.0
2054,0.0
2055,0.0
2056,0.0
2057,0.0
2058,0.0
2059,0.0
2060,0.0
2061,0.0
2062,0.0
2063,0.0
2064,0.0
2065,0.0
2066,0.0
2067,0.0
2068,0.0
2069,0.0
2070,0.0
2071,0.0
2072,0.0
2073,0.0
2074,0.0
2075,0.0
2076,0.0
2077,0.0
2078,0.0
2079,0.0
2080,0.0
2081,0.0
2082,0.0
2083,0.0
2084,0.0
2085,0.0
2086,0.0
2087,0.0
2088,0.0
2089,0.0
2090,0.0
2091,0.0
2092,0.0
2093,0.0
2094,0.0
2095,0.0
2096,0.0
2097,0.0
2098,0.0
2099,0.0
2100,0.0
2101,0.0
2102,0.0
2103,0.0
2104,0.0
2105,0.0
2106,0.0
2107,0.0
2108,0.0
2109,0.0
2110,0.0
2111,0.0
2112,0.0
2113,0.0
2114,0.0
2115,0.0
2116,0.0
2117,0.0
2118,0.0
2119,0.0
2120,0.0
2121,0.0
2122,0.0
2123,0.0
2124,0.0
2125,0.0
2126,0.0
2127,0.0
2128,0.0
2129,0.0
2130,0.0
2131,0.0
2132,0.0
2133,0.0
2134,0.0
2135,0.0
2136,0.0
2137,0.0
2138,0.0
2139,0.0
2140,0.0
2141,0.0
2142,0.0
2143,0.0
2144,0.0
2145,0.0
2146,0.0
2147,0.0
2148,0.0
2149,0.0
2150,0.0
2151,0.0
2152,0.0
2153,0.0
2154,0.0
2155,0.0
2156,0.0
2157,0.0
2158,0.0
2159,0.0
2160,0.0
2161,0.0
2162,0.0
2163,0.0
2164,0.0
2165,0.0
2166,0.0
2167,0.0
2168,0.0
2169,0.0
2170,0.0
2171,0.0
2172,0.0
2173,0.0
2174,0.0
2175,0.0
2176,0.0
2177,0.0
2178,0.0
2179,0.0
2180,0.0
2181,0.0
2182,0.0
2183,0.0
2184,0.0
2185,0.0
2186,0.0
2187,0.0
2188,0.0
2189,0.0
2190,0.0
2191,0.0
2192,0.0
2193,0.0
2194,0.0
2195,0.0
2196,0.0
2197,0.0
2198,0.0
2199,0.0
2200,0.0
2201,0.0
2202,0.0
2203,0.0
2204,0.0
2205,0.0
2206,0.0
2207,0.0
2208,0.0
2209,0.0
2210,0.0
2211,0.0
2212,0.0
2213,0.0
2214,0.0
2215,0.0
2216,0.0
2217,0.0
2218,0.0
2219,0.0
2220,0.0
2221,0.0
2222,0.0
2223,0.0
2224,0.0
2225,0.0
2226,0.0
2227,0.0
2228,0.0
2229,0.0
2230,0.0
2231,0.0
2232,0.0
2233,0.0
2234,0.0
2235,0.0
2236,0.0
2237,0.0
2238,0.0
2239,0.0
2240,0.0
2241,0.0
2242,0.0
2243,0.0
2244,0.0
2245,0.0
2246,0.0
2247,0.0
2248,0.0
2249,0.0
2250,0.0
2251,0.0
2252,0.0
2253,0.0
2254,0.0
2255,0.0
2256,0.0
2257,0.0
2258,0.0
2259,0.0
2260,0.0
2261,0.0
2262,0.0
2263,0.0
2264,0.0
2265,0.0
2266,0.0
2267,0.0
2268,0.0
2269,0.0
2270,0.0
2271,0.0
2272,0.0
2273,0.0
2274,0.0
2275,0.0
2276,0.0
2277,0.0
2278,0.0
2279,0.0
2280,0.0
2281,0.0
2282,0.0
2283,0.0
2284,0.0
2285,0.0
2286,0.0
2287,0.0
2288,0.0
2289,0.0
2290,0.0
2291,0.0
2292,0.0
2293,0.0
2294,0.0
2295,0.0
2296,0.0
2297,0.0
2298,0.0
2299,0.0
2300,0.0
2301,0.0
2302,0.0
2303,0.0
2304,0.0
2305,0.0
2306,0.0
2307,0.0
2308,0.0
2309,0.0
2310,0.0
2311,0.0
2312,0.0
2313,0.0
2314,0.0
2315,0.0
2316,0.0
2317,0.0
2318,0.0
2319,0.0
2320,0.0
2321,0.0
2322,0.0
2323,0.0
2324,0.0
2325,0.0
2326,0.0
2327,0.0
2328,0.0
2329,0.0
2330,0.0
2331,0.0
2332,0.0
2333,0.0
2334,0.0
2335,0.0
2336,0.0
2337,0.0
2338,0.0
2339,0.0
2340,0.0
2341,0.0
2342,0.0
2343,0.0
2344,0.0
2345,0.0
2346,0.0
2347,0.0
2348,0.0
2349,0.0
2350,0.0
2351,0.0
2352,0.0
2353,0.0
2354,0.0
2355,0.0
2356,0.0
2357,0.0
2358,0.0
2359,0.0
2360,0.0
2361,0.0
2362,0.0
2363,0.0
2364,0.0
2365,0.0
2366,0.0
2367,0.0
2368,0.0
2369,0.0
2370,0.0
2371,0.0
2372,0.0
2373,0.0
2374,0.0
2375,0.0
2376,0.0
2377,0.0
2378,0.0
2379,0.0
2380,0.0
2381,0.0
2382,0.0
2383,0.0
2384,0.0
2385,0.0
2386,0.0
2387,0.0
2388,0.0
2389,0.0
2390,0.0
2391,0.0
2392,0.0
2393,0.0
2394,0.0
2395,0.0
2396,0.0
2397,0.0
2398,0.0
2399,0.0
2400,0.0
2401,0.0
2402,0.0
2403,0.0
2404,0.0
2405,0.0
2406,0.0
2407,0.0
2408,0.0
2409,0.0
2410,0.0
2411,0.0
2412,0.0
2413,0.0
2414,0.0
2415,0.0
2416,0.0
2417,0.0
2418,0.0
2419,0.0
2420,0.0
2421,0.0
2422,0.0
2423,0.0
2424,0.0
2425,0.0
2426,0.0
2427,0.0
2428,0.0
2429,0.0
2430,0.0
2431,0.0
2432,0.0
2433,0.0
2434,0.0
2435,0.0
2436,0.0
2437,0.0
2438,0.0
2439,0.0
2440,0.0
2441,0.0
2442,0.0
2443,0.0
2444,0.0
2445,0.0
2446,0.0
2447,0.0
2448,0.0
2449,0.0
2450,0.0
2451,0.0
2452,0.0
2453,0.0
2454,0.0
2455,0.0
2456,0.0
2457,0.0
2458,0.0
2459,0.0
2460,0.0
2461,0.0
2462,0.0
2463,0.0
2464,0.0
2465,0.0
2466,0.0
2467,0.0
2468,0.0
2469,0.0
2470,0.0
2471,0.0
2472,0.0
2473,0.0
2474,0.0
2475,0.0
2476,0.0
2477,0.0
2478,0.0
2479,0.0
2480,0.0
2481,0.0
2482,0.0
2483,0.0
2484,0.0
2485,0.0
2486,0.0
2487,0.0
2488,0.0
2489,0.0
2490,0.0
2491,0.0
2492,0.0
2493,0.0
2494,0.0
2495,0.0
2496,0.0
2497,0.0
2498,0.0
2499,0.0
2500,0.0
2501,0.0
2502,0.0
2503,0.0
2504,0.0
2505,0.0
2506,0.0
2507,0.0
2508,0.0
2509,0.0
2510,0.0
2511,0.0
2512,0.0
2513,0.0
2514,0.0
2515,0.0
2516,0.0
2517,0.0
2518,0.0
2519,0.0
2520,0.0
2521,0.0
2522,0.0
2523,0.0
2524,0.0
2525,0.0
2526,0.0
2527,0.0
2528,0.0
2529,0.0
2530,0.0
2531,0.0
2532,0.0
2533,0.0
2534,0.0
2535,0.0
2536,0.0
2537,0.0
2538,0.0
2539,0.0
2540,0.0
2541,0.0
2542,0.0
2543,0.0
2544,0.0
2545,0.0
2546,0.0
2547,0.0
2548,0.0
2549,0.0
2550,0.0
2551,0.0
2552,0.0
2553,0.0
2554,0.0
2555,0.0
2556,0.0
2557,0.0
2558,0.0
2559,0.0
2560,0.0
2561,0.0
2562,0.0
2563,0.0
2564,0.0
2565,0.0
2566,0.0
2567,0.0
2568,0.0
2569,0.0
2570,0.0
2571,0.0
2572,0.0
2573,0.0
2574,0.0
2575,0.0
2576,0.0
2577,0.0
2578,0.0
2579,0.0
2580,0.0
2581,0.0
2582,0.0
2583,0.0
2584,0.0
2585,0.0
2586,0.0
2587,0.0
2588,0.0
2589,0.0
2590,0.0
2591,0.0
2592,0.0
2593,0.0
2594,0.0
2595,0.0
2596,0.0
2597,0.0
2598,0.0
2599,0.0
2600,0.0
2601,0.0
2602,0.0
2603,0.0
2604,0.0
2605,0.0
2606,0.0
2607,0.0
2608,0.0
2609,0.0
2610,0.0
2611,0.0
2612,0.0
2613,0.0
2614,0.0
2615,0.0
2616,0.0
2617,0.0
2618,0.0
2619,0.0
2620,0.0
2621,0.0
2622,0.0
2623,0.0
2624,0.0
2625,0.0
2626,0.0
2627,0.0
2628,0.0
2629,0.0
2630,0.0
2631,0.0
2632,0.0
2633,0.0
2634,0.0
2635,0.0
2636,0.0
2637,0.0
2638,0.0
2639,0.0
2640,0.0
2641,0.0
2642,0.0
2643,0.0
2644,0.0
2645,0.0
2646,0.0
2647,0.0
2648,0.0
2649,0.0
2650,0.0
2651,0.0
2652,0.0
2653,0.0
2654,0.0
2655,0.0
2656,0.0
2657,0.0
2658,0.0
2659,0.0
2660,0.0
2661,0.0
2662,0.0
2663,0.0
2664,0.0
2665,0.0
2666,0.0
2667,0.0
2668,0.0
2669,0.0
2670,0.0
2671,0.0
2672,0.0
2673,0.0
2674,0.0
2675,0.0
2676,0.0
2677,0.0
2678,0.0
2679,0.0
2680,0.0
2681,0.0
2682,0.0
2683,0.0
2684,0.0
2685,0.0
2686,0.0
2687,0.0
2688,0.0
2689,0.0
2690,0.0
2691,0.0
2692,0.0
2693,0.0
2694,0.0
2695,0.0
2696,0.0
2697,0.0
2698,0.0
2699,0.0
2700,0.0
2701,0.0
2702,0.0
2703,0.0
2704,0.0
2705,0.0
2706,0.0
2707,0.0
2708,0.0
2709,0.0
2710,0.0
2711,0.0
2712,0.0
2713,0.0
2714,0.0
2715,0.0
2716,0.0
2717,0.0
2718,0.0
2719,0.0
2720,0.0
2721,0.0
2722,0.0
2723,0.0
2724,0.0
2725,0.0
2726,0.0
2727,0.0
2728,0.0
2729,0.0
2730,0.0
2731,0.0
2732,0.0
2733,0.0
2734,0.0
2735,0.0
2736,0.0
2737,0.0
2738,0.0
2739,0.0
2740,0.0
2741,0.0
2742,0.0
2743,0.0
2744,0.0
2745,0.0
2746,0.0
2747,0.0
2748,0.0
2749,0.0
2750,0.0
2751,0.0
2752,0.0
2753,0.0
2754,0.0
2755,0.0
2756,0.0
2757,0.0
2758,0.0
2759,0.0
2760,1596.9619759522495
2761,1596.9619759522495
2762,1585.7217820703902
2763,1582.7514275493681
2764,1579.7514275493684
2765,1583.1800361602243
2766,1573.4513844268586
2767,1562.451384426859
2768,1562.451384426859
2769,1563.0252805725318
2770,1574.2290591945325
2771,1577.855750599827
2772,1576.592717904719
2773,1562.592717904719
2774,1551.5927179047194
2775,1551.5927179047194
2776,1551.6461597995194
2777,1535.3867651824826
2778,1533.032671717227
2779,1533.032671717227
2780,1526.0079751264088
2781,1529.9279893241423
2782,1526.9279893241423
2783,1524.896878700269
2784,1516.7380655400534
2785,1522.1927731869068
2786,1526.3458598562374
2787,1505.0796056286727
2788,1506.1150258179669
2789,1506.345237999366
2790,1509.4360852398586
2791,1495.4360852398586
2792,1496.3020709190664
2793,1498.4590466791471
2794,1499.8778718291414
2795,1499.8778718291414
2796,1501.534491652281
2797,1498.7934837365185
2798,1500.9504266643032
2799,1503.386257994124
2800,1500.386257994124
2801,1504.6370218167397
2802,1495.4770463256561
2803,1493.5521362518546
2804,1490.32411585968
2805,1493.3933040703585
2806,1493.3933040703585
2807,1482.3933040703582
2808,1482.0384371578791
2809,1476.1375251413112
2810,1472.0730103977032
2811,1471.313095440281
2812,1457.4820102206631
2813,1461.3397591519356
2814,1461.9779516130745
2815,1468.6454352252595
2816,1468.6814666455966
2817,1446.469484508589
2818,1453.3460716396994
2819,1454.4884354966032
2820,1456.0874488586064
2821,1459.5185381847377
2822,1459.5185381847377
2823,1455.5363904926403
2824,1454.3449104994659
2825,1456.2793333099855
2826,1458.2276099682044
2827,1459.4435170489166
2828,1461.0681397146075
2829,1458.559821862293
2830,1458.559821862293
2831,1459.6052004791811
2832,1466.2133888731116
2833,1463.8824725819607
2834,1460.8824725819607
2835,1464.4467646136236
2836,1461.5526033228718
2837,1462.7537603586245
2838,1464.85414640699
2839,1466.4968194085839
2840,1468.8666981228537
2841,1465.8666981228537
2842,1467.4536968746115
2843,1467.0935445692787
2844,1468.2019643377585
2845,1463.9302797780638
2846,1463.9164870199916
2847,1463.9164870199916
2848,1466.9164870199916
2849,1466.9164870199916
2850,1468.3600367038814
2851,1468.8896465165878
2852,1468.8896465165878
2853,1469.532240864611
2854,1472.6147440530294
2855,1472.6147440530294
2856,1472.6147440530294
2857,1472.6147440530294
2858,1473.8112684787327
2859,1473.8112684787327
2860,1473.8112684787327
2861,1474.235585507412
2862,1474.7860875104154
2863,1474.7860875104154
2864,1477.9735907881352
2865,1481.8843805986223
2866,1482.3915989873785
2867,1482.3915989873785
2868,1482.3915989873785
2869,1484.6057826441943
2870,1484.6057826441943
2871,1486.2314396045058
2872,1486.2314396045058
2873,1492.9080322577506
2874,1492.9080322577506
2875,1497.151191078746
2876,1499.6866717653693
2877,1502.5332291991494
2878,1504.2915304900291
2879,1504.2915304900291
2880,1496.3773568013366
2881,1492.5581703940402
2882,1492.5581703940402
2883,1492.5581703940402
2884,1492.5581703940402
2885,1492.5581703940402
2886,1492.5581703940402
2887,1492.5581703940402
2888,1492.5581703940402
2889,1489.5581703940402
2890,1489.5581703940402
2891,1489.5581703940402
2892,1489.5581703940402
2893,1489.5581703940402
2894,1486.3593693646674
2895,1486.0978362668116
2896,1486.0978362668116
2897,1480.0978362668116
2898,1480.0978362668116
2899,1480.0978362668116
2900,1477.0978362668116
2901,1477.0978362668116
2902,1476.7287227383254
2903,1473.7287227383254
2904,1469.8513292600755
2905,1474.9080104769087
2906,1475.4668688199558
2907,1472.4668688199558
2908,1472.4668688199558
2909,1472.4668688199558
2910,1472.4668688199558
2911,1472.4668688199558
2912,1472.4668688199558
2913,1470.6130469981474
2914,1470.6130469981474
2915,1467.6130469981476
2916,1466.5871618710617
2917,1466.7864061580663
2918,1467.1057850758466
2919,1464.1057850758466
2920,1464.1057850758466
2921,1464.1057850758466
2922,1458.216941887126
2923,1455.5758153992078
2924,1455.5758153992078
2925,1452.5758153992078
2926,1441.6542771433142
2927,1441.6542771433142
2928,1439.0251604902403
2929,1434.6220853297375
2930,1428.3396032507367
2931,1428.3396032507367
2932,1425.3396032507367
2933,1425.3723135580674
2934,1422.3723135580674
2935,1422.3723135580674
2936,1413.1281535530777
2937,1416.7867970790471
2938,1416.1885933626402
2939,1415.3058453026265
2940,1412.3058453026265
2941,1412.3058453026265
2942,1409.3058453026265
2943,1409.3058453026265
2944,1410.1734694305383
2945,1410.1734694305383
2946,1407.1734694305383
2947,1402.6347790363827
2948,1402.6347790363827
2949,1402.7474814751272
2950,1402.7474814751272
2951,1399.7547092941102
2952,1396.7547092941102
2953,1404.2066691522157
2954,1404.330380141965
2955,1390.935925464196
2956,1384.5757158492097
2957,1384.5757158492097
2958,1384.5757158492097
2959,1378.672517370172
2960,1378.672517370172
2961,1375.672517370172
2962,1374.2546497825829
2963,1377.3414316556282
2964,1379.2821068006651
2965,1379.8370671208963
2966,1376.6540745741538
2967,1376.939670908485
2968,1379.4395646965602
2969,1377.5225671553667
2970,1377.1785372258698
2971,1377.7395059750158
2972,1377.7395059750158
2973,1377.7395059750158
2974,1377.7395059750158
2975,1377.7395059750158
2976,1375.3176107842562
2977,1373.870162329206
2978,1371.2695898905758
2979,1374.1043103320624
2980,1367.8805559375078
2981,1367.8805559375078
2982,1368.1328195574029
2983,1369.2704084961908
2984,1369.2704084961908
2985,1369.2704084961908
2986,1368.378670304154
2987,1368.378670304154
2988,1367.7404976768055
2989,1362.0099329498423
2990,1362.0099329498423
2991,1359.0099329498423
2992,1356.777176385862
2993,1359.2484785583185
2994,1354.8829220763598
2995,1351.8827909677677
2996,1347.2208148659277
2997,1347.2208148659277
2998,1342.0112689434252
2999,1342.027790326309
3000,1343.5341606660074
3001,1345.9548155597142
3002,1345.0193246020795
3003,1344.4390058507183
3004,1341.5999827016121
3005,1343.413723067418
3006,1343.413723067418
3007,1343.413723067418
3008,1340.3445348567398
3009,1338.8081424715797
3010,1340.019506390528
3011,1339.144295940338
3012,1336.9309806775
3013,1336.9309806775
3014,1336.9309806775
3015,1337.3057222782961
3016,1342.1705580508574
3017,1353.521986206527
3018,1353.521986206527
3019,1353.203253955967
3020,1353.203253955967
3021,1350.4128488135339
3022,1348.4438436742769
3023,1349.897581525454
3024,1347.4024029017933
3025,1352.1949295468123
3026,1353.0403341681651
3027,1350.7607545927278
3028,1348.1918337037598
3029,1348.1918337037598
3030,1348.1918337037598
3031,1348.1918337037598
3032,1346.6062288429005
3033,1344.9219959086188
3034,1344.9219959086188
3035,1340.9492971445063
3036,1340.9492971445063
3037,1340.9492971445063
3038,1340.9492971445063
3039,1340.9492971445063
3040,1340.2455503278545
3041,1340.2455503278545
3042,1336.454610255461
3043,1333.454610255461
3044,1321.870245333373
3045,1324.870245333373
3046,1324.870245333373
3047,1329.2012298421917
3048,1329.2012298421917
3049,1329.2012298421917
3050,1330.6343302327982
3051,1326.941847648604
3052,1323.9427536638902
3053,1324.7349496960778
3054,1324.7349496960778
3055,1323.3489389776785
3056,1323.3489389776785
3057,1326.3489389776785
3058,1326.3489389776785
3059,1324.9587313675909
3060,1324.9587313675909
3061,1327.1517981860204
3062,1324.0905002656934
3063,1324.8696954991385
3064,1326.1054131232556
3065,1328.4018333236293
3066,1329.3557970796503
3067,1329.3557970796503
3068,1329.3557970796503
3069,1329.3557970796503
3070,1329.3557970796503
3071,1328.9325917706094
3072,1339.6252721871329
3073,1343.9909849199025
3074,1343.9909849199025
3075,1343.9909849199025
3076,1343.9909849199025
3077,1343.9909849199025
3078,1341.4465668289429
3079,1347.4427504179212
3080,1345.3974813706545
3081,1345.3974813706545
3082,1340.1157928837342
3083,1339.3308829670498
3084,1339.3308829670498
3085,1335.7343959005946
3086,1338.0733677070207
3087,1339.1210921989614
3088,1339.1210921989614
3089,1338.0725348425494
3090,1338.0725348425494
3091,1337.5211193768853
3092,1339.9497513269462
3093,1339.9497513269462
3094,1338.6190360348905
3095,1338.6190360348905
3096,1338.6190360348905
3097,1338.1297587200893
3098,1338.1297587200893
3099,1337.277683844708
3100,1335.9043960045276
3101,1342.2891925027866
3102,1342.2891925027866
3103,1342.070851880691
3104,1342.070851880691
3105,1335.148122957264
3106,1334.9320170106446
3107,1331.747795422016
3108,1330.6954896845443
3109,1330.6954896845443
3110,1330.7155242493582
3111,1327.7155242493582
3112,1326.9035143790252
3113,1327.752196217337
3114,1328.9472084907773
3115,1327.8048446338735
3116,1330.6592354952224
3117,1332.36164400725
3118,1330.4946311420156
3119,1330.4946311420156
3120,1330.4946311420156
3121,1334.6357381270077
3122,1334.0212723110326
3123,1330.0827591043856
3124,1328.58821520534
3125,1328.58821520534
3126,1326.5463021348685
3127,1325.8678466338026
3128,1325.8678466338026
3129,1323.6557534656986
3130,1330.2263770907668
3131,1330.2263770907668
3132,1328.190477808665
3133,1325.190477808665
3134,1326.2569681715313
3135,1326.2569681715313
3136,1324.703544193713
3137,1324.703544193713
3138,1325.93404389701
3139,1325.93404389701
3140,1324.3811548859444
3141,1320.9171433561853
3142,1320.9171433561853
3143,1320.9171433561853
3144,1320.9171433561853
3145,1317.9171433561853
3146,1317.967499891443
3147,1317.967499891443
3148,1317.967499891443
3149,1316.1037042255707
3150,1316.1037042255707
3151,1315.4332602381028
3152,1316.1044706268522
3153,1313.2969507206712
3154,1313.2969507206712
3155,1313.2969507206712
3156,1312.9625038963277
3157,1312.9625038963277
3158,1312.9625038963277
3159,1311.2795326020819
3160,1311.2795326020819
3161,1311.2795326020819
3162,1311.2795326020819
3163,1314.2795326020819
3164,1314.2795326020819
3165,1314.7012845999639
3166,1323.8255139820117
3167,1323.5711358830383
3168,1327.266008156107
3169,1327.266008156107
3170,1327.2228901205253
3171,1327.2228901205253
3172,1327.2228901205253
3173,1327.2228901205253
3174,1334.6770966093195
3175,1333.2509008943384
3176,1333.8098573104514
3177,1332.44567620705
3178,1334.2735766362518
3179,1333.0093035613409
3180,1331.7088081100108
3181,1334.2309556907555
3182,1334.2309556907555
3183,1334.2309556907555
3184,1338.0925348639744
3185,1338.1736881441723
3186,1344.000551770175
3187,1341.000551770175
3188,1343.4930393327031
3189,1343.4930393327031
3190,1343.869237774046
3191,1352.5894094364016
3192,1353.5522795338138
3193,1353.3054585881384
3194,1354.4997153500913
3195,1354.92513798761
3196,1353.9007179254397
3197,1352.1252094731071
3198,1352.1252094731071
3199,1349.8276568851536
3200,1352.8276568851536
3201,1352.8276568851536
3202,1355.8276568851536
3203,1354.8106125069603
3204,1361.4796523757173
3205,1364.4796523757173
3206,1367.4796523757173
3207,1367.4796523757173
3208,1366.4720426298436
3209,1364.6284435989123
3210,1362.8856780193287
3211,1362.8856780193287
3212,1360.7109081872647
3213,1354.1049141040826
3214,1347.1757999466165
3215,1347.1757999466165
3216,1348.1602246257164
3217,1346.783241007451
3218,1346.1348983371643
3219,1352.535623687473
3220,1349.5969581130605
3221,1352.0510209944875
3222,1351.3605452707109
3223,1350.8922627641234
3224,1350.8922627641234
3225,1345.4496037573488
3226,1346.8298558017616
3227,1344.404537985229
3228,1342.9503114957681
3229,1340.869183965252
3230,1341.4599038383938
3231,1340.3709560836144
3232,1336.9092288814948
3233,1329.0768656361413
3234,1321.5960487855266
3235,1317.1947976463673
3236,1329.4692179774913
3237,1325.3647735383806
3238,1335.060460339943
3239,1334.4243852370432
3240,1332.1705069214465
3241,1327.0825113593098
3242,1324.0808801688995
3243,1323.5485940782203
3244,1325.3485597621814
3245,1322.7430131292617
3246,1321.27376675966
3247,1317.842668334667
3248,1311.4968604422802
3249,1311.4968604422802
3250,1322.4968604422802
3251,1321.138395284614
3252,1317.869818963672
3253,1314.8655169012652
3254,1314.0442518280008
3255,1310.5133088429388
3256,1308.5327133747107
3257,1316.3698465928653
3258,1318.2372526373374
3259,1317.1447432853934
3260,1314.4324555666099
3261,1319.1376342167878
3262,1320.1078680898904
3263,1314.7476447042354
3264,1323.2416669555334
3265,1320.827795537478
3266,1320.2609701196905
3267,1319.0259848843973
3268,1316.322787911965
3269,1316.6175116098143
3270,1311.7334226742148
3271,1313.5072964528317
3272,1310.261129122575
3273,1320.2881083041293
3274,1314.5612695169632
3275,1306.875106391452
3276,1303.3275550766318
3277,1302.3434378304773
3278,1300.0148898223001
3279,1294.5784569774287
3280,1302.6271739719607
3281,1311.2378606589934
3282,1330.2214424377619
3283,1335.891184997676
3284,1343.0438421257406
3285,1353.7253767751622
3286,1376.405574706077
3287,1371.5724627508519
3288,1379.9078091164972
3289,1387.8881799074782
3290,1396.1170247870928
3291,1404.6650764279657
3292,1411.0581813025367
3293,1432.7386652614957
3294,1451.6042942388679
3295,1446.4537751983137
3296,1443.009904183424
3297,1441.6506885148967
3298,1437.500802965544
3299,1433.7381244070461
3300,0.0
3301,0.0
3302,0.0
3303,0.0
3304,0.0
3305,0.0
3306,0.0
3307,0.0
3308,0.0
3309,0.0
3310,0.0
3311,0.0
3312,0.0
3313,0.0
3314,0.0
3315,0.0
3316,0.0
3317,0.0
3318,0.0
3319,0.0
3320,0.0
3321,0.0
3322,0.0
3323,0.0
3324,0.0
3325,0.0
3326,0.0
3327,0.0
3328,0.0
3329,0.0
3330,0.0
3331,0.0
3332,0.0
3333,0.0
3334,0.0
3335,0.0
3336,0.0
3337,0.0
3338,0.0
3339,0.0
3340,0.0
3341,0.0
3342,0.0
3343,0.0
3344,0.0
3345,0.0
3346,0.0
3347,0.0
3348,0.0
3349,0.0
3350,0.0
3351,0.0
3352,0.0
3353,0.0
3354,0.0
3355,0.0
3356,0.0
3357,0.0
3358,0.0
3359,0.0
3360,0.0
3361,0.0
3362,0.0
3363,0.0
3364,0.0
3365,0.0
3366,0.0
3367,0.0
3368,11.0
3369,11.0
3370,11.0
3371,11.0
3372,11.0
3373,11.0
3374,11.0
3375,11.0
3376,11.0
3377,11.0
3378,11.0
3379,11.0
3380,11.0
3381,11.0
3382,11.0
3383,11.0
3384,11.0
3385,11.0
3386,11.0
3387,11.0
3388,11.0
3389,11.0
3390,11.0
3391,11.0
3392,11.0
3393,11.0
3394,11.0
3395,11.0
3396,11.0
3397,11.0
3398,11.0
3399,11.0
3400,11.0
3401,11.0
3402,11.0
3403,11.0
3404,11.0
3405,11.0
3406,11.0
3407,11.0
3408,11.0
3409,11.0
3410,11.0
3411,11.0
3412,11.0
3413,11.0
3414,11.0
3415,11.0
3416,11.0
3417,11.0
3418,11.0
3419,11.0
3420,11.0
3421,11.0
3422,11.0
3423,11.0
3424,11.0
3425,11.0
3426,11.0
3427,11.0
3428,11.0
3429,11.0
3430,11.0
3431,11.0
3432,11.0
3433,0.0
3434,0.0
3435,0.0
3436,0.0
3437,0.0
3438,0.0
3439,0.0
3440,0.0
3441,0.0
3442,0.0
3443,0.0
3444,0.0
3445,0.0
3446,0.0
3447,0.0
3448,0.0
3449,0.0
3450,0.0
3451,0.0
3452,0.0
3453,0.0
3454,0.0
3455,0.0
3456,0.0
3457,0.0
3458,0.0
3459,0.0
3460,0.0
3461,0.0
3462,0.0
3463,0.0
3464,0.0
3465,0.0
3466,0.0
3467,0.0
3468,0.0
3469,0.0
3470,0.0
3471,0.0
3472,0.0
3473,0.0
3474,0.0
3475,0.0
3476,0.0
3477,0.0
3478,0.0
3479,0.0
3480,0.0
3481,0.0
3482,0.0
3483,0.0
3484,0.0
3485,0.0
3486,0.0
3487,0.0
3488,0.0
3489,0.0
3490,0.0
3491,0.0
3492,0.0
3493,0.0
3494,0.0
3495,0.0
3496,0.0
3497,0.0
3498,0.0
3499,0.0
3500,0.0
3501,0.0
3502,0.0
3503,0.0
3504,0.0
3505,10.97116175239594
3506,10.97116175239594
3507,10.97116175239594
3508,10.97116175239594
3509,10.97116175239594
3510,10.97116175239594
3511,10.97116175239594
3512,10.97116175239594
3513,10.97116175239594
3514,10.97116175239594
3515,10.97116175239594
3516,10.97116175239594
3517,10.97116175239594
3518,10.97116175239594
3519,10.97116175239594
3520,10.97116175239594
3521,10.97116175239594
3522,10.97116175239594
3523,10.97116175239594
3524,10.97116175239594
3525,10.97116175239594
3526,10.97116175239594
3527,10.97116175239594
3528,10.97116175239594
3529,10.97116175239594
3530,10.97116175239594
3531,10.97116175239594
3532,10.97116175239594
3533,10.97116175239594
3534,10.97116175239594
3535,10.97116175239594
3536,10.97116175239594
3537,10.97116175239594
3538,10.97116175239594
3539,10.97116175239594
3540,10.97116175239594
3541,10.97116175239594
3542,10.97116175239594
3543,10.97116175239594
3544,10.97116175239594
3545,10.97116175239594
3546,10.97116175239594
3547,10.97116175239594
3548,10.97116175239594
3549,10.97116175239594
3550,10.97116175239594
3551,10.97116175239594
3552,10.97116175239594
3553,10.97116175239594
3554,10.97116175239594
3555,10.97116175239594
3556,10.97116175239594
3557,10.97116175239594
3558,10.97116175239594
3559,10.97116175239594
3560,10.97116175239594
3561,10.97116175239594
3562,10.97116175239594
3563,10.97116175239594
3564,10.97116175239594
3565,10.97116175239594
3566,10.97116175239594
3567,21.965414941391302
3568,21.965414941391302
3569,21.965414941391302
3570,21.965414941391302
3571,21.965414941391302
3572,21.965414941391302
3573,21.965414941391302
3574,21.965414941391302
3575,21.965414941391302
3576,32.928279634929964
3577,32.928279634929964
3578,32.928279634929964
3579,32.928279634929964
3580,32.928279634929964
3581,32.928279634929964
3582,32.928279634929964
3583,32.928279634929964
3584,32.928279634929964
3585,32.928279634929964
3586,32.928279634929964
3587,32.928279634929964
3588,32.928279634929964
3589,32.928279634929964
3590,32.928279634929964
3591,32.928279634929964
3592,32.928279634929964
3593,32.928279634929964
3594,32.928279634929964
3595,32.928279634929964
3596,32.928279634929964
3597,32.928279634929964
3598,32.928279634929964
3599,32.928279634929964
3600,32.928279634929964
3601,32.928279634929964
3602,32.928279634929964
3603,32.928279634929964
3604,32.928279634929964
3605,43.858758137340914
3606,43.858758137340914
3607,43.858758137340914
3608,43.858758137340914
3609,43.858758137340914
3610,43.858758137340914
3611,43.858758137340914
3612,43.858758137340914
3613,43.858758137340914
3614,43.858758137340914
3615,43.858758137340914
3616,54.78954052040588
3617,54.78954052040588
3618,54.78954052040588
3619,54.78954052040588
3620,54.78954052040588
3621,54.78954052040588
3622,54.78954052040588
3623,54.78954052040588
3624,54.78954052040588
3625,54.78954052040588
3626,54.78954052040588
3627,54.78954052040588
3628,54.78954052040588
3629,54.78954052040588
3630,54.78954052040588
3631,54.78954052040588
3632,54.78954052040588
3633,54.78954052040588
3634,54.78954052040588
3635,54.78954052040588
3636,54.78954052040588
3637,54.78954052040588
3638,54.78954052040588
3639,43.818378768009936
3640,43.818378768009936
3641,43.818378768009936
3642,43.818378768009936
3643,43.818378768009936
3644,43.818378768009936
3645,43.818378768009936
3646,43.818378768009936
3647,43.818378768009936
3648,43.818378768009936
3649,43.818378768009936
3650,43.818378768009936
3651,43.818378768009936
3652,43.818378768009936
3653,43.818378768009936
3654,43.818378768009936
3655,43.818378768009936
3656,43.818378768009936
3657,43.818378768009936
3658,43.818378768009936
3659,43.818378768009936
3660,43.818378768009936
3661,43.818378768009936
3662,43.818378768009936
3663,43.818378768009936
3664,43.818378768009936
3665,43.818378768009936
3666,43.818378768009936
3667,43.818378768009936
3668,43.818378768009936
3669,43.818378768009936
3670,43.818378768009936
3671,43.818378768009936
3672,43.818378768009936
3673,43.818378768009936
3674,43.818378768009936
3675,43.818378768009936
3676,43.818378768009936
3677,43.818378768009936
3678,43.818378768009936
3679,43.818378768009936
3680,43.818378768009936
3681,43.818378768009936
3682,43.818378768009936
3683,43.818378768009936
3684,43.818378768009936
3685,43.818378768009936
3686,43.818378768009936
3687,43.818378768009936
3688,43.818378768009936
3689,43.818378768009936
3690,43.818378768009936
3691,43.818378768009936
3692,43.818378768009936
3693,43.818378768009936
3694,43.818378768009936
3695,43.818378768009936
3696,43.818378768009936
3697,43.818378768009936
3698,43.818378768009936
3699,43.818378768009936
3700,43.818378768009936
3701,43.818378768009936
3702,43.818378768009936
3703,43.818378768009936
3704,43.818378768009936
3705,43.818378768009936
3706,43.818378768009936
3707,43.818378768009936
3708,43.818378768009936
3709,43.818378768009936
3710,43.818378768009936
3711,43.818378768009936
3712,32.82412557901458
3713,32.82412557901458
3714,32.82412557901458
3715,32.82412557901458
3716,21.86126088547591
3717,21.86126088547591
3718,21.86126088547591
3719,21.86126088547591
3720,21.86126088547591
3721,21.86126088547591
3722,21.86126088547591
3723,21.86126088547591
3724,21.86126088547591
3725,21.86126088547591
3726,21.86126088547591
3727,21.86126088547591
3728,21.86126088547591
3729,21.86126088547591
3730,21.86126088547591
3731,21.86126088547591
3732,21.86126088547591
3733,21.86126088547591
3734,21.86126088547591
3735,21.86126088547591
3736,21.86126088547591
3737,21.86126088547591
3738,21.86126088547591
3739,21.86126088547591
3740,10.930782383064969
3741,10.930782383064969
3742,10.930782383064969
3743,10.930782383064969
3744,10.930782383064969
3745,0.0
3746,0.0
3747,0.0
3748,0.0
3749,0.0
3750,0.0
3751,0.0
3752,0.0
3753,0.0
3754,0.0
3755,0.0
3756,0.0
3757,0.0
3758,0.0
3759,0.0
3760,0.0
3761,0.0
3762,0.0
3763,0.0
3764,0.0
3765,0.0
3766,0.0
3767,0.0
3768,0.0
3769,0.0
3770,0.0
3771,0.0
3772,0.0
3773,0.0
3774,0.0
3775,0.0
3776,0.0
3777,0.0
3778,0.0
3779,0.0
3780,0.0
3781,0.0
3782,0.0
3783,0.0
3784,0.0
3785,0.0
3786,0.0
3787,0.0
3788,0.0
3789,0.0
3790,0.0
3791,0.0
3792,0.0
3793,0.0
3794,0.0
3795,0.0
3796,0.0
3797,0.0
3798,0.0
3799,0.0
3800,0.0
3801,0.0
3802,0.0
3803,0.0
3804,0.0
3805,0.0
3806,0.0
3807,0.0
3808,0.0
3809,0.0
3810,0.0
3811,0.0
3812,0.0
3813,0.0
3814,0.0
3815,0.0
3816,0.0
3817,0.0
3818,0.0
3819,0.0
3820,0.0
3821,0.0
3822,0.0
3823,0.0
3824,0.0
3825,0.0
3826,0.0
3827,0.0
3828,0.0
3829,0.0
3830,0.0
3831,0.0
3832,0.0
3833,0.0
3834,0.0
3835,0.0
3836,0.0
3837,0.0
3838,0.0
3839,0.0
3840,0.0
3841,0.0
3842,0.0
3843,0.0
3844,0.0
3845,0.0
3846,0.0
3847,0.0
3848,11.0
3849,11.0
3850,11.0
3851,11.0
3852,11.0
3853,11.0
3854,11.0
3855,11.0
3856,11.0
3857,11.0
3858,11.0
3859,11.0
3860,11.0
3861,11.0
3862,11.0
3863,11.0
3864,11.0
3865,11.0
3866,11.0
3867,11.0
3868,11.0
3869,11.0
3870,11.0
3871,11.0
3872,11.0
3873,11.0
3874,11.0
3875,11.0
3876,11.0
3877,11.0
3878,11.0
3879,11.0
3880,11.0
3881,11.0
3882,11.0
3883,11.0
3884,11.0
3885,11.0
3886,11.0
3887,11.0
3888,11.0
3889,11.0
3890,11.0
3891,11.0
3892,11.0
3893,11.0
3894,11.0
3895,11.0
3896,11.0
3897,11.0
3898,11.0
3899,11.0
3900,11.0
3901,11.0
3902,11.0
3903,11.0
3904,11.0
3905,11.0
3906,11.0
3907,11.0
3908,11.0
3909,11.0
3910,11.0
3911,11.0
3912,11.0
3913,11.0
3914,11.0
3915,11.0
3916,11.0
3917,11.0
3918,11.0
3919,11.0
3920,11.0
3921,11.0
3922,11.0
3923,11.0
3924,11.0
3925,11.0
3926,11.0
3927,11.0
3928,11.0
3929,11.0
3930,11.0
3931,11.0
3932,11.0
3933,11.0
3934,11.0
3935,11.0
3936,11.0
3937,11.0
3938,11.0
3939,11.0
3940,11.0
3941,11.0
3942,11.0
3943,11.0
3944,22.0
3945,22.0
3946,22.0
3947,22.0
3948,22.0
3949,22.0
3950,22.0
3951,22.0
3952,22.0
3953,22.0
3954,22.0
3955,22.0
3956,22.0
3957,22.0
3958,22.0
3959,22.0
3960,22.0
3961,22.0
3962,22.0
3963,22.0
3964,22.0
3965,22.0
3966,22.0
3967,22.0
3968,22.0
3969,22.0
3970,22.0
3971,22.0
3972,22.0
3973,22.0
3974,22.0
3975,22.0
3976,22.0
3977,22.0
3978,11.0
3979,11.0
3980,11.0
3981,11.0
3982,11.0
3983,11.0
3984,11.0
3985,11.0
3986,11.0
3987,11.0
3988,11.0
3989,11.0
3990,11.0
3991,11.0
3992,11.0
3993,11.0
3994,11.0
3995,11.0
3996,0.0
3997,0.0
3998,0.0
3999,0.0
4000,0.0
4001,0.0
4002,0.0
4003,0.0
4004,0.0
4005,0.0
4006,0.0
4007,0.0
4008,0.0
4009,0.0
4010,0.0
4011,0.0
4012,0.0
4013,0.0
4014,0.0
4015,0.0
4016,0.0
4017,0.0
4018,0.0
4019,0.0
4020,0.0
4021,0.0
4022,0.0
4023,0.0
4024,0.0
4025,0.0
4026,0.0
4027,0.0
4028,0.0
4029,0.0
4030,0.0
4031,0.0
4032,0.0
4033,0.0
4034,0.0
4035,0.0
4036,0.0
4037,0.0
4038,0.0
4039,0.0
4040,0.0
4041,0.0
4042,0.0
4043,0.0
4044,0.0
4045,0.0
4046,0.0
4047,0.0
4048,0.0
4049,0.0
4050,0.0
4051,0.0
4052,0.0
4053,0.0
4054,0.0
4055,0.0
4056,0.0
4057,0.0
4058,0.0
4059,0.0
4060,0.0
4061,0.0
4062,0.0
4063,0.0
4064,0.0
4065,0.0
4066,0.0
4067,0.0
4068,0.0
4069,0.0
4070,0.0
4071,0.0
4072,0.0
4073,0.0
4074,0.0
4075,0.0
4076,0.0
4077,0.0
4078,0.0
4079,0.0
4080,0.0
4081,0.0
4082,0.0
4083,0.0
4084,0.0
4085,0.0
4086,0.0
4087,0.0
4088,0.0
4089,0.0
4090,0.0
4091,0.0
4092,0.0
4093,0.0
4094,0.0
4095,0.0
4096,0.0
4097,0.0
4098,0.0
4099,0.0
4100,0.0
4101,0.0
4102,0.0
4103,0.0
4104,0.0
4105,0.0
4106,0.0
4107,0.0
4108,0.0
4109,0.0
4110,0.0
4111,0.0
4112,0.0
4113,0.0
4114,0.0
4115,0.0
4116,0.0
4117,0.0
4118,0.0
4119,0.0
4120,0.0
4121,0.0
4122,0.0
4123,0.0
4124,0.0
4125,0.0
4126,0.0
4127,0.0
4128,0.0
4129,0.0
4130,0.0
4131,0.0
4132,0.0
4133,0.0
4134,0.0
4135,0.0
4136,0.0
4137,0.0
4138,0.0
4139,0.0
4140,0.0
4141,0.0
4142,0.0
4143,0.0
4144,0.0
4145,0.0
4146,0.0
4147,0.0
4148,0.0
4149,0.0
4150,0.0
4151,0.0
4152,0.0
4153,0.0
4154,0.0
4155,0.0
4156,0.0
4157,0.0
4158,0.0
4159,0.0
4160,0.0
4161,0.0
4162,0.0
4163,0.0
4164,0.0
4165,0.0
4166,0.0
4167,0.0
4168,0.0
4169,0.0
4170,0.0
4171,0.0
4172,0.0
4173,0.0
4174,0.0
4175,0.0
4176,0.0
4177,0.0
4178,0.0
4179,0.0
4180,0.0
4181,0.0
4182,0.0
4183,0.0
4184,0.0
4185,0.0
4186,0.0
4187,0.0
4188,0.0
4189,0.0
4190,0.0
4191,0.0
4192,0.0
4193,0.0
4194,0.0
4195,0.0
4196,0.0
4197,0.0
4198,0.0
4199,0.0
4200,2572.4544856028733
4201,2563.7006748348804
4202,2565.677064550391
4203,2547.2707864664008
4204,2547.2707864664008
4205,2547.2707864664008
4206,2527.280681556213
4207,2532.20041141632
4208,2508.9274324672797
4209,2508.9274324672797
4210,2508.9274324672797
4211,2505.9274324672797
4212,2496.0301417086785
4213,2496.7944895090154
4214,2482.7944895090154
4215,2449.7944895090154
4216,2430.472450663338
4217,2420.773827388244
4218,2420.773827388244
4219,2409.773827388244
4220,2410.9639963625377
4221,2412.022986927464
4222,2399.9611554299363
4223,2399.9611554299363
4224,2403.2229331299636
4225,2403.156015514483
4226,2404.162130971526
4227,2407.7190922737727
4228,2398.1306981538064
4229,2371.403793785207
4230,2371.403793785207
4231,2372.3804530785155
4232,2372.3804530785155
4233,2374.2162990208035
4234,2372.402249446489
4235,2373.84695133395
4236,2373.84695133395
4237,2376.7919735091227
4238,2380.6382012219065
4239,2371.09335782982
4240,2382.8802604087036
4241,2388.56020095917
4242,2378.922514560951
4243,2374.4077221001917
4244,2372.566142327545
4245,2371.826796014702
4246,2372.8125347632194
4247,2375.0157838118575
4248,2377.5331991912913
4249,2378.358960165751
4250,2378.358960165751
4251,2380.9713929311665
4252,2385.2479522451085
4253,2390.3653443624153
4254,2391.563452879211
4255,2391.563452879211
4256,2388.563452879211
4257,2388.563452879211
4258,2388.563452879211
4259,2377.563452879211
4260,2374.563452879211
4261,2369.603937949756
4262,2369.603937949756
4263,2370.878248932794
4264,2364.3860329266067
4265,2359.7615400772625
4266,2354.159667525921
4267,2349.706934102222
4268,2344.511676124734
4269,2341.511676124734
4270,2341.511676124734
4271,2338.511676124734
4272,2339.969632556805
4273,2336.969632556805
4274,2338.6610520086474
4275,2338.6610520086474
4276,2327.249550857296
4277,2327.249550857296
4278,2327.249550857296
4279,2327.249550857296
4280,2331.836835855235
4281,2321.0577680629717
4282,2321.8988396489763
4283,2318.8988396489763
4284,2318.8988396489763
4285,2315.8988396489763
4286,2313.914354013823
4287,2311.263548168453
4288,2305.8312429423404
4289,2292.1571861173193
4290,2290.525528201082
4291,2292.2414227710356
4292,2292.2414227710356
4293,2292.2414227710356
4294,2296.0289596900775
4295,2296.653312296332
4296,2302.6485754902183
4297,2295.8333872504913
4298,2295.859200587217
4299,2296.7934461661866
4300,2299.3133862835607
4301,2299.3133862835607
4302,2299.3133862835607
4303,2300.697866489118
4304,2301.640847077095
4305,2301.640847077095
4306,2302.413791345308
4307,2302.413791345308
4308,2302.413791345308
4309,2306.5002751774127
4310,2308.224435503331
4311,2311.224435503331
4312,2311.224435503331
4313,2312.728176932256
4314,2313.938483191104
4315,2316.3735711595764
4316,2319.3735711595764
4317,2322.3424939306665
4318,2322.3424939306665
4319,2318.3879321140903
4320,2318.48460995585
4321,2318.48460995585
4322,2321.48460995585
4323,2321.48460995585
4324,2315.48460995585
4325,2315.48460995585
4326,2310.3486944033248
4327,2310.3486944033248
4328,2310.3486944033248
4329,2307.3486944033248
4330,2304.3486944033248
4331,2301.3486944033248
4332,2301.3486944033248
4333,2301.3486944033248
4334,2301.3486944033248
4335,2302.697332023436
4336,2310.1914396839084
4337,2307.1914396839084
4338,2304.1914396839084
4339,2301.1914396839084
4340,2301.1914396839084
4341,2301.1914396839084
4342,2301.1914396839084
4343,2301.1914396839084
4344,2301.1914396839084
4345,2301.1914396839084
4346,2298.1914396839084
4347,2298.1914396839084
4348,2298.1914396839084
4349,2298.1914396839084
4350,2298.1914396839084
4351,2295.1914396839084
4352,2292.6026308077153
4353,2286.6026308077153
4354,2286.6026308077153
4355,2286.6026308077153
4356,2285.1057993111303
4357,2285.1057993111303
4358,2285.1057993111303
4359,2285.1057993111303
4360,2285.1057993111303
4361,2282.8999761747905
4362,2282.8999761747905
4363,2282.8999761747905
4364,2282.8999761747905
4365,2282.6541517315404
4366,2282.6541517315404
4367,2282.6541517315404
4368,2279.6541517315404
4369,2281.652378964913
4370,2288.2824021006986
4371,2288.2824021006986
4372,2288.2824021006986
4373,2279.567997272293
4374,2273.0101074144263
4375,2266.1522045073693
4376,2263.2824141327437
4377,2263.2824141327437
4378,2260.282414132744
4379,2260.9855015085845
4380,2260.9855015085845
4381,2256.2625208015434
4382,2256.2625208015434
4383,2250.262520801544
4384,2250.262520801544
4385,2250.262520801544
4386,2250.262520801544
4387,2247.933804016425
4388,2247.933804016425
4389,2245.589194411285
4390,2240.1383767350267
4391,2235.421810503954
4392,2238.3366574339543
4393,2235.3366574339543
4394,2230.4169275738473
4395,2230.9801361773616
4396,2230.9801361773616
4397,2228.5180633919344
4398,2228.5180633919344
4399,2231.1930638436893
4400,2231.1930638436893
4401,2231.1930638436893
4402,2221.879016338423
4403,2221.0166611625527
4404,2224.2787956123534
4405,2225.37235827249
4406,2225.37235827249
4407,2225.37235827249
4408,2222.7395644792637
4409,2225.7395644792637
4410,2224.669420320803
4411,2224.669420320803
4412,2232.6694203208026
4413,2233.449603298185
4414,2233.6832546300393
4415,2232.654287198792
4416,2230.7375868996405
4417,2228.0134741666034
4418,2223.0527508179216
4419,2217.7468950261537
4420,2215.3863128462713
4421,2218.3934164078405
4422,2218.3934164078405
4423,2221.3934164078405
4424,2221.3934164078405
4425,2217.1879184064114
4426,2217.1879184064114
4427,2217.2064167814774
4428,2222.6893574586466
4429,2220.2114729192076
4430,2217.9639704585798
4431,2215.8932685542422
4432,2215.8932685542422
4433,2209.5123207926204
4434,2210.128182585711
4435,2210.128182585711
4436,2208.13677803574
4437,2208.13677803574
4438,2208.13677803574
4439,2208.13677803574
4440,2208.13677803574
4441,2208.13677803574
4442,2205.13677803574
4443,2203.2284255242025
4444,2203.2284255242025
4445,2203.2284255242025
4446,2194.6281656757537
4447,2184.3798723463565
4448,2173.3798723463565
4449,2173.5059474463137
4450,2173.5059474463137
4451,2170.7837765397117
4452,2168.400752183001
4453,2168.9261694819447
4454,2167.1689097371195
4455,2155.2114006595557
4456,2156.6856103280847
4457,2153.685610328085
4458,2148.285476129766
4459,2145.650186183521
4460,2140.6202050100983
4461,2140.6202050100983
4462,2138.219391088762
4463,2138.219391088762
4464,2138.219391088762
4465,2136.0155043190143
4466,2133.0155043190143
4467,2126.724371741028
4468,2126.724371741028
4469,2127.067605089437
4470,2127.176000600527
4471,2125.8076446322098
4472,2126.7001954959173
4473,2127.107516209115
4474,2120.5478704334864
4475,2120.8930625586836
4476,2115.192440122016
4477,2115.192440122016
4478,2115.192440122016
4479,2113.4949701681758
4480,2117.9909854272423
4481,2117.9909854272423
4482,2117.9909854272423
4483,2110.9036710524942
4484,2112.066283313166
4485,2113.2715150347544
4486,2122.0879487795987
4487,2124.215969930269
4488,2124.5960574856963
4489,2124.5960574856963
4490,2124.808673331885
4491,2122.0012996253313
4492,2115.2963310999844
4493,2115.2963310999844
4494,2114.724312849672
4495,2116.1272510183308
4496,2116.1272510183308
4497,2111.54411934469
4498,2110.6086724581314
4499,2110.6086724581314
4500,2105.9080352318015
4501,2104.837760253775
4502,2104.837760253775
4503,2102.9282675255245
4504,2102.9282675255245
4505,2102.9282675255245
4506,2097.235527693328
4507,2097.235527693328
4508,2097.235527693328
4509,2097.235527693328
4510,2097.235527693328
4511,2097.235527693328
4512,2099.7339406876536
4513,2098.4325639627477
4514,2098.4325639627477
4515,2099.415023393017
4516,2104.1621012645237
4517,2101.9902448442317
4518,2099.862223693562
4519,2099.862223693562
4520,2100.669380136692
4521,2099.283665347833
4522,2096.630839587226
4523,2090.908449176843
4524,2090.908449176843
4525,2092.6111433841024
4526,2092.6111433841024
4527,2088.3021305456223
4528,2088.3021305456223
4529,2088.3021305456223
4530,2088.3021305456223
4531,2086.0033168436867
4532,2086.0033168436867
4533,2086.0033168436867
4534,2086.0033168436867
4535,2081.561446581046
4536,2081.455036525852
4537,2082.590187103019
4538,2085.590187103019
4539,2085.6637876883988
4540,2081.6085765551957
4541,2081.6085765551957
4542,2081.6085765551957
4543,2078.7906761448794
4544,2078.7906761448794
4545,2077.374855732714
4546,2076.270224142972
4547,2076.5046141270627
4548,2076.5046141270627
4549,2076.5046141270627
4550,2071.648045265026
4551,2071.648045265026
4552,2063.3724469082886
4553,2063.3724469082886
4554,2066.5555244919674
4555,2065.7709393893947
4556,2065.639432509567
4557,2065.639432509567
4558,2065.639432509567
4559,2065.639432509567
4560,2067.088113663974
4561,2067.088113663974
4562,2067.088113663974
4563,2070.088113663974
4564,2078.0350569529596
4565,2078.0350569529596
4566,2078.0350569529596
4567,2078.435961416623
4568,2075.13887822321
4569,2075.13887822321
4570,2078.1788374285643
4571,2078.1788374285643
4572,2076.6626933328976
4573,2075.0869122636923
4574,2082.3651016613303
4575,2081.39633865075
4576,2083.767866717126
4577,2083.767866717126
4578,2083.767866717126
4579,2083.767866717126
4580,2083.767866717126
4581,2083.767866717126
4582,2087.6797449295805
4583,2087.6797449295805
4584,2085.122352211573
4585,2085.122352211573
4586,2085.122352211573
4587,2085.122352211573
4588,2083.524354552828
4589,2085.220621297251
4590,2080.354874767127
4591,2080.354874767127
4592,2080.354874767127
4593,2075.5409044572407
4594,2070.395175166245
4595,2068.876160062964
4596,2073.656195989793
4597,2073.656195989793
4598,2073.2824302909166
4599,2070.7757989608344
4600,2070.7757989608344
4601,2073.7757989608344
4602,2073.7757989608344
4603,2081.054694749133
4604,2082.803787042528
4605,2082.803787042528
4606,2087.4855874627824
4607,2087.4855874627824
4608,2087.4855874627824
4609,2091.7777784596515
4610,2090.2787525549293
4611,2090.9425357879268
4612,2093.8169570977193
4613,2093.8169570977193
4614,2096.389537781611
4615,2094.746196918232
4616,2091.746196918232
4617,2091.746196918232
4618,2091.411031453239
4619,2096.8719599406027
4620,2096.8719599406027
4621,2097.7665135542284
4622,2096.4603984243918
4623,2098.0744207700736
4624,2104.76324537386
4625,2104.76324537386
4626,2109.453351640645
4627,2109.453351640645
4628,2108.242648964152
4629,2108.631794384337
4630,2111.2455883504986
4631,2111.2455883504986
4632,2110.1846097904804
4633,2109.491568791407
4634,2109.491568791407
4635,2109.491568791407
4636,2109.491568791407
4637,2108.7257223079255
4638,2110.516326446936
4639,2109.487143030026
4640,2109.487143030026
4641,2115.160154714115
4642,2113.7636459679666
4643,2113.7636459679666
4644,2118.352108313489
4645,2118.352108313489
4646,2115.336232339163
4647,2112.336232339163
4648,2111.115153455845
4649,2119.6517978473653
4650,2118.393559812714
4651,2111.6877326515123
4652,2107.8945494476993
4653,2106.6625199434234
4654,2106.6625199434234
4655,2102.5856395518713
4656,2101.601099612366
4657,2099.0373995597224
4658,2095.756943965404
4659,2090.35977688698
4660,2083.879326779533
4661,2086.6040993658253
4662,2080.6613124143946
4663,2080.166275041347
4664,2085.359505817695
4665,2084.609649673386
4666,2078.299080866724
4667,2071.0066124615196
4668,2091.889378248996
4669,2089.3487442130486
4670,2094.595825123608
4671,2092.8655400692683
4672,2080.5209788191814
4673,2080.5209788191814
4674,2074.5290060384523
4675,2069.567255210457
4676,2063.7930763364193
4677,2062.0510232230104
4678,2058.545784483913
4679,2045.1257200813282
4680,2050.1305112945925
4681,2048.677736347869
4682,2037.9150167981607
4683,2036.8953252877345
4684,2047.8953252877345
4685,2054.07233102951
4686,2050.8489173039084
4687,2048.6132237628076
4688,2035.261396860445
4689,2033.79538397012
4690,2030.4021728467064
4691,2026.969089864954
4692,2022.9139036326403
4693,2029.6518873273935
4694,2029.5301409727697
4695,2027.3602734565181
4696,2036.5378664325137
4697,2037.974667263317
4698,2049.61135808821
4699,2046.555929562884
4700,2054.930056509341
4701,2050.5976784131235
4702,2046.568830121527
4703,2035.205155681041
4704,2054.1141048328886
4705,2050.6675590322284
4706,2044.057368396338
4707,2037.2072545057974
4708,2034.9372585812052
4709,2039.9044973155162
4710,2035.8101355285569
4711,2022.0119694527464
4712,2015.8732025857582
4713,2012.2418623935148
4714,2012.21637689725
4715,1994.8352589242443
4716,1993.6590738423524
4717,1987.8662417099267
4718,1981.8048499959655
4719,1997.7133141720758
4720,2000.8138337718108
4721,1994.1936305829224
4722,1995.1081814802558
4723,1991.8684793829946
4724,1989.1961911209112
4725,1977.554394661168
4726,1982.1108297470723
4727,1973.7390261870592
4728,1967.098944539272
4729,1962.6513571543874
4730,1956.865524729982
4731,1970.5218242838355
4732,1951.0502369142346
4733,1950.7776405455093
4734,1947.553498654162
4735,1957.6708851156136
4736,1952.2700132266955
4737,1950.2648531903305
4738,1970.4476560839291
4739,1972.5419013727608
4740,0.0
4741,0.0
4742,0.0
4743,0.0
4744,0.0
4745,0.0
4746,0.0
4747,0.0
4748,0.0
4749,0.0
4750,0.0
4751,0.0
4752,0.0
4753,0.0
4754,0.0
4755,0.0
4756,0.0
4757,0.0
4758,0.0
4759,0.0
4760,0.0
4761,0.0
4762,0.0
4763,0.0
4764,0.0
4765,0.0
4766,0.0
4767,0.0
4768,0.0
4769,0.0
4770,0.0
4771,0.0
4772,0.0
4773,0.0
4774,0.0
4775,10.940396647889727
4776,10.940396647889727
4777,10.940396647889727
4778,10.940396647889727
4779,10.940396647889727
4780,10.940396647889727
4781,10.940396647889727
4782,10.940396647889727
4783,21.940396647889727
4784,21.940396647889727
4785,21.940396647889727
4786,21.940396647889727
4787,21.940396647889727
4788,21.940396647889727
4789,21.940396647889727
4790,21.940396647889727
4791,21.940396647889727
4792,21.940396647889727
4793,21.940396647889727
4794,21.940396647889727
4795,21.940396647889727
4796,21.940396647889727
4797,21.940396647889727
4798,21.940396647889727
4799,21.940396647889727
4800,21.940396647889727
4801,21.940396647889727
4802,21.940396647889727
4803,21.940396647889727
4804,21.940396647889727
4805,21.940396647889727
4806,21.940396647889727
4807,21.940396647889727
4808,21.940396647889727
4809,21.940396647889727
4810,21.940396647889727
4811,21.940396647889727
4812,21.940396647889727
4813,21.940396647889727
4814,21.940396647889727
4815,21.940396647889727
4816,21.940396647889727
4817,21.940396647889727
4818,21.940396647889727
4819,21.940396647889727
4820,21.940396647889727
4821,32.90159699990242
4822,32.90159699990242
4823,32.90159699990242
4824,32.90159699990242
4825,32.90159699990242
4826,32.90159699990242
4827,32.90159699990242
4828,32.90159699990242
4829,32.90159699990242
4830,32.90159699990242
4831,32.90159699990242
4832,32.90159699990242
4833,32.90159699990242
4834,32.90159699990242
4835,32.90159699990242
4836,32.90159699990242
4837,32.90159699990242
4838,32.90159699990242
4839,32.90159699990242
4840,32.90159699990242
4841,32.90159699990242
4842,32.90159699990242
4843,32.90159699990242
4844,32.90159699990242
4845,32.90159699990242
4846,32.90159699990242
4847,32.90159699990242
4848,32.90159699990242
4849,32.90159699990242
4850,32.90159699990242
4851,32.90159699990242
4852,32.90159699990242
4853,32.90159699990242
4854,32.90159699990242
4855,32.90159699990242
4856,32.90159699990242
4857,32.90159699990242
4858,32.90159699990242
4859,32.90159699990242
4860,32.90159699990242
4861,32.90159699990242
4862,32.90159699990242
4863,32.90159699990242
4864,32.90159699990242
4865,32.90159699990242
4866,32.90159699990242
4867,32.90159699990242
4868,43.886681263807965
4869,43.886681263807965
4870,43.886681263807965
4871,43.886681263807965
4872,43.886681263807965
4873,43.886681263807965
4874,43.886681263807965
4875,43.886681263807965
4876,43.886681263807965
4877,43.886681263807965
4878,43.886681263807965
4879,43.886681263807965
4880,43.886681263807965
4881,43.886681263807965
4882,43.886681263807965
4883,54.870059610058846
4884,54.870059610058846
4885,54.870059610058846
4886,57.870059610058846
4887,57.870059610058846
4888,57.870059610058846
4889,57.870059610058846
4890,46.870059610058846
4891,46.870059610058846
4892,46.870059610058846
4893,46.870059610058846
4894,46.870059610058846
4895,46.870059610058846
4896,46.870059610058846
4897,46.870059610058846
4898,35.92966296216912
4899,35.92966296216912
4900,35.92966296216912
4901,35.92966296216912
4902,35.92966296216912
4903,35.92966296216912
4904,35.92966296216912
4905,35.92966296216912
4906,35.92966296216912
4907,35.92966296216912
4908,35.92966296216912
4909,46.914170668971934
4910,46.914170668971934
4911,46.914170668971934
4912,46.914170668971934
4913,46.914170668971934
4914,46.914170668971934
4915,46.914170668971934
4916,46.914170668971934
4917,46.914170668971934
4918,46.914170668971934
4919,46.914170668971934
4920,46.914170668971934
4921,46.914170668971934
4922,46.914170668971934
4923,46.914170668971934
4924,46.914170668971934
4925,46.914170668971934
4926,46.914170668971934
4927,46.914170668971934
4928,46.914170668971934
4929,46.914170668971934
4930,46.914170668971934
4931,46.914170668971934
4932,46.914170668971934
4933,46.914170668971934
4934,46.914170668971934
4935,46.914170668971934
4936,46.914170668971934
4937,46.914170668971934
4938,46.914170668971934
4939,46.914170668971934
4940,46.914170668971934
4941,46.914170668971934
4942,46.914170668971934
4943,46.914170668971934
4944,46.914170668971934
4945,46.914170668971934
4946,57.86580797490785
4947,57.86580797490785
4948,57.86580797490785
4949,68.85986299693121
4950,57.898662644918524
4951,57.898662644918524
4952,68.82658966037187
4953,68.82658966037187
4954,68.82658966037187
4955,68.82658966037187
4956,68.82658966037187
4957,68.82658966037187
4958,68.82658966037187
4959,68.82658966037187
4960,68.82658966037187
4961,68.82658966037187
4962,68.82658966037187
4963,68.82658966037187
4964,68.82658966037187
4965,68.82658966037187
4966,68.82658966037187
4967,68.82658966037187
4968,68.82658966037187
4969,68.82658966037187
4970,68.82658966037187
4971,68.82658966037187
4972,68.82658966037187
4973,68.82658966037187
4974,68.82658966037187
4975,68.82658966037187
4976,68.82658966037187
4977,68.82658966037187
4978,68.82658966037187
4979,68.82658966037187
4980,68.82658966037187
4981,68.82658966037187
4982,68.82658966037187
4983,68.82658966037187
4984,68.82658966037187
4985,68.82658966037187
4986,68.82658966037187
4987,68.82658966037187
4988,68.82658966037187
4989,68.82658966037187
4990,68.82658966037187
4991,68.82658966037187
4992,68.82658966037187
4993,68.82658966037187
4994,68.82658966037187
4995,68.82658966037187
4996,68.82658966037187
4997,68.82658966037187
4998,68.82658966037187
4999,68.82658966037187
5000,68.82658966037187
5001,68.82658966037187
5002,68.82658966037187
5003,68.82658966037187
5004,68.82658966037187
5005,68.82658966037187
5006,68.82658966037187
5007,79.78140891793879
5008,79.78140891793879
5009,79.78140891793879
5010,68.79632465403324
5011,68.79632465403324
5012,57.81294630778236
5013,57.81294630778236
5014,57.81294630778236
5015,57.81294630778236
5016,68.74341435081942
5017,68.74341435081942
5018,68.74341435081942
5019,68.74341435081942
5020,68.74341435081942
5021,68.74341435081942
5022,68.74341435081942
5023,68.74341435081942
5024,68.74341435081942
5025,68.74341435081942
5026,68.74341435081942
5027,68.74341435081942
5028,68.74341435081942
5029,68.74341435081942
5030,68.74341435081942
5031,68.74341435081942
5032,68.74341435081942
5033,68.74341435081942
5034,68.74341435081942
5035,68.74341435081942
5036,68.74341435081942
5037,68.74341435081942
5038,68.74341435081942
5039,68.74341435081942
5040,68.74341435081942
5041,68.74341435081942
5042,68.74341435081942
5043,68.74341435081942
5044,68.74341435081942
5045,68.74341435081942
5046,68.74341435081942
5047,68.74341435081942
5048,68.74341435081942
5049,68.74341435081942
5050,68.74341435081942
5051,68.74341435081942
5052,68.74341435081942
5053,57.758906644016605
5054,57.758906644016605
5055,57.758906644016605
5056,57.758906644016605
5057,68.6813492930473
5058,68.6813492930473
5059,68.6813492930473
5060,68.6813492930473
5061,68.6813492930473
5062,68.6813492930473
5063,68.6813492930473
5064,68.6813492930473
5065,68.6813492930473
5066,68.6813492930473
5067,68.6813492930473
5068,68.6813492930473
5069,57.72971198711139
5070,57.72971198711139
5071,57.72971198711139
5072,57.72971198711139
5073,57.72971198711139
5074,57.72971198711139
5075,57.72971198711139
5076,57.72971198711139
5077,57.72971198711139
5078,57.72971198711139
5079,57.72971198711139
5080,57.72971198711139
5081,57.72971198711139
5082,57.72971198711139
5083,57.72971198711139
5084,57.72971198711139
5085,57.72971198711139
5086,57.72971198711139
5087,57.72971198711139
5088,46.80178497165806
5089,46.80178497165806
5090,46.80178497165806
5091,46.80178497165806
5092,46.80178497165806
5093,46.80178497165806
5094,46.80178497165806
5095,46.80178497165806
5096,46.80178497165806
5097,46.80178497165806
5098,46.80178497165806
5099,46.80178497165806
5100,46.80178497165806
5101,46.80178497165806
5102,46.80178497165806
5103,57.80178497165806
5104,57.80178497165806
5105,57.80178497165806
5106,57.80178497165806
5107,57.80178497165806
5108,57.80178497165806
5109,57.80178497165806
5110,57.80178497165806
5111,57.80178497165806
5112,57.80178497165806
5113,57.80178497165806
5114,57.80178497165806
5115,57.80178497165806
5116,57.80178497165806
5117,57.80178497165806
5118,57.80178497165806
5119,57.80178497165806
5120,57.80178497165806
5121,57.80178497165806
5122,57.80178497165806
5123,57.80178497165806
5124,57.80178497165806
5125,57.80178497165806
5126,57.80178497165806
5127,54.80178497165806
5128,54.80178497165806
5129,65.80178497165807
5130,54.846965714091134
5131,54.846965714091134
5132,65.84696571409114
5133,65.84696571409114
5134,65.84696571409114
5135,65.84696571409114
5136,65.84696571409114
5137,54.846965714091134
5138,54.846965714091134
5139,54.846965714091134
5140,54.846965714091134
5141,54.846965714091134
5142,54.846965714091134
5143,54.846965714091134
5144,54.846965714091134
5145,54.846965714091134
5146,54.846965714091134
5147,54.846965714091134
5148,54.846965714091134
5149,54.846965714091134
5150,43.91649767105407
5151,32.91649767105407
5152,32.91649767105407
5153,32.91649767105407
5154,32.91649767105407
5155,32.91649767105407
5156,32.91649767105407
5157,32.91649767105407
5158,32.91649767105407
5159,32.91649767105407
5160,32.91649767105407
5161,32.91649767105407
5162,32.91649767105407
5163,32.91649767105407
5164,32.91649767105407
5165,32.91649767105407
5166,32.91649767105407
5167,32.91649767105407
5168,32.91649767105407
5169,32.91649767105407
5170,32.91649767105407
5171,32.91649767105407
5172,32.91649767105407
5173,32.91649767105407
5174,32.91649767105407
5175,32.91649767105407
5176,32.91649767105407
5177,32.91649767105407
5178,32.91649767105407
5179,32.91649767105407
5180,32.91649767105407
5181,21.922442649030707
5182,21.922442649030707
5183,21.922442649030707
5184,21.922442649030707
5185,21.922442649030707
5186,11.0
5187,11.0
5188,11.0
5189,11.0
5190,11.0
5191,11.0
5192,11.0
5193,11.0
5194,11.0
5195,21.94921169427398
5196,21.94921169427398
5197,21.94921169427398
5198,21.94921169427398
5199,21.94921169427398
5200,21.94921169427398
5201,21.94921169427398
5202,21.94921169427398
5203,21.94921169427398
5204,21.94921169427398
5205,21.94921169427398
5206,21.94921169427398
5207,21.94921169427398
5208,21.94921169427398
5209,21.94921169427398
5210,21.94921169427398
5211,21.94921169427398
5212,21.94921169427398
5213,21.94921169427398
5214,21.94921169427398
5215,21.94921169427398
5216,21.94921169427398
5217,21.94921169427398
5218,21.94921169427398
5219,21.94921169427398
5220,10.94921169427398
5221,10.94921169427398
5222,10.94921169427398
5223,10.94921169427398
5224,10.94921169427398
5225,10.94921169427398
5226,10.94921169427398
5227,10.94921169427398
5228,10.94921169427398
5229,10.94921169427398
5230,10.94921169427398
5231,10.94921169427398
5232,10.94921169427398
5233,10.94921169427398
5234,10.94921169427398
5235,10.94921169427398
5236,10.94921169427398
5237,10.94921169427398
5238,10.94921169427398
5239,10.94921169427398
5240,10.94921169427398
5241,10.94921169427398
5242,10.94921169427398
5243,10.94921169427398
5244,10.94921169427398
5245,10.94921169427398
5246,10.94921169427398
5247,10.94921169427398
5248,10.94921169427398
5249,10.94921169427398
5250,10.94921169427398
5251,10.94921169427398
5252,10.94921169427398
5253,10.94921169427398
5254,10.94921169427398
5255,10.94921169427398
5256,10.94921169427398
5257,10.94921169427398
5258,10.94921169427398
5259,10.94921169427398
5260,10.94921169427398
5261,21.94921169427398
5262,21.94921169427398
5263,21.94921169427398
5264,21.94921169427398
5265,21.94921169427398
5266,21.94921169427398
5267,21.94921169427398
5268,21.94921169427398
5269,21.94921169427398
5270,21.94921169427398
5271,21.94921169427398
5272,32.89077841949103
5273,32.89077841949103
5274,32.89077841949103
5275,32.89077841949103
5276,32.89077841949103
5277,32.89077841949103
5278,32.89077841949103
5279,32.89077841949103
5280,32.89077841949103
5281,32.89077841949103
5282,32.89077841949103
5283,32.89077841949103
5284,32.89077841949103
5285,32.89077841949103
5286,32.89077841949103
5287,32.89077841949103
5288,32.89077841949103
5289,43.89077841949103
5290,43.89077841949103
5291,43.89077841949103
5292,43.89077841949103
5293,43.89077841949103
5294,43.89077841949103
5295,43.89077841949103
5296,43.89077841949103
5297,43.89077841949103
5298,43.89077841949103
5299,43.89077841949103
5300,43.89077841949103
5301,43.89077841949103
5302,43.89077841949103
5303,43.89077841949103
5304,43.89077841949103
5305,43.89077841949103
5306,43.89077841949103
5307,43.89077841949103
5308,43.89077841949103
5309,43.89077841949103
5310,43.89077841949103
5311,43.89077841949103
5312,43.89077841949103
5313,43.89077841949103
5314,43.89077841949103
5315,43.89077841949103
5316,43.89077841949103
5317,43.89077841949103
5318,43.89077841949103
5319,43.89077841949103
5320,43.89077841949103
5321,43.89077841949103
5322,43.89077841949103
5323,43.89077841949103
5324,46.89077841949103
5325,46.89077841949103
5326,46.89077841949103
5327,46.89077841949103
5328,46.89077841949103
5329,46.89077841949103
5330,46.89077841949103
5331,46.89077841949103
5332,46.89077841949103
5333,46.89077841949103
5334,46.89077841949103
5335,46.89077841949103
5336,46.89077841949103
5337,46.89077841949103
5338,46.89077841949103
5339,46.89077841949103
5340,60.89077841949103
5341,49.89077841949103
5342,49.89077841949103
5343,49.89077841949103
5344,49.89077841949103
5345,49.89077841949103
5346,49.89077841949103
5347,49.89077841949103
5348,38.941566725217044
5349,38.941566725217044
5350,38.941566725217044
5351,38.941566725217044
5352,38.941566725217044
5353,38.941566725217044
5354,38.941566725217044
5355,38.941566725217044
5356,38.941566725217044
5357,38.941566725217044
5358,38.941566725217044
5359,38.941566725217044
5360,38.941566725217044
5361,38.941566725217044
5362,38.941566725217044
5363,38.941566725217044
5364,38.941566725217044
5365,38.941566725217044
5366,38.941566725217044
5367,38.941566725217044
5368,38.941566725217044
5369,38.941566725217044
5370,38.941566725217044
5371,38.941566725217044
5372,38.941566725217044
5373,38.941566725217044
5374,38.941566725217044
5375,38.941566725217044
5376,38.941566725217044
5377,38.941566725217044
5378,38.941566725217044
5379,38.941566725217044
5380,38.941566725217044
5381,38.941566725217044
5382,38.941566725217044
5383,38.941566725217044
5384,38.941566725217044
5385,38.941566725217044
5386,38.941566725217044
5387,38.941566725217044
5388,38.941566725217044
5389,38.941566725217044
5390,38.941566725217044
5391,38.941566725217044
5392,38.941566725217044
5393,38.941566725217044
5394,38.941566725217044
5395,38.941566725217044
5396,38.941566725217044
5397,38.941566725217044
5398,38.941566725217044
5399,38.941566725217044
5400,38.941566725217044
5401,38.941566725217044
5402,38.941566725217044
5403,38.941566725217044
5404,38.941566725217044
5405,38.941566725217044
5406,38.941566725217044
5407,38.941566725217044
5408,38.941566725217044
5409,38.941566725217044
5410,38.941566725217044
5411,35.941566725217044
5412,35.941566725217044
5413,35.941566725217044
5414,35.941566725217044
5415,35.941566725217044
5416,24.941566725217044
5417,24.941566725217044
5418,24.941566725217044
5419,24.941566725217044
5420,24.941566725217044
5421,24.941566725217044
5422,24.941566725217044
5423,24.941566725217044
5424,24.941566725217044
5425,24.941566725217044
5426,24.941566725217044
5427,24.941566725217044
5428,24.941566725217044
5429,24.941566725217044
5430,24.941566725217044
5431,24.941566725217044
5432,14.0
5433,14.0
5434,14.0
5435,3.0
5436,3.0
5437,3.0
5438,3.0
5439,3.0
5440,3.0
5441,3.0
5442,3.0
5443,3.0
5444,3.0
5445,3.0
5446,0.0
5447,0.0
5448,0.0
5449,0.0
5450,0.0
5451,0.0
5452,0.0
5453,0.0
5454,0.0
5455,0.0
5456,0.0
5457,0.0
5458,0.0
5459,0.0
5460,0.0
5461,0.0
5462,0.0
5463,0.0
5464,0.0
5465,0.0
5466,0.0
5467,0.0
5468,0.0
5469,0.0
5470,0.0
5471,0.0
5472,0.0
5473,0.0
5474,0.0
5475,0.0
5476,0.0
5477,0.0
5478,0.0
5479,0.0
5480,0.0
5481,0.0
5482,0.0
5483,0.0
5484,0.0
5485,0.0
5486,0.0
5487,0.0
5488,0.0
5489,0.0
5490,0.0
5491,0.0
5492,0.0
5493,0.0
5494,0.0
5495,0.0
5496,0.0
5497,0.0
5498,0.0
5499,0.0
5500,0.0
5501,0.0
5502,0.0
5503,0.0
5504,0.0
5505,0.0
5506,0.0
5507,0.0
5508,0.0
5509,0.0
5510,0.0
5511,0.0
5512,0.0
5513,0.0
5514,0.0
5515,0.0
5516,0.0
5517,0.0
5518,0.0
5519,0.0
5520,0.0
5521,0.0
5522,0.0
5523,0.0
5524,0.0
5525,0.0
5526,0.0
5527,0.0
5528,0.0
5529,0.0
5530,0.0
5531,0.0
5532,0.0
5533,0.0
5534,0.0
5535,0.0
5536,0.0
5537,0.0
5538,0.0
5539,0.0
5540,0.0
5541,0.0
5542,0.0
5543,0.0
5544,0.0
5545,0.0
5546,0.0
5547,0.0
5548,0.0
5549,0.0
5550,0.0
5551,0.0
5552,0.0
5553,0.0
5554,0.0
5555,0.0
5556,0.0
5557,0.0
5558,0.0
5559,0.0
5560,0.0
5561,0.0
5562,0.0
5563,0.0
5564,0.0
5565,0.0
5566,0.0
5567,0.0
5568,0.0
5569,0.0
5570,0.0
5571,0.0
5572,0.0
5573,0.0
5574,0.0
5575,0.0
5576,0.0
5577,0.0
5578,0.0
5579,0.0
5580,0.0
5581,0.0
5582,0.0
5583,0.0
5584,0.0
5585,0.0
5586,0.0
5587,0.0
5588,0.0
5589,0.0
5590,0.0
5591,0.0
5592,0.0
5593,0.0
5594,0.0
5595,0.0
5596,0.0
5597,0.0
5598,0.0
5599,0.0
5600,0.0
5601,0.0
5602,0.0
5603,0.0
5604,0.0
5605,0.0
5606,0.0
5607,0.0
5608,0.0
5609,0.0
5610,0.0
5611,0.0
5612,0.0
5613,0.0
5614,0.0
5615,0.0
5616,0.0
5617,0.0
5618,0.0
5619,0.0
5620,0.0
5621,0.0
5622,0.0
5623,0.0
5624,0.0
5625,0.0
5626,0.0
5627,0.0
5628,0.0
5629,0.0
5630,0.0
5631,0.0
5632,0.0
5633,0.0
5634,0.0
5635,0.0
5636,0.0
5637,0.0
5638,0.0
5639,0.0
5640,2606.8361473563764
5641,2595.8361473563764
5642,2595.8361473563764
5643,2600.6528008824757
5644,2589.6528008824757
5645,2592.106345021471
5646,2592.196738952902
5647,2583.7856691924644
5648,2586.7856691924644
5649,2577.0033248015193
5650,2566.0033248015193
5651,2567.4896646584184
5652,2567.4896646584184
5653,2558.3882018760055
5654,2555.3882018760055
5655,2473.2311583609835
5656,2473.2311583609835
5657,2463.155136291427
5658,2464.1230370921307
5659,2454.861670011514
5660,2457.7947758771297
5661,2448.7947758771297
5662,2448.7947758771297
5663,2451.527580406595
5664,2435.6068145113486
5665,2435.6068145113486
5666,2435.6068145113486
5667,2435.6068145113486
5668,2435.6068145113486
5669,2439.993856839301
5670,2439.993856839301
5671,2433.993856839301
5672,2442.806434621663
5673,2443.299385661755
5674,2447.388185113621
5675,2425.388185113621
5676,2426.5146614206674
5677,2431.109853188595
5678,2431.109853188595
5679,2432.430906241836
5680,2423.476154513716
5681,2424.552585057413
5682,2425.6217495960614
5683,2425.7557736675712
5684,2428.6799964183
5685,2417.6799964183
5686,2406.6799964183
5687,2406.6799964183
5688,2400.3497901819187
5689,2397.6334578650826
5690,2399.6653923298804
5691,2405.60219944601
5692,2405.60219944601
5693,2406.7081068517846
5694,2401.34571095017
5695,2401.34571095017
5696,2402.537186934679
5697,2402.537186934679
5698,2402.537186934679
5699,2393.423761564411
5700,2393.3314037092946
5701,2391.3570399670425
5702,2388.3570399670425
5703,2385.7774597634248
5704,2378.1757875655026
5705,2382.8630477717948
5706,2382.3361829904297
5707,2383.4608836518983
5708,2384.695141538628
5709,2384.695141538628
5710,2380.6582703958375
5711,2380.6582703958375
5712,2376.7418694643834
5713,2376.7418694643834
5714,2373.7418694643834
5715,2378.7157141317607
5716,2382.9613829994937
5717,2373.059435728699
5718,2370.1546738876555
5719,2370.1546738876555
5720,2370.1546738876555
5721,2371.619601607035
5722,2374.619601607035
5723,2371.619601607035
5724,2371.619601607035
5725,2367.239371453512
5726,2367.239371453512
5727,2367.239371453512
5728,2362.368239641131
5729,2362.368239641131
5730,2359.368239641131
5731,2355.864369906754
5732,2348.072189801705
5733,2345.9185191991623
5734,2351.273882353042
5735,2352.728791007729
5736,2350.2712569532596
5737,2350.2712569532596
5738,2352.1280517769924
5739,2353.162535980863
5740,2361.051120167782
5741,2361.051120167782
5742,2364.051120167782
5743,2364.051120167782
5744,2364.051120167782
5745,2364.1017159291205
5746,2364.1017159291205
5747,2364.1017159291205
5748,2364.1017159291205
5749,2367.2506601275168
5750,2367.2506601275168
5751,2369.004872977424
5752,2369.004872977424
5753,2369.41600973589
5754,2369.41600973589
5755,2369.41600973589
5756,2369.41600973589
5757,2369.78881106698
5758,2374.210000911461
5759,2362.767763849157
5760,2364.1326626623986
5761,2359.0800497505497
5762,2359.0800497505497
5763,2356.0800497505497
5764,2356.0800497505497
5765,2356.0800497505497
5766,2350.0800497505497
5767,2346.2766176656264
5768,2343.2766176656264
5769,2343.3292117474125
5770,2343.3292117474125
5771,2343.3292117474125
5772,2343.3292117474125
5773,2332.3292117474125
5774,2328.8188199837978
5775,2333.505298056997
5776,2319.505298056997
5777,2315.211528083433
5778,2315.211528083433
5779,2312.211528083433
5780,2312.211528083433
5781,2312.211528083433
5782,2308.1451399151583
5783,2302.1979418338797
5784,2299.9897073099387
5785,2299.9897073099387
5786,2299.9897073099387
5787,2290.9897073099387
5788,2290.9897073099387
5789,2290.9897073099387
5790,2290.9897073099387
5791,2287.9897073099387
5792,2287.9897073099387
5793,2287.9897073099387
5794,2279.817815010313
5795,2282.817815010313
5796,2282.817815010313
5797,2283.0315432718685
5798,2283.8224257234588
5799,2284.078792599425
5800,2279.099365256731
5801,2279.099365256731
5802,2277.5292253433686
5803,2277.5292253433686
5804,2270.9086770227605
5805,2271.9353463552766
5806,2271.9353463552766
5807,2268.9353463552766
5808,2265.9353463552766
5809,2273.405780846474
5810,2273.405780846474
5811,2273.405780846474
5812,2269.6180759801064
5813,2264.0565309752783
5814,2259.3886649402157
5815,2252.8892265627396
5816,2255.8017590060354
5817,2252.8017590060354
5818,2252.7822643410573
5819,2252.7822643410573
5820,2252.7822643410573
5821,2252.803427185252
5822,2249.803427185252
5823,2245.898382678758
5824,2245.898382678758
5825,2245.898382678758
5826,2245.898382678758
5827,2245.898382678758
5828,2239.898382678758
5829,2228.5557206212566
5830,2228.5557206212566
5831,2228.5557206212566
5832,2227.9769855378017
5833,2234.254556544809
5834,2229.388282337388
5835,2229.654648319163
5836,2229.654648319163
5837,2229.654648319163
5838,2229.719421181426
5839,2223.581387202528
5840,2217.9972330744026
5841,2220.0435705238024
5842,2220.0435705238024
5843,2220.0435705238024
5844,2212.043570523803
5845,2212.043570523803
5846,2201.713753644212
5847,2198.8433301545083
5848,2198.8433301545083
5849,2196.4131124787295
5850,2191.997979154758
5851,2194.5395229682154
5852,2194.5589641321917
5853,2194.5589641321917
5854,2197.5589641321917
5855,2197.5589641321917
5856,2199.8900223487776
5857,2203.502865112766
5858,2201.301107256486
5859,2199.242293253216
5860,2196.242293253216
5861,2199.5109880876726
5862,2201.9604311306507
5863,2199.6221289383675
5864,2199.6221289383675
5865,2197.133744051862
5866,2195.4321114392787
5867,2195.4321114392787
5868,2190.81154174252
5869,2193.2166874540294
5870,2193.2166874540294
5871,2187.5081770069946
5872,2185.2907439376886
5873,2182.9508644154466
5874,2175.062280228528
5875,2175.062280228528
5876,2175.062280228528
5877,2175.062280228528
5878,2175.062280228528
5879,2172.062280228528
5880,2172.062280228528
5881,2172.062280228528
5882,2167.005110376922
5883,2166.23531763056
5884,2153.7756232518523
5885,2153.7756232518523
5886,2153.7756232518523
5887,2152.681233098112
5888,2154.8984105101313
5889,2154.8984105101313
5890,2152.4907374691325
5891,2152.4907374691325
5892,2152.4907374691325
5893,2152.4907374691325
5894,2152.4907374691325
5895,2150.1393104457825
5896,2158.4021294747467
5897,2159.0839332600813
5898,2160.1196610286383
5899,2160.1196610286383
5900,2160.1196610286383
5901,2160.1196610286383
5902,2162.4662221990206
5903,2157.201949560279
5904,2154.2465411418934
5905,2147.851073858506
5906,2144.851073858506
5907,2143.303319971207
5908,2138.10742819328
5909,2140.083524461756
5910,2140.083524461756
5911,2140.943960584938
5912,2144.750532285773
5913,2139.2977552943225
5914,2139.2977552943225
5915,2137.178623423936
5916,2137.178623423936
5917,2137.178623423936
5918,2134.0206714293995
5919,2134.0206714293995
5920,2134.0206714293995
5921,2134.0206714293995
5922,2134.0206714293995
5923,2129.4176803639944
5924,2129.4176803639944
5925,2131.7298804204506
5926,2131.8289658773765
5927,2131.8289658773765
5928,2131.0241263106204
5929,2131.0241263106204
5930,2128.0241263106204
5931,2128.0241263106204
5932,2128.0241263106204
5933,2125.0241263106204
5934,2122.0534587941124
5935,2122.0534587941124
5936,2122.0534587941124
5937,2120.0788327226833
5938,2120.0788327226833
5939,2117.078832722683
5940,2114.8275119460754
5941,2115.0534397546744
5942,2113.4435599631647
5943,2113.4435599631647
5944,2109.4390418391276
5945,2113.4913812128516
5946,2113.4913812128516
5947,2101.098854474428
5948,2101.098854474428
5949,2095.2273265524714
5950,2095.2273265524714
5951,2092.2273265524714
5952,2089.2273265524714
5953,2087.614699605338
5954,2087.614699605338
5955,2096.296738674951
5956,2096.296738674951
5957,2097.415234492604
5958,2094.9420992739692
5959,2092.071229746281
5960,2089.8998509822422
5961,2089.8998509822422
5962,2086.7579513024853
5963,2086.7579513024853
5964,2086.760108286794
5965,2086.760108286794
5966,2086.760108286794
5967,2093.961549672377
5968,2093.961549672377
5969,2090.9969978932872
5970,2089.326187435304
5971,2089.326187435304
5972,2087.4800833741306
5973,2087.4800833741306
5974,2085.971178600281
5975,2085.971178600281
5976,2085.971178600281
5977,2085.971178600281
5978,2082.3598292453207
5979,2084.977898734802
5980,2084.977898734802
5981,2084.977898734802
5982,2086.3830695148145
5983,2084.735481893715
5984,2083.488153708305
5985,2083.488153708305
5986,2086.6966486527217
5987,2087.8724790497395
5988,2087.8724790497395
5989,2083.841874684144
5990,2083.841874684144
5991,2083.841874684144
5992,2090.3890836569963
5993,2093.3890836569963
5994,2093.3890836569963
5995,2093.3890836569963
5996,2093.3890836569963
5997,2093.3890836569963
5998,2093.3890836569963
5999,2093.3890836569963
6000,2093.7341344606934
6001,2093.7341344606934
6002,2093.7341344606934
6003,2093.7341344606934
6004,2093.7341344606934
6005,2092.4822644465157
6006,2089.4822644465157
6007,2090.462995575514
6008,2087.190437507865
6009,2087.190437507865
6010,2083.8709672970294
6011,2083.8709672970294
6012,2074.9735151668706
6013,2074.9735151668706
6014,2074.9735151668706
6015,2073.552741740091
6016,2073.552741740091
6017,2082.8885018608357
6018,2082.7656333837085
6019,2081.642308562929
6020,2081.642308562929
6021,2073.644208199841
6022,2070.644208199841
6023,2069.167715601704
6024,2069.167715601704
6025,2070.7346568701296
6026,2069.2798185014876
6027,2069.2798185014876
6028,2067.8236419599793
6029,2067.8236419599793
6030,2067.8236419599793
6031,2068.0187392719704
6032,2066.7482255760597
6033,2066.7482255760597
6034,2066.7482255760597
6035,2069.0390600908468
6036,2069.0390600908468
6037,2067.6311092830106
6038,2066.3396501979714
6039,2066.3396501979714
6040,2065.0848042200782
6041,2067.310318811099
6042,2067.310318811099
6043,2069.196368629179
6044,2067.923717927103
6045,2068.6881954993232
6046,2066.9314866297696
6047,2066.9314866297696
6048,2065.419861502728
6049,2064.1447480227134
6050,2064.1447480227134
6051,2064.1447480227134
6052,2065.5386804026057
6053,2065.5386804026057
6054,2064.501480138425
6055,2060.913775089087
6056,2062.423090694885
6057,2066.6286650251996
6058,2065.7444948363272
6059,2064.1779330572167
6060,2064.1779330572167
6061,2062.31856815107
6062,2061.134989201663
6063,2064.134989201663
6064,2061.313350812861
6065,2061.313350812861
6066,2061.313350812861
6067,2061.313350812861
6068,2059.9219839618345
6069,2057.196456928245
6070,2057.196456928245
6071,2062.0179344887893
6072,2062.0179344887893
6073,2059.7762996591014
6074,2054.2463511262204
6075,2051.7587002772316
6076,2048.464709020152
6077,2050.9683155014513
6078,2060.543473430874
6079,2060.543473430874
6080,2058.749533889821
6081,2055.6371150726977
6082,2065.5171483915
6083,2065.5171483915
6084,2073.812185941086
6085,2078.0124594703107
6086,2077.947694142567
6087,2075.988752120148
6088,2074.792033025653
6089,2071.792033025653
6090,2071.792033025653
6091,2066.5433062243537
6092,2064.0037672001836
6093,2063.023802428758
6094,2062.0672706019677
6095,2059.6164760950683
6096,2054.0118137629374
6097,2049.2490517056663
6098,2049.6101044076127
6099,2045.2647390442792
6100,2039.4932586472162
6101,2037.6901335634586
6102,2033.032347381962
6103,2032.2456951956708
6104,2036.4644014977978
6105,2034.1320596818457
6106,2030.2076496349139
6107,2024.6167231420166
6108,2019.982962168059
6109,2014.8716536026307
6110,2014.8716536026307
6111,2011.9212855272633
6112,2019.5340026990716
6113,2014.0512353688023
6114,2010.042080113286
6115,2007.2393219017831
6116,2009.0521746916743
6117,2011.9530892347482
6118,2004.7056818322715
6119,2003.3274074759736
6120,2002.8611090839315
6121,1995.288276191367
6122,1988.8510575569728
6123,1980.5833862130528
6124,1975.0644434048816
6125,1969.8986757296425
6126,1979.503952458404
6127,1973.8634897207244
6128,1969.9321468407416
6129,1970.431909464655
6130,1966.8393660497024
6131,1968.2237257851714
6132,1968.2237257851714
6133,1961.4820755280632
6134,1960.1751717452805
6135,1964.2101913965473
6136,1958.998701418485
6137,1952.7205878241887
6138,1950.3434403476933
6139,1944.5694446590328
6140,1936.8768787627853
6141,1926.9323205036535
6142,1919.697498935413
6143,1919.697498935413
6144,1915.6030934302664
6145,1907.963236178718
6146,1904.7143890897732
6147,1897.2799667786237
6148,1889.0507408587196
6149,1886.2518813207635
6150,1886.6597301868749
6151,1876.6147463035425
6152,1868.5995754639039
6153,1863.5523663906276
6154,1861.0266698163052
6155,1856.5804939961024
6156,1854.2641929492368
6157,1849.9903409694325
6158,1838.603781413037
6159,1833.6552361847723
6160,1833.965098154619
6161,1830.3297192463883
6162,1819.5505771840005
6163,1818.462284033238
6164,1815.7374566864603
6165,1814.552345823825
6166,1804.4066280730453
6167,1812.2569507979586
6168,1818.0244653297773
6169,1821.57042347649
6170,1818.9450154949736
6171,1814.169998376883
6172,1804.240985416688
6173,1799.6517410789957
6174,1791.8236024658072
6175,1786.4649907422986
6176,1782.2827287283844
6177,1798.885451042057
6178,1818.2130072231398
6179,1812.5227356282037
6180,3.0
6181,3.0
6182,3.0
6183,3.0
6184,3.0
6185,3.0
6186,3.0
6187,3.0
6188,3.0
6189,3.0
6190,3.0
6191,3.0
6192,3.0
6193,3.0
6194,13.955800594501472
6195,13.955800594501472
6196,13.955800594501472
6197,13.955800594501472
6198,13.955800594501472
6199,13.955800594501472
6200,13.955800594501472
6201,13.955800594501472
6202,13.955800594501472
6203,13.955800594501472
6204,13.955800594501472
6205,13.955800594501472
6206,13.955800594501472
6207,13.955800594501472
6208,13.955800594501472
6209,13.955800594501472
6210,13.955800594501472
6211,13.955800594501472
6212,13.955800594501472
6213,13.955800594501472
6214,13.955800594501472
6215,13.955800594501472
6216,13.955800594501472
6217,13.955800594501472
6218,13.955800594501472
6219,13.955800594501472
6220,13.955800594501472
6221,13.955800594501472
6222,13.955800594501472
6223,13.955800594501472
6224,13.955800594501472
6225,13.955800594501472
6226,13.955800594501472
6227,13.955800594501472
6228,13.955800594501472
6229,13.955800594501472
6230,24.921620489321494
6231,24.921620489321494
6232,24.921620489321494
6233,24.921620489321494
6234,24.921620489321494
6235,24.921620489321494
6236,24.921620489321494
6237,24.921620489321494
6238,24.921620489321494
6239,24.921620489321494
6240,24.921620489321494
6241,24.921620489321494
6242,24.921620489321494
6243,24.921620489321494
6244,24.921620489321494
6245,24.921620489321494
6246,35.89960567022912
6247,35.89960567022912
6248,46.854922298098046
6249,46.854922298098046
6250,46.854922298098046
6251,46.854922298098046
6252,46.854922298098046
6253,46.854922298098046
6254,46.854922298098046
6255,57.810252077569025
6256,57.810252077569025
6257,68.80322923916657
6258,68.80322923916657
6259,68.80322923916657
6260,71.80322923916657
6261,71.80322923916657
6262,71.80322923916657
6263,71.80322923916657
6264,71.80322923916657
6265,71.80322923916657
6266,71.80322923916657
6267,71.80322923916657
6268,71.80322923916657
6269,71.80322923916657
6270,71.80322923916657
6271,71.80322923916657
6272,71.80322923916657
6273,71.80322923916657
6274,71.80322923916657
6275,82.75760321776768
6276,82.75760321776768
6277,82.75760321776768
6278,82.75760321776768
6279,82.75760321776768
6280,82.75760321776768
6281,82.75760321776768
6282,82.75760321776768
6283,82.75760321776768
6284,82.75760321776768
6285,82.75760321776768
6286,82.75760321776768
6287,82.75760321776768
6288,82.75760321776768
6289,82.75760321776768
6290,82.75760321776768
6291,82.75760321776768
6292,82.75760321776768
6293,82.75760321776768
6294,82.75760321776768
6295,82.75760321776768
6296,82.75760321776768
6297,82.75760321776768
6298,82.75760321776768
6299,82.75760321776768
6300,82.75760321776768
6301,82.75760321776768
6302,82.75760321776768
6303,82.75760321776768
6304,82.75760321776768
6305,82.75760321776768
6306,82.75760321776768
6307,82.75760321776768
6308,82.75760321776768
6309,82.75760321776768
6310,82.75760321776768
6311,82.75760321776768
6312,82.75760321776768
6313,82.75760321776768
6314,82.75760321776768
6315,82.75760321776768
6316,82.75760321776768
6317,82.75760321776768
6318,82.75760321776768
6319,82.75760321776768
6320,82.75760321776768
6321,82.75760321776768
6322,82.75760321776768
6323,82.75760321776768
6324,82.75760321776768
6325,82.75760321776768
6326,82.75760321776768
6327,82.75760321776768
6328,82.75760321776768
6329,82.75760321776768
6330,82.75760321776768
6331,82.75760321776768
6332,82.75760321776768
6333,82.75760321776768
6334,82.75760321776768
6335,82.75760321776768
6336,82.75760321776768
6337,82.75760321776768
6338,82.75760321776768
6339,82.75760321776768
6340,82.75760321776768
6341,82.75760321776768
6342,82.75760321776768
6343,82.75760321776768
6344,82.75760321776768
6345,82.75760321776768
6346,82.75760321776768
6347,82.75760321776768
6348,82.75760321776768
6349,82.75760321776768
6350,82.75760321776768
6351,82.75760321776768
6352,82.75760321776768
6353,82.75760321776768
6354,82.75760321776768
6355,82.75760321776768
6356,82.75760321776768
6357,82.75760321776768
6358,82.75760321776768
6359,82.75760321776768
6360,82.75760321776768
6361,93.73237988895774
6362,82.76655999413771
6363,82.76655999413771
6364,82.76655999413771
6365,82.76655999413771
6366,82.76655999413771
6367,82.76655999413771
6368,82.76655999413771
6369,82.76655999413771
6370,82.76655999413771
6371,93.72911894345442
6372,93.72911894345442
6373,93.72911894345442
6374,93.72911894345442
6375,93.72911894345442
6376,93.72911894345442
6377,93.72911894345442
6378,93.72911894345442
6379,93.72911894345442
6380,93.72911894345442
6381,93.72911894345442
6382,93.72911894345442
6383,93.72911894345442
6384,93.72911894345442
6385,93.72911894345442
6386,93.72911894345442
6387,93.72911894345442
6388,93.72911894345442
6389,93.72911894345442
6390,93.72911894345442
6391,93.72911894345442
6392,104.67530349015496
6393,93.71997371068399
6394,93.71997371068399
6395,93.71997371068399
6396,93.71997371068399
6397,93.71997371068399
6398,93.71997371068399
6399,82.7641731161825
6400,82.7641731161825
6401,82.7641731161825
6402,82.7641731161825
6403,82.7641731161825
6404,82.7641731161825
6405,82.7641731161825
6406,82.7641731161825
6407,82.7641731161825
6408,82.7641731161825
6409,82.7641731161825
6410,82.7641731161825
6411,82.7641731161825
6412,82.7641731161825
6413,82.7641731161825
6414,82.7641731161825
6415,82.7641731161825
6416,82.7641731161825
6417,82.7641731161825
6418,82.7641731161825
6419,82.7641731161825
6420,82.7641731161825
6421,82.7641731161825
6422,82.7641731161825
6423,85.7641731161825
6424,85.7641731161825
6425,85.7641731161825
6426,85.7641731161825
6427,85.7641731161825
6428,85.7641731161825
6429,85.7641731161825
6430,85.7641731161825
6431,85.7641731161825
6432,85.7641731161825
6433,85.7641731161825
6434,85.7641731161825
6435,85.7641731161825
6436,85.7641731161825
6437,85.7641731161825
6438,85.7641731161825
6439,85.7641731161825
6440,85.7641731161825
6441,85.7641731161825
6442,96.7641731161825
6443,96.7641731161825
6444,96.7641731161825
6445,96.7641731161825
6446,96.7641731161825
6447,96.7641731161825
6448,85.7861879352749
6449,85.7861879352749
6450,85.7861879352749
6451,85.7861879352749
6452,85.7861879352749
6453,85.7861879352749
6454,85.7861879352749
6455,85.7861879352749
6456,85.7861879352749
6457,85.7861879352749
6458,85.7861879352749
6459,85.7861879352749
6460,74.79321077367734
6461,74.79321077367734
6462,74.79321077367734
6463,74.79321077367734
6464,85.78325868859264
6465,85.78325868859264
6466,85.78325868859264
6467,85.78325868859264
6468,85.78325868859264
6469,85.78325868859264
6470,85.78325868859264
6471,85.78325868859264
6472,85.78325868859264
6473,85.78325868859264
6474,85.78325868859264
6475,85.78325868859264
6476,85.78325868859264
6477,85.78325868859264
6478,85.78325868859264
6479,96.76431633427622
6480,96.76431633427622
6481,85.80899970640729
6482,85.80899970640729
6483,74.85462572780618
6484,74.85462572780618
6485,74.85462572780618
6486,74.85462572780618
6487,74.85462572780618
6488,74.85462572780618
6489,74.85462572780618
6490,74.85462572780618
6491,63.87984905661612
6492,63.87984905661612
6493,63.87984905661612
6494,63.87984905661612
6495,63.87984905661612
6496,74.81074536901642
6497,74.81074536901642
6498,74.81074536901642
6499,74.81074536901642
6500,74.81074536901642
6501,74.81074536901642
6502,74.81074536901642
6503,74.81074536901642
6504,74.81074536901642
6505,74.81074536901642
6506,74.81074536901642
6507,74.81074536901642
6508,74.81074536901642
6509,74.81074536901642
6510,74.81074536901642
6511,74.81074536901642
6512,74.81074536901642
6513,74.81074536901642
6514,74.81074536901642
6515,85.81074536901642
6516,85.81074536901642
6517,85.81074536901642
6518,85.81074536901642
6519,85.81074536901642
6520,74.86456082231588
6521,74.86456082231588
6522,74.86456082231588
6523,74.86456082231588
6524,74.86456082231588
6525,74.86456082231588
6526,74.86456082231588
6527,74.86456082231588
6528,74.86456082231588
6529,74.86456082231588
6530,74.86456082231588
6531,74.86456082231588
6532,74.86456082231588
6533,74.86456082231588
6534,63.90200187299918
6535,63.90200187299918
6536,63.90200187299918
6537,63.90200187299918
6538,63.90200187299918
6539,63.90200187299918
6540,63.90200187299918
6541,63.90200187299918
6542,63.90200187299918
6543,63.90200187299918
6544,63.90200187299918
6545,63.90200187299918
6546,63.90200187299918
6547,63.90200187299918
6548,63.90200187299918
6549,63.90200187299918
6550,63.90200187299918
6551,63.90200187299918
6552,63.90200187299918
6553,63.90200187299918
6554,63.90200187299918
6555,63.90200187299918
6556,63.90200187299918
6557,63.90200187299918
6558,63.90200187299918
6559,63.90200187299918
6560,63.90200187299918
6561,63.90200187299918
6562,63.90200187299918
6563,63.90200187299918
6564,63.90200187299918
6565,63.90200187299918
6566,63.90200187299918
6567,63.90200187299918
6568,63.90200187299918
6569,63.90200187299918
6570,63.90200187299918
6571,63.90200187299918
6572,63.90200187299918
6573,63.90200187299918
6574,63.90200187299918
6575,63.90200187299918
6576,63.90200187299918
6577,52.90200187299918
6578,52.90200187299918
6579,52.90200187299918
6580,52.90200187299918
6581,52.90200187299918
6582,52.90200187299918
6583,52.90200187299918
6584,52.90200187299918
6585,52.90200187299918
6586,52.90200187299918
6587,52.90200187299918
6588,52.90200187299918
6589,52.90200187299918
6590,52.90200187299918
6591,52.90200187299918
6592,52.90200187299918
6593,52.90200187299918
6594,52.90200187299918
6595,52.90200187299918
6596,52.90200187299918
6597,52.90200187299918
6598,52.90200187299918
6599,52.90200187299918
6600,52.90200187299918
6601,52.90200187299918
6602,52.90200187299918
6603,52.90200187299918
6604,41.92094422731559
6605,41.92094422731559
6606,41.92094422731559
6607,30.92094422731559
6608,30.92094422731559
6609,30.92094422731559
6610,30.92094422731559
6611,30.92094422731559
6612,30.92094422731559
6613,30.92094422731559
6614,30.92094422731559
6615,30.92094422731559
6616,30.92094422731559
6617,30.92094422731559
6618,30.92094422731559
6619,30.92094422731559
6620,30.92094422731559
6621,19.990047914915294
6622,19.990047914915294
6623,30.990047914915294
6624,30.990047914915294
6625,30.990047914915294
6626,30.990047914915294
6627,30.990047914915294
6628,30.990047914915294
6629,30.990047914915294
6630,30.990047914915294
6631,30.990047914915294
6632,30.990047914915294
6633,30.990047914915294
6634,30.990047914915294
6635,145.45443348350932
6636,145.45443348350932
6637,145.45443348350932
6638,145.45443348350932
6639,145.45443348350932
6640,145.45443348350932
6641,145.45443348350932
6642,145.45443348350932
6643,145.45443348350932
6644,145.45443348350932
6645,145.45443348350932
6646,145.45443348350932
6647,30.990047914915294
6648,30.990047914915294
6649,30.990047914915294
6650,30.990047914915294
6651,30.990047914915294
6652,30.990047914915294
6653,30.990047914915294
6654,30.990047914915294
6655,30.990047914915294
6656,30.990047914915294
6657,30.990047914915294
6658,30.990047914915294
6659,30.990047914915294
6660,30.990047914915294
6661,30.990047914915294
6662,30.990047914915294
6663,30.990047914915294
6664,30.990047914915294
6665,30.990047914915294
6666,30.990047914915294
6667,20.0
6668,20.0
6669,20.0
6670,20.0
6671,20.0
6672,20.0
6673,20.0
6674,20.0
6675,20.0
6676,20.0
6677,20.0
6678,20.0
6679,20.0
6680,20.0
6681,20.0
6682,20.0
6683,20.0
6684,20.0
6685,20.0
6686,20.0
6687,20.0
6688,20.0
6689,20.0
6690,20.0
6691,20.0
6692,20.0
6693,20.0
6694,20.0
6695,20.0
6696,20.0
6697,20.0
6698,20.0
6699,20.0
6700,20.0
6701,20.0
6702,20.0
6703,20.0
6704,20.0
6705,20.0
6706,20.0
6707,20.0
6708,20.0
6709,20.0
6710,20.0
6711,20.0
6712,20.0
6713,20.0
6714,20.0
6715,20.0
6716,20.0
6717,20.0
6718,20.0
6719,20.0
6720,20.0
6721,20.0
6722,20.0
6723,20.0
6724,20.0
6725,20.0
6726,20.0
6727,20.0
6728,20.0
6729,20.0
6730,20.0
6731,20.0
6732,20.0
6733,20.0
6734,20.0
6735,20.0
6736,20.0
6737,20.0
6738,20.0
6739,20.0
6740,20.0
6741,20.0
6742,20.0
6743,20.0
6744,20.0
6745,20.0
6746,20.0
6747,20.0
6748,20.0
6749,20.0
6750,20.0
6751,30.98112123690138
6752,30.98112123690138
6753,30.98112123690138
6754,30.98112123690138
6755,27.98112123690138
6756,27.98112123690138
6757,27.98112123690138
6758,27.98112123690138
6759,27.98112123690138
6760,27.98112123690138
6761,27.98112123690138
6762,27.98112123690138
6763,27.98112123690138
6764,16.98112123690138
6765,16.98112123690138
6766,16.98112123690138
6767,16.98112123690138
6768,16.98112123690138
6769,16.98112123690138
6770,16.98112123690138
6771,16.98112123690138
6772,16.98112123690138
6773,16.98112123690138
6774,16.98112123690138
6775,16.98112123690138
6776,16.98112123690138
6777,16.98112123690138
6778,16.98112123690138
6779,16.98112123690138
6780,16.98112123690138
6781,16.98112123690138
6782,16.98112123690138
6783,16.98112123690138
6784,16.98112123690138
6785,16.98112123690138
6786,16.98112123690138
6787,16.98112123690138
6788,16.98112123690138
6789,16.98112123690138
6790,16.98112123690138
6791,16.98112123690138
6792,16.98112123690138
6793,16.98112123690138
6794,16.98112123690138
6795,16.98112123690138
6796,16.98112123690138
6797,16.98112123690138
6798,16.98112123690138
6799,16.98112123690138
6800,16.98112123690138
6801,16.98112123690138
6802,16.98112123690138
6803,16.98112123690138
6804,16.98112123690138
6805,16.98112123690138
6806,16.98112123690138
6807,16.98112123690138
6808,16.98112123690138
6809,16.98112123690138
6810,16.98112123690138
6811,27.98112123690138
6812,27.98112123690138
6813,24.98112123690138
6814,24.98112123690138
6815,24.98112123690138
6816,24.98112123690138
6817,24.98112123690138
6818,24.98112123690138
6819,24.98112123690138
6820,24.98112123690138
6821,21.98112123690138
6822,21.98112123690138
6823,21.98112123690138
6824,21.98112123690138
6825,21.98112123690138
6826,21.98112123690138
6827,21.98112123690138
6828,24.98112123690138
6829,13.98112123690138
6830,13.98112123690138
6831,10.98112123690138
6832,10.98112123690138
6833,10.98112123690138
6834,10.98112123690138
6835,10.98112123690138
6836,10.98112123690138
6837,10.98112123690138
6838,10.98112123690138
6839,10.98112123690138
6840,10.98112123690138
6841,10.98112123690138
6842,10.98112123690138
6843,10.98112123690138
6844,10.98112123690138
6845,10.98112123690138
6846,10.98112123690138
6847,10.98112123690138
6848,10.98112123690138
6849,10.98112123690138
6850,10.98112123690138
6851,10.98112123690138
6852,10.98112123690138
6853,10.98112123690138
6854,10.98112123690138
6855,10.98112123690138
6856,10.98112123690138
6857,10.98112123690138
6858,10.98112123690138
6859,10.98112123690138
6860,10.98112123690138
6861,10.98112123690138
6862,10.98112123690138
6863,10.98112123690138
6864,10.98112123690138
6865,10.98112123690138
6866,10.98112123690138
6867,10.98112123690138
6868,10.98112123690138
6869,10.98112123690138
6870,10.98112123690138
6871,10.98112123690138
6872,10.98112123690138
6873,10.98112123690138
6874,10.98112123690138
6875,10.98112123690138
6876,10.98112123690138
6877,10.98112123690138
6878,10.98112123690138
6879,10.98112123690138
6880,10.98112123690138
6881,10.98112123690138
6882,0.0
6883,0.0
6884,0.0
6885,0.0
6886,0.0
6887,0.0
6888,0.0
6889,0.0
6890,0.0
6891,0.0
6892,0.0
6893,0.0
6894,0.0
6895,0.0
6896,0.0
6897,0.0
6898,0.0
6899,0.0
6900,0.0
6901,0.0
6902,0.0
6903,0.0
6904,0.0
6905,0.0
6906,0.0
6907,0.0
6908,0.0
6909,0.0
6910,0.0
6911,0.0
6912,0.0
6913,0.0
6914,0.0
6915,0.0
6916,0.0
6917,0.0
6918,0.0
6919,0.0
6920,0.0
6921,0.0
6922,0.0
6923,0.0
6924,0.0
6925,0.0
6926,0.0
6927,0.0
6928,0.0
6929,0.0
6930,0.0
6931,0.0
6932,0.0
6933,0.0
6934,0.0
6935,0.0
6936,0.0
6937,0.0
6938,0.0
6939,0.0
6940,0.0
6941,0.0
6942,0.0
6943,0.0
6944,0.0
6945,0.0
6946,0.0
6947,0.0
6948,0.0
6949,0.0
6950,0.0
6951,0.0
6952,0.0
6953,0.0
6954,0.0
6955,0.0
6956,0.0
6957,0.0
6958,0.0
6959,0.0
6960,0.0
6961,0.0
6962,0.0
6963,0.0
6964,0.0
6965,0.0
6966,0.0
6967,0.0
6968,0.0
6969,0.0
6970,0.0
6971,0.0
6972,0.0
6973,0.0
6974,0.0
6975,0.0
6976,0.0
6977,0.0
6978,0.0
6979,0.0
6980,0.0
6981,0.0
6982,0.0
6983,0.0
6984,0.0
6985,0.0
6986,0.0
6987,0.0
6988,0.0
6989,0.0
6990,0.0
6991,0.0
6992,0.0
6993,0.0
6994,0.0
6995,0.0
6996,0.0
6997,0.0
6998,0.0
6999,0.0
7000,0.0
7001,0.0
7002,0.0
7003,0.0
7004,0.0
7005,0.0
7006,0.0
7007,0.0
7008,0.0
7009,0.0
7010,0.0
7011,0.0
7012,0.0
7013,0.0
7014,0.0
7015,0.0
7016,0.0
7017,0.0
7018,0.0
7019,0.0
7020,0.0
7021,0.0
7022,0.0
7023,0.0
7024,0.0
7025,0.0
7026,0.0
7027,0.0
7028,0.0
7029,0.0
7030,0.0
7031,0.0
7032,0.0
7033,0.0
7034,0.0
7035,0.0
7036,0.0
7037,0.0
7038,0.0
7039,0.0
7040,0.0
7041,0.0
7042,0.0
7043,0.0
7044,0.0
7045,0.0
7046,0.0
7047,0.0
7048,0.0
7049,0.0
7050,0.0
7051,0.0
7052,0.0
7053,0.0
7054,0.0
7055,0.0
7056,0.0
7057,0.0
7058,0.0
7059,0.0
7060,0.0
7061,0.0
7062,0.0
7063,0.0
7064,0.0
7065,0.0
7066,0.0
7067,0.0
7068,0.0
7069,0.0
7070,0.0
7071,0.0
7072,0.0
7073,0.0
7074,0.0
7075,0.0
7076,0.0
7077,0.0
7078,0.0
7079,0.0
7080,2636.3894708493644
7081,2624.6928306831173
7082,2614.4818303643938
7083,2605.5526791325833
7084,2597.0199420247923
7085,2598.00851383192
7086,2596.5407520122117
7087,2596.5407520122117
7088,2599.540752012211
7089,2597.647815814089
7090,2599.764481401854
7091,2584.712012369655
7092,2581.712012369655
7093,2583.7847690378403
7094,2576.4580507563105
7095,2567.0627596796376
7096,2567.0627596796376
7097,2569.605430604236
7098,2566.605430604236
7099,2568.926518607644
7100,2570.653498013186
7101,2567.653498013186
7102,2564.653498013186
7103,2564.653498013186
7104,2565.5117224799124
7105,2565.5117224799124
7106,2555.331935893686
7107,2548.545383912666
7108,2548.545383912666
7109,2547.9057151953684
7110,2550.925147316839
7111,2547.925147316839
7112,2547.3500250091574
7113,2550.3500250091574
7114,2552.6016863654304
7115,2547.346128352755
7116,2548.219215072148
7117,2548.219215072148
7118,2548.827188106521
7119,2550.289636737475
7120,2551.211102391409
7121,2552.435680709977
7122,2540.423743001053
7123,2534.6455388807367
7124,2535.4337742968182
7125,2537.729115093952
7126,2537.7587940202143
7127,2526.7587940202143
7128,2528.4916524189402
7129,2515.6690987378147
7130,2513.7599906374317
7131,2502.7599906374317
7132,2502.8583250140427
7133,2502.8583250140427
7134,2493.9085192544844
7135,2485.5306498671066
7136,2484.888126332936
7137,2469.2099629617824
7138,2458.2099629617824
7139,2450.264426874261
7140,2450.264426874261
7141,2450.264426874261
7142,2450.264426874261
7143,2449.3330561636476
7144,2443.087714304023
7145,2438.7753400995553
7146,2440.016039821606
7147,2440.016039821606
7148,2436.2085188301066
7149,2436.6695884063465
7150,2436.071438080879
7151,2436.071438080879
7152,2435.485335793533
7153,2436.5405400359273
7154,2436.5405400359273
7155,2424.829950637514
7156,2414.9473746434683
7157,2425.9473746434683
7158,2425.9473746434683
7159,2412.2536090727476
7160,2414.640783024937
7161,2409.455768604574
7162,2411.686929748025
7163,2412.935248116913
7164,2412.935248116913
7165,2407.235832839706
7166,2405.6788177969106
7167,2407.0618799334175
7168,2393.7076918307625
7169,2394.3617012030895
7170,2386.6574731831674
7171,2392.852226957027
7172,2389.852226957027
7173,2394.304570032946
7174,2395.1098922766514
7175,2395.8864456090455
7176,2394.3637339721868
7177,2383.363733972187
7178,2383.608435514763
7179,2386.540443765881
7180,2388.0885652334523
7181,2388.0885652334523
7182,2388.0885652334523
7183,2388.0885652334523
7184,2388.0885652334523
7185,2388.0885652334523
7186,2389.6324106045417
7187,2391.6185904945837
7188,2392.247386821441
7189,2392.247386821441
7190,2392.247386821441
7191,2393.2505711794756
7192,2393.2505711794756
7193,2394.7604164288314
7194,2398.3311336783863
7195,2398.3311336783863
7196,2398.3311336783863
7197,2398.3311336783863
7198,2377.428832628104
7199,2377.428832628104
7200,2377.428832628104
7201,2374.428832628104
7202,2368.428832628104
7203,2368.428832628104
7204,2362.4288326281035
7205,2362.4288326281035
7206,2355.661356702252
7207,2352.6613567022523
7208,2349.6613567022523
7209,2343.6613567022523
7210,2343.6613567022523
7211,2343.6613567022523
7212,2338.508870662776
7213,2334.2651881777947
7214,2334.2651881777947
7215,2334.2651881777947
7216,2324.51936823024
7217,2312.3282373580946
7218,2312.3282373580946
7219,2301.8371002307767
7220,2293.6800256853667
7221,2290.984507219609
7222,2292.639333782564
7223,2292.639333782564
7224,2290.094184692626
7225,2284.3667036064544
7226,2269.4822132145455
7227,2263.4822132145455
7228,2263.4822132145455
7229,2263.7068742342954
7230,2259.318672415973
7231,2270.318672415973
7232,2267.6342552154965
7233,2271.532883523833
7234,2272.6595219455508
7235,2272.6595219455508
7236,2269.6595219455508
7237,2261.9334909402087
7238,2261.9334909402087
7239,2265.11656439651
7240,2257.9486405071684
7241,2257.9486405071684
7242,2273.3982760747535
7243,2273.3982760747535
7244,2273.3982760747535
7245,2273.0388103060695
7246,2274.474439288444
7247,2274.474439288444
7248,2274.474439288444
7249,2271.474439288444
7250,2271.474439288444
7251,2271.474439288444
7252,2271.474439288444
7253,2270.6438129384437
7254,2267.6438129384437
7255,2260.855751057139
7256,2261.9518076796116
7257,2260.0059462730956
7258,2260.0059462730956
7259,2260.0059462730956
7260,2257.9223554556106
7261,2254.9223554556106
7262,2243.9223554556106
7263,2243.9223554556106
7264,2243.9223554556106
7265,2244.1803412221566
7266,2238.1803412221566
7267,2238.1803412221566
7268,2238.1803412221566
7269,2238.6631701634574
7270,2235.6631701634574
7271,2232.81131573288
7272,2229.876295421864
7273,2229.876295421864
7274,2227.257238931032
7275,2224.257238931032
7276,2206.7365694744194
7277,2206.7365694744194
7278,2206.7365694744194
7279,2206.7365694744194
7280,2207.9650741210703
7281,2207.9650741210703
7282,2207.9650741210703
7283,2202.424870232564
7284,2199.8385039257582
7285,2202.6057905587127
7286,2202.6057905587127
7287,2202.6057905587127
7288,2202.6057905587127
7289,2205.3716902360084
7290,2205.3716902360084
7291,2191.3716902360084
7292,2191.3716902360084
7293,2191.3716902360084
7294,2191.3716902360084
7295,2191.3716902360084
7296,2188.627158945185
7297,2186.274964557183
7298,2186.274964557183
7299,2180.274964557183
7300,2180.274964557183
7301,2168.762101929117
7302,2162.5939399619306
7303,2162.5939399619306
7304,2162.5939399619306
7305,2162.5939399619306
7306,2162.5939399619306
7307,2157.127840839009
7308,2157.127840839009
7309,2156.8707167879425
7310,2154.2852746579733
7311,2152.653065909307
7312,2155.4154332906937
7313,2155.4154332906937
7314,2157.4873083539087
7315,2160.4873083539087
7316,2152.3303798863917
7317,2148.3892332784553
7318,2139.8446836767653
7319,2136.967894700857
7320,2138.649648641641
7321,2133.0317697009136
7322,2133.0317697009136
7323,2136.3667264799246
7324,2134.32391017951
7325,2134.588077066969
7326,2134.588077066969
7327,2134.588077066969
7328,2134.588077066969
7329,2134.588077066969
7330,2132.311727677386
7331,2132.311727677386
7332,2126.4160924252396
7333,2126.9227148115797
7334,2127.2930325815983
7335,2129.925207845425
7336,2127.6895023510374
7337,2127.6895023510374
7338,2127.6895023510374
7339,2129.5013826239433
7340,2129.5013826239433
7341,2129.507117936861
7342,2122.83154214202
7343,2120.888299422045
7344,2119.1271214462467
7345,2107.837053367089
7346,2111.087613267238
7347,2111.4874707150875
7348,2108.4874707150875
7349,2108.4874707150875
7350,2105.4874707150875
7351,2105.4874707150875
7352,2099.725103333701
7353,2099.725103333701
7354,2099.725103333701
7355,2099.725103333701
7356,2099.725103333701
7357,2102.725103333701
7358,2102.725103333701
7359,2105.9490949111146
7360,2105.9490949111146
7361,2095.9521951321503
7362,2095.9521951321503
7363,2095.9521951321503
7364,2095.094569658259
7365,2095.094569658259
7366,2095.094569658259
7367,2095.094569658259
7368,2093.6445111585813
7369,2093.6445111585813
7370,2093.6445111585813
7371,2093.6445111585813
7372,2093.6445111585813
7373,2093.6445111585813
7374,2091.1504340186225
7375,2091.1504340186225
7376,2091.1504340186225
7377,2091.1504340186225
7378,2094.1504340186225
7379,2094.1504340186225
7380,2091.1504340186225
7381,2091.1504340186225
7382,2088.7009038963406
7383,2090.235945378774
7384,2090.235945378774
7385,2090.235945378774
7386,2088.5056658968924
7387,2088.5056658968924
7388,2088.5056658968924
7389,2088.5056658968924
7390,2088.5056658968924
7391,2088.022836955592
7392,2090.2562391973056
7393,2090.2562391973056
7394,2090.2562391973056
7395,2088.49421903827
7396,2088.49421903827
7397,2088.2217001244417
7398,2079.300549485137
7399,2077.3949912657745
7400,2080.230474078065
7401,2082.744397082176
7402,2082.744397082176
7403,2082.744397082176
7404,2082.744397082176
7405,2079.744397082176
7406,2079.744397082176
7407,2082.7383110017386
7408,2082.7383110017386
7409,2082.7383110017386
7410,2080.8228521815277
7411,2079.16739428354
7412,2079.430036323216
7413,2079.430036323216
7414,2080.0414974817036
7415,2086.822341904965
7416,2086.822341904965
7417,2082.0266734788656
7418,2080.0044950492006
7419,2083.6192028053215
7420,2084.895449472315
7421,2083.070986007215
7422,2083.070986007215
7423,2083.070986007215
7424,2083.070986007215
7425,2081.8233700019505
7426,2081.8233700019505
7427,2082.2522941467632
7428,2071.2522941467632
7429,2069.8190365993464
7430,2065.9715226388225
7431,2065.9715226388225
7432,2068.9715226388225
7433,2067.2951593684375
7434,2066.3374912059235
7435,2059.4644703846448
7436,2059.4644703846448
7437,2059.4644703846448
7438,2059.4644703846448
7439,2059.4644703846448
7440,2057.5379004824404
7441,2057.5379004824404
7442,2052.686511236736
7443,2052.686511236736
7444,2049.455891327946
7445,2047.9817249525954
7446,2047.9817249525954
7447,2049.3793206290857
7448,2049.3793206290857
7449,2060.766240914106
7450,2060.766240914106
7451,2058.5077467767705
7452,2054.05766696511
7453,2051.4452447414815
7454,2048.4452447414815
7455,2048.4452447414815
7456,2049.9116560091247
7457,2045.4183936953546
7458,2045.4183936953546
7459,2046.6745495387484
7460,2051.877530420476
7461,2051.9020984666613
7462,2051.9020984666613
7463,2052.4652700179645
7464,2052.4652700179645
7465,2052.4652700179645
7466,2052.4652700179645
7467,2052.4652700179645
7468,2048.813386138282
7469,2047.195928236785
7470,2047.195928236785
7471,2047.195928236785
7472,2047.195928236785
7473,2047.195928236785
7474,2047.195928236785
7475,2047.195928236785
7476,2045.914233482986
7477,2044.2384030553637
7478,2045.5720704664948
7479,2044.0542026710389
7480,2044.057904217116
7481,2039.8174483118337
7482,2039.8174483118337
7483,2038.2432455231478
7484,2036.6900387155592
7485,2038.4497850933417
7486,2040.636787119823
7487,2039.0232337104883
7488,2039.0232337104883
7489,2039.0232337104883
7490,2039.0232337104883
7491,2039.0232337104883
7492,2051.1131899034553
7493,2051.1131899034553
7494,2048.1131899034553
7495,2048.1131899034553
7496,2048.1131899034553
7497,2059.1131899034553
7498,2054.7111826842824
7499,2055.781676738544
7500,2055.781676738544
7501,2055.781676738544
7502,2052.2834459903142
7503,2050.6745247350054
7504,2051.3204104316087
7505,2051.3204104316087
7506,2051.3204104316087
7507,2049.7798955804046
7508,2048.0286696534017
7509,2054.1285669098643
7510,2052.912263866609
7511,2059.5337329979866
7512,2059.5337329979866
7513,2057.672277593607
7514,2056.3653108696294
7515,2055.2011484148325
7516,2063.2843477138927
7517,2060.1285938700976
7518,2060.1285938700976
7519,2058.8068242071417
7520,2057.417546736851
7521,2056.305222962789
7522,2056.3336878034534
7523,2055.062545253183
7524,2054.3301447322947
7525,2058.687309278873
7526,2048.495210365606
7527,2039.6260276817723
7528,2039.6260276817723
7529,2038.5069742359992
7530,2038.5069742359992
7531,2043.754228342805
7532,2040.8098290967548
7533,2036.3617222110076
7534,2029.31747702147
7535,2028.3772738989762
7536,2024.8573832790355
7537,2023.7928213421817
7538,2020.824511728253
7539,2023.1348179116824
7540,2023.1348179116824
7541,2018.0857893014693
7542,2017.7441102582745
7543,2018.7888749914962
7544,2022.4725119905625
7545,2018.2314109169292
7546,2010.2748381737183
7547,2012.3176657794247
7548,2010.0593213452128
7549,2008.8875419193419
7550,2007.995349508412
7551,2009.867607444856
7552,2008.8137766585726
7553,2003.9174765701428
7554,2000.9988035488427
7555,1993.8860936435747
7556,1990.0628575210767
7557,1999.8268060637774
7558,2009.1757899215295
7559,2012.9635485560357
7560,2007.2305870437694
7561,2005.2902624889593
7562,2000.3868145752376
7563,1999.1973259125705
7564,2004.056535690768
7565,2002.0401808318072
7566,1998.0041308630416
7567,1999.3566848705416
7568,1995.6383845939313
7569,1986.2219089521598
7570,1976.2959291538514
7571,1971.2680650727698
7572,1969.8803557855867
7573,1968.8817242675495
7574,1965.797732550691
7575,1958.0485788214162
7576,1953.284645611783
7577,1951.2718842055567
7578,1944.009579085709
7579,1943.460399954839
7580,1962.5555524982076
7581,1957.0765419552424
7582,1945.1999582768467
7583,1942.164678688947
7584,1941.1472445498
7585,1937.372831569006
7586,1929.961725694162
7587,1918.5732495971938
7588,1918.5732495971938
7589,1916.6503811297243
7590,1913.982948714026
7591,1920.2860612049012
7592,1922.7961465439175
7593,1911.7825817683774
7594,1909.1173947915563
7595,1914.523427584409
7596,1914.1059606158897
7597,1907.3882055416275
7598,1904.8713737088078
7599,1907.153484690252
7600,1922.5447710608682
7601,1916.0713042301404
7602,1913.6798364502852
7603,1906.239996822167
7604,1897.4851871945116
7605,1887.8251417876518
7606,1882.0456533422334
7607,1880.912777986477
7608,1865.3748325896736
7609,1852.3436791776735
7610,1860.3436791776735
7611,1856.1616819314959
7612,1846.7583495792937
7613,1836.4060815412408
7614,1841.9696397411735
7615,1858.689480058353
7616,1848.81602805049
7617,1868.423349226544
7618,1879.180852426852
7619,1870.3915273082728
7620,0.0
7621,0.0
7622,0.0
7623,0.0
7624,0.0
7625,0.0
7626,0.0
7627,0.0
7628,0.0
7629,0.0
7630,0.0
7631,0.0
7632,0.0
7633,0.0
7634,0.0
7635,0.0
7636,0.0
7637,0.0
7638,11.0
7639,11.0
7640,11.0
7641,11.0
7642,11.0
7643,11.0
7644,11.0
7645,11.0
7646,11.0
7647,11.0
7648,11.0
7649,11.0
7650,11.0
7651,11.0
7652,11.0
7653,11.0
7654,11.0
7655,11.0
7656,11.0
7657,22.0
7658,22.0
7659,22.0
7660,22.0
7661,22.0
7662,22.0
7663,22.0
7664,22.0
7665,22.0
7666,22.0
7667,22.0
7668,22.0
7669,22.0
7670,22.0
7671,22.0
7672,22.0
7673,22.0
7674,22.0
7675,22.0
7676,22.0
7677,22.0
7678,22.0
7679,22.0
7680,22.0
7681,22.0
7682,22.0
7683,22.0
7684,22.0
7685,22.0
7686,32.97704698937366
7687,32.97704698937366
7688,32.97704698937366
7689,32.97704698937366
7690,32.97704698937366
7691,32.97704698937366
7692,32.97704698937366
7693,32.97704698937366
7694,32.97704698937366
7695,32.97704698937366
7696,32.97704698937366
7697,32.97704698937366
7698,32.97704698937366
7699,32.97704698937366
7700,32.97704698937366
7701,32.97704698937366
7702,32.97704698937366
7703,32.97704698937366
7704,32.97704698937366
7705,32.97704698937366
7706,43.97704698937366
7707,43.97704698937366
7708,43.97704698937366
7709,43.97704698937366
7710,43.97704698937366
7711,43.97704698937366
7712,43.97704698937366
7713,54.97704698937366
7714,54.97704698937366
7715,54.97704698937366
7716,54.97704698937366
7717,54.97704698937366
7718,54.97704698937366
7719,54.97704698937366
7720,54.97704698937366
7721,54.97704698937366
7722,54.97704698937366
7723,54.97704698937366
7724,57.97153103114317
7725,57.97153103114317
7726,57.97153103114317
7727,57.97153103114317
7728,46.97153103114317
7729,57.95345815575692
7730,57.95345815575692
7731,57.95345815575692
7732,57.95345815575692
7733,57.95345815575692
7734,57.95345815575692
7735,68.89302582071569
7736,79.89302582071569
7737,82.89302582071569
7738,82.89302582071569
7739,82.89302582071569
7740,82.89302582071569
7741,82.89302582071569
7742,82.89302582071569
7743,82.89302582071569
7744,82.89302582071569
7745,82.89302582071569
7746,82.89302582071569
7747,82.89302582071569
7748,82.89302582071569
7749,82.89302582071569
7750,82.89302582071569
7751,82.89302582071569
7752,82.89302582071569
7753,82.89302582071569
7754,93.87173946556311
7755,93.87173946556311
7756,93.87173946556311
7757,93.87173946556311
7758,93.87173946556311
7759,93.87173946556311
7760,93.87173946556311
7761,82.87173946556311
7762,82.87173946556311
7763,82.87173946556311
7764,82.87173946556311
7765,82.87173946556311
7766,82.87173946556311
7767,82.87173946556311
7768,82.87173946556311
7769,82.82017296551774
7770,82.82017296551774
7771,82.82017296551774
7772,82.82017296551774
7773,82.82017296551774
7774,82.82017296551774
7775,82.82017296551774
7776,82.82017296551774
7777,82.82017296551774
7778,93.80290329969395
7779,93.80290329969395
7780,93.80290329969395
7781,93.80290329969395
7782,93.80290329969395
7783,93.80290329969395
7784,93.80290329969395
7785,93.80290329969395
7786,93.80290329969395
7787,93.80290329969395
7788,93.80290329969395
7789,104.76100031803759
7790,104.76100031803759
7791,104.76100031803759
7792,104.76100031803759
7793,93.76100031803759
7794,93.76100031803759
7795,93.76100031803759
7796,93.76100031803759
7797,93.76100031803759
7798,93.76100031803759
7799,93.76100031803759
7800,93.76100031803759
7801,93.76100031803759
7802,93.76100031803759
7803,93.76100031803759
7804,93.76100031803759
7805,93.76100031803759
7806,93.76100031803759
7807,93.76100031803759
7808,93.76100031803759
7809,93.76100031803759
7810,93.76100031803759
7811,93.76100031803759
7812,93.76100031803759
7813,93.76100031803759
7814,93.76100031803759
7815,93.76100031803759
7816,93.76100031803759
7817,93.76100031803759
7818,93.76100031803759
7819,93.76100031803759
7820,93.76100031803759
7821,93.76100031803759
7822,93.76100031803759
7823,93.76100031803759
7824,93.76100031803759
7825,93.76100031803759
7826,93.76100031803759
7827,93.76100031803759
7828,93.76100031803759
7829,93.76100031803759
7830,93.76100031803759
7831,93.76100031803759
7832,93.76100031803759
7833,93.76100031803759
7834,93.76100031803759
7835,93.76100031803759
7836,93.76100031803759
7837,93.76100031803759
7838,93.76100031803759
7839,93.76100031803759
7840,93.76100031803759
7841,93.76100031803759
7842,82.76100031803759
7843,82.76100031803759
7844,82.76100031803759
7845,82.76100031803759
7846,82.76100031803759
7847,82.76100031803759
7848,82.76100031803759
7849,82.76100031803759
7850,82.76100031803759
7851,82.76100031803759
7852,82.76100031803759
7853,82.76100031803759
7854,82.76100031803759
7855,82.76100031803759
7856,82.76100031803759
7857,71.77907319342384
7858,71.77907319342384
7859,60.839505528465054
7860,60.839505528465054
7861,60.839505528465054
7862,60.839505528465054
7863,60.839505528465054
7864,60.839505528465054
7865,60.839505528465054
7866,60.839505528465054
7867,60.839505528465054
7868,60.839505528465054
7869,60.839505528465054
7870,60.839505528465054
7871,60.839505528465054
7872,60.839505528465054
7873,60.839505528465054
7874,60.839505528465054
7875,60.839505528465054
7876,60.839505528465054
7877,60.839505528465054
7878,71.82116335031532
7879,71.82116335031532
7880,60.8424497054679
7881,60.8424497054679
7882,60.8424497054679
7883,60.8424497054679
7884,60.8424497054679
7885,60.8424497054679
7886,60.8424497054679
7887,60.8424497054679
7888,60.8424497054679
7889,60.8424497054679
7890,60.8424497054679
7891,60.8424497054679
7892,60.8424497054679
7893,60.8424497054679
7894,60.8424497054679
7895,60.8424497054679
7896,60.8424497054679
7897,60.8424497054679
7898,60.8424497054679
7899,60.8424497054679
7900,60.8424497054679
7901,60.8424497054679
7902,71.81283202960473
7903,71.81283202960473
7904,71.81283202960473
7905,71.83578504023107
7906,71.83578504023107
7907,71.83578504023107
7908,71.83578504023107
7909,71.83578504023107
7910,71.83578504023107
7911,71.83578504023107
7912,71.83578504023107
7913,71.83578504023107
7914,71.83578504023107
7915,71.83578504023107
7916,71.83578504023107
7917,71.83578504023107
7918,71.83578504023107
7919,71.83578504023107
7920,71.83578504023107
7921,71.83578504023107
7922,71.83578504023107
7923,71.83578504023107
7924,82.79956987671576
7925,82.79956987671576
7926,71.85113637676115
7927,71.85113637676115
7928,60.86840604258494
7929,60.86840604258494
7930,60.86840604258494
7931,60.86840604258494
7932,71.86083140801142
7933,71.86083140801142
7934,71.86083140801142
7935,71.86083140801142
7936,71.86083140801142
7937,71.86083140801142
7938,71.86083140801142
7939,71.86083140801142
7940,71.86083140801142
7941,71.86083140801142
7942,71.86083140801142
7943,71.86083140801142
7944,71.86083140801142
7945,71.86083140801142
7946,71.86083140801142
7947,71.86083140801142
7948,71.86083140801142
7949,71.86083140801142
7950,71.86083140801142
7951,71.86083140801142
7952,71.86083140801142
7953,71.86083140801142
7954,71.86083140801142
7955,71.86083140801142
7956,71.86083140801142
7957,71.86083140801142
7958,71.86083140801142
7959,71.86083140801142
7960,71.86083140801142
7961,71.86083140801142
7962,71.86083140801142
7963,71.86083140801142
7964,71.86083140801142
7965,71.86083140801142
7966,71.86083140801142
7967,71.86083140801142
7968,71.86083140801142
7969,71.86083140801142
7970,71.86083140801142
7971,71.86083140801142
7972,71.86083140801142
7973,71.86083140801142
7974,71.86083140801142
7975,71.86083140801142
7976,71.86083140801142
7977,71.86083140801142
7978,71.86083140801142
7979,71.86083140801142
7980,71.86083140801142
7981,71.86083140801142
7982,71.86083140801142
7983,71.86083140801142
7984,71.86083140801142
7985,82.86083140801142
7986,82.86083140801142
7987,82.86083140801142
7988,82.86083140801142
7989,82.86083140801142
7990,82.86083140801142
7991,82.86083140801142
7992,82.86083140801142
7993,82.86083140801142
7994,82.86083140801142
7995,82.86083140801142
7996,82.86083140801142
7997,82.86083140801142
7998,82.86083140801142
7999,82.86083140801142
8000,93.80207333239248
8001,93.80207333239248
8002,93.80207333239248
8003,93.80207333239248
8004,82.84397631404885
8005,82.84397631404885
8006,82.84397631404885
8007,82.84397631404885
8008,82.84397631404885
8009,82.84397631404885
8010,71.84397631404885
8011,71.84397631404885
8012,82.77798334928794
8013,82.77798334928794
8014,82.77798334928794
8015,82.77798334928794
8016,82.77798334928794
8017,82.77798334928794
8018,82.77798334928794
8019,82.77798334928794
8020,82.77798334928794
8021,82.77798334928794
8022,82.77798334928794
8023,71.79632552743767
8024,71.79632552743767
8025,71.79632552743767
8026,71.79632552743767
8027,71.79632552743767
8028,71.79632552743767
8029,71.79632552743767
8030,71.79632552743767
8031,60.83254069095298
8032,60.83254069095298
8033,60.83254069095298
8034,60.83254069095298
8035,49.862158366816146
8036,49.862158366816146
8037,49.862158366816146
8038,49.862158366816146
8039,49.862158366816146
8040,49.862158366816146
8041,49.862158366816146
8042,60.862158366816146
8043,60.862158366816146
8044,60.862158366816146
8045,60.862158366816146
8046,60.862158366816146
8047,60.862158366816146
8048,60.862158366816146
8049,71.86215836681615
8050,71.86215836681615
8051,71.86215836681615
8052,71.86215836681615
8053,71.86215836681615
8054,71.86215836681615
8055,71.86215836681615
8056,71.86215836681615
8057,71.82663386958052
8058,71.82663386958052
8059,71.82663386958052
8060,71.82663386958052
8061,71.82663386958052
8062,71.82663386958052
8063,71.82663386958052
8064,71.82663386958052
8065,71.82663386958052
8066,60.826633869580526
8067,60.826633869580526
8068,60.826633869580526
8069,60.826633869580526
8070,71.82663386958052
8071,71.82663386958052
8072,71.82663386958052
8073,71.82663386958052
8074,71.82663386958052
8075,60.82663386958052
8076,60.82663386958052
8077,60.82663386958052
8078,60.82663386958052
8079,60.82663386958052
8080,60.82663386958052
8081,60.82663386958052
8082,60.82663386958052
8083,60.82663386958052
8084,60.82663386958052
8085,60.82663386958052
8086,60.82663386958052
8087,60.82663386958052
8088,60.82663386958052
8089,60.82663386958052
8090,60.82663386958052
8091,60.82663386958052
8092,60.82663386958052
8093,60.82663386958052
8094,60.82663386958052
8095,60.82663386958052
8096,60.82663386958052
8097,60.82663386958052
8098,60.82663386958052
8099,60.82663386958052
8100,60.82663386958052
8101,60.82663386958052
8102,60.82663386958052
8103,60.82663386958052
8104,60.82663386958052
8105,60.82663386958052
8106,60.82663386958052
8107,60.82663386958052
8108,60.82663386958052
8109,60.82663386958052
8110,60.82663386958052
8111,60.82663386958052
8112,60.82663386958052
8113,60.82663386958052
8114,60.82663386958052
8115,60.82663386958052
8116,60.82663386958052
8117,71.78992464361896
8118,71.78992464361896
8119,71.78992464361896
8120,71.78992464361896
8121,71.78992464361896
8122,71.78992464361896
8123,71.78992464361896
8124,71.78992464361896
8125,71.78992464361896
8126,71.78992464361896
8127,71.78992464361896
8128,71.78992464361896
8129,71.78992464361896
8130,71.78992464361896
8131,71.78992464361896
8132,71.78992464361896
8133,71.78992464361896
8134,71.78992464361896
8135,71.78992464361896
8136,71.78992464361896
8137,71.78992464361896
8138,71.78992464361896
8139,60.8486827192379
8140,60.8486827192379
8141,60.8486827192379
8142,60.8486827192379
8143,60.8486827192379
8144,60.8486827192379
8145,60.8486827192379
8146,60.8486827192379
8147,60.8486827192379
8148,60.8486827192379
8149,60.8486827192379
8150,60.8486827192379
8151,60.8486827192379
8152,60.8486827192379
8153,60.8486827192379
8154,49.91467568399881
8155,49.91467568399881
8156,49.91467568399881
8157,49.91467568399881
8158,49.91467568399881
8159,49.91467568399881
8160,49.91467568399881
8161,60.91467568399881
8162,60.91467568399881
8163,60.91467568399881
8164,60.91467568399881
8165,60.91467568399881
8166,60.91467568399881
8167,60.91467568399881
8168,60.91467568399881
8169,60.91467568399881
8170,60.91467568399881
8171,60.91467568399881
8172,49.91467568399881
8173,49.91467568399881
8174,49.91467568399881
8175,49.91467568399881
8176,60.91467568399881
8177,60.91467568399881
8178,60.91467568399881
8179,60.91467568399881
8180,60.91467568399881
8181,60.91467568399881
8182,60.91467568399881
8183,60.91467568399881
8184,60.91467568399881
8185,60.91467568399881
8186,60.91467568399881
8187,71.91467568399881
8188,71.91467568399881
8189,71.91467568399881
8190,71.91467568399881
8191,71.91467568399881
8192,71.91467568399881
8193,71.91467568399881
8194,71.91467568399881
8195,71.91467568399881
8196,71.91467568399881
8197,71.91467568399881
8198,71.91467568399881
8199,71.91467568399881
8200,71.91467568399881
8201,71.91467568399881
8202,71.91467568399881
8203,71.91467568399881
8204,60.91467568399881
8205,60.91467568399881
8206,60.91467568399881
8207,60.91467568399881
8208,60.91467568399881
8209,60.91467568399881
8210,60.91467568399881
8211,60.91467568399881
8212,60.91467568399881
8213,71.91467568399881
8214,60.914675683998816
8215,60.914675683998816
8216,60.914675683998816
8217,60.914675683998816
8218,49.91467568399881
8219,49.91467568399881
8220,49.91467568399881
8221,49.91467568399881
8222,49.91467568399881
8223,49.91467568399881
8224,46.9201916422293
8225,46.9201916422293
8226,46.9201916422293
8227,46.9201916422293
8228,46.9201916422293
8229,46.9201916422293
8230,46.9201916422293
8231,46.9201916422293
8232,46.9201916422293
8233,46.9201916422293
8234,46.9201916422293
8235,46.9201916422293
8236,46.9201916422293
8237,46.9201916422293
8238,46.9201916422293
8239,46.9201916422293
8240,46.9201916422293
8241,46.9201916422293
8242,46.9201916422293
8243,46.9201916422293
8244,46.9201916422293
8245,46.9201916422293
8246,46.9201916422293
8247,46.9201916422293
8248,46.9201916422293
8249,46.9201916422293
8250,46.9201916422293
8251,46.9201916422293
8252,46.9201916422293
8253,46.9201916422293
8254,46.9201916422293
8255,46.9201916422293
8256,46.9201916422293
8257,46.9201916422293
8258,46.9201916422293
8259,35.956900868190864
8260,35.956900868190864
8261,35.956900868190864
8262,35.956900868190864
8263,32.956900868190864
8264,32.956900868190864
8265,32.956900868190864
8266,32.956900868190864
8267,32.956900868190864
8268,32.956900868190864
8269,32.956900868190864
8270,32.956900868190864
8271,32.956900868190864
8272,32.956900868190864
8273,32.956900868190864
8274,32.956900868190864
8275,32.956900868190864
8276,32.956900868190864
8277,22.0
8278,22.0
8279,22.0
8280,22.0
8281,22.0
8282,22.0
8283,22.0
8284,22.0
8285,22.0
8286,22.0
8287,22.0
8288,22.0
8289,22.0
8290,22.0
8291,22.0
8292,22.0
8293,22.0
8294,22.0
8295,22.0
8296,22.0
8297,22.0
8298,22.0
8299,22.0
8300,22.0
8301,22.0
8302,22.0
8303,22.0
8304,14.0
8305,14.0
8306,14.0
8307,14.0
8308,14.0
8309,14.0
8310,3.0
8311,3.0
8312,3.0
8313,3.0
8314,3.0
8315,3.0
8316,3.0
8317,3.0
8318,3.0
8319,3.0
8320,3.0
8321,3.0
8322,3.0
8323,3.0
8324,3.0
8325,3.0
8326,3.0
8327,3.0
8328,3.0
8329,3.0
8330,14.0
8331,14.0
8332,14.0
8333,14.0
8334,14.0
8335,14.0
8336,14.0
8337,14.0
8338,14.0
8339,14.0
8340,14.0
8341,14.0
8342,14.0
8343,14.0
8344,14.0
8345,14.0
8346,14.0
8347,14.0
8348,14.0
8349,14.0
8350,14.0
8351,14.0
8352,14.0
8353,14.0
8354,14.0
8355,14.0
8356,14.0
8357,14.0
8358,14.0
8359,14.0
8360,14.0
8361,14.0
8362,3.0
8363,3.0
8364,3.0
8365,3.0
8366,3.0
8367,3.0
8368,3.0
8369,3.0
8370,3.0
8371,3.0
8372,3.0
8373,3.0
8374,3.0
8375,3.0
8376,3.0
8377,3.0
8378,3.0
8379,3.0
8380,3.0
8381,3.0
8382,3.0
8383,3.0
8384,3.0
8385,3.0
8386,3.0
8387,3.0
8388,3.0
8389,3.0
8390,3.0
8391,3.0
8392,3.0
8393,3.0
8394,3.0
8395,3.0
8396,3.0
8397,3.0
8398,3.0
8399,3.0
8400,3.0
8401,3.0
8402,3.0
8403,3.0
8404,3.0
8405,3.0
8406,3.0
8407,3.0
8408,3.0
8409,3.0
8410,3.0
8411,3.0
8412,3.0
8413,3.0
8414,3.0
8415,3.0
8416,3.0
8417,3.0
8418,3.0
8419,3.0
8420,113.98681650602956
8421,113.98681650602956
8422,113.98681650602956
8423,113.98681650602956
8424,113.98681650602956
8425,113.98681650602956
8426,113.98681650602956
8427,113.98681650602956
8428,113.98681650602956
8429,113.98681650602956
8430,113.98681650602956
8431,113.98681650602956
8432,113.98681650602956
8433,3.0
8434,3.0
8435,3.0
8436,3.0
8437,3.0
8438,3.0
8439,3.0
8440,3.0
8441,3.0
8442,3.0
8443,3.0
8444,3.0
8445,3.0
8446,3.0
8447,3.0
8448,3.0
8449,3.0
8450,3.0
8451,3.0
8452,3.0
8453,3.0
8454,3.0
8455,3.0
8456,3.0
8457,3.0
8458,3.0
8459,3.0
8460,3.0
8461,3.0
8462,3.0
8463,3.0
8464,3.0
8465,3.0
8466,3.0
8467,3.0
8468,3.0
8469,3.0
8470,3.0
8471,3.0
8472,3.0
8473,3.0
8474,3.0
8475,3.0
8476,3.0
8477,3.0
8478,3.0
8479,3.0
8480,3.0
8481,3.0
8482,3.0
8483,3.0
8484,3.0
8485,3.0
8486,3.0
8487,3.0
8488,3.0
8489,3.0
8490,3.0
8491,3.0
8492,3.0
8493,3.0
8494,3.0
8495,3.0
8496,3.0
8497,3.0
8498,3.0
8499,3.0
8500,3.0
8501,3.0
8502,3.0
8503,3.0
8504,3.0
8505,3.0
8506,3.0
8507,3.0
8508,3.0
8509,3.0
8510,3.0
8511,3.0
8512,0.0
8513,0.0
8514,0.0
8515,0.0
8516,0.0
8517,0.0
8518,0.0
8519,0.0
8520,2323.9620031555814
8521,2324.911604213394
8522,2293.0245877733664
8523,2295.523935118864
8524,2299.6812278121856
8525,2290.668809159064
8526,2288.7862861303947
8527,2278.857902653552
8528,2278.857902653552
8529,2280.0439736097387
8530,2281.0721667736448
8531,2273.0721667736448
8532,2280.1376909105234
8533,2280.1376909105234
8534,2277.1376909105234
8535,2266.1376909105234
8536,2263.1376909105234
8537,2271.5405349635284
8538,2274.859829713908
8539,2281.8633756299832
8540,2284.046666304026
8541,2284.046666304026
8542,2285.9467624528997
8543,2285.9467624528997
8544,2287.8509169390436
8545,2287.8509169390436
8546,2279.850916939043
8547,2279.850916939043
8548,2279.850916939043
8549,2279.850916939043
8550,2279.850916939043
8551,2282.364208902991
8552,2283.62100249813
8553,2272.6210024981306
8554,2277.883062485913
8555,2279.033760152004
8556,2279.9426042321966
8557,2282.9426042321966
8558,2260.942604232197
8559,2260.942604232197
8560,2260.942604232197
8561,2260.942604232197
8562,2255.8358290662286
8563,2256.710384254608
8564,2256.710384254608
8565,2245.710384254608
8566,2241.0745226480126
8567,2241.0745226480126
8568,2238.0745226480126
8569,2238.9084529052325
8570,2235.9084529052325
8571,2236.5030169588017
8572,2236.5030169588017
8573,2237.1896250512023
8574,2231.6996190233363
8575,2231.6996190233363
8576,2214.508946607921
8577,2214.508946607921
8578,2209.2203391562302
8579,2207.2594256638913
8580,2207.2594256638913
8581,2207.6969451683963
8582,2201.3249208912575
8583,2201.3249208912575
8584,2199.191633082207
8585,2199.191633082207
8586,2199.191633082207
8587,2198.7162916797497
8588,2198.7162916797497
8589,2199.029579804834
8590,2196.483383294246
8591,2201.382587139053
8592,2192.4073266647165
8593,2191.4052011239123
8594,2192.5828005503454
8595,2192.5828005503454
8596,2192.5828005503454
8597,2196.531492572918
8598,2179.891151633201
8599,2176.6896055515012
8600,2181.831609058877
8601,2181.831609058877
8602,2179.5926559230156
8603,2179.5926559230156
8604,2176.5926559230156
8605,2180.0171998244923
8606,2177.0171998244923
8607,2174.0625627772356
8608,2174.0625627772356
8609,2178.2521826021925
8610,2179.2418572854062
8611,2168.241857285406
8612,2168.578821085786
8613,2164.0834865117686
8614,2161.0834865117686
8615,2164.747992817321
8616,2165.3196967062486
8617,2165.3196967062486
8618,2165.3196967062486
8619,2168.408465894167
8620,2169.452856074811
8621,2169.843453155912
8622,2169.843453155912
8623,2172.170761470568
8624,2176.040608081514
8625,2176.040608081514
8626,2176.040608081514
8627,2176.040608081514
8628,2176.815610088086
8629,2176.815610088086
8630,2179.815610088086
8631,2179.815610088086
8632,2181.101214936053
8633,2181.101214936053
8634,2184.101214936053
8635,2184.5402928643744
8636,2186.2705397792747
8637,2186.871718103666
8638,2189.1742971866247
8639,2189.1742971866247
8640,2183.773749245794
8641,2180.773749245794
8642,2175.6317457384184
8643,2169.6317457384184
8644,2164.5911726700724
8645,2164.5911726700724
8646,2164.5911726700724
8647,2164.5911726700724
8648,2164.5911726700724
8649,2161.5911726700724
8650,2158.750348500344
8651,2159.8077308784973
8652,2156.8077308784973
8653,2156.8077308784973
8654,2152.7077462428433
8655,2144.0039341459646
8656,2144.0039341459646
8657,2139.3617791497895
8658,2136.361779149789
8659,2136.361779149789
8660,2136.361779149789
8661,2136.7767012991353
8662,2136.7767012991353
8663,2136.968873097708
8664,2136.968873097708
8665,2136.968873097708
8666,2129.919760044597
8667,2129.919760044597
8668,2129.919760044597
8669,2129.919760044597
8670,2126.919760044597
8671,2129.919760044597
8672,2129.919760044597
8673,2118.919760044597
8674,2118.919760044597
8675,2115.766364979156
8676,2123.257225056928
8677,2117.6156142012824
8678,2119.5726671900625
8679,2119.5726671900625
8680,2119.8281290621953
8681,2113.8281290621953
8682,2110.8281290621953
8683,2108.0494552258333
8684,2108.0494552258333
8685,2105.0494552258333
8686,2103.0495334436423
8687,2103.0495334436423
8688,2103.0495334436423
8689,2103.0495334436423
8690,2096.0410297679505
8691,2096.0410297679505
8692,2097.2952509460915
8693,2094.2952509460915
8694,2089.0072599779874
8695,2089.0072599779874
8696,2100.0072599779874
8697,2100.0072599779874
8698,2094.679412004501
8699,2094.679412004501
8700,2094.679412004501
8701,2094.679412004501
8702,2094.679412004501
8703,2088.4980830366576
8704,2088.4980830366576
8705,2088.4980830366576
8706,2085.4980830366576
8707,2085.4980830366576
8708,2085.4980830366576
8709,2082.9724914866206
8710,2080.2206813556613
8711,2070.3054545160107
8712,2070.3054545160107
8713,2070.3054545160107
8714,2065.3677690374907
8715,2060.2124044490615
8716,2060.2124044490615
8717,2060.4801357239276
8718,2053.9889505013093
8719,2053.9889505013093
8720,2051.8434352286577
8721,2051.8434352286577
8722,2049.467215472119
8723,2047.0201558713243
8724,2047.0201558713243
8725,2047.0201558713243
8726,2044.7270984634415
8727,2032.387426206642
8728,2032.387426206642
8729,2030.1796863319828
8730,2027.1796863319826
8731,2024.3404613640032
8732,2024.3404613640032
8733,2022.3377303744858
8734,2022.3377303744858
8735,2010.990078752119
8736,2010.990078752119
8737,2011.4502960792177
8738,2000.4502960792177
8739,1997.4502960792177
8740,1999.7150347076215
8741,1999.7150347076215
8742,1999.7150347076215
8743,1996.5145013535523
8744,1994.3286931133232
8745,1990.8979481027711
8746,1987.8979481027711
8747,1987.8979481027711
8748,1988.2665542924751
8749,1983.230287871534
8750,1983.5131753793714
8751,1980.8298213230669
8752,1965.065176355462
8753,1962.065176355462
8754,1962.065176355462
8755,1962.065176355462
8756,1962.065176355462
8757,1962.065176355462
8758,1960.152445706941
8759,1958.0792117916117
8760,1958.0792117916117
8761,1952.8590286480107
8762,1950.0302943400084
8763,1950.0302943400084
8764,1950.0302943400084
8765,1947.733826038599
8766,1945.7311649553799
8767,1947.0349697399658
8768,1945.0005448555783
8769,1948.0561285756721
8770,1948.0561285756721
8771,1946.0318172780867
8772,1944.6941109034651
8773,1955.6941109034651
8774,1953.2947514469392
8775,1949.6734003924198
8776,1947.5688296848687
8777,1948.8812392810867
8778,1950.5862289818667
8779,1952.1684044273272
8780,1946.817238975192
8781,1947.6996047754826
8782,1947.6996047754826
8783,1950.6996047754826
8784,1950.6996047754826
8785,1959.8592014014168
8786,1965.2249431879745
8787,1963.3231108871696
8788,1963.3231108871696
8789,1963.3231108871696
8790,1960.3231108871696
8791,1960.3231108871696
8792,1960.3231108871696
8793,1958.5414809416397
8794,1962.8635575403441
8795,1963.0794754415497
8796,1963.0794754415497
8797,1963.0794754415497
8798,1963.0794754415497
8799,1962.09766469721
8800,1949.5709620779694
8801,1949.5709620779694
8802,1950.6418132920114
8803,1945.7009401263867
8804,1945.3139842479172
8805,1943.2891972794523
8806,1944.4402662052803
8807,1940.8517042867015
8808,1939.34423851209
8809,1939.34423851209
8810,1944.4082895534925
8811,1945.601285454459
8812,1943.87065324049
8813,1944.0532941854776
8814,1944.0532941854776
8815,1944.0532941854776
8816,1945.8146346919843
8817,1945.8146346919843
8818,1949.2710981787839
8819,1942.6031794404507
8820,1939.9938833290717
8821,1942.6978258947836
8822,1940.8516396956582
8823,1941.4018983907517
8824,1941.4018983907517
8825,1942.9206909374109
8826,1950.4692109353105
8827,1947.4692109353105
8828,1945.2169411566683
8829,1945.2169411566683
8830,1945.2169411566683
8831,1945.515500035378
8832,1943.6641035400612
8833,1943.6641035400612
8834,1943.6641035400612
8835,1941.7283562026528
8836,1938.7283562026528
8837,1938.7283562026528
8838,1938.7283562026528
8839,1938.7283562026528
8840,1940.219024407906
8841,1940.219024407906
8842,1931.9072510462465
8843,1931.9072510462465
8844,1931.9072510462465
8845,1930.987975334948
8846,1930.987975334948
8847,1930.987975334948
8848,1930.987975334948
8849,1933.0667282235634
8850,1931.9697530426831
8851,1930.5557021730276
8852,1934.9927674200933
8853,1933.3727153679906
8854,1933.3727153679906
8855,1931.8905752098717
8856,1927.4021730059753
8857,1924.4021730059753
8858,1922.5575410617091
8859,1920.9559715061503
8860,1921.3994655852769
8861,1919.992498441242
8862,1918.4617212407236
8863,1916.6255568950176
8864,1914.9319170847984
8865,1914.9319170847984
8866,1914.9319170847984
8867,1910.7746243914767
8868,1911.224145959794
8869,1909.7715044649963
8870,1909.7715044649963
8871,1913.9288596723022
8872,1914.6950320753097
8873,1914.6950320753097
8874,1914.6950320753097
8875,1914.6950320753097
8876,1914.6950320753097
8877,1914.2559541469886
8878,1911.2450192121528
8879,1911.2450192121528
8880,1912.323236606167
8881,1912.323236606167
8882,1910.7589515626887
8883,1907.7589515626887
8884,1906.7846362266355
8885,1907.3354161780962
8886,1907.3354161780962
8887,1907.3354161780962
8888,1907.3354161780962
8889,1904.3354161780965
8890,1904.3354161780965
8891,1904.3354161780965
8892,1905.1165513742344
8893,1905.1165513742344
8894,1907.2197134510843
8895,1905.1871685100534
8896,1905.1871685100534
8897,1904.4187650475374
8898,1903.6812245180286
8899,1900.5805667135796
8900,1900.5805667135796
8901,1900.5805667135796
8902,1902.1207389936294
8903,1902.1207389936294
8904,1897.0566879522266
8905,1897.77432502697
8906,1896.1847191205513
8907,1896.1847191205513
8908,1896.1847191205513
8909,1896.1847191205513
8910,1896.1847191205513
8911,1896.3350995449011
8912,1899.3350995449011
8913,1897.981742943732
8914,1897.981742943732
8915,1897.981742943732
8916,1895.2911157117899
8917,1895.2911157117899
8918,1905.681585881787
8919,1908.80145923894
8920,1908.80145923894
8921,1908.80145923894
8922,1908.80145923894
8923,1908.9286364363782
8924,1908.9286364363782
8925,1906.6261243512379
8926,1906.6261243512379
8927,1908.3259337498469
8928,1908.3259337498469
8929,1909.1066469912287
8930,1909.1066469912287
8931,1909.1066469912287
8932,1909.1066469912287
8933,1907.6739847625247
8934,1907.6739847625247
8935,1913.2187499813592
8936,1913.2187499813592
8937,1913.2187499813592
8938,1913.2187499813592
8939,1913.2187499813592
8940,1914.0490808211564
8941,1914.0490808211564
8942,1913.4187455579463
8943,1911.781533321315
8944,1909.32631568676
8945,1907.5534486195286
8946,1907.5534486195286
8947,1907.5534486195286
8948,1907.5534486195286
8949,1907.5534486195286
8950,1902.2542750325758
8951,1902.2542750325758
8952,1896.7512495192148
8953,1896.7512495192148
8954,1896.7512495192148
8955,1906.6087979349893
8956,1906.4383962021568
8957,1905.5384003648621
8958,1902.6543974744911
8959,1901.5326387417729
8960,1899.9913133063953
8961,1898.8699726262682
8962,1898.112782713463
8963,1895.9964573518776
8964,1889.2050405830798
8965,1887.5825935664532
8966,1894.1046511415122
8967,1886.4841170916773
8968,1897.040506513589
8969,1896.290547745766
8970,1896.290547745766
8971,1899.712076959275
8972,1896.047921434044
8973,1887.2341109000863
8974,1886.7177145572805
8975,1881.50219704599
8976,1880.6039359253216
8977,1883.4668047833661
8978,1881.2467275312683
8979,1878.0099954886214
8980,1880.018870314139
8981,1874.9336415797372
8982,1868.8214287103815
8983,1865.2013901738337
8984,1862.2150257261574
8985,1871.7635428055946
8986,1881.3794644709583
8987,1880.196233802932
8988,1880.2600386119943
8989,1886.2600386119943
8990,1881.917161710862
8991,1879.2165812760657
8992,1874.5444245387598
8993,1865.2024522711256
8994,1856.1034526352285
8995,1855.9270255174504
8996,1856.8679126113448
8997,1855.4580155042008
8998,1848.2599403905274
8999,1846.9615511159077
9000,1837.3773008487042
9001,1835.132294616193
9002,1835.132294616193
9003,1824.6400251100515
9004,1820.7695460992866
9005,1814.2500549680108
9006,1812.1004615500456
9007,1813.0384089127037
9008,1809.646221614986
9009,1805.5331646917984
9010,1802.6265920185733
9011,1804.7458089826246
9012,1796.3078069626977
9013,1786.7148142333276
9014,1781.2487512904122
9015,1770.8868817393832
9016,1768.6268186046661
9017,1760.1638557689118
9018,1742.7598236477895
9019,1733.0253206183502
9020,1728.2434547566593
9021,1726.1182651755037
9022,1717.1700446535594
9023,1702.8811261420135
9024,1698.3211508787056
9025,1687.7728118981079
9026,1688.7733845572022
9027,1685.4261622938288
9028,1683.1382610781993
9029,1680.9171123934295
9030,1691.9171123934293
9031,1686.8057257148596
9032,1682.4823494743744
9033,1668.7839856063058
9034,1659.802479421274
9035,1658.619675528382
9036,1661.0161005153125
9037,1654.6636096246846
9038,1663.6631068543682
9039,1658.3341065617017
9040,1674.0810219305201
9041,1668.5536836855124
9042,1663.2640562043305
9043,1660.640163154357
9044,1654.0314526417076
9045,1652.5610685542788
9046,1651.44889374475
9047,1653.9370438127821
9048,1648.5188254081404
9049,1670.31654612013
9050,1668.4064979966674
9051,1663.6246829076515
9052,1670.46296385839
9053,1666.7841924335855
9054,1657.114289933544
9055,1680.323395368468
9056,1673.4610390593864
9057,1694.7876010242271
9058,1690.1988422424615
9059,1687.3255508997497
9060,0.0
9061,0.0
9062,10.979800836145179
9063,10.979800836145179
9064,10.979800836145179
9065,10.979800836145179
9066,10.979800836145179
9067,10.979800836145179
9068,10.979800836145179
9069,10.979800836145179
9070,10.979800836145179
9071,10.979800836145179
9072,21.948534641325132
9073,21.948534641325132
9074,21.948534641325132
9075,21.948534641325132
9076,21.948534641325132
9077,21.948534641325132
9078,21.948534641325132
9079,21.948534641325132
9080,21.948534641325132
9081,21.948534641325132
9082,21.948534641325132
9083,21.948534641325132
9084,21.948534641325132
9085,21.948534641325132
9086,21.948534641325132
9087,21.948534641325132
9088,21.948534641325132
9089,21.948534641325132
9090,21.948534641325132
9091,21.948534641325132
9092,21.948534641325132
9093,21.948534641325132
9094,21.948534641325132
9095,21.948534641325132
9096,21.948534641325132
9097,21.948534641325132
9098,21.948534641325132
9099,21.948534641325132
9100,21.948534641325132
9101,21.948534641325132
9102,21.948534641325132
9103,21.948534641325132
9104,21.948534641325132
9105,21.948534641325132
9106,21.948534641325132
9107,21.948534641325132
9108,21.948534641325132
9109,21.948534641325132
9110,21.948534641325132
9111,21.948534641325132
9112,32.93993232219094
9113,32.93993232219094
9114,32.93993232219094
9115,32.93993232219094
9116,32.93993232219094
9117,32.93993232219094
9118,32.93993232219094
9119,32.93993232219094
9120,32.93993232219094
9121,32.93993232219094
9122,32.93993232219094
9123,32.93993232219094
9124,32.93993232219094
9125,32.93993232219094
9126,32.93993232219094
9127,32.93993232219094
9128,32.93993232219094
9129,32.93993232219094
9130,32.93993232219094
9131,32.93993232219094
9132,32.93993232219094
9133,32.93993232219094
9134,32.93993232219094
9135,32.93993232219094
9136,32.93993232219094
9137,32.93993232219094
9138,32.93993232219094
9139,32.93993232219094
9140,32.93993232219094
9141,32.93993232219094
9142,32.93993232219094
9143,43.913949199142365
9144,43.913949199142365
9145,43.913949199142365
9146,43.913949199142365
9147,43.913949199142365
9148,43.913949199142365
9149,43.913949199142365
9150,43.913949199142365
9151,43.913949199142365
9152,43.913949199142365
9153,43.913949199142365
9154,43.913949199142365
9155,43.913949199142365
9156,43.913949199142365
9157,54.87675273003386
9158,54.87675273003386
9159,54.87675273003386
9160,54.87675273003386
9161,54.87675273003386
9162,54.87675273003386
9163,54.87675273003386
9164,54.87675273003386
9165,54.87675273003386
9166,54.87675273003386
9167,57.87534849316134
9168,57.87534849316134
9169,57.87534849316134
9170,57.87534849316134
9171,57.87534849316134
9172,57.87534849316134
9173,57.87534849316134
9174,57.87534849316134
9175,57.87534849316134
9176,57.87534849316134
9177,57.87534849316134
9178,57.87534849316134
9179,57.87534849316134
9180,57.87534849316134
9181,57.87534849316134
9182,57.87534849316134
9183,57.87534849316134
9184,57.87534849316134
9185,57.87534849316134
9186,57.87534849316134
9187,57.87534849316134
9188,57.87534849316134
9189,57.87534849316134
9190,57.87534849316134
9191,57.87534849316134
9192,57.87534849316134
9193,57.87534849316134
9194,57.87534849316134
9195,57.87534849316134
9196,57.87534849316134
9197,57.87534849316134
9198,68.81808800199798
9199,68.81808800199798
9200,68.81808800199798
9201,68.81808800199798
9202,68.81808800199798
9203,68.81808800199798
9204,68.81808800199798
9205,68.81808800199798
9206,68.81808800199798
9207,68.81808800199798
9208,68.81808800199798
9209,68.81808800199798
9210,68.81808800199798
9211,68.81808800199798
9212,68.81808800199798
9213,68.81808800199798
9214,79.78429148272927
9215,79.78429148272927
9216,79.78429148272927
9217,79.78429148272927
9218,79.78429148272927
9219,90.75434231426374
9220,90.75434231426374
9221,90.75434231426374
9222,90.75434231426374
9223,90.75434231426374
9224,90.75434231426374
9225,90.75434231426374
9226,90.75434231426374
9227,90.75434231426374
9228,90.75434231426374
9229,90.75434231426374
9230,90.75434231426374
9231,90.75434231426374
9232,90.75434231426374
9233,101.71450568040767
9234,101.71450568040767
9235,101.71450568040767
9236,101.71450568040767
9237,101.71450568040767
9238,90.72310799954187
9239,90.72310799954187
9240,90.72310799954187
9241,90.72310799954187
9242,90.72310799954187
9243,90.72310799954187
9244,90.72310799954187
9245,90.72310799954187
9246,90.72310799954187
9247,90.72310799954187
9248,90.72310799954187
9249,90.72310799954187
9250,90.72310799954187
9251,90.72310799954187
9252,90.72310799954187
9253,90.72310799954187
9254,90.72310799954187
9255,90.72310799954187
9256,90.72310799954187
9257,90.72310799954187
9258,90.72310799954187
9259,101.68855754632251
9260,101.68855754632251
9261,101.68855754632251
9262,101.68855754632251
9263,101.68855754632251
9264,101.68855754632251
9265,101.68855754632251
9266,101.68855754632251
9267,101.68855754632251
9268,101.68855754632251
9269,101.68855754632251
9270,101.68855754632251
9271,101.68855754632251
9272,101.68855754632251
9273,101.68855754632251
9274,101.68855754632251
9275,101.68855754632251
9276,101.68855754632251
9277,101.68855754632251
9278,218.1656319785767
9279,218.1656319785767
9280,207.1916151016253
9281,207.1916151016253
9282,207.1916151016253
9283,207.1916151016253
9284,207.1916151016253
9285,207.1916151016253
9286,196.2118142654801
9287,196.2118142654801
9288,196.2118142654801
9289,196.2118142654801
9290,196.2118142654801
9291,196.2118142654801
9292,196.2118142654801
9293,196.2118142654801
9294,196.2118142654801
9295,196.2118142654801
9296,196.2118142654801
9297,79.73473983322592
9298,79.73473983322592
9299,79.73473983322592
9300,79.73473983322592
9301,79.73473983322592
9302,79.73473983322592
9303,79.73473983322592
9304,79.73473983322592
9305,79.73473983322592
9306,79.73473983322592
9307,79.73473983322592
9308,79.73473983322592
9309,79.73473983322592
9310,79.73473983322592
9311,68.76600602804596
9312,68.76600602804596
9313,68.76600602804596
9314,68.76600602804596
9315,68.76600602804596
9316,68.76600602804596
9317,68.76600602804596
9318,68.76600602804596
9319,68.76600602804596
9320,68.76600602804596
9321,68.76600602804596
9322,68.76600602804596
9323,68.76600602804596
9324,57.82326651920933
9325,57.82326651920933
9326,57.82326651920933
9327,57.82326651920933
9328,57.82326651920933
9329,57.82326651920933
9330,57.82326651920933
9331,57.82326651920933
9332,57.82326651920933
9333,57.82326651920933
9334,57.82326651920933
9335,57.82326651920933
9336,57.82326651920933
9337,57.82326651920933
9338,57.82326651920933
9339,57.82326651920933
9340,57.82326651920933
9341,57.82326651920933
9342,57.82326651920933
9343,57.82326651920933
9344,57.82326651920933
9345,57.82326651920933
9346,57.82326651920933
9347,57.82326651920933
9348,57.82326651920933
9349,57.82326651920933
9350,57.82326651920933
9351,57.82326651920933
9352,57.82326651920933
9353,57.82326651920933
9354,57.82326651920933
9355,57.82326651920933
9356,57.82326651920933
9357,46.85321568767485
9358,46.85321568767485
9359,46.85321568767485
9360,46.85321568767485
9361,46.85321568767485
9362,46.85321568767485
9363,46.85321568767485
9364,46.85321568767485
9365,46.85321568767485
9366,46.85321568767485
9367,46.85321568767485
9368,46.85321568767485
9369,46.85321568767485
9370,46.85321568767485
9371,46.85321568767485
9372,46.85321568767485
9373,46.85321568767485
9374,46.85321568767485
9375,46.85321568767485
9376,46.85321568767485
9377,35.89041215678335
9378,35.89041215678335
9379,35.89041215678335
9380,35.89041215678335
9381,35.89041215678335
9382,35.89041215678335
9383,35.89041215678335
9384,35.89041215678335
9385,35.89041215678335
9386,35.89041215678335
9387,35.89041215678335
9388,35.89041215678335
9389,35.89041215678335
9390,35.89041215678335
9391,35.89041215678335
9392,35.89041215678335
9393,35.89041215678335
9394,35.89041215678335
9395,35.89041215678335
9396,35.89041215678335
9397,35.89041215678335
9398,35.89041215678335
9399,35.89041215678335
9400,35.89041215678335
9401,35.89041215678335
9402,46.89041215678335
9403,46.89041215678335
9404,46.89041215678335
9405,46.89041215678335
9406,46.89041215678335
9407,46.89041215678335
9408,46.89041215678335
9409,46.89041215678335
9410,46.89041215678335
9411,46.89041215678335
9412,46.89041215678335
9413,46.89041215678335
9414,46.89041215678335
9415,46.89041215678335
9416,57.88470278380677
9417,57.88470278380677
9418,68.82089561781643
9419,68.82089561781643
9420,68.82089561781643
9421,68.82089561781643
9422,68.82089561781643
9423,68.82089561781643
9424,68.82089561781643
9425,68.82089561781643
9426,68.82089561781643
9427,68.82089561781643
9428,68.82089561781643
9429,68.82089561781643
9430,68.82089561781643
9431,68.82089561781643
9432,57.854692137085145
9433,57.854692137085145
9434,57.854692137085145
9435,57.854692137085145
9436,57.854692137085145
9437,57.854692137085145
9438,57.854692137085145
9439,57.854692137085145
9440,57.854692137085145
9441,57.854692137085145
9442,57.854692137085145
9443,57.854692137085145
9444,57.854692137085145
9445,57.854692137085145
9446,46.894528770941214
9447,46.894528770941214
9448,46.894528770941214
9449,46.894528770941214
9450,46.894528770941214
9451,46.894528770941214
9452,46.894528770941214
9453,46.894528770941214
9454,46.894528770941214
9455,46.894528770941214
9456,46.894528770941214
9457,46.894528770941214
9458,46.894528770941214
9459,46.894528770941214
9460,46.894528770941214
9461,46.894528770941214
9462,46.894528770941214
9463,46.894528770941214
9464,46.894528770941214
9465,46.894528770941214
9466,46.894528770941214
9467,35.92907922416057
9468,35.92907922416057
9469,35.92907922416057
9470,35.92907922416057
9471,35.92907922416057
9472,35.92907922416057
9473,35.92907922416057
9474,35.92907922416057
9475,35.92907922416057
9476,35.92907922416057
9477,35.92907922416057
9478,35.92907922416057
9479,35.92907922416057
9480,35.92907922416057
9481,35.92907922416057
9482,35.92907922416057
9483,35.92907922416057
9484,35.92907922416057
9485,35.92907922416057
9486,35.92907922416057
9487,35.92907922416057
9488,35.92907922416057
9489,35.92907922416057
9490,35.92907922416057
9491,35.92907922416057
9492,35.92907922416057
9493,35.92907922416057
9494,35.92907922416057
9495,35.92907922416057
9496,35.92907922416057
9497,35.92907922416057
9498,35.92907922416057
9499,35.92907922416057
9500,35.92907922416057
9501,35.92907922416057
9502,35.92907922416057
9503,35.92907922416057
9504,35.92907922416057
9505,35.92907922416057
9506,35.92907922416057
9507,35.92907922416057
9508,35.92907922416057
9509,35.92907922416057
9510,35.92907922416057
9511,35.92907922416057
9512,35.92907922416057
9513,35.92907922416057
9514,35.92907922416057
9515,35.92907922416057
9516,35.92907922416057
9517,35.92907922416057
9518,35.92907922416057
9519,35.92907922416057
9520,35.92907922416057
9521,35.92907922416057
9522,35.92907922416057
9523,35.92907922416057
9524,35.92907922416057
9525,35.92907922416057
9526,35.92907922416057
9527,35.92907922416057
9528,35.92907922416057
9529,35.92907922416057
9530,35.92907922416057
9531,35.92907922416057
9532,35.92907922416057
9533,35.92907922416057
9534,35.92907922416057
9535,35.92907922416057
9536,35.92907922416057
9537,35.92907922416057
9538,35.92907922416057
9539,35.92907922416057
9540,46.89502917924777
9541,46.89502917924777
9542,46.89502917924777
9543,46.89502917924777
9544,46.89502917924777
9545,46.89502917924777
9546,46.89502917924777
9547,46.89502917924777
9548,46.89502917924777
9549,46.89502917924777
9550,35.89502917924777
9551,35.89502917924777
9552,35.89502917924777
9553,35.89502917924777
9554,35.89502917924777
9555,35.89502917924777
9556,35.89502917924777
9557,35.89502917924777
9558,24.900738552224347
9559,24.900738552224347
9560,24.900738552224347
9561,24.900738552224347
9562,24.900738552224347
9563,24.900738552224347
9564,24.900738552224347
9565,24.900738552224347
9566,13.96454571821469
9567,13.96454571821469
9568,13.96454571821469
9569,13.96454571821469
9570,13.96454571821469
9571,13.96454571821469
9572,13.96454571821469
9573,13.96454571821469
9574,13.96454571821469
9575,13.96454571821469
9576,13.96454571821469
9577,13.96454571821469
9578,13.96454571821469
9579,13.96454571821469
9580,13.96454571821469
9581,13.96454571821469
9582,13.96454571821469
9583,13.96454571821469
9584,13.96454571821469
9585,13.96454571821469
9586,24.934835463355952
9587,24.934835463355952
9588,24.934835463355952
9589,24.934835463355952
9590,24.934835463355952
9591,24.934835463355952
9592,24.934835463355952
9593,24.934835463355952
9594,24.934835463355952
9595,24.934835463355952
9596,24.934835463355952
9597,24.934835463355952
9598,24.934835463355952
9599,24.934835463355952
9600,24.934835463355952
9601,24.934835463355952
9602,24.934835463355952
9603,24.934835463355952
9604,24.934835463355952
9605,24.934835463355952
9606,24.934835463355952
9607,24.934835463355952
9608,24.934835463355952
9609,24.934835463355952
9610,24.934835463355952
9611,24.934835463355952
9612,24.934835463355952
9613,24.934835463355952
9614,24.934835463355952
9615,24.934835463355952
9616,24.934835463355952
9617,24.934835463355952
9618,24.934835463355952
9619,24.934835463355952
9620,24.934835463355952
9621,24.934835463355952
9622,24.934835463355952
9623,24.934835463355952
9624,24.934835463355952
9625,24.934835463355952
9626,24.934835463355952
9627,24.934835463355952
9628,24.934835463355952
9629,24.934835463355952
9630,24.934835463355952
9631,24.934835463355952
9632,24.934835463355952
9633,24.934835463355952
9634,24.934835463355952
9635,24.934835463355952
9636,24.934835463355952
9637,24.934835463355952
9638,24.934835463355952
9639,24.934835463355952
9640,24.934835463355952
9641,24.934835463355952
9642,24.934835463355952
9643,24.934835463355952
9644,24.934835463355952
9645,24.934835463355952
9646,24.934835463355952
9647,24.934835463355952
9648,24.934835463355952
9649,24.934835463355952
9650,24.934835463355952
9651,24.934835463355952
9652,24.934835463355952
9653,24.934835463355952
9654,24.934835463355952
9655,24.934835463355952
9656,24.934835463355952
9657,24.934835463355952
9658,24.934835463355952
9659,24.934835463355952
9660,24.934835463355952
9661,24.934835463355952
9662,24.934835463355952
9663,24.934835463355952
9664,24.934835463355952
9665,24.934835463355952
9666,24.934835463355952
9667,24.934835463355952
9668,13.968885508268745
9669,13.968885508268745
9670,13.968885508268745
9671,13.968885508268745
9672,13.968885508268745
9673,13.968885508268745
9674,13.968885508268745
9675,13.968885508268745
9676,13.968885508268745
9677,13.968885508268745
9678,13.968885508268745
9679,13.968885508268745
9680,13.968885508268745
9681,13.968885508268745
9682,13.968885508268745
9683,13.968885508268745
9684,13.968885508268745
9685,13.968885508268745
9686,13.968885508268745
9687,13.968885508268745
9688,13.968885508268745
9689,13.968885508268745
9690,13.968885508268745
9691,13.968885508268745
9692,13.968885508268745
9693,13.968885508268745
9694,13.968885508268745
9695,13.968885508268745
9696,13.968885508268745
9697,13.968885508268745
9698,13.968885508268745
9699,13.968885508268745
9700,13.968885508268745
9701,13.968885508268745
9702,13.968885508268745
9703,13.968885508268745
9704,13.968885508268745
9705,13.968885508268745
9706,13.968885508268745
9707,13.968885508268745
9708,13.968885508268745
9709,13.968885508268745
9710,13.968885508268745
9711,10.97028974514126
9712,10.97028974514126
9713,10.97028974514126
9714,10.97028974514126
9715,10.97028974514126
9716,10.97028974514126
9717,10.97028974514126
9718,10.97028974514126
9719,10.97028974514126
9720,10.97028974514126
9721,10.97028974514126
9722,10.97028974514126
9723,10.97028974514126
9724,10.97028974514126
9725,0.0
9726,0.0
9727,0.0
9728,0.0
9729,0.0
9730,0.0
9731,0.0
9732,0.0
9733,0.0
9734,0.0
9735,0.0
9736,0.0
9737,11.0
9738,11.0
9739,11.0
9740,11.0
9741,11.0
9742,11.0
9743,11.0
9744,11.0
9745,11.0
9746,11.0
9747,11.0
9748,11.0
9749,11.0
9750,11.0
9751,11.0
9752,11.0
9753,11.0
9754,11.0
9755,11.0
9756,11.0
9757,11.0
9758,11.0
9759,11.0
9760,11.0
9761,11.0
9762,11.0
9763,11.0
9764,11.0
9765,11.0
9766,11.0
9767,11.0
9768,11.0
9769,11.0
9770,11.0
9771,11.0
9772,11.0
9773,11.0
9774,11.0
9775,11.0
9776,11.0
9777,11.0
9778,11.0
9779,11.0
9780,11.0
9781,11.0
9782,11.0
9783,11.0
9784,11.0
9785,11.0
9786,11.0
9787,11.0
9788,11.0
9789,11.0
9790,11.0
9791,0.0
9792,0.0
9793,11.0
9794,0.0
9795,0.0
9796,0.0
9797,0.0
9798,0.0
9799,0.0
9800,0.0
9801,0.0
9802,0.0
9803,0.0
9804,0.0
9805,0.0
9806,0.0
9807,0.0
9808,0.0
9809,0.0
9810,0.0
9811,0.0
9812,0.0
9813,0.0
9814,0.0
9815,0.0
9816,0.0
9817,0.0
9818,0.0
9819,0.0
9820,0.0
9821,0.0
9822,0.0
9823,0.0
9824,0.0
9825,0.0
9826,0.0
9827,0.0
9828,0.0
9829,0.0
9830,0.0
9831,0.0
9832,0.0
9833,0.0
9834,0.0
9835,0.0
9836,0.0
9837,0.0
9838,0.0
9839,0.0
9840,0.0
9841,0.0
9842,0.0
9843,0.0
9844,0.0
9845,0.0
9846,0.0
9847,0.0
9848,0.0
9849,0.0
9850,0.0
9851,0.0
9852,0.0
9853,0.0
9854,0.0
9855,0.0
9856,0.0
9857,0.0
9858,0.0
9859,0.0
9860,0.0
9861,0.0
9862,0.0
9863,0.0
9864,0.0
9865,0.0
9866,0.0
9867,0.0
9868,0.0
9869,0.0
9870,0.0
9871,0.0
9872,0.0
9873,0.0
9874,0.0
9875,0.0
9876,0.0
9877,0.0
9878,0.0
9879,0.0
9880,0.0
9881,0.0
9882,0.0
9883,0.0
9884,0.0
9885,0.0
9886,0.0
9887,0.0
9888,0.0
9889,0.0
9890,0.0
9891,0.0
9892,0.0
9893,0.0
9894,0.0
9895,0.0
9896,0.0
9897,0.0
9898,0.0
9899,0.0
9900,0.0
9901,0.0
9902,0.0
9903,0.0
9904,0.0
9905,0.0
9906,0.0
9907,0.0
9908,0.0
9909,0.0
9910,0.0
9911,0.0
9912,0.0
9913,0.0
9914,0.0
9915,0.0
9916,0.0
9917,0.0
9918,0.0
9919,0.0
9920,0.0
9921,0.0
9922,0.0
9923,0.0
9924,0.0
9925,0.0
9926,0.0
9927,0.0
9928,0.0
9929,0.0
9930,0.0
9931,0.0
9932,0.0
9933,0.0
9934,0.0
9935,0.0
9936,0.0
9937,0.0
9938,0.0
9939,0.0
9940,0.0
9941,0.0
9942,0.0
9943,0.0
9944,0.0
9945,0.0
9946,0.0
9947,0.0
9948,0.0
9949,0.0
9950,0.0
9951,0.0
9952,0.0
9953,0.0
9954,0.0
9955,0.0
9956,0.0
9957,0.0
9958,0.0
9959,0.0
9960,5928.968529244857
9961,5952.147583093069
9962,5961.147583093069
9963,5958.147583093069
9964,5958.147583093069
9965,5961.147583093069
9966,5961.147583093069
9967,5963.153521168096
9968,5963.153521168096
9969,5956.715465025743
9970,5956.715465025743
9971,5959.715465025743
9972,5959.715465025743
9973,5945.715465025743
9974,5948.715465025743
9975,5959.462389811077
9976,5959.462389811077
9977,5959.462389811077
9978,5956.462389811077
9979,5945.462389811077
9980,5945.462389811077
9981,5945.462389811077
9982,5933.425464573807
9983,5928.425464573807
9984,5908.724266823285
9985,5911.724266823285
9986,5914.724266823285
9987,5933.979212940384
9988,5936.979212940384
9989,5951.515836008623
9990,5951.515836008623
9991,5954.515836008623
9992,5957.515836008623
9993,5957.515836008623
9994,5949.515836008623
9995,5959.156793438887
9996,5959.156793438887
9997,5959.156793438887
9998,5954.987168839709
9999,5954.987168839709
10000,5958.501291898616
10001,5961.501291898618
10002,5952.930852450272
10003,5951.008534926305
10004,5951.008534926305
10005,5951.008534926305
10006,5943.457534373303
10007,5940.457534373303
10008,5944.694224301071
10009,5947.694224301071
10010,5958.694224301071
10011,5958.694224301071
10012,5958.694224301071
10013,5958.694224301071
10014,5958.694224301071
10015,5958.694224301071
10016,5958.694224301071
10017,5958.694224301071
10018,5955.623221335356
10019,5950.029836364174
10020,5950.029836364174
10021,5964.029836364174
10022,5970.307095079061
10023,5959.560170293726
10024,5959.560170293726
10025,5959.560170293726
10026,5957.205342023442
10027,5955.499805810905
10028,5955.499805810905
10029,5955.5419914398335
10030,5955.5419914398335
10031,5965.56610475116
10032,5965.56610475116
10033,5956.905742837915
10034,5956.905742837915
10035,5956.905742837915
10036,5956.905742837915
10037,5959.905742837915
10038,5959.905742837915
10039,5948.078905443936
10040,5948.078905443936
10041,5955.913759590399
10042,5955.913759590399
10043,5955.913759590399
10044,5944.9137595903985
10045,5947.9137595903985
10046,5947.9137595903985
10047,5947.9137595903985
10048,5947.9137595903985
10049,5947.9137595903985
10050,5958.9137595903985
10051,5961.9137595903985
10052,5959.097330055462
10053,5967.097330055462
10054,5961.131570466858
10055,5960.327518124437
10056,5960.327518124437
10057,5963.327518124437
10058,5966.327518124437
10059,5966.327518124437
10060,5969.327518124437
10061,5972.318144971117
10062,5972.318144971117
10063,5975.318144971117
10064,5975.318144971117
10065,5975.318144971117
10066,5975.318144971117
10067,5986.318144971117
10068,5986.318144971117
10069,5992.318144971117
10070,5992.318144971117
10071,5992.318144971117
10072,5992.318144971117
10073,6003.318144971117
10074,6003.318144971117
10075,6014.318144971117
10076,6014.318144971117
10077,6028.318144971117
10078,6031.318144971117
10079,0.0
