,0
0,229.81052207946777
1,229.81052207946777
2,229.81052207946777
3,219.05229377746582
4,219.05229377746582
5,219.05229377746582
6,219.05229377746582
7,208.24671745300293
8,208.24671745300293
9,208.24671745300293
10,208.24671745300293
11,208.24671745300293
12,208.24671745300293
13,208.24671745300293
14,208.24671745300293
15,208.24671745300293
16,208.24671745300293
17,208.24671745300293
18,208.24671745300293
19,208.24671745300293
20,208.24671745300293
21,208.24671745300293
22,208.24671745300293
23,197.286358833313
24,197.286358833313
25,197.286358833313
26,186.37152290344238
27,186.37152290344238
28,175.4160385131836
29,175.4160385131836
30,175.4160385131836
31,164.42556476593018
32,153.48597240447998
33,164.4090061187744
34,164.4090061187744
35,186.36963939666748
36,186.36963939666748
37,186.36963939666748
38,175.37324619293213
39,186.06034469604492
40,175.16577816009521
41,174.87359237670898
42,163.92174816131592
43,163.92174816131592
44,174.70483016967773
45,163.70483016967773
46,174.6886568069458
47,174.6886568069458
48,174.6886568069458
49,174.6886568069458
50,174.6886568069458
51,174.6886568069458
52,174.6886568069458
53,174.6886568069458
54,174.6886568069458
55,174.6886568069458
56,174.6886568069458
57,174.6886568069458
58,174.6886568069458
59,174.6886568069458
60,163.70483016967773
61,174.67599391937256
62,174.67599391937256
63,174.67599391937256
64,174.67599391937256
65,174.67599391937256
66,174.67599391937256
67,174.67599391937256
68,174.67599391937256
69,174.67599391937256
70,174.67599391937256
71,164.0388822555542
72,164.0388822555542
73,153.3517837524414
74,142.5687017440796
75,142.5687017440796
76,142.5687017440796
77,142.5687017440796
78,131.59789848327637
79,131.59789848327637
80,131.59789848327637
81,142.53897857666016
82,142.53897857666016
83,142.53897857666016
84,142.53897857666016
85,142.53897857666016
86,142.53897857666016
87,142.53897857666016
88,142.53897857666016
89,153.32158756256104
90,164.2721004486084
91,164.2721004486084
92,163.8049192428589
93,174.80304527282715
94,174.80304527282715
95,174.80304527282715
96,174.80304527282715
97,174.80304527282715
98,174.80304527282715
99,174.80304527282715
100,174.80304527282715
101,174.80304527282715
102,174.80304527282715
103,174.80304527282715
104,174.80304527282715
105,163.86196517944336
106,163.86196517944336
107,153.07935619354248
108,153.07935619354248
109,153.07935619354248
110,153.07935619354248
111,164.00271701812744
112,174.98577976226807
113,164.0064926147461
114,153.06219959259033
115,142.41213512420654
116,131.4891014099121
117,142.3836545944214
118,142.35637855529785
119,131.35641384124756
120,131.35641384124756
121,131.35641384124756
122,131.35641384124756
123,120.3582878112793
124,120.3582878112793
125,131.2914171218872
126,131.2914171218872
127,131.2914171218872
128,153.16155529022217
129,153.16155529022217
130,153.16155529022217
131,142.1943006515503
132,153.1943006515503
133,153.1943006515503
134,153.1943006515503
135,175.0766086578369
136,164.0935459136963
137,175.0536060333252
138,175.0536060333252
139,175.0536060333252
140,175.0536060333252
141,185.58627319335938
142,185.58352279663086
143,185.58352279663086
144,196.57548332214355
145,207.55466842651367
146,207.55466842651367
147,207.55466842651367
148,207.55466842651367
149,207.55466842651367
150,218.55466842651367
151,229.46332550048828
152,240.44419956207275
153,240.44419956207275
154,240.44419956207275
155,251.42653942108154
156,251.168288230896
157,251.168288230896
158,251.168288230896
159,251.168288230896
160,251.168288230896
161,240.63562107086182
162,240.63562107086182
163,229.67240142822266
164,229.67240142822266
165,218.77784824371338
166,218.77784824371338
167,207.88378810882568
168,207.88378810882568
169,218.78761768341064
170,218.78761768341064
171,218.78761768341064
172,218.78761768341064
173,218.78761768341064
174,218.78761768341064
175,207.8264274597168
176,207.8264274597168
177,218.65762424468994
178,218.65762424468994
179,218.65762424468994
180,207.79787254333496
181,207.79787254333496
182,197.12971210479736
183,207.85231971740723
184,197.02112293243408
185,186.02112293243408
186,186.02112293243408
187,186.02112293243408
188,186.02112293243408
189,185.85083961486816
190,185.85083961486816
191,185.85083961486816
192,185.85083961486816
193,185.85083961486816
194,185.85083961486816
195,174.9274787902832
196,174.9274787902832
197,174.9274787902832
198,174.9274787902832
199,174.9274787902832
200,163.97158241271973
201,163.97158241271973
202,152.97158241271973
203,152.97158241271973
204,163.80606269836426
205,174.45355415344238
206,174.45355415344238
207,174.45355415344238
208,163.53545570373535
209,163.53545570373535
210,163.53545570373535
211,163.4003391265869
212,163.4003391265869
213,163.4003391265869
214,163.4003391265869
215,163.4003391265869
216,163.4003391265869
217,174.09896087646484
218,174.09896087646484
219,163.10700035095215
220,163.10700035095215
221,174.07660579681396
222,163.42911434173584
223,163.42911434173584
224,174.2335548400879
225,174.2335548400879
226,163.4481716156006
227,152.64866256713867
228,141.6981496810913
229,141.6981496810913
230,141.6981496810913
231,141.6981496810913
232,130.970046043396
233,130.970046043396
234,130.970046043396
235,141.89960861206055
236,141.89960861206055
237,152.87164878845215
238,161.28132247924805
239,172.20523738861084
240,161.30140781402588
241,172.27754020690918
242,183.25524997711182
243,185.76034450531006
244,185.76034450531006
245,185.76034450531006
246,185.7962121963501
247,193.82606983184814
248,204.80338954925537
249,215.62679290771484
250,215.62679290771484
251,196.77199172973633
252,196.77199172973633
253,185.9375114440918
254,196.9150629043579
255,207.7047824859619
256,207.7047824859619
257,196.8256072998047
258,207.75705337524414
259,207.75705337524414
260,207.75705337524414
261,196.83313846588135
262,196.83313846588135
263,207.83313846588135
264,218.73145484924316
265,218.73145484924316
266,218.73145484924316
267,218.73145484924316
268,207.79832553863525
269,207.79832553863525
270,207.79832553863525
271,207.79832553863525
272,218.751127243042
273,240.36780643463135
274,240.36780643463135
275,240.39672756195068
276,240.39672756195068
277,251.17101287841797
278,240.3476095199585
279,261.7623701095581
280,261.7623701095581
281,250.95792961120605
282,250.95792961120605
283,261.79867935180664
284,261.79867935180664
285,250.83801078796387
286,250.76416778564453
287,250.76416778564453
288,250.76416778564453
289,250.76416778564453
290,250.76416778564453
291,250.76416778564453
292,250.76416778564453
293,261.10146141052246
294,250.32717609405518
295,250.32717609405518
296,250.32717609405518
297,228.58465480804443
298,229.15441513061523
299,229.15441513061523
300,240.4551076889038
301,240.4551076889038
302,240.4551076889038
303,240.4551076889038
304,251.2721586227417
305,262.257363319397
306,240.70051765441895
307,240.70051765441895
308,240.70051765441895
309,240.70051765441895
310,240.70051765441895
311,240.70051765441895
312,240.70051765441895
313,229.71531295776367
314,240.5370922088623
315,240.5370922088623
316,240.5370922088623
317,251.38044929504395
318,259.3545970916748
319,259.3545970916748
320,259.3545970916748
321,248.3825569152832
322,240.40840911865234
323,251.21571731567383
324,251.21571731567383
325,262.1145496368408
326,262.1145496368408
327,262.1145496368408
328,262.1145496368408
329,273.09314250946045
330,273.09314250946045
331,273.09314250946045
332,273.09314250946045
333,273.09314250946045
334,251.3281135559082
335,251.3281135559082
336,229.5480251312256
337,229.5480251312256
338,240.0937671661377
339,228.94244194030762
340,228.94244194030762
341,228.94244194030762
342,228.94244194030762
343,228.94244194030762
344,228.94244194030762
345,228.94244194030762
346,239.8389654159546
347,239.8389654159546
348,239.8389654159546
349,228.998215675354
350,228.998215675354
351,228.998215675354
352,228.998215675354
353,228.998215675354
354,218.19090747833252
355,207.29207515716553
356,207.29207515716553
357,207.29207515716553
358,218.29207515716553
359,229.17450618743896
360,239.87101078033447
361,229.32526874542236
362,229.32526874542236
363,229.32526874542236
364,240.3186740875244
365,229.58562564849854
366,207.77881240844727
367,207.77881240844727
368,207.77881240844727
369,207.77881240844727
370,207.77881240844727
371,207.77881240844727
372,196.8335475921631
373,185.83735466003418
374,174.8886661529541
375,174.8886661529541
376,164.06688690185547
377,153.13544082641602
378,153.13544082641602
379,164.0863742828369
380,164.0863742828369
381,164.21718502044678
382,153.23947525024414
383,153.23947525024414
384,153.23947525024414
385,153.23947525024414
386,153.205322265625
387,153.205322265625
388,153.205322265625
389,131.51541233062744
390,131.51541233062744
391,131.51541233062744
392,153.23059749603271
393,153.23059749603271
394,142.23059749603271
395,142.23059749603271
396,142.23059749603271
397,153.22303676605225
398,153.22303676605225
399,153.22303676605225
400,153.22303676605225
401,153.22303676605225
402,153.22303676605225
403,153.22303676605225
404,153.22303676605225
405,164.17195987701416
406,174.99015998840332
407,174.99015998840332
408,174.99015998840332
409,174.99015998840332
410,164.0205545425415
411,164.0205545425415
412,174.49537467956543
413,174.49537467956543
414,174.49537467956543
415,163.52120685577393
416,163.52120685577393
417,152.62468338012695
418,152.62468338012695
419,152.62468338012695
420,141.67374992370605
421,141.67374992370605
422,141.67374992370605
423,152.60040473937988
424,141.71797370910645
425,141.71797370910645
426,152.58411502838135
427,141.80206775665283
428,141.80206775665283
429,141.80206775665283
430,141.80206775665283
431,141.80206775665283
432,131.3272476196289
433,142.3016176223755
434,142.3016176223755
435,131.48341751098633
436,153.43872833251953
437,142.57258701324463
438,153.49958515167236
439,153.49958515167236
440,153.49958515167236
441,153.49958515167236
442,153.49958515167236
443,131.49958515167236
444,131.49958515167236
445,131.49958515167236
446,120.51373386383057
447,120.51373386383057
448,120.51373386383057
449,120.46149158477783
450,120.46149158477783
451,131.3515567779541
452,153.14535903930664
453,153.14535903930664
454,153.14535903930664
455,153.14535903930664
456,164.1281337738037
457,164.1281337738037
458,174.9828395843506
459,185.78131771087646
460,174.78887844085693
461,163.81274604797363
462,163.81274604797363
463,152.81274604797363
464,130.992582321167
465,130.992582321167
466,141.86756896972656
467,141.86756896972656
468,141.86756896972656
469,141.86756896972656
470,141.86756896972656
471,152.68266201019287
472,152.68266201019287
473,152.68266201019287
474,163.62988662719727
475,163.62988662719727
476,163.62988662719727
477,163.62988662719727
478,163.62988662719727
479,174.2875566482544
480,174.2875566482544
481,185.20185470581055
482,185.20185470581055
483,185.20185470581055
484,185.20185470581055
485,185.20185470581055
486,174.38676166534424
487,174.38676166534424
488,174.38676166534424
489,163.41239166259766
490,163.41239166259766
491,163.41239166259766
492,174.36480712890625
493,185.3355073928833
494,185.3355073928833
495,185.3355073928833
496,185.3355073928833
497,196.3355073928833
498,174.6244878768921
499,174.6244878768921
500,163.8260097503662
501,174.69478225708008
502,185.60479259490967
503,174.467134475708
504,185.41114044189453
505,185.41114044189453
506,196.07916355133057
507,196.07916355133057
508,185.42149353027344
509,185.42149353027344
510,196.4108476638794
511,207.4020881652832
512,207.4020881652832
513,196.42349529266357
514,185.50919723510742
515,185.50919723510742
516,185.50919723510742
517,207.18626880645752
518,207.18626880645752
519,207.18626880645752
520,207.18626880645752
521,207.18626880645752
522,196.29620361328125
523,196.29620361328125
524,218.21459770202637
525,229.17901802062988
526,229.17901802062988
527,229.17901802062988
528,229.17901802062988
529,229.17901802062988
530,239.85233879089355
531,207.2750473022461
532,207.2750473022461
533,207.2750473022461
534,207.2750473022461
535,217.81159114837646
536,217.81159114837646
537,228.45943546295166
538,228.45943546295166
539,228.45943546295166
540,228.45943546295166
541,228.45943546295166
542,228.45943546295166
543,228.3054437637329
544,228.3054437637329
545,250.29054832458496
546,261.16753578186035
547,269.11664962768555
548,280.08633518218994
549,272.13722133636475
550,272.13722133636475
551,272.13722133636475
552,261.7407703399658
553,272.6856393814087
554,272.6856393814087
555,272.6856393814087
556,272.6856393814087
557,283.6440324783325
558,272.7806701660156
559,272.7806701660156
560,251.18035125732422
561,261.9825325012207
562,261.9825325012207
563,229.44414138793945
564,229.44414138793945
565,197.00086975097656
566,207.9335470199585
567,218.78382682800293
568,207.80105209350586
569,196.80105209350586
570,218.59266185760498
571,218.59266185760498
572,218.59266185760498
573,218.59266185760498
574,240.48625469207764
575,240.48625469207764
576,251.44248008728027
577,262.273717880249
578,262.273717880249
579,262.273717880249
580,262.273717880249
581,284.10490322113037
582,273.3064794540405
583,273.31771659851074
584,273.31771659851074
585,273.31771659851074
586,273.31771659851074
587,262.1237964630127
588,273.0117998123169
589,273.0117998123169
590,262.0117998123169
591,262.0117998123169
592,251.04737949371338
593,251.04737949371338
594,251.04737949371338
595,251.04737949371338
596,251.04737949371338
597,240.1373691558838
598,240.1373691558838
599,240.1373691558838
600,261.59865283966064
601,261.59865283966064
602,261.59865283966064
603,272.4921884536743
604,283.4635000228882
605,303.9413366317749
606,292.9750623703003
607,303.68233489990234
608,292.75312995910645
609,292.6786460876465
610,303.33055210113525
611,281.59414768218994
612,283.00740242004395
613,304.2256555557251
614,315.19286155700684
615,315.19286155700684
616,326.9811429977417
617,337.39226245880127
618,337.39226245880127
619,348.3918933868408
620,348.3918933868408
621,359.2732238769531
622,359.2732238769531
623,359.80903339385986
624,349.5907802581787
625,349.5907802581787
626,360.39730072021484
627,360.39730072021484
628,349.54841136932373
629,371.53387928009033
630,371.53387928009033
631,371.53387928009033
632,349.99374866485596
633,360.92004108428955
634,360.63937854766846
635,360.63937854766846
636,360.63937854766846
637,360.63937854766846
638,349.9321060180664
639,360.8502836227417
640,349.92476749420166
641,349.92476749420166
642,382.6359930038452
643,382.6359930038452
644,371.6890640258789
645,382.64670276641846
646,371.78429794311523
647,382.5979423522949
648,382.5979423522949
649,382.5979423522949
650,393.78661346435547
651,393.78661346435547
652,393.78661346435547
653,393.7344779968262
654,412.02351570129395
655,401.09722328186035
656,404.4086151123047
657,404.4086151123047
658,415.20368099212646
659,404.33073806762695
660,426.2419652938843
661,458.8842439651489
662,458.8842439651489
663,469.7791109085083
664,469.7791109085083
665,469.7791109085083
666,480.7397184371948
667,491.71989727020264
668,491.67909049987793
669,491.77759742736816
670,480.77759742736816
671,480.77759742736816
672,469.85941982269287
673,469.85941982269287
674,469.9270887374878
675,458.9557771682739
676,469.66725730895996
677,470.0088872909546
678,470.0088872909546
679,459.04168128967285
680,443.7327823638916
681,454.644850730896
682,454.644850730896
683,448.1472291946411
684,448.1472291946411
685,469.86073303222656
686,469.86073303222656
687,480.6450786590576
688,469.7124013900757
689,469.7124013900757
690,469.7124013900757
691,458.7467851638794
692,458.7467851638794
693,447.8528470993042
694,437.0470371246338
695,448.0167064666748
696,448.0167064666748
697,447.985276222229
698,469.85608673095703
699,469.85608673095703
700,470.0297784805298
701,480.8703327178955
702,480.8703327178955
703,470.01427268981934
704,470.01427268981934
705,470.01427268981934
706,470.14410972595215
707,480.9059133529663
708,459.1119213104248
709,459.1119213104248
710,448.120680809021
711,437.1548042297363
712,437.1548042297363
713,426.4433240890503
714,426.4433240890503
715,426.4433240890503
716,415.5881586074829
717,415.5881586074829
718,415.5881586074829
719,404.73987197875977
720,393.75969314575195
721,393.68317794799805
722,382.80653381347656
723,393.7755699157715
724,404.74835109710693
725,393.77621269226074
726,404.81549549102783
727,394.07034969329834
728,415.72622776031494
729,426.7080717086792
730,426.7080717086792
731,437.3305034637451
732,426.3450355529785
733,437.3037166595459
734,437.3037166595459
735,426.2250804901123
736,437.2022533416748
737,448.17479705810547
738,459.17479705810547
739,459.17479705810547
740,459.17479705810547
741,437.17298698425293
742,437.17298698425293
743,437.17298698425293
744,426.19930934906006
745,415.39069747924805
746,426.3654661178589
747,437.2639093399048
748,426.2639093399048
749,415.31485748291016
750,415.3480682373047
751,404.5012788772583
752,404.5012788772583
753,404.30967235565186
754,426.0045804977417
755,425.9406576156616
756,436.91650104522705
757,436.91650104522705
758,436.91650104522705
759,426.29406929016113
760,437.29406929016113
761,404.6253328323364
762,393.65037059783936
763,404.4676179885864
764,393.57275104522705
765,382.65657234191895
766,382.68690299987793
767,382.6583242416382
768,404.4736099243164
769,415.4400939941406
770,426.36314487457275
771,426.36314487457275
772,426.36314487457275
773,404.43824195861816
774,437.2276973724365
775,437.2276973724365
776,470.0721960067749
777,481.23147106170654
778,492.0805597305298
779,492.0805597305298
780,470.0417766571045
781,470.0417766571045
782,480.874228477478
783,491.45927810668945
784,513.2286233901978
785,524.1021528244019
786,523.9346437454224
787,512.9346437454224
788,512.9346437454224
789,523.8903331756592
790,545.3320598602295
791,545.6149415969849
792,556.4706811904907
793,567.4289817810059
794,567.4289817810059
795,545.5798931121826
796,556.5096378326416
797,545.5337944030762
798,556.491795539856
799,545.6344776153564
800,534.8681468963623
801,545.863842010498
802,556.4398536682129
803,567.3478364944458
804,578.2783222198486
805,578.2783222198486
806,578.601975440979
807,568.0782165527344
808,568.0782165527344
809,557.2870445251465
810,579.1228408813477
811,579.1228408813477
812,590.1642236709595
813,579.233775138855
814,579.4165277481079
815,579.3079147338867
816,612.2810344696045
817,623.1717185974121
818,644.8280038833618
819,623.0392971038818
820,634.0392971038818
821,623.4576835632324
822,612.4829149246216
823,590.5486135482788
824,590.5486135482788
825,590.5486135482788
826,590.5486135482788
827,590.5486135482788
828,579.7333278656006
829,579.7333278656006
830,579.7333278656006
831,577.5268068313599
832,577.401478767395
833,588.3804044723511
834,588.3804044723511
835,588.3804044723511
836,601.6609048843384
837,569.0635271072388
838,580.0516147613525
839,601.7356605529785
840,634.436487197876
841,623.5169410705566
842,645.310980796814
843,645.310980796814
844,656.2661504745483
845,656.2661504745483
846,667.1988983154297
847,656.3223714828491
848,667.3269462585449
849,656.5423793792725
850,656.5423793792725
851,656.5423793792725
852,645.5423793792725
853,645.5423793792725
854,656.3085517883301
855,644.5404586791992
856,655.3855752944946
857,677.2866563796997
858,644.5177516937256
859,644.5177516937256
860,633.5326089859009
861,633.5979442596436
862,644.403564453125
863,655.2710704803467
864,644.3623027801514
865,655.2706594467163
866,666.1694440841675
867,666.094274520874
868,644.1572551727295
869,644.5281686782837
870,655.5822896957397
871,655.5822896957397
872,688.5065965652466
873,677.5401124954224
874,677.5401124954224
875,656.0970754623413
876,656.0970754623413
877,656.0970754623413
878,656.0602989196777
879,688.953784942627
880,699.953784942627
881,688.9250946044922
882,678.0071268081665
883,678.0071268081665
884,667.0071268081665
885,656.029953956604
886,656.1539278030396
887,656.1539278030396
888,666.6955032348633
889,688.4276514053345
890,688.1621999740601
891,666.2356338500977
892,666.2453079223633
893,665.2579593658447
894,654.3274736404419
895,643.4990978240967
896,621.5347948074341
897,632.3808765411377
898,621.4578256607056
899,621.6013898849487
900,611.6989860534668
901,600.8314800262451
902,611.6388702392578
903,579.7651958465576
904,579.7651958465576
905,568.87451171875
906,557.9130220413208
907,546.9013843536377
908,546.9013843536377
909,557.8512516021729
910,579.4536838531494
911,590.4172840118408
912,579.4707975387573
913,590.3718509674072
914,590.3718509674072
915,590.3718509674072
916,601.2616291046143
917,579.4236936569214
918,579.4236936569214
919,601.1606378555298
920,601.0927724838257
921,590.161304473877
922,612.000973701477
923,601.0168228149414
924,601.0168228149414
925,579.3290214538574
926,601.1907434463501
927,601.1907434463501
928,611.8000392913818
929,622.784291267395
930,611.8867750167847
931,622.8685750961304
932,633.7788419723511
933,644.574779510498
934,644.464277267456
935,622.8608388900757
936,644.6952285766602
937,644.710620880127
938,633.7135248184204
939,633.7135248184204
940,622.7135248184204
941,611.824405670166
942,633.7345762252808
943,633.7345762252808
944,622.7666511535645
945,611.8692770004272
946,600.934681892395
947,611.8808221817017
948,611.9680347442627
949,611.7306098937988
950,578.99733543396
951,589.9964389801025
952,579.0651226043701
953,568.4558267593384
954,557.5028028488159
955,557.5028028488159
956,568.4181938171387
957,568.4181938171387
958,568.4181938171387
959,568.4181938171387
960,579.1009244918823
961,568.3598709106445
962,568.3598709106445
963,579.1929035186768
964,568.2015438079834
965,557.3004903793335
966,557.3553075790405
967,557.5077524185181
968,535.6311779022217
969,535.6311779022217
970,535.6710615158081
971,535.6710615158081
972,524.6710615158081
973,513.6979417800903
974,513.6979417800903
975,513.6979417800903
976,513.7983884811401
977,491.92685317993164
978,492.23221588134766
979,492.23252868652344
980,492.30479431152344
981,502.8230266571045
982,481.1719264984131
983,492.0518798828125
984,503.0518798828125
985,503.0518798828125
986,503.076340675354
987,492.08987522125244
988,492.1162061691284
989,470.2089433670044
990,470.2089433670044
991,459.28209400177
992,459.28209400177
993,459.28209400177
994,459.28209400177
995,470.25200176239014
996,470.3062791824341
997,459.3184185028076
998,470.28192615509033
999,481.21087646484375
1000,480.96652126312256
1001,480.96652126312256
1002,470.5097770690918
1003,459.5106735229492
1004,470.39415168762207
1005,459.4826126098633
1006,459.4826126098633
1007,448.5316114425659
1008,448.53410625457764
1009,459.46230125427246
1010,459.44390392303467
1011,470.4288511276245
1012,492.07150650024414
1013,492.07150650024414
1014,491.99789237976074
1015,491.93199634552
1016,491.8328790664673
1017,491.8215856552124
1018,513.466968536377
1019,523.1580581665039
1020,534.0429887771606
1021,523.129282951355
1022,512.2962503433228
1023,501.31811809539795
1024,490.4916229248047
1025,511.654408454895
1026,533.4615631103516
1027,522.473484992981
1028,512.782395362854
1029,534.7120475769043
1030,545.7120475769043
1031,567.4431133270264
1032,567.4431133270264
1033,567.4431133270264
1034,567.4431133270264
1035,567.4431133270264
1036,555.9408950805664
1037,567.5294876098633
1038,589.3683948516846
1039,600.0597801208496
1040,600.0597801208496
1041,600.0597801208496
1042,611.0428848266602
1043,621.8468570709229
1044,621.8468570709229
1045,589.2959365844727
1046,589.2959365844727
1047,578.3116846084595
1048,578.3116846084595
1049,557.1955251693726
1050,557.1955251693726
1051,578.9146757125854
1052,578.8575944900513
1053,578.8575944900513
1054,589.8093461990356
1055,578.8314981460571
1056,589.7979917526245
1057,589.7979917526245
1058,578.7928266525269
1059,589.6436624526978
1060,578.7929430007935
1061,578.7323360443115
1062,589.697660446167
1063,600.6137447357178
1064,600.6137447357178
1065,589.782075881958
1066,589.782075881958
1067,600.7446393966675
1068,611.5620546340942
1069,600.6502084732056
1070,589.6502084732056
1071,557.0940628051758
1072,557.0945434570312
1073,535.4848279953003
1074,535.4848279953003
1075,535.4848279953003
1076,546.5311765670776
1077,546.6352806091309
1078,546.6352806091309
1079,557.5055055618286
1080,535.5990381240845
1081,513.6947288513184
1082,502.71736907958984
1083,513.6826543807983
1084,524.6409978866577
1085,524.6409978866577
1086,535.6360902786255
1087,535.6360902786255
1088,513.809663772583
1089,502.9588279724121
1090,513.8838548660278
1091,535.5633897781372
1092,535.5091133117676
1093,535.5091133117676
1094,524.6168451309204
1095,524.6959066390991
1096,503.01436710357666
1097,513.9933624267578
1098,535.7809801101685
1099,535.7809801101685
1100,535.7809801101685
1101,579.0333251953125
1102,590.023756980896
1103,611.335241317749
1104,611.3883171081543
1105,611.398365020752
1106,622.295919418335
1107,633.0335054397583
1108,622.221887588501
1109,643.8829317092896
1110,633.2212820053101
1111,644.0072793960571
1112,644.1000099182129
1113,665.9510316848755
1114,665.9510316848755
1115,665.9794082641602
1116,665.9794082641602
1117,655.0617513656616
1118,666.3187761306763
1119,666.3094482421875
1120,666.4007406234741
1121,655.2487144470215
1122,644.29368019104
1123,655.0878429412842
1124,622.4044857025146
1125,633.0060977935791
1126,654.9134979248047
1127,644.1038637161255
1128,644.1038637161255
1129,644.1038637161255
1130,633.1311340332031
1131,632.9323930740356
1132,653.7519521713257
1133,675.626392364502
1134,664.7217454910278
1135,664.7217454910278
1136,664.5685844421387
1137,675.4296607971191
1138,664.6024141311646
1139,653.7149324417114
1140,653.7212295532227
1141,675.5196056365967
1142,665.6998529434204
1143,665.8667821884155
1144,665.8667821884155
1145,644.0102405548096
1146,665.8513879776001
1147,644.1629915237427
1148,644.1492948532104
1149,633.2843790054321
1150,633.2843790054321
1151,633.2843790054321
1152,622.6509189605713
1153,622.6509189605713
1154,611.6738691329956
1155,633.541995048523
1156,633.8178386688232
1157,633.8178386688232
1158,644.315601348877
1159,655.2903079986572
1160,666.1643056869507
1161,677.0376825332642
1162,677.0376825332642
1163,687.8303442001343
1164,687.8303442001343
1165,687.5631074905396
1166,698.4764003753662
1167,676.4916467666626
1168,676.4916467666626
1169,686.7221641540527
1170,716.1671986579895
1171,694.2622485160828
1172,704.9724497795105
1173,705.0532965660095
1174,664.515344619751
1175,664.5299520492554
1176,664.5299520492554
1177,675.4847679138184
1178,675.4847679138184
1179,664.6589336395264
1180,675.6370868682861
1181,675.5396099090576
1182,653.6986331939697
1183,665.1709365844727
1184,675.9750156402588
1185,675.9750156402588
1186,664.8762979507446
1187,654.2162704467773
1188,654.1800174713135
1189,654.5146999359131
1190,643.965295791626
1191,644.228518486023
1192,633.4197673797607
1193,611.7616138458252
1194,611.7616138458252
1195,633.6002864837646
1196,633.6722993850708
1197,633.6722993850708
1198,655.5713701248169
1199,655.5713701248169
1200,633.6870346069336
1201,622.9542713165283
1202,601.0497398376465
1203,601.0497398376465
1204,590.1400842666626
1205,590.1400842666626
1206,568.2724103927612
1207,568.2724103927612
1208,557.318118095398
1209,546.3985080718994
1210,546.4026231765747
1211,546.4026231765747
1212,524.554573059082
1213,535.4794225692749
1214,568.1302127838135
1215,557.2634105682373
1216,535.4925203323364
1217,524.7806720733643
1218,546.6514978408813
1219,557.6510562896729
1220,535.7196855545044
1221,535.7196855545044
1222,535.9208784103394
1223,535.9208784103394
1224,525.2001905441284
1225,525.2001905441284
1226,514.3823776245117
1227,514.3823776245117
1228,503.42847442626953
1229,492.4284973144531
1230,492.4284973144531
1231,492.4284973144531
1232,481.4540042877197
1233,481.4540042877197
1234,470.50683212280273
1235,481.3654088973999
1236,487.97663736343384
1237,487.97663736343384
1238,487.97663736343384
1239,481.3654088973999
1240,481.3654088973999
1241,492.28097438812256
1242,492.2702531814575
1243,492.2702531814575
1244,492.2702531814575
1245,492.42219734191895
1246,514.3432559967041
1247,525.406548500061
1248,525.406548500061
1249,525.3563013076782
1250,503.425311088562
1251,514.3821048736572
1252,514.3821048736572
1253,514.3821048736572
1254,525.3359355926514
1255,514.384183883667
1256,492.62699794769287
1257,525.4806423187256
1258,536.3998394012451
1259,536.3736801147461
1260,547.3615140914917
1261,579.973837852478
1262,569.0199565887451
1263,569.0199565887451
1264,558.1361150741577
1265,579.9116353988647
1266,569.0447340011597
1267,558.0545234680176
1268,558.0545234680176
1269,547.1054382324219
1270,536.2050266265869
1271,503.515664100647
1272,492.54211044311523
1273,503.4527807235718
1274,503.4527807235718
1275,492.4862871170044
1276,492.4862871170044
1277,481.53388690948486
1278,448.5979652404785
1279,448.56025791168213
1280,448.56025791168213
1281,448.55053329467773
1282,459.3857583999634
1283,459.3857583999634
1284,459.3857583999634
1285,470.35723209381104
1286,470.1060743331909
1287,470.1060743331909
1288,437.27351570129395
1289,437.22741889953613
1290,437.1425895690918
1291,437.31599521636963
1292,437.47905921936035
1293,437.47905921936035
1294,426.50827407836914
1295,415.58801555633545
1296,426.5172824859619
1297,426.5172824859619
1298,437.47104263305664
1299,415.60647201538086
1300,426.3572540283203
1301,426.3572540283203
1302,415.3662042617798
1303,415.3662042617798
1304,404.42394733428955
1305,393.47216987609863
1306,382.67865085601807
1307,382.67865085601807
1308,382.67865085601807
1309,382.67865085601807
1310,382.67865085601807
1311,371.6910629272461
1312,371.6910629272461
1313,393.25328254699707
1314,393.25328254699707
1315,415.08193492889404
1316,382.2580232620239
1317,382.2580232620239
1318,393.0869655609131
1319,393.0869655609131
1320,393.18376541137695
1321,393.18376541137695
1322,393.18376541137695
1323,404.1392631530762
1324,404.1392631530762
1325,404.1060781478882
1326,393.18306064605713
1327,382.2451868057251
1328,382.2451868057251
1329,382.2451868057251
1330,393.2081060409546
1331,393.2081060409546
1332,382.63430309295654
1333,382.63430309295654
1334,382.63430309295654
1335,382.63430309295654
1336,393.48549938201904
1337,414.91239070892334
1338,404.11647510528564
1339,404.11647510528564
1340,404.11647510528564
1341,382.1654815673828
1342,371.41469955444336
1343,382.345440864563
1344,371.43212509155273
1345,360.5968999862671
1346,360.5968999862671
1347,347.46352195739746
1348,347.46352195739746
1349,347.46352195739746
1350,347.46352195739746
1351,338.70618629455566
1352,338.70618629455566
1353,338.70618629455566
1354,327.75242614746094
1355,327.75242614746094
1356,316.8417558670044
1357,316.9468765258789
1358,316.9468765258789
1359,306.11793422698975
1360,295.14409351348877
1361,284.26998805999756
1362,273.35992908477783
1363,273.35992908477783
1364,284.32355308532715
1365,295.2006244659424
1366,295.2006244659424
1367,295.2006244659424
1368,295.2006244659424
1369,306.05413818359375
1370,306.05413818359375
1371,316.5256690979004
1372,316.5256690979004
1373,316.5256690979004
1374,305.60707569122314
1375,316.5425157546997
1376,305.6059808731079
1377,294.6382026672363
1378,283.6820659637451
1379,294.6736717224121
1380,305.6727304458618
1381,273.58324337005615
1382,273.3842897415161
1383,262.5330934524536
1384,251.63107872009277
1385,251.63107872009277
1386,251.63107872009277
1387,251.63107872009277
1388,262.56845569610596
1389,251.56845569610596
1390,262.4659900665283
1391,262.4659900665283
1392,273.39784240722656
1393,284.34189319610596
1394,284.34189319610596
1395,273.42235565185547
1396,273.42235565185547
1397,273.42235565185547
1398,273.42235565185547
1399,273.42235565185547
1400,273.42235565185547
1401,284.39554023742676
1402,284.39554023742676
1403,284.42946910858154
1404,284.42946910858154
1405,273.4410524368286
1406,240.52735900878906
1407,240.52735900878906
1408,251.33807563781738
1409,251.33807563781738
1410,251.33807563781738
1411,262.23666286468506
1412,262.23666286468506
1413,262.23666286468506
1414,261.9041404724121
1415,261.9041404724121
1416,261.9041404724121
1417,272.8711271286011
1418,251.1285810470581
1419,251.14641857147217
1420,262.0814914703369
1421,262.0814914703369
1422,262.0814914703369
1423,272.98552417755127
1424,272.98552417755127
1425,262.00844287872314
1426,251.01683712005615
1427,261.9906826019287
1428,261.9906826019287
1429,272.92594051361084
1430,261.95275592803955
1431,251.01446723937988
1432,240.08520030975342
1433,229.1846752166748
1434,229.01587009429932
1435,239.9644374847412
1436,239.9644374847412
1437,228.9653787612915
1438,229.06111907958984
1439,218.51657009124756
1440,218.51657009124756
1441,218.51657009124756
1442,218.51657009124756
1443,218.51657009124756
1444,218.51657009124756
1445,218.51657009124756
1446,207.70585346221924
1447,207.70585346221924
1448,196.77041339874268
1449,196.77041339874268
1450,196.77041339874268
1451,196.77041339874268
1452,196.77041339874268
1453,196.77041339874268
1454,196.77041339874268
1455,196.77041339874268
1456,185.84917068481445
1457,185.84917068481445
1458,185.84917068481445
1459,185.84917068481445
1460,185.84917068481445
1461,185.84917068481445
1462,174.9140977859497
1463,185.8192901611328
1464,164.0696783065796
1465,164.0696783065796
1466,164.0696783065796
1467,153.10605430603027
1468,153.10605430603027
1469,153.10605430603027
1470,153.10605430603027
1471,153.10605430603027
1472,153.10605430603027
1473,131.1672716140747
1474,131.1672716140747
1475,131.1672716140747
1476,131.1672716140747
1477,131.1672716140747
1478,131.1672716140747
1479,131.1672716140747
1480,131.1672716140747
1481,131.1672716140747
1482,131.1672716140747
1483,131.1672716140747
1484,131.1672716140747
1485,131.1672716140747
1486,120.26868438720703
1487,130.30347061157227
1488,119.39943790435791
1489,119.39943790435791
1490,119.39943790435791
1491,119.39943790435791
1492,119.39943790435791
1493,119.39943790435791
1494,119.39943790435791
1495,119.39943790435791
1496,119.39943790435791
1497,109.36465167999268
1498,109.36465167999268
1499,98.43279933929443
1500,98.43279933929443
1501,87.5020580291748
1502,87.5020580291748
1503,87.5020580291748
1504,98.48827648162842
1505,98.48827648162842
1506,98.48827648162842
1507,98.48827648162842
1508,98.48827648162842
1509,98.48827648162842
1510,98.48827648162842
1511,98.48827648162842
1512,87.57290458679199
1513,87.57290458679199
1514,87.57290458679199
1515,87.57290458679199
1516,87.57290458679199
1517,87.57290458679199
1518,87.57290458679199
1519,87.57290458679199
1520,87.57290458679199
1521,87.57290458679199
1522,87.57290458679199
1523,87.57290458679199
1524,87.57290458679199
1525,87.57290458679199
1526,87.57290458679199
1527,87.57290458679199
1528,87.57290458679199
1529,87.57290458679199
1530,76.66771221160889
1531,76.66771221160889
1532,76.66771221160889
1533,76.66771221160889
1534,76.66771221160889
1535,76.66771221160889
1536,76.66771221160889
1537,87.62317085266113
1538,98.58247470855713
1539,98.58247470855713
1540,98.58247470855713
1541,98.58247470855713
1542,98.58247470855713
1543,87.64509773254395
1544,87.64509773254395
1545,87.64509773254395
1546,87.64509773254395
1547,87.64509773254395
1548,87.64509773254395
1549,87.64509773254395
1550,87.64509773254395
1551,87.64509773254395
1552,76.70104694366455
1553,76.70104694366455
1554,76.70104694366455
1555,76.70104694366455
1556,76.70104694366455
1557,76.70104694366455
1558,76.70104694366455
1559,76.70104694366455
1560,76.70104694366455
1561,76.70104694366455
1562,76.70104694366455
1563,76.70104694366455
1564,65.71482849121094
1565,65.71482849121094
1566,65.71482849121094
1567,54.77957057952881
1568,54.77957057952881
1569,54.77957057952881
1570,54.77957057952881
1571,43.831003189086914
1572,43.831003189086914
1573,43.831003189086914
1574,43.831003189086914
1575,43.831003189086914
1576,43.831003189086914
1577,43.831003189086914
1578,32.87169933319092
1579,32.87169933319092
1580,32.87169933319092
1581,32.87169933319092
1582,32.87169933319092
1583,32.87169933319092
1584,32.87169933319092
1585,21.904712677001953
1586,21.904712677001953
1587,21.904712677001953
1588,21.904712677001953
1589,21.904712677001953
1590,21.904712677001953
1591,21.904712677001953
1592,21.904712677001953
1593,21.904712677001953
1594,21.904712677001953
1595,21.904712677001953
1596,21.904712677001953
1597,21.904712677001953
1598,21.904712677001953
1599,21.904712677001953
1600,21.904712677001953
1601,21.904712677001953
1602,21.904712677001953
1603,21.904712677001953
1604,21.904712677001953
1605,21.904712677001953
1606,21.904712677001953
1607,21.904712677001953
1608,21.904712677001953
1609,21.904712677001953
1610,21.904712677001953
1611,21.904712677001953
1612,21.904712677001953
1613,21.904712677001953
1614,21.904712677001953
1615,21.904712677001953
1616,21.904712677001953
1617,21.904712677001953
1618,21.904712677001953
1619,21.904712677001953
1620,21.904712677001953
1621,21.904712677001953
1622,21.904712677001953
1623,10.955458641052246
1624,10.955458641052246
1625,10.955458641052246
1626,10.955458641052246
1627,10.955458641052246
1628,21.85425853729248
1629,21.85425853729248
1630,10.898799896240234
1631,10.898799896240234
1632,10.898799896240234
1633,21.888964653015137
1634,21.888964653015137
1635,21.888964653015137
1636,21.888964653015137
1637,21.888964653015137
1638,21.888964653015137
1639,21.888964653015137
1640,21.888964653015137
1641,21.888964653015137
1642,21.888964653015137
1643,21.888964653015137
1644,21.888964653015137
1645,21.888964653015137
1646,21.888964653015137
1647,21.888964653015137
1648,21.888964653015137
1649,21.888964653015137
1650,21.888964653015137
1651,21.888964653015137
1652,21.888964653015137
1653,32.87343120574951
1654,32.87343120574951
1655,32.87343120574951
1656,43.64610481262207
1657,43.64610481262207
1658,43.64610481262207
1659,43.64610481262207
1660,43.64610481262207
1661,43.64610481262207
1662,54.52917194366455
1663,54.52917194366455
1664,54.52917194366455
1665,65.33490657806396
1666,76.11981582641602
1667,76.11981582641602
1668,76.11981582641602
1669,76.11981582641602
1670,76.11981582641602
1671,86.70199489593506
1672,75.9293212890625
1673,86.84898853302002
1674,86.84898853302002
1675,96.10880851745605
1676,107.10880851745605
1677,107.10880851745605
1678,97.84898853302002
1679,97.84898853302002
1680,97.84898853302002
1681,97.84898853302002
1682,97.84898853302002
1683,97.84898853302002
1684,97.84898853302002
1685,97.84898853302002
1686,97.84898853302002
1687,97.84898853302002
1688,98.18172454833984
1689,98.18172454833984
1690,98.18172454833984
1691,98.18172454833984
1692,98.18172454833984
1693,98.18172454833984
1694,98.18172454833984
1695,98.18172454833984
1696,98.18172454833984
1697,98.18172454833984
1698,98.18172454833984
1699,98.18172454833984
1700,98.18172454833984
1701,98.18172454833984
1702,98.18172454833984
1703,98.18172454833984
1704,98.18172454833984
1705,98.18172454833984
1706,98.18172454833984
1707,98.18172454833984
1708,98.18172454833984
1709,98.18172454833984
1710,87.3968152999878
1711,87.3968152999878
1712,76.59108066558838
1713,76.59108066558838
1714,76.59108066558838
1715,76.59108066558838
1716,76.59108066558838
1717,76.59108066558838
1718,76.59108066558838
1719,76.59108066558838
1720,87.55051803588867
1721,87.49267578125
1722,87.49267578125
1723,98.25678730010986
1724,98.25678730010986
1725,98.25678730010986
1726,98.25678730010986
1727,87.33712005615234
1728,87.33712005615234
1729,87.33712005615234
1730,76.43832015991211
1731,76.43832015991211
1732,76.43832015991211
1733,76.43832015991211
1734,86.91602230072021
1735,86.91602230072021
1736,86.91602230072021
1737,86.91602230072021
1738,86.91602230072021
1739,76.03295516967773
1740,76.03295516967773
1741,76.03295516967773
1742,76.03295516967773
1743,76.03295516967773
1744,76.03295516967773
1745,76.03295516967773
1746,76.03295516967773
1747,76.03295516967773
1748,76.03295516967773
1749,76.49725818634033
1750,87.23195934295654
1751,87.23195934295654
1752,76.31704425811768
1753,76.31704425811768
1754,87.27023506164551
1755,87.27023506164551
1756,87.27023506164551
1757,87.27023506164551
1758,87.27023506164551
1759,87.27023506164551
1760,87.27023506164551
1761,87.27023506164551
1762,87.27023506164551
1763,87.27023506164551
1764,87.27023506164551
1765,87.27023506164551
1766,76.50612354278564
1767,76.50612354278564
1768,76.50612354278564
1769,76.50612354278564
1770,76.50612354278564
1771,65.77142238616943
1772,76.76163482666016
1773,76.76163482666016
1774,76.76163482666016
1775,76.76163482666016
1776,76.76163482666016
1777,87.59055709838867
1778,87.59055709838867
1779,87.59055709838867
1780,87.59055709838867
1781,87.59055709838867
1782,87.59055709838867
1783,65.70449542999268
1784,65.70449542999268
1785,65.70449542999268
1786,65.70449542999268
1787,65.70449542999268
1788,65.70449542999268
1789,65.70449542999268
1790,65.70449542999268
1791,54.71433067321777
1792,43.77232551574707
1793,54.77232551574707
1794,54.77232551574707
1795,54.77232551574707
1796,54.77232551574707
1797,54.77232551574707
1798,54.77232551574707
1799,54.77232551574707
1800,54.77232551574707
1801,54.77232551574707
1802,65.72286891937256
1803,65.72286891937256
1804,65.72286891937256
1805,65.72286891937256
1806,65.72286891937256
1807,76.66460418701172
1808,87.66460418701172
1809,87.66460418701172
1810,87.66460418701172
1811,98.65210056304932
1812,109.55762577056885
1813,109.55762577056885
1814,120.55658531188965
1815,120.55658531188965
1816,120.55658531188965
1817,131.55149173736572
1818,131.55149173736572
1819,131.55149173736572
1820,131.55149173736572
1821,131.55149173736572
1822,131.55149173736572
1823,142.55149173736572
1824,142.55149173736572
1825,153.46487617492676
1826,153.63181686401367
1827,153.63181686401367
1828,153.63181686401367
1829,153.63181686401367
1830,186.3989963531494
1831,186.3989963531494
1832,175.3989963531494
1833,175.3989963531494
1834,175.3989963531494
1835,164.45726108551025
1836,164.45726108551025
1837,164.45726108551025
1838,164.45726108551025
1839,153.50407028198242
1840,153.50407028198242
1841,164.35289573669434
1842,164.35289573669434
1843,164.35289573669434
1844,164.35289573669434
1845,164.35289573669434
1846,185.94445133209229
1847,185.94445133209229
1848,185.94445133209229
1849,185.94445133209229
1850,196.83540058135986
1851,207.72338104248047
1852,218.52804946899414
1853,218.52804946899414
1854,218.52804946899414
1855,240.4162311553955
1856,240.4162311553955
1857,251.3852939605713
1858,251.3852939605713
1859,262.3703079223633
1860,273.35468006134033
1861,272.59800148010254
1862,261.59800148010254
1863,272.32105445861816
1864,261.47222900390625
1865,272.3234987258911
1866,272.3234987258911
1867,283.2783679962158
1868,283.2783679962158
1869,283.2783679962158
1870,272.66400623321533
1871,272.66400623321533
1872,283.66400623321533
1873,283.66400623321533
1874,283.66400623321533
1875,284.4331884384155
1876,295.06253242492676
1877,284.11198902130127
1878,273.05205631256104
1879,273.05205631256104
1880,273.05205631256104
1881,262.1465311050415
1882,273.1231698989868
1883,262.1231698989868
1884,262.1231698989868
1885,283.9867916107178
1886,273.0729732513428
1887,273.0729732513428
1888,273.0729732513428
1889,284.0567817687988
1890,294.87143325805664
1891,294.87143325805664
1892,305.78800773620605
1893,305.78800773620605
1894,305.78800773620605
1895,305.78800773620605
1896,305.78800773620605
1897,295.1586637496948
1898,295.1586637496948
1899,306.1586637496948
1900,306.2659864425659
1901,284.46131801605225
1902,295.3591070175171
1903,306.3154983520508
1904,306.3154983520508
1905,317.2415723800659
1906,284.3672914505005
1907,262.457239151001
1908,262.457239151001
1909,273.3643226623535
1910,284.31311988830566
1911,305.8870668411255
1912,316.8518934249878
1913,316.8518934249878
1914,327.7279405593872
1915,327.58380126953125
1916,327.58380126953125
1917,338.58380126953125
1918,338.58380126953125
1919,349.555456161499
1920,338.642071723938
1921,327.64620876312256
1922,338.56851959228516
1923,349.60658740997314
1924,349.69583892822266
1925,338.8399782180786
1926,338.713397026062
1927,349.5133180618286
1928,349.5133180618286
1929,360.7197036743164
1930,392.91714000701904
1931,403.59143352508545
1932,403.59143352508545
1933,414.59143352508545
1934,436.3698511123657
1935,447.13751697540283
1936,468.99456310272217
1937,490.74464988708496
1938,501.3549222946167
1939,523.1539011001587
1940,512.1772623062134
1941,512.04430103302
1942,511.91995906829834
1943,511.91995906829834
1944,522.7726716995239
1945,511.7726716995239
1946,522.4514589309692
1947,511.8411865234375
1948,511.8411865234375
1949,501.61608695983887
1950,534.4916734695435
1951,556.4024448394775
1952,556.8553705215454
1953,567.6564388275146
1954,589.3999509811401
1955,578.6593723297119
1956,589.6337642669678
1957,578.6989984512329
1958,600.0023794174194
1959,621.6576986312866
1960,610.9789113998413
1961,597.9934778213501
1962,597.9934778213501
1963,608.7723541259766
1964,630.4822483062744
1965,652.1121416091919
1966,674.0083055496216
1967,697.7795572280884
1968,697.7539710998535
1969,697.7539710998535
1970,697.7539710998535
1971,676.6028661727905
1972,687.4946393966675
1973,698.4574680328369
1974,687.6383781433105
1975,687.8785810470581
1976,666.2922878265381
1977,644.3274612426758
1978,655.0443649291992
1979,655.0443649291992
1980,655.0443649291992
1981,665.9872722625732
1982,665.9872722625732
1983,665.9872722625732
1984,666.0956411361694
1985,665.0721321105957
1986,665.0721321105957
1987,675.9973497390747
1988,665.007137298584
1989,676.8070287704468
1990,666.1929178237915
1991,710.0180912017822
1992,709.9910144805908
1993,720.9479684829712
1994,710.1421432495117
1995,699.2436485290527
1996,699.2436485290527
1997,710.1477727890015
1998,710.1477727890015
1999,731.9022283554077
2000,731.9022283554077
2001,720.396824836731
2002,720.5185289382935
2003,731.5122442245483
2004,731.5531949996948
2005,753.2119846343994
2006,785.6963653564453
2007,785.8690052032471
2008,775.1577215194702
2009,764.2843027114868
2010,775.2494926452637
2011,775.2494926452637
2012,764.3234186172485
2013,764.3234186172485
2014,753.687126159668
2015,775.4989757537842
2016,797.2823085784912
2017,808.223385810852
2018,797.2383718490601
2019,797.2199268341064
2020,797.2199268341064
2021,765.0194692611694
2022,765.0194692611694
2023,743.1310224533081
2024,743.1310224533081
2025,710.5874547958374
2026,699.6198596954346
2027,677.9070835113525
2028,688.8590822219849
2029,688.8590822219849
2030,667.0941829681396
2031,678.0844583511353
2032,645.3038358688354
2033,645.3038358688354
2034,656.2639980316162
2035,634.6195869445801
2036,634.6195869445801
2037,623.6703615188599
2038,612.6808433532715
2039,623.5157375335693
2040,612.602650642395
2041,601.9234428405762
2042,602.0791511535645
2043,613.0398569107056
2044,602.0398569107056
2045,601.3968849182129
2046,601.4337615966797
2047,579.5448799133301
2048,590.5137195587158
2049,579.5376768112183
2050,568.5474014282227
2051,568.5474014282227
2052,546.64870262146
2053,535.7187280654907
2054,524.7534828186035
2055,502.88576889038086
2056,502.88576889038086
2057,513.5956802368164
2058,502.65460300445557
2059,502.65460300445557
2060,502.65460300445557
2061,492.3035955429077
2062,470.54900074005127
2063,470.54900074005127
2064,481.5351400375366
2065,481.5351400375366
2066,481.5351400375366
2067,481.5351400375366
2068,481.5351400375366
2069,481.5351400375366
2070,481.39380073547363
2071,470.5049829483032
2072,448.607647895813
2073,437.6548328399658
2074,437.6548328399658
2075,448.5747232437134
2076,448.5747232437134
2077,459.3433532714844
2078,448.3484468460083
2079,448.37866401672363
2080,448.33864974975586
2081,448.33864974975586
2082,459.33509731292725
2083,448.3607053756714
2084,448.3607053756714
2085,459.32372760772705
2086,459.32372760772705
2087,448.36425399780273
2088,437.4446973800659
2089,426.53014278411865
2090,404.94854831695557
2091,378.9539966583252
2092,400.8386459350586
2093,394.08758544921875
2094,394.08758544921875
2095,404.898024559021
2096,393.9379577636719
2097,393.9379577636719
2098,404.89426136016846
2099,393.97827339172363
2100,404.7282304763794
2101,404.7282304763794
2102,415.6622848510742
2103,404.8936548233032
2104,404.8936548233032
2105,393.9731731414795
2106,404.9731731414795
2107,404.9731731414795
2108,394.1596431732178
2109,405.1532030105591
2110,405.24142932891846
2111,416.0994806289673
2112,426.94066524505615
2113,426.79395389556885
2114,426.79395389556885
2115,426.79395389556885
2116,437.7780876159668
2117,437.7780876159668
2118,448.6996955871582
2119,459.4686965942383
2120,459.4686965942383
2121,437.54790019989014
2122,426.5637664794922
2123,426.5637664794922
2124,426.5637664794922
2125,404.8834571838379
2126,404.8834571838379
2127,393.94426918029785
2128,404.8829402923584
2129,415.54503440856934
2130,404.5795783996582
2131,404.5795783996582
2132,404.5795783996582
2133,415.5511255264282
2134,415.5511255264282
2135,415.5511255264282
2136,415.5511255264282
2137,437.51730251312256
2138,415.6624917984009
2139,415.6624917984009
2140,404.821307182312
2141,404.78874111175537
2142,426.6577386856079
2143,437.6459159851074
2144,415.7158946990967
2145,415.7158946990967
2146,404.7158946990967
2147,394.05380058288574
2148,394.05380058288574
2149,394.05380058288574
2150,394.05380058288574
2151,394.05380058288574
2152,383.1197462081909
2153,372.3412399291992
2154,371.9474573135376
2155,371.87377738952637
2156,371.87377738952637
2157,382.7480125427246
2158,350.0578212738037
2159,350.0578212738037
2160,350.0602750778198
2161,350.0602750778198
2162,339.0914354324341
2163,350.0855932235718
2164,350.0855932235718
2165,350.0855932235718
2166,361.03118896484375
2167,371.9316158294678
2168,360.99956130981445
2169,350.0391511917114
2170,350.0391511917114
2171,339.1023979187012
2172,339.1023979187012
2173,350.1023979187012
2174,350.1023979187012
2175,350.1023979187012
2176,339.14294815063477
2177,328.1568088531494
2178,317.16568756103516
2179,306.58264446258545
2180,306.58264446258545
2181,317.43170261383057
2182,317.43170261383057
2183,317.43170261383057
2184,317.43170261383057
2185,306.57365131378174
2186,306.57365131378174
2187,317.5355110168457
2188,317.5355110168457
2189,317.5355110168457
2190,306.5639638900757
2191,317.5639638900757
2192,317.5639638900757
2193,317.5639638900757
2194,317.5639638900757
2195,306.5757865905762
2196,317.35519218444824
2197,317.35519218444824
2198,306.48948764801025
2199,306.48948764801025
2200,295.52878189086914
2201,284.52878189086914
2202,284.52878189086914
2203,306.4256763458252
2204,306.43585777282715
2205,306.43585777282715
2206,295.52343940734863
2207,295.52343940734863
2208,284.52928161621094
2209,273.6306161880493
2210,284.61295795440674
2211,262.6929817199707
2212,262.6929817199707
2213,262.6929817199707
2214,262.6929817199707
2215,262.6929817199707
2216,273.6242456436157
2217,273.67106914520264
2218,273.67106914520264
2219,284.6058235168457
2220,295.59539318084717
2221,295.59539318084717
2222,295.59539318084717
2223,295.59539318084717
2224,295.59539318084717
2225,295.59539318084717
2226,328.4480514526367
2227,317.5264434814453
2228,317.06500720977783
2229,317.06500720977783
2230,306.1785249710083
2231,306.1785249710083
2232,305.97070503234863
2233,305.97070503234863
2234,295.4427900314331
2235,284.5423631668091
2236,284.5423631668091
2237,284.5423631668091
2238,295.48124599456787
2239,295.48124599456787
2240,295.48124599456787
2241,284.5136022567749
2242,295.4177713394165
2243,306.3600025177002
2244,317.3152484893799
2245,328.3548774719238
2246,306.57772064208984
2247,317.5072088241577
2248,317.5072088241577
2249,317.5072088241577
2250,317.5072088241577
2251,295.9133758544922
2252,317.8059902191162
2253,328.7011966705322
2254,328.65551567077637
2255,328.65551567077637
2256,350.5702428817749
2257,350.5702428817749
2258,350.5702428817749
2259,350.5702428817749
2260,339.57413959503174
2261,339.58602809906006
2262,350.58602809906006
2263,350.58602809906006
2264,339.651273727417
2265,328.6617040634155
2266,328.69352436065674
2267,328.69352436065674
2268,328.69352436065674
2269,328.69352436065674
2270,317.7209177017212
2271,306.82402324676514
2272,306.82402324676514
2273,306.82402324676514
2274,306.82402324676514
2275,295.88514041900635
2276,284.88869285583496
2277,284.88869285583496
2278,295.64936351776123
2279,295.64936351776123
2280,306.6138496398926
2281,317.5140161514282
2282,328.44862174987793
2283,339.41483879089355
2284,339.41483879089355
2285,339.41483879089355
2286,350.3006410598755
2287,350.3006410598755
2288,350.3006410598755
2289,361.29831409454346
2290,372.2533836364746
2291,394.1344623565674
2292,394.1344623565674
2293,394.1344623565674
2294,394.1344623565674
2295,394.0096626281738
2296,404.8983488082886
2297,404.8983488082886
2298,404.8983488082886
2299,393.96827697753906
2300,393.96827697753906
2301,393.96827697753906
2302,393.96827697753906
2303,372.2076063156128
2304,383.17438316345215
2305,372.2893943786621
2306,383.14197063446045
2307,383.14197063446045
2308,394.00577545166016
2309,383.02343368530273
2310,372.0298738479614
2311,372.0486898422241
2312,361.0842037200928
2313,350.15293979644775
2314,339.162091255188
2315,328.162091255188
2316,339.1049566268921
2317,339.1049566268921
2318,328.1497106552124
2319,317.15203762054443
2320,317.15203762054443
2321,317.15203762054443
2322,317.15203762054443
2323,317.25543117523193
2324,306.27710819244385
2325,306.27710819244385
2326,317.27514266967773
2327,317.27514266967773
2328,317.27514266967773
2329,306.2252254486084
2330,317.2252254486084
2331,317.1709566116333
2332,306.2267360687256
2333,306.2267360687256
2334,317.150915145874
2335,327.6200294494629
2336,327.6200294494629
2337,327.64966201782227
2338,327.64966201782227
2339,327.64966201782227
2340,338.64966201782227
2341,338.64966201782227
2342,360.6380395889282
2343,360.3355836868286
2344,360.3355836868286
2345,360.3355836868286
2346,371.2974224090576
2347,360.82830810546875
2348,360.82830810546875
2349,360.82830810546875
2350,360.89374923706055
2351,360.89374923706055
2352,360.89374923706055
2353,350.2277374267578
2354,350.2277374267578
2355,328.43495655059814
2356,350.344277381897
2357,361.3086414337158
2358,350.4560651779175
2359,350.4560651779175
2360,361.1303310394287
2361,361.1303310394287
2362,372.0669975280762
2363,383.02890491485596
2364,383.02890491485596
2365,382.89094734191895
2366,415.8145942687988
2367,415.8787775039673
2368,415.8787775039673
2369,426.8787775039673
2370,437.8086471557617
2371,426.9114246368408
2372,426.9114246368408
2373,437.9114246368408
2374,427.0256223678589
2375,459.8659858703613
2376,470.7668342590332
2377,470.7599811553955
2378,470.7599811553955
2379,459.792311668396
2380,470.6137886047363
2381,470.6137886047363
2382,460.0292730331421
2383,460.0292730331421
2384,449.07495403289795
2385,449.07495403289795
2386,449.2512369155884
2387,460.20427322387695
2388,471.1072425842285
2389,492.9899482727051
2390,503.8540515899658
2391,503.8540515899658
2392,503.8540515899658
2393,514.8534708023071
2394,525.7655639648438
2395,536.5597381591797
2396,536.5597381591797
2397,569.3233327865601
2398,580.3108892440796
2399,591.3108892440796
2400,580.3558197021484
2401,580.3558197021484
2402,580.3939599990845
2403,569.544059753418
2404,558.6339864730835
2405,568.7516689300537
2406,568.7516689300537
2407,579.569582939148
2408,579.569582939148
2409,579.569582939148
2410,579.569582939148
2411,590.569582939148
2412,579.569582939148
2413,579.569582939148
2414,557.6033658981323
2415,557.6033658981323
2416,557.6190748214722
2417,558.4750185012817
2418,547.5343770980835
2419,558.4228553771973
2420,580.3071155548096
2421,602.1651477813721
2422,624.1310081481934
2423,635.0609035491943
2424,645.8226137161255
2425,656.4419612884521
2426,667.2090244293213
2427,667.2090244293213
2428,678.1877145767212
2429,667.2258071899414
2430,678.0863332748413
2431,656.2753477096558
2432,656.3223114013672
2433,678.2490110397339
2434,700.0438766479492
2435,700.0438766479492
2436,689.0438766479492
2437,688.939266204834
2438,688.9332485198975
2439,688.8212070465088
2440,688.7706508636475
2441,677.9035387039185
2442,666.9325332641602
2443,667.023027420044
2444,688.8269605636597
2445,699.5262813568115
2446,699.5262813568115
2447,699.5262813568115
2448,710.4648714065552
2449,688.5600957870483
2450,688.5182914733887
2451,688.5182914733887
2452,699.5064144134521
2453,710.4367551803589
2454,710.4367551803589
2455,721.3701477050781
2456,743.257529258728
2457,743.257529258728
2458,721.4233770370483
2459,721.5975894927979
2460,711.0902833938599
2461,722.043643951416
2462,711.1427955627441
2463,721.8334455490112
2464,721.8334455490112
2465,721.8334455490112
2466,699.846137046814
2467,666.9457778930664
2468,645.3367328643799
2469,667.2124128341675
2470,678.1802015304565
2471,667.1961641311646
2472,678.1338500976562
2473,667.3667869567871
2474,656.3667869567871
2475,656.4567470550537
2476,645.4742612838745
2477,656.290864944458
2478,656.3141756057739
2479,645.5705575942993
2480,656.5193767547607
2481,678.0340404510498
2482,645.0614748001099
2483,666.9611129760742
2484,666.9611129760742
2485,645.0486431121826
2486,645.1022472381592
2487,645.1088886260986
2488,656.0514898300171
2489,656.0514898300171
2490,656.0514898300171
2491,655.9893169403076
2492,645.0875396728516
2493,634.2575445175171
2494,656.1090240478516
2495,656.1090240478516
2496,677.9116344451904
2497,699.7055912017822
2498,710.6372537612915
2499,710.5476188659668
2500,699.6355257034302
2501,721.5095434188843
2502,710.5146770477295
2503,710.5146770477295
2504,710.2528648376465
2505,754.1298952102661
2506,765.195707321167
2507,765.195707321167
2508,732.3878021240234
2509,754.2548704147339
2510,787.0607089996338
2511,776.1990299224854
2512,787.192066192627
2513,809.1399641036987
2514,809.1399641036987
2515,831.336748123169
2516,831.336748123169
2517,809.4482698440552
2518,809.4482698440552
2519,798.5573358535767
2520,766.2646026611328
2521,787.953574180603
2522,797.4878149032593
2523,775.7576198577881
2524,775.6773080825806
2525,775.6773080825806
2526,786.717360496521
2527,841.4017276763916
2528,858.0297565460205
2529,880.544713973999
2530,880.544713973999
2531,874.721697807312
2532,863.784574508667
2533,863.5339412689209
2534,852.5339412689209
2535,852.726939201355
2536,874.6107959747314
2537,896.5406074523926
2538,896.5406074523926
2539,896.5406074523926
2540,906.7489814758301
2541,928.6754131317139
2542,928.6367950439453
2543,928.6367950439453
2544,917.661003112793
2545,928.6024961471558
2546,928.6024961471558
2547,957.9997639656067
2548,968.6021819114685
2549,968.6021819114685
2550,968.6377148628235
2551,960.8841190338135
2552,938.9552345275879
2553,906.8583478927612
2554,906.5248737335205
2555,906.3635997772217
2556,949.9185380935669
2557,939.0086860656738
2558,928.0752935409546
2559,939.0695343017578
2560,939.2043361663818
2561,917.5396871566772
2562,917.5396871566772
2563,939.5247745513916
2564,961.4607315063477
2565,982.6682643890381
2566,1004.4619550704956
2567,1004.4424905776978
2568,1004.101001739502
2569,1004.2251243591309
2570,1026.0498971939087
2571,1026.1018114089966
2572,1004.1529922485352
2573,1004.0808486938477
2574,1004.0808486938477
2575,1003.9921388626099
2576,993.1017866134644
2577,982.0116376876831
2578,992.9128561019897
2579,992.9128561019897
2580,982.75608253479
2581,960.7925834655762
2582,971.7594633102417
2583,971.7570209503174
2584,950.0797786712646
2585,960.8759460449219
2586,971.7862005233765
2587,950.0962820053101
2588,972.0777816772461
2589,983.1951122283936
2590,961.7779035568237
2591,940.0928678512573
2592,962.04123878479
2593,951.1134691238403
2594,951.1134691238403
2595,962.1028051376343
2596,962.1028051376343
2597,1016.8019933700562
2598,1005.8848476409912
2599,1006.3486795425415
2600,1039.0996255874634
2601,1028.1826162338257
2602,1049.8932666778564
2603,1049.8932666778564
2604,1082.728500366211
2605,1082.7448663711548
2606,1093.679391860962
2607,1093.7163105010986
2608,1115.575249671936
2609,1137.3593845367432
2610,1137.3593845367432
2611,1137.2815475463867
2612,1115.4110651016235
2613,1115.4745273590088
2614,1126.456961631775
2615,1126.456961631775
2616,1126.456961631775
2617,1137.37428855896
2618,1137.5282583236694
2619,1126.7367305755615
2620,1104.8580799102783
2621,1104.8580799102783
2622,1093.920970916748
2623,1083.1248035430908
2624,1083.1248035430908
2625,1072.2405052185059
2626,1061.3770685195923
2627,1028.5914525985718
2628,1039.5115985870361
2629,1060.999505996704
2630,1038.732967376709
2631,1038.732967376709
2632,1038.3554191589355
2633,1026.8729763031006
2634,1037.808198928833
2635,1048.7522430419922
2636,1048.7996549606323
2637,1015.9995775222778
2638,994.1260375976562
2639,994.1566009521484
2640,972.3182544708252
2641,972.5172386169434
2642,950.6360750198364
2643,917.7247819900513
2644,906.8344144821167
2645,895.9241600036621
2646,906.7888631820679
2647,896.1433343887329
2648,896.1433343887329
2649,907.1155605316162
2650,929.5454959869385
2651,875.4046821594238
2652,875.5983991622925
2653,875.5983991622925
2654,864.6404504776001
2655,875.6060171127319
2656,864.9788904190063
2657,862.4828777313232
2658,840.4046716690063
2659,829.4861106872559
2660,818.60364818573
2661,763.7904863357544
2662,766.3842115402222
2663,755.5053482055664
2664,755.5053482055664
2665,766.3623676300049
2666,744.3880434036255
2667,744.3880434036255
2668,744.3880434036255
2669,722.5102739334106
2670,722.5102739334106
2671,689.6573209762573
2672,678.7323732376099
2673,700.5845394134521
2674,678.7005653381348
2675,678.7005653381348
2676,656.9512281417847
2677,656.9512281417847
2678,624.0733461380005
2679,613.0815000534058
2680,613.0467758178711
2681,623.9750061035156
2682,634.7550373077393
2683,623.7607221603394
2684,623.7607221603394
2685,601.8153734207153
2686,590.8361597061157
2687,590.8361597061157
2688,579.8361597061157
2689,590.8709096908569
2690,568.9711503982544
2691,536.2876014709473
2692,525.2876014709473
2693,525.2876014709473
2694,525.2876014709473
2695,514.3224544525146
2696,514.2944145202637
2697,481.35238456726074
2698,481.35238456726074
2699,470.35934829711914
2700,470.35934829711914
2701,470.35934829711914
2702,481.2308301925659
2703,470.23392486572266
2704,470.2737407684326
2705,459.41672134399414
2706,459.41672134399414
2707,448.434287071228
2708,448.434287071228
2709,448.434287071228
2710,437.83709049224854
2711,426.8881587982178
2712,437.84864234924316
2713,437.4901885986328
2714,426.60698223114014
2715,426.60698223114014
2716,426.62976360321045
2717,426.62976360321045
2718,426.62976360321045
2719,426.62976360321045
2720,426.62976360321045
2721,426.62976360321045
2722,426.62976360321045
2723,405.13908767700195
2724,416.0865640640259
2725,416.0865640640259
2726,416.0865640640259
2727,416.0865640640259
2728,405.13532543182373
2729,394.1755647659302
2730,394.1755647659302
2731,394.1755647659302
2732,394.1755647659302
2733,372.36817169189453
2734,361.4152669906616
2735,361.4006681442261
2736,361.4006681442261
2737,361.4006681442261
2738,361.2359685897827
2739,361.2359685897827
2740,372.20001792907715
2741,361.20001792907715
2742,350.270938873291
2743,328.2916660308838
2744,339.2916660308838
2745,350.251238822937
2746,350.251238822937
2747,350.251238822937
2748,382.7944793701172
2749,371.9061450958252
2750,349.9175386428833
2751,338.9304714202881
2752,306.2660827636719
2753,284.34813117980957
2754,262.4764108657837
2755,273.2848482131958
2756,262.31005859375
2757,251.38991260528564
2758,273.3673896789551
2759,273.3673896789551
2760,283.50498485565186
2761,283.50498485565186
2762,294.23956298828125
2763,305.17978382110596
2764,316.0965986251831
2765,283.2569770812988
2766,283.06292819976807
2767,272.27424812316895
2768,272.27424812316895
2769,272.27424812316895
2770,272.27424812316895
2771,283.18566036224365
2772,273.0480651855469
2773,273.0480651855469
2774,262.1765832901001
2775,262.1765832901001
2776,262.1765832901001
2777,251.20924377441406
2778,262.1809663772583
2779,262.1809663772583
2780,272.6875581741333
2781,272.6875581741333
2782,272.6875581741333
2783,272.6875581741333
2784,272.5777425765991
2785,272.5777425765991
2786,272.5777425765991
2787,272.5777425765991
2788,272.5777425765991
2789,272.40411376953125
2790,272.40411376953125
2791,272.40411376953125
2792,261.4582567214966
2793,261.4582567214966
2794,261.4582567214966
2795,261.4582567214966
2796,250.64981937408447
2797,239.84375953674316
2798,217.9099760055542
2799,217.90650463104248
2800,228.79241943359375
2801,228.79241943359375
2802,228.79241943359375
2803,196.60377311706543
2804,196.60377311706543
2805,196.60377311706543
2806,185.6320505142212
2807,185.6320505142212
2808,196.5944471359253
2809,196.5944471359253
2810,196.5944471359253
2811,185.8316774368286
2812,185.8316774368286
2813,185.8316774368286
2814,185.8316774368286
2815,185.8316774368286
2816,185.8316774368286
2817,185.8316774368286
2818,174.97253322601318
2819,174.97253322601318
2820,174.97253322601318
2821,185.93841457366943
2822,185.93841457366943
2823,196.931321144104
2824,196.931321144104
2825,196.931321144104
2826,196.931321144104
2827,196.931321144104
2828,196.931321144104
2829,207.9171266555786
2830,196.95307731628418
2831,196.95307731628418
2832,196.95307731628418
2833,196.95307731628418
2834,207.8955202102661
2835,196.8955202102661
2836,196.8955202102661
2837,186.11483097076416
2838,186.11483097076416
2839,186.11483097076416
2840,186.11483097076416
2841,186.11483097076416
2842,186.11483097076416
2843,186.11483097076416
2844,175.12298679351807
2845,175.12298679351807
2846,175.12298679351807
2847,164.15971565246582
2848,164.15971565246582
2849,153.2483034133911
2850,142.41208362579346
2851,142.41208362579346
2852,142.41208362579346
2853,142.41208362579346
2854,142.41208362579346
2855,142.41208362579346
2856,142.41208362579346
2857,142.41208362579346
2858,142.41208362579346
2859,142.41208362579346
2860,142.41208362579346
2861,142.41208362579346
2862,131.45088386535645
2863,131.45088386535645
2864,131.4383544921875
2865,131.4383544921875
2866,131.4383544921875
2867,131.4383544921875
2868,142.3979148864746
2869,164.22314167022705
2870,175.1596097946167
2871,175.1596097946167
2872,175.1596097946167
2873,175.1596097946167
2874,175.1596097946167
2875,175.1596097946167
2876,175.1596097946167
2877,175.1596097946167
2878,164.16670322418213
2879,174.67434978485107
2880,174.67434978485107
2881,174.67434978485107
2882,174.67434978485107
2883,174.67434978485107
2884,163.68854427337646
2885,163.68854427337646
2886,163.68854427337646
2887,163.68854427337646
2888,163.68854427337646
2889,163.68854427337646
2890,152.77172946929932
2891,142.29312419891357
2892,131.4072093963623
2893,131.4072093963623
2894,131.4072093963623
2895,131.4072093963623
2896,131.4072093963623
2897,120.42423915863037
2898,120.42423915863037
2899,120.42423915863037
2900,120.42423915863037
2901,120.42423915863037
2902,120.42423915863037
2903,131.13415431976318
2904,131.13415431976318
2905,142.11201763153076
2906,142.11201763153076
2907,142.11201763153076
2908,142.11201763153076
2909,142.11201763153076
2910,142.11201763153076
2911,142.10146236419678
2912,142.10146236419678
2913,142.10146236419678
2914,131.25920581817627
2915,131.25920581817627
2916,131.25920581817627
2917,131.25920581817627
2918,131.25920581817627
2919,131.25920581817627
2920,109.35720252990723
2921,109.35720252990723
2922,109.35720252990723
2923,120.12283611297607
2924,109.16043949127197
2925,109.16043949127197
2926,109.16043949127197
2927,109.16043949127197
2928,109.16043949127197
2929,109.16043949127197
2930,109.16043949127197
2931,109.16043949127197
2932,109.16043949127197
2933,109.16043949127197
2934,109.16043949127197
2935,109.16043949127197
2936,98.21193885803223
2937,98.21193885803223
2938,104.10469245910645
2939,114.88627243041992
2940,114.88627243041992
2941,120.11146259307861
2942,120.11146259307861
2943,120.11146259307861
2944,120.11146259307861
2945,120.11146259307861
2946,120.11146259307861
2947,120.11146259307861
2948,120.11146259307861
2949,131.10743045806885
2950,131.10743045806885
2951,131.10743045806885
2952,131.10743045806885
2953,131.10743045806885
2954,131.10743045806885
2955,131.10743045806885
2956,131.10743045806885
2957,120.15516567230225
2958,120.15516567230225
2959,120.15516567230225
2960,120.15516567230225
2961,120.15516567230225
2962,109.3895320892334
2963,98.60795211791992
2964,98.60795211791992
2965,98.60795211791992
2966,98.60795211791992
2967,98.60795211791992
2968,98.60795211791992
2969,98.60795211791992
2970,98.60795211791992
2971,98.60795211791992
2972,98.60795211791992
2973,98.60795211791992
2974,109.51467323303223
2975,98.52904033660889
2976,98.52904033660889
2977,87.59257221221924
2978,87.59257221221924
2979,87.59257221221924
2980,87.59257221221924
2981,87.59257221221924
2982,87.59257221221924
2983,87.59257221221924
2984,87.59257221221924
2985,87.59257221221924
2986,76.66290664672852
2987,76.66290664672852
2988,76.66290664672852
2989,76.66290664672852
2990,43.84643363952637
2991,43.84643363952637
2992,43.84643363952637
2993,43.84643363952637
2994,43.84643363952637
2995,43.84643363952637
2996,43.84643363952637
2997,43.84643363952637
2998,43.84643363952637
2999,43.84643363952637
3000,43.84643363952637
3001,43.84643363952637
3002,43.84643363952637
3003,43.84643363952637
3004,43.84643363952637
3005,43.84643363952637
3006,43.84643363952637
3007,43.84643363952637
3008,43.84643363952637
3009,43.84643363952637
3010,43.84643363952637
3011,43.84643363952637
3012,43.84643363952637
3013,43.84643363952637
3014,43.84643363952637
3015,43.84643363952637
3016,43.84643363952637
3017,43.84643363952637
3018,43.84643363952637
3019,43.84643363952637
3020,43.84643363952637
3021,32.88055229187012
3022,32.88055229187012
3023,32.88055229187012
3024,32.88055229187012
3025,32.88055229187012
3026,32.88055229187012
3027,32.88055229187012
3028,32.88055229187012
3029,32.88055229187012
3030,32.88055229187012
3031,32.88055229187012
3032,32.88055229187012
3033,32.88055229187012
3034,21.973831176757812
3035,21.973831176757812
3036,21.973831176757812
3037,21.973831176757812
3038,21.973831176757812
3039,21.973831176757812
3040,21.973831176757812
3041,21.973831176757812
3042,21.973831176757812
3043,32.97383117675781
3044,32.97383117675781
3045,32.97383117675781
3046,32.97383117675781
3047,32.97383117675781
3048,32.97383117675781
3049,32.97383117675781
3050,32.97383117675781
3051,32.97383117675781
3052,32.97383117675781
3053,32.97383117675781
3054,32.97383117675781
3055,32.97383117675781
3056,32.97383117675781
3057,32.97383117675781
3058,32.97383117675781
3059,21.977863311767578
3060,21.977863311767578
3061,21.977863311767578
3062,21.977863311767578
3063,21.977863311767578
3064,21.977863311767578
3065,21.977863311767578
3066,21.977863311767578
3067,21.977863311767578
3068,21.977863311767578
3069,21.977863311767578
3070,21.977863311767578
3071,21.977863311767578
3072,21.977863311767578
3073,21.977863311767578
3074,21.977863311767578
3075,21.977863311767578
3076,11.0
3077,11.0
3078,11.0
3079,11.0
3080,11.0
3081,11.0
3082,11.0
3083,11.0
3084,11.0
3085,21.46067523956299
3086,21.46067523956299
3087,32.42734718322754
3088,32.42734718322754
3089,32.42734718322754
3090,21.96667194366455
3091,21.96667194366455
3092,21.96667194366455
3093,21.96667194366455
3094,21.96667194366455
3095,21.96667194366455
3096,29.48316764831543
3097,29.48316764831543
3098,29.48316764831543
3099,21.96667194366455
3100,21.96667194366455
3101,21.96667194366455
3102,21.96667194366455
3103,21.96667194366455
3104,32.96082401275635
3105,32.96082401275635
3106,32.96082401275635
3107,32.96082401275635
3108,32.96082401275635
3109,32.96082401275635
3110,32.96082401275635
3111,32.96082401275635
3112,32.96082401275635
3113,32.96082401275635
3114,32.96082401275635
3115,32.96082401275635
3116,32.96082401275635
3117,32.96082401275635
3118,43.925994873046875
3119,43.925994873046875
3120,43.925994873046875
3121,43.925994873046875
3122,54.85477542877197
3123,54.85477542877197
3124,65.75862693786621
3125,65.75862693786621
3126,54.79195499420166
3127,65.68904495239258
3128,65.68904495239258
3129,65.68904495239258
3130,76.6580867767334
3131,76.6580867767334
3132,87.61088562011719
3133,98.57295227050781
3134,98.57295227050781
3135,98.57295227050781
3136,98.57295227050781
3137,98.57295227050781
3138,98.57295227050781
3139,98.57295227050781
3140,109.47988510131836
3141,109.47988510131836
3142,98.48573303222656
3143,98.48573303222656
3144,87.48573303222656
3145,87.48573303222656
3146,98.35828971862793
3147,98.35828971862793
3148,98.35828971862793
3149,109.32016086578369
3150,109.32016086578369
3151,109.32016086578369
3152,109.32016086578369
3153,109.32016086578369
3154,109.32016086578369
3155,109.32016086578369
3156,109.32016086578369
3157,109.32016086578369
3158,109.32016086578369
3159,98.42307090759277
3160,98.42307090759277
3161,98.42307090759277
3162,98.42307090759277
3163,98.42307090759277
3164,98.42307090759277
3165,98.42307090759277
3166,98.42307090759277
3167,98.42307090759277
3168,76.59043884277344
3169,98.420578956604
3170,98.420578956604
3171,98.420578956604
3172,98.420578956604
3173,98.420578956604
3174,98.420578956604
3175,98.420578956604
3176,98.420578956604
3177,98.420578956604
3178,98.420578956604
3179,98.420578956604
3180,98.420578956604
3181,98.420578956604
3182,98.420578956604
3183,108.81564807891846
3184,108.81564807891846
3185,108.81564807891846
3186,119.7364501953125
3187,130.68258476257324
3188,130.68258476257324
3189,130.68258476257324
3190,120.28751564025879
3191,120.28751564025879
3192,120.28751564025879
3193,120.28751564025879
3194,120.28751564025879
3195,120.28751564025879
3196,120.28751564025879
3197,120.28751564025879
3198,120.28751564025879
3199,109.334716796875
3200,109.334716796875
3201,109.334716796875
3202,109.334716796875
3203,109.334716796875
3204,98.46216011047363
3205,109.41954231262207
3206,109.41954231262207
3207,109.41954231262207
3208,109.41954231262207
3209,120.38154220581055
3210,120.38154220581055
3211,120.38154220581055
3212,120.38154220581055
3213,120.38154220581055
3214,120.38154220581055
3215,120.38154220581055
3216,120.38154220581055
3217,109.474609375
3218,109.474609375
3219,109.474609375
3220,109.474609375
3221,109.474609375
3222,109.474609375
3223,120.2811918258667
3224,120.2811918258667
3225,120.2811918258667
3226,120.2811918258667
3227,120.2811918258667
3228,109.31602096557617
3229,98.35414981842041
3230,98.35414981842041
3231,109.34229469299316
3232,109.34229469299316
3233,109.34229469299316
3234,109.34229469299316
3235,109.34229469299316
3236,109.34229469299316
3237,109.34229469299316
3238,109.34229469299316
3239,109.34229469299316
3240,109.34229469299316
3241,109.34229469299316
3242,109.34229469299316
3243,109.34229469299316
3244,98.39616012573242
3245,87.52768993377686
3246,87.52768993377686
3247,97.18210887908936
3248,97.18210887908936
3249,97.18210887908936
3250,97.18210887908936
3251,97.18210887908936
3252,87.52768993377686
3253,98.37698268890381
3254,98.37698268890381
3255,87.40794086456299
3256,87.40794086456299
3257,87.40794086456299
3258,98.40794086456299
3259,87.44627094268799
3260,87.44627094268799
3261,76.48420429229736
3262,76.48420429229736
3263,87.39327716827393
3264,76.47247505187988
3265,76.47247505187988
3266,76.47247505187988
3267,65.66589260101318
3268,76.42642116546631
3269,98.16447925567627
3270,98.16447925567627
3271,87.20709705352783
3272,87.20709705352783
3273,98.18138694763184
3274,98.18138694763184
3275,98.18138694763184
3276,98.18138694763184
3277,98.18138694763184
3278,98.18138694763184
3279,98.18138694763184
3280,98.18138694763184
3281,109.18138694763184
3282,120.17805862426758
3283,109.41753005981445
3284,109.41753005981445
3285,109.41753005981445
3286,120.38952732086182
3287,120.38952732086182
3288,120.38952732086182
3289,120.38952732086182
3290,120.38952732086182
3291,120.38952732086182
3292,120.38952732086182
3293,131.38952732086182
3294,142.35861682891846
3295,153.22210216522217
3296,164.17760372161865
3297,164.17760372161865
3298,153.1894588470459
3299,153.1894588470459
3300,153.1894588470459
3301,153.1894588470459
3302,142.34016609191895
3303,142.34016609191895
3304,142.34016609191895
3305,142.34016609191895
3306,142.34016609191895
3307,131.38721656799316
3308,131.38721656799316
3309,131.38721656799316
3310,131.38721656799316
3311,131.38721656799316
3312,131.38721656799316
3313,131.38721656799316
3314,131.38721656799316
3315,142.29801082611084
3316,153.26673221588135
3317,164.12878036499023
3318,164.12878036499023
3319,175.12878036499023
3320,175.12878036499023
3321,175.20493698120117
3322,175.20493698120117
3323,164.20493698120117
3324,175.18632125854492
3325,175.18632125854492
3326,196.50043106079102
3327,207.4341115951538
3328,229.3948974609375
3329,229.3948974609375
3330,240.3009729385376
3331,240.3009729385376
3332,240.3009729385376
3333,240.3009729385376
3334,262.2697238922119
3335,262.2697238922119
3336,262.2697238922119
3337,273.13613986968994
3338,293.66397857666016
3339,304.6148509979248
3340,294.2835884094238
3341,316.1168375015259
3342,327.06798934936523
3343,327.06798934936523
3344,316.06798934936523
3345,337.3476104736328
3346,338.5432777404785
3347,338.5432777404785
3348,327.6820125579834
3349,327.6820125579834
3350,338.6131200790405
3351,327.6287508010864
3352,327.6287508010864
3353,327.5179281234741
3354,316.5179281234741
3355,305.8304834365845
3356,316.7234706878662
3357,327.7234706878662
3358,338.5373430252075
3359,338.5373430252075
3360,338.5373430252075
3361,349.17828845977783
3362,359.8485736846924
3363,359.8009557723999
3364,359.8009557723999
3365,359.8238763809204
3366,348.91480350494385
3367,338.3226270675659
3368,360.1944761276245
3369,360.1944761276245
3370,392.801438331604
3371,392.801438331604
3372,403.5353727340698
3373,392.56337547302246
3374,403.30732345581055
3375,414.17975521087646
3376,446.9231948852539
3377,446.9231948852539
3378,467.9192199707031
3379,467.9192199707031
3380,478.8992567062378
3381,467.97021484375
3382,478.7835807800293
3383,489.7652130126953
3384,522.3709011077881
3385,522.3709011077881
3386,544.2074851989746
3387,512.5076742172241
3388,501.64562606811523
3389,512.6133785247803
3390,534.6193113327026
3391,545.4660081863403
3392,556.3621740341187
3393,545.6918888092041
3394,556.6024341583252
3395,567.4315233230591
3396,556.6975889205933
3397,556.6975889205933
3398,556.6975889205933
3399,567.6975889205933
3400,589.593337059021
3401,589.5885829925537
3402,611.3234214782715
3403,611.443187713623
3404,611.3725299835205
3405,622.2419567108154
3406,600.4563245773315
3407,589.6429586410522
3408,611.6168699264526
3409,589.7848424911499
3410,589.7848424911499
3411,579.0239791870117
3412,557.3830890655518
3413,568.2907915115356
3414,579.0732402801514
3415,579.1632556915283
3416,601.0771112442017
3417,590.1487274169922
3418,568.4874649047852
3419,568.4874649047852
3420,568.4874649047852
3421,568.4783020019531
3422,568.4783020019531
3423,579.4767837524414
3424,579.4641590118408
3425,579.4641590118408
3426,579.4641590118408
3427,579.6992845535278
3428,579.6992845535278
3429,600.9666261672974
3430,611.938364982605
3431,622.5224618911743
3432,632.8239603042603
3433,640.5075554847717
3434,640.5075554847717
3435,661.8858685493469
3436,672.503839969635
3437,675.6310920715332
3438,675.6310920715332
3439,697.4848194122314
3440,686.5019721984863
3441,675.5019721984863
3442,664.6064825057983
3443,653.6221008300781
3444,642.795952796936
3445,621.0334672927856
3446,600.2856006622314
3447,611.0570249557495
3448,622.062198638916
3449,643.7114410400391
3450,676.2437553405762
3451,676.6111860275269
3452,676.6111860275269
3453,676.7383794784546
3454,676.7383794784546
3455,665.9396953582764
3456,654.9396953582764
3457,633.7230472564697
3458,611.8633441925049
3459,579.2403259277344
3460,601.1274299621582
3461,601.1274299621582
3462,590.1478233337402
3463,590.1478233337402
3464,590.1745157241821
3465,601.0276803970337
3466,579.3539352416992
3467,568.419713973999
3468,557.5116500854492
3469,557.4506177902222
3470,546.514310836792
3471,546.514310836792
3472,513.8712224960327
3473,513.8712224960327
3474,502.98558235168457
3475,514.0857810974121
3476,503.11284923553467
3477,503.11284923553467
3478,503.11284923553467
3479,514.0256948471069
3480,514.3160724639893
3481,503.31607246398926
3482,514.2287769317627
3483,514.29079246521
3484,514.29079246521
3485,481.4436616897583
3486,492.3957529067993
3487,503.2955160140991
3488,503.2955160140991
3489,503.2955160140991
3490,503.2955160140991
3491,503.3997678756714
3492,524.922908782959
3493,536.0073099136353
3494,536.0073099136353
3495,536.0073099136353
3496,546.9775676727295
3497,557.9775676727295
3498,557.9775676727295
3499,568.9463062286377
3500,579.8700342178345
3501,568.9478855133057
3502,568.9478855133057
3503,568.7212352752686
3504,568.7212352752686
3505,557.785080909729
3506,524.9949140548706
3507,524.9949140548706
3508,524.9949140548706
3509,524.9949140548706
3510,513.9949140548706
3511,503.0794868469238
3512,503.0794868469238
3513,503.05516052246094
3514,503.05516052246094
3515,491.8684206008911
3516,502.6932201385498
3517,502.6932201385498
3518,502.66888523101807
3519,502.66888523101807
3520,492.0533094406128
3521,481.09969902038574
3522,481.09969902038574
3523,481.1353359222412
3524,481.10937690734863
3525,481.10937690734863
3526,481.10937690734863
3527,470.1836967468262
3528,454.07389211654663
3529,464.83968210220337
3530,486.390465259552
3531,480.6834774017334
3532,469.83031272888184
3533,469.83031272888184
3534,469.83031272888184
3535,469.97600650787354
3536,469.97600650787354
3537,479.0576877593994
3538,468.0899353027344
3539,457.32834911346436
3540,457.32834911346436
3541,470.11152744293213
3542,470.11152744293213
3543,481.0522699356079
3544,481.0405111312866
3545,481.0405111312866
3546,470.09073066711426
3547,481.07300758361816
3548,481.1399965286255
3549,448.32133388519287
3550,448.32133388519287
3551,448.32133388519287
3552,448.32133388519287
3553,459.32133388519287
3554,448.3672046661377
3555,437.6590414047241
3556,448.4386444091797
3557,437.50193214416504
3558,426.52802085876465
3559,426.52802085876465
3560,448.02037143707275
3561,448.02037143707275
3562,448.02037143707275
3563,448.02037143707275
3564,447.98226261138916
3565,426.09775257110596
3566,426.09775257110596
3567,415.2367887496948
3568,404.3903408050537
3569,393.4350423812866
3570,393.38243198394775
3571,404.38243198394775
3572,393.4079351425171
3573,382.4391965866089
3574,393.0196523666382
3575,382.25386238098145
3576,382.25386238098145
3577,382.25386238098145
3578,382.25386238098145
3579,360.505334854126
3580,349.6300411224365
3581,349.6300411224365
3582,349.64437770843506
3583,360.606520652771
3584,360.4907970428467
3585,360.4907970428467
3586,360.4907970428467
3587,338.5765132904053
3588,327.8141403198242
3589,305.967791557312
3590,316.4328441619873
3591,305.46258640289307
3592,316.4030065536499
3593,305.42252254486084
3594,294.6925449371338
3595,273.17630672454834
3596,273.17630672454834
3597,273.17487239837646
3598,273.5443410873413
3599,273.5443410873413
3600,262.5547752380371
3601,273.3823986053467
3602,284.265832901001
3603,273.4355993270874
3604,273.4355993270874
3605,273.4355993270874
3606,273.4355993270874
3607,273.4355993270874
3608,273.4355993270874
3609,273.4355993270874
3610,273.5513229370117
3611,284.4052429199219
3612,273.4052429199219
3613,284.32905864715576
3614,294.89259147644043
3615,305.82526779174805
3616,305.82526779174805
3617,316.75338649749756
3618,305.81477451324463
3619,305.81477451324463
3620,305.81477451324463
3621,305.81477451324463
3622,305.81477451324463
3623,294.8626832962036
3624,294.8626832962036
3625,294.8626832962036
3626,294.8626832962036
3627,305.48837757110596
3628,305.48837757110596
3629,283.5654077529907
3630,272.6249876022339
3631,272.6249876022339
3632,261.7100009918213
3633,272.6597948074341
3634,272.6597948074341
3635,283.5899076461792
3636,262.0488634109497
3637,262.0488634109497
3638,262.0488634109497
3639,272.9709711074829
3640,272.9709711074829
3641,272.9709711074829
3642,272.9709711074829
3643,294.7365446090698
3644,294.7365446090698
3645,294.7365446090698
3646,294.7365446090698
3647,294.7365446090698
3648,283.8870334625244
3649,283.8870334625244
3650,294.84502124786377
3651,283.84502124786377
3652,283.84502124786377
3653,294.76124382019043
3654,283.93362045288086
3655,283.93362045288086
3656,262.3256492614746
3657,251.33419609069824
3658,261.7211751937866
3659,261.7211751937866
3660,239.95055389404297
3661,250.84559631347656
3662,261.4622163772583
3663,261.4622163772583
3664,261.50355052948
3665,250.62011623382568
3666,250.62011623382568
3667,261.6201162338257
3668,261.6201162338257
3669,261.6201162338257
3670,294.11229610443115
3671,294.11229610443115
3672,294.11229610443115
3673,283.7546081542969
3674,294.68223762512207
3675,283.7414951324463
3676,283.7414951324463
3677,294.68736457824707
3678,305.62228775024414
3679,305.62228775024414
3680,305.62228775024414
3681,305.62228775024414
3682,305.5896339416504
3683,305.5896339416504
3684,327.3114194869995
3685,338.2579936981201
3686,338.2579936981201
3687,327.61763763427734
3688,327.61763763427734
3689,327.61763763427734
3690,338.61763763427734
3691,317.00065517425537
3692,317.00065517425537
3693,306.05104541778564
3694,316.96111011505127
3695,316.96111011505127
3696,306.0660676956177
3697,316.98101139068604
3698,306.03121757507324
3699,306.03121757507324
3700,295.179612159729
3701,295.179612159729
3702,295.179612159729
3703,295.179612159729
3704,284.1879348754883
3705,284.1879348754883
3706,284.1895351409912
3707,284.1895351409912
3708,273.1895351409912
3709,272.8061809539795
3710,261.89208126068115
3711,261.89208126068115
3712,261.89208126068115
3713,261.89208126068115
3714,250.92993831634521
3715,251.08901023864746
3716,251.08901023864746
3717,262.0123977661133
3718,267.4621653556824
3719,278.18339490890503
3720,272.73362731933594
3721,283.6771478652954
3722,283.6771478652954
3723,283.6771478652954
3724,283.6771478652954
3725,283.6771478652954
3726,273.1278257369995
3727,273.1278257369995
3728,273.1278257369995
3729,273.1278257369995
3730,273.1278257369995
3731,273.1278257369995
3732,273.1812515258789
3733,284.15001583099365
3734,273.2674961090088
3735,273.2674961090088
3736,283.6108407974243
3737,283.6108407974243
3738,283.6108407974243
3739,294.5897169113159
3740,294.5897169113159
3741,294.5897169113159
3742,283.6615982055664
3743,283.56507205963135
3744,305.5739812850952
3745,305.614221572876
3746,305.56682109832764
3747,305.56682109832764
3748,315.9129047393799
3749,305.0377073287964
3750,294.1069145202637
3751,282.45606803894043
3752,261.1839027404785
3753,261.1839027404785
3754,261.1839027404785
3755,261.1839027404785
3756,261.1839027404785
3757,282.80828857421875
3758,260.9485454559326
3759,250.0390920639038
3760,250.0390920639038
3761,260.9853982925415
3762,250.07045459747314
3763,240.00007152557373
3764,240.00007152557373
3765,251.00007152557373
3766,261.7369775772095
3767,251.19793510437012
3768,251.19793510437012
3769,240.23760414123535
3770,261.90379905700684
3771,261.8245601654053
3772,250.86800003051758
3773,239.87298774719238
3774,250.75495147705078
3775,250.75495147705078
3776,250.75495147705078
3777,283.1021146774292
3778,283.1021146774292
3779,283.1021146774292
3780,283.1021146774292
3781,283.1021146774292
3782,294.0263395309448
3783,294.02658557891846
3784,294.02658557891846
3785,304.9403705596924
3786,315.90538215637207
3787,315.90538215637207
3788,316.23809146881104
3789,316.23809146881104
3790,327.23809146881104
3791,316.6994047164917
3792,316.6994047164917
3793,348.965051651001
3794,337.99276542663574
3795,327.1654758453369
3796,327.1654758453369
3797,338.13879203796387
3798,336.82630252838135
3799,336.82630252838135
3800,336.82630252838135
3801,336.82630252838135
3802,336.82630252838135
3803,347.81326389312744
3804,337.1306781768799
3805,326.41605281829834
3806,327.76483726501465
3807,317.01763916015625
3808,317.01763916015625
3809,317.14005756378174
3810,328.06237602233887
3811,338.938515663147
3812,338.938515663147
3813,328.11927032470703
3814,306.1734924316406
3815,306.1734924316406
3816,317.1007318496704
3817,317.1007318496704
3818,338.97892570495605
3819,349.97892570495605
3820,382.87389278411865
3821,382.8785390853882
3822,382.8785390853882
3823,382.8785390853882
3824,382.8785390853882
3825,393.8088502883911
3826,403.8824739456177
3827,403.8824739456177
3828,414.527624130249
3829,403.97221851348877
3830,403.97221851348877
3831,404.8460531234741
3832,426.6866226196289
3833,437.62681007385254
3834,459.56815338134766
3835,459.42374324798584
3836,459.42374324798584
3837,459.42374324798584
3838,470.27360248565674
3839,481.2663097381592
3840,492.2104711532593
3841,513.9469547271729
3842,514.1028680801392
3843,535.7959880828857
3844,535.7959880828857
3845,524.7959880828857
3846,524.7959880828857
3847,535.4750423431396
3848,524.5426969528198
3849,546.3819770812988
3850,567.6172752380371
3851,567.5214605331421
3852,566.8966732025146
3853,555.8291645050049
3854,577.5398120880127
3855,566.5764102935791
3856,577.189377784729
3857,577.189377784729
3858,577.189377784729
3859,598.511890411377
3860,598.511890411377
3861,598.511890411377
3862,609.3282470703125
3863,587.4766035079956
3864,576.5493640899658
3865,576.5493640899658
3866,555.054087638855
3867,533.1198930740356
3868,544.6205368041992
3869,534.4186134338379
3870,523.4186134338379
3871,545.2994813919067
3872,556.5381755828857
3873,535.0846796035767
3874,535.0746917724609
3875,545.6849575042725
3876,567.6799650192261
3877,589.6591625213623
3878,545.829644203186
3879,534.9402017593384
3880,567.5605134963989
3881,589.1945905685425
3882,599.9512577056885
3883,620.7901878356934
3884,610.0428857803345
3885,631.9695873260498
3886,642.8471393585205
3887,642.8376445770264
3888,653.6179294586182
3889,642.6459503173828
3890,621.0281496047974
3891,632.0281496047974
3892,643.123049736023
3893,633.0372304916382
3894,633.0372304916382
3895,633.1783294677734
3896,622.3223247528076
3897,611.6339511871338
3898,622.545862197876
3899,622.7301483154297
3900,622.7301483154297
3901,622.7301483154297
3902,611.9033851623535
3903,611.8516120910645
3904,590.4357233047485
3905,579.505181312561
3906,601.4958229064941
3907,623.0584936141968
3908,634.0538101196289
3909,645.0542268753052
3910,655.9653005599976
3911,666.7711000442505
3912,666.7711000442505
3913,666.5129795074463
3914,666.5129795074463
3915,666.4852333068848
3916,677.4534244537354
3917,677.6967573165894
3918,688.6967573165894
3919,710.6087646484375
3920,710.7952699661255
3921,688.9035596847534
3922,689.1308326721191
3923,656.4522228240967
3924,645.6574440002441
3925,645.6229248046875
3926,645.785906791687
3927,635.0800018310547
3928,624.0660009384155
3929,635.0484313964844
3930,656.9913330078125
3931,678.7950572967529
3932,678.7950572967529
3933,678.7950572967529
3934,711.5384731292725
3935,711.5384731292725
3936,733.2738952636719
3937,733.2495164871216
3938,733.4184589385986
3939,733.3324346542358
3940,755.2655906677246
3941,787.889796257019
3942,809.8156442642212
3943,809.9296131134033
3944,842.4862203598022
3945,831.6692123413086
3946,842.5972595214844
3947,853.5209150314331
3948,853.5226640701294
3949,875.4307336807251
3950,864.4250249862671
3951,874.1762781143188
3952,874.2550220489502
3953,874.2550220489502
3954,863.0656862258911
3955,863.0656862258911
3956,863.0909175872803
3957,852.1044673919678
3958,842.2789316177368
3959,842.2345476150513
3960,831.2857646942139
3961,831.3483972549438
3962,842.2277317047119
3963,831.1350631713867
3964,820.1350631713867
3965,809.2143239974976
3966,809.2143239974976
3967,863.8995151519775
3968,830.9823055267334
3969,819.9872980117798
3970,797.5065603256226
3971,775.7020864486694
3972,775.7020864486694
3973,775.7020864486694
3974,775.4958753585815
3975,797.4067811965942
3976,840.8504419326782
3977,851.848874092102
3978,895.3453569412231
3979,916.8008804321289
3980,905.861385345459
3981,916.7788705825806
3982,916.7788705825806
3983,916.8551235198975
3984,938.6163425445557
3985,927.7266368865967
3986,938.5323038101196
3987,927.5323038101196
3988,928.0763177871704
3989,939.1582679748535
3990,939.1582679748535
3991,928.4443435668945
3992,939.333888053894
3993,939.3573989868164
3994,972.1123781204224
3995,971.8455505371094
3996,961.1574754714966
3997,1004.4717388153076
3998,1004.4717388153076
3999,993.3853235244751
4000,993.3853235244751
4001,1026.1976585388184
4002,1015.2896928787231
4003,1037.2614879608154
4004,1070.1711521148682
4005,1059.403073310852
4006,1070.5065212249756
4007,1070.5065212249756
4008,1070.545563697815
4009,1081.5327425003052
4010,1092.4871044158936
4011,1081.4961462020874
4012,1092.4960918426514
4013,1070.919448852539
4014,1060.4779624938965
4015,1082.3080396652222
4016,1060.5106325149536
4017,1071.2200574874878
4018,1093.047555923462
4019,1082.132085800171
4020,1082.132085800171
4021,1049.49241065979
4022,1039.1695413589478
4023,1039.1809663772583
4024,1049.8625745773315
4025,1039.0327405929565
4026,1039.0327405929565
4027,1039.0327405929565
4028,1028.0237865447998
4029,1017.0838394165039
4030,1017.2153940200806
4031,1006.1916198730469
4032,1006.1916198730469
4033,1006.1778907775879
4034,995.2124185562134
4035,984.2594327926636
4036,984.243166923523
4037,951.5170392990112
4038,918.9227466583252
4039,907.1765155792236
4040,918.089921951294
4041,918.089921951294
4042,907.2054891586304
4043,885.3768062591553
4044,896.0277719497681
4045,906.8178911209106
4046,906.6871738433838
4047,917.679612159729
4048,918.4591512680054
4049,918.4591512680054
4050,918.5690183639526
4051,918.3606834411621
4052,940.3451890945435
4053,940.3713321685791
4054,929.4853420257568
4055,929.3985795974731
4056,929.3985795974731
4057,918.7169713973999
4058,896.8876485824585
4059,896.8876485824585
4060,895.7394924163818
4061,895.7394924163818
4062,874.7920351028442
4063,852.9011297225952
4064,841.9058132171631
4065,842.1739673614502
4066,853.0015478134155
4067,820.2434453964233
4068,820.238468170166
4069,809.2579536437988
4070,820.2092714309692
4071,809.1933612823486
4072,798.3256206512451
4073,776.6006879806519
4074,765.6991844177246
4075,754.6696939468384
4076,765.6307973861694
4077,754.6999368667603
4078,776.7279005050659
4079,776.7279005050659
4080,787.7025651931763
4081,776.7079916000366
4082,776.7079916000366
4083,765.6616401672363
4084,754.7784414291382
4085,743.8382835388184
4086,732.940975189209
4087,732.940975189209
4088,721.9826107025146
4089,733.0279064178467
4090,743.9705400466919
4091,722.1922817230225
4092,732.5982427597046
4093,721.6265592575073
4094,721.4399919509888
4095,710.4512882232666
4096,699.5680589675903
4097,699.5680589675903
4098,677.7779941558838
4099,677.7779941558838
4100,677.7223043441772
4101,666.8173189163208
4102,666.8173189163208
4103,666.8173189163208
4104,666.8173189163208
4105,665.9267272949219
4106,665.9267272949219
4107,644.1204319000244
4108,633.8516321182251
4109,633.8516321182251
4110,633.8516321182251
4111,622.90993309021
4112,622.90993309021
4113,612.8033866882324
4114,601.8687782287598
4115,579.9773807525635
4116,579.9773807525635
4117,569.0007524490356
4118,557.9769153594971
4119,525.1876821517944
4120,525.3177223205566
4121,525.3177223205566
4122,514.5103998184204
4123,503.5203495025635
4124,492.7787971496582
4125,481.9634733200073
4126,471.00757217407227
4127,481.73593521118164
4128,470.9080467224121
4129,470.9080467224121
4130,448.9568691253662
4131,459.73988914489746
4132,470.59332370758057
4133,481.47602558135986
4134,502.98375034332275
4135,512.0769395828247
4136,501.32416439056396
4137,501.32416439056396
4138,490.4113883972168
4139,481.301176071167
4140,481.301176071167
4141,448.4814987182617
4142,448.4814987182617
4143,448.4619026184082
4144,448.4619026184082
4145,448.4619026184082
4146,437.15464878082275
4147,437.19359016418457
4148,437.19359016418457
4149,437.19359016418457
4150,426.4105701446533
4151,426.4105701446533
4152,426.27245807647705
4153,426.27245807647705
4154,404.4251756668091
4155,404.4251756668091
4156,382.51889514923096
4157,393.4380397796631
4158,382.4542808532715
4159,382.2879762649536
4160,393.03589248657227
4161,393.31271266937256
4162,393.31271266937256
4163,393.31271266937256
4164,393.31271266937256
4165,371.9674119949341
4166,371.9166784286499
4167,360.93568897247314
4168,371.8048963546753
4169,382.7868375778198
4170,371.8316478729248
4171,360.8612985610962
4172,360.8612985610962
4173,371.8157320022583
4174,371.8157320022583
4175,382.411581993103
4176,382.411581993103
4177,371.4798517227173
4178,349.57806968688965
4179,349.57806968688965
4180,349.57806968688965
4181,360.53361892700195
4182,360.53361892700195
4183,371.46759700775146
4184,360.4929323196411
4185,338.6354570388794
4186,338.6354570388794
4187,338.6354570388794
4188,338.6354570388794
4189,338.6354570388794
4190,328.03960704803467
4191,317.21282482147217
4192,317.21282482147217
4193,317.0524101257324
4194,327.1105728149414
4195,337.9959535598755
4196,326.96311378479004
4197,315.9826374053955
4198,315.9826374053955
4199,315.9826374053955
4200,315.9826374053955
4201,295.007529258728
4202,284.2596130371094
4203,295.2390441894531
4204,284.24662017822266
4205,284.24662017822266
4206,284.24662017822266
4207,295.21972274780273
4208,295.21972274780273
4209,295.21972274780273
4210,295.21972274780273
4211,306.17673683166504
4212,306.17673683166504
4213,306.17673683166504
4214,295.18653297424316
4215,306.09063053131104
4216,295.2710762023926
4217,284.4110870361328
4218,284.48177337646484
4219,295.204345703125
4220,273.3550786972046
4221,251.4667387008667
4222,240.5840368270874
4223,229.69865608215332
4224,218.70088863372803
4225,207.83168125152588
4226,207.83168125152588
4227,207.83168125152588
4228,207.8154411315918
4229,207.8154411315918
4230,207.8154411315918
4231,196.84535026550293
4232,196.84535026550293
4233,196.84535026550293
4234,196.84535026550293
4235,185.87015533447266
4236,185.87015533447266
4237,185.87015533447266
4238,185.87015533447266
4239,175.1475830078125
4240,175.1475830078125
4241,175.1475830078125
4242,175.1475830078125
4243,164.15173053741455
4244,164.15173053741455
4245,164.15173053741455
4246,164.15173053741455
4247,175.03901481628418
4248,197.00971221923828
4249,207.80459117889404
4250,207.80459117889404
4251,207.80459117889404
4252,186.02222347259521
4253,186.02222347259521
4254,175.1349391937256
4255,175.1349391937256
4256,175.1349391937256
4257,175.1349391937256
4258,164.22160053253174
4259,164.22160053253174
4260,164.22160053253174
4261,164.22160053253174
4262,164.22160053253174
4263,164.22160053253174
4264,164.22160053253174
4265,175.18026638031006
4266,175.18026638031006
4267,175.18026638031006
4268,164.26112174987793
4269,174.61502075195312
4270,174.61502075195312
4271,185.4711685180664
4272,185.4711685180664
4273,185.4711685180664
4274,185.4711685180664
4275,185.4711685180664
4276,174.5156192779541
4277,174.5156192779541
4278,174.5156192779541
4279,174.5156192779541
4280,174.5156192779541
4281,174.5156192779541
4282,174.5156192779541
4283,174.5156192779541
4284,174.5156192779541
4285,163.54662132263184
4286,153.19272232055664
4287,153.19272232055664
4288,153.19272232055664
4289,164.12837982177734
4290,153.33350086212158
4291,153.33350086212158
4292,153.33350086212158
4293,153.33350086212158
4294,142.39473247528076
4295,142.39473247528076
4296,142.39473247528076
4297,142.39473247528076
4298,142.39473247528076
4299,142.39473247528076
4300,153.39348793029785
4301,153.39348793029785
4302,153.39348793029785
4303,153.39348793029785
4304,153.39348793029785
4305,142.43482208251953
4306,163.35568523406982
4307,163.35568523406982
4308,163.35568523406982
4309,164.2651824951172
4310,164.2651824951172
4311,153.31074905395508
4312,153.31074905395508
4313,142.337646484375
4314,142.337646484375
4315,142.337646484375
4316,142.337646484375
4317,142.337646484375
4318,153.17118549346924
4319,153.17118549346924
4320,153.17118549346924
4321,153.17118549346924
4322,153.17118549346924
4323,153.17118549346924
4324,142.20799446105957
4325,131.3036127090454
4326,131.3036127090454
4327,131.3036127090454
4328,120.32187557220459
4329,120.32187557220459
4330,120.32187557220459
4331,109.46572780609131
4332,109.46572780609131
4333,109.46572780609131
4334,109.46572780609131
4335,109.46572780609131
4336,109.46572780609131
4337,98.48162078857422
4338,98.48162078857422
4339,98.48162078857422
4340,98.48162078857422
4341,87.52385807037354
4342,87.52385807037354
4343,87.52385807037354
4344,87.52385807037354
4345,87.52385807037354
4346,87.52385807037354
4347,87.52385807037354
4348,87.52385807037354
4349,87.52385807037354
4350,87.52385807037354
4351,87.52385807037354
4352,87.52385807037354
4353,87.52385807037354
4354,87.52385807037354
4355,87.52385807037354
4356,76.58820056915283
4357,76.58820056915283
4358,76.58820056915283
4359,65.6062593460083
4360,76.49096488952637
4361,76.49096488952637
4362,76.49096488952637
4363,65.50437450408936
4364,65.50437450408936
4365,65.50437450408936
4366,65.50437450408936
4367,65.50437450408936
4368,65.50437450408936
4369,65.50437450408936
4370,54.67083549499512
4371,43.80570125579834
4372,32.848687171936035
4373,32.848687171936035
4374,32.848687171936035
4375,32.848687171936035
4376,32.848687171936035
4377,32.848687171936035
4378,32.848687171936035
4379,32.848687171936035
4380,32.848687171936035
4381,32.848687171936035
4382,32.848687171936035
4383,32.848687171936035
4384,32.848687171936035
4385,32.848687171936035
4386,32.848687171936035
4387,43.757596015930176
4388,43.757596015930176
4389,43.757596015930176
4390,43.757596015930176
4391,43.757596015930176
4392,32.848687171936035
4393,32.848687171936035
4394,32.848687171936035
4395,21.883460998535156
4396,21.883460998535156
4397,21.883460998535156
4398,21.883460998535156
4399,21.883460998535156
4400,21.883460998535156
4401,21.883460998535156
4402,21.883460998535156
4403,21.883460998535156
4404,21.883460998535156
4405,21.883460998535156
4406,21.883460998535156
4407,21.883460998535156
4408,21.883460998535156
4409,21.883460998535156
4410,21.883460998535156
4411,21.883460998535156
4412,21.883460998535156
4413,32.8533992767334
4414,32.8533992767334
4415,32.8533992767334
4416,32.8533992767334
4417,32.8533992767334
4418,32.8533992767334
4419,21.968693733215332
4420,21.968693733215332
4421,21.968693733215332
4422,21.968693733215332
4423,21.968693733215332
4424,21.968693733215332
4425,21.968693733215332
4426,21.968693733215332
4427,21.968693733215332
4428,21.968693733215332
4429,21.968693733215332
4430,32.826961517333984
4431,32.826961517333984
4432,32.826961517333984
4433,32.826961517333984
4434,32.826961517333984
4435,32.826961517333984
4436,32.826961517333984
4437,32.826961517333984
4438,32.826961517333984
4439,32.826961517333984
4440,32.826961517333984
4441,32.826961517333984
4442,32.826961517333984
4443,43.82368278503418
4444,43.82368278503418
4445,43.82368278503418
4446,43.82368278503418
4447,43.82368278503418
4448,54.74147605895996
4449,54.74147605895996
4450,54.74147605895996
4451,54.74147605895996
4452,54.74147605895996
4453,54.74147605895996
4454,65.62477684020996
4455,65.62477684020996
4456,65.62477684020996
4457,65.62477684020996
4458,65.62477684020996
4459,65.62477684020996
4460,65.62477684020996
4461,65.62477684020996
4462,65.62477684020996
4463,65.62477684020996
4464,65.62477684020996
4465,75.58119106292725
4466,75.58119106292725
4467,75.58119106292725
4468,75.58119106292725
4469,75.58119106292725
4470,75.58119106292725
4471,75.58119106292725
4472,86.49620532989502
4473,76.53979110717773
4474,76.53979110717773
4475,76.53979110717773
4476,76.53979110717773
4477,76.53979110717773
4478,76.53979110717773
4479,76.53979110717773
4480,76.53979110717773
4481,76.53979110717773
4482,76.53979110717773
4483,76.53979110717773
4484,76.53979110717773
4485,87.44075393676758
4486,87.44075393676758
4487,87.44075393676758
4488,87.44075393676758
4489,87.44075393676758
4490,98.43232440948486
4491,98.43232440948486
4492,98.43232440948486
4493,98.43232440948486
4494,98.43232440948486
4495,76.57530117034912
4496,76.57530117034912
4497,76.57530117034912
4498,76.57530117034912
4499,76.57530117034912
4500,76.57530117034912
4501,76.57530117034912
4502,65.65750789642334
4503,65.65750789642334
4504,65.65750789642334
4505,65.65750789642334
4506,65.65750789642334
4507,65.65750789642334
4508,65.65750789642334
4509,65.65750789642334
4510,65.65750789642334
4511,65.65750789642334
4512,65.65750789642334
4513,54.742493629455566
4514,54.742493629455566
4515,54.742493629455566
4516,54.742493629455566
4517,43.74577236175537
4518,43.74577236175537
4519,43.74577236175537
4520,43.74577236175537
4521,43.74577236175537
4522,43.74577236175537
4523,43.74577236175537
4524,43.74577236175537
4525,43.74577236175537
4526,43.74577236175537
4527,43.74577236175537
4528,43.74577236175537
4529,54.72339344024658
4530,54.72339344024658
4531,54.72339344024658
4532,54.72339344024658
4533,54.72339344024658
4534,54.72339344024658
4535,54.72339344024658
4536,54.72339344024658
4537,54.72339344024658
4538,54.72339344024658
4539,54.72339344024658
4540,54.72339344024658
4541,54.72339344024658
4542,54.72339344024658
4543,54.72339344024658
4544,65.61668968200684
4545,65.61668968200684
4546,65.61668968200684
4547,54.733388900756836
4548,54.733388900756836
4549,76.53587627410889
4550,76.53587627410889
4551,76.53587627410889
4552,87.51044273376465
4553,87.51044273376465
4554,87.51044273376465
4555,97.61337375640869
4556,97.61337375640869
4557,97.61337375640869
4558,108.07440662384033
4559,108.07440662384033
4560,108.07440662384033
4561,108.07440662384033
4562,97.97147560119629
4563,97.97147560119629
4564,97.97147560119629
4565,97.97147560119629
4566,97.97147560119629
4567,87.51044273376465
4568,87.51044273376465
4569,87.51044273376465
4570,87.51044273376465
4571,98.39136028289795
4572,98.39136028289795
4573,109.3078384399414
4574,109.3078384399414
4575,109.3078384399414
4576,109.3078384399414
4577,109.3078384399414
4578,109.3078384399414
4579,109.3078384399414
4580,109.3078384399414
4581,120.18797779083252
4582,109.28701496124268
4583,120.25181770324707
4584,120.25181770324707
4585,120.25181770324707
4586,120.25181770324707
4587,120.25181770324707
4588,120.25181770324707
4589,120.25181770324707
4590,120.25181770324707
4591,131.12874794006348
4592,131.12874794006348
4593,131.12874794006348
4594,131.12874794006348
4595,131.12874794006348
4596,131.12874794006348
4597,131.12874794006348
4598,131.12874794006348
4599,131.12874794006348
4600,131.12874794006348
4601,120.15418148040771
4602,109.18937873840332
4603,119.94958114624023
4604,119.94958114624023
4605,109.04932594299316
4606,109.04932594299316
4607,109.04932594299316
4608,109.04932594299316
4609,109.04932594299316
4610,109.04932594299316
4611,119.72009944915771
4612,108.83918190002441
4613,108.83918190002441
4614,108.83918190002441
4615,108.83918190002441
4616,108.83918190002441
4617,108.83918190002441
4618,97.9590425491333
4619,86.98142147064209
4620,86.98142147064209
4621,86.98142147064209
4622,86.98142147064209
4623,86.98142147064209
4624,97.67975997924805
4625,97.67975997924805
4626,97.67975997924805
4627,97.67975997924805
4628,97.60421752929688
4629,108.58857345581055
4630,108.58857345581055
4631,108.58857345581055
4632,108.66760730743408
4633,97.96926879882812
4634,87.20906639099121
4635,87.20906639099121
4636,87.20906639099121
4637,87.20906639099121
4638,96.13274002075195
4639,96.13274002075195
4640,85.23050785064697
4641,85.23050785064697
4642,85.23050785064697
4643,85.23050785064697
4644,65.63606071472168
4645,65.63606071472168
4646,65.63606071472168
4647,65.63606071472168
4648,65.63606071472168
4649,76.53397560119629
4650,76.53397560119629
4651,76.53397560119629
4652,87.19024562835693
4653,87.19024562835693
4654,87.19024562835693
4655,87.19024562835693
4656,87.19024562835693
4657,87.19024562835693
4658,87.19024562835693
4659,87.19024562835693
4660,87.19024562835693
4661,87.19024562835693
4662,87.19024562835693
4663,87.19024562835693
4664,76.53397560119629
4665,76.53397560119629
4666,76.61943340301514
4667,87.27944564819336
4668,87.27944564819336
4669,87.27944564819336
4670,87.27944564819336
4671,87.27944564819336
4672,87.27944564819336
4673,87.27944564819336
4674,87.27944564819336
4675,87.27944564819336
4676,87.27944564819336
4677,76.28039169311523
4678,87.18747234344482
4679,87.18747234344482
4680,98.12936782836914
4681,98.12936782836914
4682,98.12936782836914
4683,108.61538124084473
4684,108.61538124084473
4685,108.61538124084473
4686,108.61538124084473
4687,108.61538124084473
4688,108.61538124084473
4689,98.12936782836914
4690,98.12936782836914
4691,98.12936782836914
4692,98.12936782836914
4693,109.12936782836914
4694,109.12936782836914
4695,109.2303466796875
4696,109.2303466796875
4697,120.20055294036865
4698,120.20055294036865
4699,120.20055294036865
4700,120.20055294036865
4701,131.20055294036865
4702,131.20055294036865
4703,142.0866403579712
4704,153.02960205078125
4705,153.02960205078125
4706,153.02960205078125
4707,153.02960205078125
4708,163.84536361694336
4709,163.84536361694336
4710,174.8500509262085
4711,164.0890598297119
4712,164.0890598297119
4713,164.0890598297119
4714,174.96619129180908
4715,174.96619129180908
4716,174.96619129180908
4717,174.96619129180908
4718,174.86701488494873
4719,174.86701488494873
4720,185.86701488494873
4721,185.86701488494873
4722,185.86701488494873
4723,196.84458827972412
4724,196.84458827972412
4725,196.84458827972412
4726,196.84458827972412
4727,196.84458827972412
4728,218.7907953262329
4729,218.7907953262329
4730,218.7907953262329
4731,218.7907953262329
4732,218.7907953262329
4733,207.943922996521
4734,197.06679153442383
4735,197.06679153442383
4736,197.06679153442383
4737,218.91780471801758
4738,218.91780471801758
4739,251.32596111297607
4740,273.2602491378784
4741,284.232234954834
4742,284.232234954834
4743,284.232234954834
4744,284.232234954834
4745,273.2478790283203
4746,273.27526569366455
4747,262.27526569366455
4748,294.89983558654785
4749,294.89983558654785
4750,294.89983558654785
4751,294.82710552215576
4752,294.82710552215576
4753,294.82710552215576
4754,294.82710552215576
4755,294.82710552215576
4756,305.8011693954468
4757,316.72340965270996
4758,316.72340965270996
4759,338.0848340988159
4760,349.06983184814453
4761,338.3582401275635
4762,327.5413885116577
4763,316.6898193359375
4764,316.5180377960205
4765,316.5180377960205
4766,316.5180377960205
4767,316.5180377960205
4768,305.7022762298584
4769,316.7022762298584
4770,316.7022762298584
4771,316.7022762298584
4772,327.73516941070557
4773,305.9770755767822
4774,305.9927701950073
4775,316.9271755218506
4776,316.9271755218506
4777,316.9271755218506
4778,316.9271755218506
4779,327.87411975860596
4780,327.87411975860596
4781,338.8492555618286
4782,339.0419521331787
4783,350.03876304626465
4784,350.03876304626465
4785,350.03876304626465
4786,382.7416067123413
4787,371.7416067123413
4788,360.94140243530273
4789,360.94140243530273
4790,360.94140243530273
4791,360.93981742858887
4792,360.93981742858887
4793,371.92124366760254
4794,361.235390663147
4795,372.19281578063965
4796,372.19281578063965
4797,383.1583528518677
4798,383.1583528518677
4799,383.1583528518677
4800,394.08278942108154
4801,404.9434537887573
4802,426.76434326171875
4803,426.76434326171875
4804,426.76434326171875
4805,437.7336149215698
4806,448.6794738769531
4807,459.6256341934204
4808,459.6256341934204
4809,481.3400545120239
4810,481.3400545120239
4811,492.1689977645874
4812,502.41639041900635
4813,491.5264472961426
4814,491.5264472961426
4815,491.5264472961426
4816,502.73351192474365
4817,502.73351192474365
4818,525.3929014205933
4819,525.3929014205933
4820,525.3929014205933
4821,557.875904083252
4822,568.7561435699463
4823,590.6874494552612
4824,579.8174314498901
4825,590.7024116516113
4826,579.7061204910278
4827,579.7061204910278
4828,557.8270835876465
4829,568.7675828933716
4830,588.7306690216064
4831,588.7306690216064
4832,589.1261119842529
4833,567.2481679916382
4834,545.4792852401733
4835,545.4792852401733
4836,556.1282758712769
4837,577.9809274673462
4838,577.9809274673462
4839,568.1662473678589
4840,557.2088222503662
4841,568.2133474349976
4842,567.8718852996826
4843,568.6260137557983
4844,568.6260137557983
4845,568.6260137557983
4846,568.6260137557983
4847,608.8789114952087
4848,597.8939137458801
4849,608.8502459526062
4850,586.9013628959656
4851,557.6404209136963
4852,557.6404209136963
4853,568.5640535354614
4854,579.560284614563
4855,568.6920166015625
4856,601.1441383361816
4857,601.1441383361816
4858,601.1441383361816
4859,600.9261713027954
4860,600.9261713027954
4861,579.007360458374
4862,600.7733612060547
4863,600.7733612060547
4864,611.7366304397583
4865,611.7366304397583
4866,590.174165725708
4867,579.2322702407837
4868,546.6620349884033
4869,557.6288471221924
4870,546.7003898620605
4871,535.7003898620605
4872,513.7659845352173
4873,513.9053201675415
4874,535.8167905807495
4875,546.8119096755981
4876,546.9618721008301
4877,557.9386682510376
4878,557.7915620803833
4879,557.8674354553223
4880,536.0100622177124
4881,546.9509906768799
4882,546.9509906768799
4883,568.5452661514282
4884,579.5130834579468
4885,601.231502532959
4886,590.3465223312378
4887,557.7051687240601
4888,568.6143665313721
4889,567.9286231994629
4890,546.1179304122925
4891,535.2451229095459
4892,545.9228830337524
4893,567.8496685028076
4894,546.6084785461426
4895,557.6068735122681
4896,546.7972507476807
4897,546.7167873382568
4898,546.7167873382568
4899,557.3867340087891
4900,546.5338401794434
4901,535.9390525817871
4902,546.9390525817871
4903,546.9307861328125
4904,536.1494703292847
4905,536.1494703292847
4906,525.3339395523071
4907,535.7850952148438
4908,557.6347036361694
4909,524.885012626648
4910,535.8707580566406
4911,535.8074235916138
4912,524.8736629486084
4913,546.5301332473755
4914,546.5301332473755
4915,546.4175043106079
4916,535.7475576400757
4917,524.766131401062
4918,535.7325305938721
4919,524.7341156005859
4920,524.7341156005859
4921,513.7463369369507
4922,535.6042194366455
4923,535.6042194366455
4924,514.2499408721924
4925,514.284815788269
4926,514.4620275497437
4927,536.2265310287476
4928,536.0944128036499
4929,525.2227115631104
4930,525.2227115631104
4931,543.5095944404602
4932,532.5133633613586
4933,525.193118095398
4934,546.1707668304443
4935,546.1707668304443
4936,524.2310914993286
4937,535.1698608398438
4938,535.1698608398438
4939,535.22043800354
4940,546.0970335006714
4941,535.1057729721069
4942,524.1073780059814
4943,524.1073780059814
4944,524.1073780059814
4945,524.1073780059814
4946,514.1061305999756
4947,514.0923156738281
4948,535.9874410629272
4949,546.8868827819824
4950,546.8868827819824
4951,535.936375617981
4952,535.970552444458
4953,535.970552444458
4954,524.9730072021484
4955,524.9730072021484
4956,514.0459661483765
4957,525.022102355957
4958,525.022102355957
4959,525.022102355957
4960,503.1088857650757
4961,470.47242641448975
4962,470.47242641448975
4963,470.5202703475952
4964,448.6841630935669
4965,459.5999765396118
4966,437.76790714263916
4967,437.9752206802368
4968,416.0461091995239
4969,416.0461091995239
4970,416.0461091995239
4971,405.0697078704834
4972,394.1825256347656
4973,394.1825256347656
4974,394.1825256347656
4975,394.1825256347656
4976,383.2783088684082
4977,372.3691110610962
4978,372.0264015197754
4979,372.0264015197754
4980,372.0264015197754
4981,372.0264015197754
4982,372.0264015197754
4983,361.0388488769531
4984,361.0388488769531
4985,371.8561792373657
4986,371.8561792373657
4987,371.98584938049316
4988,361.01391887664795
4989,350.01391887664795
4990,350.01391887664795
4991,350.01391887664795
4992,339.07519149780273
4993,339.07519149780273
4994,339.07519149780273
4995,339.07519149780273
4996,339.4554080963135
4997,350.3950824737549
4998,339.44279956817627
4999,350.4267282485962
5000,339.5664415359497
5001,339.5664415359497
5002,339.739595413208
5003,350.6265459060669
5004,361.08875942230225
5005,361.08875942230225
5006,371.75654697418213
5007,371.75654697418213
5008,371.75654697418213
5009,382.69826889038086
5010,382.6358985900879
5011,382.6358985900879
5012,393.5168685913086
5013,393.5168685913086
5014,382.5759401321411
5015,393.4983825683594
5016,393.6096363067627
5017,393.6096363067627
5018,382.64282417297363
5019,393.58012676239014
5020,393.58012676239014
5021,393.58012676239014
5022,361.1417770385742
5023,339.24551486968994
5024,339.4959125518799
5025,317.6785821914673
5026,317.6785821914673
5027,317.6785821914673
5028,328.61949348449707
5029,317.6770133972168
5030,306.7244167327881
5031,306.7244167327881
5032,306.7244167327881
5033,306.7244167327881
5034,306.7244167327881
5035,295.7373046875
5036,306.4815979003906
5037,306.4815979003906
5038,306.4815979003906
5039,306.4815979003906
5040,306.4815979003906
5041,295.49374866485596
5042,306.2026777267456
5043,306.2026777267456
5044,306.2026777267456
5045,326.49067783355713
5046,337.3974189758301
5047,348.3607940673828
5048,359.1326427459717
5049,359.1326427459717
5050,348.1907081604004
5051,348.1907081604004
5052,338.8772840499878
5053,339.09021282196045
5054,339.09021282196045
5055,339.09021282196045
5056,328.1514434814453
5057,328.1514434814453
5058,317.2176122665405
5059,317.2176122665405
5060,317.2176122665405
5061,317.2176122665405
5062,295.341703414917
5063,284.38164043426514
5064,295.2716054916382
5065,295.2716054916382
5066,295.2716054916382
5067,306.0844736099243
5068,295.1471710205078
5069,295.1471710205078
5070,316.5072841644287
5071,305.5431308746338
5072,305.5431308746338
5073,316.4866609573364
5074,305.7423677444458
5075,294.7584390640259
5076,305.7499122619629
5077,316.64104557037354
5078,316.64104557037354
5079,316.64104557037354
5080,316.64104557037354
5081,338.08687114715576
5082,338.08687114715576
5083,327.72675800323486
5084,327.72675800323486
5085,327.72675800323486
5086,327.67580699920654
5087,327.67580699920654
5088,327.51621437072754
5089,327.51621437072754
5090,316.59466648101807
5091,305.78179836273193
5092,305.78179836273193
5093,305.78179836273193
5094,295.00994968414307
5095,295.00994968414307
5096,295.00994968414307
5097,295.00994968414307
5098,295.00994968414307
5099,295.0095405578613
5100,295.0095405578613
5101,284.12259006500244
5102,295.08422565460205
5103,295.46979808807373
5104,306.3751811981201
5105,284.53455352783203
5106,295.3930425643921
5107,306.3142490386963
5108,328.16339588165283
5109,328.16339588165283
5110,328.16339588165283
5111,328.16339588165283
5112,339.06477451324463
5113,328.121244430542
5114,328.121244430542
5115,317.1815700531006
5116,317.1815700531006
5117,328.1159210205078
5118,328.1159210205078
5119,338.87214946746826
5120,338.87214946746826
5121,327.8726615905762
5122,316.9386386871338
5123,316.9386386871338
5124,316.9386386871338
5125,327.89326095581055
5126,327.89326095581055
5127,317.17188358306885
5128,317.17188358306885
5129,317.1282081604004
5130,327.96765899658203
5131,327.968505859375
5132,338.9131088256836
5133,371.712119102478
5134,382.08508586883545
5135,382.08508586883545
5136,382.08508586883545
5137,393.0303039550781
5138,382.1403388977051
5139,371.38411045074463
5140,371.38411045074463
5141,382.2427616119385
5142,382.2427616119385
5143,382.2427616119385
5144,382.2427616119385
5145,371.27938652038574
5146,371.27938652038574
5147,382.2570095062256
5148,360.4917793273926
5149,349.6359968185425
5150,349.62661838531494
5151,350.24077796936035
5152,350.24077796936035
5153,350.24077796936035
5154,371.8385305404663
5155,360.92340660095215
5156,349.9350633621216
5157,360.6591510772705
5158,371.6591510772705
5159,371.6591510772705
5160,349.8091650009155
5161,338.9180316925049
5162,338.9180316925049
5163,327.9424161911011
5164,327.9424161911011
5165,316.95094299316406
5166,316.95094299316406
5167,306.2442398071289
5168,306.2442398071289
5169,306.2442398071289
5170,306.2442398071289
5171,317.21024990081787
5172,328.1706485748291
5173,317.2795991897583
5174,317.31975269317627
5175,317.31975269317627
5176,317.31975269317627
5177,295.518666267395
5178,273.6083974838257
5179,262.69319915771484
5180,251.72718906402588
5181,251.72718906402588
5182,251.72718906402588
5183,262.6202611923218
5184,273.5000820159912
5185,273.282940864563
5186,284.282940864563
5187,284.282940864563
5188,284.282940864563
5189,284.282940864563
5190,284.282940864563
5191,284.282940864563
5192,295.20222187042236
5193,295.11522483825684
5194,295.11522483825684
5195,284.3911371231079
5196,284.3911371231079
5197,273.3990182876587
5198,273.3990182876587
5199,273.3990182876587
5200,284.20788860321045
5201,284.20788860321045
5202,284.20788860321045
5203,284.20788860321045
5204,273.27907848358154
5205,273.27907848358154
5206,251.40900135040283
5207,262.28387928009033
5208,251.36267280578613
5209,240.37544918060303
5210,240.37544918060303
5211,240.37544918060303
5212,240.37544918060303
5213,240.01219749450684
5214,229.20332717895508
5215,229.20332717895508
5216,229.0872049331665
5217,229.0872049331665
5218,251.0142068862915
5219,251.0142068862915
5220,251.0142068862915
5221,251.0142068862915
5222,251.0142068862915
5223,229.39020919799805
5224,229.42566680908203
5225,229.42566680908203
5226,229.42566680908203
5227,240.3952341079712
5228,240.3952341079712
5229,250.9409875869751
5230,239.96641159057617
5231,240.35284805297852
5232,251.28637409210205
5233,251.28637409210205
5234,251.3185796737671
5235,251.3185796737671
5236,262.2185297012329
5237,262.2185297012329
5238,262.22028064727783
5239,262.2106590270996
5240,262.1482229232788
5241,262.1482229232788
5242,262.1482229232788
5243,272.97653675079346
5244,272.97653675079346
5245,262.04218578338623
5246,240.081787109375
5247,240.081787109375
5248,261.15099143981934
5249,283.01643466949463
5250,283.01643466949463
5251,261.5908603668213
5252,261.5908603668213
5253,272.5908603668213
5254,283.5496292114258
5255,294.50325870513916
5256,305.4643793106079
5257,294.48675632476807
5258,294.48675632476807
5259,306.1085786819458
5260,306.1085786819458
5261,306.0009756088257
5262,327.84272289276123
5263,327.84272289276123
5264,360.6453447341919
5265,371.48374938964844
5266,371.48374938964844
5267,371.48374938964844
5268,382.3151445388794
5269,382.3151445388794
5270,382.3151445388794
5271,403.9344472885132
5272,403.9344472885132
5273,414.84960556030273
5274,414.84960556030273
5275,414.84960556030273
5276,425.8503189086914
5277,414.9349174499512
5278,412.9494295120239
5279,434.9242706298828
5280,445.86298179626465
5281,437.02015590667725
5282,437.02015590667725
5283,437.0564937591553
5284,437.0564937591553
5285,437.0564937591553
5286,437.0564937591553
5287,437.0564937591553
5288,437.0564937591553
5289,437.086874961853
5290,437.086874961853
5291,437.086874961853
5292,437.086874961853
5293,426.425329208374
5294,448.2933177947998
5295,459.20178031921387
5296,470.1455764770508
5297,459.2185745239258
5298,470.2185745239258
5299,459.2982597351074
5300,448.372766494751
5301,448.2034549713135
5302,448.18890857696533
5303,437.2449617385864
5304,458.9794759750366
5305,491.6733522415161
5306,502.58148670196533
5307,491.75606060028076
5308,491.75606060028076
5309,502.7448558807373
5310,502.65361976623535
5311,513.5630617141724
5312,513.5876550674438
5313,513.5876550674438
5314,491.84110164642334
5315,491.84110164642334
5316,502.8832321166992
5317,513.8109769821167
5318,524.8109769821167
5319,535.7512807846069
5320,524.8177547454834
5321,524.8177547454834
5322,502.88215827941895
5323,502.88215827941895
5324,513.6292381286621
5325,524.6292381286621
5326,535.5774412155151
5327,524.6048612594604
5328,546.1583614349365
5329,546.1431503295898
5330,545.4166593551636
5331,556.3891277313232
5332,556.3891277313232
5333,545.4393396377563
5334,545.4393396377563
5335,567.3109140396118
5336,589.2777919769287
5337,611.1127090454102
5338,622.1036891937256
5339,632.891040802002
5340,633.5931491851807
5341,644.5931491851807
5342,633.6931991577148
5343,644.603892326355
5344,633.7610692977905
5345,612.2375755310059
5346,623.2331209182739
5347,645.1723499298096
5348,645.1723499298096
5349,634.2432289123535
5350,645.0008001327515
5351,634.0254526138306
5352,634.0254526138306
5353,655.8962278366089
5354,655.8962278366089
5355,655.9558410644531
5356,666.713755607605
5357,666.713755607605
5358,645.1568202972412
5359,601.4090003967285
5360,601.3622436523438
5361,601.3622436523438
5362,590.6350326538086
5363,590.5416688919067
5364,612.354115486145
5365,601.3584413528442
5366,601.2345485687256
5367,612.1234674453735
5368,623.0696678161621
5369,623.0696678161621
5370,633.9944362640381
5371,631.2797346115112
5372,631.0668182373047
5373,620.0668182373047
5374,611.8537750244141
5375,611.8537750244141
5376,601.1920719146729
5377,601.1920719146729
5378,622.1747770309448
5379,633.0365829467773
5380,633.0295143127441
5381,622.1657447814941
5382,633.0636568069458
5383,644.0636568069458
5384,644.0636568069458
5385,665.7190065383911
5386,676.4112529754639
5387,688.2897176742554
5388,699.2897176742554
5389,698.9780607223511
5390,687.9349536895752
5391,698.643762588501
5392,720.523699760437
5393,709.4673843383789
5394,698.6550941467285
5395,687.7788457870483
5396,719.8697528839111
5397,719.8697528839111
5398,708.956335067749
5399,709.0240364074707
5400,719.9192409515381
5401,741.7922439575195
5402,752.8385152816772
5403,763.7204694747925
5404,774.5949811935425
5405,796.3302564620972
5406,807.3344268798828
5407,840.341103553772
5408,840.341103553772
5409,818.9060335159302
5410,851.6887922286987
5411,862.0537605285645
5412,873.0143966674805
5413,883.9990386962891
5414,949.403431892395
5415,970.4887161254883
5416,992.2359313964844
5417,1014.0052185058594
5418,1003.4550504684448
5419,1014.3020143508911
5420,1025.2492809295654
5421,1068.6506032943726
5422,1068.6651630401611
5423,1036.5185546875
5424,1036.5185546875
5425,1069.2620296478271
5426,1102.2287874221802
5427,1091.3997402191162
5428,1102.3140506744385
5429,1113.8410453796387
5430,1135.7724647521973
5431,1146.74027633667
5432,1168.1453428268433
5433,1200.8492031097412
5434,1178.933183670044
5435,1189.2911825180054
5436,1211.0935306549072
5437,1211.2270956039429
5438,1200.5354099273682
5439,1211.4632863998413
5440,1211.4632863998413
5441,1222.3667726516724
5442,1244.2611684799194
5443,1233.2611684799194
5444,1255.5055112838745
5445,1287.7264547348022
5446,1309.5778799057007
5447,1298.5563659667969
5448,1298.4885959625244
5449,1276.874882698059
5450,1276.1804418563843
5451,1265.3541374206543
5452,1287.132119178772
5453,1276.4455184936523
5454,1265.5849418640137
5455,1243.7564086914062
5456,1221.7873678207397
5457,1221.7873678207397
5458,1211.1916608810425
5459,1211.7747631072998
5460,1222.9793615341187
5461,1222.9793615341187
5462,1168.452172279358
5463,1168.7557277679443
5464,1158.4644002914429
5465,1136.5515594482422
5466,1158.3301887512207
5467,1136.147089958191
5468,1157.9168691635132
5469,1179.7754936218262
5470,1179.7754936218262
5471,1234.3093690872192
5472,1223.5720882415771
5473,1223.686692237854
5474,1234.6857137680054
5475,1245.531683921814
5476,1223.8472337722778
5477,1223.8472337722778
5478,1191.036205291748
5479,1201.9772653579712
5480,1191.1930093765259
5481,1180.26824092865
5482,1188.8480100631714
5483,1167.0016994476318
5484,1156.1290893554688
5485,1156.911943435669
5486,1167.7342195510864
5487,1169.8665895462036
5488,1191.3660860061646
5489,1158.555965423584
5490,1136.6575422286987
5491,1093.0090885162354
5492,1103.7820663452148
5493,1081.9751539230347
5494,1081.9786977767944
5495,1092.8340425491333
5496,1071.24551486969
5497,1060.0455055236816
5498,1038.2729139328003
5499,1038.2729139328003
5500,1038.0808153152466
5501,1038.0510320663452
5502,1038.0338468551636
5503,1038.0338468551636
5504,1059.9936637878418
5505,1070.9493579864502
5506,1049.0723762512207
5507,1027.4026317596436
5508,1027.4026317596436
5509,1027.4026317596436
5510,1016.4241456985474
5511,1016.4241456985474
5512,1006.0697803497314
5513,984.4226236343384
5514,995.3875980377197
5515,995.3875980377197
5516,984.4084644317627
5517,984.4084644317627
5518,962.6531810760498
5519,962.4186325073242
5520,973.2900428771973
5521,973.2300777435303
5522,951.4279232025146
5523,973.1211729049683
5524,951.237154006958
5525,951.3124647140503
5526,929.3968534469604
5527,940.3919944763184
5528,940.5161256790161
5529,896.9210710525513
5530,896.959454536438
5531,874.973237991333
5532,874.973237991333
5533,864.1502199172974
5534,864.1502199172974
5535,853.1984996795654
5536,853.0763244628906
5537,831.1457300186157
5538,776.4774198532104
5539,776.4774198532104
5540,765.6088390350342
5541,754.7084589004517
5542,722.1638994216919
5543,700.2540502548218
5544,667.5126810073853
5545,656.5431385040283
5546,634.654372215271
5547,623.8492679595947
5548,601.9665822982788
5549,590.9777870178223
5550,590.9777870178223
5551,591.0196704864502
5552,591.0196704864502
5553,591.2999134063721
5554,591.2999134063721
5555,580.3269662857056
5556,569.3631010055542
5557,569.3631010055542
5558,558.3765020370483
5559,558.3765020370483
5560,558.3765020370483
5561,558.3765020370483
5562,558.3765020370483
5563,558.2648801803589
5564,514.443437576294
5565,481.7282819747925
5566,481.7282819747925
5567,492.6717882156372
5568,481.69526386260986
5569,492.11938285827637
5570,470.2244997024536
5571,481.2086877822876
5572,481.107985496521
5573,481.107985496521
5574,470.13856983184814
5575,481.0861053466797
5576,481.0861053466797
5577,470.1789360046387
5578,448.4838914871216
5579,437.6306915283203
5580,437.6684522628784
5581,437.6684522628784
5582,427.2443332672119
5583,416.3140344619751
5584,394.34632396698
5585,394.24617099761963
5586,394.24617099761963
5587,394.24617099761963
5588,372.3350009918213
5589,372.3350009918213
5590,372.3350009918213
5591,383.309139251709
5592,383.309139251709
5593,383.309139251709
5594,394.2237672805786
5595,394.2237672805786
5596,394.2237672805786
5597,383.23431491851807
5598,383.23431491851807
5599,393.3608465194702
5600,371.43332958221436
5601,392.9656581878662
5602,382.04244327545166
5603,371.2653589248657
5604,350.1601390838623
5605,350.1601390838623
5606,350.1601390838623
5607,350.1601390838623
5608,361.11900806427
5609,361.11900806427
5610,371.82570362091064
5611,371.82570362091064
5612,371.82570362091064
5613,371.82570362091064
5614,360.72462368011475
5615,360.72462368011475
5616,360.72462368011475
5617,360.72462368011475
5618,360.72462368011475
5619,349.7508964538574
5620,349.7508964538574
5621,349.7508964538574
5622,338.8537874221802
5623,316.9180374145508
5624,316.9180374145508
5625,305.9743709564209
5626,295.05974292755127
5627,284.35304737091064
5628,284.35304737091064
5629,284.35304737091064
5630,284.35304737091064
5631,284.35304737091064
5632,284.35304737091064
5633,284.35304737091064
5634,284.35304737091064
5635,284.35304737091064
5636,295.32783794403076
5637,295.32783794403076
5638,284.61217308044434
5639,284.61217308044434
5640,273.7955093383789
5641,262.8187007904053
5642,241.02413177490234
5643,241.02413177490234
5644,241.02413177490234
5645,241.02413177490234
5646,241.02413177490234
5647,230.06276893615723
5648,230.06276893615723
5649,230.06276893615723
5650,186.23237323760986
5651,186.23237323760986
5652,186.23237323760986
5653,186.23237323760986
5654,186.23237323760986
5655,186.23237323760986
5656,175.2640085220337
5657,142.33021450042725
5658,131.37452030181885
5659,142.29841327667236
5660,142.29841327667236
5661,142.29841327667236
5662,142.29841327667236
5663,131.32427501678467
5664,131.32427501678467
5665,120.36972045898438
5666,131.27941131591797
5667,131.27941131591797
5668,131.27941131591797
5669,120.37012100219727
5670,120.37012100219727
5671,120.37012100219727
5672,120.37012100219727
5673,120.37012100219727
5674,120.37012100219727
5675,120.37012100219727
5676,98.55039501190186
5677,98.55039501190186
5678,98.55039501190186
5679,98.55039501190186
5680,98.55039501190186
5681,98.55039501190186
5682,98.55039501190186
5683,98.55039501190186
5684,98.55039501190186
5685,98.55039501190186
5686,98.55039501190186
5687,98.55039501190186
5688,98.55039501190186
5689,98.55039501190186
5690,109.53546905517578
5691,109.53546905517578
5692,109.53546905517578
5693,98.58793354034424
5694,98.58793354034424
5695,98.58793354034424
5696,98.58793354034424
5697,98.58793354034424
5698,120.50539493560791
5699,120.50539493560791
5700,109.54812049865723
5701,109.54812049865723
5702,109.54812049865723
5703,109.54812049865723
5704,109.54812049865723
5705,109.54812049865723
5706,109.54812049865723
5707,109.54812049865723
5708,109.54812049865723
5709,109.54812049865723
5710,109.54812049865723
5711,109.54812049865723
5712,109.54812049865723
5713,98.58047199249268
5714,98.58047199249268
5715,109.47430419921875
5716,109.47430419921875
5717,109.47430419921875
5718,109.47430419921875
5719,98.52353763580322
5720,87.56361103057861
5721,87.56361103057861
5722,87.56361103057861
5723,87.56361103057861
5724,87.56361103057861
5725,87.56361103057861
5726,98.52604866027832
5727,98.52604866027832
5728,98.52604866027832
5729,98.52604866027832
5730,98.52604866027832
5731,98.52604866027832
5732,98.52604866027832
5733,98.52604866027832
5734,98.52604866027832
5735,98.52604866027832
5736,98.52604866027832
5737,116.93615579605103
5738,127.88214826583862
5739,116.94057607650757
5740,116.94057607650757
5741,109.43785095214844
5742,109.43785095214844
5743,109.43785095214844
5744,120.3503532409668
5745,120.3503532409668
5746,131.2235345840454
5747,131.2235345840454
5748,120.31384372711182
5749,120.31384372711182
5750,120.31384372711182
5751,120.31384372711182
5752,120.31384372711182
5753,120.31384372711182
5754,120.31384372711182
5755,120.31384372711182
5756,120.31384372711182
5757,120.31384372711182
5758,120.31384372711182
5759,120.31384372711182
5760,120.31384372711182
5761,120.31384372711182
5762,109.3899507522583
5763,109.3899507522583
5764,109.3899507522583
5765,98.43108177185059
5766,98.43108177185059
5767,98.43108177185059
5768,98.43108177185059
5769,98.43108177185059
5770,98.43108177185059
5771,98.43108177185059
5772,98.43108177185059
5773,98.43108177185059
5774,98.43108177185059
5775,98.43108177185059
5776,98.43108177185059
5777,98.43108177185059
5778,98.43108177185059
5779,98.43108177185059
5780,98.43108177185059
5781,98.43108177185059
5782,98.43108177185059
5783,98.43108177185059
5784,98.43108177185059
5785,76.62474727630615
5786,65.75156593322754
5787,65.75156593322754
5788,65.75156593322754
5789,54.80557346343994
5790,54.80557346343994
5791,54.80557346343994
5792,54.80557346343994
5793,54.80557346343994
5794,43.820499420166016
5795,43.820499420166016
5796,54.72447490692139
5797,54.72447490692139
5798,65.66288089752197
5799,65.66288089752197
5800,65.66288089752197
5801,65.66288089752197
5802,54.7589054107666
5803,54.7589054107666
5804,54.7589054107666
5805,54.7589054107666
5806,65.7534236907959
5807,65.7534236907959
5808,65.7534236907959
5809,65.7534236907959
5810,54.77753448486328
5811,54.77753448486328
5812,43.87015247344971
5813,43.87015247344971
5814,43.87015247344971
5815,43.87015247344971
5816,43.87015247344971
5817,43.87015247344971
5818,43.87015247344971
5819,43.87015247344971
5820,32.89536190032959
5821,32.89536190032959
5822,32.89536190032959
5823,43.792877197265625
5824,43.792877197265625
5825,43.792877197265625
5826,43.792877197265625
5827,43.792877197265625
5828,43.792877197265625
5829,43.792877197265625
5830,54.74867248535156
5831,54.74867248535156
5832,65.65420341491699
5833,65.65420341491699
5834,65.65420341491699
5835,76.6156415939331
5836,76.6156415939331
5837,76.6156415939331
5838,76.6156415939331
5839,76.6156415939331
5840,76.6156415939331
5841,76.6156415939331
5842,65.71011066436768
5843,65.71011066436768
5844,65.71011066436768
5845,65.71011066436768
5846,76.67230796813965
5847,76.67230796813965
5848,76.67230796813965
5849,76.67230796813965
5850,76.67230796813965
5851,76.67230796813965
5852,76.67230796813965
5853,76.67230796813965
5854,76.67230796813965
5855,76.67230796813965
5856,76.67230796813965
5857,65.70987033843994
5858,65.70987033843994
5859,76.68956661224365
5860,76.68956661224365
5861,76.68956661224365
5862,76.68956661224365
5863,76.68956661224365
5864,76.68956661224365
5865,76.68956661224365
5866,76.68956661224365
5867,76.68956661224365
5868,76.68956661224365
5869,76.68956661224365
5870,76.68956661224365
5871,76.68956661224365
5872,76.68956661224365
5873,76.68956661224365
5874,87.68589782714844
5875,76.74749183654785
5876,76.74749183654785
5877,76.74749183654785
5878,76.74749183654785
5879,76.74749183654785
5880,76.74749183654785
5881,76.74749183654785
5882,76.74749183654785
5883,76.74749183654785
5884,76.74749183654785
5885,76.74749183654785
5886,76.74749183654785
5887,65.84997653961182
5888,65.84997653961182
5889,65.84997653961182
5890,65.84997653961182
5891,65.84997653961182
5892,76.83920383453369
5893,76.83920383453369
5894,76.83920383453369
5895,76.83920383453369
5896,76.83920383453369
5897,76.83920383453369
5898,76.83920383453369
5899,76.83920383453369
5900,76.83920383453369
5901,76.83920383453369
5902,76.83920383453369
5903,76.83920383453369
5904,76.83920383453369
5905,87.74247169494629
5906,87.74247169494629
5907,98.72031307220459
5908,98.72031307220459
5909,98.72031307220459
5910,98.72031307220459
5911,98.72031307220459
5912,98.72031307220459
5913,98.72031307220459
5914,115.4986777305603
5915,115.4986777305603
5916,109.01726818084717
5917,109.01726818084717
5918,109.01726818084717
5919,109.01726818084717
5920,109.01726818084717
5921,109.01726818084717
5922,109.01726818084717
5923,109.01726818084717
5924,98.72031307220459
5925,98.72031307220459
5926,98.70443439483643
5927,98.70443439483643
5928,98.70443439483643
5929,98.70443439483643
5930,87.74863910675049
5931,87.74863910675049
5932,98.69672584533691
5933,98.69672584533691
5934,98.69672584533691
5935,98.69672584533691
5936,98.69672584533691
5937,98.69672584533691
5938,98.69672584533691
5939,98.69672584533691
5940,98.69672584533691
5941,98.69672584533691
5942,98.69672584533691
5943,98.69672584533691
5944,108.0932788848877
5945,108.0932788848877
5946,98.69672584533691
5947,98.69672584533691
5948,98.69672584533691
5949,98.69672584533691
5950,98.69672584533691
5951,98.69672584533691
5952,98.69672584533691
5953,98.69672584533691
5954,98.69672584533691
5955,98.69672584533691
5956,98.69672584533691
5957,98.69672584533691
5958,98.69672584533691
5959,98.69672584533691
5960,98.69672584533691
5961,98.69672584533691
5962,98.69672584533691
5963,98.69672584533691
5964,87.7170295715332
5965,87.7170295715332
5966,87.7170295715332
5967,87.7170295715332
5968,87.7170295715332
5969,98.61481285095215
5970,98.61481285095215
5971,87.71154499053955
5972,87.71154499053955
5973,87.71154499053955
5974,87.71154499053955
5975,76.76345825195312
5976,76.76345825195312
5977,76.76345825195312
5978,76.76345825195312
5979,76.76345825195312
5980,76.76345825195312
5981,76.76345825195312
5982,65.78561687469482
5983,65.78561687469482
5984,65.78561687469482
5985,65.78561687469482
5986,65.78561687469482
5987,65.78561687469482
5988,54.79109859466553
5989,54.79109859466553
5990,54.79109859466553
5991,54.79109859466553
5992,43.84553909301758
5993,43.84553909301758
5994,43.84553909301758
5995,43.84553909301758
5996,43.84553909301758
5997,43.84553909301758
5998,43.84553909301758
5999,54.75425624847412
6000,54.75425624847412
6001,65.72132015228271
6002,65.72132015228271
6003,65.72132015228271
6004,65.72132015228271
6005,65.72132015228271
6006,65.72132015228271
6007,65.72132015228271
6008,65.72132015228271
6009,76.64318084716797
6010,76.64318084716797
6011,65.680983543396
6012,65.680983543396
6013,65.680983543396
6014,65.680983543396
6015,65.680983543396
6016,65.680983543396
6017,65.680983543396
6018,65.680983543396
6019,65.680983543396
6020,76.59465503692627
6021,76.58185482025146
6022,87.3759069442749
6023,87.3759069442749
6024,87.3759069442749
6025,87.3759069442749
6026,87.3759069442749
6027,87.3759069442749
6028,87.31609535217285
6029,87.31609535217285
6030,76.4183120727539
6031,76.4183120727539
6032,65.56445217132568
6033,65.56445217132568
6034,65.56445217132568
6035,65.56445217132568
6036,54.65573501586914
6037,54.65573501586914
6038,54.65573501586914
6039,54.65573501586914
6040,54.65573501586914
6041,54.65573501586914
6042,54.65573501586914
6043,54.65573501586914
6044,65.43152618408203
6045,65.43152618408203
6046,65.43152618408203
6047,65.43152618408203
6048,65.43152618408203
6049,65.43152618408203
6050,65.43152618408203
6051,65.43152618408203
6052,65.43152618408203
6053,76.42700004577637
6054,76.42700004577637
6055,76.42700004577637
6056,76.42700004577637
6057,76.42700004577637
6058,76.42700004577637
6059,76.42700004577637
6060,76.42700004577637
6061,76.42700004577637
6062,76.39376068115234
6063,76.39376068115234
6064,76.39376068115234
6065,76.39376068115234
6066,76.39376068115234
6067,76.39376068115234
6068,65.47189998626709
6069,65.47189998626709
6070,65.47189998626709
6071,65.47189998626709
6072,65.47189998626709
6073,65.47189998626709
6074,65.47189998626709
6075,65.47189998626709
6076,54.67784786224365
6077,54.67784786224365
6078,54.67784786224365
6079,54.67784786224365
6080,54.67784786224365
6081,54.67784786224365
6082,54.67784786224365
6083,54.67784786224365
6084,54.67784786224365
6085,54.67784786224365
6086,54.67784786224365
6087,65.6011791229248
6088,65.6011791229248
6089,65.6011791229248
6090,65.6011791229248
6091,54.63411521911621
6092,54.63411521911621
6093,54.63411521911621
6094,54.63411521911621
6095,65.49510955810547
6096,65.49510955810547
6097,76.48836421966553
6098,76.48836421966553
6099,65.74581241607666
6100,65.74581241607666
6101,65.74581241607666
6102,65.74581241607666
6103,65.74581241607666
6104,65.74581241607666
6105,65.74581241607666
6106,65.74581241607666
6107,76.74581241607666
6108,87.64910697937012
6109,87.64910697937012
6110,87.64910697937012
6111,87.64910697937012
6112,87.64910697937012
6113,98.64910697937012
6114,98.64910697937012
6115,98.64910697937012
6116,98.64910697937012
6117,98.64910697937012
6118,109.55013751983643
6119,109.55013751983643
6120,109.55013751983643
6121,109.55013751983643
6122,109.55013751983643
6123,109.55013751983643
6124,109.55013751983643
6125,120.55013751983643
6126,120.55013751983643
6127,120.55013751983643
6128,120.55013751983643
6129,131.55013751983643
6130,131.55013751983643
6131,131.55013751983643
6132,131.55013751983643
6133,131.55013751983643
6134,131.55013751983643
6135,120.55013751983643
6136,119.68517684936523
6137,119.68517684936523
6138,119.68517684936523
6139,119.68517684936523
6140,119.68517684936523
6141,119.68517684936523
6142,119.68517684936523
6143,119.68517684936523
6144,119.68517684936523
6145,119.68517684936523
6146,120.53968143463135
6147,120.53968143463135
6148,120.53968143463135
6149,109.54335021972656
6150,109.54335021972656
6151,109.54335021972656
6152,109.54335021972656
6153,109.54335021972656
6154,109.54335021972656
6155,98.6823558807373
6156,98.68035125732422
6157,109.6801118850708
6158,109.6801118850708
6159,109.6801118850708
6160,109.6801118850708
6161,109.6801118850708
6162,120.61710834503174
6163,120.61710834503174
6164,131.53065967559814
6165,131.53065967559814
6166,131.53065967559814
6167,131.53065967559814
6168,142.53065967559814
6169,131.6273651123047
6170,120.72633457183838
6171,131.72633457183838
6172,142.6450309753418
6173,142.6450309753418
6174,142.6450309753418
6175,142.6450309753418
6176,142.6450309753418
6177,153.3540859222412
6178,153.3540859222412
6179,164.29187202453613
6180,173.51032638549805
6181,173.51032638549805
6182,173.51032638549805
6183,162.51032638549805
6184,173.50334930419922
6185,164.2848949432373
6186,164.2848949432373
6187,164.2848949432373
6188,164.2848949432373
6189,164.2848949432373
6190,175.2530345916748
6191,197.1527442932129
6192,197.1527442932129
6193,197.1527442932129
6194,208.14091205596924
6195,197.14765739440918
6196,207.98143863677979
6197,207.98143863677979
6198,207.98143863677979
6199,207.98143863677979
6200,208.05402278900146
6201,208.05402278900146
6202,208.05402278900146
6203,229.94064807891846
6204,240.84095191955566
6205,240.84095191955566
6206,240.90395545959473
6207,251.86241912841797
6208,251.86241912841797
6209,262.76654148101807
6210,262.76654148101807
6211,284.54064750671387
6212,284.54064750671387
6213,273.62709617614746
6214,284.5975179672241
6215,295.5975179672241
6216,284.85773944854736
6217,284.85773944854736
6218,295.7634906768799
6219,295.7634906768799
6220,295.8225612640381
6221,284.90386486053467
6222,295.7069969177246
6223,306.647988319397
6224,306.647988319397
6225,317.56239795684814
6226,328.49006175994873
6227,361.43677616119385
6228,361.43677616119385
6229,361.4472322463989
6230,383.24168395996094
6231,405.2343559265137
6232,416.2014493942261
6233,426.45566177368164
6234,437.4020118713379
6235,437.4020118713379
6236,437.4020118713379
6237,448.18698024749756
6238,448.18698024749756
6239,437.18698024749756
6240,437.0992097854614
6241,469.77109813690186
6242,491.5942497253418
6243,491.48544216156006
6244,491.48544216156006
6245,502.36892890930176
6246,502.36892890930176
6247,502.23132514953613
6248,524.8080863952637
6249,524.8080863952637
6250,524.8505983352661
6251,524.8505983352661
6252,535.7727518081665
6253,546.6798524856567
6254,535.6798524856567
6255,535.6798524856567
6256,535.7844772338867
6257,535.7844772338867
6258,535.7844772338867
6259,535.7844772338867
6260,546.7556858062744
6261,557.6921453475952
6262,568.5601005554199
6263,568.4237060546875
6264,579.41845703125
6265,579.41845703125
6266,579.41845703125
6267,578.956916809082
6268,578.6157464981079
6269,567.716718673706
6270,567.716718673706
6271,556.8385152816772
6272,589.7535514831543
6273,579.0120944976807
6274,568.0439548492432
6275,600.548846244812
6276,611.4565725326538
6277,611.7014102935791
6278,600.797287940979
6279,621.2990837097168
6280,621.2990837097168
6281,654.2057313919067
6282,643.2534265518188
6283,643.2534265518188
6284,664.9119424819946
6285,632.5208215713501
6286,622.8597030639648
6287,611.8754510879517
6288,612.333797454834
6289,623.262903213501
6290,644.8802070617676
6291,633.9557256698608
6292,612.0882816314697
6293,601.1164979934692
6294,612.0013875961304
6295,633.7248373031616
6296,633.7248373031616
6297,633.7248373031616
6298,623.0570840835571
6299,612.1832580566406
6300,623.1352777481079
6301,601.3297271728516
6302,622.5708427429199
6303,611.658613204956
6304,589.9829244613647
6305,589.9829244613647
6306,568.2286014556885
6307,568.2286014556885
6308,568.2286014556885
6309,579.1793041229248
6310,579.1793041229248
6311,568.2648944854736
6312,557.3737020492554
6313,568.5633811950684
6314,557.6357173919678
6315,557.6357173919678
6316,546.6607866287231
6317,546.8676347732544
6318,547.0260992050171
6319,568.8413095474243
6320,546.9649324417114
6321,568.8878040313721
6322,546.9267721176147
6323,557.7446546554565
6324,579.6756973266602
6325,579.6756973266602
6326,579.0575342178345
6327,579.1512994766235
6328,579.1512994766235
6329,568.1512994766235
6330,579.0544357299805
6331,590.0367765426636
6332,568.1267747879028
6333,546.2646751403809
6334,524.4326496124268
6335,535.3511476516724
6336,535.3399209976196
6337,546.323371887207
6338,525.0985317230225
6339,547.0447835922241
6340,557.9749279022217
6341,547.1244106292725
6342,536.4532899856567
6343,547.423246383667
6344,547.423246383667
6345,558.3176593780518
6346,558.3176593780518
6347,558.3176593780518
6348,558.3176593780518
6349,558.3176593780518
6350,591.078516960144
6351,591.078516960144
6352,591.078516960144
6353,580.1936273574829
6354,601.4726486206055
6355,590.535683631897
6356,590.5187473297119
6357,590.5187473297119
6358,568.7759351730347
6359,568.8174285888672
6360,568.8174285888672
6361,579.7462825775146
6362,579.7462825775146
6363,568.8241291046143
6364,568.8241291046143
6365,558.4198513031006
6366,569.3675022125244
6367,558.4123773574829
6368,569.2259998321533
6369,558.2555732727051
6370,558.2555732727051
6371,558.2555732727051
6372,547.2853317260742
6373,547.166187286377
6374,547.166187286377
6375,536.2073335647583
6376,546.9472818374634
6377,546.9472818374634
6378,546.9328937530518
6379,546.9804534912109
6380,546.9804534912109
6381,536.0550651550293
6382,524.6099004745483
6383,502.7042760848999
6384,480.81932163238525
6385,469.8717727661133
6386,458.99174785614014
6387,469.95902919769287
6388,470.05755519866943
6389,491.98057556152344
6390,513.863847732544
6391,524.4989862442017
6392,524.4989862442017
6393,491.7018566131592
6394,491.7018566131592
6395,480.7421865463257
6396,480.7421865463257
6397,480.7421865463257
6398,480.7421865463257
6399,480.7421865463257
6400,480.7421865463257
6401,470.3347120285034
6402,448.3677759170532
6403,448.3677759170532
6404,469.9271879196167
6405,458.9751682281494
6406,447.9913740158081
6407,415.3595151901245
6408,415.3595151901245
6409,404.7243766784668
6410,404.7243766784668
6411,404.7243766784668
6412,404.7437496185303
6413,372.0162525177002
6414,382.96014499664307
6415,382.96014499664307
6416,382.96014499664307
6417,382.72864627838135
6418,371.72864627838135
6419,371.72864627838135
6420,371.72864627838135
6421,371.72864627838135
6422,371.72864627838135
6423,371.78761863708496
6424,360.9128751754761
6425,360.9128751754761
6426,349.96217250823975
6427,349.96217250823975
6428,349.96217250823975
6429,338.9884624481201
6430,338.9884624481201
6431,338.9884624481201
6432,327.8389482498169
6433,327.8389482498169
6434,338.7362880706787
6435,338.92502784729004
6436,349.92502784729004
6437,339.17063331604004
6438,328.22674083709717
6439,306.28111267089844
6440,306.28111267089844
6441,306.28111267089844
6442,295.31289863586426
6443,295.31289863586426
6444,295.57438468933105
6445,284.57438468933105
6446,284.57438468933105
6447,284.57438468933105
6448,273.6097888946533
6449,273.6097888946533
6450,251.721435546875
6451,273.5227470397949
6452,262.54100036621094
6453,240.61634922027588
6454,229.61785221099854
6455,229.61785221099854
6456,238.5227870941162
6457,227.56243515014648
6458,227.56243515014648
6459,216.8444652557373
6460,216.8444652557373
6461,216.8444652557373
6462,207.93953037261963
6463,207.93953037261963
6464,196.9456205368042
6465,175.14258575439453
6466,175.14258575439453
6467,175.14258575439453
6468,175.14258575439453
6469,164.24524593353271
6470,164.24524593353271
6471,164.24524593353271
6472,164.24524593353271
6473,175.0545711517334
6474,164.21606349945068
6475,175.19315719604492
6476,175.19315719604492
6477,175.19315719604492
6478,186.03676319122314
6479,186.03676319122314
6480,186.03676319122314
6481,184.69593620300293
6482,195.5745334625244
6483,195.5745334625244
6484,217.32164859771729
6485,207.74715614318848
6486,207.74715614318848
6487,207.74715614318848
6488,207.74715614318848
6489,207.74715614318848
6490,207.68257331848145
6491,207.68257331848145
6492,218.4688777923584
6493,207.4741268157959
6494,185.51844120025635
6495,196.51844120025635
6496,206.4642858505249
6497,217.07408237457275
6498,206.15876293182373
6499,206.15876293182373
6500,217.12133884429932
6501,217.12133884429932
6502,217.12133884429932
6503,217.12133884429932
6504,217.12133884429932
6505,206.19608116149902
6506,206.19608116149902
6507,196.25023651123047
6508,196.25023651123047
6509,185.6712532043457
6510,185.6712532043457
6511,185.6712532043457
6512,185.6712532043457
6513,185.6712532043457
6514,185.7876958847046
6515,185.7876958847046
6516,185.7876958847046
6517,185.7876958847046
6518,185.7876958847046
6519,185.81440353393555
6520,185.81440353393555
6521,185.6119441986084
6522,185.6119441986084
6523,185.6119441986084
6524,185.6119441986084
6525,185.58585929870605
6526,174.70726203918457
6527,174.70726203918457
6528,174.70726203918457
6529,174.70726203918457
6530,196.64266109466553
6531,196.64266109466553
6532,185.7990550994873
6533,185.7990550994873
6534,185.66761779785156
6535,196.5362195968628
6536,196.5362195968628
6537,196.5362195968628
6538,196.5362195968628
6539,196.5362195968628
6540,196.5362195968628
6541,185.54744625091553
6542,174.6019744873047
6543,174.6019744873047
6544,163.87573528289795
6545,163.57116413116455
6546,163.57116413116455
6547,163.57116413116455
6548,163.57116413116455
6549,185.43492031097412
6550,185.43492031097412
6551,185.43492031097412
6552,174.54804229736328
6553,185.42755222320557
6554,185.57046222686768
6555,185.57046222686768
6556,185.57046222686768
6557,185.57046222686768
6558,185.57046222686768
6559,207.29855346679688
6560,207.29855346679688
6561,207.29855346679688
6562,217.8759994506836
6563,207.4832057952881
6564,218.47646141052246
6565,218.47646141052246
6566,218.47646141052246
6567,218.47646141052246
6568,240.2727279663086
6569,240.2727279663086
6570,240.2727279663086
6571,251.2160758972168
6572,251.2160758972168
6573,262.2160758972168
6574,273.0834684371948
6575,273.0834684371948
6576,262.0834684371948
6577,262.27270698547363
6578,273.15548515319824
6579,273.15548515319824
6580,273.15548515319824
6581,295.0491056442261
6582,295.0491056442261
6583,306.0592346191406
6584,306.0592346191406
6585,317.0592346191406
6586,317.0592346191406
6587,306.0592346191406
6588,295.09656620025635
6589,295.09656620025635
6590,316.79917335510254
6591,316.79917335510254
6592,306.07616329193115
6593,306.07616329193115
6594,306.07616329193115
6595,306.07616329193115
6596,306.07616329193115
6597,306.07616329193115
6598,306.07616329193115
6599,317.07182216644287
6600,317.07182216644287
6601,306.08337116241455
6602,317.0065565109253
6603,306.04137802124023
6604,316.9074697494507
6605,327.8994674682617
6606,327.8994674682617
6607,327.8994674682617
6608,327.8994674682617
6609,327.8994674682617
6610,327.8994674682617
6611,316.9341506958008
6612,305.9341506958008
6613,295.17672061920166
6614,284.1954975128174
6615,306.0503034591675
6616,295.22280979156494
6617,295.22280979156494
6618,295.22280979156494
6619,295.22280979156494
6620,284.3590278625488
6621,284.3590278625488
6622,262.5322904586792
6623,251.58310985565186
6624,251.58310985565186
6625,251.58310985565186
6626,240.63793277740479
6627,251.63601303100586
6628,262.57665061950684
6629,251.63993167877197
6630,251.63993167877197
6631,240.65655517578125
6632,250.53535079956055
6633,239.61710262298584
6634,228.6939172744751
6635,228.6939172744751
6636,228.6939172744751
6637,228.6939172744751
6638,228.6939172744751
6639,239.53635597229004
6640,228.57378005981445
6641,218.76079845428467
6642,218.76079845428467
6643,229.66622638702393
6644,229.66622638702393
6645,218.73082733154297
6646,218.73082733154297
6647,218.73082733154297
6648,218.73082733154297
6649,218.73082733154297
6650,207.76205444335938
6651,207.9566774368286
6652,207.9566774368286
6653,207.9624319076538
6654,207.9624319076538
6655,215.6858434677124
6656,225.786771774292
6657,225.786771774292
6658,236.71692085266113
6659,228.99350929260254
6660,239.88858699798584
6661,239.88858699798584
6662,239.88858699798584
6663,239.544695854187
6664,239.544695854187
6665,239.5335750579834
6666,239.5335750579834
6667,239.5335750579834
6668,229.4326467514038
6669,224.28210592269897
6670,213.36562204360962
6671,213.36562204360962
6672,207.59152126312256
6673,217.7871322631836
6674,217.7871322631836
6675,217.7871322631836
6676,217.7871322631836
6677,228.68041229248047
6678,217.7397747039795
6679,196.5904083251953
6680,186.04287433624268
6681,207.9517879486084
6682,218.874831199646
6683,229.79075241088867
6684,229.79075241088867
6685,229.79075241088867
6686,240.57141304016113
6687,262.38110065460205
6688,262.38110065460205
6689,273.2162284851074
6690,273.2162284851074
6691,273.2061195373535
6692,272.8882761001587
6693,272.8882761001587
6694,272.8882761001587
6695,293.34966373443604
6696,293.34966373443604
6697,304.2335739135742
6698,304.2335739135742
6699,304.2335739135742
6700,304.2277660369873
6701,304.2277660369873
6702,304.2277660369873
6703,294.4170799255371
6704,294.4170799255371
6705,327.2198314666748
6706,327.2198314666748
6707,316.2920198440552
6708,316.2920198440552
6709,305.348671913147
6710,305.273983001709
6711,294.62328147888184
6712,314.95898246765137
6713,304.28482818603516
6714,326.1100130081177
6715,316.3616724014282
6716,316.3616724014282
6717,316.3616724014282
6718,316.3616724014282
6719,327.34290504455566
6720,327.34290504455566
6721,338.29086112976074
6722,338.4177141189575
6723,349.3923587799072
6724,371.22845935821533
6725,382.15900325775146
6726,393.0759220123291
6727,404.05768299102783
6728,404.04702281951904
6729,415.0328950881958
6730,415.0328950881958
6731,393.44556045532227
6732,404.429386138916
6733,382.5604877471924
6734,371.725359916687
6735,360.8912181854248
6736,382.7424669265747
6737,415.38251399993896
6738,415.38251399993896
6739,415.477502822876
6740,437.3358325958252
6741,448.3563919067383
6742,437.42624282836914
6743,426.6073122024536
6744,468.3498821258545
6745,501.204062461853
6746,479.36847019195557
6747,479.37576961517334
6748,479.37576961517334
6749,468.4846248626709
6750,479.2603645324707
6751,490.2331323623657
6752,502.5879430770874
6753,513.5087471008301
6754,491.6903553009033
6755,470.56377696990967
6756,481.5347957611084
6757,514.2864074707031
6758,514.0650863647461
6759,514.0650863647461
6760,514.0650863647461
6761,514.0650863647461
6762,525.0543003082275
6763,525.0543003082275
6764,525.0543003082275
6765,524.8374195098877
6766,534.8694906234741
6767,534.8694906234741
6768,545.8310823440552
6769,555.9800662994385
6770,545.1443691253662
6771,545.1443691253662
6772,545.0940380096436
6773,566.9345645904541
6774,566.9448852539062
6775,567.8624496459961
6776,567.8624496459961
6777,578.684268951416
6778,578.684268951416
6779,588.4534206390381
6780,588.566577911377
6781,610.2806005477905
6782,621.2263593673706
6783,621.864670753479
6784,632.8256034851074
6785,623.143816947937
6786,645.0646324157715
6787,645.0646324157715
6788,645.0646324157715
6789,645.0646324157715
6790,645.0646324157715
6791,633.6776113510132
6792,675.2910652160645
6793,664.3607225418091
6794,685.7381296157837
6795,675.0353708267212
6796,675.1389360427856
6797,665.4939260482788
6798,665.9782218933105
6799,666.6060018539429
6800,677.5167570114136
6801,688.5160131454468
6802,699.4804763793945
6803,688.5530233383179
6804,699.4790735244751
6805,699.6607599258423
6806,688.6916093826294
6807,710.4540691375732
6808,721.4105396270752
6809,710.6435947418213
6810,688.7231597900391
6811,699.6716604232788
6812,689.2942533493042
6813,700.2090368270874
6814,689.3828611373901
6815,700.1043872833252
6816,700.1043872833252
6817,732.654107093811
6818,732.6388549804688
6819,743.5756101608276
6820,765.2191219329834
6821,765.2191219329834
6822,765.258189201355
6823,754.3553295135498
6824,765.3365802764893
6825,776.2762155532837
6826,787.2619524002075
6827,776.426905632019
6828,765.5172176361084
6829,775.9464282989502
6830,775.9926233291626
6831,786.815357208252
6832,786.8316411972046
6833,786.8183269500732
6834,819.6497097015381
6835,808.6707172393799
6836,841.5151166915894
6837,830.5738439559937
6838,830.5751028060913
6839,841.3980522155762
6840,885.1304922103882
6841,852.459306716919
6842,863.3343172073364
6843,896.2213191986084
6844,896.191014289856
6845,896.1814908981323
6846,918.0289268493652
6847,918.0965986251831
6848,918.5054998397827
6849,929.3895587921143
6850,972.600751876831
6851,972.600751876831
6852,961.5319385528564
6853,939.7692632675171
6854,961.5596046447754
6855,950.5392971038818
6856,950.3062772750854
6857,939.3282594680786
6858,960.8787078857422
6859,960.6990947723389
6860,938.7385730743408
6861,949.3799076080322
6862,960.2438087463379
6863,960.4848051071167
6864,938.7599849700928
6865,949.3412094116211
6866,960.4630556106567
6867,993.1368083953857
6868,1025.7692079544067
6869,1015.2970581054688
6870,1037.2865285873413
6871,1059.2086210250854
6872,1080.5325689315796
6873,1069.8812732696533
6874,1069.9120540618896
6875,1080.8939933776855
6876,1102.8085298538208
6877,1113.785943031311
6878,1135.6403818130493
6879,1124.8987979888916
6880,1167.7475681304932
6881,1167.5952005386353
6882,1178.1310729980469
6883,1179.0020122528076
6884,1168.0027561187744
6885,1167.901635169983
6886,1168.1264476776123
6887,1168.1264476776123
6888,1168.3336734771729
6889,1168.1959238052368
6890,1201.0379800796509
6891,1201.080327987671
6892,1233.5871276855469
6893,1244.3365144729614
6894,1223.0158958435059
6895,1244.7931480407715
6896,1234.1059007644653
6897,1255.9041166305542
6898,1245.7544422149658
6899,1267.7023334503174
6900,1267.7023334503174
6901,1256.8635902404785
6902,1256.4653978347778
6903,1245.4464044570923
6904,1223.3297700881958
6905,1223.453908920288
6906,1212.5322942733765
6907,1223.506718635559
6908,1223.3440656661987
6909,1232.3304977416992
6910,1221.7934474945068
6911,1254.4513425827026
6912,1232.6909456253052
6913,1221.411202430725
6914,1213.0337057113647
6915,1190.929069519043
6916,1212.4381265640259
6917,1201.4205694198608
6918,1222.9523248672485
6919,1212.025505065918
6920,1244.6970071792603
6921,1233.8111181259155
6922,1211.8753280639648
6923,1233.5614290237427
6924,1211.5050745010376
6925,1201.3516111373901
6926,1222.505301475525
6927,1244.3453226089478
6928,1212.0219478607178
6929,1212.0219478607178
6930,1222.761791229248
6931,1189.9491147994995
6932,1189.9491147994995
6933,1200.8946256637573
6934,1190.0274114608765
6935,1168.181004524231
6936,1146.3825759887695
6937,1124.5973720550537
6938,1113.9253644943237
6939,1093.1100625991821
6940,1071.2208271026611
6941,1082.186827659607
6942,1060.2270984649658
6943,1027.509958267212
6944,994.8717231750488
6945,984.2524337768555
6946,973.2820672988892
6947,973.1486129760742
6948,962.2688417434692
6949,951.3834638595581
6950,962.3724575042725
6951,973.2915296554565
6952,951.8660221099854
6953,951.7905359268188
6954,951.7905359268188
6955,951.8325452804565
6956,951.8201742172241
6957,951.8201742172241
6958,940.9939413070679
6959,940.9467611312866
6960,940.7222986221313
6961,929.7512798309326
6962,929.7582569122314
6963,875.2154550552368
6964,842.5458927154541
6965,842.6776208877563
6966,853.8398132324219
6967,864.7636699676514
6968,864.7636699676514
6969,853.7770767211914
6970,831.9369211196899
6971,864.8076992034912
6972,832.1218566894531
6973,821.2488613128662
6974,810.2641134262085
6975,810.2641134262085
6976,788.3399820327759
6977,788.4457550048828
6978,777.2388381958008
6979,755.4295930862427
6980,755.4295930862427
6981,744.5070285797119
6982,754.4584836959839
6983,732.5782155990601
6984,732.2647953033447
6985,732.2647953033447
6986,721.3859148025513
6987,721.3859148025513
6988,721.3859148025513
6989,721.3859148025513
6990,721.3859148025513
6991,721.3859148025513
6992,689.5534200668335
6993,700.5092353820801
6994,710.8116540908813
6995,732.1079607009888
6996,742.8571290969849
6997,721.0905923843384
6998,721.0905923843384
6999,710.1964931488037
7000,710.1964931488037
7001,721.1945152282715
7002,721.3227949142456
7003,732.2923173904419
7004,732.7295093536377
7005,721.7340421676636
7006,710.7835311889648
7007,699.7767705917358
7008,689.1718626022339
7009,678.551061630249
7010,656.7163982391357
7011,645.7914848327637
7012,645.7914848327637
7013,635.0403051376343
7014,613.1680221557617
7015,613.0188007354736
7016,602.0510778427124
7017,591.0563650131226
7018,591.0119380950928
7019,580.063437461853
7020,580.0270977020264
7021,579.956132888794
7022,579.956132888794
7023,568.9772539138794
7024,568.9772539138794
7025,569.198055267334
7026,547.2982330322266
7027,536.3275661468506
7028,536.3275661468506
7029,536.3275661468506
7030,536.3275661468506
7031,536.3275661468506
7032,514.6455316543579
7033,514.6455316543579
7034,503.6641454696655
7035,481.9479513168335
7036,470.9733066558838
7037,481.92192363739014
7038,481.92192363739014
7039,470.9306049346924
7040,459.84692096710205
7041,485.1424312591553
7042,485.1424312591553
7043,470.57999992370605
7044,459.35559272766113
7045,470.23207092285156
7046,470.23207092285156
7047,459.27120304107666
7048,459.27120304107666
7049,448.3502035140991
7050,448.3502035140991
7051,459.3124008178711
7052,459.3124008178711
7053,448.34198474884033
7054,448.34198474884033
7055,426.41259574890137
7056,426.41259574890137
7057,426.41259574890137
7058,426.41259574890137
7059,426.41259574890137
7060,426.41259574890137
7061,404.6101779937744
7062,393.6260623931885
7063,393.6260623931885
7064,382.67389965057373
7065,371.7410144805908
7066,360.8027677536011
7067,360.8027677536011
7068,349.98901748657227
7069,339.00830936431885
7070,339.00830936431885
7071,328.0658311843872
7072,339.00897693634033
7073,328.0617141723633
7074,328.0617141723633
7075,317.33829498291016
7076,317.33829498291016
7077,295.37045764923096
7078,273.52056217193604
7079,273.52056217193604
7080,262.5727825164795
7081,251.75106716156006
7082,251.75452995300293
7083,262.6049041748047
7084,273.46112728118896
7085,284.39991569519043
7086,284.273962020874
7087,273.3974838256836
7088,273.3974838256836
7089,284.3021354675293
7090,273.3782787322998
7091,262.3946285247803
7092,262.3946285247803
7093,262.3946285247803
7094,251.47615242004395
7095,262.4090337753296
7096,262.4090337753296
7097,251.41260242462158
7098,251.41260242462158
7099,240.4504051208496
7100,240.4504051208496
7101,240.4504051208496
7102,240.4504051208496
7103,229.4561414718628
7104,218.5850019454956
7105,207.79220581054688
7106,196.97830486297607
7107,186.01706886291504
7108,186.01706886291504
7109,186.01706886291504
7110,186.01706886291504
7111,186.01706886291504
7112,186.01706886291504
7113,186.01706886291504
7114,186.01706886291504
7115,186.01706886291504
7116,186.01706886291504
7117,186.01706886291504
7118,186.01706886291504
7119,186.01706886291504
7120,186.01706886291504
7121,175.02943992614746
7122,153.07884311676025
7123,153.07884311676025
7124,153.07884311676025
7125,163.8088140487671
7126,163.8088140487671
7127,152.95843982696533
7128,152.95843982696533
7129,152.95843982696533
7130,152.95843982696533
7131,152.95843982696533
7132,142.01292896270752
7133,152.94082069396973
7134,152.94082069396973
7135,152.94082069396973
7136,152.94082069396973
7137,152.94082069396973
7138,141.96203517913818
7139,131.1058120727539
7140,131.1058120727539
7141,131.1058120727539
7142,109.26827907562256
7143,109.26827907562256
7144,119.99890232086182
7145,119.99890232086182
7146,119.99890232086182
7147,119.99890232086182
7148,119.99890232086182
7149,119.99890232086182
7150,119.99890232086182
7151,130.66807651519775
7152,130.66807651519775
7153,130.66807651519775
7154,130.66807651519775
7155,130.55189037322998
7156,130.55189037322998
7157,130.55189037322998
7158,130.55189037322998
7159,119.82191944122314
7160,130.80904865264893
7161,130.80904865264893
7162,130.80904865264893
7163,130.80904865264893
7164,130.80904865264893
7165,141.79517936706543
7166,141.79517936706543
7167,152.3827829360962
7168,141.4245090484619
7169,130.75533485412598
7170,136.28616905212402
7171,136.28616905212402
7172,136.28616905212402
7173,130.75533485412598
7174,130.75533485412598
7175,130.75533485412598
7176,130.75533485412598
7177,130.75533485412598
7178,130.75533485412598
7179,119.84982013702393
7180,119.84982013702393
7181,109.19228076934814
7182,109.19228076934814
7183,109.19228076934814
7184,98.60467720031738
7185,98.60467720031738
7186,87.6175479888916
7187,87.6175479888916
7188,87.6175479888916
7189,87.6175479888916
7190,87.6175479888916
7191,87.6175479888916
7192,87.6175479888916
7193,87.6175479888916
7194,87.6175479888916
7195,87.6175479888916
7196,87.6175479888916
7197,87.6175479888916
7198,98.30885982513428
7199,109.30885982513428
7200,98.33933734893799
7201,98.33933734893799
7202,87.39619159698486
7203,87.39619159698486
7204,87.39619159698486
7205,76.47365665435791
7206,76.47365665435791
7207,76.47365665435791
7208,76.47365665435791
7209,76.47365665435791
7210,76.47365665435791
7211,76.47365665435791
7212,76.47365665435791
7213,76.47365665435791
7214,76.47365665435791
7215,76.47365665435791
7216,76.47365665435791
7217,76.47365665435791
7218,76.47365665435791
7219,54.51012325286865
7220,54.51012325286865
7221,54.51012325286865
7222,54.51012325286865
7223,54.51012325286865
7224,54.51012325286865
7225,54.51012325286865
7226,54.51012325286865
7227,54.51012325286865
7228,54.51012325286865
7229,54.51012325286865
7230,43.81881141662598
7231,43.81881141662598
7232,43.81881141662598
7233,43.81881141662598
7234,32.89091968536377
7235,21.952131271362305
7236,21.952131271362305
7237,10.986130714416504
7238,10.986130714416504
7239,10.986130714416504
7240,10.986130714416504
7241,10.986130714416504
7242,10.986130714416504
7243,10.986130714416504
7244,10.986130714416504
7245,10.986130714416504
7246,32.50048828125
7247,32.50048828125
7248,32.50048828125
7249,32.50048828125
7250,32.50048828125
7251,32.50048828125
7252,32.50048828125
7253,32.50048828125
7254,32.50048828125
7255,32.50048828125
7256,32.50048828125
7257,32.50048828125
7258,32.50048828125
7259,32.50048828125
7260,32.50048828125
7261,32.90965461730957
7262,32.90965461730957
7263,32.90965461730957
7264,32.90965461730957
7265,54.45117378234863
7266,54.45117378234863
7267,54.45117378234863
7268,54.45117378234863
7269,54.45117378234863
7270,43.46504306793213
7271,54.37397575378418
7272,54.37397575378418
7273,54.37397575378418
7274,54.37397575378418
7275,54.37397575378418
7276,54.37397575378418
7277,65.31072044372559
7278,54.37080955505371
7279,54.37080955505371
7280,54.37080955505371
7281,54.37080955505371
7282,54.37080955505371
7283,54.37080955505371
7284,65.27867126464844
7285,65.27867126464844
7286,65.54950904846191
7287,65.54950904846191
7288,65.54950904846191
7289,65.54950904846191
7290,65.54950904846191
7291,76.54909706115723
7292,76.54909706115723
7293,65.56548404693604
7294,76.24822616577148
7295,76.24822616577148
7296,76.24822616577148
7297,76.24822616577148
7298,76.24822616577148
7299,76.24822616577148
7300,76.24822616577148
7301,76.24822616577148
7302,76.24822616577148
7303,76.24822616577148
7304,76.24822616577148
7305,76.24822616577148
7306,86.93240547180176
7307,86.93240547180176
7308,86.93240547180176
7309,86.93240547180176
7310,86.93240547180176
7311,86.93240547180176
7312,86.93240547180176
7313,86.93240547180176
7314,86.93240547180176
7315,86.93240547180176
7316,97.80917835235596
7317,97.80917835235596
7318,97.80917835235596
7319,97.80917835235596
7320,87.12499904632568
7321,97.7466173171997
7322,97.7466173171997
7323,97.7466173171997
7324,97.7466173171997
7325,87.06387519836426
7326,87.06387519836426
7327,87.06387519836426
7328,87.06387519836426
7329,87.06387519836426
7330,87.06387519836426
7331,87.06387519836426
7332,87.06387519836426
7333,87.06387519836426
7334,87.06387519836426
7335,87.06387519836426
7336,87.06387519836426
7337,76.16029834747314
7338,76.16029834747314
7339,76.16029834747314
7340,76.16029834747314
7341,76.16029834747314
7342,65.53868007659912
7343,65.53868007659912
7344,54.601935386657715
7345,54.601935386657715
7346,54.601935386657715
7347,54.601935386657715
7348,54.601935386657715
7349,54.601935386657715
7350,54.601935386657715
7351,54.601935386657715
7352,54.601935386657715
7353,54.601935386657715
7354,43.725162506103516
7355,54.62645626068115
7356,54.62645626068115
7357,54.62645626068115
7358,65.45764541625977
7359,65.45764541625977
7360,65.45764541625977
7361,65.45764541625977
7362,54.548712730407715
7363,54.548712730407715
7364,54.548712730407715
7365,54.548712730407715
7366,54.548712730407715
7367,54.548712730407715
7368,54.548712730407715
7369,54.548712730407715
7370,54.548712730407715
7371,54.548712730407715
7372,54.548712730407715
7373,54.548712730407715
7374,43.63993263244629
7375,43.63993263244629
7376,43.63993263244629
7377,43.63993263244629
7378,43.63993263244629
7379,43.63993263244629
7380,43.63993263244629
7381,43.63993263244629
7382,43.63993263244629
7383,43.63993263244629
7384,43.63993263244629
7385,43.63993263244629
7386,43.63993263244629
7387,43.63993263244629
7388,43.63993263244629
7389,43.63993263244629
7390,32.73207092285156
7391,32.73207092285156
7392,32.73207092285156
7393,32.73207092285156
7394,32.73207092285156
7395,32.73207092285156
7396,32.73207092285156
7397,32.73207092285156
7398,32.73207092285156
7399,32.73207092285156
7400,32.73207092285156
7401,32.73207092285156
7402,32.73207092285156
7403,43.68731880187988
7404,32.68773078918457
7405,43.53061103820801
7406,43.53061103820801
7407,43.53061103820801
7408,43.53061103820801
7409,43.53061103820801
7410,43.53061103820801
7411,43.53061103820801
7412,43.53061103820801
7413,43.53061103820801
7414,43.53061103820801
7415,43.53061103820801
7416,53.732163429260254
7417,53.732163429260254
7418,53.732163429260254
7419,53.732163429260254
7420,53.732163429260254
7421,53.732163429260254
7422,53.732163429260254
7423,42.90097427368164
7424,42.90097427368164
7425,42.90097427368164
7426,42.90097427368164
7427,42.90097427368164
7428,42.90097427368164
7429,53.792656898498535
7430,43.59110450744629
7431,43.59110450744629
7432,32.68981075286865
7433,32.68981075286865
7434,32.68981075286865
7435,32.68981075286865
7436,32.68981075286865
7437,32.68981075286865
7438,32.68981075286865
7439,32.68981075286865
7440,32.68981075286865
7441,32.68981075286865
7442,32.68981075286865
7443,32.68981075286865
7444,32.68981075286865
7445,32.68981075286865
7446,43.6758918762207
7447,43.6758918762207
7448,43.6758918762207
7449,43.6758918762207
7450,43.6758918762207
7451,43.6758918762207
7452,43.6758918762207
7453,43.6758918762207
7454,43.6758918762207
7455,54.645774841308594
7456,54.645774841308594
7457,54.645774841308594
7458,65.57467365264893
7459,65.57467365264893
7460,65.57467365264893
7461,65.57467365264893
7462,65.57467365264893
7463,54.73179340362549
7464,54.73179340362549
7465,54.73179340362549
7466,54.73179340362549
7467,54.73179340362549
7468,54.73179340362549
7469,54.73179340362549
7470,54.73179340362549
7471,54.73179340362549
7472,54.73179340362549
7473,54.73179340362549
7474,54.73179340362549
7475,54.73179340362549
7476,65.71845054626465
7477,65.71845054626465
7478,65.71845054626465
7479,65.71845054626465
7480,65.71845054626465
7481,65.71845054626465
7482,65.71845054626465
7483,65.71845054626465
7484,65.71845054626465
7485,65.71845054626465
7486,65.71845054626465
7487,65.71845054626465
7488,65.71845054626465
7489,65.71845054626465
7490,65.71845054626465
7491,65.71845054626465
7492,65.71845054626465
7493,65.71845054626465
7494,65.71845054626465
7495,65.71845054626465
7496,65.71845054626465
7497,54.826767921447754
7498,54.826767921447754
7499,54.826767921447754
7500,65.76611518859863
7501,76.68978118896484
7502,76.68978118896484
7503,76.68978118896484
7504,76.68978118896484
7505,76.68978118896484
7506,76.68978118896484
7507,87.14301776885986
7508,87.14301776885986
7509,98.0485143661499
7510,119.9876298904419
7511,119.9876298904419
7512,119.9876298904419
7513,119.9876298904419
7514,129.92942810058594
7515,129.92942810058594
7516,129.92942810058594
7517,129.92942810058594
7518,140.91287803649902
7519,140.91287803649902
7520,140.91287803649902
7521,130.459641456604
7522,130.459641456604
7523,120.51784324645996
7524,120.51784324645996
7525,131.4842414855957
7526,131.4842414855957
7527,131.4842414855957
7528,131.4842414855957
7529,131.5104866027832
7530,131.5104866027832
7531,131.5104866027832
7532,131.5104866027832
7533,131.5104866027832
7534,131.5104866027832
7535,131.5104866027832
7536,131.5104866027832
7537,131.5104866027832
7538,131.5104866027832
7539,131.5104866027832
7540,131.5104866027832
7541,131.5104866027832
7542,142.45653915405273
7543,142.45653915405273
7544,142.45653915405273
7545,142.45653915405273
7546,142.45653915405273
7547,142.45653915405273
7548,142.45653915405273
7549,142.45653915405273
7550,142.45653915405273
7551,142.45653915405273
7552,142.45653915405273
7553,142.45653915405273
7554,142.45653915405273
7555,142.45653915405273
7556,142.45653915405273
7557,142.45653915405273
7558,142.45653915405273
7559,142.45653915405273
7560,142.45653915405273
7561,142.45653915405273
7562,142.45653915405273
7563,142.45653915405273
7564,142.45653915405273
7565,142.45653915405273
7566,142.45653915405273
7567,131.5276403427124
7568,142.44376373291016
7569,131.05713367462158
7570,131.05713367462158
7571,141.83010959625244
7572,141.83010959625244
7573,147.65682125091553
7574,146.9599027633667
7575,146.9599027633667
7576,141.1331911087036
7577,141.1331911087036
7578,141.1331911087036
7579,151.9852876663208
7580,173.72579193115234
7581,173.72579193115234
7582,173.72579193115234
7583,163.14484786987305
7584,163.14484786987305
7585,152.86729049682617
7586,152.86729049682617
7587,152.86729049682617
7588,163.66511058807373
7589,174.26109409332275
7590,163.32174682617188
7591,163.32174682617188
7592,174.04585456848145
7593,174.04585456848145
7594,174.04585456848145
7595,152.4207820892334
7596,152.4207820892334
7597,152.4207820892334
7598,163.38925647735596
7599,174.72069454193115
7600,185.66314697265625
7601,185.66314697265625
7602,185.66314697265625
7603,207.23376941680908
7604,207.23376941680908
7605,207.23376941680908
7606,196.43594932556152
7607,196.43594932556152
7608,196.43594932556152
7609,207.3996934890747
7610,207.3996934890747
7611,218.37094116210938
7612,218.37094116210938
7613,218.32727146148682
7614,229.19035625457764
7615,229.19035625457764
7616,229.19035625457764
7617,229.19035625457764
7618,229.07274913787842
7619,229.07274913787842
7620,229.05396938323975
7621,229.0175313949585
7622,249.3628635406494
7623,249.33691883087158
7624,238.3534688949585
7625,239.72702884674072
7626,239.72702884674072
7627,240.0542106628418
7628,248.81525897979736
7629,238.17704963684082
7630,238.17704963684082
7631,250.90153217315674
7632,239.97786617279053
7633,239.97786617279053
7634,239.97786617279053
7635,239.97786617279053
7636,250.8877468109131
7637,260.8105163574219
7638,260.8105163574219
7639,260.8105163574219
7640,260.8105163574219
7641,249.82230949401855
7642,260.7380962371826
7643,260.7380962371826
7644,260.7380962371826
7645,260.7380962371826
7646,282.5336799621582
7647,272.6109104156494
7648,272.6109104156494
7649,305.2765007019043
7650,294.31010246276855
7651,294.31010246276855
7652,294.31010246276855
7653,294.4387159347534
7654,316.41472148895264
7655,305.6636018753052
7656,327.62682819366455
7657,327.62682819366455
7658,327.62682819366455
7659,316.9286651611328
7660,338.79739570617676
7661,338.79739570617676
7662,338.79739570617676
7663,338.79739570617676
7664,360.4791603088379
7665,349.56303691864014
7666,360.5233373641968
7667,360.5233373641968
7668,393.25596141815186
7669,393.25596141815186
7670,403.9294242858887
7671,403.8896656036377
7672,393.0940818786621
7673,393.0940818786621
7674,393.0940818786621
7675,393.0940818786621
7676,393.0940818786621
7677,382.16588020324707
7678,382.16588020324707
7679,382.16588020324707
7680,393.060827255249
7681,392.53337001800537
7682,392.4865198135376
7683,392.4865198135376
7684,381.6284589767456
7685,392.5278434753418
7686,381.55659580230713
7687,392.3460521697998
7688,403.3460521697998
7689,392.44366931915283
7690,403.3633985519409
7691,403.5386905670166
7692,413.9470853805542
7693,413.9470853805542
7694,424.9042692184448
7695,446.6869993209839
7696,457.6203603744507
7697,479.4901342391968
7698,469.03093433380127
7699,469.03093433380127
7700,501.68981552124023
7701,501.68981552124023
7702,501.68981552124023
7703,491.10647201538086
7704,501.67956829071045
7705,501.62000274658203
7706,490.5405902862549
7707,501.41572761535645
7708,523.2910308837891
7709,545.0221548080444
7710,523.2473745346069
7711,512.3509111404419
7712,523.3346891403198
7713,523.2205972671509
7714,523.2205972671509
7715,513.0722494125366
7716,523.8561115264893
7717,512.8561115264893
7718,534.6681661605835
7719,534.6681661605835
7720,534.6450071334839
7721,567.5829410552979
7722,567.5829410552979
7723,567.50452709198
7724,578.4085521697998
7725,589.3101644515991
7726,589.3101644515991
7727,589.3101644515991
7728,578.3402814865112
7729,611.1340637207031
7730,611.1340637207031
7731,600.3670883178711
7732,589.5739707946777
7733,589.5739707946777
7734,589.5739707946777
7735,589.436243057251
7736,600.3837652206421
7737,600.3837652206421
7738,600.3837652206421
7739,600.3837652206421
7740,611.3767290115356
7741,619.5070633888245
7742,629.1023554801941
7743,639.7332043647766
7744,639.7332043647766
7745,653.8210983276367
7746,653.8210983276367
7747,642.9517946243286
7748,653.6774234771729
7749,653.8231229782104
7750,655.0981168746948
7751,644.2167768478394
7752,622.5130586624146
7753,622.5130586624146
7754,633.4462223052979
7755,622.6269817352295
7756,611.7400131225586
7757,622.655686378479
7758,622.6538181304932
7759,622.7440357208252
7760,633.6914749145508
7761,622.6914749145508
7762,633.6533536911011
7763,655.6136531829834
7764,655.6136531829834
7765,644.6728935241699
7766,644.6728935241699
7767,666.5448951721191
7768,655.8974390029907
7769,655.6397838592529
7770,655.6397838592529
7771,622.9620866775513
7772,612.0627021789551
7773,612.1646938323975
7774,612.1646938323975
7775,601.1830978393555
7776,601.3725471496582
7777,601.3725471496582
7778,579.780385017395
7779,568.8948221206665
7780,558.019905090332
7781,579.8868350982666
7782,579.8868350982666
7783,579.8868350982666
7784,568.9073085784912
7785,547.0820732116699
7786,557.9665145874023
7787,557.9665145874023
7788,579.6820430755615
7789,579.6820430755615
7790,557.8110466003418
7791,579.6443519592285
7792,579.6443519592285
7793,579.5518894195557
7794,579.5518894195557
7795,579.5518894195557
7796,579.5518894195557
7797,612.3721504211426
7798,601.4203033447266
7799,601.4203033447266
7800,612.2099742889404
7801,601.2828483581543
7802,601.2828483581543
7803,612.1833553314209
7804,611.8297548294067
7805,600.9573469161987
7806,600.9573469161987
7807,612.2265825271606
7808,623.1371812820435
7809,612.2137212753296
7810,601.2231674194336
7811,590.2231674194336
7812,590.2231674194336
7813,590.2231674194336
7814,600.9735450744629
7815,600.9735450744629
7816,589.9899635314941
7817,611.8256311416626
7818,600.8781089782715
7819,578.9890794754028
7820,578.9586219787598
7821,579.1276206970215
7822,579.1276206970215
7823,568.2390537261963
7824,568.2845878601074
7825,568.2845878601074
7826,578.4438161849976
7827,578.6787481307983
7828,567.684531211853
7829,567.684531211853
7830,567.684531211853
7831,567.6921215057373
7832,556.8670406341553
7833,546.2446355819702
7834,546.2446355819702
7835,535.2062606811523
7836,525.0470323562622
7837,514.1136713027954
7838,492.2525386810303
7839,492.2525386810303
7840,481.46482849121094
7841,481.39824295043945
7842,492.3711166381836
7843,492.3711166381836
7844,491.9369087219238
7845,502.66747665405273
7846,491.68114852905273
7847,491.68114852905273
7848,491.7271432876587
7849,491.7271432876587
7850,502.7271432876587
7851,492.11766242980957
7852,481.20198917388916
7853,470.45161151885986
7854,470.45161151885986
7855,470.45161151885986
7856,481.4304943084717
7857,459.63093757629395
7858,459.63093757629395
7859,459.63093757629395
7860,459.63093757629395
7861,459.63093757629395
7862,448.51550006866455
7863,448.51550006866455
7864,448.51550006866455
7865,448.4606351852417
7866,448.4606351852417
7867,437.4739656448364
7868,426.50445079803467
7869,426.50445079803467
7870,426.50445079803467
7871,426.50445079803467
7872,404.5731830596924
7873,382.7263460159302
7874,371.9561519622803
7875,371.85290908813477
7876,371.85290908813477
7877,371.85290908813477
7878,360.90538692474365
7879,339.0903949737549
7880,339.0903949737549
7881,328.359827041626
7882,328.359827041626
7883,339.31304836273193
7884,350.2197504043579
7885,360.58900451660156
7886,360.58900451660156
7887,338.7177782058716
7888,316.8385190963745
7889,316.8385190963745
7890,305.9053554534912
7891,305.9053554534912
7892,294.9307327270508
7893,273.1463098526001
7894,262.21637535095215
7895,251.26508712768555
7896,251.26508712768555
7897,262.2499647140503
7898,262.2499647140503
7899,262.2499647140503
7900,262.8408718109131
7901,273.8408718109131
7902,284.8408718109131
7903,284.90593910217285
7904,284.90593910217285
7905,284.90593910217285
7906,284.90593910217285
7907,284.7874946594238
7908,295.19306468963623
7909,284.2141819000244
7910,284.2141819000244
7911,295.1605348587036
7912,295.1605348587036
7913,284.2699365615845
7914,284.2699365615845
7915,262.4431982040405
7916,262.4431982040405
7917,273.18054580688477
7918,273.18054580688477
7919,284.16075325012207
7920,284.16075325012207
7921,273.75518321990967
7922,273.75518321990967
7923,273.75518321990967
7924,284.68994140625
7925,295.5744380950928
7926,304.35155391693115
7927,304.35155391693115
7928,315.35155391693115
7929,304.4855499267578
7930,295.70843410491943
7931,295.70843410491943
7932,284.76012134552
7933,284.76012134552
7934,284.64820766448975
7935,317.3000373840332
7936,317.38138008117676
7937,317.38138008117676
7938,317.38138008117676
7939,317.38138008117676
7940,317.38138008117676
7941,306.6440324783325
7942,295.6966018676758
7943,284.69965267181396
7944,284.69965267181396
7945,284.69965267181396
7946,284.69965267181396
7947,306.51877880096436
7948,306.51877880096436
7949,306.51877880096436
7950,306.51877880096436
7951,306.51877880096436
7952,306.51877880096436
7953,295.5936393737793
7954,295.5936393737793
7955,295.5936393737793
7956,295.5936393737793
7957,295.5936393737793
7958,295.5936393737793
7959,295.5936393737793
7960,295.5936393737793
7961,295.5936393737793
7962,284.60040855407715
7963,262.75068950653076
7964,284.5062894821167
7965,295.50314712524414
7966,306.3983678817749
7967,317.2789640426636
7968,317.2789640426636
7969,306.4005136489868
7970,306.4005136489868
7971,317.4005136489868
7972,317.4005136489868
7973,317.4005136489868
7974,317.4005136489868
7975,317.4005136489868
7976,306.451452255249
7977,306.26090240478516
7978,306.26090240478516
7979,306.3076810836792
7980,306.3076810836792
7981,306.3076810836792
7982,305.67219829559326
7983,316.67219829559326
7984,316.67219829559326
7985,316.67219829559326
7986,316.67219829559326
7987,316.67219829559326
7988,327.5852994918823
7989,327.59441089630127
7990,338.59441089630127
7991,349.5792055130005
7992,360.4780969619751
7993,380.93145084381104
7994,359.3230390548706
7995,348.48335456848145
7996,359.46589851379395
7997,370.33666038513184
7998,360.8513193130493
7999,360.8513193130493
8000,360.8513193130493
8001,349.8513193130493
8002,360.74147510528564
8003,338.7452974319458
8004,327.9509696960449
8005,327.94697093963623
8006,327.8751678466797
8007,316.98708152770996
8008,316.98708152770996
8009,316.98708152770996
8010,327.86381340026855
8011,327.86381340026855
8012,338.78394412994385
8013,317.5358591079712
8014,328.41455078125
8015,317.4297561645508
8016,317.4297561645508
8017,317.4297561645508
8018,317.4297561645508
8019,317.4297561645508
8020,328.3340730667114
8021,339.2191686630249
8022,339.2191686630249
8023,339.2191686630249
8024,350.2040100097656
8025,328.214732170105
8026,317.1698913574219
8027,328.09599113464355
8028,350.0004816055298
8029,350.0004816055298
8030,350.0004816055298
8031,317.21536922454834
8032,339.07971954345703
8033,328.1028299331665
8034,339.06763076782227
8035,350.0291528701782
8036,349.99466609954834
8037,339.059907913208
8038,328.1697521209717
8039,328.1697521209717
8040,317.1697521209717
8041,317.1697521209717
8042,306.1697521209717
8043,328.018177986145
8044,338.9892330169678
8045,371.876503944397
8046,371.876503944397
8047,371.876503944397
8048,371.876503944397
8049,382.7976989746094
8050,382.7976989746094
8051,382.7976989746094
8052,371.98500537872314
8053,371.98500537872314
8054,371.98500537872314
8055,361.00479793548584
8056,361.00479793548584
8057,361.00479793548584
8058,361.00479793548584
8059,361.00479793548584
8060,371.97504901885986
8061,360.97504901885986
8062,328.2661027908325
8063,339.10308837890625
8064,339.0044803619385
8065,328.10558891296387
8066,328.10558891296387
8067,306.37511825561523
8068,306.37511825561523
8069,306.37511825561523
8070,306.37511825561523
8071,306.37511825561523
8072,306.28761863708496
8073,306.28761863708496
8074,328.1912021636963
8075,339.047345161438
8076,328.08681201934814
8077,328.08681201934814
8078,328.08681201934814
8079,328.08681201934814
8080,328.08681201934814
8081,339.0704870223999
8082,338.3780164718628
8083,316.42153453826904
8084,305.451283454895
8085,294.56805992126465
8086,294.56805992126465
8087,294.56805992126465
8088,261.7890501022339
8089,272.78288078308105
8090,272.78288078308105
8091,272.78288078308105
8092,272.78288078308105
8093,272.66011142730713
8094,272.66011142730713
8095,272.66011142730713
8096,262.4142198562622
8097,262.4142198562622
8098,251.44941902160645
8099,251.44941902160645
8100,250.87407207489014
8101,250.87407207489014
8102,240.48140621185303
8103,240.48140621185303
8104,229.59631061553955
8105,250.71190547943115
8106,272.6320400238037
8107,261.79505443573
8108,261.7644281387329
8109,272.69658184051514
8110,272.69658184051514
8111,272.69658184051514
8112,272.51620864868164
8113,262.2289009094238
8114,262.2289009094238
8115,262.2289009094238
8116,283.94211769104004
8117,293.59402561187744
8118,293.59402561187744
8119,293.59402561187744
8120,293.59402561187744
8121,282.7351722717285
8122,282.7351722717285
8123,292.321213722229
8124,282.6693058013916
8125,282.6693058013916
8126,293.63970470428467
8127,293.63970470428467
8128,293.63970470428467
8129,293.63970470428467
8130,284.0536632537842
8131,284.0536632537842
8132,273.059832572937
8133,273.0591583251953
8134,251.40565395355225
8135,262.18335151672363
8136,262.18335151672363
8137,262.18335151672363
8138,262.18335151672363
8139,273.18335151672363
8140,284.1484603881836
8141,306.1302604675293
8142,306.1647472381592
8143,317.1212329864502
8144,327.8639507293701
8145,327.8639507293701
8146,327.8639507293701
8147,338.78685092926025
8148,338.78685092926025
8149,338.78685092926025
8150,371.7179126739502
8151,360.92723083496094
8152,350.00603580474854
8153,350.00603580474854
8154,350.00603580474854
8155,361.00603580474854
8156,360.9201126098633
8157,360.9201126098633
8158,360.9201126098633
8159,349.9940128326416
8160,349.9777898788452
8161,339.0675687789917
8162,339.0675687789917
8163,350.04135608673096
8164,350.04135608673096
8165,361.0060005187988
8166,361.0060005187988
8167,361.0060005187988
8168,361.146089553833
8169,350.05053424835205
8170,382.8901433944702
8171,371.9263572692871
8172,371.7194299697876
8173,382.66969299316406
8174,393.55610370635986
8175,382.67810344696045
8176,382.67810344696045
8177,404.64763736724854
8178,415.64763736724854
8179,415.64763736724854
8180,404.83595180511475
8181,405.0932340621948
8182,394.1610803604126
8183,404.9686965942383
8184,404.9686965942383
8185,437.6166801452637
8186,448.6157531738281
8187,448.2797746658325
8188,448.3710107803345
8189,459.2771348953247
8190,459.2771348953247
8191,470.1719036102295
8192,459.38758659362793
8193,459.38758659362793
8194,459.38758659362793
8195,491.98550510406494
8196,513.8885259628296
8197,503.15579414367676
8198,503.15579414367676
8199,503.15579414367676
8200,514.0995121002197
8201,524.9399728775024
8202,513.9399728775024
8203,546.7082252502441
8204,546.7984275817871
8205,546.7984275817871
8206,557.7935752868652
8207,546.6832399368286
8208,536.0541095733643
8209,536.0541095733643
8210,547.0541095733643
8211,536.1215667724609
8212,514.1367254257202
8213,525.074010848999
8214,535.9800052642822
8215,546.9576349258423
8216,546.7873229980469
8217,557.2990283966064
8218,568.2990283966064
8219,557.3585996627808
8220,568.3075609207153
8221,557.3075609207153
8222,557.3078489303589
8223,568.1173944473267
8224,590.0707120895386
8225,633.4648332595825
8226,644.3746070861816
8227,666.30251121521
8228,677.2476940155029
8229,677.3804111480713
8230,666.4245357513428
8231,688.5250520706177
8232,699.2955627441406
8233,707.7186622619629
8234,707.5237131118774
8235,707.4604396820068
8236,696.634126663208
8237,677.4145994186401
8238,687.5141048431396
8239,676.9655809402466
8240,676.9655809402466
8241,698.8941793441772
8242,698.8941793441772
8243,709.8672256469727
8244,720.8445253372192
8245,720.9216251373291
8246,720.9216251373291
8247,731.6593837738037
8248,710.7382459640503
8249,710.7382459640503
8250,732.197193145752
8251,732.197193145752
8252,721.2469301223755
8253,732.1381826400757
8254,751.6312265396118
8255,718.7514448165894
8256,707.7810459136963
8257,707.9598798751831
8258,688.5160045623779
8259,677.7729721069336
8260,677.7729721069336
8261,677.7690773010254
8262,677.7609987258911
8263,688.6637630462646
8264,721.2367000579834
8265,742.96657371521
8266,786.45947265625
8267,794.3691263198853
8268,794.3691263198853
8269,805.3395109176636
8270,765.0084791183472
8271,754.07568359375
8272,743.2718772888184
8273,743.2687845230103
8274,721.5464344024658
8275,743.3034801483154
8276,764.4835605621338
8277,753.7130498886108
8278,753.7130498886108
8279,720.7962427139282
8280,720.6664419174194
8281,720.566611289978
8282,720.0850419998169
8283,730.7831411361694
8284,762.6384468078613
8285,762.6384468078613
8286,783.9633131027222
8287,762.4160194396973
8288,741.7225799560547
8289,752.6948661804199
8290,741.7066564559937
8291,752.694393157959
8292,752.694393157959
8293,752.7242403030396
8294,774.1316442489624
8295,763.4997186660767
8296,785.3125305175781
8297,775.107720375061
8298,796.7277231216431
8299,818.5708179473877
8300,851.5357465744019
8301,861.5343360900879
8302,882.8141002655029
8303,904.7975978851318
8304,937.6016931533813
8305,959.391884803772
8306,959.3950033187866
8307,959.3950033187866
8308,981.2484378814697
8309,983.3247690200806
8310,961.5435028076172
8311,994.0421133041382
8312,1027.316972732544
8313,1016.3402442932129
8314,1027.2253885269165
8315,1016.242844581604
8316,1016.242844581604
8317,1037.8639135360718
8318,1059.6941604614258
8319,1070.1857414245605
8320,1070.1912441253662
8321,1080.8379354476929
8322,1080.8379354476929
8323,1080.623028755188
8324,1080.623028755188
8325,1080.623028755188
8326,1091.597990989685
8327,1091.4909400939941
8328,1091.5230627059937
8329,1081.0106420516968
8330,1059.0597248077393
8331,1037.2728757858276
8332,1015.7050952911377
8333,1037.3323163986206
8334,1026.4975509643555
8335,961.2728424072266
8336,972.2633218765259
8337,972.2633218765259
8338,994.0832414627075
8339,983.0858793258667
8340,983.1449689865112
8341,983.1449689865112
8342,972.1587266921997
8343,983.0768556594849
8344,950.4878759384155
8345,950.4628620147705
8346,950.4100103378296
8347,961.4022436141968
8348,1016.1609086990356
8349,1016.251561164856
8350,1005.4332513809204
8351,983.959939956665
8352,1005.6825895309448
8353,994.8560314178467
8354,984.1639623641968
8355,984.1639623641968
8356,972.7521953582764
8357,972.7521953582764
8358,972.8139572143555
8359,983.7315511703491
8360,994.674524307251
8361,1004.5187606811523
8362,1004.5051174163818
8363,1015.1537113189697
8364,1004.7247791290283
8365,1004.6329593658447
8366,1004.4120264053345
8367,1015.3680791854858
8368,982.7578029632568
8369,971.6456460952759
8370,949.7891416549683
8371,949.7891416549683
8372,939.923825263977
8373,929.030834197998
8374,918.3093461990356
8375,885.5339069366455
8376,874.1207027435303
8377,885.0945138931274
8378,885.0513038635254
8379,863.4998083114624
8380,852.5364627838135
8381,863.4419527053833
8382,863.4419527053833
8383,874.3266134262085
8384,885.2867965698242
8385,874.6708431243896
8386,863.9231576919556
8387,863.9231576919556
8388,863.9231576919556
8389,874.8323240280151
8390,874.8323240280151
8391,853.0062856674194
8392,853.0383005142212
8393,852.9669561386108
8394,875.0068101882935
8395,874.927451133728
8396,885.9203081130981
8397,864.0201807022095
8398,831.7240219116211
8399,831.7780313491821
8400,820.9410552978516
8401,820.7644662857056
8402,809.6090545654297
8403,798.6718978881836
8404,787.675012588501
8405,787.675012588501
8406,787.675012588501
8407,798.664342880249
8408,809.7242889404297
8409,820.4456558227539
8410,809.5491552352905
8411,798.7813501358032
8412,798.5278024673462
8413,798.5278024673462
8414,787.5692520141602
8415,776.6138257980347
8416,787.5938930511475
8417,776.6024837493896
8418,765.6024837493896
8419,765.6024837493896
8420,754.6511716842651
8421,732.71164894104
8422,721.9231719970703
8423,721.9231719970703
8424,721.8669157028198
8425,721.7358255386353
8426,721.7358255386353
8427,721.7358255386353
8428,699.9249353408813
8429,667.0657091140747
8430,655.7498626708984
8431,655.7498626708984
8432,655.7498626708984
8433,666.6675443649292
8434,634.1648607254028
8435,634.1648607254028
8436,623.32825756073
8437,601.4450235366821
8438,590.4594058990479
8439,568.5699834823608
8440,557.6384811401367
8441,557.6384811401367
8442,557.6384811401367
8443,568.5029611587524
8444,557.6070909500122
8445,578.9298734664917
8446,567.9898557662964
8447,578.8768281936646
8448,545.9666423797607
8449,534.9911308288574
8450,513.2589817047119
8451,513.2589817047119
8452,516.1394755840302
8453,483.4686658382416
8454,469.5537815093994
8455,469.5537815093994
8456,447.69944858551025
8457,414.94127368927
8458,414.94127368927
8459,393.31182193756104
8460,393.31182193756104
8461,382.3462142944336
8462,372.019100189209
8463,372.019100189209
8464,361.1190013885498
8465,361.1190013885498
8466,382.9644298553467
8467,372.1331310272217
8468,383.0327959060669
8469,383.0327959060669
8470,383.0327959060669
8471,383.0327959060669
8472,393.8136968612671
8473,393.8136968612671
8474,372.0408544540405
8475,350.2781410217285
8476,350.2781410217285
8477,360.9632568359375
8478,360.9632568359375
8479,350.0030736923218
8480,339.01259422302246
8481,339.01259422302246
8482,339.01259422302246
8483,339.01259422302246
8484,339.01259422302246
8485,339.01259422302246
8486,328.0243444442749
8487,328.0243444442749
8488,328.0243444442749
8489,317.0626554489136
8490,317.0626554489136
8491,306.12119579315186
8492,317.0793046951294
8493,317.0793046951294
8494,317.0793046951294
8495,326.8335599899292
8496,326.8335599899292
8497,326.8335599899292
8498,326.8914546966553
8499,315.9420585632324
8500,315.9420585632324
8501,304.95069122314453
8502,304.95069122314453
8503,295.1964359283447
8504,295.1964359283447
8505,284.41553497314453
8506,273.56980323791504
8507,273.56980323791504
8508,273.56980323791504
8509,273.56980323791504
8510,295.4151802062988
8511,284.73006439208984
8512,284.73006439208984
8513,295.62563133239746
8514,306.6127338409424
8515,306.6127338409424
8516,306.6127338409424
8517,295.6755704879761
8518,295.6755704879761
8519,295.6755704879761
8520,273.83143043518066
8521,262.8824644088745
8522,262.8824644088745
8523,262.8824644088745
8524,262.8824644088745
8525,262.8824644088745
8526,262.8824644088745
8527,251.94086933135986
8528,262.8557243347168
8529,251.86639404296875
8530,251.86639404296875
8531,240.88660430908203
8532,240.88660430908203
8533,240.88660430908203
8534,240.88660430908203
8535,240.88660430908203
8536,240.88660430908203
8537,229.99963188171387
8538,229.99963188171387
8539,229.99963188171387
8540,229.99963188171387
8541,229.99963188171387
8542,229.99963188171387
8543,219.02481269836426
8544,219.02481269836426
8545,208.04474544525146
8546,208.04474544525146
8547,208.04474544525146
8548,186.1186008453369
8549,185.9879665374756
8550,185.9879665374756
8551,175.1362476348877
8552,175.1362476348877
8553,175.1362476348877
8554,164.1436424255371
8555,164.1573543548584
8556,164.1573543548584
8557,164.1573543548584
8558,153.23967266082764
8559,153.23967266082764
8560,153.23967266082764
8561,153.0296812057495
8562,153.0296812057495
8563,153.0296812057495
8564,142.1300163269043
8565,142.1300163269043
8566,142.1300163269043
8567,131.13065719604492
8568,131.13065719604492
8569,131.13065719604492
8570,142.0292673110962
8571,142.0292673110962
8572,142.0292673110962
8573,131.3828010559082
8574,131.3828010559082
8575,131.3828010559082
8576,131.3828010559082
8577,131.3828010559082
8578,131.35556507110596
8579,142.3174638748169
8580,131.33166980743408
8581,120.42783641815186
8582,120.42783641815186
8583,120.42783641815186
8584,120.42783641815186
8585,120.42783641815186
8586,120.42783641815186
8587,120.42783641815186
8588,109.56955146789551
8589,109.56955146789551
8590,109.56955146789551
8591,109.56955146789551
8592,109.56955146789551
8593,109.56955146789551
8594,109.56955146789551
8595,119.50460433959961
8596,119.50460433959961
8597,108.51168155670166
8598,87.61851978302002
8599,87.61851978302002
8600,87.61851978302002
8601,87.61851978302002
8602,98.5356674194336
8603,109.49299621582031
8604,109.49299621582031
8605,109.49299621582031
8606,109.49299621582031
8607,109.49299621582031
8608,109.49299621582031
8609,109.49299621582031
8610,109.49299621582031
8611,109.49299621582031
8612,109.49299621582031
8613,120.43630409240723
8614,120.43630409240723
8615,120.43630409240723
8616,120.43630409240723
8617,109.54073715209961
8618,109.54073715209961
8619,109.54073715209961
8620,109.54073715209961
8621,109.54073715209961
8622,120.49362087249756
8623,109.53172206878662
8624,109.53172206878662
8625,109.53172206878662
8626,98.5355749130249
8627,98.5355749130249
8628,109.49712181091309
8629,109.49712181091309
8630,98.504638671875
8631,98.504638671875
8632,98.504638671875
8633,98.504638671875
8634,98.504638671875
8635,98.504638671875
8636,98.504638671875
8637,109.43993377685547
8638,109.43993377685547
8639,109.43993377685547
8640,109.43993377685547
8641,109.43993377685547
8642,98.48260498046875
8643,98.48260498046875
8644,98.48260498046875
8645,98.48260498046875
8646,98.48260498046875
8647,98.48260498046875
8648,98.48260498046875
8649,98.48260498046875
8650,98.48260498046875
8651,98.48260498046875
8652,87.56774997711182
8653,87.56774997711182
8654,87.56774997711182
8655,87.56774997711182
8656,87.56774997711182
8657,87.56774997711182
8658,87.56774997711182
8659,87.56774997711182
8660,87.56774997711182
8661,87.56774997711182
8662,76.66913986206055
8663,76.66913986206055
8664,76.66913986206055
8665,76.66913986206055
8666,76.66913986206055
8667,76.66913986206055
8668,65.7162561416626
8669,65.7162561416626
8670,65.7162561416626
8671,76.57060527801514
8672,76.57060527801514
8673,76.57060527801514
8674,76.57060527801514
8675,76.57060527801514
8676,76.57060527801514
8677,87.5501537322998
8678,87.5501537322998
8679,87.5501537322998
8680,76.61485862731934
8681,76.61485862731934
8682,76.61485862731934
8683,76.61485862731934
8684,76.61485862731934
8685,76.61485862731934
8686,76.61485862731934
8687,54.68145561218262
8688,54.68145561218262
8689,54.68145561218262
8690,65.3567476272583
8691,65.3567476272583
8692,65.3567476272583
8693,65.3567476272583
8694,65.3567476272583
8695,65.3567476272583
8696,65.3567476272583
8697,65.3567476272583
8698,65.3567476272583
8699,54.43959999084473
8700,54.43959999084473
8701,54.43959999084473
8702,54.43959999084473
8703,43.76430797576904
8704,43.76430797576904
8705,43.76430797576904
8706,43.76430797576904
8707,43.76430797576904
8708,43.76430797576904
8709,43.76430797576904
8710,54.64435291290283
8711,54.64435291290283
8712,65.48908042907715
8713,54.50197792053223
8714,54.50197792053223
8715,54.50197792053223
8716,54.50197792053223
8717,54.50197792053223
8718,54.50197792053223
8719,54.50197792053223
8720,54.50197792053223
8721,54.50197792053223
8722,43.64762878417969
8723,54.614115715026855
8724,54.614115715026855
8725,54.614115715026855
8726,54.614115715026855
8727,76.42387008666992
8728,76.42387008666992
8729,87.37710189819336
8730,87.37710189819336
8731,87.37710189819336
8732,87.37710189819336
8733,87.37710189819336
8734,98.2534761428833
8735,98.2534761428833
8736,98.2534761428833
8737,98.2534761428833
8738,108.4529333114624
8739,97.57288837432861
8740,97.57288837432861
8741,97.57288837432861
8742,97.57288837432861
8743,97.57288837432861
8744,97.57288837432861
8745,97.47113418579102
8746,108.82886695861816
8747,108.82886695861816
8748,108.34130096435547
8749,119.27098178863525
8750,109.07152462005615
8751,98.10503768920898
8752,98.10503768920898
8753,98.10503768920898
8754,109.08380031585693
8755,109.08380031585693
8756,109.08380031585693
8757,109.08380031585693
8758,109.08380031585693
8759,98.23907279968262
8760,98.23907279968262
8761,98.23907279968262
8762,98.23907279968262
8763,87.36269855499268
8764,87.36269855499268
8765,87.36269855499268
8766,87.36269855499268
8767,87.36269855499268
8768,87.36269855499268
8769,87.36269855499268
8770,87.36269855499268
8771,87.36269855499268
8772,87.36269855499268
8773,87.36269855499268
8774,87.36269855499268
8775,98.27688026428223
8776,109.12496662139893
8777,98.25137329101562
8778,98.25137329101562
8779,98.25137329101562
8780,98.25137329101562
8781,98.25137329101562
8782,98.25137329101562
8783,98.25137329101562
8784,98.25137329101562
8785,98.25137329101562
8786,98.25137329101562
8787,98.25137329101562
8788,98.25137329101562
8789,98.25137329101562
8790,98.25137329101562
8791,98.25137329101562
8792,98.25137329101562
8793,98.25137329101562
8794,98.25137329101562
8795,87.30806541442871
8796,87.30806541442871
8797,98.27505493164062
8798,98.27505493164062
8799,109.255202293396
8800,109.255202293396
8801,120.23723697662354
8802,120.23723697662354
8803,120.23723697662354
8804,120.23723697662354
8805,131.15140342712402
8806,141.8034439086914
8807,141.8034439086914
8808,141.8034439086914
8809,141.8034439086914
8810,152.75200653076172
8811,163.48452186584473
8812,174.1985216140747
8813,174.1985216140747
8814,174.1985216140747
8815,174.1985216140747
8816,174.1985216140747
8817,174.1985216140747
8818,174.1985216140747
8819,174.1985216140747
8820,174.1985216140747
8821,163.21975898742676
8822,174.153226852417
8823,174.153226852417
8824,174.153226852417
8825,163.28306007385254
8826,152.63101959228516
8827,152.63101959228516
8828,141.89850425720215
8829,131.02070999145508
8830,120.3067102432251
8831,120.3067102432251
8832,120.3067102432251
8833,109.37054920196533
8834,109.37054920196533
8835,120.28712272644043
8836,131.25347518920898
8837,131.25347518920898
8838,142.21658515930176
8839,142.21658515930176
8840,131.23949241638184
8841,131.23949241638184
8842,120.32531070709229
8843,130.64618587493896
8844,138.70956420898438
8845,137.9577512741089
8846,137.9577512741089
8847,148.78636169433594
8848,140.72298336029053
8849,130.40210819244385
8850,130.40210819244385
8851,130.40210819244385
8852,130.40210819244385
8853,130.40210819244385
8854,120.23975467681885
8855,120.23975467681885
8856,120.23975467681885
8857,120.23975467681885
8858,120.23975467681885
8859,120.23975467681885
8860,120.23975467681885
8861,120.23975467681885
8862,140.05505752563477
8863,151.0040283203125
8864,151.0040283203125
8865,140.07434749603271
8866,140.07434749603271
8867,151.02977657318115
8868,131.2067289352417
8869,131.2067289352417
8870,131.2067289352417
8871,153.083327293396
8872,153.083327293396
8873,153.083327293396
8874,153.083327293396
8875,153.083327293396
8876,153.083327293396
8877,153.083327293396
8878,185.99023723602295
8879,195.9784698486328
8880,205.8293752670288
8881,205.8293752670288
8882,205.8293752670288
8883,205.8293752670288
8884,216.61010932922363
8885,216.61010932922363
8886,227.56810569763184
8887,227.70978546142578
8888,216.76122283935547
8889,216.76122283935547
8890,196.9220848083496
8891,196.9220848083496
8892,196.9220848083496
8893,196.9220848083496
8894,196.9220848083496
8895,196.9220848083496
8896,185.9550952911377
8897,174.8864507675171
8898,185.82103538513184
8899,185.82103538513184
8900,185.82103538513184
8901,174.84088802337646
8902,185.24612712860107
8903,196.1577033996582
8904,196.1577033996582
8905,207.1558542251587
8906,228.91908264160156
8907,228.91908264160156
8908,228.91908264160156
8909,228.91908264160156
8910,228.91908264160156
8911,217.96365356445312
8912,206.99922943115234
8913,196.07350635528564
8914,196.07350635528564
8915,207.06759548187256
8916,207.06759548187256
8917,207.09709358215332
8918,207.09709358215332
8919,207.09709358215332
8920,207.68569469451904
8921,207.68569469451904
8922,229.1810884475708
8923,240.1447696685791
8924,249.46471118927002
8925,249.46471118927002
8926,238.72709560394287
8927,238.72709560394287
8928,229.40715408325195
8929,229.40715408325195
8930,240.40715408325195
8931,240.40715408325195
8932,251.31242847442627
8933,240.53169441223145
8934,240.53169441223145
8935,240.53169441223145
8936,240.53169441223145
8937,251.42054557800293
8938,240.47009086608887
8939,240.47009086608887
8940,229.47009086608887
8941,229.47009086608887
8942,229.47009086608887
8943,229.47009086608887
8944,218.63533306121826
8945,208.09282398223877
8946,208.09282398223877
8947,208.09282398223877
8948,208.09282398223877
8949,208.09282398223877
8950,197.18064975738525
8951,197.18064975738525
8952,197.18064975738525
8953,197.18064975738525
8954,197.18064975738525
8955,196.1437635421753
8956,196.1437635421753
8957,206.75701904296875
8958,206.75701904296875
8959,206.75701904296875
8960,206.75701904296875
8961,206.75701904296875
8962,206.75701904296875
8963,206.75701904296875
8964,206.75701904296875
8965,217.6385498046875
8966,207.7090835571289
8967,218.60581398010254
8968,218.60581398010254
8969,218.60581398010254
8970,207.64781761169434
8971,218.59760665893555
8972,207.6486358642578
8973,207.6486358642578
8974,207.6486358642578
8975,207.51402854919434
8976,196.51993942260742
8977,196.51993942260742
8978,196.51993942260742
8979,185.6563959121704
8980,185.6563959121704
8981,185.69827365875244
8982,174.69827365875244
8983,174.61287784576416
8984,174.61287784576416
8985,163.65642261505127
8986,153.0431671142578
8987,153.0431671142578
8988,153.0431671142578
8989,142.09028244018555
8990,142.09028244018555
8991,142.09028244018555
8992,142.09028244018555
8993,131.12660121917725
8994,131.12660121917725
8995,131.12660121917725
8996,131.12660121917725
8997,131.12660121917725
8998,131.12660121917725
8999,141.89890670776367
9000,130.9818868637085
9001,141.97801113128662
9002,141.97801113128662
9003,141.97801113128662
9004,141.97801113128662
9005,141.97801113128662
9006,141.97801113128662
9007,141.97801113128662
9008,152.86283111572266
9009,152.86283111572266
9010,152.86283111572266
9011,152.86283111572266
9012,152.86283111572266
9013,152.86283111572266
9014,141.93999195098877
9015,141.93999195098877
9016,141.93999195098877
9017,141.93999195098877
9018,141.93999195098877
9019,130.9939203262329
9020,130.9939203262329
9021,130.9939203262329
9022,130.2672472000122
9023,130.2672472000122
9024,108.40022659301758
9025,108.40022659301758
9026,108.40022659301758
9027,108.40022659301758
9028,108.40022659301758
9029,108.40989208221436
9030,108.40989208221436
9031,97.63758659362793
9032,87.48272895812988
9033,87.48272895812988
9034,87.48272895812988
9035,98.31277847290039
9036,98.31277847290039
9037,98.31277847290039
9038,98.31277847290039
9039,87.42795848846436
9040,87.42795848846436
9041,87.42795848846436
9042,87.42795848846436
9043,87.42795848846436
9044,87.42795848846436
9045,87.42795848846436
9046,87.29660034179688
9047,87.29660034179688
9048,87.29660034179688
9049,98.20895004272461
9050,98.20895004272461
9051,108.81058120727539
9052,108.81058120727539
9053,119.72368717193604
9054,119.72368717193604
9055,119.72368717193604
9056,119.72368717193604
9057,130.70558834075928
9058,141.53447246551514
9059,141.53447246551514
9060,141.53447246551514
9061,130.93284130096436
9062,130.93284130096436
9063,130.93284130096436
9064,131.1114501953125
9065,142.08578491210938
9066,142.08578491210938
9067,142.08578491210938
9068,142.08578491210938
9069,142.15966796875
9070,142.15966796875
9071,142.15966796875
9072,142.15966796875
9073,131.2819538116455
9074,141.62610912322998
9075,141.62610912322998
9076,141.62610912322998
9077,119.73375225067139
9078,119.73375225067139
9079,130.66279411315918
9080,141.59823513031006
9081,141.59823513031006
9082,141.59823513031006
9083,141.59823513031006
9084,141.59823513031006
9085,141.59823513031006
9086,141.59823513031006
9087,141.59823513031006
9088,141.59823513031006
9089,141.59823513031006
9090,153.09921264648438
9091,153.09921264648438
9092,153.09921264648438
9093,153.09921264648438
9094,153.09921264648438
9095,153.09921264648438
9096,153.09921264648438
9097,153.09921264648438
9098,142.26916313171387
9099,142.26916313171387
9100,153.14426040649414
9101,153.14426040649414
9102,174.7387990951538
9103,163.90991497039795
9104,174.78289031982422
9105,174.78289031982422
9106,174.78289031982422
9107,174.78289031982422
9108,196.5932731628418
9109,196.5932731628418
9110,207.54473209381104
9111,207.54473209381104
9112,207.54473209381104
9113,207.54473209381104
9114,218.38228702545166
9115,218.38228702545166
9116,229.31458473205566
9117,240.21955585479736
9118,240.21955585479736
9119,240.21955585479736
9120,240.212797164917
9121,240.212797164917
9122,240.212797164917
9123,240.212797164917
9124,240.212797164917
9125,240.04375076293945
9126,250.72081851959229
9127,228.8495969772339
9128,218.01204204559326
9129,218.01204204559326
9130,239.92617511749268
9131,261.715051651001
9132,261.715051651001
9133,261.715051651001
9134,261.7156229019165
9135,261.7156229019165
9136,283.45297145843506
9137,283.36265659332275
9138,272.8646936416626
9139,261.95158767700195
9140,261.95158767700195
9141,272.9065570831299
9142,294.885835647583
9143,294.885835647583
9144,294.885835647583
9145,294.885835647583
9146,294.885835647583
9147,294.885835647583
9148,305.7760019302368
9149,316.7698860168457
9150,316.7698860168457
9151,338.675763130188
9152,338.7758722305298
9153,338.7758722305298
9154,338.7758722305298
9155,349.63392639160156
9156,349.63392639160156
9157,349.63392639160156
9158,338.95685863494873
9159,327.95685863494873
9160,338.88457202911377
9161,338.88457202911377
9162,338.76466941833496
9163,338.76466941833496
9164,338.76466941833496
9165,338.76466941833496
9166,338.76466941833496
9167,328.0273208618164
9168,317.2111511230469
9169,306.3381757736206
9170,306.3925304412842
9171,317.15362071990967
9172,349.9595994949341
9173,349.95764446258545
9174,359.86087131500244
9175,359.86087131500244
9176,381.51256370544434
9177,370.65767192840576
9178,359.6714391708374
9179,381.28869438171387
9180,403.1678705215454
9181,381.2921333312988
9182,371.38890647888184
9183,371.38890647888184
9184,371.38890647888184
9185,360.55902004241943
9186,371.48842430114746
9187,360.58649253845215
9188,359.5094213485718
9189,348.57281970977783
9190,326.6716241836548
9191,337.5238914489746
9192,337.5238914489746
9193,327.6655216217041
9194,327.6655216217041
9195,338.5345125198364
9196,349.8451261520386
9197,350.0709648132324
9198,350.0709648132324
9199,350.0709648132324
9200,350.16543197631836
9201,350.16543197631836
9202,350.16543197631836
9203,339.16543197631836
9204,349.5516986846924
9205,360.52824115753174
9206,371.50571632385254
9207,360.8192138671875
9208,360.8192138671875
9209,360.8192138671875
9210,371.80989360809326
9211,371.80989360809326
9212,371.80989360809326
9213,392.9703598022461
9214,392.9703598022461
9215,392.8057155609131
9216,392.8057155609131
9217,392.8057155609131
9218,393.29769229888916
9219,393.3706693649292
9220,393.3706693649292
9221,404.3439645767212
9222,404.3439645767212
9223,393.3536891937256
9224,393.3536891937256
9225,404.3322992324829
9226,394.1488571166992
9227,393.6869773864746
9228,404.6431064605713
9229,415.5282373428345
9230,404.5507621765137
9231,404.5507621765137
9232,404.5507621765137
9233,404.0235404968262
9234,414.815806388855
9235,393.0167512893677
9236,382.09606742858887
9237,393.04902839660645
9238,382.1214990615845
9239,392.9906520843506
9240,392.92710399627686
9241,381.92710399627686
9242,381.92710399627686
9243,403.85029792785645
9244,403.5914373397827
9245,403.5914373397827
9246,403.9748134613037
9247,414.88365936279297
9248,425.86820793151855
9249,425.86820793151855
9250,437.0431652069092
9251,448.0431652069092
9252,437.35851287841797
9253,448.3158416748047
9254,459.2178678512573
9255,459.2178678512573
9256,459.19340801239014
9257,459.19340801239014
9258,437.3035535812378
9259,426.3907470703125
9260,426.3907470703125
9261,448.13064670562744
9262,448.13064670562744
9263,469.86803340911865
9264,469.7600860595703
9265,469.7600860595703
9266,469.7600860595703
9267,469.7600860595703
9268,480.7600860595703
9269,480.7600860595703
9270,480.7600860595703
9271,480.75077533721924
9272,480.75077533721924
9273,502.5739393234253
9274,502.5739393234253
9275,491.64587783813477
9276,480.7370319366455
9277,459.1450004577637
9278,480.85933017730713
9279,480.8360481262207
9280,480.79486560821533
9281,480.79486560821533
9282,480.79486560821533
9283,459.08383560180664
9284,470.0756597518921
9285,448.5053358078003
9286,454.63105058670044
9287,454.62744188308716
9288,476.4332242012024
9289,502.97949504852295
9290,513.880521774292
9291,535.8369474411011
9292,535.8369474411011
9293,535.7731294631958
9294,524.8118619918823
9295,535.8118619918823
9296,546.8118619918823
9297,535.8631410598755
9298,535.9335317611694
9299,546.8418197631836
9300,546.8418197631836
9301,524.8820066452026
9302,503.1705732345581
9303,511.29635524749756
9304,499.92133235931396
9305,502.7267818450928
9306,502.7267818450928
9307,513.5472259521484
9308,502.68136978149414
9309,502.67923069000244
9310,502.6835947036743
9311,502.6835947036743
9312,513.6461725234985
9313,513.6461725234985
9314,513.6461725234985
9315,513.6461725234985
9316,491.98717212677
9317,491.98717212677
9318,502.9682321548462
9319,481.25471210479736
9320,481.25471210479736
9321,470.25471210479736
9322,470.25471210479736
9323,459.77886486053467
9324,470.4901113510132
9325,492.2056550979614
9326,492.2056550979614
9327,492.2056550979614
9328,481.3453311920166
9329,481.3453311920166
9330,481.34245681762695
9331,481.44517517089844
9332,503.0726308822632
9333,502.9253759384155
9334,481.1422863006592
9335,491.28874588012695
9336,491.28874588012695
9337,501.1680374145508
9338,501.1680374145508
9339,501.1680374145508
9340,479.1902151107788
9341,479.2068681716919
9342,490.2068681716919
9343,479.4956216812134
9344,501.4103479385376
9345,501.4103479385376
9346,513.2474927902222
9347,502.4068546295166
9348,513.3177967071533
9349,502.8730888366699
9350,512.7444133758545
9351,512.6105442047119
9352,523.5380525588989
9353,513.6399850845337
9354,535.3489646911621
9355,524.3489646911621
9356,535.2678108215332
9357,524.5072994232178
9358,535.409556388855
9359,513.5304346084595
9360,513.5421504974365
9361,502.4804229736328
9362,502.4804229736328
9363,491.4224796295166
9364,480.43505859375
9365,458.74641132354736
9366,458.74641132354736
9367,447.7545871734619
9368,436.824725151062
9369,458.4653625488281
9370,469.3157625198364
9371,469.3157625198364
9372,469.3157625198364
9373,447.37105560302734
9374,436.38307762145996
9375,425.5761423110962
9376,436.4908170700073
9377,436.7047986984253
9378,458.37970542907715
9379,458.37970542907715
9380,458.37970542907715
9381,479.94005966186523
9382,480.1568250656128
9383,480.171986579895
9384,480.0398187637329
9385,480.0398187637329
9386,480.0398187637329
9387,480.0398187637329
9388,490.54675579071045
9389,490.7672338485718
9390,490.72784519195557
9391,490.72784519195557
9392,490.7391605377197
9393,501.6860980987549
9394,501.55655097961426
9395,501.70231914520264
9396,491.1953821182251
9397,502.1477870941162
9398,513.1370964050293
9399,513.1370964050293
9400,513.1370964050293
9401,502.41218280792236
9402,502.41218280792236
9403,491.56675243377686
9404,502.54597759246826
9405,491.66634368896484
9406,491.806245803833
9407,492.05124378204346
9408,503.1569633483887
9409,481.22527027130127
9410,502.8800935745239
9411,513.8252601623535
9412,524.5368776321411
9413,557.2897005081177
9414,535.4085083007812
9415,535.4085083007812
9416,546.2956390380859
9417,546.2956390380859
9418,546.2956390380859
9419,535.4167718887329
9420,535.4167718887329
9421,535.4167718887329
9422,524.5663719177246
9423,535.2934560775757
9424,535.2934560775757
9425,535.2934560775757
9426,535.2934560775757
9427,546.0748596191406
9428,556.98801612854
9429,535.0340099334717
9430,535.0358552932739
9431,524.1211805343628
9432,524.1211805343628
9433,513.1560363769531
9434,491.385009765625
9435,491.385009765625
9436,491.31832695007324
9437,491.31832695007324
9438,502.15211296081543
9439,513.1459054946899
9440,513.1459054946899
9441,524.1095714569092
9442,502.5689582824707
9443,480.85576152801514
9444,470.2624988555908
9445,470.2624988555908
9446,470.2624988555908
9447,459.35575771331787
9448,459.35575771331787
9449,469.02690982818604
9450,479.980167388916
9451,501.8384761810303
9452,501.8384761810303
9453,512.7546701431274
9454,513.9114961624146
9455,513.9114961624146
9456,513.9114961624146
9457,503.02436542510986
9458,503.02436542510986
9459,503.2429618835449
9460,492.28683280944824
9461,492.28683280944824
9462,536.0322189331055
9463,546.992654800415
9464,546.992654800415
9465,546.8874416351318
9466,546.6768932342529
9467,557.6424369812012
9468,535.9026708602905
9469,524.9838247299194
9470,514.099588394165
9471,535.4355926513672
9472,546.4139928817749
9473,535.4276237487793
9474,557.2404937744141
9475,557.2675170898438
9476,535.6649074554443
9477,535.6889562606812
9478,535.647759437561
9479,524.8847703933716
9480,513.9211044311523
9481,524.852219581604
9482,513.8562126159668
9483,502.9404888153076
9484,503.0019769668579
9485,492.0461597442627
9486,492.0461597442627
9487,492.0461597442627
9488,492.0461597442627
9489,492.0461597442627
9490,491.98462772369385
9491,502.9644775390625
9492,513.9019365310669
9493,502.9459400177002
9494,513.8698606491089
9495,513.8979749679565
9496,524.8476190567017
9497,535.6607618331909
9498,524.7476053237915
9499,513.7702178955078
9500,503.24682331085205
9501,524.8302888870239
9502,535.7557764053345
9503,546.4045352935791
9504,535.4440994262695
9505,524.4050731658936
9506,524.4050731658936
9507,513.5707035064697
9508,524.5431842803955
9509,524.2924337387085
9510,546.2131128311157
9511,546.2131128311157
9512,524.4587345123291
9513,524.4587345123291
9514,524.4587345123291
9515,524.4587345123291
9516,535.1019153594971
9517,545.9415435791016
9518,534.9604835510254
9519,534.9604835510254
9520,502.40184593200684
9521,502.3036422729492
9522,502.3036422729492
9523,513.3036422729492
9524,524.2204494476318
9525,524.2204494476318
9526,535.0974578857422
9527,556.6251583099365
9528,556.6251583099365
9529,556.6251583099365
9530,556.6251583099365
9531,567.3656244277954
9532,567.3656244277954
9533,588.7726211547852
9534,577.8475227355957
9535,556.3250703811646
9536,556.3250703811646
9537,545.3605356216431
9538,545.1833515167236
9539,556.0860738754272
9540,545.1403188705444
9541,577.973837852478
9542,567.4156198501587
9543,566.9268026351929
9544,577.8746824264526
9545,545.049150466919
9546,523.625129699707
9547,513.1764345169067
9548,535.0925331115723
9549,524.126989364624
9550,524.3768005371094
9551,524.5914869308472
9552,524.5429134368896
9553,524.5429134368896
9554,513.6441383361816
9555,513.6441383361816
9556,503.22935581207275
9557,492.25013065338135
9558,492.42083644866943
9559,513.5808839797974
9560,535.4596328735352
9561,535.4596328735352
9562,524.6740865707397
9563,546.5804738998413
9564,534.8556423187256
9565,556.4116544723511
9566,546.3136978149414
9567,557.2580442428589
9568,557.2580442428589
9569,557.2487192153931
9570,557.9931812286377
9571,557.9411106109619
9572,536.1614503860474
9573,536.2346630096436
9574,503.3201913833618
9575,492.3201913833618
9576,492.4055814743042
9577,503.39762592315674
9578,514.3035936355591
9579,503.32519340515137
9580,503.32519340515137
9581,503.32519340515137
9582,502.69116497039795
9583,535.4591217041016
9584,546.4323663711548
9585,557.4323663711548
9586,567.8887767791748
9587,546.3955965042114
9588,535.4425849914551
9589,524.5380754470825
9590,502.64438915252686
9591,513.5467071533203
9592,524.3988132476807
9593,524.8208703994751
9594,535.739538192749
9595,545.846697807312
9596,534.877215385437
9597,512.8338985443115
9598,491.4497175216675
9599,501.6945858001709
9600,479.8338441848755
9601,468.8613634109497
9602,479.8528594970703
9603,490.85115146636963
9604,479.9226894378662
9605,479.9226894378662
9606,490.8387336730957
9607,490.8387336730957
9608,480.7315740585327
9609,469.7315740585327
9610,480.58402252197266
9611,470.33915424346924
9612,470.33915424346924
9613,470.33915424346924
9614,470.4914541244507
9615,459.5852155685425
9616,470.6803550720215
9617,470.8238277435303
9618,481.74796772003174
9619,492.74796772003174
9620,499.87794733047485
9621,510.796510219574
9622,525.4173021316528
9623,525.4173021316528
9624,525.4173021316528
9625,503.4991273880005
9626,514.4831285476685
9627,525.3176851272583
9628,535.8991575241089
9629,545.9357995986938
9630,578.218132019043
9631,589.2007532119751
9632,611.1839847564697
9633,611.1839847564697
9634,600.3087749481201
9635,611.2787256240845
9636,622.1580924987793
9637,632.9893922805786
9638,632.8198518753052
9639,632.8198518753052
9640,654.4078931808472
9641,633.4544439315796
9642,633.3132772445679
9643,633.3132772445679
9644,633.3132772445679
9645,611.8717565536499
9646,611.7803144454956
9647,601.0326471328735
9648,590.0326471328735
9649,579.0900688171387
9650,579.0353422164917
9651,579.0353422164917
9652,568.4853506088257
9653,568.6624393463135
9654,579.4966917037964
9655,601.1711025238037
9656,579.4665479660034
9657,579.4665479660034
9658,601.1293449401855
9659,601.1293449401855
9660,579.4085626602173
9661,589.880163192749
9662,589.6434326171875
9663,589.6434326171875
9664,578.7726926803589
9665,589.69091796875
9666,589.69091796875
9667,578.7885999679565
9668,598.6667585372925
9669,587.6667585372925
9670,609.4276494979858
9671,631.1244192123413
9672,642.007960319519
9673,643.9250450134277
9674,643.9250450134277
9675,643.9250450134277
9676,632.9784717559814
9677,622.2079648971558
9678,621.1189403533936
9679,621.1189403533936
9680,620.9445714950562
9681,610.4523582458496
9682,599.5044784545898
9683,599.3600950241089
9684,610.324387550354
9685,610.324387550354
9686,610.324387550354
9687,599.5489702224731
9688,589.7032690048218
9689,600.5505905151367
9690,567.7297554016113
9691,578.2362108230591
9692,578.2173919677734
9693,578.2173919677734
9694,578.2173919677734
9695,578.2173919677734
9696,567.4244146347046
9697,567.4830713272095
9698,567.4272480010986
9699,556.3667335510254
9700,556.3667335510254
9701,566.6298446655273
9702,555.6700839996338
9703,566.6224603652954
9704,555.6975765228271
9705,555.6975765228271
9706,555.6975765228271
9707,545.2777719497681
9708,534.5282325744629
9709,523.9447841644287
9710,491.29297733306885
9711,513.2696657180786
9712,502.45556354522705
9713,502.45556354522705
9714,514.1350183486938
9715,524.5278997421265
9716,524.543571472168
9717,524.543571472168
9718,502.7681818008423
9719,502.58930492401123
9720,513.3639478683472
9721,491.58779525756836
9722,501.92418098449707
9723,512.8265027999878
9724,512.8356161117554
9725,523.4824905395508
9726,523.8674488067627
9727,534.7939338684082
9728,534.7939338684082
9729,534.8144426345825
9730,545.7142581939697
9731,534.8193092346191
9732,545.7529029846191
9733,534.8992671966553
9734,534.8992671966553
9735,556.855263710022
9736,545.0511617660522
9737,555.907865524292
9738,567.2240047454834
9739,567.2240047454834
9740,567.265157699585
9741,557.8851232528687
9742,557.8431339263916
9743,535.8863296508789
9744,535.881383895874
9745,535.9411468505859
9746,513.9613075256348
9747,524.9613075256348
9748,524.9613075256348
9749,514.0625972747803
9750,546.3038482666016
9751,535.4565267562866
9752,546.3656921386719
9753,546.3656921386719
9754,568.200605392456
9755,579.3593864440918
9756,568.3296728134155
9757,568.3076839447021
9758,579.2352800369263
9759,612.0230417251587
9760,623.0214881896973
9761,612.0512962341309
9762,601.054521560669
9763,568.4374361038208
9764,568.4374361038208
9765,558.08376121521
9766,547.1350812911987
9767,568.9310426712036
9768,579.83873462677
9769,579.83873462677
9770,590.6511898040771
9771,623.4785623550415
9772,623.4785623550415
9773,623.5483283996582
9774,601.585732460022
9775,601.585732460022
9776,590.585732460022
9777,601.5125513076782
9778,579.6362409591675
9779,579.6362409591675
9780,579.6362409591675
9781,590.6084814071655
9782,601.4082221984863
9783,601.4082221984863
9784,623.1626291275024
9785,655.942437171936
9786,645.1026000976562
9787,656.0759124755859
9788,667.0630483627319
9789,678.0363864898682
9790,677.9015741348267
9791,677.9402732849121
9792,677.9402732849121
9793,666.9402732849121
9794,677.8300161361694
9795,666.8703002929688
9796,666.984751701355
9797,688.8843564987183
9798,710.8528490066528
9799,689.0826654434204
9800,699.9559831619263
9801,700.032190322876
9802,689.032190322876
9803,678.172043800354
9804,689.1627025604248
9805,689.1627025604248
9806,689.1627025604248
9807,699.591157913208
9808,699.591157913208
9809,677.8737554550171
9810,677.8737554550171
9811,677.8737554550171
9812,666.9385614395142
9813,665.7305660247803
9814,687.6096343994141
9815,676.6224985122681
9816,687.546911239624
9817,687.5171136856079
9818,687.3982305526733
9819,676.5050497055054
9820,677.8860206604004
9821,677.8860206604004
9822,677.8860206604004
9823,677.958025932312
9824,666.9739446640015
9825,666.9404554367065
9826,677.6467590332031
9827,688.8115844726562
9828,710.7055759429932
9829,720.8902435302734
9830,742.7592315673828
9831,742.7403240203857
9832,710.2358598709106
9833,721.160852432251
9834,721.160852432251
9835,721.160852432251
9836,743.0934476852417
9837,742.7797508239746
9838,742.7797508239746
9839,731.8361082077026
9840,753.6431798934937
9841,743.4192733764648
9842,743.4192733764648
9843,765.2747573852539
9844,743.3290662765503
9845,732.2122964859009
9846,710.2207832336426
9847,721.5280866622925
9848,743.4392948150635
9849,743.4392948150635
9850,754.3056077957153
9851,743.4687595367432
9852,732.5163831710815
9853,732.4577865600586
9854,732.5132789611816
9855,742.3783273696899
9856,774.0576257705688
9857,784.9899911880493
9858,806.8968143463135
9859,806.8968143463135
9860,785.0835676193237
9861,753.0310211181641
9862,742.2163000106812
9863,710.5536441802979
9864,678.0657444000244
9865,678.0657444000244
9866,678.0657444000244
9867,678.0657444000244
9868,667.0941743850708
9869,656.4309711456299
9870,645.5165243148804
9871,645.0131273269653
9872,655.9754028320312
9873,655.9754028320312
9874,677.791090965271
9875,677.791090965271
9876,677.791090965271
9877,677.791090965271
9878,677.73792552948
9879,677.73792552948
9880,688.2050886154175
9881,688.0321130752563
9882,709.9844379425049
9883,709.9844379425049
9884,720.9417743682861
9885,688.1273546218872
9886,688.1273546218872
9887,688.511549949646
9888,666.7234001159668
9889,666.732476234436
9890,644.9729461669922
9891,644.9729461669922
9892,601.1993350982666
9893,601.1993350982666
9894,611.9901304244995
9895,622.7864685058594
9896,622.7864685058594
9897,622.7864685058594
9898,612.4104652404785
9899,612.5173597335815
9900,601.5527019500732
9901,590.6004095077515
9902,590.6004095077515
9903,568.9709768295288
9904,568.9810628890991
9905,568.9539518356323
9906,568.9539518356323
9907,568.9539518356323
9908,568.8300561904907
9909,536.2247438430786
9910,546.9564352035522
9911,546.7580490112305
9912,535.7378263473511
9913,535.7378263473511
9914,535.7098512649536
9915,546.5954332351685
9916,568.3212013244629
9917,568.3212013244629
9918,568.3212013244629
9919,557.3224620819092
9920,557.2459478378296
9921,557.2459478378296
9922,546.2734832763672
9923,535.3001708984375
9924,535.3001708984375
9925,513.3426160812378
9926,502.36927795410156
9927,502.36927795410156
9928,491.3797655105591
9929,512.9020824432373
9930,512.763427734375
9931,501.7941780090332
9932,511.8546476364136
9933,511.8546476364136
9934,468.29358291625977
9935,457.32909965515137
9936,446.4102392196655
9937,436.34976959228516
9938,436.34976959228516
9939,436.34976959228516
9940,436.3755741119385
9941,447.30863189697266
9942,436.3588333129883
9943,425.56803798675537
9944,425.56803798675537
9945,436.55765533447266
9946,425.5590534210205
9947,371.7080183029175
9948,382.6020755767822
9949,382.5888776779175
9950,371.70329570770264
9951,371.70329570770264
9952,382.6125249862671
9953,371.6801595687866
9954,360.58649158477783
9955,360.5543441772461
9956,349.6355619430542
9957,327.8208475112915
9958,327.8208475112915
9959,327.8208475112915
9960,327.8208475112915
9961,327.8208475112915
9962,327.8208475112915
9963,327.8208475112915
9964,327.85447216033936
9965,338.43816566467285
9966,338.43816566467285
9967,338.43816566467285
9968,327.2759485244751
9969,327.2708559036255
9970,327.2708559036255
9971,338.1053695678711
9972,327.19458293914795
9973,327.19458293914795
9974,327.19458293914795
9975,338.11664867401123
9976,338.11664867401123
9977,349.09306716918945
9978,349.09306716918945
9979,349.09306716918945
9980,349.09306716918945
9981,338.0980806350708
9982,338.0980806350708
9983,349.2709627151489
9984,349.5924425125122
9985,338.650484085083
9986,338.70356369018555
9987,338.70356369018555
9988,338.70356369018555
9989,327.88142108917236
9990,327.88142108917236
9991,327.9657258987427
9992,327.9657258987427
9993,327.9657258987427
9994,338.8845615386963
9995,349.751184463501
9996,360.7491970062256
9997,360.7491970062256
9998,382.0067596435547
9999,382.0067596435547
10000,382.0067596435547
10001,371.24303245544434
10002,371.32505989074707
10003,382.2970361709595
10004,382.2970361709595
10005,382.2970361709595
10006,404.19053649902344
10007,404.19053649902344
10008,404.19053649902344
10009,404.19053649902344
10010,393.21002674102783
10011,382.2779607772827
10012,371.3512649536133
10013,360.5167512893677
10014,360.5167512893677
10015,360.5167512893677
10016,360.8772315979004
10017,360.7058382034302
10018,360.7058382034302
10019,349.8107261657715
10020,338.82655239105225
10021,328.198224067688
10022,328.198224067688
10023,328.198224067688
10024,328.198224067688
10025,328.198224067688
10026,317.23266410827637
10027,328.2079248428345
10028,328.1018133163452
10029,338.91182136535645
10030,338.91182136535645
10031,349.8862581253052
10032,349.8862581253052
10033,360.8862581253052
10034,349.8941173553467
10035,349.8941173553467
10036,338.89610481262207
10037,338.89610481262207
10038,327.90237617492676
10039,316.94010066986084
10040,316.93336296081543
10041,316.93336296081543
10042,305.9569444656372
10043,305.9569444656372
10044,305.9569444656372
10045,305.93914699554443
10046,327.4874973297119
10047,327.4874973297119
10048,305.69797706604004
10049,294.81202697753906
10050,283.9179697036743
10051,283.9179697036743
10052,283.9179697036743
10053,283.9179697036743
10054,273.1079616546631
10055,284.0857849121094
10056,273.1637191772461
10057,262.39466762542725
10058,273.3033056259155
10059,273.3033056259155
10060,273.3033056259155
10061,262.5005912780762
10062,283.5019464492798
10063,283.5019464492798
10064,272.5045986175537
10065,272.5045986175537
10066,272.5045986175537
10067,261.6222457885742
10068,250.7689619064331
10069,261.7598943710327
10070,250.87191772460938
10071,250.87191772460938
10072,261.8362169265747
10073,261.8362169265747
10074,251.4219846725464
10075,262.25532627105713
10076,262.25532627105713
10077,251.33649063110352
10078,251.33649063110352
10079,240.40343284606934
10080,250.86979007720947
10081,250.86979007720947
10082,218.02721977233887
10083,207.44009685516357
10084,207.44009685516357
10085,207.44009685516357
10086,207.44009685516357
10087,207.44009685516357
10088,185.7328577041626
10089,185.7328577041626
10090,196.40923023223877
10091,196.40923023223877
10092,196.40923023223877
10093,185.46741771697998
10094,185.46741771697998
10095,185.46741771697998
10096,174.57971382141113
10097,174.57971382141113
10098,153.16762256622314
10099,153.16762256622314
10100,142.19944190979004
10101,142.19944190979004
10102,142.19944190979004
10103,131.29080390930176
10104,120.29589748382568
10105,120.29589748382568
10106,120.29589748382568
10107,120.29589748382568
10108,120.29589748382568
10109,120.29589748382568
10110,109.3062801361084
10111,98.62990760803223
10112,87.79656600952148
10113,87.79656600952148
10114,87.79656600952148
10115,98.44158744812012
10116,98.44158744812012
10117,98.44158744812012
10118,109.31367301940918
10119,109.31367301940918
10120,109.31367301940918
10121,119.84979152679443
10122,119.84979152679443
10123,119.84979152679443
10124,119.84979152679443
10125,119.84979152679443
10126,120.12655830383301
10127,120.12655830383301
10128,120.12655830383301
10129,120.12655830383301
10130,120.12655830383301
10131,120.12655830383301
10132,120.12655830383301
10133,120.12655830383301
10134,109.15212154388428
10135,119.55900478363037
10136,119.55900478363037
10137,141.34188079833984
10138,141.34188079833984
10139,130.36662006378174
10140,130.36662006378174
10141,130.36662006378174
10142,141.04385948181152
10143,130.0795602798462
10144,108.59131908416748
10145,119.42257976531982
10146,119.42257976531982
10147,152.24498653411865
10148,163.23719310760498
10149,174.2234296798706
10150,163.2514533996582
10151,152.2736301422119
10152,141.86674690246582
10153,141.86674690246582
10154,141.86674690246582
10155,141.86674690246582
10156,152.8174467086792
10157,152.8174467086792
10158,152.8174467086792
10159,152.8174467086792
10160,131.26812171936035
10161,131.26812171936035
10162,142.25665760040283
10163,142.25665760040283
10164,142.25665760040283
10165,153.2016716003418
10166,153.2016716003418
10167,153.2016716003418
10168,163.7925205230713
10169,163.7925205230713
10170,163.7925205230713
10171,174.72949695587158
10172,174.72949695587158
10173,174.72949695587158
10174,174.72949695587158
10175,185.50039196014404
10176,185.4563455581665
10177,185.4563455581665
10178,185.4563455581665
10179,174.5345573425293
10180,174.5345573425293
10181,174.5345573425293
10182,174.5345573425293
10183,163.70329666137695
10184,163.70329666137695
10185,163.70329666137695
10186,163.70329666137695
10187,163.70329666137695
10188,163.70329666137695
10189,153.11244773864746
10190,153.11244773864746
10191,153.11244773864746
10192,153.12119388580322
10193,153.12119388580322
10194,164.11295223236084
10195,164.11295223236084
10196,174.94746208190918
10197,174.94746208190918
10198,174.94746208190918
10199,174.94746208190918
10200,174.94746208190918
10201,164.17656707763672
10202,164.17656707763672
10203,164.17656707763672
10204,164.17656707763672
10205,175.02852058410645
10206,175.02852058410645
10207,175.02852058410645
10208,185.94874668121338
10209,185.94874668121338
10210,174.998046875
10211,174.998046875
10212,164.04160594940186
10213,175.0392198562622
10214,196.67525959014893
10215,185.8407497406006
10216,196.6885757446289
10217,196.6885757446289
10218,207.3142786026001
10219,218.3024501800537
10220,218.12949180603027
10221,207.13855934143066
10222,207.13855934143066
10223,196.19289112091064
10224,196.19289112091064
10225,207.16077327728271
10226,218.02166652679443
10227,218.02166652679443
10228,207.071195602417
10229,207.071195602417
10230,207.071195602417
10231,207.071195602417
10232,207.071195602417
10233,207.071195602417
10234,217.75876331329346
10235,228.65632343292236
10236,228.65632343292236
10237,228.65632343292236
10238,239.63328742980957
10239,261.47416400909424
10240,261.47416400909424
10241,250.84846115112305
10242,239.93149375915527
10243,239.93149375915527
10244,229.2590970993042
10245,229.2590970993042
10246,229.2590970993042
10247,218.3100986480713
10248,229.27039337158203
10249,229.27039337158203
10250,218.4095001220703
10251,218.4095001220703
10252,218.49074363708496
10253,218.49074363708496
10254,218.49074363708496
10255,218.49074363708496
10256,228.83000373840332
10257,207.15067768096924
10258,207.15067768096924
10259,218.01996421813965
10260,218.01996421813965
10261,218.02725791931152
10262,207.18610668182373
10263,218.1283187866211
10264,207.16043663024902
10265,207.16043663024902
10266,207.16043663024902
10267,218.14059352874756
10268,218.14059352874756
10269,218.14059352874756
10270,218.14059352874756
10271,229.09670639038086
10272,229.09670639038086
10273,229.74342155456543
10274,240.5170555114746
10275,251.46646785736084
10276,251.46646785736084
10277,240.4742612838745
10278,229.53728485107422
10279,229.53728485107422
10280,229.53728485107422
10281,218.6894588470459
10282,207.8201723098755
10283,207.8201723098755
10284,218.6642017364502
10285,218.6642017364502
10286,218.6642017364502
10287,218.6642017364502
10288,218.6642017364502
10289,229.4748125076294
10290,229.4748125076294
10291,218.5186996459961
10292,229.250470161438
10293,218.36899662017822
10294,240.16231727600098
10295,240.16231727600098
10296,240.16231727600098
10297,240.16231727600098
10298,240.16231727600098
10299,240.16231727600098
10300,250.71870613098145
10301,250.71870613098145
10302,239.7385492324829
10303,250.61770915985107
10304,239.72014904022217
10305,217.81484031677246
10306,217.81484031677246
10307,217.81484031677246
10308,217.81484031677246
10309,228.81484031677246
10310,217.83787631988525
10311,207.28148746490479
10312,207.28148746490479
10313,196.4708766937256
10314,196.4708766937256
10315,174.76404571533203
10316,174.76404571533203
10317,174.76404571533203
10318,185.56772232055664
10319,174.83595180511475
10320,153.015154838562
10321,153.015154838562
10322,153.015154838562
10323,142.1922836303711
10324,142.1922836303711
10325,142.1922836303711
10326,142.1922836303711
10327,142.1922836303711
10328,131.20630836486816
10329,131.20630836486816
10330,131.20630836486816
10331,131.20630836486816
10332,131.20630836486816
10333,131.20630836486816
10334,131.20630836486816
10335,131.35924625396729
10336,131.35924625396729
10337,131.16773414611816
10338,142.10798835754395
10339,142.10798835754395
10340,142.10798835754395
10341,142.10798835754395
10342,153.10798835754395
10343,152.79084396362305
10344,152.79084396362305
10345,152.79084396362305
10346,141.8320837020874
10347,141.8320837020874
10348,141.8320837020874
10349,141.8320837020874
10350,152.52673435211182
10351,163.3694257736206
10352,152.4100227355957
10353,152.4100227355957
10354,152.4100227355957
10355,141.51184749603271
10356,141.51184749603271
10357,130.56963539123535
10358,130.56963539123535
10359,130.56963539123535
10360,130.56963539123535
10361,109.01714134216309
10362,98.01714134216309
10363,98.01714134216309
10364,98.01714134216309
10365,98.01714134216309
10366,98.01714134216309
10367,87.3646240234375
10368,87.3646240234375
10369,87.3646240234375
10370,98.33810710906982
10371,109.29791831970215
10372,109.29791831970215
10373,109.29791831970215
10374,109.29791831970215
10375,109.29791831970215
10376,120.24535274505615
10377,109.55070209503174
10378,109.55070209503174
10379,109.55070209503174
10380,98.56253051757812
10381,98.56253051757812
10382,98.56253051757812
10383,98.56253051757812
10384,98.56253051757812
10385,98.56253051757812
10386,98.56253051757812
10387,98.56253051757812
10388,98.56253051757812
10389,98.24734592437744
10390,87.40465450286865
10391,87.40465450286865
10392,87.4397144317627
10393,87.4397144317627
10394,87.4397144317627
10395,87.4397144317627
10396,87.4397144317627
10397,87.4397144317627
10398,87.4397144317627
10399,98.26278686523438
10400,98.26278686523438
10401,98.26278686523438
10402,98.26278686523438
10403,98.26278686523438
10404,109.12649631500244
10405,120.10785484313965
10406,120.10785484313965
10407,131.10400867462158
10408,131.10400867462158
10409,131.10400867462158
10410,131.10400867462158
10411,131.10400867462158
10412,131.10400867462158
10413,131.10400867462158
10414,131.10400867462158
10415,131.10400867462158
10416,131.10400867462158
10417,131.10400867462158
10418,131.10400867462158
10419,120.44059467315674
10420,120.44059467315674
10421,120.44059467315674
10422,131.30456256866455
10423,131.30456256866455
10424,131.30456256866455
10425,131.30456256866455
10426,131.30456256866455
10427,120.48149013519287
10428,120.48149013519287
10429,120.48149013519287
10430,120.48149013519287
10431,120.48149013519287
10432,120.48149013519287
10433,120.48149013519287
10434,131.40555095672607
10435,131.40555095672607
10436,153.2199821472168
10437,153.2079086303711
10438,153.2079086303711
10439,142.24809741973877
10440,142.24809741973877
10441,142.24809741973877
10442,153.03203773498535
10443,153.03203773498535
10444,163.98407173156738
10445,163.98407173156738
10446,163.98407173156738
10447,163.98407173156738
10448,163.98407173156738
10449,163.98407173156738
10450,163.98407173156738
10451,163.98407173156738
10452,163.98407173156738
10453,163.98407173156738
10454,163.98407173156738
10455,163.98407173156738
10456,163.98407173156738
10457,163.98407173156738
10458,174.76488399505615
10459,174.76488399505615
10460,185.67814826965332
10461,174.8141803741455
10462,174.8141803741455
10463,174.8141803741455
10464,174.8141803741455
10465,163.8141803741455
10466,163.8141803741455
10467,174.65297985076904
10468,174.65297985076904
10469,174.65297985076904
10470,174.65297985076904
10471,174.614896774292
10472,174.614896774292
10473,185.55584144592285
10474,174.69213199615479
10475,185.5807991027832
10476,185.5807991027832
10477,185.5807991027832
10478,185.5807991027832
10479,185.5807991027832
10480,185.5807991027832
10481,196.49860763549805
10482,196.49860763549805
10483,196.49860763549805
10484,185.71466732025146
10485,185.71466732025146
10486,196.6782808303833
10487,185.6969223022461
10488,185.6969223022461
10489,185.6969223022461
10490,185.90048599243164
10491,185.90048599243164
10492,185.90048599243164
10493,196.81098651885986
10494,185.92955112457275
10495,175.00549030303955
10496,175.00549030303955
10497,175.00549030303955
10498,175.00549030303955
10499,175.00549030303955
10500,175.00549030303955
10501,175.00549030303955
10502,185.9879093170166
10503,185.9879093170166
10504,196.33377170562744
10505,196.33377170562744
10506,196.33377170562744
10507,196.48809051513672
10508,196.48809051513672
10509,196.48809051513672
10510,185.5146074295044
10511,194.06119537353516
10512,216.02441596984863
10513,216.02441596984863
10514,216.02441596984863
10515,226.9894094467163
10516,218.44282150268555
10517,218.44282150268555
10518,196.4992332458496
10519,196.4992332458496
10520,196.4992332458496
10521,186.15337085723877
10522,197.1408176422119
10523,197.1408176422119
10524,197.14769554138184
10525,197.04071044921875
10526,197.04071044921875
10527,186.06539630889893
10528,186.06539630889893
10529,196.89424896240234
10530,196.89424896240234
10531,207.43793392181396
10532,207.43793392181396
10533,207.43793392181396
10534,207.43793392181396
10535,207.43793392181396
10536,196.4969892501831
10537,207.47041988372803
10538,207.47041988372803
10539,207.47041988372803
10540,207.47041988372803
10541,229.43110847473145
10542,218.52060794830322
10543,218.52060794830322
10544,218.59729290008545
10545,207.68402862548828
10546,196.73199462890625
10547,196.73199462890625
10548,185.7495756149292
10549,185.70717906951904
10550,190.75556993484497
10551,190.75556993484497
10552,185.70717906951904
10553,185.70717906951904
10554,207.28234672546387
10555,196.73866176605225
10556,196.73866176605225
10557,196.73866176605225
10558,196.73866176605225
10559,185.7870922088623
10560,185.7870922088623
10561,185.7870922088623
10562,185.7870922088623
10563,185.7870922088623
10564,185.7870922088623
10565,174.86240577697754
10566,185.34181213378906
10567,185.34181213378906
10568,195.90642642974854
10569,206.65273666381836
10570,217.4323148727417
10571,217.4323148727417
10572,217.4323148727417
10573,217.4323148727417
10574,228.2818832397461
10575,238.92803192138672
10576,249.77653789520264
10577,260.59204864501953
10578,282.4634084701538
10579,293.44379711151123
10580,271.5108013153076
10581,271.5108013153076
10582,271.5108013153076
10583,271.5108013153076
10584,260.91077995300293
10585,260.94519424438477
10586,239.3985710144043
10587,218.27301597595215
10588,218.27301597595215
10589,218.27301597595215
10590,218.27301597595215
10591,218.27301597595215
10592,218.27301597595215
10593,218.27301597595215
10594,218.27301597595215
10595,207.2917652130127
10596,207.2917652130127
10597,207.2917652130127
10598,229.0518922805786
10599,240.05158042907715
10600,251.04916095733643
10601,251.04916095733643
10602,240.08416748046875
10603,229.3045892715454
10604,218.31714248657227
10605,229.28638744354248
10606,229.28638744354248
10607,240.27965545654297
10608,229.60118865966797
10609,229.60118865966797
10610,240.54767513275146
10611,262.37506675720215
10612,262.37506675720215
10613,262.37506675720215
10614,262.37506675720215
10615,273.15763568878174
10616,262.1922836303711
10617,273.180627822876
10618,273.2429189682007
10619,273.2429189682007
10620,295.080530166626
10621,295.080530166626
10622,284.23202419281006
10623,284.23202419281006
10624,295.21187591552734
10625,295.21187591552734
10626,295.21187591552734
10627,295.21187591552734
10628,295.36230754852295
10629,295.36230754852295
10630,295.36230754852295
10631,306.2843894958496
10632,317.2275390625
10633,306.37712001800537
10634,295.600980758667
10635,295.3378438949585
10636,295.3378438949585
10637,295.3378438949585
10638,284.39586448669434
10639,284.39586448669434
10640,262.461745262146
10641,262.461745262146
10642,292.82123470306396
10643,292.82123470306396
10644,292.82838439941406
10645,303.81633853912354
10646,292.82799434661865
10647,284.4520654678345
10648,284.4520654678345
10649,284.4520654678345
10650,284.4520654678345
10651,295.36886978149414
10652,295.36886978149414
10653,284.3996248245239
10654,306.1523656845093
10655,317.0456247329712
10656,317.0456247329712
10657,317.0456247329712
10658,317.0456247329712
10659,306.2630558013916
10660,327.8589668273926
10661,317.00749111175537
10662,317.00749111175537
10663,316.9706802368164
10664,306.0509920120239
10665,306.0509920120239
10666,295.0690221786499
10667,295.0690221786499
10668,306.1754570007324
10669,295.1754570007324
10670,295.1754570007324
10671,306.13788986206055
10672,306.13788986206055
10673,306.13788986206055
10674,316.83719539642334
10675,316.83719539642334
10676,328.05631732940674
10677,338.92161560058594
10678,327.94176387786865
10679,316.99221897125244
10680,305.99910068511963
10681,316.91200828552246
10682,294.93359184265137
10683,305.8663558959961
10684,316.51007747650146
10685,305.9074401855469
10686,305.9074401855469
10687,305.9074401855469
10688,316.8453073501587
10689,327.8453073501587
10690,327.8453073501587
10691,327.8453073501587
10692,327.8453073501587
10693,327.8453073501587
10694,338.74753856658936
10695,338.74753856658936
10696,338.74753856658936
10697,338.74753856658936
10698,338.74753856658936
10699,349.4339361190796
10700,360.3415412902832
10701,371.19491958618164
10702,370.84810638427734
10703,381.815128326416
10704,360.1489372253418
10705,371.1488676071167
10706,382.14720821380615
10707,382.14720821380615
10708,371.1475200653076
10709,381.66337966918945
10710,392.8337526321411
10711,393.16376209259033
10712,382.16376209259033
10713,382.16376209259033
10714,382.16376209259033
10715,393.07524585723877
10716,393.07524585723877
10717,393.07524585723877
10718,393.07191467285156
10719,393.07191467285156
10720,414.84614276885986
10721,414.84614276885986
10722,425.83128929138184
10723,425.83128929138184
10724,404.43598461151123
10725,404.5313444137573
10726,404.5313444137573
10727,404.5313444137573
10728,393.67649841308594
10729,393.67649841308594
10730,404.4938154220581
10731,404.50213146209717
10732,415.4800434112549
10733,404.5642910003662
10734,371.7491521835327
10735,382.5977439880371
10736,393.58268547058105
10737,393.7293071746826
10738,404.87200260162354
10739,415.8324193954468
10740,426.74446964263916
10741,437.6037540435791
10742,448.5148181915283
10743,426.65729236602783
10744,426.65729236602783
10745,448.6000280380249
10746,459.35927963256836
10747,448.74806022644043
10748,448.74806022644043
10749,448.74806022644043
10750,437.83894062042236
10751,426.95951652526855
10752,426.95951652526855
10753,416.04003524780273
10754,426.1417827606201
10755,437.12934970855713
10756,426.31991958618164
10757,426.31991958618164
10758,437.1369857788086
10759,437.1369857788086
10760,459.0990171432495
10761,459.02112007141113
10762,459.0744905471802
10763,469.97636699676514
10764,469.97636699676514
10765,480.9701690673828
10766,481.0106716156006
10767,481.0106716156006
10768,470.8331060409546
10769,470.8331060409546
10770,481.68881702423096
10771,470.64752292633057
10772,470.64752292633057
10773,481.64413833618164
10774,491.53018856048584
10775,480.58370208740234
10776,513.4302453994751
10777,513.4302453994751
10778,513.4302453994751
10779,513.3731260299683
10780,502.3851718902588
10781,502.5616788864136
10782,491.7443618774414
10783,491.7443618774414
10784,480.74678134918213
10785,503.3545560836792
10786,503.3545560836792
10787,492.36961460113525
10788,492.36961460113525
10789,492.6103630065918
10790,481.4339761734009
10791,481.29365253448486
10792,481.29365253448486
10793,492.2100133895874
10794,492.2100133895874
10795,492.24091815948486
10796,503.09426975250244
10797,503.09426975250244
10798,491.8102397918701
10799,491.590368270874
10800,502.3449935913086
10801,502.3449935913086
10802,513.2620010375977
10803,524.1987190246582
10804,513.2251300811768
10805,502.40095615386963
10806,512.982084274292
10807,512.982084274292
10808,513.103590965271
10809,513.103590965271
10810,524.0994834899902
10811,524.0994834899902
10812,534.5617008209229
10813,545.7416486740112
10814,545.7416486740112
10815,556.6430759429932
10816,578.0981664657593
10817,567.7086515426636
10818,589.5916929244995
10819,611.3151512145996
10820,611.3151512145996
10821,611.4857206344604
10822,589.5286884307861
10823,600.3727407455444
10824,589.4165744781494
10825,600.3365612030029
10826,589.3460731506348
10827,589.2342872619629
10828,567.6015357971191
10829,578.5223474502563
10830,578.0981369018555
10831,556.1058645248413
10832,555.9115686416626
10833,555.9115686416626
10834,545.3398904800415
10835,544.5474815368652
10836,555.3825244903564
10837,576.3970832824707
10838,598.0138235092163
10839,609.0138235092163
10840,619.9705457687378
10841,630.9705457687378
10842,630.9599294662476
10843,609.1454191207886
10844,620.0509271621704
10845,598.8763313293457
10846,598.7978954315186
10847,588.3000030517578
10848,566.9930286407471
10849,567.3789052963257
10850,567.3048191070557
10851,567.575234413147
10852,534.8271255493164
10853,556.5649118423462
10854,545.3813848495483
10855,524.1892614364624
10856,524.1892614364624
10857,524.1892614364624
10858,534.9257354736328
10859,523.968695640564
10860,534.9351625442505
10861,556.8455696105957
10862,567.8128757476807
10863,546.3055963516235
10864,546.3055963516235
10865,524.5211400985718
10866,524.4506931304932
10867,524.4506931304932
10868,557.1140203475952
10869,557.1140203475952
10870,578.8184404373169
10871,567.9028339385986
10872,557.049482345581
10873,567.9357967376709
10874,545.9644212722778
10875,556.9089126586914
10876,556.9089126586914
10877,567.8958139419556
10878,567.8958139419556
10879,567.8958139419556
10880,578.8768701553345
10881,589.7438907623291
10882,578.8383827209473
10883,578.9403057098389
10884,578.9403057098389
10885,557.0981035232544
10886,556.9372138977051
10887,567.8963289260864
10888,557.1153717041016
10889,546.1326427459717
10890,546.1326427459717
10891,557.1258487701416
10892,557.1258487701416
10893,557.1258487701416
10894,535.530909538269
10895,568.240104675293
10896,579.2288255691528
10897,568.4923515319824
10898,557.4923515319824
10899,546.469612121582
10900,579.3947010040283
10901,568.5034408569336
10902,568.5010766983032
10903,568.5010766983032
10904,568.5010766983032
10905,568.5010766983032
10906,557.5565853118896
10907,546.6357736587524
10908,546.6357736587524
10909,557.6241636276245
10910,546.7227363586426
10911,546.7227363586426
10912,514.0174865722656
10913,503.2027311325073
10914,525.135181427002
10915,536.135181427002
10916,525.2273387908936
10917,525.2273387908936
10918,525.2273387908936
10919,503.3989944458008
10920,512.6581001281738
10921,512.6581001281738
10922,501.9329442977905
10923,501.9329442977905
10924,491.01519870758057
10925,492.3927345275879
10926,492.35945415496826
10927,492.35945415496826
10928,492.4844207763672
10929,503.2774181365967
10930,481.37618923187256
10931,503.11017894744873
10932,503.11017894744873
10933,503.11017894744873
10934,481.2563409805298
10935,470.30097484588623
10936,470.30097484588623
10937,459.4318504333496
10938,459.4318504333496
10939,480.8341131210327
10940,469.8341131210327
10941,502.4773645401001
10942,535.1968698501587
10943,535.2212142944336
10944,535.2212142944336
10945,524.3491888046265
10946,523.4931497573853
10947,534.4416608810425
10948,534.5168085098267
10949,556.089940071106
10950,555.0409135818481
10951,533.1146516799927
10952,543.985200881958
10953,543.8885622024536
10954,532.9873285293579
10955,532.9873285293579
10956,501.79768562316895
10957,512.5906820297241
10958,512.4113759994507
10959,491.6352138519287
10960,502.4974784851074
10961,524.3876047134399
10962,524.3876047134399
10963,535.3657674789429
10964,545.6292743682861
10965,545.6292743682861
10966,556.3442525863647
10967,546.2810010910034
10968,546.2810010910034
10969,546.4542074203491
10970,568.091344833374
10971,579.0665225982666
10972,589.9823789596558
10973,589.9124984741211
10974,600.9060735702515
10975,622.2738637924194
10976,611.3321704864502
10977,600.345269203186
10978,578.4126110076904
10979,589.3759431838989
10980,589.3759431838989
10981,600.3184776306152
10982,600.3184776306152
10983,611.2660903930664
10984,633.1643705368042
10985,633.1643705368042
10986,622.3727216720581
10987,601.0927000045776
10988,589.1576547622681
10989,589.1704149246216
10990,578.3296899795532
10991,567.4591407775879
10992,545.6902627944946
10993,545.6902627944946
10994,545.6902627944946
10995,535.5152025222778
10996,524.6179552078247
10997,557.1378021240234
10998,557.0769844055176
10999,557.0769844055176
11000,535.4082736968994
11001,535.4082736968994
11002,546.327278137207
11003,557.2316341400146
11004,546.9339399337769
11005,557.8583917617798
11006,557.8583917617798
11007,556.5968084335327
11008,589.293155670166
11009,578.8796815872192
11010,578.8796815872192
11011,600.6382436752319
11012,611.5715866088867
11013,611.5674247741699
11014,600.3569936752319
11015,600.3569936752319
11016,590.6432847976685
11017,590.6719007492065
11018,579.7242879867554
11019,567.9078645706177
11020,556.9593534469604
11021,546.054573059082
11022,535.0590753555298
11023,535.0590753555298
11024,545.9916191101074
11025,535.053765296936
11026,513.130373954773
11027,513.1594076156616
11028,491.20436668395996
11029,491.20436668395996
11030,491.20436668395996
11031,481.0759391784668
11032,481.0759391784668
11033,481.0759391784668
11034,492.018009185791
11035,481.1568937301636
11036,481.15515422821045
11037,470.37482833862305
11038,470.37482833862305
11039,459.39377212524414
11040,459.39377212524414
11041,459.294282913208
11042,470.2791557312012
11043,470.3618040084839
11044,470.3618040084839
11045,470.3618040084839
11046,481.36481380462646
11047,502.8744716644287
11048,491.79363536834717
11049,491.79363536834717
11050,491.79363536834717
11051,491.79363536834717
11052,470.1098518371582
11053,481.1098518371582
11054,492.0952548980713
11055,513.7906980514526
11056,524.6255731582642
11057,524.5400724411011
11058,524.5400724411011
11059,535.3569507598877
11060,546.2815065383911
11061,546.3890943527222
11062,546.3890943527222
11063,557.3423233032227
11064,524.4331436157227
11065,513.5161380767822
11066,535.3496408462524
11067,535.3496408462524
11068,535.6409540176392
11069,524.6685600280762
11070,513.5929298400879
11071,502.6799077987671
11072,480.84025287628174
11073,491.7554359436035
11074,502.73713397979736
11075,513.6642227172852
11076,524.632571220398
11077,524.632571220398
11078,524.632571220398
11079,535.5252017974854
11080,535.5252017974854
11081,546.0790214538574
11082,557.2519617080688
11083,546.2583866119385
11084,546.2583866119385
11085,568.1668376922607
11086,580.8794556856155
11087,580.8794556856155
11088,568.2379064559937
11089,557.3227119445801
11090,557.3227119445801
11091,546.3227119445801
11092,557.2779064178467
11093,546.2997436523438
11094,546.4411687850952
11095,568.3108472824097
11096,557.311577796936
11097,568.3025140762329
11098,557.4938535690308
11099,557.4903573989868
11100,557.4903573989868
11101,579.4522829055786
11102,557.3004932403564
11103,557.3004932403564
11104,557.6072044372559
11105,546.6564130783081
11106,524.895754814148
11107,524.895754814148
11108,514.0788764953613
11109,535.806921005249
11110,546.3571815490723
11111,557.3343544006348
11112,557.3343544006348
11113,568.1258144378662
11114,568.1258144378662
11115,567.9531316757202
11116,546.0903577804565
11117,546.0903577804565
11118,502.91414165496826
11119,523.3573303222656
11120,512.3590698242188
11121,512.421630859375
11122,501.4664363861084
11123,479.50246143341064
11124,468.5767459869385
11125,468.5767459869385
11126,479.2902956008911
11127,468.95246505737305
11128,474.92534732818604
11129,474.92534732818604
11130,490.8411674499512
11131,512.6662015914917
11132,523.5771932601929
11133,523.5771932601929
11134,534.5047311782837
11135,524.8271169662476
11136,546.7136011123657
11137,568.5374784469604
11138,579.4059066772461
11139,579.4059066772461
11140,546.6982069015503
11141,546.6982069015503
11142,568.3013362884521
11143,568.4204950332642
11144,568.3969259262085
11145,557.695234298706
11146,557.6686096191406
11147,546.762843132019
11148,535.7761373519897
11149,535.7761373519897
11150,535.7761373519897
11151,524.7778663635254
11152,524.8329010009766
11153,524.7542772293091
11154,524.7542772293091
11155,557.4783382415771
11156,546.7647886276245
11157,535.8827924728394
11158,502.9964647293091
11159,513.9509954452515
11160,513.9363555908203
11161,503.14489555358887
11162,514.0157413482666
11163,514.0157413482666
11164,503.0303430557251
11165,492.1032543182373
11166,513.7960157394409
11167,513.7758779525757
11168,535.6927795410156
11169,535.6927795410156
11170,546.5454893112183
11171,557.4391050338745
11172,579.1160049438477
11173,590.0284433364868
11174,622.6120595932007
11175,633.549560546875
11176,633.6192312240601
11177,633.6192312240601
11178,655.5579662322998
11179,655.6767272949219
11180,655.620626449585
11181,666.5265655517578
11182,666.2643985748291
11183,677.2313299179077
11184,666.3415908813477
11185,666.3415908813477
11186,666.3415908813477
11187,655.4305992126465
11188,655.4720821380615
11189,655.4720821380615
11190,677.4877614974976
11191,699.4334573745728
11192,688.4758853912354
11193,688.4758853912354
11194,699.2434968948364
11195,710.201732635498
11196,721.1690397262573
11197,732.1468172073364
11198,743.0941410064697
11199,764.9994287490845
11200,743.2067155838013
11201,775.6880111694336
11202,764.9750289916992
11203,786.8007879257202
11204,786.8007879257202
11205,797.7600049972534
11206,797.8284006118774
11207,797.4882326126099
11208,808.2613735198975
11209,819.2046661376953
11210,808.3289031982422
11211,808.412036895752
11212,819.3730316162109
11213,819.3730316162109
11214,808.5203218460083
11215,797.5235767364502
11216,808.4196834564209
11217,775.8454170227051
11218,783.0597248077393
11219,783.211667060852
11220,794.2067766189575
11221,786.9924688339233
11222,776.1463413238525
11223,776.1197061538696
11224,765.3137979507446
11225,754.9568891525269
11226,743.9713897705078
11227,754.740029335022
11228,754.740029335022
11229,743.860842704773
11230,732.9377565383911
11231,743.8374881744385
11232,743.8374881744385
11233,754.6882028579712
11234,754.6882028579712
11235,754.6882028579712
11236,765.6882028579712
11237,754.411675453186
11238,776.4054298400879
11239,776.4054298400879
11240,776.3615674972534
11241,776.2313365936279
11242,776.2313365936279
11243,776.1697616577148
11244,776.2481021881104
11245,765.3775854110718
11246,776.3658714294434
11247,765.3914480209351
11248,732.5288763046265
11249,732.5288763046265
11250,721.8289852142334
11251,721.8289852142334
11252,710.8289852142334
11253,721.7511510848999
11254,721.6206855773926
11255,721.5340976715088
11256,743.4716520309448
11257,732.8257961273193
11258,732.8257961273193
11259,743.659083366394
11260,710.807806968689
11261,689.1785430908203
11262,699.3957033157349
11263,699.3957033157349
11264,699.3957033157349
11265,688.4582023620605
11266,677.669171333313
11267,688.602258682251
11268,688.602258682251
11269,699.3923482894897
11270,688.4573602676392
11271,656.5445146560669
11272,623.9469585418701
11273,613.034520149231
11274,580.0917196273804
11275,580.0917196273804
11276,591.0885677337646
11277,602.0789985656738
11278,623.5190486907959
11279,601.5796070098877
11280,601.5796070098877
11281,589.6550092697144
11282,589.5697908401489
11283,578.6044664382935
11284,556.7011880874634
11285,545.7065258026123
11286,546.0114040374756
11287,502.2076997756958
11288,502.2388582229614
11289,502.2388582229614
11290,502.2388582229614
11291,513.2195281982422
11292,491.50022315979004
11293,481.56623935699463
11294,470.77614974975586
11295,470.77614974975586
11296,481.5730686187744
11297,481.5730686187744
11298,471.06355476379395
11299,482.02802085876465
11300,492.78240394592285
11301,503.72587871551514
11302,514.3208637237549
11303,514.3208637237549
11304,503.3257541656494
11305,514.2071847915649
11306,525.1448822021484
11307,514.1877202987671
11308,514.1877202987671
11309,503.1908721923828
11310,492.36864948272705
11311,481.50923442840576
11312,470.53206157684326
11313,481.4111852645874
11314,481.4111852645874
11315,481.4111852645874
11316,459.73771953582764
11317,448.78310680389404
11318,448.78310680389404
11319,448.78310680389404
11320,438.20019149780273
11321,449.0563974380493
11322,438.0786199569702
11323,470.60619258880615
11324,481.57152557373047
11325,481.57152557373047
11326,492.4180088043213
11327,481.4193506240845
11328,470.5033760070801
11329,492.4164218902588
11330,492.4164218902588
11331,514.4052658081055
11332,525.3482885360718
11333,547.1842184066772
11334,547.1842184066772
11335,546.6269397735596
11336,546.5006017684937
11337,546.5006017684937
11338,557.4436168670654
11339,568.4318990707397
11340,590.2648019790649
11341,611.9959125518799
11342,622.9924430847168
11343,612.0279769897461
11344,590.2392663955688
11345,579.2485284805298
11346,590.2084770202637
11347,599.0854368209839
11348,588.0854368209839
11349,598.9470891952515
11350,609.8314828872681
11351,599.1246738433838
11352,599.1246738433838
11353,579.2788381576538
11354,590.0069513320923
11355,568.099383354187
11356,578.9560375213623
11357,600.893063545227
11358,589.9495887756348
11359,590.0004215240479
11360,579.1465015411377
11361,579.1465015411377
11362,590.1195383071899
11363,590.1195383071899
11364,590.1195383071899
11365,568.2641315460205
11366,589.8646574020386
11367,589.8646574020386
11368,590.2580337524414
11369,579.4817638397217
11370,568.5992460250854
11371,579.3618764877319
11372,579.3618764877319
11373,579.3618764877319
11374,601.1588048934937
11375,546.6428556442261
11376,546.6428556442261
11377,546.6428556442261
11378,546.3647613525391
11379,546.2750577926636
11380,535.2750577926636
11381,546.2600383758545
11382,546.2600383758545
11383,535.351541519165
11384,524.424108505249
11385,513.5307693481445
11386,480.7379570007324
11387,491.6012315750122
11388,502.32784843444824
11389,502.5493860244751
11390,491.7029027938843
11391,480.838809967041
11392,491.7857027053833
11393,492.01176166534424
11394,481.10450172424316
11395,481.10450172424316
11396,459.1908130645752
11397,459.1908130645752
11398,459.1908130645752
11399,459.1908130645752
11400,459.1908130645752
11401,459.1908130645752
11402,459.1908130645752
11403,469.960298538208
11404,480.94353580474854
11405,481.1264772415161
11406,481.1264772415161
11407,481.1264772415161
11408,492.06438541412354
11409,492.06438541412354
11410,503.03895473480225
11411,492.0778684616089
11412,459.4886245727539
11413,470.7186918258667
11414,470.7186918258667
11415,459.90918350219727
11416,470.48462200164795
11417,470.42062282562256
11418,470.392240524292
11419,459.30775260925293
11420,470.30064868927
11421,470.30064868927
11422,470.30064868927
11423,480.9330110549927
11424,491.90417671203613
11425,480.9068126678467
11426,481.02826976776123
11427,481.02826976776123
11428,491.80313205718994
11429,480.79747676849365
11430,480.79747676849365
11431,469.9568853378296
11432,469.89752769470215
11433,469.89752769470215
11434,469.89752769470215
11435,469.89752769470215
11436,469.89752769470215
11437,469.89752769470215
11438,491.70332527160645
11439,491.70332527160645
11440,491.70332527160645
11441,481.12788677215576
11442,491.8047904968262
11443,470.0317325592041
11444,470.0317325592041
11445,470.0317325592041
11446,469.86383724212646
11447,469.86383724212646
11448,458.8234796524048
11449,469.69597148895264
11450,458.9211091995239
11451,458.9211091995239
11452,437.34572410583496
11453,437.34572410583496
11454,459.1312894821167
11455,480.6835708618164
11456,491.6682024002075
11457,491.6682024002075
11458,469.42028999328613
11459,469.42028999328613
11460,458.53597831726074
11461,458.53597831726074
11462,458.53597831726074
11463,436.9027376174927
11464,447.8915596008301
11465,447.8915596008301
11466,458.82013034820557
11467,448.00634002685547
11468,448.09717178344727
11469,448.09717178344727
11470,437.150279045105
11471,458.852334022522
11472,458.852334022522
11473,458.852334022522
11474,458.852334022522
11475,458.852334022522
11476,458.852334022522
11477,458.75501441955566
11478,448.0485153198242
11479,437.119029045105
11480,437.119029045105
11481,426.14445972442627
11482,426.14445972442627
11483,426.14445972442627
11484,426.29153633117676
11485,437.2643756866455
11486,437.2643756866455
11487,437.25167655944824
11488,426.39413261413574
11489,404.78229236602783
11490,404.78229236602783
11491,404.78229236602783
11492,404.78229236602783
11493,404.78229236602783
11494,404.78229236602783
11495,383.0180501937866
11496,383.0180501937866
11497,372.0861930847168
11498,382.99146461486816
11499,382.99146461486816
11500,393.86492919921875
11501,372.0563383102417
11502,372.0563383102417
11503,372.0563383102417
11504,372.0563383102417
11505,361.08330154418945
11506,350.2108097076416
11507,360.92228984832764
11508,350.09883880615234
11509,350.09883880615234
11510,350.09883880615234
11511,350.09883880615234
11512,350.0182514190674
11513,350.0182514190674
11514,350.0182514190674
11515,350.0182514190674
11516,350.0182514190674
11517,350.0182514190674
11518,339.10169506073
11519,317.44156646728516
11520,317.44156646728516
11521,317.44156646728516
11522,317.44156646728516
11523,317.44156646728516
11524,306.44955921173096
11525,306.44955921173096
11526,306.44955921173096
11527,284.7570495605469
11528,284.7570495605469
11529,284.7570495605469
11530,284.7570495605469
11531,295.6841506958008
11532,295.6841506958008
11533,295.6841506958008
11534,274.0046272277832
11535,263.0158052444458
11536,252.03082466125488
11537,252.03082466125488
11538,252.03082466125488
11539,252.03082466125488
11540,241.08698558807373
11541,241.08698558807373
11542,241.08698558807373
11543,241.08698558807373
11544,230.1490774154663
11545,230.1490774154663
11546,230.1490774154663
11547,230.1490774154663
11548,230.1490774154663
11549,230.1490774154663
11550,230.1490774154663
11551,230.1490774154663
11552,230.1490774154663
11553,219.1959753036499
11554,208.2113437652588
11555,208.2113437652588
11556,208.2113437652588
11557,208.2113437652588
11558,208.2113437652588
11559,208.2113437652588
11560,197.2228136062622
11561,186.22864437103271
11562,186.22864437103271
11563,186.22864437103271
11564,175.2928819656372
11565,175.2928819656372
11566,164.36187076568604
11567,164.36187076568604
11568,175.35790920257568
11569,175.35790920257568
11570,175.35790920257568
11571,175.35790920257568
11572,175.35790920257568
11573,175.35790920257568
11574,175.35790920257568
11575,175.35790920257568
11576,175.35790920257568
11577,164.35790920257568
11578,153.45263767242432
11579,153.45263767242432
11580,153.45263767242432
11581,142.4544506072998
11582,142.4544506072998
11583,142.4544506072998
11584,142.4544506072998
11585,142.37042427062988
11586,142.40899085998535
11587,131.50093746185303
11588,131.50093746185303
11589,131.50093746185303
11590,142.20564651489258
11591,131.22698307037354
11592,120.23094463348389
11593,120.23094463348389
11594,120.23094463348389
11595,120.23094463348389
11596,109.25977897644043
11597,109.25977897644043
11598,109.25977897644043
11599,109.25977897644043
11600,109.25977897644043
11601,98.33267784118652
11602,98.33267784118652
11603,98.33267784118652
11604,120.1570053100586
11605,98.30056381225586
11606,109.28525352478027
11607,109.28525352478027
11608,109.28525352478027
11609,109.28525352478027
11610,109.28525352478027
11611,109.28525352478027
11612,109.28525352478027
11613,109.28525352478027
11614,109.28525352478027
11615,109.28525352478027
11616,109.28525352478027
11617,98.31657791137695
11618,98.31657791137695
11619,98.31657791137695
11620,87.37880039215088
11621,76.67409133911133
11622,76.67409133911133
11623,76.67409133911133
11624,76.67409133911133
11625,76.67409133911133
11626,76.67409133911133
11627,76.67409133911133
11628,65.68119525909424
11629,65.68119525909424
11630,65.68119525909424
11631,65.68119525909424
11632,65.68119525909424
11633,65.68119525909424
11634,65.68119525909424
11635,65.68119525909424
11636,65.68119525909424
11637,65.68119525909424
11638,65.68119525909424
11639,65.68119525909424
11640,65.68119525909424
11641,65.68119525909424
11642,65.68119525909424
11643,65.68119525909424
11644,65.68119525909424
11645,65.68119525909424
11646,65.68119525909424
11647,65.68119525909424
11648,65.68119525909424
11649,65.68119525909424
11650,65.68119525909424
11651,65.68119525909424
11652,76.6468095779419
11653,76.6468095779419
11654,76.6468095779419
11655,76.6468095779419
11656,76.6468095779419
11657,87.22546482086182
11658,87.22546482086182
11659,87.22546482086182
11660,76.31484127044678
11661,65.34200191497803
11662,65.34200191497803
11663,76.10719013214111
11664,65.52853488922119
11665,65.52853488922119
11666,65.52853488922119
11667,65.52853488922119
11668,65.52853488922119
11669,54.59543704986572
11670,54.59543704986572
11671,54.59543704986572
11672,54.59543704986572
11673,43.70420742034912
11674,43.70420742034912
11675,54.57576084136963
11676,54.57576084136963
11677,54.57576084136963
11678,54.57576084136963
11679,54.57576084136963
11680,54.57576084136963
11681,65.4883279800415
11682,65.4883279800415
11683,65.4883279800415
11684,76.4883279800415
11685,76.4883279800415
11686,76.4883279800415
11687,76.4883279800415
11688,76.4883279800415
11689,76.4883279800415
11690,76.4883279800415
11691,76.4883279800415
11692,76.4883279800415
11693,76.4883279800415
11694,87.42167472839355
11695,87.42167472839355
11696,87.42167472839355
11697,87.42167472839355
11698,87.42167472839355
11699,87.42167472839355
11700,87.42167472839355
11701,87.42167472839355
11702,87.42167472839355
11703,87.42167472839355
11704,87.42167472839355
11705,98.35810661315918
11706,98.35810661315918
11707,98.35810661315918
11708,98.35810661315918
11709,76.60420322418213
11710,76.60420322418213
11711,76.60420322418213
11712,76.60420322418213
11713,76.60420322418213
11714,76.60420322418213
11715,76.60420322418213
11716,76.60420322418213
11717,76.60420322418213
11718,76.60420322418213
11719,76.60420322418213
11720,76.60420322418213
11721,76.60420322418213
11722,76.60420322418213
11723,98.13220596313477
11724,98.13220596313477
11725,98.13220596313477
11726,98.13220596313477
11727,98.13220596313477
11728,98.13220596313477
11729,98.13220596313477
11730,98.13220596313477
11731,87.19577407836914
11732,87.19577407836914
11733,87.19577407836914
11734,87.19577407836914
11735,87.19577407836914
11736,87.19577407836914
11737,87.19577407836914
11738,89.26206064224243
11739,89.26206064224243
11740,87.19577407836914
11741,98.00119686126709
11742,98.00119686126709
11743,98.00119686126709
11744,87.41252994537354
11745,87.41252994537354
11746,76.42784023284912
11747,76.42784023284912
11748,76.42784023284912
11749,76.42784023284912
11750,76.42784023284912
11751,76.42784023284912
11752,76.42784023284912
11753,76.42784023284912
11754,65.55628681182861
11755,54.64371967315674
11756,54.64371967315674
11757,54.64371967315674
11758,65.52363109588623
11759,65.52363109588623
11760,65.52363109588623
11761,65.52363109588623
11762,65.52363109588623
11763,65.52363109588623
11764,65.52363109588623
11765,65.52363109588623
11766,65.52363109588623
11767,65.52363109588623
11768,65.52363109588623
11769,65.52363109588623
11770,65.52363109588623
11771,65.52363109588623
11772,76.36147499084473
11773,65.36147499084473
11774,54.422139167785645
11775,54.422139167785645
11776,43.616716384887695
11777,43.616716384887695
11778,54.418697357177734
11779,54.418697357177734
11780,54.418697357177734
11781,54.418697357177734
11782,54.418697357177734
11783,54.418697357177734
11784,54.418697357177734
11785,54.418697357177734
11786,54.418697357177734
11787,54.418697357177734
11788,54.418697357177734
11789,65.35358905792236
11790,65.35358905792236
11791,65.35358905792236
11792,65.35358905792236
11793,65.35358905792236
11794,65.35358905792236
11795,65.35358905792236
11796,65.35358905792236
11797,65.35358905792236
11798,54.51574516296387
11799,54.51574516296387
11800,54.51574516296387
11801,54.51574516296387
11802,54.51574516296387
11803,54.51574516296387
11804,54.51574516296387
11805,54.51574516296387
11806,54.51574516296387
11807,54.51574516296387
11808,54.51574516296387
11809,54.51574516296387
11810,54.51574516296387
11811,43.71376419067383
11812,43.71376419067383
11813,43.71376419067383
11814,43.71376419067383
11815,43.71376419067383
11816,43.71376419067383
11817,43.71376419067383
11818,43.71376419067383
11819,43.71376419067383
11820,32.78041744232178
11821,32.78041744232178
11822,32.78041744232178
11823,32.78041744232178
11824,21.81480312347412
11825,21.81480312347412
11826,21.81480312347412
11827,10.934891700744629
11828,10.934891700744629
11829,21.86378288269043
11830,21.86378288269043
11831,21.86378288269043
11832,21.86378288269043
11833,21.86378288269043
11834,21.86378288269043
11835,21.86378288269043
11836,21.86378288269043
11837,21.86378288269043
11838,21.86378288269043
11839,21.86378288269043
11840,21.86378288269043
11841,21.86378288269043
11842,21.86378288269043
11843,21.86378288269043
11844,21.86378288269043
11845,21.86378288269043
11846,21.86378288269043
11847,21.86378288269043
11848,32.71271991729736
11849,32.71271991729736
11850,32.71271991729736
11851,32.71271991729736
11852,32.71271991729736
11853,32.71271991729736
11854,32.71271991729736
11855,32.71271991729736
11856,32.71271991729736
11857,32.71271991729736
11858,32.71271991729736
11859,32.71271991729736
11860,32.71271991729736
11861,32.71271991729736
11862,32.71271991729736
11863,32.71271991729736
11864,32.71271991729736
11865,43.56022930145264
11866,54.51421642303467
11867,54.51421642303467
11868,54.51421642303467
11869,54.51421642303467
11870,43.666707038879395
11871,43.666707038879395
11872,54.649810791015625
11873,65.62828922271729
11874,65.62828922271729
11875,65.62828922271729
11876,65.62828922271729
11877,65.62828922271729
11878,54.693397521972656
11879,54.693397521972656
11880,65.62365341186523
11881,76.57379913330078
11882,76.57379913330078
11883,65.72486209869385
11884,65.72486209869385
11885,76.45689296722412
11886,87.45689296722412
11887,108.89955806732178
11888,108.89955806732178
11889,108.89955806732178
11890,130.87476539611816
11891,130.87476539611816
11892,130.87476539611816
11893,130.87476539611816
11894,130.87476539611816
11895,130.87476539611816
11896,141.8636999130249
11897,141.8636999130249
11898,141.8636999130249
11899,152.70646381378174
11900,152.70646381378174
11901,152.70646381378174
11902,152.70646381378174
11903,152.70646381378174
11904,163.27771472930908
11905,152.658597946167
11906,163.6381950378418
11907,163.6381950378418
11908,163.6381950378418
11909,174.59944915771484
11910,185.5422945022583
11911,185.5422945022583
11912,196.51981449127197
11913,207.39113426208496
11914,207.39113426208496
11915,207.39113426208496
11916,196.6591033935547
11917,196.6591033935547
11918,196.6591033935547
11919,196.6591033935547
11920,185.83555507659912
11921,174.90666389465332
11922,174.90666389465332
11923,174.90666389465332
11924,185.90666389465332
11925,185.90666389465332
11926,196.85175800323486
11927,207.80010509490967
11928,218.66486072540283
11929,218.66486072540283
11930,208.0936098098755
11931,212.374089717865
11932,223.35754919052124
11933,219.07706928253174
11934,219.07706928253174
11935,219.07706928253174
11936,219.07706928253174
11937,219.07706928253174
11938,219.07706928253174
11939,229.81364250183105
11940,218.82470798492432
11941,229.82470798492432
11942,229.82470798492432
11943,229.82470798492432
11944,207.87072086334229
11945,207.87072086334229
11946,218.87072086334229
11947,218.87072086334229
11948,218.87072086334229
11949,218.87072086334229
11950,229.7562198638916
11951,229.7562198638916
11952,229.7562198638916
11953,240.64538288116455
11954,251.64538288116455
11955,240.80261898040771
11956,251.7354440689087
11957,251.7354440689087
11958,251.7354440689087
11959,251.7354440689087
11960,240.99887084960938
11961,240.99887084960938
11962,241.11337184906006
11963,241.11337184906006
11964,230.13816452026367
11965,240.87964820861816
11966,251.85205173492432
11967,251.85205173492432
11968,251.85205173492432
11969,262.8032398223877
11970,251.85309410095215
11971,262.68435192108154
11972,284.4838352203369
11973,284.4838352203369
11974,284.4838352203369
11975,284.4838352203369
11976,295.4180669784546
11977,306.4180669784546
11978,306.4180669784546
11979,295.43460750579834
11980,284.4917621612549
11981,295.43203926086426
11982,306.39817810058594
11983,317.31243896484375
11984,317.31243896484375
11985,328.2420721054077
11986,327.96153354644775
11987,317.0002794265747
11988,327.8541784286499
11989,317.0501899719238
11990,306.07171154022217
11991,306.07171154022217
11992,317.02521800994873
11993,317.05792140960693
11994,306.03710174560547
11995,306.03710174560547
11996,306.03710174560547
11997,328.00693702697754
11998,328.05858993530273
11999,338.8245964050293
12000,349.3495063781738
12001,338.60802268981934
12002,338.60802268981934
12003,349.5245704650879
12004,349.5245704650879
12005,371.40295124053955
12006,392.530725479126
12007,392.5511283874512
12008,371.04598808288574
12009,380.58339405059814
12010,402.39319038391113
12011,413.0094470977783
12012,434.83085918426514
12013,445.6795377731323
12014,445.6795377731323
12015,446.4671697616577
12016,436.85664558410645
12017,436.85664558410645
12018,436.85664558410645
12019,425.85664558410645
12020,414.8791255950928
12021,404.1131191253662
12022,404.1131191253662
12023,382.5660591125488
12024,414.7359628677368
12025,414.71543979644775
12026,403.7703456878662
12027,436.6226167678833
12028,436.6226167678833
12029,447.6002674102783
12030,447.6002674102783
12031,490.40773487091064
12032,468.87721729278564
12033,468.87721729278564
12034,468.87721729278564
12035,458.06117248535156
12036,458.06117248535156
12037,447.1937322616577
12038,447.6736249923706
12039,489.5684938430786
12040,478.5789108276367
12041,467.3273696899414
12042,468.1520690917969
12043,500.15707874298096
12044,500.15707874298096
12045,532.7510995864868
12046,512.6759700775146
12047,501.741738319397
12048,501.741738319397
12049,512.589563369751
12050,501.589563369751
12051,501.5459289550781
12052,501.5459289550781
12053,501.45834827423096
12054,512.3932847976685
12055,512.3932847976685
12056,512.3461599349976
12057,501.9745454788208
12058,512.0685329437256
12059,512.0627822875977
12060,490.57198905944824
12061,501.54040718078613
12062,490.35243225097656
12063,490.24371814727783
12064,501.1055107116699
12065,491.05076026916504
12066,491.04075813293457
12067,480.0452632904053
12068,490.9965305328369
12069,490.9965305328369
12070,511.95284366607666
12071,522.7707204818726
12072,522.8451232910156
12073,522.8451232910156
12074,522.7690229415894
12075,522.8710536956787
12076,513.049822807312
12077,524.0290861129761
12078,535.0076589584351
12079,524.3127593994141
12080,513.4640808105469
12081,502.54149532318115
12082,491.5796184539795
12083,513.4806432723999
12084,535.375057220459
12085,524.6584920883179
12086,513.8617324829102
12087,513.8421850204468
12088,503.0600185394287
12089,513.9713554382324
12090,513.9713554382324
12091,524.9130392074585
12092,524.9130392074585
12093,535.877589225769
12094,535.877589225769
12095,535.877589225769
12096,546.7887144088745
12097,546.744514465332
12098,535.9318170547485
12099,503.0861291885376
12100,524.9849662780762
12101,524.9849662780762
12102,535.8884439468384
12103,557.6972198486328
12104,546.8354272842407
12105,546.3285417556763
12106,557.3285417556763
12107,546.3493614196777
12108,535.3493614196777
12109,535.3493614196777
12110,557.2393579483032
12111,557.2393579483032
12112,557.2590007781982
12113,546.3424530029297
12114,557.3042278289795
12115,589.7367706298828
12116,578.82435131073
12117,578.82435131073
12118,578.7913093566895
12119,578.9322090148926
12120,578.750904083252
12121,567.903079032898
12122,589.6788539886475
12123,567.7719831466675
12124,546.4358806610107
12125,534.9919452667236
12126,545.8177642822266
12127,534.8423957824707
12128,534.8737468719482
12129,534.8737468719482
12130,534.8737468719482
12131,534.8737468719482
12132,545.7247695922852
12133,556.7224645614624
12134,556.7224645614624
12135,546.4334354400635
12136,546.4334354400635
12137,535.5121669769287
12138,524.5121669769287
12139,514.0744581222534
12140,525.0697393417358
12141,514.1582193374634
12142,525.0323257446289
12143,514.0802764892578
12144,514.0802764892578
12145,514.0653676986694
12146,514.0653676986694
12147,503.12509059906006
12148,503.1151943206787
12149,492.11565494537354
12150,492.11565494537354
12151,481.1760835647583
12152,470.2040214538574
12153,459.2063264846802
12154,459.2063264846802
12155,448.2809953689575
12156,437.3122673034668
12157,448.2705936431885
12158,447.4734754562378
12159,436.68185329437256
12160,425.7106876373291
12161,425.38999462127686
12162,414.44762992858887
12163,414.44762992858887
12164,392.71640396118164
12165,371.9278087615967
12166,393.5879077911377
12167,382.6533212661743
12168,360.71796798706055
12169,371.62127113342285
12170,371.62127113342285
12171,371.51049041748047
12172,360.59364223480225
12173,360.59364223480225
12174,349.6614751815796
12175,327.7883634567261
12176,295.05284118652344
12177,284.1454858779907
12178,284.1454858779907
12179,284.1454858779907
12180,284.1454858779907
12181,284.1454858779907
12182,295.10103034973145
12183,284.1233797073364
12184,284.1233797073364
12185,295.0551109313965
12186,284.17638969421387
12187,293.2528190612793
12188,293.2528190612793
12189,304.17225074768066
12190,314.9515104293823
12191,304.0480327606201
12192,304.0480327606201
12193,283.9930305480957
12194,273.0819320678711
12195,273.0819320678711
12196,251.25710201263428
12197,251.25710201263428
12198,251.3801212310791
12199,251.3801212310791
12200,251.3801212310791
12201,240.50601482391357
12202,229.55474758148193
12203,251.0814437866211
12204,251.0814437866211
12205,251.0814437866211
12206,251.0814437866211
12207,251.0814437866211
12208,239.99180221557617
12209,229.06004524230957
12210,229.06004524230957
12211,229.06004524230957
12212,229.06004524230957
12213,229.06004524230957
12214,229.06004524230957
12215,239.71760272979736
12216,228.71760272979736
12217,228.71760272979736
12218,217.9123659133911
12219,227.8015308380127
12220,238.68768787384033
12221,248.22434616088867
12222,226.64673137664795
12223,226.64673137664795
12224,237.35264587402344
12225,248.33661365509033
12226,237.350435256958
12227,226.46427822113037
12228,234.9755630493164
12229,215.77048015594482
12230,215.77048015594482
12231,205.09589290618896
12232,207.47577667236328
12233,196.52955532073975
12234,207.47256183624268
12235,217.9771490097046
12236,217.9771490097046
12237,217.9771490097046
12238,239.76573276519775
12239,239.76573276519775
12240,239.76573276519775
12241,239.76573276519775
12242,239.76573276519775
12243,239.76573276519775
12244,272.5990629196167
12245,272.5990629196167
12246,272.5990629196167
12247,262.0944757461548
12248,283.42863845825195
12249,294.42863845825195
12250,283.6343870162964
12251,294.68624114990234
12252,283.7363872528076
12253,272.78798389434814
12254,283.69019985198975
12255,283.69019985198975
12256,283.70623207092285
12257,294.6134252548218
12258,294.6134252548218
12259,294.6134252548218
12260,294.86440658569336
12261,294.86440658569336
12262,294.86440658569336
12263,305.68459033966064
12264,305.7129201889038
12265,317.0957717895508
12266,306.2436628341675
12267,295.2766971588135
12268,295.2766971588135
12269,295.2766971588135
12270,295.2766971588135
12271,283.3506393432617
12272,283.3506393432617
12273,283.3506393432617
12274,293.95244216918945
12275,282.99684619903564
12276,272.18026542663574
12277,283.14149379730225
12278,283.23819065093994
12279,283.23819065093994
12280,283.23819065093994
12281,306.1826972961426
12282,306.1826972961426
12283,306.1826972961426
12284,306.1826972961426
12285,306.1826972961426
12286,306.1826972961426
12287,294.47572326660156
12288,283.47572326660156
12289,283.47572326660156
12290,284.32709884643555
12291,284.32709884643555
12292,273.51390075683594
12293,273.51390075683594
12294,284.51390075683594
12295,295.476863861084
12296,295.476863861084
12297,284.87506103515625
12298,284.87506103515625
12299,284.87506103515625
12300,274.05487728118896
12301,302.08987045288086
12302,302.08987045288086
12303,302.0239534378052
12304,306.7292413711548
12305,306.7292413711548
12306,317.56836223602295
12307,317.56836223602295
12308,306.5794954299927
12309,306.5794954299927
12310,306.48778533935547
12311,317.4222764968872
12312,317.4222764968872
12313,317.4222764968872
12314,328.2249631881714
12315,317.28195667266846
12316,317.28195667266846
12317,317.28195667266846
12318,295.2845125198364
12319,273.56989002227783
12320,273.56989002227783
12321,284.44193172454834
12322,295.3963146209717
12323,317.2535457611084
12324,317.2535457611084
12325,317.2980012893677
12326,306.33503818511963
12327,306.33503818511963
12328,317.2247886657715
12329,284.2701349258423
12330,284.2701349258423
12331,284.2701349258423
12332,284.2701349258423
12333,284.2701349258423
12334,284.2701349258423
12335,273.3980932235718
12336,284.35829734802246
12337,284.35829734802246
12338,284.35829734802246
12339,316.8015480041504
12340,316.8015480041504
12341,316.8015480041504
12342,305.8015480041504
12343,305.8015480041504
12344,294.8854761123657
12345,305.85250759124756
12346,305.85250759124756
12347,305.85250759124756
12348,295.0498208999634
12349,295.0498208999634
12350,295.0498208999634
12351,284.0781240463257
12352,284.0781240463257
12353,294.29582691192627
12354,294.29582691192627
12355,283.6494197845459
12356,272.7472038269043
12357,261.6055574417114
12358,272.4082498550415
12359,283.30127334594727
12360,294.28676319122314
12361,294.28676319122314
12362,305.16311740875244
12363,316.0557279586792
12364,316.0557279586792
12365,294.16623973846436
12366,305.1543855667114
12367,294.93668270111084
12368,284.0975618362427
12369,284.0553607940674
12370,295.0553607940674
12371,295.0553607940674
12372,295.0553607940674
12373,295.0553607940674
12374,284.2521390914917
12375,284.2521390914917
12376,284.20011043548584
12377,295.1956090927124
12378,295.1956090927124
12379,284.23309326171875
12380,284.23309326171875
12381,284.23309326171875
12382,273.29660415649414
12383,273.29660415649414
12384,273.29660415649414
12385,284.2347717285156
12386,317.0111246109009
12387,317.0111246109009
12388,317.0111246109009
12389,327.9903202056885
12390,306.1975259780884
12391,339.02050590515137
12392,328.02606773376465
12393,338.84017181396484
12394,327.9429063796997
12395,349.7997188568115
12396,349.69446086883545
12397,360.69446086883545
12398,371.57669734954834
12399,382.57669734954834
12400,382.57669734954834
12401,371.70034313201904
12402,371.70034313201904
12403,382.4376468658447
12404,393.09887886047363
12405,403.8508529663086
12406,403.8508529663086
12407,392.95782947540283
12408,392.95782947540283
12409,392.95782947540283
12410,392.9775810241699
12411,392.9775810241699
12412,392.9775810241699
12413,392.9775810241699
12414,403.9775810241699
12415,403.9775810241699
12416,393.117226600647
12417,382.2620620727539
12418,382.2620620727539
12419,402.8918056488037
12420,412.99324321746826
12421,434.99324321746826
12422,434.99324321746826
12423,413.25733757019043
12424,413.25733757019043
12425,403.5029773712158
12426,392.57363986968994
12427,382.6396942138672
12428,382.63923263549805
12429,382.7068977355957
12430,382.7068977355957
12431,382.7068977355957
12432,361.29369163513184
12433,350.3405809402466
12434,339.34453678131104
12435,350.28453063964844
12436,350.28453063964844
12437,361.26030921936035
12438,361.26030921936035
12439,350.2168674468994
12440,361.1925935745239
12441,371.0702705383301
12442,371.0702705383301
12443,361.40259552001953
12444,361.40259552001953
12445,350.5099849700928
12446,361.4286422729492
12447,372.4286422729492
12448,372.4171829223633
12449,361.5417995452881
12450,361.5417995452881
12451,372.49577140808105
12452,361.4083080291748
12453,361.4083080291748
12454,361.4083080291748
12455,361.4083080291748
12456,361.4083080291748
12457,361.4083080291748
12458,372.4083080291748
12459,383.3329772949219
12460,383.3329772949219
12461,394.3266134262085
12462,405.2749500274658
12463,405.2749500274658
12464,405.2749500274658
12465,383.45368671417236
12466,383.45368671417236
12467,394.4435806274414
12468,394.4435806274414
12469,394.4435806274414
12470,383.47654914855957
12471,383.47654914855957
12472,394.2217836380005
12473,405.21296215057373
12474,415.29085063934326
12475,404.2953519821167
12476,415.18334579467773
12477,393.29686737060547
12478,425.9249839782715
12479,414.98804569244385
12480,436.7215156555176
12481,436.7215156555176
12482,447.7365789413452
12483,436.7768363952637
12484,414.982421875
12485,404.90453338623047
12486,425.7161703109741
12487,447.65511894226074
12488,436.65511894226074
12489,447.5161876678467
12490,425.68628787994385
12491,436.60711669921875
12492,425.72488021850586
12493,414.83013820648193
12494,425.83013820648193
12495,447.5544242858887
12496,448.6338806152344
12497,448.6338806152344
12498,459.5731840133667
12499,470.53730487823486
12500,470.53730487823486
12501,481.4393835067749
12502,481.37744998931885
12503,470.2672395706177
12504,470.2672395706177
12505,470.2672395706177
12506,502.88795280456543
12507,524.6516923904419
12508,535.3890924453735
12509,524.5645923614502
12510,524.5645923614502
12511,513.6399230957031
12512,502.88073539733887
12513,513.8438539505005
12514,524.779224395752
12515,533.6134433746338
12516,554.9734516143799
12517,543.9762125015259
12518,543.9134664535522
12519,543.9134664535522
12520,522.0311822891235
12521,524.3953924179077
12522,524.3594169616699
12523,535.3081617355347
12524,535.3081617355347
12525,546.2990703582764
12526,557.2639427185059
12527,557.2639427185059
12528,546.3756732940674
12529,535.5244874954224
12530,535.5244874954224
12531,535.5244874954224
12532,524.9939041137695
12533,524.1820049285889
12534,556.3827714920044
12535,556.3761940002441
12536,556.3761940002441
12537,524.0802946090698
12538,513.9280729293823
12539,524.9260168075562
12540,524.9260168075562
12541,524.9260168075562
12542,524.2642259597778
12543,556.991551399231
12544,535.0627813339233
12545,545.8898735046387
12546,556.8594369888306
12547,556.8594369888306
12548,557.541431427002
12549,557.541431427002
12550,568.5147085189819
12551,568.5147085189819
12552,568.4425201416016
12553,590.3478345870972
12554,579.3867292404175
12555,611.877703666687
12556,633.5103139877319
12557,622.7748899459839
12558,611.9780435562134
12559,623.1089448928833
12560,612.3512783050537
12561,623.3315229415894
12562,644.8253965377808
12563,644.8253965377808
12564,623.0132675170898
12565,623.0132675170898
12566,612.1554565429688
12567,612.14404296875
12568,601.5114059448242
12569,623.3543462753296
12570,634.329999923706
12571,645.3162603378296
12572,667.036997795105
12573,667.036997795105
12574,667.036997795105
12575,688.9005279541016
12576,699.8467884063721
12577,710.7749376296997
12578,699.7947578430176
12579,699.8168992996216
12580,699.7206497192383
12581,721.327639579773
12582,721.4742851257324
12583,743.3094139099121
12584,765.4242658615112
12585,776.3997449874878
12586,798.1535587310791
12587,809.0519514083862
12588,808.553635597229
12589,797.5667018890381
12590,830.4749708175659
12591,819.5904111862183
12592,808.7163753509521
12593,808.7163753509521
12594,830.3315258026123
12595,830.4446268081665
12596,841.4123382568359
12597,841.4123382568359
12598,841.4605407714844
12599,863.1814451217651
12600,884.9795227050781
12601,906.5568990707397
12602,906.024374961853
12603,927.3079013824463
12604,960.1375789642334
12605,959.5210304260254
12606,992.0621824264526
12607,1003.0346183776855
12608,1024.7157926559448
12609,1014.2601366043091
12610,1035.9774942398071
12611,1046.9568014144897
12612,1047.042441368103
12613,1047.042441368103
12614,1069.0536975860596
12615,1122.6434898376465
12616,1122.6434898376465
12617,1112.3928899765015
12618,1134.1902027130127
12619,1123.354775428772
12620,1144.9747486114502
12621,1155.6087045669556
12622,1146.181492805481
12623,1168.2922992706299
12624,1146.6613368988037
12625,1135.9561700820923
12626,1187.8834161758423
12627,1209.5822257995605
12628,1220.5874977111816
12629,1231.5346813201904
12630,1231.5346813201904
12631,1233.6013565063477
12632,1255.409252166748
12633,1255.7457818984985
12634,1245.0542163848877
12635,1245.193531036377
12636,1222.792818069458
12637,1244.4855318069458
12638,1276.9503087997437
12639,1298.8398838043213
12640,1288.168659210205
12641,1277.1066331863403
12642,1277.2094230651855
12643,1256.0379667282104
12644,1245.3858861923218
12645,1266.957106590271
12646,1277.9737491607666
12647,1300.013243675232
12648,1300.013243675232
12649,1332.492488861084
12650,1343.392526626587
12651,1354.364317893982
12652,1343.3686075210571
12653,1343.3686075210571
12654,1343.5781154632568
12655,1333.1491994857788
12656,1333.1693620681763
12657,1322.1051692962646
12658,1322.1398420333862
12659,1300.3472061157227
12660,1278.5159816741943
12661,1278.5159816741943
12662,1300.457257270813
12663,1267.9206352233887
12664,1289.8598079681396
12665,1278.896689414978
12666,1257.2405614852905
12667,1224.5255918502808
12668,1224.5255918502808
12669,1224.5255918502808
12670,1224.484257698059
12671,1224.484257698059
12672,1224.484257698059
12673,1235.4695873260498
12674,1235.3379096984863
12675,1251.2967138290405
12676,1240.3091745376587
12677,1246.1358680725098
12678,1257.0643434524536
12679,1257.281002998352
12680,1256.974573135376
12681,1245.974573135376
12682,1202.5302925109863
12683,1191.5364294052124
12684,1213.4576978683472
12685,1224.5577898025513
12686,1213.5853958129883
12687,1213.4078016281128
12688,1224.2131595611572
12689,1224.2131595611572
12690,1267.5438804626465
12691,1256.4675607681274
12692,1212.7796812057495
12693,1190.9367570877075
12694,1180.0146350860596
12695,1169.029384613037
12696,1169.029384613037
12697,1158.2277784347534
12698,1169.133942604065
12699,1169.133942604065
12700,1169.133942604065
12701,1169.175269126892
12702,1190.6737384796143
12703,1179.8139371871948
12704,1190.5128860473633
12705,1201.2704105377197
12706,1179.5138292312622
12707,1190.4984951019287
12708,1190.4606704711914
12709,1201.3805904388428
12710,1223.3373069763184
12711,1223.4284534454346
12712,1223.2891473770142
12713,1190.418212890625
12714,1201.3170518875122
12715,1212.2614679336548
12716,1190.6784839630127
12717,1168.844349861145
12718,1157.4719409942627
12719,1136.0733518600464
12720,1125.1248722076416
12721,1125.1566524505615
12722,1103.6321105957031
12723,1092.6504411697388
12724,1092.3852500915527
12725,1092.3852500915527
12726,1092.0242471694946
12727,1081.1340370178223
12728,1059.3247623443604
12729,1037.7423429489136
12730,1015.9457197189331
12731,1005.2054309844971
12732,994.3139047622681
12733,1005.0105142593384
12734,972.4321117401123
12735,961.7507829666138
12736,950.8337821960449
12737,929.504430770874
12738,929.504430770874
12739,929.1256971359253
12740,929.1256971359253
12741,885.3738527297974
12742,874.3832931518555
12743,852.6223201751709
12744,852.6223201751709
12745,830.7063779830933
12746,819.7064733505249
12747,798.1034116744995
12748,787.4871921539307
12749,776.7134952545166
12750,787.6472520828247
12751,776.673978805542
12752,765.7300100326538
12753,776.545524597168
12754,776.545524597168
12755,776.545524597168
12756,754.7569665908813
12757,754.7569665908813
12758,754.7569665908813
12759,743.9648637771606
12760,733.3791303634644
12761,722.490644454956
12762,679.0446786880493
12763,657.1439971923828
12764,646.2020359039307
12765,656.9514999389648
12766,646.0672416687012
12767,656.9652652740479
12768,645.9973707199097
12769,646.0779228210449
12770,646.0779228210449
12771,646.0779228210449
12772,646.1643486022949
12773,645.8177042007446
12774,645.8177042007446
12775,634.8512048721313
12776,656.6378087997437
12777,667.5901031494141
12778,645.6745929718018
12779,634.7157125473022
12780,623.7367706298828
12781,623.7367706298828
12782,612.4413557052612
12783,601.4734172821045
12784,601.4734172821045
12785,590.6089353561401
12786,580.0356597900391
12787,580.0356597900391
12788,558.1130294799805
12789,558.1130294799805
12790,558.1130294799805
12791,558.1130294799805
12792,547.163815498352
12793,536.181001663208
12794,514.2516117095947
12795,492.3603277206421
12796,470.62127780914307
12797,459.6418581008911
12798,459.3117666244507
12799,459.3117666244507
12800,448.36417865753174
12801,459.34735774993896
12802,415.9269847869873
12803,415.9269847869873
12804,415.9269847869873
12805,404.9270257949829
12806,404.9270257949829
12807,383.0488796234131
12808,350.32987880706787
12809,339.3640546798706
12810,328.6980152130127
12811,328.6980152130127
12812,328.6980152130127
12813,350.3670930862427
12814,350.2710781097412
12815,328.29331398010254
12816,317.3463764190674
12817,284.54011058807373
12818,273.5678596496582
12819,273.5678596496582
12820,284.5262393951416
12821,284.5262393951416
12822,273.5739450454712
12823,273.5739450454712
12824,262.67900943756104
12825,262.67900943756104
12826,262.4832639694214
12827,262.4832639694214
12828,262.4832639694214
12829,251.54950714111328
12830,251.54950714111328
12831,251.318341255188
12832,251.318341255188
12833,251.3322048187256
12834,229.3847303390503
12835,229.3847303390503
12836,207.4867992401123
12837,207.4867992401123
12838,207.4867992401123
12839,207.4867992401123
12840,207.4867992401123
12841,207.4867992401123
12842,207.4867992401123
12843,207.4867992401123
12844,207.4867992401123
12845,207.4867992401123
12846,207.4867992401123
12847,207.4867992401123
12848,207.4867992401123
12849,207.4867992401123
12850,185.70824909210205
12851,174.73392581939697
12852,163.8359022140503
12853,163.8359022140503
12854,163.8359022140503
12855,163.8359022140503
12856,153.0553741455078
12857,163.759934425354
12858,163.759934425354
12859,163.759934425354
12860,163.759934425354
12861,163.759934425354
12862,163.759934425354
12863,163.94645500183105
12864,163.94645500183105
12865,153.24189472198486
12866,164.14921951293945
12867,164.14921951293945
12868,164.14921951293945
12869,175.0482006072998
12870,164.0635347366333
12871,153.27210807800293
12872,142.38355827331543
12873,153.06073760986328
12874,131.17632961273193
12875,131.17632961273193
12876,142.02211093902588
12877,142.02211093902588
12878,152.71775245666504
12879,152.71775245666504
12880,152.71775245666504
12881,152.71775245666504
12882,152.71775245666504
12883,152.71775245666504
12884,152.71775245666504
12885,152.71775245666504
12886,152.71775245666504
12887,142.0405731201172
12888,142.0405731201172
12889,131.10381698608398
12890,131.10381698608398
12891,131.10381698608398
12892,131.10381698608398
12893,152.22324562072754
12894,141.25780773162842
12895,141.25780773162842
12896,141.25780773162842
12897,141.13451766967773
12898,130.13549137115479
12899,130.13549137115479
12900,130.13549137115479
12901,130.13549137115479
12902,130.13549137115479
12903,130.13549137115479
12904,119.87374019622803
12905,119.87374019622803
12906,119.87374019622803
12907,119.87374019622803
12908,119.87374019622803
12909,108.98481178283691
12910,98.28917026519775
12911,98.28917026519775
12912,98.28917026519775
12913,109.28760528564453
12914,109.28760528564453
12915,120.19630336761475
12916,120.19630336761475
12917,120.19630336761475
12918,120.19630336761475
12919,120.19630336761475
12920,120.19630336761475
12921,120.19630336761475
12922,131.13096141815186
12923,131.13096141815186
12924,131.13096141815186
12925,131.13096141815186
12926,131.13096141815186
12927,131.13096141815186
12928,142.04666328430176
12929,131.2008819580078
12930,120.21770286560059
12931,120.21770286560059
12932,98.31201553344727
12933,87.44882011413574
12934,87.53987407684326
12935,87.53987407684326
12936,87.53987407684326
12937,87.53987407684326
12938,76.68219661712646
12939,76.68219661712646
12940,76.68219661712646
12941,76.68219661712646
12942,65.71438598632812
12943,65.71438598632812
12944,65.71438598632812
12945,76.71438598632812
12946,76.71438598632812
12947,76.71438598632812
12948,76.71438598632812
12949,76.71438598632812
12950,87.48946380615234
12951,87.48946380615234
12952,97.79268836975098
12953,97.79268836975098
12954,97.79268836975098
12955,97.79268836975098
12956,97.79268836975098
12957,97.79268836975098
12958,108.76892280578613
12959,108.76892280578613
