,0
0,0.0
1,0.0
2,0.0
3,0.0
4,0.0
5,0.0
6,0.0
7,0.0
8,0.0
9,0.0
10,0.0
11,0.0
12,0.0
13,0.0
14,0.0
15,0.0
16,0.0
17,0.0
18,0.0
19,0.0
20,0.0
21,0.0
22,0.0
23,0.0
24,0.0
25,0.0
26,0.0
27,0.0
28,0.0
29,0.0
30,0.0
31,0.0
32,0.0
33,0.0
34,0.0
35,0.0
36,0.0
37,0.0
38,0.0
39,0.0
40,0.0
41,0.0
42,0.0
43,0.0
44,0.0
45,0.0
46,0.0
47,0.0
48,0.0
49,0.0
50,0.0
51,0.0
52,0.0
53,0.0
54,0.0
55,0.0
56,0.0
57,0.0
58,0.0
59,0.0
60,0.0
61,0.0
62,0.0
63,0.0
64,0.0
65,0.0
66,0.0
67,0.0
68,0.0
69,0.0
70,0.0
71,10.9872019620324
72,10.9872019620324
73,10.9872019620324
74,10.9872019620324
75,10.9872019620324
76,10.9872019620324
77,10.9872019620324
78,10.9872019620324
79,10.9872019620324
80,10.9872019620324
81,10.9872019620324
82,10.9872019620324
83,10.9872019620324
84,10.9872019620324
85,10.9872019620324
86,10.9872019620324
87,10.9872019620324
88,10.9872019620324
89,10.9872019620324
90,10.9872019620324
91,0.0
92,0.0
93,0.0
94,0.0
95,0.0
96,0.0
97,3.6420603206264404
98,3.6420603206264404
99,3.6420603206264404
100,3.6420603206264404
101,3.6420603206264404
102,14.374470750612756
103,14.374470750612756
104,14.374470750612756
105,14.374470750612756
106,14.374470750612756
107,14.374470750612756
108,14.374470750612756
109,14.374470750612756
110,14.374470750612756
111,14.374470750612756
112,14.374470750612756
113,14.374470750612756
114,14.374470750612756
115,14.374470750612756
116,14.374470750612756
117,14.374470750612756
118,14.374470750612756
119,14.374470750612756
120,14.374470750612756
121,14.374470750612756
122,14.374470750612756
123,14.374470750612756
124,14.374470750612756
125,14.374470750612756
126,14.374470750612756
127,3.6420603206264404
128,7.296697588335814
129,7.296697588335814
130,7.296697588335814
131,7.296697588335814
132,7.296697588335814
133,7.296697588335814
134,7.296697588335814
135,3.654637267709373
136,3.654637267709373
137,3.654637267709373
138,3.654637267709373
139,14.12912178852449
140,14.12912178852449
141,14.12912178852449
142,14.12912178852449
143,14.12912178852449
144,14.12912178852449
145,14.12912178852449
146,14.12912178852449
147,14.12912178852449
148,14.12912178852449
149,14.12912178852449
150,14.12912178852449
151,14.12912178852449
152,14.12912178852449
153,14.12912178852449
154,14.12912178852449
155,14.12912178852449
156,14.12912178852449
157,3.654637267709373
158,3.654637267709373
159,3.654637267709373
160,3.654637267709373
161,3.654637267709373
162,3.654637267709373
163,3.654637267709373
164,3.654637267709373
165,3.654637267709373
166,3.654637267709373
167,3.654637267709373
168,3.654637267709373
169,3.654637267709373
170,3.654637267709373
171,3.654637267709373
172,3.654637267709373
173,3.654637267709373
174,3.654637267709373
175,3.654637267709373
176,3.654637267709373
177,3.654637267709373
178,3.654637267709373
179,0.0
180,0.0
181,0.0
182,0.0
183,0.0
184,0.0
185,0.0
186,0.0
187,0.0
188,0.0
189,0.0
190,0.0
191,0.0
192,0.0
193,0.0
194,0.0
195,0.0
196,0.0
197,0.0
198,0.0
199,0.0
200,0.0
201,0.0
202,0.0
203,0.0
204,0.0
205,0.0
206,0.0
207,0.0
208,10.331893159039618
209,10.331893159039618
210,10.331893159039618
211,10.331893159039618
212,10.331893159039618
213,10.331893159039618
214,10.331893159039618
215,10.331893159039618
216,10.331893159039618
217,10.331893159039618
218,10.331893159039618
219,10.331893159039618
220,10.331893159039618
221,10.331893159039618
222,10.331893159039618
223,10.331893159039618
224,0.0
225,0.0
226,0.0
227,0.0
228,0.0
229,0.0
230,0.0
231,0.0
232,3.6546797951103107
233,3.6546797951103107
234,3.6546797951103107
235,115.98178217444813
236,115.98178217444813
237,115.98178217444813
238,3.6546797951103107
239,3.6546797951103107
240,3.6546797951103107
241,3.6546797951103107
242,7.327552642758873
243,7.327552642758873
244,7.327552642758873
245,7.327552642758873
246,7.327552642758873
247,7.327552642758873
248,7.327552642758873
249,7.327552642758873
250,7.327552642758873
251,7.327552642758873
252,7.327552642758873
253,7.327552642758873
254,7.327552642758873
255,17.812652419701195
256,17.812652419701195
257,17.812652419701195
258,17.812652419701195
259,17.812652419701195
260,17.812652419701195
261,17.812652419701195
262,17.812652419701195
263,17.812652419701195
264,17.812652419701195
265,17.812652419701195
266,17.812652419701195
267,17.812652419701195
268,17.812652419701195
269,17.812652419701195
270,17.812652419701195
271,17.812652419701195
272,17.812652419701195
273,17.812652419701195
274,7.327552642758873
275,7.327552642758873
276,7.327552642758873
277,7.327552642758873
278,7.327552642758873
279,3.6728728476485615
280,3.6728728476485615
281,3.6728728476485615
282,3.6728728476485615
283,3.6728728476485615
284,3.6728728476485615
285,3.6728728476485615
286,3.6728728476485615
287,7.265875716064272
288,18.136413604190025
289,14.463540756541464
290,14.463540756541464
291,14.463540756541464
292,14.463540756541464
293,14.463540756541464
294,14.463540756541464
295,3.593002868415711
296,3.593002868415711
297,3.593002868415711
298,3.593002868415711
299,3.593002868415711
300,3.593002868415711
301,3.593002868415711
302,3.593002868415711
303,3.593002868415711
304,3.593002868415711
305,3.593002868415711
306,3.593002868415711
307,3.593002868415711
308,3.593002868415711
309,3.593002868415711
310,3.593002868415711
311,3.593002868415711
312,0.0
313,0.0
314,0.0
315,0.0
316,0.0
317,0.0
318,3.666182406873235
319,3.666182406873235
320,3.666182406873235
321,3.666182406873235
322,3.666182406873235
323,3.666182406873235
324,3.666182406873235
325,3.666182406873235
326,3.666182406873235
327,3.666182406873235
328,3.666182406873235
329,3.666182406873235
330,7.362117803499233
331,7.362117803499233
332,7.362117803499233
333,7.362117803499233
334,7.362117803499233
335,7.362117803499233
336,7.362117803499233
337,7.362117803499233
338,7.362117803499233
339,7.362117803499233
340,7.362117803499233
341,7.362117803499233
342,7.362117803499233
343,11.051991810925863
344,11.051991810925863
345,11.051991810925863
346,11.051991810925863
347,11.051991810925863
348,13.738917009414982
349,13.738917009414982
350,13.738917009414982
351,11.051991810925863
352,11.051991810925863
353,14.743313411785527
354,14.743313411785527
355,14.743313411785527
356,14.743313411785527
357,14.743313411785527
358,14.743313411785527
359,11.077131004912292
360,11.077131004912292
361,11.077131004912292
362,11.077131004912292
363,104.27449953032944
364,104.27449953032944
365,104.27449953032944
366,21.40388887696608
367,21.40388887696608
368,21.40388887696608
369,21.40388887696608
370,21.40388887696608
371,25.069939527563967
372,25.069939527563967
373,25.069939527563967
374,25.069939527563967
375,25.069939527563967
376,27.54717931192581
377,17.22042143987202
378,17.22042143987202
379,14.743181655510181
380,16.85192093876286
381,11.053307648083551
382,7.357372251457555
383,7.357372251457555
384,7.357372251457555
385,7.357372251457555
386,7.357372251457555
387,7.357372251457555
388,11.052214284204123
389,11.052214284204123
390,118.13983327328414
391,118.13983327328414
392,118.13983327328414
393,11.052214284204123
394,11.052214284204123
395,11.052214284204123
396,14.710143786936088
397,33.67206885013458
398,14.710143786936088
399,14.710143786936088
400,14.710143786936088
401,14.710143786936088
402,14.710143786936088
403,14.710143786936088
404,14.710143786936088
405,18.378189498446844
406,18.378189498446844
407,18.378189498446844
408,18.378189498446844
409,14.686867897587177
410,14.686867897587177
411,14.686867897587177
412,14.686867897587177
413,14.686867897587177
414,14.686867897587177
415,14.686867897587177
416,14.686867897587177
417,14.686867897587177
418,18.25464548367013
419,18.25464548367013
420,14.686867897587177
421,18.370883943913924
422,18.370883943913924
423,18.370883943913924
424,22.008733473211198
425,22.008733473211198
426,18.370883943913924
427,18.370883943913924
428,18.370883943913924
429,25.691558713249393
430,25.691558713249393
431,25.691558713249393
432,25.691558713249393
433,29.36842068528099
434,29.36842068528099
435,29.36842068528099
436,36.6849451682336
437,57.885420683146066
438,49.45765172807922
439,47.68759226168075
440,47.68759226168075
441,47.68759226168075
442,47.68759226168075
443,51.11860053689985
444,47.423758504153284
445,47.423758504153284
446,47.423758504153284
447,61.95727434537267
448,61.95727434537267
449,61.95727434537267
450,61.95727434537267
451,61.95727434537267
452,61.95727434537267
453,65.62796888342992
454,62.19696060821081
455,62.19696060821081
456,65.8931126802998
457,172.76868202610436
458,186.7585312820467
459,186.7585312820467
460,100.67780736157435
461,94.11295204591396
462,97.8111787446361
463,101.48237253180395
464,105.06532519687235
465,101.85002746099599
466,101.85002746099599
467,101.85002746099599
468,101.85002746099599
469,101.85002746099599
470,105.50430300534282
471,109.19814431996377
472,94.96992191713562
473,94.96992191713562
474,94.96992191713562
475,94.96992191713562
476,84.13640607591623
477,84.13640607591623
478,84.13640607591623
479,84.13640607591623
480,80.43640607591624
481,87.90567029678891
482,77.13111877672293
483,69.66185455585024
484,76.9786966999788
485,76.9786966999788
486,73.07405820773994
487,73.07405820773994
488,76.75007880137846
489,76.75007880137846
490,76.75007880137846
491,76.76917979099457
492,73.10113407948381
493,155.08859481744494
494,155.08859481744494
495,151.44971151838237
496,66.09992056126494
497,66.09992056126494
498,76.9158935787471
499,80.5899329080336
500,76.91101894635402
501,76.91101894635402
502,76.91101894635402
503,76.91362449813873
504,86.44674802409999
505,90.11972112493602
506,90.11972112493602
507,86.47851434291012
508,86.47851434291012
509,97.17840219722989
510,87.64527867126864
511,87.57278879651905
512,83.87456209779691
513,83.87456209779691
514,83.87456209779691
515,87.49283235602792
516,98.26384771295494
517,94.57930663480732
518,94.57930663480732
519,90.93618717031484
520,101.54667899922444
521,105.23937704873569
522,105.23937704873569
523,101.5800986711634
524,101.5800986711634
525,101.5800986711634
526,105.25214341614955
527,94.43617039866737
528,94.43617039866737
529,94.43617039866737
530,83.7362825443476
531,83.7362825443476
532,87.40014834721607
533,80.21249273246629
534,80.21249273246629
535,80.21249273246629
536,87.65273131295059
537,83.85969445022543
538,83.85969445022543
539,94.22124491815676
540,94.22124491815676
541,94.22124491815676
542,94.21919217538738
543,83.6087003464778
544,79.93800580842056
545,188.15154261880434
546,191.78850179737265
547,299.6520319661039
548,209.68056868543707
549,87.31289465755856
550,83.64170087039068
551,93.59957821400667
552,83.64170087039068
553,76.8742272407496
554,76.8742272407496
555,76.8742272407496
556,76.4598041140777
557,76.4598041140777
558,76.4598041140777
559,76.4598041140777
560,76.4598041140777
561,83.73080039441662
562,83.73080039441662
563,83.73080039441662
564,80.191383094059
565,80.191383094059
566,91.11424612077234
567,91.11424612077234
568,91.11424612077234
569,91.11424612077234
570,91.11424612077234
571,91.11267999638078
572,87.51860315809054
573,87.51860315809054
574,91.21219577942972
575,77.02125912081345
576,77.02125912081345
577,73.34721979152695
578,73.34721979152695
579,77.00659332175817
580,77.00659332175817
581,73.3127520071372
582,58.67338627827962
583,58.67338627827962
584,58.63670634861457
585,58.63670634861457
586,58.63670634861457
587,58.63670634861457
588,58.63670634861457
589,54.96466160362843
590,65.76969702905903
591,80.16530459457765
592,80.16530459457765
593,65.57857576499586
594,76.44587194430676
595,76.44587194430676
596,80.14182390891746
597,80.14182390891746
598,80.14182390891746
599,80.14182390891746
600,80.14182390891746
601,80.14182390891746
602,72.75502653008662
603,69.11806735151832
604,69.11806735151832
605,69.11806735151832
606,65.47086563375916
607,65.47086563375916
608,65.47086563375916
609,61.77240817147411
610,54.470297645714055
611,54.50466123746601
612,54.50466123746601
613,54.50466123746601
614,54.50466123746601
615,65.15528757385235
616,65.15528757385235
617,65.23162190599929
618,54.49294968165611
619,54.49294968165611
620,69.01378070877617
621,88.33273783128436
622,79.90190730431611
623,79.90190730431611
624,90.66638964142427
625,90.66638964142427
626,94.36550277948501
627,94.36550277948501
628,90.86257787981447
629,90.86257787981447
630,105.30131682416614
631,105.30131682416614
632,94.65069048777981
633,90.97928351133531
634,90.97928351133531
635,90.97928351133531
636,90.97928351133531
637,90.97928351133531
638,90.97928351133531
639,90.97928351133531
640,90.97928351133531
641,90.97928351133531
642,90.54721720392185
643,90.54721720392185
644,79.6590906083819
645,79.6590906083819
646,75.96549798704272
647,75.96549798704272
648,75.96549798704272
649,61.540953406093486
650,54.207948897336145
651,54.207948897336145
652,50.51199693272543
653,28.810401736091606
654,28.810401736091606
655,25.151028205860378
656,25.151028205860378
657,18.422300588835757
658,18.422300588835757
659,18.422300588835757
660,18.422300588835757
661,18.422300588835757
662,21.845386292215366
663,21.845386292215366
664,21.845386292215366
665,21.845386292215366
666,21.845386292215366
667,21.845386292215366
668,21.845386292215366
669,21.845386292215366
670,21.845386292215366
671,21.845386292215366
672,21.845386292215366
673,14.739924499918388
674,18.411641765213243
675,18.411641765213243
676,18.411641765213243
677,18.411641765213243
678,18.411641765213243
679,18.411641765213243
680,18.411641765213243
681,18.411641765213243
682,119.09063821593145
683,119.09063821593145
684,119.09063821593145
685,18.411641765213243
686,18.411641765213243
687,18.411641765213243
688,18.411641765213243
689,18.411641765213243
690,18.411641765213243
691,18.411641765213243
692,18.411641765213243
693,18.411641765213243
694,18.411641765213243
695,18.411641765213243
696,18.411641765213243
697,18.411641765213243
698,18.411641765213243
699,18.411641765213243
700,14.712528627152512
701,11.046191187116733
702,11.046191187116733
703,11.046191187116733
704,11.046191187116733
705,11.046191187116733
706,7.365416927941043
707,7.365416927941043
708,7.365416927941043
709,7.365416927941043
710,11.011098692764055
711,21.650767222149305
712,21.650767222149305
713,21.650767222149305
714,21.650767222149305
715,32.38399691050526
716,32.38399691050526
717,32.38399691050526
718,32.38399691050526
719,32.38399691050526
720,32.38399691050526
721,32.38399691050526
722,43.37475124527204
723,43.55955876085448
724,47.23104730377173
725,47.23104730377173
726,47.23104730377173
727,47.23104730377173
728,47.23104730377173
729,47.23104730377173
730,140.34928989966136
731,58.22660210206468
732,68.96790147228852
733,68.96790147228852
734,68.96790147228852
735,68.96790147228852
736,65.27420180964234
737,68.95428232399152
738,68.95428232399152
739,68.95428232399152
740,58.22105263563557
741,69.0730534620064
742,69.0730534620064
743,69.0730534620064
744,69.0730534620064
745,77.40614719689715
746,77.40614719689715
747,77.40614719689715
748,77.40614719689715
749,69.0730534620064
750,58.24857741703872
751,67.70770399643467
752,67.70770399643467
753,58.24857741703872
754,61.58317913686132
755,61.58317913686132
756,61.58317913686132
757,61.58317913686132
758,61.291835644220484
759,61.291835644220484
760,61.291835644220484
761,61.291835644220484
762,61.291835644220484
763,72.27643022765074
764,72.27643022765074
765,61.57701938552478
766,61.57701938552478
767,61.57701938552478
768,65.25960709947567
769,65.25960709947567
770,65.25960709947567
771,65.25960709947567
772,54.596460520802275
773,50.950778755979265
774,40.20947938575544
775,33.05668419092296
776,33.05668419092296
777,33.05668419092296
778,33.05668419092296
779,33.05668419092296
780,33.05668419092296
781,33.05668419092296
782,29.384966925628103
783,29.384966925628103
784,29.384966925628103
785,29.384966925628103
786,29.384966925628103
787,18.40037234219786
788,18.40037234219786
789,18.40037234219786
790,18.40037234219786
791,18.40037234219786
792,18.40037234219786
793,18.40037234219786
794,18.40037234219786
795,18.40037234219786
796,18.40037234219786
797,18.40037234219786
798,18.40037234219786
799,18.40037234219786
800,18.40037234219786
801,18.40037234219786
802,25.723290775083587
803,25.723290775083587
804,142.91240666657743
805,146.61053582045034
806,146.61053582045034
807,33.10066843917272
808,36.728027554152106
809,36.728027554152106
810,36.728027554152106
811,36.728027554152106
812,36.728027554152106
813,36.728027554152106
814,36.728027554152106
815,122.07732052074013
816,122.07732052074013
817,122.07732052074013
818,33.10510912126637
819,33.10510912126637
820,33.10510912126637
821,33.10510912126637
822,29.43362057834912
823,29.43362057834912
824,29.43362057834912
825,29.43362057834912
826,29.43362057834912
827,29.43362057834912
828,29.43362057834912
829,29.43362057834912
830,29.43362057834912
831,29.43362057834912
832,29.43362057834912
833,29.43362057834912
834,29.43362057834912
835,29.43362057834912
836,25.73441494681077
837,29.430079696940954
838,39.655629446780466
839,36.02827033180108
840,32.328270331801086
841,32.328270331801086
842,36.00201025793198
843,36.00201025793198
844,36.00201025793198
845,36.00201025793198
846,36.00201025793198
847,46.701804102566555
848,46.701804102566555
849,46.701804102566555
850,46.701804102566555
851,36.47625435272704
852,36.47625435272704
853,47.17830310750514
854,47.17830310750514
855,47.17830310750514
856,47.17830310750514
857,47.17830310750514
858,47.17830310750514
859,43.49822259315593
860,43.49822259315593
861,43.49822259315593
862,39.831212653713784
863,39.831212653713784
864,39.831212653713784
865,39.831212653713784
866,36.14862493976288
867,36.14862493976288
868,36.14862493976288
869,36.14862493976288
870,43.36795997329199
871,43.36795997329199
872,43.36795997329199
873,43.36795997329199
874,32.66816612865741
875,32.66816612865741
876,32.66816612865741
877,32.66816612865741
878,32.66816612865741
879,32.66816612865741
880,32.66816612865741
881,36.353742880072026
882,36.353742880072026
883,36.353742880072026
884,36.353742880072026
885,32.83110046193998
886,32.83110046193998
887,29.151851951723742
888,29.151851951723742
889,18.449803196945652
890,29.29500851324476
891,32.957510401524345
892,32.957510401524345
893,32.957510401524345
894,32.957510401524345
895,32.957510401524345
896,32.957510401524345
897,29.261845651394164
898,29.261845651394164
899,29.261845651394164
900,29.261845651394164
901,29.261845651394164
902,29.261845651394164
903,29.261845651394164
904,25.563716497521266
905,25.563716497521266
906,25.563716497521266
907,14.718511181222164
908,14.718511181222164
909,14.718511181222164
910,14.718511181222164
911,14.718511181222164
912,14.718511181222164
913,14.718511181222164
914,14.718511181222164
915,14.718511181222164
916,14.718511181222164
917,18.369105749755963
918,18.369105749755963
919,18.369105749755963
920,18.369105749755963
921,18.369105749755963
922,18.369105749755963
923,18.369105749755963
924,18.369105749755963
925,18.369105749755963
926,18.369105749755963
927,22.048121687182082
928,22.048121687182082
929,22.048121687182082
930,22.048121687182082
931,25.709446649322572
932,25.709446649322572
933,25.709446649322572
934,25.709446649322572
935,25.709446649322572
936,25.709446649322572
937,25.709446649322572
938,29.375665504054382
939,29.375665504054382
940,29.375665504054382
941,29.375665504054382
942,25.696649566628263
943,36.364668750442064
944,36.364668750442064
945,36.364668750442064
946,36.364668750442064
947,36.364668750442064
948,36.364668750442064
949,36.3847974150298
950,36.3847974150298
951,39.72211221024951
952,39.72211221024951
953,39.72211221024951
954,39.72211221024951
955,36.3847974150298
956,36.3847974150298
957,47.31832660884655
958,58.03528524072431
959,58.03528524072431
960,58.03528524072431
961,47.10175604690757
962,47.10175604690757
963,47.10175604690757
964,47.10175604690757
965,56.747979003681166
966,56.747979003681166
967,56.747979003681166
968,56.747979003681166
969,56.70146790312042
970,60.364163777698195
971,49.6961445938844
972,40.0499216371108
973,40.0499216371108
974,40.0499216371108
975,40.0499216371108
976,40.0499216371108
977,43.712367772445496
978,43.712367772445496
979,54.260015724310186
980,54.260015724310186
981,54.260015724310186
982,54.260015724310186
983,58.8539991277907
984,73.40230304552571
985,77.01029068389093
986,68.77719079460326
987,79.4726727639603
988,79.4726727639603
989,79.4726727639603
990,79.4726727639603
991,72.42997609974049
992,72.42997609974049
993,83.34807177180794
994,190.24134149406947
995,190.24134149406947
996,176.08570590383957
997,72.86743750431972
998,72.86743750431972
999,72.86743750431972
1000,72.86743750431972
1001,76.52224858227099
1002,76.52224858227099
1003,65.65628368685294
1004,65.65628368685294
1005,65.65628368685294
1006,147.02043361662203
1007,147.02043361662203
1008,157.81294629999098
1009,76.2551737710646
1010,112.98198830896202
1011,69.45331440086488
1012,69.45331440086488
1013,80.3903451088538
1014,91.17339968796993
1015,106.96277033007787
1016,91.11708233160172
1017,91.12038971620467
1018,91.12038971620467
1019,105.48535873364821
1020,105.48535873364821
1021,116.34700481402926
1022,130.97155274248072
1023,130.97155274248072
1024,141.8288910837324
1025,145.51913160576157
1026,145.51913160576157
1027,145.51913160576157
1028,141.88006595490768
1029,141.88006595490768
1030,149.2236502489467
1031,149.2236502489467
1032,149.2236502489467
1033,149.2236502489467
1034,138.2866195409578
1035,127.36852386889036
1036,127.36852386889036
1037,131.0386033212409
1038,134.72648899424755
1039,109.48822585718464
1040,113.16560837602212
1041,113.16560837602212
1042,113.16560837602212
1043,201.77849768827116
1044,201.77849768827116
1045,191.07309169220417
1046,102.4602023799551
1047,196.9007935976703
1048,200.59747752612506
1049,200.59747752612506
1050,98.94063893855002
1051,87.97011858584705
1052,77.11278024459537
1053,77.11278024459537
1054,77.09715476004736
1055,87.68016520340021
1056,95.0600814469984
1057,95.05996924498339
1058,95.05996924498339
1059,105.8838138344912
1060,105.8838138344912
1061,105.8838138344912
1062,120.51291887788113
1063,116.83791755513946
1064,113.1831064771882
1065,109.50076745487124
1066,119.96072740464189
1067,206.9250899202769
1068,217.49682903824987
1069,217.49682903824987
1070,217.49682903824987
1071,116.04617579777235
1072,108.73124204458443
1073,108.73124204458443
1074,112.39825198402528
1075,112.39825198402528
1076,112.39825198402528
1077,127.01556439436777
1078,116.45623119935857
1079,120.13022120725407
1080,120.13022120725407
1081,123.7660343871574
1082,112.76900382008823
1083,112.78954759236744
1084,112.78954759236744
1085,116.46109576756828
1086,106.00113581779762
1087,106.00113581779762
1088,102.34710824204915
1089,106.01009749859092
1090,102.3316355951528
1091,98.69582241524947
1092,88.12408329727651
1093,88.12408329727651
1094,88.12408329727651
1095,80.78498093566937
1096,77.12631916571276
1097,77.12631916571276
1098,73.4521694000698
1099,66.13524995324498
1100,73.4826113907925
1101,66.20183631793343
1102,66.20183631793343
1103,83.00251438827378
1104,93.76674795323731
1105,87.25390356223869
1106,90.9296156675304
1107,87.2296156675304
1108,94.49956552478682
1109,94.49956552478682
1110,94.49956552478682
1111,94.49956552478682
1112,90.81167985178021
1113,87.12419105015334
1114,90.78551758510451
1115,90.78551758510451
1116,73.14611033905074
1117,72.10984679407927
1118,86.55554685515911
1119,86.55554685515911
1120,83.90824947359951
1121,83.90824947359951
1122,83.90824947359951
1123,83.91510440633527
1124,69.4584433994004
1125,69.4584433994004
1126,69.4584433994004
1127,73.14407691166167
1128,62.39262079247548
1129,62.39262079247548
1130,62.39262079247548
1131,167.185729343807
1132,167.185729343807
1133,167.185729343807
1134,167.185729343807
1135,64.45039933396177
1136,64.45039933396177
1137,62.39262079247548
1138,47.82839908405022
1139,47.82839908405022
1140,47.82839908405022
1141,51.488874129555064
1142,62.09213357183958
1143,62.09213357183958
1144,72.83613870260173
1145,72.83613870260173
1146,72.83613870260173
1147,69.14589818057256
1148,69.14589818057256
1149,69.14589818057256
1150,69.14589818057256
1151,69.14589818057256
1152,72.73572398888959
1153,72.73572398888959
1154,79.8277855377887
1155,90.40985098170437
1156,90.40985098170437
1157,86.71478444312206
1158,90.35580688931749
1159,90.38980249322506
1160,83.45249217613478
1161,101.24234583107872
1162,101.24234583107872
1163,104.88943355255874
1164,104.88943355255874
1165,104.88943355255874
1166,115.79216822883916
1167,115.79216822883916
1168,115.79216822883916
1169,112.13084169388799
1170,108.44328798216796
1171,97.69928285140581
1172,86.94334479253617
1173,86.94334479253617
1174,86.94334479253617
1175,86.94334479253617
1176,76.36127934862051
1177,72.70898444965528
1178,72.70898444965528
1179,72.70898444965528
1180,76.23817974348867
1181,62.01525652211557
1182,51.075930054798235
1183,51.075930054798235
1184,43.79487479829346
1185,54.65862393566635
1186,54.65862393566635
1187,54.65862393566635
1188,65.5460067909205
1189,65.5460067909205
1190,61.85176284902687
1191,61.85176284902687
1192,58.18021467382602
1193,61.87796280540312
1194,58.217487759898276
1195,58.217487759898276
1196,58.217487759898276
1197,58.217487759898276
1198,61.91748775989828
1199,58.38829246606488
1200,54.7026589538036
1201,54.7026589538036
1202,54.7026589538036
1203,54.7026589538036
1204,54.7026589538036
1205,54.7026589538036
1206,54.7026589538036
1207,54.7026589538036
1208,58.29307582607801
1209,58.29307582607801
1210,58.29307582607801
1211,58.29307582607801
1212,58.29307582607801
1213,47.42932668870512
1214,36.57251848365992
1215,36.57251848365992
1216,36.57251848365992
1217,36.57251848365992
1218,36.57251848365992
1219,36.57251848365992
1220,36.57251848365992
1221,36.57251848365992
1222,36.57251848365992
1223,36.57251848365992
1224,36.57251848365992
1225,36.57251848365992
1226,36.57251848365992
1227,36.57251848365992
1228,25.68513562840576
1229,21.985135628405757
1230,18.338047906925745
1231,18.338047906925745
1232,14.672098781731531
1233,14.672098781731531
1234,14.672098781731531
1235,14.672098781731531
1236,14.672098781731531
1237,14.672098781731531
1238,14.672098781731531
1239,11.081681909457123
1240,11.081681909457123
1241,11.081681909457123
1242,11.081681909457123
1243,11.081681909457123
1244,11.081681909457123
1245,11.081681909457123
1246,75.57697431328633
1247,75.57697431328633
1248,11.081681909457123
1249,11.081681909457123
1250,11.081681909457123
1251,11.081681909457123
1252,11.081681909457123
1253,11.081681909457123
1254,11.081681909457123
1255,11.081681909457123
1256,11.081681909457123
1257,11.081681909457123
1258,11.081681909457123
1259,11.081681909457123
1260,7.383933777880017
1261,7.383933777880017
1262,7.383933777880017
1263,7.383933777880017
1264,7.383933777880017
1265,7.383933777880017
1266,3.686948917430648
1267,3.686948917430648
1268,3.686948917430648
1269,3.686948917430648
1270,3.686948917430648
1271,7.375736084259741
1272,7.375736084259741
1273,3.6887871668290932
1274,3.6887871668290932
1275,3.6887871668290932
1276,3.6887871668290932
1277,3.6887871668290932
1278,3.6887871668290932
1279,3.6887871668290932
1280,3.6887871668290932
1281,3.6887871668290932
1282,3.6887871668290932
1283,3.6887871668290932
1284,3.6887871668290932
1285,3.6887871668290932
1286,3.6887871668290932
1287,3.6887871668290932
1288,3.6887871668290932
1289,3.6887871668290932
1290,3.6887871668290932
1291,3.6887871668290932
1292,3.6887871668290932
1293,3.6887871668290932
1294,3.6887871668290932
1295,3.6887871668290932
1296,3.6887871668290932
1297,3.6887871668290932
1298,3.6887871668290932
1299,3.6887871668290932
1300,7.38860721219926
1301,7.38860721219926
1302,7.38860721219926
1303,7.38860721219926
1304,7.38860721219926
1305,7.38860721219926
1306,7.38860721219926
1307,7.38860721219926
1308,7.38860721219926
1309,7.38860721219926
1310,7.38860721219926
1311,7.38860721219926
1312,7.38860721219926
1313,14.750368686116843
1314,14.750368686116843
1315,14.750368686116843
1316,14.750368686116843
1317,14.750368686116843
1318,14.750368686116843
1319,14.750368686116843
1320,11.061581519287751
1321,11.061581519287751
1322,11.061581519287751
1323,11.061581519287751
1324,11.061581519287751
1325,14.694398473334587
1326,14.694398473334587
1327,14.694398473334587
1328,14.694398473334587
1329,14.694398473334587
1330,14.694398473334587
1331,18.36084507595708
1332,18.36084507595708
1333,18.36084507595708
1334,18.36084507595708
1335,18.36084507595708
1336,18.36084507595708
1337,18.36084507595708
1338,18.36084507595708
1339,18.36084507595708
1340,18.36084507595708
1341,18.36084507595708
1342,18.36084507595708
1343,18.36084507595708
1344,18.36084507595708
1345,18.36084507595708
1346,18.36084507595708
1347,18.36084507595708
1348,18.36084507595708
1349,18.36084507595708
1350,18.36084507595708
1351,18.36084507595708
1352,18.36084507595708
1353,18.36084507595708
1354,18.36084507595708
1355,18.36084507595708
1356,18.36084507595708
1357,18.36084507595708
1358,18.36084507595708
1359,18.36084507595708
1360,18.36084507595708
1361,18.36084507595708
1362,18.36084507595708
1363,18.36084507595708
1364,18.36084507595708
1365,18.36084507595708
1366,18.36084507595708
1367,18.36084507595708
1368,18.36084507595708
1369,18.36084507595708
1370,18.36084507595708
1371,18.36084507595708
1372,14.728028121910246
1373,14.728028121910246
1374,14.728028121910246
1375,14.728028121910246
1376,14.728028121910246
1377,14.728028121910246
1378,14.728028121910246
1379,14.728028121910246
1380,14.728028121910246
1381,14.728028121910246
1382,14.728028121910246
1383,14.728028121910246
1384,14.728028121910246
1385,14.728028121910246
1386,14.728028121910246
1387,14.728028121910246
1388,14.728028121910246
1389,14.728028121910246
1390,14.728028121910246
1391,14.728028121910246
1392,14.728028121910246
1393,14.728028121910246
1394,14.728028121910246
1395,14.728028121910246
1396,14.728028121910246
1397,14.728028121910246
1398,14.728028121910246
1399,14.728028121910246
1400,14.728028121910246
1401,14.728028121910246
1402,14.728028121910246
1403,14.728028121910246
1404,14.728028121910246
1405,14.728028121910246
1406,14.728028121910246
1407,14.728028121910246
1408,14.728028121910246
1409,14.728028121910246
1410,11.065549146011758
1411,11.065549146011758
1412,11.065549146011758
1413,11.065549146011758
1414,11.065549146011758
1415,18.9774326657307
1416,18.9774326657307
1417,11.065549146011758
1418,11.065549146011758
1419,11.065549146011758
1420,11.065549146011758
1421,11.065549146011758
1422,11.065549146011758
1423,11.065549146011758
1424,11.065549146011758
1425,11.065549146011758
1426,11.065549146011758
1427,7.365729100641591
1428,7.365729100641591
1429,7.365729100641591
1430,7.365729100641591
1431,7.365729100641591
1432,7.365729100641591
1433,7.365729100641591
1434,7.365729100641591
1435,7.365729100641591
1436,7.365729100641591
1437,7.365729100641591
1438,3.699282498019097
1439,3.699282498019097
1440,3.699282498019097
1441,3.699282498019097
1442,3.699282498019097
1443,0.0
1444,0.0
1445,0.0
1446,0.0
1447,0.0
1448,0.0
1449,0.0
1450,0.0
1451,0.0
1452,0.19451120807116862
1453,10.699572065517328
1454,10.699572065517328
1455,10.699572065517328
1456,10.699572065517328
1457,10.699572065517328
1458,10.699572065517328
1459,10.699572065517328
1460,10.699572065517328
1461,10.699572065517328
1462,10.699572065517328
1463,14.344562686863533
1464,14.344562686863533
1465,14.344562686863533
1466,17.936348204216525
1467,17.936348204216525
1468,17.936348204216525
1469,17.936348204216525
1470,17.936348204216525
1471,17.936348204216525
1472,17.936348204216525
1473,17.936348204216525
1474,17.936348204216525
1475,17.936348204216525
1476,17.936348204216525
1477,17.936348204216525
1478,17.936348204216525
1479,17.936348204216525
1480,21.630088170986685
1481,21.630088170986685
1482,21.630088170986685
1483,21.630088170986685
1484,10.930516105469355
1485,10.930516105469355
1486,10.930516105469355
1487,10.930516105469355
1488,10.930516105469355
1489,10.930516105469355
1490,10.930516105469355
1491,7.3387305881163645
1492,7.3387305881163645
1493,7.3387305881163645
1494,7.3387305881163645
1495,7.3387305881163645
1496,7.3387305881163645
1497,7.3387305881163645
1498,7.3387305881163645
1499,3.693739966770159
1500,3.693739966770159
1501,3.693739966770159
1502,7.309867909278198
1503,7.309867909278198
1504,7.309867909278198
1505,7.309867909278198
1506,7.309867909278198
1507,7.309867909278198
1508,7.309867909278198
1509,7.309867909278198
1510,7.309867909278198
1511,10.992461724045764
1512,10.992461724045764
1513,10.992461724045764
1514,10.992461724045764
1515,10.992461724045764
1516,10.992461724045764
1517,10.992461724045764
1518,10.992461724045764
1519,10.992461724045764
1520,10.992461724045764
1521,10.992461724045764
1522,10.992461724045764
1523,10.992461724045764
1524,10.992461724045764
1525,10.992461724045764
1526,10.992461724045764
1527,10.992461724045764
1528,10.992461724045764
1529,10.992461724045764
1530,10.992461724045764
1531,10.992461724045764
1532,10.992461724045764
1533,10.992461724045764
1534,10.992461724045764
1535,10.992461724045764
1536,10.992461724045764
1537,10.992461724045764
1538,10.992461724045764
1539,7.376333781537725
1540,7.376333781537725
1541,7.376333781537725
1542,7.376333781537725
1543,7.376333781537725
1544,7.376333781537725
1545,7.376333781537725
1546,7.376333781537725
1547,7.376333781537725
1548,7.376333781537725
1549,7.376333781537725
1550,7.376333781537725
1551,7.376333781537725
1552,7.376333781537725
1553,7.376333781537725
1554,7.376333781537725
1555,7.376333781537725
1556,7.376333781537725
1557,7.376333781537725
1558,7.376333781537725
1559,7.376333781537725
1560,7.376333781537725
1561,7.376333781537725
1562,7.376333781537725
1563,7.376333781537725
1564,7.376333781537725
1565,11.031039933986545
1566,11.031039933986545
1567,11.031039933986545
1568,11.031039933986545
1569,11.031039933986545
1570,21.48414067676088
1571,21.48414067676088
1572,21.48414067676088
1573,21.48414067676088
1574,21.48414067676088
1575,21.48414067676088
1576,21.48414067676088
1577,21.48414067676088
1578,11.031039933986545
1579,11.031039933986545
1580,11.031039933986545
1581,11.031039933986545
1582,11.031039933986545
1583,11.031039933986545
1584,11.031039933986545
1585,11.031039933986545
1586,11.031039933986545
1587,14.684648229864797
1588,14.684648229864797
1589,11.00205441509723
1590,11.00205441509723
1591,11.00205441509723
1592,11.00205441509723
1593,11.00205441509723
1594,11.00205441509723
1595,11.00205441509723
1596,11.00205441509723
1597,11.00205441509723
1598,11.00205441509723
1599,11.00205441509723
1600,11.00205441509723
1601,11.00205441509723
1602,11.00205441509723
1603,7.308314448327071
1604,7.308314448327071
1605,7.308314448327071
1606,7.308314448327071
1607,7.308314448327071
1608,7.308314448327071
1609,7.308314448327071
1610,7.308314448327071
1611,7.308314448327071
1612,7.308314448327071
1613,7.308314448327071
1614,7.308314448327071
1615,7.308314448327071
1616,7.308314448327071
1617,7.308314448327071
1618,7.308314448327071
1619,7.308314448327071
1620,7.308314448327071
1621,7.308314448327071
1622,7.308314448327071
1623,10.987889485973863
1624,10.987889485973863
1625,10.987889485973863
1626,10.987889485973863
1627,7.334281190095611
1628,7.334281190095611
1629,7.334281190095611
1630,7.334281190095611
1631,7.334281190095611
1632,7.334281190095611
1633,7.334281190095611
1634,7.334281190095611
1635,7.334281190095611
1636,7.334281190095611
1637,7.334281190095611
1638,7.334281190095611
1639,3.679575037646792
1640,3.679575037646792
1641,3.679575037646792
1642,3.679575037646792
1643,3.679575037646792
1644,3.679575037646792
1645,3.679575037646792
1646,3.679575037646792
1647,3.679575037646792
1648,3.679575037646792
1649,3.679575037646792
1650,3.679575037646792
1651,3.679575037646792
1652,3.679575037646792
1653,3.679575037646792
1654,3.679575037646792
1655,3.679575037646792
1656,3.679575037646792
1657,3.679575037646792
1658,3.679575037646792
1659,3.679575037646792
1660,3.679575037646792
1661,3.679575037646792
1662,3.679575037646792
1663,3.679575037646792
1664,3.679575037646792
1665,3.679575037646792
1666,3.679575037646792
1667,3.679575037646792
1668,3.679575037646792
1669,3.679575037646792
1670,12.958612099356358
1671,12.958612099356358
1672,12.958612099356358
1673,3.679575037646792
1674,3.679575037646792
1675,3.679575037646792
1676,3.679575037646792
1677,3.679575037646792
1678,3.679575037646792
1679,3.679575037646792
1680,3.679575037646792
1681,3.679575037646792
1682,3.679575037646792
1683,3.679575037646792
1684,3.679575037646792
1685,3.679575037646792
1686,3.679575037646792
1687,3.679575037646792
1688,3.679575037646792
1689,3.679575037646792
1690,3.679575037646792
1691,3.679575037646792
1692,3.679575037646792
1693,3.679575037646792
1694,3.679575037646792
1695,3.679575037646792
1696,3.679575037646792
1697,3.679575037646792
1698,3.679575037646792
1699,3.679575037646792
1700,3.679575037646792
1701,3.679575037646792
1702,3.679575037646792
1703,3.679575037646792
1704,3.679575037646792
1705,3.679575037646792
1706,3.679575037646792
1707,3.679575037646792
1708,7.3206999530081855
1709,7.3206999530081855
1710,10.988244729110534
1711,10.988244729110534
1712,10.988244729110534
1713,10.988244729110534
1714,10.988244729110534
1715,10.988244729110534
1716,10.988244729110534
1717,10.988244729110534
1718,10.988244729110534
1719,10.988244729110534
1720,10.988244729110534
1721,10.988244729110534
1722,10.988244729110534
1723,10.988244729110534
1724,10.988244729110534
1725,10.988244729110534
1726,10.988244729110534
1727,10.988244729110534
1728,10.988244729110534
1729,10.988244729110534
1730,10.988244729110534
1731,10.988244729110534
1732,10.988244729110534
1733,7.308669691463742
1734,7.308669691463742
1735,7.308669691463742
1736,7.308669691463742
1737,3.6411249153613934
1738,3.6411249153613934
1739,3.6411249153613934
1740,3.6411249153613934
1741,3.6411249153613934
1742,3.6411249153613934
1743,3.6411249153613934
1744,3.6411249153613934
1745,3.6411249153613934
1746,3.6411249153613934
1747,3.6411249153613934
1748,3.6411249153613934
1749,3.6411249153613934
1750,0.0
1751,0.0
1752,0.0
1753,0.0
1754,0.0
1755,0.0
1756,0.0
1757,0.0
1758,0.0
1759,0.0
1760,0.0
1761,0.0
1762,0.0
1763,3.6911414430652867
1764,3.6911414430652867
1765,3.6911414430652867
1766,3.6911414430652867
1767,3.6911414430652867
1768,3.6911414430652867
1769,3.6911414430652867
1770,3.6911414430652867
1771,3.6911414430652867
1772,3.6911414430652867
1773,3.6911414430652867
1774,3.6911414430652867
1775,3.6911414430652867
1776,107.69695346735197
1777,107.69695346735197
1778,3.6911414430652867
1779,3.6911414430652867
1780,3.6911414430652867
1781,3.6911414430652867
1782,3.6911414430652867
1783,3.6911414430652867
1784,3.6911414430652867
1785,3.6911414430652867
1786,3.6911414430652867
1787,3.6911414430652867
1788,3.6911414430652867
1789,3.6911414430652867
1790,3.6911414430652867
1791,14.672709942836171
1792,14.672709942836171
1793,18.360058228941615
1794,18.360058228941615
1795,18.360058228941615
1796,18.360058228941615
1797,18.360058228941615
1798,29.143269931689325
1799,29.143269931689325
1800,29.143269931689325
1801,29.143269931689325
1802,29.143269931689325
1803,39.65108606231822
1804,50.23173200346562
1805,50.23173200346562
1806,50.23173200346562
1807,50.23173200346562
1808,50.23173200346562
1809,50.23173200346562
1810,50.23173200346562
1811,50.23173200346562
1812,50.23173200346562
1813,42.950046007031446
1814,42.950046007031446
1815,42.950046007031446
1816,43.18457547761327
1817,43.18457547761327
1818,43.18457547761327
1819,43.18457547761327
1820,43.18457547761327
1821,43.18457547761327
1822,43.18457547761327
1823,43.18457547761327
1824,43.18457547761327
1825,54.09069074966471
1826,54.09069074966471
1827,43.49007631610918
1828,47.15389532011318
1829,47.15389532011318
1830,150.77106395882134
1831,150.77106395882134
1832,150.77106395882134
1833,47.15389532011318
1834,47.15389532011318
1835,36.370683617365465
1836,36.370683617365465
1837,36.370683617365465
1838,36.370683617365465
1839,36.370683617365465
1840,40.047559953532634
1841,40.047559953532634
1842,40.047559953532634
1843,40.047559953532634
1844,40.047559953532634
1845,40.047559953532634
1846,40.047559953532634
1847,40.047559953532634
1848,43.44786713002927
1849,43.44786713002927
1850,43.44786713002927
1851,43.44786713002927
1852,43.44786713002927
1853,43.44786713002927
1854,32.70552152881856
1855,32.70552152881856
1856,29.305214352321915
1857,29.305214352321915
1858,29.305214352321915
1859,29.305214352321915
1860,32.97781987041124
1861,32.97781987041124
1862,129.11604170231791
1863,129.11604170231791
1864,32.97781987041124
1865,32.97781987041124
1866,32.97781987041124
1867,222.05571007756288
1868,218.35582757422617
1869,22.060148140424925
1870,22.060148140424925
1871,22.060148140424925
1872,22.060148140424925
1873,25.589585106367824
1874,25.589585106367824
1875,25.589585106367824
1876,25.589585106367824
1877,25.589585106367824
1878,25.589585106367824
1879,25.589585106367824
1880,21.922205312670517
1881,21.922205312670517
1882,21.922205312670517
1883,21.922205312670517
1884,21.922205312670517
1885,21.922205312670517
1886,21.922205312670517
1887,18.392768346727618
1888,14.728949342723615
1889,14.728949342723615
1890,25.491891554784175
1891,36.16869284359591
1892,36.16869284359591
1893,36.16869284359591
1894,119.85855473169478
1895,123.55855473169478
1896,39.86869284359591
1897,39.86869284359591
1898,50.21056003885333
1899,53.91056003885333
1900,53.91056003885333
1901,53.91056003885333
1902,53.91056003885333
1903,57.56900664043111
1904,64.71619571314801
1905,75.5617169292781
1906,79.20847828572924
1907,79.20847828572924
1908,171.516526679501
1909,171.516526679501
1910,79.20847828572924
1911,79.20847828572924
1912,82.89629192928584
1913,61.45654842841352
1914,54.77602967500368
1915,58.43968562555447
1916,68.94834204660093
1917,68.94834204660093
1918,192.3284669551339
1919,188.64014090973208
1920,68.91494436266487
1921,68.91494436266487
1922,79.59115649870674
1923,79.59115649870674
1924,90.12465333277946
1925,90.12465333277946
1926,193.30589201463363
1927,196.95365994116816
1928,196.95365994116816
1929,93.77242125931399
1930,93.77242125931399
1931,207.7329524551225
1932,207.7329524551225
1933,100.84481637221127
1934,90.33615995116482
1935,90.33615995116482
1936,90.33615995116482
1937,90.33615995116482
1938,93.99045636589643
1939,97.65110822003686
1940,86.80558700390677
1941,86.80558700390677
1942,86.80558700390677
1943,86.80558700390677
1944,86.80558700390677
1945,76.1293748678649
1946,76.1293748678649
1947,51.08067118184281
1948,61.84781317815831
1949,61.84781317815831
1950,61.84781317815831
1951,61.84781317815831
1952,58.147813178158316
1953,47.37541806526104
1954,47.37541806526104
1955,51.04873465822217
1956,47.3902880566444
1957,47.3902880566444
1958,47.3902880566444
1959,51.06312474850511
1960,51.06312474850511
1961,51.06312474850511
1962,54.74345593608296
1963,54.74345593608296
1964,54.74345593608296
1965,54.74345593608296
1966,54.74345593608296
1967,54.74345593608296
1968,43.976313939767465
1969,43.976313939767465
1970,140.092540045501
1971,140.092540045501
1972,132.77317317096058
1973,132.77317317096058
1974,50.9454467859091
1975,50.9454467859091
1976,50.9454467859091
1977,50.9454467859091
1978,50.9454467859091
1979,50.9454467859091
1980,54.58784788030763
1981,60.76174108221501
1982,61.933258577646484
1983,61.933258577646484
1984,61.933258577646484
1985,61.933258577646484
1986,78.61630617388758
1987,74.9613778124218
1988,71.2613778124218
1989,74.94522319480168
1990,74.94522319480168
1991,74.94522319480168
1992,74.94522319480168
1993,65.2053180691055
1994,61.55102165437386
1995,79.48552536329632
1996,79.48552536329632
1997,68.89702564261424
1998,68.89702564261424
1999,68.89702564261424
2000,68.89702564261424
2001,68.89702564261424
2002,68.89702564261424
2003,68.89702564261424
2004,54.62887877967096
2005,58.3057227864734
2006,58.3057227864734
2007,61.99813018989828
2008,61.99813018989828
2009,61.99813018989828
2010,50.98578176191759
2011,50.98578176191759
2012,40.05452721601673
2013,40.05452721601673
2014,53.19600734007529
2015,43.73046856078206
2016,33.07945147122594
2017,36.7692798775101
2018,36.7692798775101
2019,36.7692798775101
2020,36.7692798775101
2021,36.7692798775101
2022,36.7692798775101
2023,36.7692798775101
2024,36.7692798775101
2025,36.7692798775101
2026,36.7692798775101
2027,36.7692798775101
2028,36.7692798775101
2029,36.7692798775101
2030,146.43828192957537
2031,146.43828192957537
2032,146.43828192957537
2033,146.43828192957537
2034,40.41855889565484
2035,40.41855889565484
2036,44.118558895654836
2037,44.118558895654836
2038,44.118558895654836
2039,44.118558895654836
2040,44.118558895654836
2041,44.118558895654836
2042,44.118558895654836
2043,40.47615780125631
2044,40.47615780125631
2045,44.024676994310546
2046,44.024676994310546
2047,44.024676994310546
2048,44.024676994310546
2049,44.024676994310546
2050,47.70641845198649
2051,47.70641845198649
2052,47.70641845198649
2053,47.70641845198649
2054,47.70641845198649
2055,47.70641845198649
2056,47.70641845198649
2057,47.70641845198649
2058,44.022573069606594
2059,47.2046042501784
2060,43.531287657217256
2061,43.531287657217256
2062,43.531287657217256
2063,39.98276846416302
2064,36.80073728359122
2065,33.15145826544648
2066,36.80857442106265
2067,36.80857442106265
2068,44.02243304468023
2069,47.39582177011222
2070,47.39582177011222
2071,47.39582177011222
2072,47.39582177011222
2073,47.403967991156236
2074,43.728026646390916
2075,43.728026646390916
2076,43.728026646390916
2077,43.728026646390916
2078,36.66223051753405
2079,40.31753303792755
2080,40.31753303792755
2081,40.31753303792755
2082,141.68439097807766
2083,141.68439097807766
2084,141.68439097807766
2085,141.68439097807766
2086,43.95052159050765
2087,43.95052159050765
2088,43.95052159050765
2089,43.95052159050765
2090,40.31753303792755
2091,40.31753303792755
2092,40.31753303792755
2093,40.31753303792755
2094,36.64469634606684
2095,36.64469634606684
2096,36.64469634606684
2097,36.64469634606684
2098,40.298357996616076
2099,40.298357996616076
2100,40.298357996616076
2101,43.84084861447766
2102,40.24356579900785
2103,40.24356579900785
2104,36.555088390385976
2105,36.555088390385976
2106,36.555088390385976
2107,50.23274916045292
2108,50.23274916045292
2109,50.23274916045292
2110,50.23274916045292
2111,46.616173352305154
2112,78.80537791503971
2113,55.04774593059423
2114,69.58566746524151
2115,61.15409488695244
2116,61.15409488695244
2117,106.1179951348092
2118,57.611604269090854
2119,145.33685931945686
2120,145.33685931945686
2121,155.25883058512088
2122,46.53753420996162
2123,46.53753420996162
2124,42.88387255941239
2125,42.88387255941239
2126,29.304785138132203
2127,32.998594896174126
2128,32.998594896174126
2129,32.998594896174126
2130,25.759334428782594
2131,25.759334428782594
2132,25.759334428782594
2133,22.104031908389096
2134,22.104031908389096
2135,38.791716216356534
2136,38.791716216356534
2137,38.791716216356534
2138,38.791716216356534
2139,38.791716216356534
2140,38.791716216356534
2141,29.30895868435206
2142,29.30895868435206
2143,29.30895868435206
2144,29.30895868435206
2145,29.30895868435206
2146,29.30895868435206
2147,29.30895868435206
2148,29.30895868435206
2149,29.30895868435206
2150,29.30895868435206
2151,29.30895868435206
2152,29.30895868435206
2153,29.30895868435206
2154,36.39188419067194
2155,36.39188419067194
2156,36.39188419067194
2157,36.39188419067194
2158,36.39188419067194
2159,32.7150401838695
2160,32.7150401838695
2161,32.7150401838695
2162,29.02521177758533
2163,29.02521177758533
2164,29.02521177758533
2165,29.02521177758533
2166,29.02521177758533
2167,39.79100971833256
2168,39.79100971833256
2169,39.79100971833256
2170,50.65068062878979
2171,50.65068062878979
2172,50.65068062878979
2173,50.65068062878979
2174,50.65068062878979
2175,50.65068062878979
2176,50.65068062878979
2177,50.65068062878979
2178,50.65068062878979
2179,40.04545099160377
2180,40.04545099160377
2181,40.04545099160377
2182,50.871528329442945
2183,50.871528329442945
2184,50.871528329442945
2185,40.04545099160377
2186,40.04545099160377
2187,40.04545099160377
2188,40.04545099160377
2189,36.34545099160378
2190,39.870716201524175
2191,39.870716201524175
2192,39.870716201524175
2193,39.870716201524175
2194,43.54922719182821
2195,32.78342925108098
2196,29.258164041160587
2197,25.596355761575964
2198,25.596355761575964
2199,25.596355761575964
2200,21.914614303900027
2201,25.590372498877105
2202,25.590372498877105
2203,25.590372498877105
2204,25.590372498877105
2205,29.290372498877105
2206,29.290372498877105
2207,134.5655402586058
2208,29.290372498877105
2209,29.290372498877105
2210,29.290372498877105
2211,29.290372498877105
2212,29.290372498877105
2213,29.290372498877105
2214,29.290372498877105
2215,29.290372498877105
2216,29.290372498877105
2217,29.290372498877105
2218,29.290372498877105
2219,29.290372498877105
2220,29.290372498877105
2221,32.98617183421484
2222,29.303549189118012
2223,25.627790994140934
2224,25.627790994140934
2225,29.202063774153295
2226,29.202063774153295
2227,32.87293899098892
2228,32.87293899098892
2229,32.87293899098892
2230,32.87293899098892
2231,32.87293899098892
2232,32.87293899098892
2233,32.87293899098892
2234,29.172938990988918
2235,29.172938990988918
2236,29.172938990988918
2237,29.172938990988918
2238,29.172938990988918
2239,29.172938990988918
2240,28.715939268251187
2241,28.715939268251187
2242,28.715939268251187
2243,28.715939268251187
2244,39.09764508897187
2245,31.725324340625907
2246,31.725324340625907
2247,21.343618519905224
2248,17.769345739892866
2249,17.769345739892866
2250,17.769345739892866
2251,21.41467055338713
2252,21.41467055338713
2253,11.011999365667618
2254,11.011999365667618
2255,11.011999365667618
2256,14.711747873897739
2257,14.711747873897739
2258,14.711747873897739
2259,14.711747873897739
2260,14.711747873897739
2261,14.711747873897739
2262,14.711747873897739
2263,25.268714529079205
2264,25.268714529079205
2265,25.268714529079205
2266,28.966506239182365
2267,28.966506239182365
2268,28.966506239182365
2269,28.966506239182365
2270,28.966506239182365
2271,25.268714529079205
2272,28.955443706648325
2273,28.955443706648325
2274,28.955443706648325
2275,28.955443706648325
2276,28.955443706648325
2277,28.955443706648325
2278,28.955443706648325
2279,25.284568489812706
2280,25.284568489812706
2281,25.284568489812706
2282,25.284568489812706
2283,28.911978713967617
2284,28.911978713967617
2285,18.35501205878615
2286,14.709687245291887
2287,14.709687245291887
2288,14.709687245291887
2289,25.58226735922353
2290,36.28725329223177
2291,36.28725329223177
2292,32.59145395689404
2293,36.26172878590135
2294,36.26172878590135
2295,36.26172878590135
2296,36.26172878590135
2297,36.26172878590135
2298,36.26172878590135
2299,39.94006332079834
2300,43.59470857668223
2301,43.59470857668223
2302,43.59470857668223
2303,43.59470857668223
2304,43.59470857668223
2305,43.59470857668223
2306,43.59470857668223
2307,43.59470857668223
2308,43.59470857668223
2309,47.27311282091465
2310,47.27311282091465
2311,47.27311282091465
2312,47.27311282091465
2313,144.4110782822059
2314,144.4110782822059
2315,140.78366805805098
2316,54.24226820589848
2317,54.24226820589848
2318,54.24226820589848
2319,54.24226820589848
2320,43.537282272890245
2321,43.537282272890245
2322,43.537282272890245
2323,43.537282272890245
2324,43.537282272890245
2325,43.537282272890245
2326,43.537282272890245
2327,43.537282272890245
2328,50.66860264561122
2329,50.66860264561122
2330,50.66860264561122
2331,50.66860264561122
2332,50.66860264561122
2333,39.79602253167958
2334,39.79602253167958
2335,50.43102737649022
2336,46.7312788682601
2337,46.7312788682601
2338,46.7312788682601
2339,46.7312788682601
2340,36.13471325912134
2341,36.13471325912134
2342,36.13471325912134
2343,36.13471325912134
2344,36.13471325912134
2345,36.13471325912134
2346,36.13471325912134
2347,36.13471325912134
2348,36.13471325912134
2349,36.13471325912134
2350,36.13471325912134
2351,39.81112140263209
2352,39.81112140263209
2353,39.81112140263209
2354,39.81112140263209
2355,39.81112140263209
2356,39.81112140263209
2357,39.81112140263209
2358,39.81112140263209
2359,39.81112140263209
2360,39.81112140263209
2361,43.47780128299126
2362,54.184513890735516
2363,54.184513890735516
2364,43.39854826213066
2365,32.76354341732002
2366,32.76354341732002
2367,36.43624232265066
2368,36.43624232265066
2369,36.43624232265066
2370,43.56230029838527
2371,43.56230029838527
2372,47.234660869089936
2373,50.71503337648476
2374,47.02830419891564
2375,43.349899954683224
2376,43.349899954683224
2377,43.349899954683224
2378,47.00078085836823
2379,47.00078085836823
2380,47.00078085836823
2381,43.32244632347124
2382,43.32244632347124
2383,43.32244632347124
2384,47.00661267607316
2385,36.2999000683289
2386,36.2999000683289
2387,36.2999000683289
2388,46.92229762723038
2389,43.44192511983556
2390,43.44192511983556
2391,43.44192511983556
2392,43.44192511983556
2393,54.39754394848143
2394,149.77826971239742
2395,149.77826971239742
2396,153.42372997876353
2397,153.42372997876353
2398,58.04300421484753
2399,61.68839781016692
2400,65.34734498159033
2401,65.34734498159033
2402,65.34734498159033
2403,69.01389943504675
2404,72.7042731490337
2405,155.85690295789297
2406,152.43167969747358
2407,152.43167969747358
2408,69.27904988861427
2409,69.27904988861427
2410,72.92633011007679
2411,62.12999730533489
2412,62.12999730533489
2413,51.17437847668903
2414,51.17437847668903
2415,51.17437847668903
2416,51.17437847668903
2417,51.17437847668903
2418,51.17437847668903
2419,51.17437847668903
2420,51.17437847668903
2421,62.12185517298755
2422,172.21933456245574
2423,175.88583477198975
2424,69.47970591602741
2425,69.47970591602741
2426,69.47970591602741
2427,65.80700701069676
2428,69.47514206888349
2429,69.47514206888349
2430,80.07895394640406
2431,80.07895394640406
2432,80.07895394640406
2433,80.07895394640406
2434,80.07895394640406
2435,83.77400226781373
2436,83.77400226781373
2437,83.77400226781373
2438,83.77400226781373
2439,83.77400226781373
2440,83.77400226781373
2441,83.77400226781373
2442,80.10732238745456
2443,90.90709397737595
2444,79.95961728107743
2445,79.95961728107743
2446,72.76374858211538
2447,83.42631414116234
2448,83.42631414116234
2449,83.42631414116234
2450,83.42631414116234
2451,83.42631414116234
2452,83.42631414116234
2453,194.83020050104682
2454,184.22638862352625
2455,184.22638862352625
2456,187.8740832194594
2457,72.786030506973
2458,72.786030506973
2459,69.14057024060689
2460,72.82439988119445
2461,72.82439988119445
2462,72.82439988119445
2463,76.48320036636646
2464,156.61924600190494
2465,152.97385240658554
2466,156.66006091694925
2467,76.51322116705727
2468,76.51322116705727
2469,86.95140411498276
2470,86.95140411498276
2471,86.95140411498276
2472,169.2818868758346
2473,169.2818868758346
2474,72.64155833447329
2475,72.64155833447329
2476,72.64155833447329
2477,72.64155833447329
2478,72.64155833447329
2479,72.64155833447329
2480,76.34008081793341
2481,76.34008081793341
2482,76.34008081793341
2483,65.53112000503329
2484,65.53112000503329
2485,61.86298494684655
2486,61.86298494684655
2487,61.86298494684655
2488,55.09681894836697
2489,68.77222211940553
2490,68.77222211940553
2491,76.08777888121436
2492,80.28825162674468
2493,64.87476318094916
2494,68.54020282096526
2495,151.1871974769467
2496,151.1871974769467
2497,151.1871974769467
2498,62.36611939867547
2499,62.36611939867547
2500,62.36611939867547
2501,62.36611939867547
2502,72.92732390428536
2503,80.17256728280735
2504,83.84286585686269
2505,83.84286585686269
2506,83.84286585686269
2507,80.19067935365766
2508,80.19067935365766
2509,80.19067935365766
2510,69.62947484804778
2511,80.0891570207836
2512,76.44146242485044
2513,97.81288505967677
2514,97.81288505967677
2515,101.5092132184604
2516,101.5092132184604
2517,105.1626229474258
2518,105.1626229474258
2519,101.50382246225378
2520,105.13524663729035
2521,101.44389610378448
2522,112.18226252673708
2523,119.49915916684823
2524,119.49915916684823
2525,119.49915916684823
2526,119.49915916684823
2527,123.19865899524005
2528,115.81392800141623
2529,126.74961668102881
2530,127.05611801378538
2531,127.05611801378538
2532,123.37228837319783
2533,223.37649561564888
2534,212.8643783996621
2535,102.00086573837149
2536,102.00086573837149
2537,102.01613236407091
2538,102.01693213936757
2539,98.3531624246615
2540,98.3531624246615
2541,87.59911266363544
2542,87.59911266363544
2543,87.59911266363544
2544,91.26091472909805
2545,94.926491343743
2546,91.28098700809632
2547,91.28098700809632
2548,91.28098700809632
2549,91.28098700809632
2550,97.09094779513394
2551,97.09094779513394
2552,94.95139066055116
2553,94.95139066055116
2554,91.281338234389
2555,87.6065811780382
2556,87.6065811780382
2557,87.6065811780382
2558,80.34558880170144
2559,91.17198336930714
2560,112.42267746957687
2561,112.42267746957687
2562,119.72192510544318
2563,119.72192510544318
2564,108.78969669648797
2565,108.78969669648797
2566,110.4337573060038
2567,108.78969669648797
2568,119.44067103108912
2569,119.44067103108912
2570,130.20361507174326
2571,119.43743156625086
2572,115.80600739121431
2573,115.80600739121431
2574,115.80600739121431
2575,112.1405677511982
2576,112.1405677511982
2577,112.1405677511982
2578,108.69659649052974
2579,112.37667854216866
2580,116.06402258661683
2581,105.5277250826623
2582,105.5277250826623
2583,105.5277250826623
2584,105.5277250826623
2585,112.79165663910746
2586,112.79165663910746
2587,112.79165663910746
2588,101.79608084445752
2589,91.14510650985635
2590,91.14510650985635
2591,91.14510650985635
2592,91.14510650985635
2593,91.17411333789353
2594,91.21366428232614
2595,91.21366428232614
2596,94.87791690596671
2597,94.87791690596671
2598,76.84050738422297
2599,84.03652814081443
2600,84.03652814081443
2601,73.1191868554039
2602,73.1191868554039
2603,80.45726337579565
2604,80.45726337579565
2605,80.45726337579565
2606,80.45726337579565
2607,69.6943193351415
2608,69.6943193351415
2609,73.38816432281045
2610,73.38816432281045
2611,95.09612005309279
2612,91.43431798763018
2613,95.09583210342745
2614,87.78952541657696
2615,84.11922684252163
2616,84.11922684252163
2617,80.4536502278767
2618,84.0947979571338
2619,84.0947979571338
2620,84.0947979571338
2621,84.0947979571338
2622,84.0947979571338
2623,84.0947979571338
2624,84.0947979571338
2625,87.77990760915938
2626,91.4493016244787
2627,181.25720154192695
2628,181.25720154192695
2629,181.25720154192695
2630,199.28289257537318
2631,98.59648635510206
2632,98.59648635510206
2633,98.59648635510206
2634,98.59648635510206
2635,87.79607257141802
2636,84.1213762681422
2637,84.1213762681422
2638,84.1213762681422
2639,84.1213762681422
2640,80.43403222369403
2641,80.43403222369403
2642,76.73453239530221
2643,76.73453239530221
2644,76.73453239530221
2645,76.73453239530221
2646,76.73453239530221
2647,76.73453239530221
2648,73.05445034366329
2649,65.75178849860892
2650,65.75178849860892
2651,65.75178849860892
2652,54.844246552010624
2653,54.844246552010624
2654,54.844246552010624
2655,51.15913689998503
2656,54.84429231737526
2657,54.84429231737526
2658,54.84429231737526
2659,44.17837034963711
2660,44.17837034963711
2661,44.17837034963711
2662,44.17837034963711
2663,40.53850897826009
2664,40.53850897826009
2665,40.53850897826009
2666,40.53850897826009
2667,36.842436044181916
2668,36.842436044181916
2669,36.842436044181916
2670,36.842436044181916
2671,36.842436044181916
2672,36.842436044181916
2673,36.842436044181916
2674,40.50797468460298
2675,51.210212840611106
2676,51.210212840611106
2677,51.210212840611106
2678,51.210212840611106
2679,51.210212840611106
2680,51.210212840611106
2681,51.210212840611106
2682,47.54596021697053
2683,43.856776288992606
2684,43.856776288992606
2685,40.18738227367331
2686,40.18738227367331
2687,40.18738227367331
2688,36.520446477497615
2689,36.520446477497615
2690,36.520446477497615
2691,36.520446477497615
2692,36.520446477497615
2693,116.66977395419028
2694,116.66977395419028
2695,36.520446477497615
2696,36.520446477497615
2697,36.520446477497615
2698,36.520446477497615
2699,36.520446477497615
2700,39.77513931304739
2701,39.77513931304739
2702,39.77513931304739
2703,39.77513931304739
2704,39.77513931304739
2705,39.77513931304739
2706,39.78575783454461
2707,36.531064998994836
2708,25.828826842986704
2709,25.828826842986704
2710,22.14367142559647
2711,22.14367142559647
2712,22.14367142559647
2713,22.14367142559647
2714,22.14367142559647
2715,22.14367142559647
2716,18.445456276581734
2717,18.445456276581734
2718,11.059383628090023
2719,11.059383628090023
2720,11.059383628090023
2721,7.365538640421063
2722,11.009770750954125
2723,11.009770750954125
2724,11.009770750954125
2725,11.009770750954125
2726,11.009770750954125
2727,11.009770750954125
2728,11.009770750954125
2729,11.009770750954125
2730,11.009770750954125
2731,7.344232110533063
2732,7.344232110533063
2733,7.344232110533063
2734,7.344232110533063
2735,17.143635149420273
2736,27.355761077898176
2737,27.355761077898176
2738,27.355761077898176
2739,27.355761077898176
2740,27.355761077898176
2741,27.355761077898176
2742,27.355761077898176
2743,17.556358039010963
2744,17.556358039010963
2745,28.237602249076783
2746,28.237602249076783
2747,28.237602249076783
2748,18.025476320598884
2749,18.025476320598884
2750,18.025476320598884
2751,18.025476320598884
2752,18.025476320598884
2753,18.025476320598884
2754,18.025476320598884
2755,18.025476320598884
2756,18.025476320598884
2757,18.025476320598884
2758,7.344232110533063
2759,7.344232110533063
2760,7.344232110533063
2761,7.344232110533063
2762,7.344232110533063
2763,3.7
2764,3.7
2765,3.7
2766,3.7
2767,7.370411913833555
2768,7.370411913833555
2769,7.370411913833555
2770,73.8803126580459
2771,7.370411913833555
2772,7.370411913833555
2773,7.370411913833555
2774,7.370411913833555
2775,7.370411913833555
2776,7.370411913833555
2777,7.370411913833555
2778,7.370411913833555
2779,7.370411913833555
2780,7.370411913833555
2781,7.370411913833555
2782,7.370411913833555
2783,7.370411913833555
2784,11.066911306706345
2785,11.066911306706345
2786,21.626778267372345
2787,21.626778267372345
2788,21.626778267372345
2789,21.626778267372345
2790,21.626778267372345
2791,21.626778267372345
2792,21.626778267372345
2793,21.626778267372345
2794,21.626778267372345
2795,21.626778267372345
2796,11.066911306706345
2797,11.066911306706345
2798,21.685120016956738
2799,21.685120016956738
2800,25.35961507852869
2801,25.35961507852869
2802,25.35961507852869
2803,25.35961507852869
2804,25.35961507852869
2805,25.35961507852869
2806,14.741406368278295
2807,14.741406368278295
2808,14.741406368278295
2809,14.741406368278295
2810,14.741406368278295
2811,14.741406368278295
2812,14.741406368278295
2813,14.741406368278295
2814,14.741406368278295
2815,14.741406368278295
2816,14.741406368278295
2817,14.741406368278295
2818,14.741406368278295
2819,14.741406368278295
2820,14.741406368278295
2821,14.741406368278295
2822,14.741406368278295
2823,14.741406368278295
2824,14.741406368278295
2825,14.741406368278295
2826,14.741406368278295
2827,14.741406368278295
2828,14.741406368278295
2829,14.741406368278295
2830,14.741406368278295
2831,14.741406368278295
2832,18.342784646520272
2833,18.342784646520272
2834,14.672372732686714
2835,14.672372732686714
2836,14.672372732686714
2837,14.672372732686714
2838,14.672372732686714
2839,14.672372732686714
2840,14.672372732686714
2841,14.672372732686714
2842,14.672372732686714
2843,25.485454037941558
2844,25.485454037941558
2845,25.485454037941558
2846,21.785454037941555
2847,21.785454037941555
2848,35.66637315010889
2849,35.66637315010889
2850,35.66637315010889
2851,35.66637315010889
2852,35.66637315010889
2853,35.66637315010889
2854,39.273455509388164
2855,29.029919415631227
2856,29.029919415631227
2857,25.33342002275844
2858,25.33342002275844
2859,25.33342002275844
2860,141.64160436991395
2861,138.03452201063467
2862,134.36002694906273
2863,134.36002694906273
2864,18.051842601907207
2865,18.051842601907207
2866,18.051842601907207
2867,18.051842601907207
2868,18.051842601907207
2869,14.450464323665233
2870,14.450464323665233
2871,14.450464323665233
2872,14.450464323665233
2873,14.450464323665233
2874,14.450464323665233
2875,14.450464323665233
2876,14.450464323665233
2877,14.450464323665233
2878,14.450464323665233
2879,14.450464323665233
2880,14.450464323665233
2881,14.450464323665233
2882,14.450464323665233
2883,14.450464323665233
2884,14.450464323665233
2885,14.450464323665233
2886,14.450464323665233
2887,14.450464323665233
2888,14.450464323665233
2889,14.450464323665233
2890,14.450464323665233
2891,14.450464323665233
2892,3.6373830184103912
2893,7.237134837563948
2894,7.237134837563948
2895,7.237134837563948
2896,7.237134837563948
2897,7.237134837563948
2898,7.237134837563948
2899,7.237134837563948
2900,3.5997518191535565
2901,3.5997518191535565
2902,3.5997518191535565
2903,3.5997518191535565
2904,3.5997518191535565
2905,3.5997518191535565
2906,3.5997518191535565
2907,3.5997518191535565
2908,3.5997518191535565
2909,3.5997518191535565
2910,3.5997518191535565
2911,0.0
2912,0.0
2913,0.0
2914,0.0
2915,0.0
2916,0.0
2917,3.6383666308595215
2918,3.6383666308595215
2919,3.6383666308595215
2920,3.6383666308595215
2921,3.6383666308595215
2922,3.6383666308595215
2923,3.6383666308595215
2924,7.33586381090593
2925,11.027498032312915
2926,11.027498032312915
2927,11.027498032312915
2928,11.027498032312915
2929,11.027498032312915
2930,11.027498032312915
2931,11.027498032312915
2932,11.027498032312915
2933,11.027498032312915
2934,11.027498032312915
2935,11.027498032312915
2936,11.027498032312915
2937,11.027498032312915
2938,11.027498032312915
2939,14.70505590892785
2940,14.70505590892785
2941,14.70505590892785
2942,14.70505590892785
2943,14.70505590892785
2944,14.70505590892785
2945,14.70505590892785
2946,14.70505590892785
2947,14.70505590892785
2948,118.8918706937985
2949,118.8918706937985
2950,129.74584366905913
2951,129.74584366905913
2952,129.74584366905913
2953,129.74584366905913
2954,129.74584366905913
2955,25.559028884188482
2956,25.559028884188482
2957,35.659903510321385
2958,35.659903510321385
2959,35.659903510321385
2960,25.559028884188482
2961,25.559028884188482
2962,25.559028884188482
2963,25.559028884188482
2964,25.559028884188482
2965,25.559028884188482
2966,29.100064447249746
2967,29.100064447249746
2968,29.100064447249746
2969,29.100064447249746
2970,29.100064447249746
2971,25.461697816390224
2972,25.461697816390224
2973,25.461697816390224
2974,25.461697816390224
2975,25.461697816390224
2976,25.461697816390224
2977,25.461697816390224
2978,14.607724841129592
2979,14.607724841129592
2980,14.607724841129592
2981,14.607724841129592
2982,22.06893146072957
2983,18.078443286191902
2984,14.537407723130638
2985,14.537407723130638
2986,14.537407723130638
2987,14.537407723130638
2988,14.537407723130638
2989,25.49999094707438
2990,25.49999094707438
2991,22.02579523074965
2992,22.02579523074965
2993,22.02579523074965
2994,32.32666409570571
2995,36.02582877762031
2996,46.895447743234534
2997,46.895447743234534
2998,46.895447743234534
2999,46.895447743234534
3000,46.895447743234534
3001,46.895447743234534
3002,46.895447743234534
3003,46.895447743234534
3004,46.895447743234534
3005,35.932864519290796
3006,25.631995654334737
3007,25.631995654334737
3008,29.259002139814122
3009,29.259002139814122
3010,29.259002139814122
3011,29.259002139814122
3012,29.259002139814122
3013,29.259002139814122
3014,29.259002139814122
3015,29.259002139814122
3016,18.389383174199892
3017,18.389383174199892
3018,18.389383174199892
3019,18.389383174199892
3020,20.836070367616934
3021,18.389383174199892
3022,18.389383174199892
3023,18.389383174199892
3024,18.389383174199892
3025,22.075245938321594
3026,22.075245938321594
3027,32.87865637055148
3028,32.87865637055148
3029,32.87865637055148
3030,32.87865637055148
3031,32.87865637055148
3032,42.99713115803584
3033,46.62735738440816
3034,46.62735738440816
3035,46.62735738440816
3036,46.62735738440816
3037,50.279090355955255
3038,40.160615568470895
3039,40.160615568470895
3040,40.160615568470895
3041,40.160615568470895
3042,40.160615568470895
3043,40.160615568470895
3044,29.357205136241006
3045,29.357205136241006
3046,29.357205136241006
3047,29.357205136241006
3048,29.357205136241006
3049,25.66904818609644
3050,25.66904818609644
3051,115.91612275793018
3052,115.91612275793018
3053,25.66904818609644
3054,25.66904818609644
3055,25.66904818609644
3056,25.66904818609644
3057,25.66904818609644
3058,22.042041700617055
3059,22.042041700617055
3060,22.042041700617055
3061,22.042041700617055
3062,115.3874286543134
3063,22.042041700617055
3064,22.042041700617055
3065,22.042041700617055
3066,22.042041700617055
3067,22.042041700617055
3068,22.042041700617055
3069,22.042041700617055
3070,18.390308729069957
3071,18.390308729069957
3072,22.09030872906996
3073,22.09030872906996
3074,22.09030872906996
3075,18.412750852455023
3076,18.412750852455023
3077,18.412750852455023
3078,18.412750852455023
3079,25.499481324227382
3080,25.499481324227382
3081,103.41183797747276
3082,103.41183797747276
3083,114.40803535367182
3084,32.86545247405413
3085,32.86545247405413
3086,32.86545247405413
3087,32.86545247405413
3088,32.86545247405413
3089,32.86545247405413
3090,32.86545247405413
3091,32.86545247405413
3092,32.86545247405413
3093,32.86545247405413
3094,32.86545247405413
3095,32.86545247405413
3096,32.86545247405413
3097,32.86545247405413
3098,32.86545247405413
3099,32.86545247405413
3100,32.86545247405413
3101,32.86545247405413
3102,32.86545247405413
3103,32.86545247405413
3104,22.081224822235363
3105,25.775762764428645
3106,25.775762764428645
3107,25.775762764428645
3108,14.779565388229585
3109,14.779565388229585
3110,14.779565388229585
3111,14.779565388229585
3112,14.779565388229585
3113,14.779565388229585
3114,11.093702624107888
3115,11.093702624107888
3116,11.093702624107888
3117,11.093702624107888
3118,11.093702624107888
3119,22.027609170777
3120,28.91373115220621
3121,28.91373115220621
3122,28.91373115220621
3123,28.91373115220621
3124,28.91373115220621
3125,28.91373115220621
3126,28.91373115220621
3127,28.91373115220621
3128,32.608377947759735
3129,32.608377947759735
3130,43.310104305528775
3131,43.310104305528775
3132,46.95135584272078
3133,46.95135584272078
3134,46.95135584272078
3135,46.95135584272078
3136,46.95135584272078
3137,46.95135584272078
3138,46.95135584272078
3139,46.95135584272078
3140,36.36523386129157
3141,36.36523386129157
3142,40.05884058871345
3143,40.05884058871345
3144,40.05884058871345
3145,29.124934042044337
3146,32.806009383192816
3147,32.806009383192816
3148,32.806009383192816
3149,32.806009383192816
3150,43.53067640790282
3151,43.53067640790282
3152,43.53067640790282
3153,43.53067640790282
3154,43.53067640790282
3155,43.53067640790282
3156,43.53067640790282
3157,43.53067640790282
3158,43.53067640790282
3159,43.53067640790282
3160,32.82895005013378
3161,32.82895005013378
3162,32.82895005013378
3163,32.82895005013378
3164,32.82895005013378
3165,32.82895005013378
3166,32.82895005013378
3167,39.94500409542187
3168,39.94500409542187
3169,39.94500409542187
3170,39.94500409542187
3171,39.94500409542187
3172,39.94500409542187
3173,39.94500409542187
3174,39.94500409542187
3175,39.94500409542187
3176,39.94500409542187
3177,39.94500409542187
3178,39.94500409542187
3179,39.94500409542187
3180,39.94500409542187
3181,29.13441210794049
3182,29.13441210794049
3183,29.13441210794049
3184,18.409745083230494
3185,18.409745083230494
3186,18.409745083230494
3187,18.409745083230494
3188,18.409745083230494
3189,18.409745083230494
3190,18.409745083230494
3191,14.768493546038485
3192,14.768493546038485
3193,14.768493546038485
3194,14.768493546038485
3195,14.768493546038485
3196,14.768493546038485
3197,25.39578098057224
3198,25.39578098057224
3199,25.39578098057224
3200,25.39578098057224
3201,25.39578098057224
3202,25.39578098057224
3203,29.007846555533682
3204,29.007846555533682
3205,29.007846555533682
3206,29.007846555533682
3207,29.007846555533682
3208,29.007846555533682
3209,29.007846555533682
3210,29.007846555533682
3211,29.007846555533682
3212,29.007846555533682
3213,18.380559120999926
3214,18.380559120999926
3215,18.39196764757696
3216,18.39196764757696
3217,18.39196764757696
3218,18.39196764757696
3219,18.39196764757696
3220,18.39196764757696
3221,18.39196764757696
3222,18.39196764757696
3223,117.87427361159915
3224,117.87427361159915
3225,18.39196764757696
3226,14.692802965662356
3227,25.325769712891766
3228,25.325769712891766
3229,25.325769712891766
3230,29.02275479002539
3231,29.02275479002539
3232,29.02275479002539
3233,25.410689215063954
3234,25.410689215063954
3235,25.410689215063954
3236,25.410689215063954
3237,25.410689215063954
3238,25.410689215063954
3239,25.410689215063954
3240,25.410689215063954
3241,25.410689215063954
3242,25.410689215063954
3243,25.410689215063954
3244,25.410689215063954
3245,119.29702167925828
3246,25.410689215063954
3247,25.410689215063954
3248,25.410689215063954
3249,25.410689215063954
3250,25.410689215063954
3251,14.777722467834542
3252,14.777722467834542
3253,14.777722467834542
3254,14.777722467834542
3255,14.777722467834542
3256,14.777722467834542
3257,14.777722467834542
3258,14.777722467834542
3259,14.777722467834542
3260,14.777722467834542
3261,14.777722467834542
3262,14.777722467834542
3263,14.777722467834542
3264,14.777722467834542
3265,14.777722467834542
3266,14.777722467834542
3267,14.777722467834542
3268,14.777722467834542
3269,14.777722467834542
3270,14.777722467834542
3271,14.777722467834542
3272,14.777722467834542
3273,14.777722467834542
3274,14.777722467834542
3275,11.080737390700916
3276,11.080737390700916
3277,11.080737390700916
3278,11.080737390700916
3279,11.080737390700916
3280,11.080737390700916
3281,11.080737390700916
3282,11.080737390700916
3283,11.080737390700916
3284,11.080737390700916
3285,11.080737390700916
3286,11.080737390700916
3287,11.080737390700916
3288,11.080737390700916
3289,18.176288464861518
3290,18.176288464861518
3291,18.176288464861518
3292,18.176288464861518
3293,28.562943155911785
3294,18.176288464861518
3295,18.176288464861518
3296,18.176288464861518
3297,29.108632721743717
3298,29.108632721743717
3299,29.108632721743717
3300,18.319474920161234
3301,18.319474920161234
3302,18.319474920161234
3303,18.319474920161234
3304,18.319474920161234
3305,14.626991052435724
3306,14.626991052435724
3307,14.626991052435724
3308,14.626991052435724
3309,14.626991052435724
3310,18.303114253665097
3311,18.303114253665097
3312,18.303114253665097
3313,18.303114253665097
3314,18.303114253665097
3315,18.303114253665097
3316,18.303114253665097
3317,18.303114253665097
3318,18.303114253665097
3319,18.303114253665097
3320,18.303114253665097
3321,21.984525711815756
3322,21.984525711815756
3323,21.984525711815756
3324,11.052181454933553
3325,11.052181454933553
3326,11.052181454933553
3327,11.052181454933553
3328,11.052181454933553
3329,7.357534659380032
3330,7.357534659380032
3331,7.357534659380032
3332,7.357534659380032
3333,7.357534659380032
3334,7.357534659380032
3335,10.522054351402986
3336,10.522054351402986
3337,14.218154801435144
3338,14.218154801435144
3339,14.218154801435144
3340,14.218154801435144
3341,11.053635109412191
3342,11.053635109412191
3343,11.053635109412191
3344,11.053635109412191
3345,11.053635109412191
3346,11.053635109412191
3347,20.744949861324287
3348,20.744949861324287
3349,20.744949861324287
3350,20.744949861324287
3351,11.053635109412191
3352,11.053635109412191
3353,11.053635109412191
3354,21.822844049576265
3355,21.822844049576265
3356,25.50042201463969
3357,25.50042201463969
3358,29.17470304936778
3359,29.17470304936778
3360,29.17470304936778
3361,29.17470304936778
3362,29.17470304936778
3363,50.67115221898817
3364,61.00831217960413
3365,61.00831217960413
3366,61.00831217960413
3367,61.00831217960413
3368,64.69764267500243
3369,64.69764267500243
3370,64.69764267500243
3371,64.69764267500243
3372,64.69764267500243
3373,64.69764267500243
3374,67.76103612319343
3375,67.76103612319343
3376,67.76103612319343
3377,64.69764267500243
3378,64.69764267500243
3379,64.69764267500243
3380,50.67907125623581
3381,54.37586836618874
3382,54.37586836618874
3383,54.37586836618874
3384,54.37586836618874
3385,40.08953205887791
3386,40.08953205887791
3387,40.08953205887791
3388,90.44189263394746
3389,90.44189263394746
3390,25.64419991748446
3391,25.64419991748446
3392,25.64419991748446
3393,14.744756559776606
3394,14.744756559776606
3395,14.744756559776606
3396,14.744756559776606
3397,14.744756559776606
3398,14.744756559776606
3399,14.744756559776606
3400,18.386627039297416
3401,14.690526589265259
3402,25.424202352006308
3403,25.424202352006308
3404,25.424202352006308
3405,25.424202352006308
3406,25.424202352006308
3407,25.424202352006308
3408,25.424202352006308
3409,25.424202352006308
3410,25.424202352006308
3411,25.424202352006308
3412,25.424202352006308
3413,29.096479323938734
3414,29.096479323938734
3415,29.096479323938734
3416,29.096479323938734
3417,29.096479323938734
3418,29.096479323938734
3419,29.096479323938734
3420,40.02507764796063
3421,32.96461156636788
3422,32.96461156636788
3423,32.96461156636788
3424,32.96461156636788
3425,36.65737884552758
3426,40.09372010116745
3427,50.649480876549234
3428,50.649480876549234
3429,50.649480876549234
3430,50.649480876549234
3431,61.6793372392561
3432,65.32286449281702
3433,65.32286449281702
3434,61.64528652775359
3435,61.64528652775359
3436,61.64528652775359
3437,61.64528652775359
3438,50.71668820373169
3439,47.07481772421088
3440,47.07481772421088
3441,47.07481772421088
3442,47.07481772421088
3443,47.07481772421088
3444,47.07481772421088
3445,47.07481772421088
3446,36.5190569488291
3447,47.43656026624097
3448,57.20665194866921
3449,67.3515263206811
3450,67.3515263206811
3451,67.3515263206811
3452,71.0479072511215
3453,71.0479072511215
3454,71.0479072511215
3455,61.27781556869324
3456,61.27781556869324
3457,61.27781556869324
3458,61.27781556869324
3459,51.132941196681365
3460,51.132941196681365
3461,51.132941196681365
3462,51.132941196681365
3463,51.132941196681365
3464,51.132941196681365
3465,40.1994896592402
3466,50.49560786946452
3467,50.49560786946452
3468,46.83918048629554
3469,51.724856933002
3470,36.02941025111778
3471,36.02941025111778
3472,36.02941025111778
3473,25.73329204089346
3474,25.73329204089346
3475,22.061015068961034
3476,25.745066167636047
3477,25.745066167636047
3478,25.745066167636047
3479,25.745066167636047
3480,25.745066167636047
3481,25.745066167636047
3482,34.361702972636955
3483,34.361702972636955
3484,25.745066167636047
3485,25.745066167636047
3486,22.070785132907957
3487,22.070785132907957
3488,22.070785132907957
3489,22.070785132907957
3490,22.070785132907957
3491,25.699204447595807
3492,25.699204447595807
3493,25.699204447595807
3494,25.699204447595807
3495,25.699204447595807
3496,25.699204447595807
3497,25.648894242566296
3498,25.648894242566296
3499,25.648894242566296
3500,25.648894242566296
3501,29.338815331987902
3502,29.338815331987902
3503,29.338815331987902
3504,40.06658373952134
3505,50.789251349302226
3506,47.16083203461437
3507,43.48762235346608
3508,43.48762235346608
3509,52.393723225293456
3510,52.393723225293456
3511,52.393723225293456
3512,52.393723225293456
3513,43.48762235346608
3514,47.025328925386184
3515,47.06128783523212
3516,158.75617919645194
3517,158.75617919645194
3518,158.75617919645194
3519,158.75617919645194
3520,148.02841078891853
3521,148.02841078891853
3522,47.04372663345004
3523,47.04372663345004
3524,57.8432654393842
3525,54.196778534460776
3526,54.196778534460776
3527,50.65907196254067
3528,39.93640435275979
3529,39.93640435275979
3530,43.62765290301952
3531,43.62765290301952
3532,43.62765290301952
3533,43.62765290301952
3534,43.62765290301952
3535,43.62765290301952
3536,39.94360180434451
3537,39.94360180434451
3538,29.144062998410348
3539,29.144062998410348
3540,29.144062998410348
3541,29.144062998410348
3542,29.144062998410348
3543,29.144062998410348
3544,32.619112843111736
3545,32.619112843111736
3546,32.619112843111736
3547,32.619112843111736
3548,32.619112843111736
3549,32.619112843111736
3550,32.619112843111736
3551,32.619112843111736
3552,32.619112843111736
3553,18.433855792658996
3554,26.82945637138723
3555,18.433855792658996
3556,18.433855792658996
3557,18.433855792658996
3558,14.743934703237388
3559,14.743934703237388
3560,14.743934703237388
3561,25.215080849729894
3562,28.878876348404283
3563,28.878876348404283
3564,28.878876348404283
3565,50.53276430942209
3566,50.53276430942209
3567,46.83999703026239
3568,50.52678993822191
3569,50.52678993822191
3570,54.206505482688996
3571,57.55847039886469
3572,57.55847039886469
3573,57.55847039886469
3574,57.55847039886469
3575,57.55847039886469
3576,57.55847039886469
3577,53.86722184860496
3578,53.86722184860496
3579,46.0390452608953
3580,46.31142702592382
3581,46.31142702592382
3582,43.66845746714097
3583,43.66845746714097
3584,43.66845746714097
3585,43.66845746714097
3586,43.66845746714097
3587,43.66845746714097
3588,43.66845746714097
3589,43.66845746714097
3590,43.66845746714097
3591,54.054549727648265
3592,54.054549727648265
3593,54.054549727648265
3594,54.054549727648265
3595,54.054549727648265
3596,54.054549727648265
3597,54.054549727648265
3598,145.920913100465
3599,43.177913527627936
3600,32.40066176663045
3601,32.40066176663045
3602,32.40066176663045
3603,32.40066176663045
3604,32.40066176663045
3605,138.01700335341255
3606,138.01700335341255
3607,138.01700335341255
3608,131.33041618109905
3609,131.33041618109905
3610,39.70488120389153
3611,39.70488120389153
3612,46.93444179122385
3613,46.93444179122385
3614,46.93444179122385
3615,46.93444179122385
3616,46.93444179122385
3617,46.93444179122385
3618,46.93444179122385
3619,46.93444179122385
3620,46.93444179122385
3621,39.63037956555256
3622,39.63037956555256
3623,39.63037956555256
3624,39.63037956555256
3625,39.63037956555256
3626,50.084045236621165
3627,50.084045236621165
3628,50.084045236621165
3629,50.084045236621165
3630,42.98490040966935
3631,42.98490040966935
3632,32.41653433272087
3633,32.41653433272087
3634,36.088191104437406
3635,36.088191104437406
3636,25.195092573727536
3637,25.195092573727536
3638,25.195092573727536
3639,25.195092573727536
3640,25.195092573727536
3641,25.195092573727536
3642,25.195092573727536
3643,25.195092573727536
3644,14.741426902658933
3645,14.741426902658933
3646,18.373680175479606
3647,18.373680175479606
3648,18.373680175479606
3649,18.373680175479606
3650,18.373680175479606
3651,18.373680175479606
3652,18.373680175479606
3653,18.373680175479606
3654,18.373680175479606
3655,18.373680175479606
3656,18.373680175479606
3657,18.373680175479606
3658,22.064948484381343
3659,22.064948484381343
3660,22.064948484381343
3661,22.064948484381343
3662,41.59207241453333
3663,22.064948484381343
3664,25.684963765996784
3665,25.684963765996784
3666,25.684963765996784
3667,25.684963765996784
3668,25.684963765996784
3669,25.684963765996784
3670,25.684963765996784
3671,25.684963765996784
3672,25.684963765996784
3673,29.357333703371847
3674,29.357333703371847
3675,33.039154802253044
3676,33.039154802253044
3677,29.36527068994484
3678,29.36527068994484
3679,29.36527068994484
3680,29.36527068994484
3681,29.36527068994484
3682,25.6936139182283
3683,25.6936139182283
3684,25.6936139182283
3685,25.6936139182283
3686,29.380126720729265
3687,29.380126720729265
3688,29.380126720729265
3689,29.380126720729265
3690,29.380126720729265
3691,32.62409573915554
3692,29.380126720729265
3693,39.97843187859997
3694,139.76093623097455
3695,139.7147959283811
3696,139.7147959283811
3697,39.93229157600654
3698,32.60365737274547
3699,32.60365737274547
3700,32.60365737274547
3701,32.60365737274547
3702,32.60365737274547
3703,32.60365737274547
3704,32.60365737274547
3705,32.60365737274547
3706,53.81557586810338
3707,50.19556058648796
3708,50.19556058648796
3709,50.19556058648796
3710,50.19556058648796
3711,50.19556058648796
3712,50.19556058648796
3713,50.19556058648796
3714,53.84374487576996
3715,145.99665544174812
3716,135.39835028387742
3717,43.24543971789926
3718,46.945439717899255
3719,54.31496552967201
3720,96.9395213076052
3721,54.31496552967201
3722,144.53669211815543
3723,155.4159312410786
3724,155.4159312410786
3725,65.19420465259516
3726,68.87100002054166
3727,61.61929932271643
3728,61.61929932271643
3729,61.61929932271643
3730,50.89234987141678
3731,43.95957643698995
3732,43.95957643698995
3733,43.95957643698995
3734,43.95957643698995
3735,43.95957643698995
3736,43.95957643698995
3737,43.95957643698995
3738,47.64854068843978
3739,47.64854068843978
3740,47.64854068843978
3741,47.64854068843978
3742,45.35639930512404
3743,45.35639930512404
3744,45.35639930512404
3745,36.76930156551662
3746,36.76930156551662
3747,116.21998465573412
3748,116.21998465573412
3749,36.76930156551662
3750,36.76930156551662
3751,33.124173559208316
3752,33.124173559208316
3753,33.124173559208316
3754,29.424173559208313
3755,40.042890713291186
3756,40.042890713291186
3757,40.042890713291186
3758,40.042890713291186
3759,146.73409888740008
3760,146.73409888740008
3761,146.73409888740008
3762,146.73409888740008
3763,207.67236726534685
3764,146.74031825843252
3765,146.74031825843252
3766,146.74031825843252
3767,40.04911008432365
3768,150.56960761487213
3769,150.56960761487213
3770,146.78527009943144
3771,146.78527009943144
3772,36.264772568882975
3773,25.64605541480009
3774,114.12384803756494
3775,114.12384803756494
3776,117.81557821356893
3777,25.801568879587695
3778,18.442952412760008
3779,18.442952412760008
3780,18.442952412760008
3781,18.442952412760008
3782,22.109299487813395
3783,22.109299487813395
3784,22.109299487813395
3785,22.109299487813395
3786,22.109299487813395
3787,22.109299487813395
3788,22.109299487813395
3789,22.109299487813395
3790,22.109299487813395
3791,22.109299487813395
3792,22.109299487813395
3793,22.109299487813395
3794,22.109299487813395
3795,22.109299487813395
3796,18.41429415831871
3797,32.49297580399424
3798,32.49297580399424
3799,32.49297580399424
3800,32.49297580399424
3801,28.954801927131072
3802,28.954801927131072
3803,28.954801927131072
3804,28.954801927131072
3805,28.954801927131072
3806,28.954801927131072
3807,28.954801927131072
3808,28.954801927131072
3809,28.954801927131072
3810,25.263071751127086
3811,21.574107499677247
3812,21.574107499677247
3813,17.881375326143818
3814,7.340867557331455
3815,3.6745204822780693
3816,3.6745204822780693
3817,7.360533492003638
3818,7.360533492003638
3819,7.360533492003638
3820,11.034620368005235
3821,11.034620368005235
3822,11.034620368005235
3823,11.034620368005235
3824,11.034620368005235
3825,7.3600998857271644
3826,7.3600998857271644
3827,7.3600998857271644
3828,11.050946665529175
3829,11.050946665529175
3830,11.050946665529175
3831,11.050946665529175
3832,11.050946665529175
3833,11.050946665529175
3834,11.050946665529175
3835,11.050946665529175
3836,11.050946665529175
3837,87.49858056093083
3838,87.49858056093083
3839,11.050946665529175
3840,11.050946665529175
3841,11.050946665529175
3842,14.746328200100368
3843,14.746328200100368
3844,14.746328200100368
3845,14.746328200100368
3846,25.158517023089253
3847,35.75297306391715
3848,35.75297306391715
3849,35.75297306391715
3850,25.34078424092827
3851,25.34078424092827
3852,29.011881994257006
3853,29.011881994257006
3854,29.011881994257006
3855,39.688313155769976
3856,39.688313155769976
3857,39.688313155769976
3858,39.688313155769976
3859,39.688313155769976
3860,39.688313155769976
3861,39.688313155769976
3862,39.688313155769976
3863,39.688313155769976
3864,39.688313155769976
3865,42.88659013028014
3866,42.88659013028014
3867,42.88659013028014
3868,32.29213408945224
3869,109.48258243863113
3870,106.28430546412096
3871,43.77564950521783
3872,40.08963649549226
3873,40.08963649549226
3874,40.08963649549226
3875,40.08963649549226
3876,51.08963649549226
3877,51.08963649549226
3878,61.41009666514712
3879,72.40471530003897
3880,64.51749715418717
3881,61.41009666514712
3882,51.08963649549226
3883,51.08963649549226
3884,51.08963649549226
3885,54.74435453023561
3886,54.74435453023561
3887,43.77319104089152
3888,43.77319104089152
3889,43.77319104089152
3890,32.77319104089152
3891,139.4540829064053
3892,139.4540829064053
3893,139.4540829064053
3894,146.31903957096887
3895,146.31903957096887
3896,146.31903957096887
3897,43.29191289930269
3898,43.29191289930269
3899,46.778495617194864
3900,36.09143555475024
3901,36.09143555475024
3902,36.09143555475024
3903,36.09143555475024
3904,123.71773476612502
3905,123.71773476612502
3906,36.09143555475024
3907,36.09143555475024
3908,36.09143555475024
3909,36.09143555475024
3910,36.09143555475024
3911,36.09143555475024
3912,36.09143555475024
3913,25.53563211038466
3914,25.53563211038466
3915,25.53563211038466
3916,36.069207584652155
3917,36.069207584652155
3918,25.213156456187185
3919,25.213156456187185
3920,28.909795818591633
3921,28.909795818591633
3922,28.909795818591633
3923,32.55264214282202
3924,28.852642142822027
3925,28.852642142822027
3926,28.852642142822027
3927,28.852642142822027
3928,28.852642142822027
3929,28.852642142822027
3930,28.852642142822027
3931,28.852642142822027
3932,28.852642142822027
3933,28.852642142822027
3934,39.76358100531796
3935,39.76358100531796
3936,32.9191835907874
3937,32.9191835907874
3938,32.9191835907874
3939,32.9191835907874
3940,29.26446555604404
3941,29.26446555604404
3942,29.26446555604404
3943,29.26446555604404
3944,29.26446555604404
3945,29.26446555604404
3946,32.8590305660652
3947,29.18793281273647
3948,29.18793281273647
3949,29.18793281273647
3950,32.85373334807471
3951,36.55134312805801
3952,32.95677811803685
3953,32.95677811803685
3954,32.95677811803685
3955,32.95677811803685
3956,36.56877855484259
3957,36.56877855484259
3958,36.56877855484259
3959,36.56877855484259
3960,36.56877855484259
3961,40.118642401864264
3962,40.118642401864264
3963,40.118642401864264
3964,40.118642401864264
3965,40.118642401864264
3966,40.118642401864264
3967,32.87772960166892
3968,32.87772960166892
3969,32.87772960166892
3970,32.87772960166892
3971,25.581118083590926
3972,25.581118083590926
3973,21.88447872118648
3974,32.648745225478265
3975,32.648745225478265
3976,32.648745225478265
3977,32.648745225478265
3978,32.648745225478265
3979,32.648745225478265
3980,36.07411324600424
3981,32.52424939898257
3982,32.52424939898257
3983,32.52424939898257
3984,32.52424939898257
3985,32.52424939898257
3986,32.52424939898257
3987,32.52424939898257
3988,32.52424939898257
3989,32.52424939898257
3990,32.52424939898257
3991,32.73983866402067
3992,32.73983866402067
3993,32.73983866402067
3994,32.73983866402067
3995,32.73983866402067
3996,32.73983866402067
3997,29.12783822721492
3998,29.12783822721492
3999,29.12783822721492
4000,29.12783822721492
4001,29.12783822721492
4002,29.12783822721492
4003,29.12783822721492
4004,29.12783822721492
4005,29.12783822721492
4006,29.12783822721492
4007,29.12783822721492
4008,29.12783822721492
4009,29.12783822721492
4010,39.6884900801088
4011,39.6884900801088
4012,39.6884900801088
4013,39.6884900801088
4014,39.6884900801088
4015,39.6884900801088
4016,28.924223575817013
4017,28.924223575817013
4018,28.924223575817013
4019,28.924223575817013
4020,25.226613795833714
4021,36.02847589907799
4022,135.66471043267302
4023,36.02847589907799
4024,36.02847589907799
4025,39.682976631534
4026,29.122324778640117
4027,29.122324778640117
4028,29.122324778640117
4029,25.456524243301875
4030,25.456524243301875
4031,29.13482058689223
4032,29.13482058689223
4033,29.13482058689223
4034,29.13482058689223
4035,29.13482058689223
4036,29.13482058689223
4037,123.19508544452036
4038,123.19508544452036
4039,123.19508544452036
4040,123.19508544452036
4041,29.13482058689223
4042,25.49386330132816
4043,25.49386330132816
4044,25.49386330132816
4045,25.49386330132816
4046,25.49386330132816
4047,25.49386330132816
4048,25.49386330132816
4049,21.804685241591223
4050,21.804685241591223
4051,21.804685241591223
4052,37.89297313675925
4053,32.54998870953311
4054,32.54998870953311
4055,32.54998870953311
4056,32.54998870953311
4057,32.54998870953311
4058,32.54998870953311
4059,32.54998870953311
4060,43.17538762629391
4061,43.17538762629391
4062,43.17538762629391
4063,43.17538762629391
4064,46.79946740418596
4065,46.79946740418596
4066,35.997605300941686
4067,35.997605300941686
4068,35.997605300941686
4069,35.997605300941686
4070,35.997605300941686
4071,32.32757923864109
4072,35.99351109205203
4073,35.99351109205203
4074,35.99351109205203
4075,35.99351109205203
4076,35.99351109205203
4077,35.99351109205203
4078,35.99351109205203
4079,21.593706891654133
4080,21.850766759842358
4081,21.850766759842358
4082,21.850766759842358
4083,21.850766759842358
4084,21.850766759842358
4085,21.850766759842358
4086,21.850766759842358
4087,21.850766759842358
4088,21.850766759842358
4089,113.25139786966491
4090,113.25139786966491
4091,21.850766759842358
4092,21.850766759842358
4093,18.172470416252004
4094,18.172470416252004
4095,18.172470416252004
4096,21.828028607431868
4097,25.49861431886314
4098,25.49861431886314
4099,25.49861431886314
4100,21.828028607431868
4101,21.828028607431868
4102,106.91499270537365
4103,106.91499270537365
4104,106.91499270537365
4105,21.828028607431868
4106,21.828028607431868
4107,21.828028607431868
4108,21.828028607431868
4109,21.828028607431868
4110,18.203948829539826
4111,18.203948829539826
4112,18.203948829539826
4113,18.203948829539826
4114,18.203948829539826
4115,7.321490044590803
4116,7.321490044590803
4117,18.07863681494896
4118,18.07863681494896
4119,21.705593529229017
4120,21.705593529229017
4121,25.387573863527688
4122,25.387573863527688
4123,25.387573863527688
4124,25.387573863527688
4125,25.387573863527688
4126,25.387573863527688
4127,25.387573863527688
4128,25.387573863527688
4129,25.387573863527688
4130,25.387573863527688
4131,36.387026471506985
4132,36.387026471506985
4133,36.387026471506985
4134,40.05848238863899
4135,40.05848238863899
4136,40.05848238863899
4137,40.05848238863899
4138,40.05848238863899
4139,40.05848238863899
4140,40.05848238863899
4141,40.05848238863899
4142,40.05848238863899
4143,40.05848238863899
4144,29.301335618280838
4145,14.646324819121668
4146,14.646324819121668
4147,14.646324819121668
4148,14.646324819121668
4149,14.646324819121668
4150,14.646324819121668
4151,14.646324819121668
4152,14.646324819121668
4153,21.486438313152732
4154,21.486438313152732
4155,21.486438313152732
4156,21.486438313152732
4157,21.486438313152732
4158,25.119819695460436
4159,25.119819695460436
4160,25.119819695460436
4161,25.119819695460436
4162,25.119819695460436
4163,25.119819695460436
4164,25.119819695460436
4165,25.119819695460436
4166,25.119819695460436
4167,21.492862981180377
4168,21.492862981180377
4169,128.33394415764587
4170,128.33394415764587
4171,117.82789881020389
4172,117.82789881020389
4173,10.986817633738376
4174,10.986817633738376
4175,10.986817633738376
4176,10.992935159344778
4177,10.992935159344778
4178,10.992935159344778
4179,14.68776829420438
4180,18.323128577519817
4181,18.323128577519817
4182,18.323128577519817
4183,22.004495401203144
4184,22.004495401203144
4185,22.004495401203144
4186,22.004495401203144
4187,22.004495401203144
4188,25.422548611349967
4189,25.422548611349967
4190,25.422548611349967
4191,22.004495401203144
4192,22.004495401203144
4193,22.004495401203144
4194,25.66982976162287
4195,25.66982976162287
4196,36.17793517770219
4197,36.17793517770219
4198,43.53011259808109
4199,43.53011259808109
4200,39.896731215773386
4201,39.896731215773386
4202,39.896731215773386
4203,39.896731215773386
4204,39.896731215773386
4205,39.896731215773386
4206,39.896731215773386
4207,75.26761005389241
4208,43.57586652595521
4209,43.57586652595521
4210,43.57586652595521
4211,47.03196940768162
4212,47.03196940768162
4213,36.523863991602305
4214,36.523863991602305
4215,36.523863991602305
4216,40.19697150643219
4217,40.19697150643219
4218,40.19697150643219
4219,40.19697150643219
4220,40.19697150643219
4221,43.84796281201206
4222,43.84796281201206
4223,43.84796281201206
4224,43.84796281201206
4225,40.39185993028565
4226,40.39185993028565
4227,40.39185993028565
4228,40.39185993028565
4229,36.72040401315365
4230,36.72040401315365
4231,36.72040401315365
4232,36.72040401315365
4233,36.72040401315365
4234,36.72040401315365
4235,36.72040401315365
4236,44.009099316478114
4237,44.009099316478114
4238,44.009099316478114
4239,40.32100145657304
4240,40.32100145657304
4241,40.32100145657304
4242,36.66306782810588
4243,36.66306782810588
4244,32.98170100442256
4245,32.98170100442256
4246,32.98170100442256
4247,32.98170100442256
4248,32.98170100442256
4249,32.98170100442256
4250,32.98170100442256
4251,32.98170100442256
4252,29.286867869562958
4253,29.286867869562958
4254,29.286867869562958
4255,29.286867869562958
4256,29.286867869562958
4257,140.67414304945714
4258,144.3563503510664
4259,144.3563503510664
4260,151.49499187737604
4261,151.49499187737604
4262,40.10771669748188
4263,40.10771669748188
4264,40.10771669748188
4265,40.10771669748188
4266,40.10771669748188
4267,43.7685120836384
4268,43.7685120836384
4269,43.7685120836384
4270,43.69692513997168
4271,43.69692513997168
4272,43.69692513997168
4273,43.69692513997168
4274,47.383162678845835
4275,40.244893478590924
4276,41.305638636314725
4277,40.244893478590924
4278,40.244893478590924
4279,36.57955911817119
4280,36.57955911817119
4281,36.57955911817119
4282,36.57955911817119
4283,36.57955911817119
4284,36.57955911817119
4285,33.000154756258034
4286,33.000154756258034
4287,33.000154756258034
4288,33.000154756258034
4289,33.000154756258034
4290,33.000154756258034
4291,33.000154756258034
4292,33.000154756258034
4293,33.000154756258034
4294,29.305910964346293
4295,29.305910964346293
4296,29.305910964346293
4297,29.305910964346293
4298,25.63280344951641
4299,25.63280344951641
4300,25.63280344951641
4301,25.63280344951641
4302,25.63280344951641
4303,14.708747862876503
4304,14.708747862876503
4305,14.708747862876503
4306,14.708747862876503
4307,14.708747862876503
4308,14.708747862876503
4309,11.047952476719981
4310,11.047952476719981
4311,11.047952476719981
4312,11.047952476719981
4313,11.047952476719981
4314,11.047952476719981
4315,11.047952476719981
4316,11.047952476719981
4317,11.047952476719981
4318,14.691274041578938
4319,14.691274041578938
4320,14.691274041578938
4321,14.691274041578938
4322,14.691274041578938
4323,14.691274041578938
4324,14.691274041578938
4325,14.691274041578938
4326,14.691274041578938
4327,14.691274041578938
4328,14.691274041578938
4329,14.691274041578938
4330,14.691274041578938
4331,14.691274041578938
4332,14.691274041578938
4333,14.691274041578938
4334,14.691274041578938
4335,14.691274041578938
4336,14.691274041578938
4337,14.691274041578938
4338,14.691274041578938
4339,14.691274041578938
4340,14.691274041578938
4341,14.691274041578938
4342,14.691274041578938
4343,7.322829201095519
4344,7.322829201095519
4345,7.322829201095519
4346,7.322829201095519
4347,7.322829201095519
4348,7.322829201095519
4349,7.322829201095519
4350,7.322829201095519
4351,7.322829201095519
4352,7.322829201095519
4353,10.991487243846956
4354,10.991487243846956
4355,10.991487243846956
4356,10.991487243846956
4357,7.311979607610393
4358,7.311979607610393
4359,7.311979607610393
4360,7.311979607610393
4361,7.311979607610393
4362,7.311979607610393
4363,7.311979607610393
4364,7.311979607610393
4365,7.311979607610393
4366,7.311979607610393
4367,7.311979607610393
4368,7.311979607610393
4369,7.311979607610393
4370,7.311979607610393
4371,7.311979607610393
4372,7.311979607610393
4373,7.311979607610393
4374,7.311979607610393
4375,7.311979607610393
4376,7.311979607610393
4377,7.311979607610393
4378,7.311979607610393
4379,7.311979607610393
4380,7.311979607610393
4381,7.311979607610393
4382,3.6686580427514364
4383,3.6686580427514364
4384,3.6686580427514364
4385,3.6686580427514364
4386,3.6686580427514364
4387,3.6686580427514364
4388,3.6686580427514364
4389,3.6686580427514364
4390,3.6686580427514364
4391,3.6686580427514364
4392,3.6686580427514364
4393,3.6686580427514364
4394,3.6686580427514364
4395,3.6686580427514364
4396,3.6686580427514364
4397,3.6686580427514364
4398,3.6686580427514364
4399,14.475049272879948
4400,14.475049272879948
4401,25.199023603429893
4402,25.199023603429893
4403,25.199023603429893
4404,25.199023603429893
4405,25.199023603429893
4406,25.199023603429893
4407,25.199023603429893
4408,25.199023603429893
4409,25.199023603429893
4410,25.199023603429893
4411,25.199023603429893
4412,25.199023603429893
4413,25.199023603429893
4414,25.199023603429893
4415,25.199023603429893
4416,25.199023603429893
4417,25.199023603429893
4418,28.792987422098648
4419,28.792987422098648
4420,28.792987422098648
4421,18.0690130915487
4422,18.0690130915487
4423,18.0690130915487
4424,18.0690130915487
4425,18.0690130915487
4426,18.0690130915487
4427,18.0690130915487
4428,18.0690130915487
4429,18.0690130915487
4430,18.0690130915487
4431,10.921096559112808
4432,10.921096559112808
4433,10.921096559112808
4434,10.921096559112808
4435,10.921096559112808
4436,10.921096559112808
4437,10.921096559112808
4438,10.921096559112808
4439,10.921096559112808
4440,10.921096559112808
4441,10.921096559112808
4442,7.252438516361372
4443,7.252438516361372
4444,7.252438516361372
4445,7.252438516361372
4446,7.252438516361372
4447,7.252438516361372
4448,7.252438516361372
4449,7.252438516361372
4450,7.252438516361372
4451,7.252438516361372
4452,3.6584746976926175
4453,3.6584746976926175
4454,3.6584746976926175
4455,3.6584746976926175
4456,3.6584746976926175
4457,3.6584746976926175
4458,7.338881981520107
4459,7.338881981520107
4460,7.338881981520107
4461,7.338881981520107
4462,7.338881981520107
4463,7.338881981520107
4464,7.338881981520107
4465,7.338881981520107
4466,7.338881981520107
4467,7.338881981520107
4468,7.338881981520107
4469,7.338881981520107
4470,7.338881981520107
4471,7.338881981520107
4472,7.338881981520107
4473,7.338881981520107
4474,7.338881981520107
4475,7.338881981520107
4476,7.338881981520107
4477,7.338881981520107
4478,7.338881981520107
4479,7.338881981520107
4480,7.338881981520107
4481,7.338881981520107
4482,7.338881981520107
4483,7.338881981520107
4484,7.338881981520107
4485,18.067078897149457
4486,18.067078897149457
4487,18.067078897149457
4488,18.067078897149457
4489,18.067078897149457
4490,21.720380772134703
4491,21.720380772134703
4492,21.720380772134703
4493,21.720380772134703
4494,21.720380772134703
4495,21.720380772134703
4496,21.720380772134703
4497,21.720380772134703
4498,21.720380772134703
4499,25.414267816734004
4500,25.414267816734004
4501,25.414267816734004
4502,25.414267816734004
4503,21.75579311904139
4504,21.75579311904139
4505,21.75579311904139
4506,21.75579311904139
4507,21.75579311904139
4508,11.027596203412037
4509,11.027596203412037
4510,11.027596203412037
4511,11.027596203412037
4512,11.027596203412037
4513,11.027596203412037
4514,11.027596203412037
4515,11.027596203412037
4516,11.027596203412037
4517,11.027596203412037
4518,116.65218621660593
4519,116.65218621660593
4520,116.65218621660593
4521,116.65218621660593
4522,116.65218621660593
4523,11.027596203412037
4524,11.027596203412037
4525,11.027596203412037
4526,11.027596203412037
4527,11.027596203412037
4528,11.027596203412037
4529,11.027596203412037
4530,11.027596203412037
4531,11.027596203412037
4532,11.027596203412037
4533,11.027596203412037
4534,11.027596203412037
4535,11.027596203412037
4536,11.027596203412037
4537,11.027596203412037
4538,11.027596203412037
4539,11.027596203412037
4540,11.027596203412037
4541,11.027596203412037
4542,11.027596203412037
4543,11.027596203412037
4544,11.027596203412037
4545,11.027596203412037
4546,11.027596203412037
4547,11.027596203412037
4548,11.027596203412037
4549,21.944805022442157
4550,21.944805022442157
4551,21.944805022442157
4552,21.944805022442157
4553,21.944805022442157
4554,21.944805022442157
4555,21.944805022442157
4556,21.944805022442157
4557,21.944805022442157
4558,21.944805022442157
4559,21.944805022442157
4560,18.29150314745691
4561,18.29150314745691
4562,18.29150314745691
4563,14.61109586362942
4564,14.61109586362942
4565,25.596399953291396
4566,25.596399953291396
4567,25.596399953291396
4568,25.596399953291396
4569,25.596399953291396
4570,25.596399953291396
4571,25.596399953291396
4572,25.596399953291396
4573,25.596399953291396
4574,25.596399953291396
4575,25.596399953291396
4576,25.596399953291396
4577,25.596399953291396
4578,25.596399953291396
4579,25.596399953291396
4580,25.596399953291396
4581,25.596399953291396
4582,25.596399953291396
4583,25.596399953291396
4584,25.596399953291396
4585,25.596399953291396
4586,25.596399953291396
4587,25.596399953291396
4588,25.596399953291396
4589,25.596399953291396
4590,25.596399953291396
4591,25.596399953291396
4592,14.61109586362942
4593,14.61109586362942
4594,3.6938870445992995
4595,3.6938870445992995
4596,3.6938870445992995
4597,3.6938870445992995
4598,3.6938870445992995
4599,3.6938870445992995
4600,3.6938870445992995
4601,3.6938870445992995
4602,3.6938870445992995
4603,3.6938870445992995
4604,3.6938870445992995
4605,3.6938870445992995
4606,3.6938870445992995
4607,3.6938870445992995
4608,3.6938870445992995
4609,3.6938870445992995
4610,3.6938870445992995
4611,3.6938870445992995
4612,3.6938870445992995
4613,3.6938870445992995
4614,3.6938870445992995
4615,3.6938870445992995
4616,3.6938870445992995
4617,3.6938870445992995
4618,3.6938870445992995
4619,3.6938870445992995
4620,3.6938870445992995
4621,3.6938870445992995
4622,3.6938870445992995
4623,3.6938870445992995
4624,3.6938870445992995
4625,3.6938870445992995
4626,3.6938870445992995
4627,3.6938870445992995
4628,3.6938870445992995
4629,3.6938870445992995
4630,3.6938870445992995
4631,3.6938870445992995
4632,3.6938870445992995
4633,3.6938870445992995
4634,7.382005021965576
4635,7.382005021965576
4636,7.382005021965576
4637,7.382005021965576
4638,7.382005021965576
4639,7.382005021965576
4640,7.382005021965576
4641,7.382005021965576
4642,7.382005021965576
4643,7.382005021965576
4644,7.382005021965576
4645,7.382005021965576
4646,7.382005021965576
4647,7.382005021965576
4648,7.382005021965576
4649,7.382005021965576
4650,17.985327384902135
4651,17.985327384902135
4652,17.985327384902135
4653,17.985327384902135
4654,17.985327384902135
4655,17.985327384902135
4656,28.715323755066294
4657,28.715323755066294
4658,28.715323755066294
4659,28.715323755066294
4660,28.715323755066294
4661,28.715323755066294
4662,39.47756240734725
4663,39.47756240734725
4664,39.47756240734725
4665,39.47756240734725
4666,43.167796013489706
4667,43.167796013489706
4668,43.167796013489706
4669,43.167796013489706
4670,43.167796013489706
4671,43.167796013489706
4672,43.167796013489706
4673,43.167796013489706
4674,36.24148303873132
4675,36.24148303873132
4676,36.24148303873132
4677,36.24148303873132
4678,36.24148303873132
4679,36.24148303873132
4680,25.51148666856716
4681,25.51148666856716
4682,25.51148666856716
4683,25.51148666856716
4684,25.51148666856716
4685,25.51148666856716
4686,25.51148666856716
4687,25.51148666856716
4688,25.51148666856716
4689,25.51148666856716
4690,25.51148666856716
4691,25.51148666856716
4692,25.51148666856716
4693,25.51148666856716
4694,25.51148666856716
4695,25.51148666856716
4696,25.51148666856716
4697,25.51148666856716
4698,25.51148666856716
4699,25.51148666856716
4700,25.51148666856716
4701,21.81759962396786
4702,21.81759962396786
4703,11.055360971686902
4704,11.055360971686902
4705,11.055360971686902
4706,11.055360971686902
4707,11.055360971686902
4708,11.055360971686902
4709,11.055360971686902
4710,11.055360971686902
4711,11.055360971686902
4712,11.055360971686902
4713,11.055360971686902
4714,11.055360971686902
4715,11.055360971686902
4716,11.055360971686902
4717,11.055360971686902
4718,11.055360971686902
4719,11.055360971686902
4720,11.055360971686902
4721,11.055360971686902
4722,11.055360971686902
4723,11.055360971686902
4724,11.055360971686902
4725,11.055360971686902
4726,11.055360971686902
4727,11.055360971686902
4728,11.055360971686902
4729,11.055360971686902
4730,14.750941020332622
4731,14.750941020332622
4732,14.750941020332622
4733,14.750941020332622
4734,14.750941020332622
4735,14.750941020332622
4736,14.750941020332622
4737,14.750941020332622
4738,11.062823042966345
4739,11.062823042966345
4740,11.062823042966345
4741,11.062823042966345
4742,11.062823042966345
4743,11.062823042966345
4744,11.062823042966345
4745,11.062823042966345
4746,11.062823042966345
4747,11.062823042966345
4748,11.062823042966345
4749,11.062823042966345
4750,11.062823042966345
4751,11.062823042966345
4752,118.20139760840671
4753,118.20139760840671
4754,114.52438822022854
4755,114.52438822022854
4756,114.52438822022854
4757,114.52438822022854
4758,7.3858136547881745
4759,7.3858136547881745
4760,7.3858136547881745
4761,7.3858136547881745
4762,7.3858136547881745
4763,7.3858136547881745
4764,3.6955800486457195
4765,3.6955800486457195
4766,3.6955800486457195
4767,3.6955800486457195
4768,3.6955800486457195
4769,3.6955800486457195
4770,3.6955800486457195
4771,3.6955800486457195
4772,3.6955800486457195
4773,3.6955800486457195
4774,3.6955800486457195
4775,3.6955800486457195
4776,3.6955800486457195
4777,3.6955800486457195
4778,7.341630285047555
4779,7.341630285047555
4780,7.341630285047555
4781,7.341630285047555
4782,7.341630285047555
4783,7.341630285047555
4784,7.341630285047555
4785,7.341630285047555
4786,7.341630285047555
4787,7.341630285047555
4788,7.341630285047555
4789,7.341630285047555
4790,7.341630285047555
4791,7.341630285047555
4792,18.329964652050347
4793,18.329964652050347
4794,18.329964652050347
4795,18.329964652050347
4796,18.329964652050347
4797,18.329964652050347
4798,18.329964652050347
4799,18.329964652050347
4800,18.329964652050347
4801,18.329964652050347
4802,18.329964652050347
4803,18.329964652050347
4804,18.329964652050347
4805,18.329964652050347
4806,18.329964652050347
4807,18.329964652050347
4808,18.329964652050347
4809,18.329964652050347
4810,18.329964652050347
4811,18.329964652050347
4812,14.68391441564851
4813,14.68391441564851
4814,11.061696698184491
4815,11.061696698184491
4816,11.061696698184491
4817,11.061696698184491
4818,11.061696698184491
4819,11.061696698184491
4820,11.061696698184491
4821,11.061696698184491
4822,11.061696698184491
4823,11.061696698184491
4824,11.061696698184491
4825,21.72159424997858
4826,21.72159424997858
4827,21.72159424997858
4828,21.72159424997858
4829,21.72159424997858
4830,21.72159424997858
4831,21.72159424997858
4832,21.72159424997858
4833,21.72159424997858
4834,21.72159424997858
4835,21.72159424997858
4836,21.72159424997858
4837,25.40934360888325
4838,25.40934360888325
4839,25.40934360888325
4840,25.40934360888325
4841,25.40934360888325
4842,25.40934360888325
4843,25.40934360888325
4844,25.40934360888325
4845,25.40934360888325
4846,14.749446057089164
4847,14.749446057089164
4848,14.749446057089164
4849,14.749446057089164
4850,14.749446057089164
4851,18.443229620581413
4852,18.443229620581413
4853,18.443229620581413
4854,18.443229620581413
4855,18.443229620581413
4856,18.443229620581413
4857,18.443229620581413
4858,18.443229620581413
4859,18.443229620581413
4860,18.443229620581413
4861,18.443229620581413
4862,18.443229620581413
4863,18.443229620581413
4864,18.443229620581413
4865,18.443229620581413
4866,18.443229620581413
4867,18.443229620581413
4868,18.443229620581413
4869,18.443229620581413
4870,18.443229620581413
4871,18.443229620581413
4872,22.11618003458469
4873,22.11618003458469
4874,22.11618003458469
4875,22.11618003458469
4876,22.11618003458469
4877,22.11618003458469
4878,32.792868871216804
4879,32.792868871216804
4880,32.792868871216804
4881,32.792868871216804
4882,43.772766119916355
4883,43.772766119916355
4884,103.6464037013876
4885,43.772766119916355
4886,43.772766119916355
4887,43.772766119916355
4888,43.772766119916355
4889,43.772766119916355
4890,47.44399517972846
4891,47.44399517972846
4892,47.44399517972846
4893,47.44399517972846
4894,147.5641333031832
4895,143.86855325453752
4896,43.74841513108274
4897,136.7377064787446
4898,136.7377064787446
4899,136.7377064787446
4900,40.06066577217807
4901,29.383976935545952
4902,29.383976935545952
4903,29.383976935545952
4904,29.383976935545952
4905,29.383976935545952
4906,29.383976935545952
4907,29.383976935545952
4908,29.383976935545952
4909,29.383976935545952
4910,29.383976935545952
4911,29.383976935545952
4912,29.383976935545952
4913,29.383976935545952
4914,29.383976935545952
4915,29.383976935545952
4916,22.078882460225415
4917,18.39946144768703
4918,18.39946144768703
4919,18.39946144768703
4920,18.39946144768703
4921,18.39946144768703
4922,18.39946144768703
4923,18.39946144768703
4924,18.39946144768703
4925,18.39946144768703
4926,29.387641212397458
4927,29.387641212397458
4928,29.387641212397458
4929,29.387641212397458
4930,29.387641212397458
4931,29.387641212397458
4932,29.387641212397458
4933,29.387641212397458
4934,29.387641212397458
4935,29.387641212397458
4936,29.387641212397458
4937,40.12007054921745
4938,40.12007054921745
4939,40.12007054921745
4940,40.12007054921745
4941,36.44712013521418
4942,36.44712013521418
4943,32.753336571721924
4944,32.753336571721924
4945,32.753336571721924
4946,32.753336571721924
4947,25.452959686472553
4948,25.452959686472553
4949,25.452959686472553
4950,36.27880652163924
4951,25.546377184819242
4952,25.546377184819242
4953,25.546377184819242
4954,25.546377184819242
4955,25.546377184819242
4956,25.546377184819242
4957,25.546377184819242
4958,25.546377184819242
4959,32.317890693822875
4960,32.317890693822875
4961,32.317890693822875
4962,32.317890693822875
4963,32.317890693822875
4964,32.317890693822875
4965,32.317890693822875
4966,46.97519855400666
4967,57.197148447235215
4968,57.197148447235215
4969,57.197148447235215
4970,57.197148447235215
4971,57.197148447235215
4972,46.97519855400666
4973,46.97519855400666
4974,46.97519855400666
4975,46.97519855400666
4976,57.925874448170745
4977,57.925874448170745
4978,47.483131879355014
4979,47.483131879355014
4980,47.483131879355014
4981,47.483131879355014
4982,47.483131879355014
4983,47.483131879355014
4984,47.483131879355014
4985,47.483131879355014
4986,47.483131879355014
4987,144.90216055585077
4988,137.70991810231533
4989,246.2361816952881
4990,246.2361816952881
4991,29.30486646249458
4992,32.96760108049373
4993,32.96760108049373
4994,32.96760108049373
4995,32.96760108049373
4996,32.96760108049373
4997,32.96760108049373
4998,32.96760108049373
4999,32.96760108049373
5000,32.96760108049373
5001,32.96760108049373
5002,32.96760108049373
5003,32.96760108049373
5004,32.96760108049373
5005,32.96760108049373
5006,32.96760108049373
5007,22.01692518632964
5008,22.01692518632964
5009,25.674521057218293
5010,29.351691937708644
5011,29.351691937708644
5012,29.351691937708644
5013,29.351691937708644
5014,29.351691937708644
5015,29.351691937708644
5016,29.351691937708644
5017,32.999942627440504
5018,32.999942627440504
5019,32.999942627440504
5020,32.999942627440504
5021,32.999942627440504
5022,32.999942627440504
5023,32.999942627440504
5024,32.999942627440504
5025,32.999942627440504
5026,32.999942627440504
5027,29.31213974797945
5028,29.31213974797945
5029,29.31213974797945
5030,29.31213974797945
5031,29.31213974797945
5032,29.31213974797945
5033,29.31213974797945
5034,25.654543877090795
5035,25.654543877090795
5036,21.98325898023201
5037,21.98325898023201
5038,18.349654598600765
5039,18.349654598600765
5040,18.349654598600765
5041,18.349654598600765
5042,18.336976224679056
5043,18.336976224679056
5044,18.336976224679056
5045,18.336976224679056
5046,18.336976224679056
5047,25.71558603695767
5048,22.040783263578657
5049,22.040783263578657
5050,22.040783263578657
5051,22.040783263578657
5052,32.85840279243726
5053,32.85840279243726
5054,32.85840279243726
5055,32.85840279243726
5056,32.85840279243726
5057,32.85840279243726
5058,32.85840279243726
5059,32.85840279243726
5060,32.85840279243726
5061,32.85840279243726
5062,32.85840279243726
5063,32.85840279243726
5064,32.85840279243726
5065,32.85840279243726
5066,32.85840279243726
5067,32.85840279243726
5068,32.85840279243726
5069,32.85840279243726
5070,126.05346286333686
5071,126.05346286333686
5072,32.85840279243726
5073,32.85840279243726
5074,32.85840279243726
5075,36.50324372072008
5076,32.82423877759453
5077,32.82423877759453
5078,32.82423877759453
5079,32.82423877759453
5080,32.82423877759453
5081,32.82423877759453
5082,29.14706789710418
5083,25.48433327910503
5084,25.48433327910503
5085,25.48433327910503
5086,25.48433327910503
5087,21.83608258937317
5088,21.83608258937317
5089,21.83608258937317
5090,21.83608258937317
5091,21.83608258937317
5092,11.018463060514566
5093,11.018463060514566
5094,11.018463060514566
5095,11.018463060514566
5096,11.018463060514566
5097,113.32992707762108
5098,113.32992707762108
5099,113.32992707762108
5100,113.32992707762108
5101,11.018463060514566
5102,11.018463060514566
5103,11.018463060514566
5104,11.018463060514566
5105,11.018463060514566
5106,11.018463060514566
5107,11.018463060514566
5108,11.018463060514566
5109,11.018463060514566
5110,11.018463060514566
5111,11.018463060514566
5112,11.018463060514566
5113,11.018463060514566
5114,11.018463060514566
5115,11.018463060514566
5116,11.018463060514566
5117,11.018463060514566
5118,11.018463060514566
5119,11.018463060514566
5120,22.005498379414238
5121,22.005498379414238
5122,22.005498379414238
5123,22.005498379414238
5124,18.331481116335553
5125,18.331481116335553
5126,18.331481116335553
5127,18.331481116335553
5128,18.331481116335553
5129,18.331481116335553
5130,18.331481116335553
5131,18.331481116335553
5132,18.331481116335553
5133,18.331481116335553
5134,18.331481116335553
5135,18.331481116335553
5136,21.946553858670885
5137,21.946553858670885
5138,21.946553858670885
5139,18.30171293038807
5140,18.30171293038807
5141,18.30171293038807
5142,18.30171293038807
5143,18.30171293038807
5144,18.30171293038807
5145,18.30171293038807
5146,18.30171293038807
5147,21.988579915298743
5148,21.988579915298743
5149,25.68137811609706
5150,25.68137811609706
5151,29.351318110363426
5152,29.351318110363426
5153,18.364282791463758
5154,14.677415806553086
5155,14.677415806553086
5156,14.677415806553086
5157,14.677415806553086
5158,11.062343064217753
5159,11.062343064217753
5160,11.062343064217753
5161,11.062343064217753
5162,11.062343064217753
5163,11.062343064217753
5164,11.062343064217753
5165,14.74581858831731
5166,14.74581858831731
5167,14.74581858831731
5168,14.74581858831731
5169,14.74581858831731
5170,18.409942371052246
5171,18.409942371052246
5172,14.71714417025393
5173,14.71714417025393
5174,25.69938272526062
5175,25.69938272526062
5176,25.69938272526062
5177,25.69938272526062
5178,25.69938272526062
5179,25.69938272526062
5180,25.69938272526062
5181,25.69938272526062
5182,29.383935911756176
5183,29.383935911756176
5184,25.684331042603105
5185,25.684331042603105
5186,25.684331042603105
5187,25.684331042603105
5188,29.370617797760342
5189,29.370617797760342
5190,33.06601539283528
5191,33.06601539283528
5192,33.06601539283528
5193,43.872477997684186
5194,43.872477997684186
5195,43.872477997684186
5196,43.872477997684186
5197,43.872477997684186
5198,47.55471106787839
5199,47.55471106787839
5200,47.55471106787839
5201,47.55471106787839
5202,47.55471106787839
5203,47.55471106787839
5204,36.5724725128717
5205,36.5724725128717
5206,36.5724725128717
5207,40.231076227550396
5208,40.231076227550396
5209,40.231076227550396
5210,40.231076227550396
5211,40.231076227550396
5212,33.11060060019836
5213,33.11060060019836
5214,33.11060060019836
5215,33.11060060019836
5216,36.79382831564435
5217,40.46128532879275
5218,44.157865698315945
5219,44.157865698315945
5220,153.29862730019883
5221,44.157865698315945
5222,44.157865698315945
5223,44.157865698315945
5224,44.157865698315945
5225,44.157865698315945
5226,44.157865698315945
5227,44.157865698315945
5228,40.493741915581
5229,47.75239124352705
5230,47.75239124352705
5231,47.75239124352705
5232,51.29447915264624
5233,54.97885036270849
5234,54.97885036270849
5235,54.97885036270849
5236,54.97885036270849
5237,54.97885036270849
5238,54.97885036270849
5239,54.97885036270849
5240,54.97885036270849
5241,54.97885036270849
5242,54.97885036270849
5243,54.97885036270849
5244,51.378307442094254
5245,47.6948319179947
5246,47.6948319179947
5247,51.352299957509075
5248,51.352299957509075
5249,51.49159076967102
5250,51.49159076967102
5251,51.49159076967102
5252,51.49159076967102
5253,51.49159076967102
5254,51.49159076967102
5255,51.49159076967102
5256,51.49159076967102
5257,47.821650775404656
5258,47.821650775404656
5259,44.12625318032972
5260,44.12625318032972
5261,44.12625318032972
5262,40.44402011013552
5263,36.78541639545682
5264,36.78541639545682
5265,36.78541639545682
5266,36.78541639545682
5267,47.43334553005615
5268,43.74735855255928
5269,43.74735855255928
5270,53.91117829909446
5271,50.25307189176265
5272,50.25307189176265
5273,50.25307189176265
5274,50.25307189176265
5275,50.25307189176265
5276,50.25307189176265
5277,46.55649152223946
5278,46.55649152223946
5279,46.55649152223946
5280,36.39267177570428
5281,36.39267177570428
5282,40.085574610191856
5283,40.085574610191856
5284,40.085574610191856
5285,29.437645475592525
5286,29.437645475592525
5287,33.12082768402672
5288,29.453370670878314
5289,29.453370670878314
5290,29.453370670878314
5291,33.12792325298965
5292,33.12792325298965
5293,33.12792325298965
5294,33.12792325298965
5295,33.12792325298965
5296,33.12792325298965
5297,29.44654453170852
5298,29.44654453170852
5299,29.44654453170852
5300,29.44654453170852
5301,29.44654453170852
5302,29.44654453170852
5303,29.44654453170852
5304,40.188964922446154
5305,51.0243599628853
5306,51.0243599628853
5307,51.0243599628853
5308,51.0243599628853
5309,54.716438196406166
5310,54.716438196406166
5311,54.716438196406166
5312,62.07002451476939
5313,62.07002451476939
5314,62.07002451476939
5315,58.41255647525501
5316,58.41255647525501
5317,47.670136084517374
5318,47.670136084517374
5319,163.0784714299456
5320,163.0784714299456
5321,51.32459665210098
5322,145.25028153602202
5323,145.25028153602202
5324,145.25028153602202
5325,51.32459665210098
5326,51.32459665210098
5327,51.32459665210098
5328,61.85776098628125
5329,61.85776098628125
5330,61.85776098628125
5331,61.85776098628125
5332,149.91445175675304
5333,160.65386803329298
5334,157.45330925362995
5335,69.39661848315816
5336,69.39661848315816
5337,69.39661848315816
5338,69.39661848315816
5339,69.39661848315816
5340,69.39661848315816
5341,69.39661848315816
5342,58.56122344271902
5343,58.56122344271902
5344,58.56122344271902
5345,58.56122344271902
5346,58.56122344271902
5347,58.56122344271902
5348,58.56122344271902
5349,58.56122344271902
5350,69.27230711365026
5351,69.27230711365026
5352,69.27230711365026
5353,69.27230711365026
5354,69.27230711365026
5355,69.27230711365026
5356,65.58602035849302
5357,65.58602035849302
5358,65.58602035849302
5359,65.58602035849302
5360,65.58602035849302
5361,65.58602035849302
5362,65.58602035849302
5363,65.58602035849302
5364,65.58602035849302
5365,65.58602035849302
5366,65.58602035849302
5367,65.58602035849302
5368,54.846604081953075
5369,54.846604081953075
5370,54.846604081953075
5371,44.13552041102184
5372,51.4179217590037
5373,51.4179217590037
5374,51.4179217590037
5375,51.4179217590037
5376,47.73469404355772
5377,47.73469404355772
5378,47.73469404355772
5379,47.73469404355772
5380,51.39974311132136
5381,51.39974311132136
5382,51.39974311132136
5383,51.39974311132136
5384,51.39974311132136
5385,47.74528254373775
5386,47.74528254373775
5387,45.647251080267736
5388,56.61956812216898
5389,56.61956812216898
5390,156.12953101519307
5391,156.12953101519307
5392,51.03918298995538
5393,51.03918298995538
5394,61.874740565883044
5395,61.874740565883044
5396,58.21229464624916
5397,58.21229464624916
5398,58.21229464624916
5399,58.21229464624916
5400,58.21229464624916
5401,58.21229464624916
5402,58.21229464624916
5403,58.21229464624916
5404,58.21229464624916
5405,58.21229464624916
5406,58.21229464624916
5407,61.90450892447076
5408,61.90450892447076
5409,61.90450892447076
5410,61.90450892447076
5411,61.90450892447076
5412,61.90450892447076
5413,61.90450892447076
5414,65.58507427897545
5415,54.61811974449804
5416,54.61811974449804
5417,54.61811974449804
5418,54.61811974449804
5419,43.90459162005817
5420,43.90459162005817
5421,43.90459162005817
5422,40.22974655153575
5423,32.84570331831883
5424,32.84570331831883
5425,32.84570331831883
5426,25.546942102814402
5427,25.546942102814402
5428,25.546942102814402
5429,14.711384526886743
5430,14.711384526886743
5431,18.3189862093451
5432,18.3189862093451
5433,18.3189862093451
5434,18.3189862093451
5435,18.3189862093451
5436,18.3189862093451
5437,18.3189862093451
5438,18.3189862093451
5439,18.3189862093451
5440,21.99535319999736
5441,32.943865148277915
5442,32.943865148277915
5443,32.943865148277915
5444,32.943865148277915
5445,32.943865148277915
5446,32.943865148277915
5447,32.943865148277915
5448,32.943865148277915
5449,32.943865148277915
5450,32.943865148277915
5451,32.943865148277915
5452,32.943865148277915
5453,32.943865148277915
5454,32.943865148277915
5455,32.943865148277915
5456,32.943865148277915
5457,32.943865148277915
5458,32.943865148277915
5459,32.943865148277915
5460,32.943865148277915
5461,32.943865148277915
5462,32.943865148277915
5463,29.26329979377323
5464,29.26329979377323
5465,29.26329979377323
5466,29.26329979377323
5467,32.938547732871264
5468,32.938547732871264
5469,32.938547732871264
5470,22.05611590426087
5471,22.05611590426087
5472,22.05611590426087
5473,22.05611590426087
5474,22.05611590426087
5475,22.05611590426087
5476,22.05611590426087
5477,25.717189783194947
5478,25.717189783194947
5479,25.717189783194947
5480,25.717189783194947
5481,25.717189783194947
5482,33.084624883765144
5483,33.084624883765144
5484,40.0734497914658
5485,40.0734497914658
5486,40.0734497914658
5487,40.0734497914658
5488,40.0734497914658
5489,40.0734497914658
5490,40.0734497914658
5491,43.748072593394696
5492,40.05585831517309
5493,40.05585831517309
5494,40.05585831517309
5495,157.17430170708988
5496,160.80928477956786
5497,43.690841387651076
5498,43.690841387651076
5499,43.690841387651076
5500,43.690841387651076
5501,43.690841387651076
5502,43.690841387651076
5503,43.690841387651076
5504,43.690841387651076
5505,33.03696741218679
5506,33.03696741218679
5507,33.03696741218679
5508,33.03696741218679
5509,33.03696741218679
5510,33.03696741218679
5511,33.03696741218679
5512,33.03696741218679
5513,29.36341158578998
5514,29.36341158578998
5515,29.36341158578998
5516,29.36341158578998
5517,29.36341158578998
5518,29.36341158578998
5519,29.36341158578998
5520,29.36341158578998
5521,29.36341158578998
5522,29.36341158578998
5523,29.36341158578998
5524,29.36341158578998
5525,29.36341158578998
5526,29.36341158578998
5527,29.36341158578998
5528,29.36341158578998
5529,29.36341158578998
5530,29.36341158578998
5531,29.36341158578998
5532,29.36341158578998
5533,29.36341158578998
5534,29.36341158578998
5535,29.36341158578998
5536,25.68816364669194
5537,29.381674501298477
5538,29.381674501298477
5539,29.381674501298477
5540,29.381674501298477
5541,29.381674501298477
5542,29.381674501298477
5543,29.381674501298477
5544,29.381674501298477
5545,25.746691428820494
5546,25.746691428820494
5547,25.746691428820494
5548,25.746691428820494
5549,25.746691428820494
5550,25.746691428820494
5551,25.746691428820494
5552,25.746691428820494
5553,25.746691428820494
5554,25.746691428820494
5555,25.746691428820494
5556,25.746691428820494
5557,29.29156178833675
5558,32.96183124026539
5559,32.96183124026539
5560,32.96183124026539
5561,29.28720843833649
5562,29.28720843833649
5563,29.28720843833649
5564,29.28720843833649
5565,29.28720843833649
5566,29.28720843833649
5567,29.28720843833649
5568,25.602374466459164
5569,25.602374466459164
5570,25.602374466459164
5571,25.602374466459164
5572,18.396430228008835
5573,18.396430228008835
5574,18.396430228008835
5575,18.396430228008835
5576,14.720063237356571
5577,14.720063237356571
5578,14.720063237356571
5579,14.720063237356571
5580,14.720063237356571
5581,14.720063237356571
5582,14.720063237356571
5583,14.720063237356571
5584,14.720063237356571
5585,11.046381435228053
5586,11.046381435228053
5587,21.088225977992064
5588,21.088225977992064
5589,21.088225977992064
5590,21.088225977992064
5591,21.088225977992064
5592,21.088225977992064
5593,21.088225977992064
5594,21.088225977992064
5595,21.088225977992064
5596,11.046381435228053
5597,11.046381435228053
5598,11.046381435228053
5599,11.046381435228053
5600,11.046381435228053
5601,11.046381435228053
5602,11.046381435228053
5603,11.046381435228053
5604,11.046381435228053
5605,11.046381435228053
5606,7.363780306535173
5607,7.363780306535173
5608,7.363780306535173
5609,7.363780306535173
5610,7.363780306535173
5611,7.363780306535173
5612,7.363780306535173
5613,7.363780306535173
5614,7.363780306535173
5615,7.363780306535173
5616,17.853824379192204
5617,17.853824379192204
5618,17.853824379192204
5619,17.853824379192204
5620,17.853824379192204
5621,17.853824379192204
5622,17.853824379192204
5623,17.853824379192204
5624,17.853824379192204
5625,17.853824379192204
5626,17.853824379192204
5627,17.853824379192204
5628,21.50042681717011
5629,21.50042681717011
5630,21.50042681717011
5631,21.50042681717011
5632,24.044855544184163
5633,24.044855544184163
5634,24.044855544184163
5635,21.50042681717011
5636,11.010382744513077
5637,11.010382744513077
5638,11.010382744513077
5639,11.010382744513077
5640,7.34011329258444
5641,7.34011329258444
5642,7.34011329258444
5643,7.34011329258444
5644,7.34011329258444
5645,7.34011329258444
5646,7.34011329258444
5647,7.34011329258444
5648,7.34011329258444
5649,7.34011329258444
5650,7.34011329258444
5651,7.34011329258444
5652,7.34011329258444
5653,7.34011329258444
5654,7.34011329258444
5655,11.02421250337064
5656,11.02421250337064
5657,14.682266116625614
5658,14.682266116625614
5659,14.682266116625614
5660,16.03588534034802
5661,25.601981272246903
5662,25.601981272246903
5663,25.601981272246903
5664,25.601981272246903
5665,25.601981272246903
5666,25.601981272246903
5667,25.601981272246903
5668,25.601981272246903
5669,25.601981272246903
5670,25.601981272246903
5671,25.601981272246903
5672,25.601981272246903
5673,25.601981272246903
5674,25.601981272246903
5675,25.601981272246903
5676,25.601981272246903
5677,25.601981272246903
5678,25.601981272246903
5679,25.601981272246903
5680,25.601981272246903
5681,25.601981272246903
5682,25.601981272246903
5683,25.601981272246903
5684,25.601981272246903
5685,25.601981272246903
5686,25.601981272246903
5687,25.601981272246903
5688,25.601981272246903
5689,25.601981272246903
5690,14.682266116625614
5691,14.682266116625614
5692,14.682266116625614
5693,14.720290318844153
5694,14.720290318844153
5695,14.720290318844153
5696,14.720290318844153
5697,14.720290318844153
5698,14.720290318844153
5699,14.720290318844153
5700,14.720290318844153
5701,14.720290318844153
5702,14.720290318844153
5703,14.720290318844153
5704,14.720290318844153
5705,14.720290318844153
5706,14.720290318844153
5707,14.720290318844153
5708,14.720290318844153
5709,14.720290318844153
5710,14.720290318844153
5711,14.720290318844153
5712,14.720290318844153
5713,14.720290318844153
5714,14.720290318844153
5715,14.720290318844153
5716,14.720290318844153
5717,14.720290318844153
5718,14.720290318844153
5719,11.06223670558918
5720,11.06223670558918
5721,11.06223670558918
5722,11.06223670558918
5723,11.06223670558918
5724,11.06223670558918
5725,11.06223670558918
5726,11.06223670558918
5727,11.06223670558918
5728,11.06223670558918
5729,11.06223670558918
5730,7.37813749480298
5731,3.684626640196444
5732,3.684626640196444
5733,3.684626640196444
5734,3.684626640196444
5735,3.684626640196444
5736,3.684626640196444
5737,3.684626640196444
5738,3.684626640196444
5739,7.354256155963098
5740,7.354256155963098
5741,7.354256155963098
5742,7.354256155963098
5743,7.354256155963098
5744,7.354256155963098
5745,7.354256155963098
5746,7.354256155963098
5747,7.354256155963098
5748,7.354256155963098
5749,7.354256155963098
5750,7.354256155963098
5751,7.354256155963098
5752,7.354256155963098
5753,7.354256155963098
5754,7.354256155963098
5755,7.354256155963098
5756,7.354256155963098
5757,7.354256155963098
5758,7.354256155963098
5759,7.354256155963098
5760,7.354256155963098
5761,7.354256155963098
5762,7.354256155963098
5763,7.354256155963098
5764,7.354256155963098
5765,7.354256155963098
5766,7.354256155963098
5767,7.354256155963098
5768,7.354256155963098
5769,7.354256155963098
5770,7.354256155963098
5771,7.354256155963098
5772,7.354256155963098
5773,7.354256155963098
5774,7.354256155963098
5775,7.354256155963098
5776,7.354256155963098
5777,7.354256155963098
5778,7.354256155963098
5779,7.354256155963098
5780,7.354256155963098
5781,7.354256155963098
5782,7.354256155963098
5783,17.820371412688136
5784,17.820371412688136
5785,17.820371412688136
5786,17.820371412688136
5787,17.820371412688136
5788,17.820371412688136
5789,17.820371412688136
5790,17.820371412688136
5791,17.820371412688136
5792,17.820371412688136
5793,7.354256155963098
5794,7.354256155963098
5795,11.029503765415047
5796,11.029503765415047
5797,11.029503765415047
5798,11.029503765415047
5799,11.029503765415047
5800,11.029503765415047
5801,11.029503765415047
5802,11.029503765415047
5803,11.029503765415047
5804,11.029503765415047
5805,11.029503765415047
5806,21.01659950162118
5807,21.01659950162118
5808,31.599588629871143
5809,31.599588629871143
5810,31.599588629871143
5811,31.599588629871143
5812,31.599588629871143
5813,21.61249289366501
5814,21.61249289366501
5815,21.61249289366501
5816,21.61249289366501
5817,21.61249289366501
5818,21.61249289366501
5819,17.942863377898355
5820,17.942863377898355
5821,17.942863377898355
5822,17.942863377898355
5823,17.942863377898355
5824,17.942863377898355
5825,17.942863377898355
5826,17.942863377898355
5827,17.942863377898355
5828,17.942863377898355
5829,17.942863377898355
5830,17.942863377898355
5831,17.942863377898355
5832,17.942863377898355
5833,17.942863377898355
5834,7.359874249648392
5835,7.359874249648392
5836,7.359874249648392
5837,7.359874249648392
5838,7.359874249648392
5839,7.359874249648392
5840,7.359874249648392
5841,7.359874249648392
5842,7.359874249648392
5843,7.359874249648392
5844,7.359874249648392
5845,7.359874249648392
5846,7.359874249648392
5847,7.359874249648392
5848,7.359874249648392
5849,7.359874249648392
5850,7.359874249648392
5851,7.359874249648392
5852,10.991956786544279
5853,10.991956786544279
5854,10.991956786544279
5855,7.31670917709233
5856,7.31670917709233
5857,7.31670917709233
5858,7.31670917709233
5859,7.31670917709233
5860,7.31670917709233
5861,7.31670917709233
5862,7.31670917709233
5863,7.31670917709233
5864,7.31670917709233
5865,7.31670917709233
5866,7.31670917709233
5867,7.31670917709233
5868,7.31670917709233
5869,7.31670917709233
5870,7.31670917709233
5871,7.31670917709233
5872,7.31670917709233
5873,17.39216283804097
5874,17.39216283804097
5875,17.39216283804097
5876,17.39216283804097
5877,7.31670917709233
5878,7.31670917709233
5879,7.31670917709233
5880,7.31670917709233
5881,7.31670917709233
5882,72.3314007995682
5883,72.3314007995682
5884,7.31670917709233
5885,7.31670917709233
5886,7.31670917709233
5887,7.31670917709233
5888,7.31670917709233
5889,7.31670917709233
5890,7.31670917709233
5891,7.31670917709233
5892,7.31670917709233
5893,7.31670917709233
5894,7.31670917709233
5895,7.31670917709233
5896,7.31670917709233
5897,3.6320825368958856
5898,3.6320825368958856
5899,3.6320825368958856
5900,3.6320825368958856
5901,3.6320825368958856
5902,3.6320825368958856
5903,0.0
5904,0.0
5905,0.0
5906,0.0
5907,0.0
5908,0.0
5909,0.0
5910,0.0
5911,0.0
5912,0.0
5913,3.6934148672851563
5914,3.6934148672851563
5915,3.6934148672851563
5916,3.6934148672851563
5917,3.6934148672851563
5918,3.6934148672851563
5919,3.6934148672851563
5920,3.6934148672851563
5921,3.6934148672851563
5922,3.6934148672851563
5923,3.6934148672851563
5924,58.99194998977865
5925,3.6934148672851563
5926,3.6934148672851563
5927,3.6934148672851563
5928,3.6934148672851563
5929,3.6934148672851563
5930,3.6934148672851563
5931,3.6934148672851563
5932,3.6934148672851563
5933,3.6934148672851563
5934,3.6934148672851563
5935,3.6934148672851563
5936,3.6934148672851563
5937,3.6934148672851563
5938,3.6934148672851563
5939,3.6934148672851563
5940,3.6934148672851563
5941,3.6934148672851563
5942,3.6934148672851563
5943,3.6934148672851563
5944,3.6934148672851563
5945,3.6934148672851563
5946,3.6934148672851563
5947,3.6934148672851563
5948,3.6934148672851563
5949,3.6934148672851563
5950,3.6934148672851563
5951,3.6934148672851563
5952,3.6934148672851563
5953,3.6934148672851563
5954,3.6934148672851563
5955,3.6934148672851563
5956,3.6934148672851563
5957,3.6934148672851563
5958,3.6934148672851563
5959,3.6934148672851563
5960,3.6934148672851563
5961,3.6934148672851563
5962,3.6934148672851563
5963,3.6934148672851563
5964,3.6934148672851563
5965,3.6934148672851563
5966,3.6934148672851563
5967,3.6934148672851563
5968,3.6934148672851563
5969,3.6934148672851563
5970,3.6934148672851563
5971,3.6934148672851563
5972,7.324596769951457
5973,7.324596769951457
5974,7.324596769951457
5975,7.324596769951457
5976,7.324596769951457
5977,7.324596769951457
5978,7.324596769951457
5979,7.324596769951457
5980,7.324596769951457
5981,7.324596769951457
5982,7.324596769951457
5983,7.324596769951457
5984,7.324596769951457
5985,3.631181902666301
5986,3.631181902666301
5987,3.631181902666301
5988,3.631181902666301
5989,3.631181902666301
5990,3.631181902666301
5991,3.631181902666301
5992,3.631181902666301
5993,3.631181902666301
5994,3.631181902666301
5995,3.631181902666301
5996,3.631181902666301
5997,3.631181902666301
5998,7.271922922668529
5999,7.271922922668529
6000,7.271922922668529
6001,7.271922922668529
6002,7.271922922668529
6003,7.271922922668529
6004,7.271922922668529
6005,7.271922922668529
6006,7.271922922668529
6007,7.271922922668529
6008,7.271922922668529
6009,7.271922922668529
6010,7.271922922668529
6011,7.271922922668529
6012,7.271922922668529
6013,7.271922922668529
6014,7.271922922668529
6015,7.271922922668529
6016,7.271922922668529
6017,7.271922922668529
6018,7.271922922668529
6019,7.271922922668529
6020,7.271922922668529
6021,7.271922922668529
6022,7.271922922668529
6023,3.640741020002228
6024,3.640741020002228
6025,3.640741020002228
6026,3.640741020002228
6027,3.640741020002228
6028,3.640741020002228
6029,0.0
6030,0.0
6031,0.0
6032,0.0
6033,0.0
6034,0.0
6035,3.631807478523985
6036,3.631807478523985
6037,3.631807478523985
6038,3.631807478523985
6039,3.631807478523985
6040,3.631807478523985
6041,3.631807478523985
6042,3.631807478523985
6043,3.631807478523985
6044,3.631807478523985
6045,3.631807478523985
6046,3.631807478523985
6047,3.631807478523985
6048,3.631807478523985
6049,3.631807478523985
6050,3.631807478523985
6051,3.631807478523985
6052,3.631807478523985
6053,3.631807478523985
6054,3.631807478523985
6055,3.631807478523985
6056,7.091882815900227
6057,7.091882815900227
6058,3.460075337376242
6059,3.460075337376242
6060,3.460075337376242
6061,3.460075337376242
6062,3.460075337376242
6063,3.460075337376242
6064,3.460075337376242
6065,3.460075337376242
6066,3.460075337376242
6067,0.0
6068,0.0
6069,0.0
6070,0.0
6071,0.0
6072,0.0
6073,0.0
6074,0.0
6075,0.0
6076,0.0
6077,0.0
6078,0.0
6079,0.0
6080,3.6659013075692863
6081,3.6659013075692863
6082,3.6659013075692863
6083,3.6659013075692863
6084,3.6659013075692863
6085,7.326749289097185
6086,7.326749289097185
6087,7.326749289097185
6088,7.326749289097185
6089,7.326749289097185
6090,7.326749289097185
6091,7.326749289097185
6092,7.326749289097185
6093,7.326749289097185
6094,7.326749289097185
6095,7.326749289097185
6096,7.326749289097185
6097,7.326749289097185
6098,7.326749289097185
6099,7.326749289097185
6100,7.326749289097185
6101,7.326749289097185
6102,7.326749289097185
6103,7.326749289097185
6104,7.326749289097185
6105,7.326749289097185
6106,7.326749289097185
6107,7.326749289097185
6108,7.326749289097185
6109,7.326749289097185
6110,7.326749289097185
6111,7.326749289097185
6112,7.326749289097185
6113,7.326749289097185
6114,7.326749289097185
6115,7.326749289097185
6116,7.326749289097185
6117,7.326749289097185
6118,7.326749289097185
6119,3.6608479815278985
6120,3.6608479815278985
6121,3.6608479815278985
6122,3.6608479815278985
6123,3.6608479815278985
6124,3.6608479815278985
6125,3.6608479815278985
6126,3.6608479815278985
6127,3.6608479815278985
6128,3.6608479815278985
6129,3.6608479815278985
6130,3.6608479815278985
6131,7.277913247661255
6132,7.277913247661255
6133,7.277913247661255
6134,7.277913247661255
6135,7.277913247661255
6136,7.277913247661255
6137,3.617065266133357
6138,3.617065266133357
6139,3.617065266133357
6140,3.617065266133357
6141,7.28835865118863
6142,7.28835865118863
6143,7.28835865118863
6144,7.28835865118863
6145,7.28835865118863
6146,7.28835865118863
6147,10.9866079130313
6148,10.9866079130313
6149,10.9866079130313
6150,10.9866079130313
6151,14.686301552918685
6152,14.686301552918685
6153,14.686301552918685
6154,14.686301552918685
6155,14.686301552918685
6156,14.686301552918685
6157,14.686301552918685
6158,14.686301552918685
6159,14.686301552918685
6160,14.686301552918685
6161,14.686301552918685
6162,14.686301552918685
6163,14.686301552918685
6164,14.686301552918685
6165,14.686301552918685
6166,14.686301552918685
6167,18.361003316064565
6168,18.361003316064565
6169,29.290103662674973
6170,29.290103662674973
6171,25.673038396541614
6172,25.673038396541614
6173,25.673038396541614
6174,25.673038396541614
6175,25.673038396541614
6176,25.673038396541614
6177,25.673038396541614
6178,25.673038396541614
6179,25.673038396541614
6180,25.673038396541614
6181,25.673038396541614
6182,25.673038396541614
6183,25.673038396541614
6184,29.35020113676489
6185,29.35020113676489
6186,39.56331815133332
6187,150.36634491925562
6188,154.03420593623304
6189,43.23117916831073
6190,43.23117916831073
6191,43.23117916831073
6192,43.23117916831073
6193,43.23117916831073
6194,43.23117916831073
6195,43.23117916831073
6196,43.23117916831073
6197,61.436745700886135
6198,61.436745700886135
6199,51.223628686317724
6200,51.223628686317724
6201,51.223628686317724
6202,51.223628686317724
6203,51.223628686317724
6204,51.223628686317724
6205,51.223628686317724
6206,58.607494606250505
6207,62.29662875611052
6208,69.24438339114995
6209,65.97138202187274
6210,65.98502408503484
6211,55.0906365240395
6212,65.96985234425644
6213,65.96985234425644
6214,65.96985234425644
6215,73.28602062642291
6216,69.74490786302204
6217,69.74490786302204
6218,69.74490786302204
6219,80.72946918040482
6220,80.72946918040482
6221,77.02977554051743
6222,77.02977554051743
6223,77.02977554051743
6224,80.70661185034298
6225,80.70661185034298
6226,91.77570707277505
6227,91.77570707277505
6228,88.09854433255177
6229,88.09854433255177
6230,77.21932851233484
6231,77.21932851233484
6232,80.9027525275664
6233,80.9027525275664
6234,80.9027525275664
6235,80.9027525275664
6236,80.9027525275664
6237,80.9027525275664
6238,91.51597023511974
6239,91.51597023511974
6240,91.51597023511974
6241,98.80810933411644
6242,95.1542574516312
6243,95.1542574516312
6244,95.1542574516312
6245,188.00189033309533
6246,188.00189033309533
6247,187.33996042419855
6248,94.49232754273442
6249,90.79781843434539
6250,101.60314421275578
6251,101.60314421275578
6252,101.60314421275578
6253,101.60314421275578
6254,101.60314421275578
6255,101.60314421275578
6256,101.60314421275578
6257,211.61752571831786
6258,211.61752571831786
6259,211.61752571831786
6260,211.61752571831786
6261,204.95510863015224
6262,204.95510863015224
6263,204.95510863015224
6264,198.0153639057309
6265,87.9939691855924
6266,87.9939691855924
6267,80.65170664828021
6268,90.98974994605418
6269,87.29256461242272
6270,87.29256461242272
6271,87.29256461242272
6272,76.48723883401235
6273,76.47921182935163
6274,76.47921182935163
6275,72.79007767949162
6276,72.79007767949162
6277,72.79007767949162
6278,72.79007767949162
6279,72.79007767949162
6280,72.79487542072526
6281,72.82091160563884
6282,66.1502653925468
6283,62.4567869177263
6284,62.4567869177263
6285,62.4567869177263
6286,62.4567869177263
6287,58.77995060790075
6288,62.462137001533584
6289,62.462137001533584
6290,73.40091580220621
6291,73.40091580220621
6292,73.40091580220621
6293,76.96575552785234
6294,76.96575552785234
6295,73.2922469462903
6296,73.2922469462903
6297,73.2922469462903
6298,76.94799501556736
6299,73.27885601097759
6300,76.84211554533555
6301,76.84211554533555
6302,76.84211554533555
6303,76.84211554533555
6304,76.84211554533555
6305,76.84211554533555
6306,80.52901204496635
6307,76.86879772464597
6308,76.86879772464597
6309,70.3719330917762
6310,65.90195686250338
6311,65.90195686250338
6312,69.56441307363468
6313,80.34160872916532
6314,76.6807609267643
6315,76.6807609267643
6316,87.52102478767671
6317,87.52102478767671
6318,87.59558764408352
6319,84.03074791843741
6320,87.7226680598875
6321,76.78388925921486
6322,76.78388925921486
6323,76.78388925921486
6324,76.78388925921486
6325,76.78388925921486
6326,73.08830261834483
6327,73.08830261834483
6328,73.08830261834483
6329,73.08830261834483
6330,73.08830261834483
6331,73.08830261834483
6332,73.08830261834483
6333,73.08830261834483
6334,69.41482963521283
6335,65.72335130767786
6336,54.94615565214723
6337,54.94615565214723
6338,51.28369944101594
6339,51.28369944101594
6340,47.616302356334025
6341,51.315066478240055
6342,58.59541689930941
6343,58.59541689930941
6344,62.27860950750319
6345,62.27860950750319
6346,58.603856241740964
6347,58.603856241740964
6348,58.603856241740964
6349,58.603856241740964
6350,58.603856241740964
6351,54.96603385097619
6352,51.283847457343356
6353,51.283847457343356
6354,40.44358359643094
6355,40.44358359643094
6356,40.44358359643094
6357,44.14358359643094
6358,44.14358359643094
6359,44.14358359643094
6360,44.14358359643094
6361,44.14358359643094
6362,40.45668709680015
6363,36.8009390275231
6364,47.70630822666365
6365,47.70630822666365
6366,47.70630822666365
6367,47.70630822666365
6368,47.70630822666365
6369,47.70630822666365
6370,55.065785350147465
6371,168.76791849873715
6372,172.45582629903518
6373,58.7536931504455
6374,58.7536931504455
6375,58.7536931504455
6376,58.7536931504455
6377,58.7536931504455
6378,62.32628192280161
6379,58.64285790757003
6380,58.64285790757003
6381,58.64285790757003
6382,58.734581200927195
6383,58.734581200927195
6384,69.63001553377252
6385,65.93809539232245
6386,55.03272619318189
6387,55.03272619318189
6388,55.03272619318189
6389,63.98527207663875
6390,63.98527207663875
6391,63.98527207663875
6392,60.285272076638755
6393,60.285272076638755
6394,51.33272619318189
6395,51.33272619318189
6396,101.72868726873877
6397,55.011105233869415
6398,55.011105233869415
6399,55.011105233869415
6400,55.011105233869415
6401,65.99724847201377
6402,65.99724847201377
6403,75.65374159982446
6404,75.65374159982446
6405,71.9635193426425
6406,82.8366157442218
6407,73.18012261641111
6408,69.5017435757236
6409,65.80297945381756
6410,65.80297945381756
6411,65.73426160279104
6412,54.780845719231365
6413,54.780845719231365
6414,54.780845719231365
6415,54.780845719231365
6416,54.780845719231365
6417,54.780845719231365
6418,54.780845719231365
6419,54.780845719231365
6420,54.780845719231365
6421,54.780845719231365
6422,58.46664402219042
6423,54.76664402219042
6424,43.780500784046055
6425,40.11771798508921
6426,138.38612812775273
6427,138.38612812775273
6428,142.07549016508221
6429,131.20239376350287
6430,36.59945834519368
6431,47.39570290265871
6432,47.39570290265871
6433,43.73139083694544
6434,43.73139083694544
6435,32.904674355126645
6436,32.904674355126645
6437,32.904674355126645
6438,32.904674355126645
6439,32.904674355126645
6440,40.28245639894696
6441,32.89785427412197
6442,43.34680413115301
6443,43.34680413115301
6444,43.34680413115301
6445,43.34680413115301
6446,43.34680413115301
6447,47.01223359252745
6448,50.712233592527454
6449,50.712233592527454
6450,40.263283735496415
6451,43.9447550286564
6452,43.9447550286564
6453,43.9447550286564
6454,163.42957682209592
6455,163.42957682209592
6456,163.42957682209592
6457,163.42957682209592
6458,163.42957682209592
6459,152.6333322646309
6460,33.14851047119137
6461,33.14851047119137
6462,33.14851047119137
6463,33.14851047119137
6464,33.14851047119137
6465,33.14851047119137
6466,33.14851047119137
6467,33.14851047119137
6468,149.85488344933705
6469,149.85488344933705
6470,149.85488344933705
6471,149.85488344933705
6472,33.14851047119137
6473,33.14851047119137
6474,33.14851047119137
6475,33.14851047119137
6476,33.14851047119137
6477,33.14851047119137
6478,33.14851047119137
6479,33.14851047119137
6480,33.14851047119137
6481,29.448510471191373
6482,29.448510471191373
6483,29.448510471191373
6484,25.76531786299759
6485,25.76531786299759
6486,25.76531786299759
6487,25.76531786299759
6488,25.76531786299759
6489,25.76531786299759
6490,25.76531786299759
6491,25.76531786299759
6492,129.42400134000246
6493,129.42400134000246
6494,129.42400134000246
6495,25.76531786299759
6496,25.76531786299759
6497,25.76531786299759
6498,25.76531786299759
6499,25.76531786299759
6500,29.46531786299759
6501,29.46531786299759
6502,29.46531786299759
6503,29.46531786299759
6504,29.46531786299759
6505,29.46531786299759
6506,29.46531786299759
6507,33.132778782764156
6508,33.132778782764156
6509,33.132778782764156
6510,33.132778782764156
6511,33.132778782764156
6512,43.53037579827132
6513,39.84101376094185
6514,39.84101376094185
6515,39.84101376094185
6516,39.84101376094185
6517,39.84101376094185
6518,29.443416745434682
6519,29.443416745434682
6520,29.443416745434682
6521,29.443416745434682
6522,25.762436451678575
6523,25.762436451678575
6524,25.762436451678575
6525,29.426459481570408
6526,29.426459481570408
6527,33.11625765779682
6528,29.450782933442508
6529,25.75078293344251
6530,25.75078293344251
6531,25.75078293344251
6532,22.06931164028252
6533,22.06931164028252
6534,22.06931164028252
6535,32.95040080316629
6536,32.95040080316629
6537,36.633241009638176
6538,36.633241009638176
6539,36.633241009638176
6540,36.633241009638176
6541,36.633241009638176
6542,139.0788676109581
6543,128.19777844807433
6544,128.19777844807433
6545,33.0379492020739
6546,33.0379492020739
6547,33.0379492020739
6548,33.0379492020739
6549,33.0379492020739
6550,40.44753172089641
6551,36.78210225952196
6552,29.372519740699452
6553,29.372519740699452
6554,29.372519740699452
6555,29.372519740699452
6556,29.372519740699452
6557,29.372519740699452
6558,29.372519740699452
6559,29.372519740699452
6560,29.372519740699452
6561,29.372519740699452
6562,29.372519740699452
6563,29.372519740699452
6564,29.372519740699452
6565,29.372519740699452
6566,29.372519740699452
6567,25.686721437740406
6568,25.686721437740406
6569,25.686721437740406
6570,25.686721437740406
6571,25.686721437740406
6572,22.01926051797384
6573,22.01926051797384
6574,22.01926051797384
6575,22.01926051797384
6576,22.01926051797384
6577,22.01926051797384
6578,22.01926051797384
6579,22.01926051797384
6580,22.01926051797384
6581,22.01926051797384
6582,25.70153921745181
6583,22.07887922157333
6584,22.07887922157333
6585,22.07887922157333
6586,25.64243602995873
6587,21.978413000066894
6588,21.978413000066894
6589,25.665551316768195
6590,25.665551316768195
6591,25.665551316768195
6592,25.665551316768195
6593,29.28635990950131
6594,32.98258015912826
6595,32.98258015912826
6596,32.98258015912826
6597,32.98258015912826
6598,32.98258015912826
6599,29.31944279968726
6600,29.31944279968726
6601,29.31944279968726
6602,29.31944279968726
6603,29.31944279968726
6604,29.31944279968726
6605,29.31944279968726
6606,29.31944279968726
6607,29.31944279968726
6608,32.91663916657569
6609,32.91663916657569
6610,29.353082358190292
6611,33.01198990522569
6612,33.01198990522569
6613,33.01198990522569
6614,125.2323258497101
6615,33.01198990522569
6616,33.01198990522569
6617,33.01198990522569
6618,33.01198990522569
6619,33.01198990522569
6620,33.01198990522569
6621,33.01198990522569
6622,36.68610853260648
6623,36.68610853260648
6624,36.68610853260648
6625,36.68610853260648
6626,36.68610853260648
6627,43.9334066791245
6628,43.9334066791245
6629,40.237186429497555
6630,40.237186429497555
6631,40.237186429497555
6632,51.169859871200785
6633,47.48006169497437
6634,43.859253102241254
6635,32.926579660538025
6636,32.926579660538025
6637,47.55863591280915
6638,47.55863591280915
6639,43.96143954592072
6640,40.27430122921941
6641,40.27430122921941
6642,40.27430122921941
6643,40.27430122921941
6644,40.27430122921941
6645,40.27430122921941
6646,40.27430122921941
6647,40.27430122921941
6648,40.27430122921941
6649,40.27430122921941
6650,40.27430122921941
6651,40.27430122921941
6652,40.27430122921941
6653,36.59202252974144
6654,36.59202252974144
6655,40.282371884889926
6656,40.282371884889926
6657,40.282371884889926
6658,40.282371884889926
6659,40.282371884889926
6660,40.282371884889926
6661,43.96228582814444
6662,29.36694376675212
6663,29.36694376675212
6664,29.36694376675212
6665,29.36694376675212
6666,29.36694376675212
6667,29.36694376675212
6668,29.36694376675212
6669,29.36694376675212
6670,33.03294519105727
6671,33.03294519105727
6672,33.03294519105727
6673,33.03294519105727
6674,33.03294519105727
6675,33.03294519105727
6676,33.03294519105727
6677,56.174450796430804
6678,25.7770925040156
6679,36.6150099843107
6680,36.6150099843107
6681,36.6150099843107
6682,36.6150099843107
6683,36.6150099843107
6684,40.282612396397894
6685,40.282612396397894
6686,40.282612396397894
6687,40.282612396397894
6688,43.942908116646485
6689,43.942908116646485
6690,43.942908116646485
6691,43.942908116646485
6692,43.942908116646485
6693,43.942908116646485
6694,54.91600993492102
6695,54.91600993492102
6696,54.91600993492102
6697,54.91600993492102
6698,54.91600993492102
6699,51.24189130754023
6700,51.24189130754023
6701,51.24189130754023
6702,51.24189130754023
6703,51.24189130754023
6704,54.87011352569847
6705,54.87011352569847
6706,44.032196045403374
6707,47.71851643870569
6708,47.71851643870569
6709,47.71851643870569
6710,47.71851643870569
6711,47.71851643870569
6712,47.71851643870569
6713,47.71851643870569
6714,47.71851643870569
6715,36.745414620431156
6716,47.35337584143189
6717,47.35337584143189
6718,43.670535634960004
6719,43.670535634960004
6720,43.670535634960004
6721,43.670535634960004
6722,43.670535634960004
6723,43.670535634960004
6724,47.33854820372615
6725,47.33854820372615
6726,43.672546779421
6727,43.672546779421
6728,43.672546779421
6729,43.672546779421
6730,47.36109900478662
6731,36.753137783785874
6732,36.753137783785874
6733,40.45313778378587
6734,40.45313778378587
6735,40.45313778378587
6736,40.45313778378587
6737,44.14802352808771
6738,44.14802352808771
6739,40.51980130992946
6740,54.93648600568739
6741,58.62418679215571
6742,58.62418679215571
6743,58.62418679215571
6744,54.95658438006852
6745,54.95658438006852
6746,58.606059747592305
6747,109.52887211281522
6748,58.606059747592305
6749,58.606059747592305
6750,58.606059747592305
6751,58.58496084206679
6752,62.26957536501202
6753,62.26957536501202
6754,62.26957536501202
6755,62.26957536501202
6756,69.65522751532392
6757,69.60211004304674
6758,69.60211004304674
6759,69.60211004304674
6760,65.94181432279815
6761,62.25146496764967
6762,65.92076553236924
6763,65.92076553236924
6764,69.59118404039793
6765,69.59649043957852
6766,69.59649043957852
6767,69.59649043957852
6768,69.59649043957852
6769,73.26993066174738
6770,73.26993066174738
6771,73.26993066174738
6772,73.26993066174738
6773,62.49999118084289
6774,66.19999118084289
6775,66.19999118084289
6776,66.19999118084289
6777,86.53920900363187
6778,183.20432975839267
6779,183.20432975839267
6780,173.64186792449902
6781,76.97674716973823
6782,84.0032256492293
6783,87.69205886873704
6784,102.02150693198105
6785,207.6569157591105
6786,211.3113272072035
6787,214.9941671768602
6788,214.9941671768602
6789,113.00801064407003
6790,113.00801064407003
6791,116.69190590732357
6792,116.69190590732357
6793,120.38965592793953
6794,120.38965592793953
6795,120.38965592793953
6796,123.83616408518945
6797,123.83616408518945
6798,134.67414115407368
6799,134.67414115407368
6800,134.67414115407368
6801,229.828059173797
6802,229.79694119299518
6803,123.59157263483826
6804,123.59157263483826
6805,119.96477616386093
6806,116.51826800661101
6807,98.45248349871058
6808,195.64922103625025
6809,195.64922103625025
6810,98.45248349871058
6811,91.11594093379624
6812,98.57343476024032
6813,98.57343476024032
6814,94.87343476024031
6815,94.87343476024031
6816,98.56423150395199
6817,95.18003632861257
6818,91.510735763893
6819,91.510735763893
6820,203.15453062377838
6821,203.15453062377838
6822,91.510735763893
6823,91.510735763893
6824,84.14178387824431
6825,84.14178387824431
6826,84.14178387824431
6827,87.82895552298999
6828,84.18178791050994
6829,80.49016111802705
6830,69.65218404914283
6831,69.65218404914283
6832,69.65218404914283
6833,69.65218404914283
6834,69.65218404914283
6835,69.65218404914283
6836,157.35490942537984
6837,69.87937081819015
6838,76.47543880763536
6839,80.14301461700765
6840,83.8407158101407
6841,80.19146351580144
6842,80.19146351580144
6843,80.19146351580144
6844,76.53705206770843
6845,66.03264811030864
6846,66.03329573297637
6847,66.03329573297637
6848,55.20693449373772
6849,55.20693449373772
6850,69.80403796710338
6851,69.80403796710338
6852,69.80403796710338
6853,69.80403796710338
6854,69.80403796710338
6855,73.46739609471204
6856,73.46739609471204
6857,73.46739609471204
6858,73.46739609471204
6859,73.46739609471204
6860,73.46739609471204
6861,73.46739609471204
6862,73.46739609471204
6863,69.83337683533948
6864,69.83337683533948
6865,66.13337683533948
6866,62.47679402967297
6867,69.75799760877987
6868,69.75799760877987
6869,58.784615832894964
6870,58.784615832894964
6871,58.77182464914041
6872,132.2824250904783
6873,62.4638992702277
6874,142.4847540373974
6875,142.4847540373974
6876,142.4847540373974
6877,66.14727760754077
6878,77.0373637668507
6879,80.67117014889595
6880,84.3059487014641
6881,84.3059487014641
6882,84.3059487014641
6883,84.3059487014641
6884,87.96316843027627
6885,91.65685154003994
6886,95.34900887759058
6887,91.65848488733339
6888,87.96078369420037
6889,87.96078369420037
6890,87.96078369420037
6891,87.96078369420037
6892,87.96078369420037
6893,87.96078369420037
6894,84.33706199671963
6895,84.33706199671963
6896,69.7794000280374
6897,69.7794000280374
6898,84.25982475936496
6899,84.25982475936496
6900,87.91542283182073
6901,76.95032398946029
6902,80.64903823115064
6903,80.64903823115064
6904,80.64903823115064
6905,80.64903823115064
6906,76.97559800898179
6907,69.59072921567392
6908,80.09542742807773
6909,80.09542742807773
6910,76.43206930046907
6911,76.43206930046907
6912,83.54689692964875
6913,83.54689692964875
6914,83.54689692964875
6915,72.723407754812
6916,76.3947029899688
6917,76.3947029899688
6918,76.3947029899688
6919,76.3947029899688
6920,86.45943426592973
6921,86.45943426592973
6922,107.95695978463259
6923,107.95695978463259
6924,115.053125609935
6925,111.60407071930717
6926,111.60407071930717
6927,111.60407071930717
6928,111.60407071930717
6929,101.09937250690336
6930,97.4645939543352
6931,98.28229866609207
6932,90.99127255523464
6933,90.99127255523464
6934,87.33567448277887
6935,83.64351714522823
6936,87.32278633162602
6937,83.62910322186234
6938,83.62910322186234
6939,83.62910322186234
6940,94.56051015095429
6941,94.56051015095429
6942,90.868435529867
6943,80.07950454834656
6944,80.08862617669163
6945,80.08862617669163
6946,69.38003163950921
6947,58.607515347000394
6948,54.92413700968732
6949,54.92413700968732
6950,58.618500361538025
6951,58.618500361538025
6952,168.7221777168335
6953,165.02346347514313
6954,165.02346347514313
6955,165.02346347514313
6956,165.02346347514313
6957,54.898505765934964
6958,54.898505765934964
6959,54.898505765934964
6960,54.898505765934964
6961,51.227210530778166
6962,54.88658406168895
6963,54.88658406168895
6964,54.88658406168895
6965,58.58085717936112
6966,54.890060435649445
6967,44.007624447931654
6968,33.0762175188397
6969,33.0762175188397
6970,33.0762175188397
6971,33.0762175188397
6972,33.0762175188397
6973,33.0762175188397
6974,33.0762175188397
6975,33.0762175188397
6976,29.41044478028783
6977,29.41044478028783
6978,33.09512458981489
6979,33.09512458981489
6980,33.09512458981489
6981,33.09512458981489
6982,29.438189033324075
6983,25.75101738857839
6984,25.75101738857839
6985,25.75101738857839
6986,25.75101738857839
6987,25.75101738857839
6988,22.056744270906222
6989,22.056744270906222
6990,22.056744270906222
6991,22.056744270906222
6992,22.056744270906222
6993,18.37747508450843
6994,18.37747508450843
6995,18.37747508450843
6996,18.37747508450843
6997,18.37747508450843
6998,18.37747508450843
6999,18.37747508450843
7000,18.37747508450843
7001,18.37747508450843
7002,18.37747508450843
7003,18.37747508450843
7004,18.37747508450843
7005,18.37747508450843
7006,18.37747508450843
7007,18.37747508450843
7008,18.37747508450843
7009,18.37747508450843
7010,18.37747508450843
7011,14.718101553597645
7012,14.718101553597645
7013,14.718101553597645
7014,14.718101553597645
7015,14.718101553597645
7016,14.718101553597645
7017,14.718101553597645
7018,14.718101553597645
7019,14.718101553597645
7020,14.718101553597645
7021,14.718101553597645
7022,17.72282689631603
7023,17.72282689631603
7024,17.72282689631603
7025,17.72282689631603
7026,17.72282689631603
7027,14.718101553597645
7028,25.649347472884273
7029,25.649347472884273
7030,25.649347472884273
7031,25.649347472884273
7032,25.649347472884273
7033,25.649347472884273
7034,18.389526646833538
7035,14.731413222149397
7036,14.731413222149397
7037,14.731413222149397
7038,14.731413222149397
7039,14.731413222149397
7040,14.731413222149397
7041,18.416083377256836
7042,18.416083377256836
7043,18.416083377256836
7044,14.735138409721095
7045,11.050458600194034
7046,14.744516736266764
7047,14.744516736266764
7048,14.744516736266764
7049,14.744516736266764
7050,14.744516736266764
7051,14.744516736266764
7052,25.27704078552267
7053,25.27704078552267
7054,30.236215583492427
7055,21.582677433671968
7056,21.582677433671968
7057,21.582677433671968
7058,21.582677433671968
7059,21.582677433671968
7060,21.582677433671968
7061,21.582677433671968
7062,21.582677433671968
7063,21.582677433671968
7064,11.050153384416062
7065,11.050153384416062
7066,11.050153384416062
7067,11.050153384416062
7068,11.050153384416062
7069,11.050153384416062
7070,14.718822242355419
7071,14.718822242355419
7072,14.718822242355419
7073,14.718822242355419
7074,14.718822242355419
7075,14.718822242355419
7076,14.718822242355419
7077,14.718822242355419
7078,14.718822242355419
7079,14.718822242355419
7080,14.718822242355419
7081,14.718822242355419
7082,14.718822242355419
7083,14.718822242355419
7084,14.718822242355419
7085,14.718822242355419
7086,14.718822242355419
7087,14.718822242355419
7088,14.718822242355419
7089,25.711735885392166
7090,36.707584209505235
7091,36.707584209505235
7092,36.707584209505235
7093,36.707584209505235
7094,36.707584209505235
7095,36.707584209505235
7096,46.55034463873658
7097,46.55034463873658
7098,46.55034463873658
7099,46.55034463873658
7100,46.55034463873658
7101,46.55034463873658
7102,46.55034463873658
7103,36.707584209505235
7104,36.707584209505235
7105,36.707584209505235
7106,33.038915351565876
7107,33.038915351565876
7108,33.038915351565876
7109,33.038915351565876
7110,33.038915351565876
7111,33.038915351565876
7112,29.354245196458436
7113,29.354245196458436
7114,29.354245196458436
7115,29.354245196458436
7116,29.354245196458436
7117,29.354245196458436
7118,29.354245196458436
7119,29.354245196458436
7120,29.354245196458436
7121,29.354245196458436
7122,29.354245196458436
7123,29.354245196458436
7124,29.354245196458436
7125,29.299556470425333
7126,29.299556470425333
7127,29.299556470425333
7128,29.299556470425333
7129,29.299556470425333
7130,29.299556470425333
7131,29.299556470425333
7132,29.299556470425333
7133,29.299556470425333
7134,29.299556470425333
7135,18.303708146312268
7136,18.303708146312268
7137,18.303708146312268
7138,18.303708146312268
7139,18.303708146312268
7140,18.303708146312268
7141,3.6393694100396274
7142,3.6393694100396274
7143,3.6393694100396274
7144,3.6393694100396274
7145,3.6393694100396274
7146,3.6393694100396274
7147,3.6393694100396274
7148,3.6393694100396274
7149,3.6393694100396274
7150,3.6393694100396274
7151,3.6393694100396274
7152,3.6393694100396274
7153,3.6393694100396274
7154,3.6393694100396274
7155,3.6393694100396274
7156,3.6393694100396274
7157,3.6393694100396274
7158,3.6393694100396274
7159,3.6393694100396274
7160,3.6393694100396274
7161,3.6393694100396274
7162,3.6393694100396274
7163,3.6393694100396274
7164,3.6393694100396274
7165,3.6393694100396274
7166,3.6393694100396274
7167,3.6393694100396274
7168,3.6393694100396274
7169,3.6393694100396274
7170,3.6393694100396274
7171,3.6393694100396274
7172,3.6393694100396274
7173,8.9650896163337
7174,7.324369721579302
7175,7.324369721579302
7176,7.324369721579302
7177,7.324369721579302
7178,7.324369721579302
7179,7.324369721579302
7180,7.324369721579302
7181,7.324369721579302
7182,7.324369721579302
7183,7.324369721579302
7184,7.324369721579302
7185,7.324369721579302
7186,3.685000311539674
7187,3.685000311539674
7188,3.685000311539674
7189,3.685000311539674
7190,3.685000311539674
7191,3.685000311539674
7192,3.685000311539674
7193,3.685000311539674
7194,3.685000311539674
7195,3.685000311539674
7196,3.685000311539674
7197,3.685000311539674
7198,3.685000311539674
7199,3.685000311539674
7200,3.685000311539674
7201,3.685000311539674
7202,3.685000311539674
7203,3.685000311539674
7204,3.685000311539674
7205,3.685000311539674
7206,3.685000311539674
7207,3.685000311539674
7208,3.685000311539674
7209,3.685000311539674
7210,3.685000311539674
7211,3.685000311539674
7212,3.685000311539674
7213,3.685000311539674
7214,7.2240245678704
7215,7.2240245678704
7216,7.2240245678704
7217,7.2240245678704
7218,7.2240245678704
7219,7.2240245678704
7220,7.2240245678704
7221,7.2240245678704
7222,7.2240245678704
7223,7.2240245678704
7224,3.685000311539674
7225,3.685000311539674
7226,7.156260376412024
7227,7.156260376412024
7228,7.156260376412024
7229,10.751285654811992
7230,10.751285654811992
7231,10.751285654811992
7232,10.751285654811992
7233,10.751285654811992
7234,10.751285654811992
7235,21.128067169486798
7236,21.128067169486798
7237,21.128067169486798
7238,24.803302207739847
7239,24.803302207739847
7240,24.803302207739847
7241,21.332042142867497
7242,21.332042142867497
7243,21.332042142867497
7244,21.332042142867497
7245,21.332042142867497
7246,21.332042142867497
7247,21.332042142867497
7248,21.332042142867497
7249,85.71858664397686
7250,85.71858664397686
7251,21.332042142867497
7252,10.95526062819269
7253,10.95526062819269
7254,10.95526062819269
7255,10.95526062819269
7256,10.95526062819269
7257,10.95526062819269
7258,10.95526062819269
7259,14.596204478714771
7260,14.596204478714771
7261,14.596204478714771
7262,14.596204478714771
7263,10.95526062819269
7264,7.360235349792722
7265,7.360235349792722
7266,7.360235349792722
7267,7.360235349792722
7268,7.360235349792722
7269,7.360235349792722
7270,7.360235349792722
7271,7.360235349792722
7272,3.6752350382530476
7273,3.6752350382530476
7274,3.6752350382530476
7275,3.6752350382530476
7276,3.6752350382530476
7277,3.6752350382530476
7278,3.6752350382530476
7279,3.6752350382530476
7280,3.6752350382530476
7281,3.6752350382530476
7282,3.6752350382530476
7283,3.6752350382530476
7284,3.6752350382530476
7285,3.6752350382530476
7286,0.0
7287,0.0
7288,0.0
7289,0.0
7290,0.0
7291,0.0
7292,0.0
7293,0.0
7294,98.3071026095146
7295,0.0
7296,0.0
7297,0.0
7298,0.0
7299,0.0
7300,0.0
7301,0.0
7302,0.0
7303,0.0
7304,0.0
7305,0.0
7306,0.0
7307,0.0
7308,0.0
7309,0.0
7310,0.0
7311,0.0
7312,0.0
7313,0.0
7314,0.0
7315,0.0
7316,0.0
7317,0.0
7318,0.0
7319,9.463691418680021
7320,9.463691418680021
7321,9.463691418680021
7322,12.818943794676349
7323,9.463691418680021
7324,9.463691418680021
7325,0.0
7326,0.0
7327,0.0
7328,0.0
7329,0.0
7330,0.0
7331,0.0
7332,0.0
7333,0.0
7334,0.0
7335,0.0
7336,0.0
7337,0.0
7338,0.0
7339,0.0
7340,0.0
7341,0.0
7342,0.0
7343,0.0
7344,0.0
7345,0.0
7346,0.0
7347,0.0
7348,0.0
7349,0.0
7350,0.0
7351,0.0
7352,0.0
7353,0.0
7354,0.0
7355,0.0
7356,9.818857502291833
7357,9.818857502291833
7358,9.818857502291833
7359,9.818857502291833
7360,9.818857502291833
7361,9.818857502291833
7362,0.0
7363,0.0
7364,0.0
7365,0.0
7366,0.0
7367,0.0
7368,0.0
7369,0.0
7370,0.0
7371,0.0
7372,0.0
7373,0.0
7374,0.0
7375,0.0
7376,0.0
7377,0.0
7378,0.0
7379,0.0
7380,0.0
7381,0.0
7382,0.0
7383,0.0
7384,0.0
7385,0.0
7386,0.0
7387,0.0
7388,0.0
7389,0.0
7390,0.0
7391,0.0
7392,0.0
7393,0.0
7394,0.0
7395,0.0
7396,0.0
7397,0.0
7398,0.0
7399,0.0
7400,0.0
7401,0.0
7402,0.0
7403,99.11917586156048
7404,99.11917586156048
7405,99.11917586156048
7406,99.11917586156048
7407,0.0
7408,3.6981772434014712
7409,3.6981772434014712
7410,3.6981772434014712
7411,3.6981772434014712
7412,3.6981772434014712
7413,3.6981772434014712
7414,3.6981772434014712
7415,3.6981772434014712
7416,3.6981772434014712
7417,3.6981772434014712
7418,3.6981772434014712
7419,3.6981772434014712
7420,3.6981772434014712
7421,3.6981772434014712
7422,3.6981772434014712
7423,3.6981772434014712
7424,3.6981772434014712
7425,3.6981772434014712
7426,3.6981772434014712
7427,7.368589604223284
7428,7.368589604223284
7429,7.368589604223284
7430,7.368589604223284
7431,7.368589604223284
7432,7.368589604223284
7433,7.368589604223284
7434,7.368589604223284
7435,7.368589604223284
7436,7.368589604223284
7437,7.368589604223284
7438,7.368589604223284
7439,7.368589604223284
7440,7.368589604223284
7441,7.368589604223284
7442,7.368589604223284
7443,7.368589604223284
7444,7.368589604223284
7445,7.368589604223284
7446,7.368589604223284
7447,7.368589604223284
7448,7.368589604223284
7449,7.368589604223284
7450,7.368589604223284
7451,7.368589604223284
7452,7.368589604223284
7453,7.368589604223284
7454,7.368589604223284
7455,7.368589604223284
7456,11.029198430081186
7457,11.029198430081186
7458,11.029198430081186
7459,11.029198430081186
7460,11.029198430081186
7461,11.029198430081186
7462,11.029198430081186
7463,11.029198430081186
7464,11.029198430081186
7465,11.029198430081186
7466,11.029198430081186
7467,11.029198430081186
7468,11.029198430081186
7469,11.029198430081186
7470,11.029198430081186
7471,11.029198430081186
7472,11.029198430081186
7473,11.029198430081186
7474,11.029198430081186
7475,11.029198430081186
7476,11.029198430081186
7477,11.029198430081186
7478,11.029198430081186
7479,11.029198430081186
7480,11.029198430081186
7481,11.029198430081186
7482,11.029198430081186
7483,11.029198430081186
7484,11.029198430081186
7485,11.029198430081186
7486,11.029198430081186
7487,11.029198430081186
7488,11.029198430081186
7489,11.029198430081186
7490,11.029198430081186
7491,11.029198430081186
7492,11.029198430081186
7493,11.029198430081186
7494,11.029198430081186
7495,11.029198430081186
7496,11.029198430081186
7497,11.029198430081186
7498,11.029198430081186
7499,11.029198430081186
7500,7.358786069259374
7501,7.358786069259374
7502,7.358786069259374
7503,7.358786069259374
7504,7.358786069259374
7505,7.358786069259374
7506,7.358786069259374
7507,7.358786069259374
7508,7.358786069259374
7509,14.600996319748127
7510,14.600996319748127
7511,14.600996319748127
7512,14.600996319748127
7513,14.600996319748127
7514,14.600996319748127
7515,14.600996319748127
7516,14.600996319748127
7517,14.600996319748127
7518,14.600996319748127
7519,14.600996319748127
7520,14.600996319748127
7521,14.600996319748127
7522,14.600996319748127
7523,14.600996319748127
7524,14.600996319748127
7525,14.600996319748127
7526,14.600996319748127
7527,14.600996319748127
7528,14.600996319748127
7529,14.600996319748127
7530,14.600996319748127
7531,14.600996319748127
7532,14.600996319748127
7533,14.600996319748127
7534,14.600996319748127
7535,14.600996319748127
7536,14.600996319748127
7537,14.600996319748127
7538,14.600996319748127
7539,14.600996319748127
7540,14.600996319748127
7541,14.600996319748127
7542,14.600996319748127
7543,14.600996319748127
7544,14.600996319748127
7545,14.600996319748127
7546,10.902819076346656
7547,10.902819076346656
7548,10.902819076346656
7549,10.902819076346656
7550,10.902819076346656
7551,10.902819076346656
7552,14.590912928310903
7553,14.590912928310903
7554,18.26256549636176
7555,18.26256549636176
7556,18.26256549636176
7557,18.26256549636176
7558,18.26256549636176
7559,18.26256549636176
7560,21.9421796191365
7561,21.9421796191365
7562,21.9421796191365
7563,21.9421796191365
7564,85.46974226513802
7565,89.15066705842733
7566,25.62310441242581
7567,25.62310441242581
7568,25.62310441242581
7569,25.62310441242581
7570,25.62310441242581
7571,25.62310441242581
7572,25.62310441242581
7573,25.62310441242581
7574,25.62310441242581
7575,25.62310441242581
7576,25.62310441242581
7577,14.720285336079154
7578,14.720285336079154
7579,14.720285336079154
7580,18.394499977717587
7581,18.394499977717587
7582,18.394499977717587
7583,18.394499977717587
7584,18.394499977717587
7585,18.394499977717587
7586,29.311874924401245
7587,29.311874924401245
7588,32.95490750588591
7589,32.95490750588591
7590,32.95490750588591
7591,32.95490750588591
7592,32.95490750588591
7593,32.95490750588591
7594,32.95490750588591
7595,32.95490750588591
7596,32.95490750588591
7597,32.95490750588591
7598,29.283254937835057
7599,32.968493593808006
7600,32.968493593808006
7601,32.968493593808006
7602,32.968493593808006
7603,32.968493593808006
7604,32.968493593808006
7605,32.968493593808006
7606,32.968493593808006
7607,32.968493593808006
7608,32.968493593808006
7609,22.051118647124348
7610,22.051118647124348
7611,25.723726112976504
7612,25.723726112976504
7613,25.723726112976504
7614,25.723726112976504
7615,25.723726112976504
7616,25.723726112976504
7617,25.723726112976504
7618,29.390766449962108
7619,29.390766449962108
7620,35.03250173548336
7621,29.390766449962108
7622,29.390766449962108
7623,36.234069779434805
7624,36.234069779434805
7625,36.234069779434805
7626,138.64060567419514
7627,142.32381229884658
7628,39.91727640408621
7629,43.579379518311875
7630,46.337338056201716
7631,43.579379518311875
7632,43.579379518311875
7633,39.89976539553714
7634,39.89976539553714
7635,47.18563924064871
7636,47.18563924064871
7637,50.8591969884427
7638,50.8591969884427
7639,50.8591969884427
7640,50.8591969884427
7641,143.38947181590942
7642,143.38947181590942
7643,43.9880656654415
7644,54.83735534211639
7645,61.65605475790956
7646,61.65605475790956
7647,65.35477312874853
7648,65.35477312874853
7649,65.35477312874853
7650,65.35477312874853
7651,65.35477312874853
7652,65.35477312874853
7653,65.35477312874853
7654,65.35477312874853
7655,69.00739739295955
7656,65.3221587369866
7657,75.94610568625568
7658,72.27189104461725
7659,72.27189104461725
7660,72.27189104461725
7661,72.27189104461725
7662,72.27189104461725
7663,72.27189104461725
7664,72.27189104461725
7665,61.810159047339404
7666,50.96086937066452
7667,54.60749334897947
7668,54.60749334897947
7669,54.60749334897947
7670,54.60749334897947
7671,50.934885883127315
7672,50.934885883127315
7673,47.26784554614171
7674,47.26784554614171
7675,47.29598935166144
7676,47.29598935166144
7677,61.617179960747414
7678,61.617179960747414
7679,65.31296977804503
7680,65.31296977804503
7681,65.31296977804503
7682,65.31296977804503
7683,65.31296977804503
7684,65.31296977804503
7685,58.389022828775964
7686,58.389022828775964
7687,58.389022828775964
7688,58.34455529115973
7689,62.0221381702674
7690,62.0221381702674
7691,62.0221381702674
7692,62.0221381702674
7693,62.0221381702674
7694,167.74556485377354
7695,167.74556485377354
7696,72.52659794710596
7697,72.52659794710596
7698,72.52659794710596
7699,72.52659794710596
7700,72.52659794710596
7701,61.89874409183349
7702,61.89874409183349
7703,61.94471872874121
7704,61.94471872874121
7705,61.94471872874121
7706,83.51886115788203
7707,87.0113592578642
7708,87.0113592578642
7709,87.0113592578642
7710,87.0113592578642
7711,87.0113592578642
7712,87.20505960278446
7713,87.20505960278446
7714,83.71256150280229
7715,83.71256150280229
7716,80.05993723859127
7717,80.05993723859127
7718,161.64532578397973
7719,365.87388035580096
7720,365.8602538038126
7721,287.8052721866008
7722,178.43819499614943
7723,83.38679132740171
7724,83.38679132740171
7725,83.38679132740171
7726,215.48531503255413
7727,219.1680682624205
7728,208.22237931295496
7729,197.17696343193703
7730,68.6603477864479
7731,68.6603477864479
7732,65.00467174270659
7733,65.00467174270659
7734,65.00467174270659
7735,79.24418087051484
7736,79.24418087051484
7737,90.0273040504971
7738,83.17653232025677
7739,83.17653232025677
7740,72.27767046403534
7741,80.01522753689233
7742,76.48482060871564
7743,87.44606518876375
7744,83.80732610172859
7745,73.28082752992074
7746,73.28082752992074
7747,73.28082752992074
7748,73.28082752992074
7749,80.5572366198965
7750,80.5572366198965
7751,84.25036729022762
7752,84.25036729022762
7753,95.15947456311036
7754,95.15947456311036
7755,95.15947456311036
7756,98.84207988464036
7757,98.84207988464036
7758,102.5035599271136
7759,91.72043674713134
7760,99.02996146232769
7761,109.86703383922094
7762,109.86703383922094
7763,113.56148069267405
7764,113.56148069267405
7765,113.56148069267405
7766,117.23895466089373
7767,120.89415310422677
7768,120.89415310422677
7769,120.89415310422677
7770,120.89415310422677
7771,120.89415310422677
7772,120.89415310422677
7773,120.89415310422677
7774,120.89415310422677
7775,124.59327189532637
7776,124.54224537746323
7777,124.54224537746323
7778,135.43900491993548
7779,135.43900491993548
7780,135.43900491993548
7781,124.60193254304225
7782,128.25935425620028
7783,131.9575005141212
7784,131.9575005141212
7785,128.3358267024205
7786,128.3358267024205
7787,128.3358267024205
7788,113.66376659104839
7789,113.66376659104839
7790,117.32908121403378
7791,117.32908121403378
7792,117.32908121403378
7793,117.32908121403378
7794,113.64521824650305
7795,109.95648084893509
7796,109.95648084893509
7797,109.95648084893509
7798,109.95648084893509
7799,106.27372761906872
7800,106.27372761906872
7801,106.27372761906872
7802,106.27372761906872
7803,214.00959935123848
7804,214.00959935123848
7805,192.1515952287181
7806,192.1515952287181
7807,192.1515952287181
7808,88.10757285717168
7809,95.19011018817869
7810,95.19011018817869
7811,98.87310161188509
7812,98.87310161188509
7813,95.17498762330334
7814,95.199170653771
7815,95.199170653771
7816,84.29006338088826
7817,87.89682548051063
7818,87.93896391265537
7819,73.26925099682136
7820,73.26925099682136
7821,73.26925099682136
7822,69.60777095434813
7823,69.60777095434813
7824,69.60777095434813
7825,69.60777095434813
7826,76.70798316097054
7827,76.70798316097054
7828,76.70798316097054
7829,76.70798316097054
7830,73.05900967883369
7831,73.05900967883369
7832,73.05900967883369
7833,73.05900967883369
7834,73.05900967883369
7835,73.05900967883369
7836,62.28313559401313
7837,62.28313559401313
7838,62.28313559401313
7839,62.28313559401313
7840,58.62793715068008
7841,58.62793715068008
7842,58.62793715068008
7843,58.62793715068008
7844,58.62793715068008
7845,58.62793715068008
7846,47.83935155812786
7847,47.83935155812786
7848,47.83935155812786
7849,47.83935155812786
7850,47.83935155812786
7851,44.17403693514246
7852,47.84475519034106
7853,47.84475519034106
7854,47.84475519034106
7855,47.868508152273556
7856,44.261746052651176
7857,44.261746052651176
7858,44.261746052651176
7859,44.23793802098432
7860,44.23793802098432
7861,44.23793802098432
7862,40.54608866036099
7863,51.32685759746332
7864,55.01466347468564
7865,55.01466347468564
7866,55.01466347468564
7867,55.01466347468564
7868,55.01466347468564
7869,51.33167205097925
7870,51.33167205097925
7871,51.33167205097925
7872,51.33167205097925
7873,51.33167205097925
7874,51.33167205097925
7875,51.33167205097925
7876,51.33167205097925
7877,51.33167205097925
7878,51.33167205097925
7879,51.33167205097925
7880,51.33167205097925
7881,51.33167205097925
7882,51.33167205097925
7883,51.33167205097925
7884,51.33167205097925
7885,51.33167205097925
7886,47.63722519752613
7887,47.63722519752613
7888,47.63722519752613
7889,47.63722519752613
7890,47.63722519752613
7891,47.63722519752613
7892,47.63722519752613
7893,47.63722519752613
7894,47.63722519752613
7895,47.63722519752613
7896,47.63722519752613
7897,47.63722519752613
7898,47.63722519752613
7899,36.8564562604238
7900,36.8564562604238
7901,36.8564562604238
7902,36.8564562604238
7903,36.8564562604238
7904,36.8564562604238
7905,36.8564562604238
7906,133.24867149663953
7907,133.24867149663953
7908,133.24867149663953
7909,36.8564562604238
7910,40.53567729660619
7911,40.53567729660619
7912,40.53567729660619
7913,40.53567729660619
7914,47.62816877712957
7915,43.94925046838685
7916,40.271776500167185
7917,40.271776500167185
7918,36.601058244968584
7919,32.90526842767095
7920,32.90526842767095
7921,32.90526842767095
7922,32.90526842767095
7923,32.90526842767095
7924,32.90526842767095
7925,32.90526842767095
7926,32.90526842767095
7927,32.90526842767095
7928,36.57057630265786
7929,36.57057630265786
7930,36.57057630265786
7931,47.545331778211406
7932,50.911020637553314
7933,50.911020637553314
7934,50.911020637553314
7935,60.95273864756871
7936,60.95273864756871
7937,60.95273864756871
7938,155.20536799723888
7939,155.20536799723888
7940,148.15850446280643
7941,234.22775478932368
7942,132.58933189146364
7943,53.89143294557992
7944,53.89143294557992
7945,53.89143294557992
7946,43.849714935564535
7947,40.175376709310456
7948,40.175376709310456
7949,40.175376709310456
7950,40.175376709310456
7951,25.72444668346904
7952,25.72444668346904
7953,25.72444668346904
7954,25.72444668346904
7955,25.72444668346904
7956,25.72444668346904
7957,25.72444668346904
7958,25.72444668346904
7959,25.72444668346904
7960,25.72444668346904
7961,25.72444668346904
7962,25.72444668346904
7963,25.72444668346904
7964,25.72444668346904
7965,25.72444668346904
7966,25.72444668346904
7967,25.72444668346904
7968,25.72444668346904
7969,25.72444668346904
7970,25.72444668346904
7971,22.045225647286653
7972,22.045225647286653
7973,22.045225647286653
7974,22.045225647286653
7975,22.045225647286653
7976,22.045225647286653
7977,25.641244075232244
7978,25.641244075232244
7979,25.641244075232244
7980,25.641244075232244
7981,25.641244075232244
7982,25.641244075232244
7983,25.641244075232244
7984,25.641244075232244
7985,29.251824632230175
7986,29.251824632230175
7987,29.251824632230175
7988,32.948498109920585
7989,32.948498109920585
7990,30.561575759162025
7991,26.885443550716914
7992,26.885443550716914
7993,18.29761042592193
7994,18.29761042592193
7995,18.29761042592193
7996,18.29761042592193
7997,14.70159199797634
7998,14.70159199797634
7999,11.002473206876747
8000,11.002473206876747
8001,11.002473206876747
8002,21.98656675757583
8003,21.98656675757583
8004,25.675444492950557
8005,25.675444492950557
8006,25.675444492950557
8007,35.910022378711105
8008,35.910022378711105
8009,35.910022378711105
8010,35.910022378711105
8011,25.675444492950557
8012,29.29706559947653
8013,29.29706559947653
8014,29.29706559947653
8015,29.29706559947653
8016,29.29706559947653
8017,29.29706559947653
8018,29.29706559947653
8019,29.29706559947653
8020,32.98822103167811
8021,32.98822103167811
8022,32.98822103167811
8023,32.98822103167811
8024,29.377640474680177
8025,29.377640474680177
8026,29.377640474680177
8027,29.377640474680177
8028,29.377640474680177
8029,29.377640474680177
8030,29.377640474680177
8031,29.377640474680177
8032,29.377640474680177
8033,29.377640474680177
8034,29.377640474680177
8035,29.377640474680177
8036,18.463137080009336
8037,18.463137080009336
8038,18.463137080009336
8039,18.463137080009336
8040,18.463137080009336
8041,18.463137080009336
8042,18.463137080009336
8043,18.463137080009336
8044,18.463137080009336
8045,18.463137080009336
8046,22.163137080009335
8047,22.163137080009335
8048,22.163137080009335
8049,22.163137080009335
8050,22.163137080009335
8051,22.163137080009335
8052,22.163137080009335
8053,22.163137080009335
8054,22.163137080009335
8055,22.163137080009335
8056,22.163137080009335
8057,42.08222312288105
8058,42.08222312288105
8059,32.77140250597827
8060,32.77140250597827
8061,32.77140250597827
8062,32.77140250597827
8063,32.77140250597827
8064,32.77140250597827
8065,32.77140250597827
8066,32.77140250597827
8067,32.77140250597827
8068,32.77140250597827
8069,32.77140250597827
8070,32.77140250597827
8071,32.77140250597827
8072,32.77140250597827
8073,43.607116750836994
8074,43.607116750836994
8075,43.607116750836994
8076,43.607116750836994
8077,47.27768767837881
8078,36.66942225240987
8079,47.61562125421162
8080,47.61562125421162
8081,47.61562125421162
8082,47.61562125421162
8083,47.61562125421162
8084,47.61562125421162
8085,47.61562125421162
8086,47.61562125421162
8087,43.924465822010035
8088,33.08875157715133
8089,33.08875157715133
8090,33.08875157715133
8091,40.47021496853269
8092,51.21329668123763
8093,51.21329668123763
8094,51.21329668123763
8095,51.21329668123763
8096,51.21329668123763
8097,51.21329668123763
8098,51.21329668123763
8099,51.21329668123763
8100,51.21329668123763
8101,51.21329668123763
8102,51.21329668123763
8103,51.21329668123763
8104,51.21329668123763
8105,51.21329668123763
8106,51.21329668123763
8107,47.51807750904923
8108,47.51807750904923
8109,47.51807750904923
8110,47.51807750904923
8111,51.20543582366648
8112,51.20543582366648
8113,51.20543582366648
8114,51.20543582366648
8115,54.85941017001715
8116,54.85941017001715
8117,54.85941017001715
8118,58.54087075469716
8119,58.54087075469716
8120,58.54087075469716
8121,58.54087075469716
8122,58.54087075469716
8123,36.85159004019047
8124,33.16271230481575
8125,29.466038827125338
8126,29.466038827125338
8127,25.795467899583514
8128,33.13092812874314
8129,137.47719838400923
8130,141.17719838400922
8131,36.83092812874314
8132,36.83092812874314
8133,36.83092812874314
8134,40.36140040825516
8135,40.36140040825516
8136,40.36140040825516
8137,40.36140040825516
8138,51.1991079727818
8139,51.1991079727818
8140,51.1991079727818
8141,61.00832020836495
8142,61.00832020836495
8143,61.00832020836495
8144,61.00832020836495
8145,61.00832020836495
8146,61.00832020836495
8147,51.1991079727818
8148,51.1991079727818
8149,43.97742443071557
8150,43.97742443071557
8151,54.71470621802679
8152,158.84308014469036
8153,158.84308014469036
8154,162.5330794702707
8155,54.70470554360712
8156,54.70470554360712
8157,54.70470554360712
8158,54.70470554360712
8159,54.70470554360712
8160,54.70470554360712
8161,54.70470554360712
8162,80.16350489977594
8163,51.062587931024225
8164,51.062587931024225
8165,51.062587931024225
8166,61.82689051024241
8167,70.74828258299507
8168,70.74828258299507
8169,61.82689051024241
8170,61.82689051024241
8171,79.63291499197348
8172,51.089608722931196
8173,51.089608722931196
8174,54.74514833015007
8175,54.74514833015007
8176,51.09117398379939
8177,51.09117398379939
8178,51.09117398379939
8179,51.09117398379939
8180,61.981031177599014
8181,61.981031177599014
8182,65.6324305756064
8183,65.6324305756064
8184,58.49031925506281
8185,62.16519930095223
8186,62.16519930095223
8187,62.16519930095223
8188,62.16519930095223
8189,51.40089672173406
8190,51.40089672173406
8191,51.40089672173406
8192,51.40089672173406
8193,51.40089672173406
8194,51.40089672173406
8195,51.40089672173406
8196,51.40089672173406
8197,51.40089672173406
8198,55.04911599103702
8199,65.98095285437441
8200,65.98095285437441
8201,65.98095285437441
8202,65.98095285437441
8203,65.98095285437441
8204,69.6612197784626
8205,69.6612197784626
8206,69.6612197784626
8207,73.3284480883759
8208,69.63340167958575
8209,69.63340167958575
8210,62.25194109490573
8211,62.25194109490573
8212,62.25194109490573
8213,62.25194109490573
8214,62.25194109490573
8215,51.36208390110611
8216,51.36208390110611
8217,47.668741284529375
8218,47.668741284529375
8219,47.668741284529375
8220,51.34736567131787
8221,55.02312825282181
8222,55.02312825282181
8223,54.98208497349452
8224,54.98208497349452
8225,54.98208497349452
8226,54.98208497349452
8227,81.96243765529918
8228,54.98208497349452
8229,58.46703294244082
8230,65.80567576128186
8231,158.38978087539954
8232,168.61972053838267
8233,168.61972053838267
8234,196.8310761816231
8235,196.8310761816231
8236,87.03175560695813
8237,87.03175560695813
8238,87.03175560695813
8239,87.03175560695813
8240,87.03175560695813
8241,83.34439729234087
8242,73.11445762935776
8243,69.46305823135037
8244,73.1018400632229
8245,80.60426475556332
8246,164.64531594356828
8247,164.64531594356828
8248,153.75452235955817
8249,69.71347117155321
8250,69.71347117155321
8251,66.06525190225025
8252,66.06525190225025
8253,66.06525190225025
8254,62.40169645828898
8255,83.2584465020762
8256,83.2584465020762
8257,86.9584465020762
8258,90.6334754530897
8259,90.6334754530897
8260,90.6334754530897
8261,80.31512867635654
8262,80.31512867635654
8263,84.00460334362393
8264,84.00460334362393
8265,104.95553689668125
8266,126.47083322233155
8267,126.47083322233155
8268,126.47083322233155
8269,112.51206489576307
8270,112.51206489576307
8271,123.31269889231206
8272,119.617102648329
8273,111.86076946105933
8274,111.86076946105933
8275,111.86076946105933
8276,111.86076946105933
8277,112.65146671771947
8278,112.65146671771947
8279,108.97119979363127
8280,108.97119979363127
8281,115.42643797139394
8282,232.850449991676
8283,222.2987724515163
8284,212.291207863601
8285,212.291207863601
8286,212.291207863601
8287,105.52687905229483
8288,109.18211826431497
8289,112.85204195207854
8290,112.85263665444208
8291,112.85263665444208
8292,112.85263665444208
8293,234.7467721706312
8294,231.1079903387587
8295,230.8259968536481
8296,230.8259968536481
8297,105.25920200159203
8298,105.25920200159203
8299,112.52375940080188
8300,112.52375940080188
8301,112.52375940080188
8302,112.52375940080188
8303,112.52375940080188
8304,130.77884936666888
8305,127.10308678516492
8306,130.69315528626154
8307,130.69315528626154
8308,141.26967605522015
8309,137.56967605522016
8310,126.90570102898741
8311,130.56094905109967
8312,130.56094905109967
8313,130.56094905109967
8314,130.56094905109967
8315,134.23501119713322
8316,134.23501119713322
8317,123.26055000960113
8318,98.11187673873879
8319,91.18331979551371
8320,91.18331979551371
8321,80.4779406193376
8322,80.4779406193376
8323,91.29120391438205
8324,102.31041325484325
8325,87.69191220077876
8326,87.69191220077876
8327,87.69191220077876
8328,87.69191220077876
8329,87.69191220077876
8330,87.69191220077876
8331,98.61610763613878
8332,94.92663296887139
8333,105.8242024988559
8334,214.32430862604042
8335,210.73424012494382
8336,207.06344456732091
8337,215.76817922592863
8338,207.06344456732091
8339,210.73919698742174
8340,102.23909086023723
8341,102.23909086023723
8342,98.58346107764095
8343,94.89645863980604
8344,98.57655111984343
8345,98.57655111984343
8346,94.90503385761929
8347,87.77091888329369
8348,87.77091888329369
8349,87.77091888329369
8350,95.08565704469126
8351,95.08565704469126
8352,106.00470278408102
8353,106.00470278408102
8354,109.69379403549189
8355,109.69379403549189
8356,109.69379403549189
8357,91.53419477787403
8358,91.53419477787403
8359,91.53419477787403
8360,91.53419477787403
8361,91.53419477787403
8362,91.53419477787403
8363,87.84777779528284
8364,87.84777779528284
8365,87.88050331946008
8366,87.88050331946008
8367,87.88050331946008
8368,98.77520034525205
8369,109.5083498635372
8370,109.5083498635372
8371,105.83428771750363
8372,94.90495081002922
8373,94.90495081002922
8374,80.2655871964111
8375,80.2655871964111
8376,80.2655871964111
8377,76.59776418413426
8378,72.94251616202203
8379,72.94251616202203
8380,83.84815570413448
8381,83.84815570413448
8382,80.16878058657866
8383,80.16878058657866
8384,80.16878058657866
8385,80.16878058657866
8386,69.27408356078672
8387,65.61639646524827
8388,65.61639646524827
8389,61.96843263951474
8390,72.93864423993948
8391,72.93864423993948
8392,76.61101353494519
8393,76.61101353494519
8394,76.61101353494519
8395,76.61101353494519
8396,76.61101353494519
8397,65.87786401666003
8398,65.87786401666003
8399,65.87786401666003
8400,65.87786401666003
8401,69.56520382574297
8402,69.56520382574297
8403,69.56520382574297
8404,58.594992225318244
8405,54.959196029884986
8406,54.959196029884986
8407,54.959196029884986
8408,65.92201644668486
8409,58.6761348911112
8410,58.6761348911112
8411,58.6761348911112
8412,58.6761348911112
8413,58.671460084160906
8414,58.671460084160906
8415,58.671460084160906
8416,58.671460084160906
8417,58.671460084160906
8418,58.671460084160906
8419,58.671460084160906
8420,58.671460084160906
8421,58.671460084160906
8422,58.671460084160906
8423,58.671460084160906
8424,58.671460084160906
8425,62.33465595056514
8426,62.33465595056514
8427,58.659200338073596
8428,87.20766638820264
8429,47.75356079596113
8430,36.79074037916125
8431,33.11498795906043
8432,29.43284083169348
8433,25.74487609549609
8434,25.74487609549609
8435,25.74487609549609
8436,36.61329731990598
8437,36.61329731990598
8438,36.61329731990598
8439,36.61329731990598
8440,36.61329731990598
8441,36.61329731990598
8442,25.74487609549609
8443,25.74487609549609
8444,22.064783615458694
8445,22.064783615458694
8446,22.064783615458694
8447,22.064783615458694
8448,22.064783615458694
8449,22.064783615458694
8450,22.064783615458694
8451,22.064783615458694
8452,18.390310101690126
8453,18.390310101690126
8454,18.390310101690126
8455,18.390310101690126
8456,18.390310101690126
8457,18.390310101690126
8458,18.390310101690126
8459,18.390310101690126
8460,18.390310101690126
8461,14.71794080668441
8462,14.71794080668441
8463,14.71794080668441
8464,25.663529624837444
8465,25.663529624837444
8466,25.663529624837444
8467,25.663529624837444
8468,25.663529624837444
8469,25.663529624837444
8470,25.663529624837444
8471,21.985215745051086
8472,21.985215745051086
8473,21.985215745051086
8474,21.985215745051086
8475,21.985215745051086
8476,21.985215745051086
8477,21.985215745051086
8478,21.985215745051086
8479,21.985215745051086
8480,21.985215745051086
8481,18.322019878646852
8482,18.322019878646852
8483,18.322019878646852
8484,18.322019878646852
8485,18.322019878646852
8486,7.376431060493821
8487,7.376431060493821
8488,7.376431060493821
8489,7.376431060493821
8490,7.376431060493821
8491,7.376431060493821
8492,7.376431060493821
8493,11.038380088935115
8494,11.038380088935115
8495,11.038380088935115
8496,11.038380088935115
8497,11.038380088935115
8498,11.038380088935115
8499,11.038380088935115
8500,11.038380088935115
8501,11.038380088935115
8502,11.038380088935115
8503,11.038380088935115
8504,11.038380088935115
8505,11.038380088935115
8506,11.038380088935115
8507,11.038380088935115
8508,11.038380088935115
8509,11.038380088935115
8510,11.038380088935115
8511,7.351040279852175
8512,7.351040279852175
8513,7.351040279852175
8514,7.351040279852175
8515,7.351040279852175
8516,7.351040279852175
8517,7.351040279852175
8518,7.351040279852175
8519,7.351040279852175
8520,7.351040279852175
8521,7.351040279852175
8522,7.351040279852175
8523,7.351040279852175
8524,7.351040279852175
8525,7.351040279852175
8526,7.351040279852175
8527,7.351040279852175
8528,7.351040279852175
8529,7.351040279852175
8530,7.351040279852175
8531,7.351040279852175
8532,7.351040279852175
8533,7.351040279852175
8534,7.351040279852175
8535,7.351040279852175
8536,7.351040279852175
8537,7.351040279852175
8538,7.351040279852175
8539,7.351040279852175
8540,7.351040279852175
8541,7.351040279852175
8542,7.351040279852175
8543,7.351040279852175
8544,3.6890912514108805
8545,3.6890912514108805
8546,3.6890912514108805
8547,3.6890912514108805
8548,24.60844635864496
8549,24.60844635864496
8550,24.60844635864496
8551,20.91935510723408
8552,20.91935510723408
8553,20.91935510723408
8554,20.91935510723408
8555,20.91935510723408
8556,20.91935510723408
8557,20.91935510723408
8558,20.91935510723408
8559,20.91935510723408
8560,20.91935510723408
8561,20.91935510723408
8562,10.57617308223143
8563,10.57617308223143
8564,10.57617308223143
8565,10.57617308223143
8566,3.6911685795979325
8567,3.6911685795979325
8568,3.6911685795979325
8569,3.6911685795979325
8570,3.6911685795979325
8571,3.6911685795979325
8572,3.6911685795979325
8573,3.6911685795979325
8574,3.6911685795979325
8575,3.6911685795979325
8576,3.6911685795979325
8577,3.6911685795979325
8578,3.6911685795979325
8579,3.6911685795979325
8580,3.6911685795979325
8581,3.6911685795979325
8582,3.6911685795979325
8583,3.6911685795979325
8584,3.6911685795979325
8585,3.6911685795979325
8586,3.6911685795979325
8587,3.6911685795979325
8588,3.6911685795979325
8589,3.6911685795979325
8590,3.6911685795979325
8591,3.6911685795979325
8592,3.6911685795979325
8593,3.6911685795979325
8594,3.6911685795979325
8595,3.6911685795979325
8596,3.6911685795979325
8597,3.6911685795979325
8598,3.6911685795979325
8599,3.6911685795979325
8600,3.6911685795979325
8601,3.6911685795979325
8602,3.6911685795979325
8603,3.6911685795979325
8604,3.6911685795979325
8605,3.6911685795979325
8606,3.6911685795979325
8607,3.6911685795979325
8608,3.6911685795979325
8609,3.6911685795979325
8610,3.6911685795979325
8611,3.6911685795979325
8612,3.6911685795979325
8613,3.6911685795979325
8614,14.312837321302265
8615,14.312837321302265
8616,14.312837321302265
8617,14.312837321302265
8618,14.312837321302265
8619,14.312837321302265
8620,14.312837321302265
8621,14.312837321302265
8622,14.312837321302265
8623,14.312837321302265
8624,14.312837321302265
8625,14.312837321302265
8626,3.6911685795979325
8627,3.6911685795979325
8628,3.6911685795979325
8629,3.6911685795979325
8630,3.6911685795979325
8631,3.6911685795979325
8632,3.6911685795979325
8633,3.6911685795979325
8634,3.6911685795979325
8635,3.6911685795979325
8636,3.6911685795979325
8637,3.6911685795979325
8638,3.6911685795979325
8639,3.6911685795979325
8640,3.6911685795979325
8641,3.6911685795979325
8642,3.6911685795979325
8643,3.6911685795979325
8644,3.6911685795979325
8645,3.6911685795979325
8646,3.6911685795979325
8647,3.6911685795979325
8648,3.6911685795979325
8649,3.6911685795979325
8650,3.6911685795979325
8651,3.6911685795979325
8652,3.6911685795979325
8653,3.6911685795979325
8654,3.6911685795979325
8655,3.6911685795979325
8656,3.6911685795979325
8657,3.6911685795979325
8658,3.6911685795979325
8659,3.6911685795979325
8660,3.6911685795979325
8661,3.6911685795979325
8662,3.6911685795979325
8663,3.6911685795979325
8664,3.6911685795979325
8665,3.6911685795979325
8666,3.6911685795979325
8667,3.6911685795979325
8668,5.548382130697782
8669,5.548382130697782
8670,3.6911685795979325
8671,3.6911685795979325
8672,3.6911685795979325
8673,3.6911685795979325
8674,3.6911685795979325
8675,3.6911685795979325
8676,3.6911685795979325
8677,3.6911685795979325
8678,3.6911685795979325
8679,3.6911685795979325
8680,3.6911685795979325
8681,3.6911685795979325
8682,3.6911685795979325
8683,3.6911685795979325
8684,3.6911685795979325
8685,3.6911685795979325
8686,3.6911685795979325
8687,3.6911685795979325
8688,3.6911685795979325
8689,3.6911685795979325
8690,3.6911685795979325
8691,3.6911685795979325
8692,3.6911685795979325
8693,3.6911685795979325
8694,3.6911685795979325
8695,3.6911685795979325
8696,3.6911685795979325
8697,3.6911685795979325
8698,3.6911685795979325
8699,0.0
8700,0.0
8701,0.0
8702,0.0
8703,0.0
8704,0.0
8705,0.0
8706,0.0
8707,0.0
8708,0.0
8709,0.0
8710,0.0
8711,0.0
8712,3.6316040755092
8713,3.6316040755092
8714,3.6316040755092
8715,3.6316040755092
8716,3.6316040755092
8717,3.6316040755092
8718,3.6316040755092
8719,3.6316040755092
8720,3.6316040755092
8721,3.6316040755092
8722,3.6316040755092
8723,3.6316040755092
8724,3.6316040755092
8725,3.6316040755092
8726,7.307435572558482
8727,7.307435572558482
8728,7.307435572558482
8729,7.307435572558482
8730,7.307435572558482
8731,7.307435572558482
8732,7.307435572558482
8733,7.307435572558482
8734,7.307435572558482
8735,7.307435572558482
8736,7.307435572558482
8737,7.307435572558482
8738,7.307435572558482
8739,7.307435572558482
8740,7.307435572558482
8741,3.6316040755092
8742,3.6316040755092
8743,3.6316040755092
8744,3.6316040755092
8745,3.6316040755092
8746,3.6316040755092
8747,3.6316040755092
8748,3.6316040755092
8749,3.6316040755092
8750,3.6316040755092
8751,3.6316040755092
8752,3.6316040755092
8753,0.0
8754,0.0
8755,0.0
8756,0.0
8757,0.0
8758,0.0
8759,0.0
8760,0.0
8761,0.0
8762,0.0
8763,3.6724952755044216
8764,3.6724952755044216
8765,3.6724952755044216
8766,3.6724952755044216
8767,3.6724952755044216
8768,3.6724952755044216
8769,7.351416016769779
8770,7.351416016769779
8771,7.351416016769779
8772,7.351416016769779
8773,7.351416016769779
8774,7.351416016769779
8775,7.351416016769779
8776,7.351416016769779
8777,7.351416016769779
8778,7.351416016769779
8779,7.351416016769779
8780,7.351416016769779
8781,7.351416016769779
8782,7.351416016769779
8783,7.351416016769779
8784,7.351416016769779
8785,7.351416016769779
8786,7.351416016769779
8787,7.351416016769779
8788,7.351416016769779
8789,7.351416016769779
8790,7.351416016769779
8791,7.351416016769779
8792,7.351416016769779
8793,7.351416016769779
8794,7.351416016769779
8795,7.351416016769779
8796,7.351416016769779
8797,7.351416016769779
8798,7.351416016769779
8799,7.351416016769779
8800,7.351416016769779
8801,7.351416016769779
8802,7.351416016769779
8803,7.351416016769779
8804,7.351416016769779
8805,7.351416016769779
8806,7.351416016769779
8807,7.351416016769779
8808,7.351416016769779
8809,7.351416016769779
8810,7.351416016769779
8811,7.351416016769779
8812,7.351416016769779
8813,7.351416016769779
8814,7.351416016769779
8815,7.351416016769779
8816,7.351416016769779
8817,7.351416016769779
8818,7.351416016769779
8819,7.351416016769779
8820,7.351416016769779
8821,7.351416016769779
8822,7.351416016769779
8823,7.351416016769779
8824,7.351416016769779
8825,7.351416016769779
8826,7.351416016769779
8827,7.351416016769779
8828,10.224680386209725
8829,7.351416016769779
8830,7.351416016769779
8831,7.351416016769779
8832,7.351416016769779
8833,7.351416016769779
8834,7.351416016769779
8835,7.351416016769779
8836,7.351416016769779
8837,7.351416016769779
8838,11.01505637058024
8839,11.01505637058024
8840,11.01505637058024
8841,11.01505637058024
8842,11.01505637058024
8843,11.01505637058024
8844,11.01505637058024
8845,11.01505637058024
8846,11.01505637058024
8847,11.01505637058024
8848,11.01505637058024
8849,11.01505637058024
8850,11.01505637058024
8851,11.01505637058024
8852,11.01505637058024
8853,11.01505637058024
8854,11.01505637058024
8855,11.01505637058024
8856,11.01505637058024
8857,11.01505637058024
8858,11.01505637058024
8859,11.01505637058024
8860,11.01505637058024
8861,11.01505637058024
8862,14.487574298654845
8863,18.12509956770331
8864,18.12509956770331
8865,18.12509956770331
8866,122.25054303518316
8867,122.25054303518316
8868,122.25054303518316
8869,18.12509956770331
8870,18.12509956770331
8871,18.12509956770331
8872,18.12509956770331
8873,18.12509956770331
8874,14.652581639628703
8875,14.652581639628703
8876,14.652581639628703
8877,14.652581639628703
8878,14.652581639628703
8879,14.652581639628703
8880,14.652581639628703
8881,14.652581639628703
8882,14.652581639628703
8883,109.71459380739829
8884,109.71459380739829
8885,10.980086364124281
8886,10.980086364124281
8887,10.980086364124281
8888,10.980086364124281
8889,10.980086364124281
8890,10.980086364124281
8891,7.342561095075817
8892,7.342561095075817
8893,7.342561095075817
8894,7.342561095075817
8895,7.342561095075817
8896,7.342561095075817
8897,7.342561095075817
8898,7.342561095075817
8899,7.342561095075817
8900,7.342561095075817
8901,7.342561095075817
8902,7.342561095075817
8903,7.342561095075817
8904,3.6789207412653573
8905,3.6789207412653573
8906,3.6789207412653573
8907,3.6789207412653573
8908,3.6789207412653573
8909,3.6789207412653573
8910,3.6789207412653573
8911,3.6789207412653573
8912,3.6789207412653573
8913,3.6789207412653573
8914,7.334918563253399
8915,7.334918563253399
8916,7.334918563253399
8917,7.334918563253399
8918,7.334918563253399
8919,7.334918563253399
8920,7.334918563253399
8921,7.334918563253399
8922,7.334918563253399
8923,7.334918563253399
8924,7.334918563253399
8925,7.334918563253399
8926,7.334918563253399
8927,7.334918563253399
8928,7.334918563253399
8929,7.334918563253399
8930,7.334918563253399
8931,7.334918563253399
8932,7.334918563253399
8933,7.334918563253399
8934,7.334918563253399
8935,3.6559978219880414
8936,3.6559978219880414
8937,3.6559978219880414
8938,3.6559978219880414
8939,3.6559978219880414
8940,7.3119531007132235
8941,7.3119531007132235
8942,7.3119531007132235
8943,7.3119531007132235
8944,7.3119531007132235
8945,7.3119531007132235
8946,11.01087766388402
8947,11.01087766388402
8948,11.01087766388402
8949,11.01087766388402
8950,11.01087766388402
8951,11.01087766388402
8952,11.01087766388402
8953,11.01087766388402
8954,11.01087766388402
8955,11.01087766388402
8956,11.01087766388402
8957,11.01087766388402
8958,11.01087766388402
8959,11.01087766388402
8960,11.01087766388402
8961,11.01087766388402
8962,11.01087766388402
8963,11.01087766388402
8964,11.01087766388402
8965,11.01087766388402
8966,11.01087766388402
8967,11.01087766388402
8968,25.382346811177186
8969,25.382346811177186
8970,21.726391532452002
8971,21.726391532452002
8972,18.07039371046396
8973,18.07039371046396
8974,18.07039371046396
8975,18.07039371046396
8976,102.45376923139307
8977,102.45376923139307
8978,18.07039371046396
8979,18.07039371046396
8980,14.589539664413781
8981,14.589539664413781
8982,14.589539664413781
8983,14.589539664413781
8984,14.589539664413781
8985,3.698924563170796
8986,3.698924563170796
8987,3.698924563170796
8988,3.698924563170796
8989,3.698924563170796
8990,3.698924563170796
8991,3.698924563170796
8992,7.398647026902865
8993,7.398647026902865
8994,7.398647026902865
8995,3.698924563170796
8996,3.698924563170796
8997,3.698924563170796
8998,3.698924563170796
8999,3.698924563170796
9000,3.698924563170796
9001,3.698924563170796
9002,3.698924563170796
9003,3.698924563170796
9004,7.3798584908955505
9005,7.3798584908955505
9006,7.3798584908955505
9007,7.3798584908955505
9008,7.3798584908955505
9009,7.3798584908955505
9010,7.3798584908955505
9011,7.3798584908955505
9012,7.3798584908955505
9013,7.3798584908955505
9014,7.3798584908955505
9015,7.3798584908955505
9016,7.3798584908955505
9017,7.3798584908955505
9018,7.3798584908955505
9019,7.3798584908955505
9020,7.3798584908955505
9021,7.3798584908955505
9022,7.3798584908955505
9023,7.3798584908955505
9024,7.3798584908955505
9025,7.3798584908955505
9026,7.3798584908955505
9027,7.3798584908955505
9028,7.3798584908955505
9029,7.3798584908955505
9030,7.3798584908955505
9031,7.3798584908955505
9032,7.3798584908955505
9033,7.3798584908955505
9034,7.3798584908955505
9035,7.3798584908955505
9036,7.3798584908955505
9037,7.3798584908955505
9038,7.3798584908955505
9039,7.3798584908955505
9040,7.3798584908955505
9041,7.3798584908955505
9042,7.3798584908955505
9043,7.3798584908955505
9044,7.3798584908955505
9045,7.3798584908955505
9046,7.3798584908955505
9047,7.3798584908955505
9048,7.3798584908955505
9049,11.079858490895552
9050,11.079858490895552
9051,11.079858490895552
9052,11.079858490895552
9053,11.079858490895552
9054,11.079858490895552
9055,21.70464048544865
9056,21.70464048544865
9057,21.70464048544865
9058,21.70464048544865
9059,21.70464048544865
9060,21.70464048544865
9061,21.70464048544865
9062,21.70464048544865
9063,21.70464048544865
9064,25.402533298803345
9065,25.402533298803345
9066,116.2754807968692
9067,116.2754807968692
9068,25.402533298803345
9069,25.402533298803345
9070,25.402533298803345
9071,25.402533298803345
9072,21.70360873563255
9073,21.70360873563255
9074,21.70360873563255
9075,21.70360873563255
9076,21.70360873563255
9077,18.022674807907794
9078,18.022674807907794
9079,14.722362213042734
9080,18.42119422173725
9081,21.848049291642102
9082,107.25008715373089
9083,21.848049291642102
9084,21.848049291642102
9085,21.848049291642102
9086,21.848049291642102
9087,25.51077696003056
9088,29.154175550926336
9089,25.727320481021483
9090,25.727320481021483
9091,25.727320481021483
9092,25.727320481021483
9093,36.19780768366827
9094,39.868745643775355
9095,39.868745643775355
9096,39.868745643775355
9097,39.868745643775355
9098,39.868745643775355
9099,39.868745643775355
9100,133.12388094423133
9101,133.12388094423133
9102,50.808792358189116
9103,50.808792358189116
9104,50.808792358189116
9105,50.808792358189116
9106,47.10879235818911
9107,47.10879235818911
9108,50.78740493005426
9109,50.78740493005426
9110,40.31691772740747
9111,40.31691772740747
9112,82.19617583852151
9113,40.31691772740747
9114,40.31691772740747
9115,130.53386044574128
9116,130.53386044574128
9117,72.48101130573193
9118,72.48101130573193
9119,72.48101130573193
9120,72.48101130573193
9121,75.99575265020542
9122,75.99575265020542
9123,79.69055329114806
9124,79.69055329114806
9125,79.87388213619602
9126,79.87388213619602
9127,68.93383542178225
9128,68.93383542178225
9129,58.729241998957164
9130,58.729241998957164
9131,58.729241998957164
9132,58.729241998957164
9133,69.49339976833781
9134,69.49339976833781
9135,76.70540323323986
9136,76.75873172817535
9137,76.75873172817535
9138,76.75873172817535
9139,76.75873172817535
9140,76.75873172817535
9141,76.75873172817535
9142,73.07808434552109
9143,73.07808434552109
9144,73.07808434552109
9145,73.07808434552109
9146,73.07808434552109
9147,73.07808434552109
9148,73.07808434552109
9149,73.07808434552109
9150,76.76369870662232
9151,73.09276074651524
9152,73.11116967275585
9153,73.11116967275585
9154,62.34701190337521
9155,62.34701190337521
9156,51.380513350894375
9157,62.21576201997375
9158,54.96407879368471
9159,54.96407879368471
9160,54.96407879368471
9161,58.63356447047807
9162,58.63356447047807
9163,58.63356447047807
9164,58.59592442792456
9165,58.59592442792456
9166,58.59592442792456
9167,58.59592442792456
9168,69.4657469967046
9169,69.4657469967046
9170,80.09788472515156
9171,80.09788472515156
9172,79.73976087528023
9173,79.73976087528023
9174,76.43236014353288
9175,76.43236014353288
9176,76.42898562180079
9177,76.42898562180079
9178,72.76625795341232
9179,72.76625795341232
9180,72.76625795341232
9181,195.5165574901473
9182,195.5165574901473
9183,76.43738562279012
9184,76.43738562279012
9185,80.13299283914316
9186,80.13299283914316
9187,72.85904905600358
9188,69.16951729711656
9189,69.16951729711656
9190,152.51441703615896
9191,141.88227930771197
9192,149.15925723411195
9193,69.50926414027258
9194,69.50926414027258
9195,80.0270322313048
9196,73.18719195338873
9197,73.18719195338873
9198,76.88689292053942
9199,87.12071095728882
9200,76.88689292053942
9201,76.88689292053942
9202,76.88689292053942
9203,76.88689292053942
9204,76.88689292053942
9205,76.88689292053942
9206,76.88689292053942
9207,76.94738328100796
9208,76.94738328100796
9209,84.26098292865754
9210,84.24567402524734
9211,84.24567402524734
9212,84.24567402524734
9213,84.24567402524734
9214,98.45181332984478
9215,98.45181332984478
9216,98.45181332984478
9217,98.45181332984478
9218,98.45181332984478
9219,98.45181332984478
9220,98.45181332984478
9221,180.84924025112758
9222,162.66656970381058
9223,80.26914278252778
9224,80.26914278252778
9225,72.91209772186556
9226,72.91209772186556
9227,79.92652398336274
9228,79.92652398336274
9229,79.92652398336274
9230,87.0555859609668
9231,87.0555859609668
9232,90.70364548532119
9233,90.70364548532119
9234,90.70364548532119
9235,83.85540194465526
9236,83.85540194465526
9237,83.85540194465526
9238,83.85540194465526
9239,83.85540194465526
9240,80.16049529945222
9241,187.7753821983802
9242,184.10589652158686
9243,180.45783699723248
9244,176.82097083313224
9245,176.82097083313224
9246,72.8812544853944
9247,76.57165773524022
9248,76.57165773524022
9249,87.16145002851545
9250,87.16145002851545
9251,87.16145002851545
9252,97.5548111868786
9253,93.9101393406306
9254,93.9101393406306
9255,93.9101393406306
9256,104.17713983120845
9257,94.85135120983895
9258,93.23198495762436
9259,93.23198495762436
9260,82.83862379926121
9261,75.6222916474494
9262,75.6222916474494
9263,75.6222916474494
9264,75.6222916474494
9265,65.35529115687154
9266,65.35529115687154
9267,65.35529115687154
9268,65.35529115687154
9269,58.243402262109804
9270,54.572274592732015
9271,50.95174230690956
9272,54.6426874924694
9273,65.5534772726802
9274,65.5534772726802
9275,65.5534772726802
9276,65.5534772726802
9277,65.73165238280228
9278,65.73165238280228
9279,65.73165238280228
9280,65.73165238280228
9281,65.73165238280228
9282,65.74930074874433
9283,65.74930074874433
9284,65.74930074874433
9285,65.74930074874433
9286,69.42972012245752
9287,69.42972012245752
9288,69.42972012245752
9289,69.42972012245752
9290,69.42972012245752
9291,58.78253230188862
9292,58.78253230188862
9293,58.78253230188862
9294,58.78253230188862
9295,58.78253230188862
9296,55.09947868491238
9297,55.09947868491238
9298,55.09947868491238
9299,58.77083850354836
9300,58.77083850354836
9301,66.09041912983517
9302,55.17962934962438
9303,55.17962934962438
9304,55.17962934962438
9305,55.17962934962438
9306,55.17962934962438
9307,55.17962934962438
9308,55.17962934962438
9309,55.17962934962438
9310,55.17962934962438
9311,44.17962934962438
9312,47.875173342146525
9313,47.875173342146525
9314,44.175472374995834
9315,44.175472374995834
9316,44.175472374995834
9317,44.175472374995834
9318,44.175472374995834
9319,44.175472374995834
9320,44.175472374995834
9321,44.175472374995834
9322,40.47547237499583
9323,40.47547237499583
9324,40.47547237499583
9325,40.47547237499583
9326,36.82599321200156
9327,40.508817298019224
9328,40.508817298019224
9329,36.853935506346645
9330,36.853935506346645
9331,36.849107164127
9332,40.34435431488488
9333,40.34435431488488
9334,51.31483746525731
9335,51.31483746525731
9336,51.31483746525731
9337,51.31483746525731
9338,51.31483746525731
9339,51.31483746525731
9340,51.31483746525731
9341,51.31483746525731
9342,47.819590314499436
9343,47.819590314499436
9344,47.819590314499436
9345,153.04397124858747
9346,149.35356799874165
9347,44.12918706465361
9348,44.12918706465361
9349,44.12918706465361
9350,44.12918706465361
9351,44.098180682779
9352,44.098180682779
9353,44.098180682779
9354,273.0082686647421
9355,161.49241928151193
9356,161.49241928151193
9357,165.18639011125384
9358,47.79215151252094
9359,47.79215151252094
9360,47.79215151252094
9361,47.79215151252094
9362,47.79215151252094
9363,47.79215151252094
9364,47.79215151252094
9365,58.624727572624614
9366,58.624727572624614
9367,58.624727572624614
9368,58.624727572624614
9369,58.624727572624614
9370,65.71797489522959
9371,62.02236767887657
9372,62.02236767887657
9373,62.02236767887657
9374,51.05188452850413
9375,51.05188452850413
9376,51.05188452850413
9377,40.219308468400456
9378,40.219308468400456
9379,40.219308468400456
9380,40.219308468400456
9381,40.219308468400456
9382,40.219308468400456
9383,40.219308468400456
9384,40.219308468400456
9385,40.219308468400456
9386,40.219308468400456
9387,40.219308468400456
9388,40.219308468400456
9389,40.219308468400456
9390,36.54413791721029
9391,36.54413791721029
9392,36.54413791721029
9393,36.54413791721029
9394,32.84944224942096
9395,32.84944224942096
9396,32.84944224942096
9397,32.84944224942096
9398,32.84944224942096
9399,32.84944224942096
9400,32.84944224942096
9401,32.84944224942096
9402,43.40031642222398
9403,43.40031642222398
9404,43.40031642222398
9405,43.40031642222398
9406,39.71749233620631
9407,39.71749233620631
9408,39.71749233620631
9409,39.71749233620631
9410,39.71749233620631
9411,36.02352150646438
9412,39.65050534953085
9413,28.861714034403718
9414,25.18470076806429
9415,25.18470076806429
9416,10.973887791576033
9417,11.000208507857813
9418,14.657986019327014
9419,14.657986019327014
9420,18.28499401032335
9421,18.28499401032335
9422,18.28499401032335
9423,28.604592667995007
9424,28.604592667995007
9425,28.604592667995007
9426,28.604592667995007
9427,28.604592667995007
9428,28.604592667995007
9429,28.604592667995007
9430,24.929048538121428
9431,24.929048538121428
9432,24.929048538121428
9433,24.929048538121428
9434,24.929048538121428
9435,14.609449880449768
9436,25.426088566447074
9437,25.426088566447074
9438,25.426088566447074
9439,25.426088566447074
9440,21.7991047233806
9441,21.7991047233806
9442,21.7991047233806
9443,18.10142418846284
9444,21.78916282010003
9445,21.78916282010003
9446,21.78916282010003
9447,21.78916282010003
9448,32.676494141931286
9449,29.049486150934953
9450,144.70111324655065
9451,144.70111324655065
9452,29.049486150934953
9453,29.049486150934953
9454,29.049486150934953
9455,32.74574617434255
9456,32.74574617434255
9457,32.74574617434255
9458,32.74574617434255
9459,32.74574617434255
9460,32.74574617434255
9461,32.74574617434255
9462,32.74574617434255
9463,32.74574617434255
9464,32.74574617434255
9465,32.74574617434255
9466,36.43428823785938
9467,32.776510726390185
9468,32.776510726390185
9469,32.776510726390185
9470,32.776510726390185
9471,21.959872040392877
9472,25.63150854978846
9473,25.63150854978846
9474,36.428054112125345
9475,36.428054112125345
9476,25.540722790294094
9477,25.540722790294094
9478,25.540722790294094
9479,25.540722790294094
9480,29.240722790294093
9481,29.240722790294093
9482,32.8969423629635
9483,36.56941487359775
9484,36.56941487359775
9485,36.56941487359775
9486,36.56941487359775
9487,36.56941487359775
9488,36.56941487359775
9489,36.56941487359775
9490,36.56941487359775
9491,36.56941487359775
9492,36.56941487359775
9493,36.56941487359775
9494,36.56941487359775
9495,36.56941487359775
9496,36.56941487359775
9497,36.56941487359775
9498,36.56941487359775
9499,36.56941487359775
9500,36.56941487359775
9501,36.56941487359775
9502,36.56941487359775
9503,36.56941487359775
9504,36.56941487359775
9505,36.54467423579586
9506,36.54467423579586
9507,36.54467423579586
9508,36.54467423579586
9509,47.25424781119598
9510,47.25424781119598
9511,47.25424781119598
9512,50.953893732404865
9513,50.953893732404865
9514,50.953893732404865
9515,50.953893732404865
9516,50.953893732404865
9517,50.953893732404865
9518,61.7228298948022
9519,61.7228298948022
9520,65.41123603392985
9521,61.75501646126044
9522,61.75501646126044
9523,61.75501646126044
9524,61.75501646126044
9525,61.75501646126044
9526,61.75501646126044
9527,50.958470898923544
9528,50.958470898923544
9529,50.958470898923544
9530,50.958470898923544
9531,54.56669701178307
9532,43.85712343638295
9533,43.85712343638295
9534,43.85712343638295
9535,43.85712343638295
9536,43.85712343638295
9537,43.85712343638295
9538,43.85712343638295
9539,43.85712343638295
9540,43.85712343638295
9541,43.85712343638295
9542,33.088187273985604
9543,33.088187273985604
9544,33.088187273985604
9545,33.088187273985604
9546,33.088187273985604
9547,43.42116356481496
9548,43.42116356481496
9549,43.42116356481496
9550,33.088187273985604
9551,33.088187273985604
9552,29.479961161126077
9553,29.479961161126077
9554,29.479961161126077
9555,33.17655147802391
9556,33.17655147802391
9557,33.17655147802391
9558,136.46610196842926
9559,136.46610196842926
9560,136.46610196842926
9561,136.46610196842926
9562,136.46610196842926
9563,29.488009414507076
9564,29.488009414507076
9565,29.488009414507076
9566,29.488009414507076
9567,40.46923658597566
9568,40.46923658597566
9569,40.46923658597566
9570,44.15980317212995
9571,58.320739316855516
9572,58.320739316855516
9573,58.320739316855516
9574,58.320739316855516
9575,58.320739316855516
9576,58.320739316855516
9577,62.00583425982289
9578,65.68774596271942
9579,65.68774596271942
9580,65.68774596271942
9581,65.68774596271942
9582,65.68774596271942
9583,62.016281517543035
9584,62.016281517543035
9585,62.016281517543035
9586,62.016281517543035
9587,65.68865678542497
9588,65.68865678542497
9589,65.68865678542497
9590,65.68865678542497
9591,90.98201462342622
9592,90.98201462342622
9593,76.81504228088036
9594,73.11504228088036
9595,73.11504228088036
9596,73.11504228088036
9597,73.11504228088036
9598,83.98251898165613
9599,83.98251898165613
9600,83.98251898165613
9601,169.08796352036202
9602,169.08796352036202
9603,172.7599435956309
9604,87.65519107817545
9605,87.65519107817545
9606,83.9827185675412
9607,83.9827185675412
9608,87.64552188747955
9609,87.64552188747955
9610,91.33223221638814
9611,101.32051729801536
9612,101.32051729801536
9613,122.49213890678053
9614,91.33223221638814
9615,94.98067399819189
9616,94.98067399819189
9617,94.98067399819189
9618,94.98067399819189
9619,94.98067399819189
9620,94.98067399819189
9621,84.19521282232216
9622,84.19521282232216
9623,84.19521282232216
9624,66.02662518239927
9625,76.76320724969324
9626,87.67018603443606
9627,91.34999459934505
9628,91.34999459934505
9629,91.34999459934505
9630,90.70456546926263
9631,94.39209311377397
9632,202.90139541092216
9633,202.90139541092216
9634,94.39209311377397
9635,91.56006406848083
9636,91.56006406848083
9637,91.56006406848083
9638,95.23715056509445
9639,95.23715056509445
9640,95.23715056509445
9641,98.92630478094758
9642,98.92630478094758
9643,109.67277564074789
9644,109.67277564074789
9645,116.56172716126392
9646,120.24766214928783
9647,123.94638125621546
9648,123.94638125621546
9649,123.94638125621546
9650,134.94202441152748
9651,131.26964914364555
9652,131.26964914364555
9653,133.5108019952568
9654,131.26964914364555
9655,131.26964914364555
9656,131.26473982287618
9657,127.61629804107244
9658,116.87971597377847
9659,116.87971597377847
9660,116.87971597377847
9661,113.18328388615168
9662,105.78704764804496
9663,105.78704764804496
9664,105.78704764804496
9665,105.78704764804496
9666,105.78704764804496
9667,91.37777346830632
9668,91.37777346830632
9669,80.80744377244073
9670,84.48721169112096
9671,80.79868762510246
9672,77.10812103894817
9673,77.10812103894817
9674,66.20114225420532
9675,66.20114225420532
9676,55.20549909889333
9677,58.81225529779757
9678,58.762680784400985
9679,62.44468987367571
9680,73.25630868868
9681,171.2216237508703
9682,182.1243721089194
9683,182.08899591706003
9684,84.12368085486976
9685,98.64796803624931
9686,98.64796803624931
9687,109.54383904112565
9688,105.9370828422214
9689,105.9370828422214
9690,105.9370828422214
9691,109.60025693060592
9692,109.60025693060592
9693,109.60025693060592
9694,109.60025693060592
9695,109.60025693060592
9696,113.29449843605899
9697,113.29449843605899
9698,124.1224648533083
9699,124.1224648533083
9700,124.1224648533083
9701,124.1224648533083
9702,124.1224648533083
9703,127.80549516830179
9704,127.80549516830179
9705,120.45586076253578
9706,113.29210426654434
9707,113.29210426654434
9708,113.29210426654434
9709,113.29210426654434
9710,98.73473200534269
9711,102.4300813127699
9712,113.42464638215914
9713,113.42464638215914
9714,124.42765535851296
9715,128.12290121748825
9716,128.12290121748825
9717,128.12290121748825
9718,124.4369662294643
9719,124.4369662294643
9720,120.76498615419544
9721,117.0829770649207
9722,120.76742338816842
9723,120.76742338816842
9724,127.77393832478637
9725,153.0504009802167
9726,156.7440652260023
9727,156.7440652260023
9728,167.630610460738
9729,167.630610460738
9730,163.99827327123808
9731,178.60804180333037
9732,174.95598932808474
9733,298.9660497845624
9734,295.2862818658822
9735,182.08511236107813
9736,171.2571459438288
9737,174.92212231297532
9738,160.44997281258293
9739,238.80039761836815
9740,330.253003502253
9741,319.253003502253
9742,233.4811550954727
9743,123.97701453477201
9744,123.97701453477201
9745,127.58906128355501
9746,123.88906128355501
9747,112.03285958395212
9748,115.45637704334484
9749,119.14450435216337
9750,113.00634269722732
9751,113.00634269722732
9752,113.00634269722732
9753,102.0727257106035
9754,105.75868777144078
9755,102.10653631878881
9756,105.804657785326
9757,105.804657785326
9758,105.804657785326
9759,226.8499307934236
9760,226.8499307934236
9761,226.8499307934236
9762,223.1192476878148
9763,223.1192476878148
9764,105.7729268634857
9765,105.7729268634857
9766,105.7729268634857
9767,105.7729268634857
9768,105.7729268634857
9769,102.16088011470269
9770,113.09242344752919
9771,102.55193967754862
9772,102.55193967754862
9773,106.19504630057723
9774,95.31856061972617
9775,95.31856061972617
9776,95.31856061972617
9777,95.31856061972617
9778,95.31856061972617
9779,88.10819102230575
9780,95.45881730911593
9781,95.28536503242009
9782,95.28536503242009
9783,95.28536503242009
9784,95.28536503242009
9785,95.28536503242009
9786,98.90896289788311
9787,102.58849610770771
9788,102.58849610770771
9789,102.54677866569381
9790,102.54677866569381
9791,102.54677866569381
9792,98.8514293582666
9793,98.8514293582666
9794,98.8514293582666
9795,98.8514293582666
9796,95.18645298912008
9797,91.5069385120515
9798,91.5069385120515
9799,91.5069385120515
9800,91.5069385120515
9801,77.13845932494691
9802,77.13845932494691
9803,77.13845932494691
9804,77.13845932494691
9805,77.13845932494691
9806,80.81903811854534
9807,80.81903811854534
9808,80.81903811854534
9809,77.12711347745955
9810,77.12711347745955
9811,73.45096193199103
9812,77.1269557906763
9813,77.1269557906763
9814,77.1269557906763
9815,77.1269557906763
9816,80.80886020183551
9817,80.80886020183551
9818,80.80886020183551
9819,80.80886020183551
9820,69.87731686900904
9821,80.66920538371471
9822,84.1985810227746
9823,84.1985810227746
9824,84.1985810227746
9825,95.10069345182794
9826,95.10069345182794
9827,91.45042472307513
9828,84.10332885555982
9829,84.10332885555982
9830,84.10332885555982
9831,84.10332885555982
9832,84.10332885555982
9833,76.93084659347132
9834,76.93084659347132
9835,73.23189440970282
9836,73.23189440970282
9837,69.54744808645509
9838,69.54744808645509
9839,58.75555957174941
9840,55.07602636192481
9841,58.776026361924814
9842,58.776026361924814
9843,58.776026361924814
9844,58.776026361924814
9845,58.776026361924814
9846,58.776026361924814
9847,58.776026361924814
9848,55.134713488945216
9849,55.134713488945216
9850,55.134713488945216
9851,55.134713488945216
9852,65.94050837418997
9853,65.94050837418997
9854,62.28279543274206
9855,62.28279543274206
9856,62.28279543274206
9857,62.28279543274206
9858,62.28279543274206
9859,62.28279543274206
9860,62.28279543274206
9861,62.28279543274206
9862,62.28279543274206
9863,62.28279543274206
9864,62.28279543274206
9865,61.98211207409042
9866,61.98211207409042
9867,61.98211207409042
9868,61.98211207409042
9869,61.98211207409042
9870,61.98211207409042
9871,61.98211207409042
9872,65.67222160885218
9873,65.67222160885218
9874,65.67222160885218
9875,62.2910005563446
9876,58.5910005563446
9877,47.785205671099845
9878,47.785205671099845
9879,51.37334478991493
9880,51.37334478991493
9881,51.37334478991493
9882,51.37334478991493
9883,51.37334478991493
9884,51.37334478991493
9885,51.37334478991493
9886,51.37334478991493
9887,51.37334478991493
9888,55.07206002519701
9889,58.739377624758106
9890,58.739377624758106
9891,47.83726519570477
9892,47.83726519570477
9893,40.55696288468273
9894,40.55696288468273
9895,40.55696288468273
9896,40.55696288468273
9897,36.85884141814554
9898,36.85884141814554
9899,40.534358733811374
9900,40.534358733811374
9901,40.534358733811374
9902,36.85836487512609
9903,36.85836487512609
9904,36.85836487512609
9905,33.164700629340516
9906,33.164700629340516
9907,33.164700629340516
9908,33.164700629340516
9909,33.164700629340516
9910,33.164700629340516
9911,33.164700629340516
9912,36.70266484111082
9913,36.70266484111082
9914,36.70266484111082
9915,36.70266484111082
9916,36.70266484111082
9917,40.37381666348443
9918,40.37381666348443
9919,40.37381666348443
9920,40.37381666348443
9921,36.83585245171413
9922,33.15967681439886
9923,33.15967681439886
9924,33.15967681439886
9925,33.15967681439886
9926,33.15967681439886
9927,33.15967681439886
9928,33.15967681439886
9929,29.47909802080042
9930,29.47909802080042
9931,29.47909802080042
9932,33.174043800109715
9933,33.174043800109715
9934,33.174043800109715
9935,33.174043800109715
9936,33.174043800109715
9937,33.174043800109715
9938,33.174043800109715
9939,29.478797941134456
9940,29.478797941134456
9941,29.478797941134456
9942,139.16383114292026
9943,139.16383114292026
9944,149.69024991036193
9945,149.69024991036193
9946,40.005216708576135
9947,40.005216708576135
9948,40.005216708576135
9949,40.005216708576135
9950,40.005216708576135
9951,40.005216708576135
9952,40.005216708576135
9953,40.005216708576135
9954,40.005216708576135
9955,40.005216708576135
9956,40.005216708576135
9957,29.478797941134456
9958,29.478797941134456
9959,29.478797941134456
9960,29.478797941134456
9961,40.415841217994554
9962,40.415841217994554
9963,40.415841217994554
9964,40.415841217994554
9965,40.415841217994554
9966,40.415841217994554
9967,40.415841217994554
9968,40.415841217994554
9969,40.415841217994554
9970,40.415841217994554
9971,40.415841217994554
9972,40.415841217994554
9973,40.415841217994554
9974,40.415841217994554
9975,40.415841217994554
9976,40.415841217994554
9977,40.415841217994554
9978,40.415841217994554
9979,40.415841217994554
9980,36.725731683232794
9981,33.05841408367169
9982,33.05841408367169
9983,33.05841408367169
9984,33.05841408367169
9985,33.05841408367169
9986,33.05841408367169
9987,33.05841408367169
9988,29.370286774853174
9989,29.370286774853174
9990,29.370286774853174
9991,29.370286774853174
9992,29.370286774853174
9993,29.370286774853174
9994,29.370286774853174
9995,25.694769459187338
9996,25.694769459187338
9997,25.694769459187338
9998,25.694769459187338
9999,25.694769459187338
10000,25.694769459187338
10001,25.694769459187338
10002,25.694769459187338
10003,25.694769459187338
10004,25.694769459187338
10005,25.694769459187338
10006,25.694769459187338
10007,25.694769459187338
10008,25.694769459187338
10009,25.694769459187338
10010,25.694769459187338
10011,25.694769459187338
10012,25.694769459187338
10013,25.694769459187338
10014,25.694769459187338
10015,25.694769459187338
10016,25.694769459187338
10017,25.694769459187338
10018,14.75772618232724
10019,14.75772618232724
10020,18.45772618232724
10021,18.45772618232724
10022,18.45772618232724
10023,14.75901094704517
10024,14.75901094704517
10025,11.08785912467155
10026,3.7
10027,3.7
10028,3.7
10029,3.7
10030,7.4
10031,7.4
10032,7.4
10033,7.4
10034,7.4
10035,7.4
10036,7.4
10037,7.4
10038,7.4
10039,7.4
10040,7.4
10041,7.4
10042,7.4
10043,3.7
10044,3.7
10045,3.7
10046,3.7
10047,3.7
10048,3.7
10049,3.7
10050,3.7
10051,3.7
10052,3.7
10053,3.7
10054,3.7
10055,3.7
10056,3.7
10057,3.7
10058,3.7
10059,3.7
10060,3.7
10061,3.7
10062,3.7
10063,3.7
10064,3.7
10065,3.7
10066,3.7
10067,3.7
10068,3.7
10069,3.7
10070,14.7
10071,14.7
10072,14.7
10073,14.7
10074,14.7
10075,14.7
10076,14.7
10077,18.4
10078,18.4
10079,0.0
