,0
0,54.8566837310791
1,43.91830348968506
2,32.932034492492676
3,32.932034492492676
4,32.932034492492676
5,32.932034492492676
6,32.932034492492676
7,32.932034492492676
8,32.932034492492676
9,32.932034492492676
10,21.96040439605713
11,21.96040439605713
12,21.96040439605713
13,32.90098857879639
14,32.90098857879639
15,32.90098857879639
16,32.90098857879639
17,32.90098857879639
18,32.90098857879639
19,32.90098857879639
20,32.90098857879639
21,32.90098857879639
22,32.90098857879639
23,32.90098857879639
24,32.90098857879639
25,32.90098857879639
26,32.90098857879639
27,32.90098857879639
28,32.90098857879639
29,32.90098857879639
30,32.90098857879639
31,32.90098857879639
32,32.90098857879639
33,32.90098857879639
34,32.90098857879639
35,32.90098857879639
36,32.90098857879639
37,32.90098857879639
38,32.90098857879639
39,32.90098857879639
40,32.90098857879639
41,32.90098857879639
42,32.90098857879639
43,32.90098857879639
44,32.90098857879639
45,32.90098857879639
46,32.90098857879639
47,32.90098857879639
48,32.90098857879639
49,32.90098857879639
50,32.90098857879639
51,32.90098857879639
52,32.90098857879639
53,32.90098857879639
54,32.90098857879639
55,21.928781509399414
56,21.928781509399414
57,21.928781509399414
58,21.928781509399414
59,21.928781509399414
60,21.928781509399414
61,21.928781509399414
62,21.928781509399414
63,21.928781509399414
64,21.928781509399414
65,21.928781509399414
66,21.928781509399414
67,21.928781509399414
68,21.928781509399414
69,21.928781509399414
70,21.928781509399414
71,21.928781509399414
72,21.928781509399414
73,21.928781509399414
74,21.928781509399414
75,21.928781509399414
76,21.928781509399414
77,21.928781509399414
78,21.928781509399414
79,21.928781509399414
80,21.928781509399414
81,21.928781509399414
82,10.940584182739258
83,10.940584182739258
84,10.940584182739258
85,10.940584182739258
86,10.940584182739258
87,10.940584182739258
88,10.940584182739258
89,10.940584182739258
90,10.940584182739258
91,10.940584182739258
92,10.940584182739258
93,10.940584182739258
94,10.940584182739258
95,10.940584182739258
96,10.940584182739258
97,10.940584182739258
98,10.940584182739258
99,10.940584182739258
100,10.940584182739258
101,10.940584182739258
102,10.940584182739258
103,10.940584182739258
104,10.940584182739258
105,10.940584182739258
106,10.940584182739258
107,10.940584182739258
108,10.940584182739258
109,10.940584182739258
110,10.940584182739258
111,10.940584182739258
112,21.940584182739258
113,21.940584182739258
114,21.940584182739258
115,21.940584182739258
116,21.940584182739258
117,21.940584182739258
118,21.940584182739258
119,21.940584182739258
120,21.940584182739258
121,21.940584182739258
122,21.940584182739258
123,21.940584182739258
124,21.940584182739258
125,21.940584182739258
126,21.940584182739258
127,21.940584182739258
128,21.940584182739258
129,21.940584182739258
130,21.940584182739258
131,21.940584182739258
132,21.940584182739258
133,21.940584182739258
134,21.940584182739258
135,21.940584182739258
136,21.940584182739258
137,21.940584182739258
138,21.940584182739258
139,21.940584182739258
140,21.940584182739258
141,21.940584182739258
142,21.940584182739258
143,21.940584182739258
144,21.940584182739258
145,21.940584182739258
146,21.940584182739258
147,21.940584182739258
148,21.940584182739258
149,21.940584182739258
150,21.940584182739258
151,21.940584182739258
152,21.940584182739258
153,32.929383277893066
154,32.929383277893066
155,32.929383277893066
156,32.929383277893066
157,32.929383277893066
158,32.929383277893066
159,32.929383277893066
160,32.929383277893066
161,32.929383277893066
162,21.98879909515381
163,21.98879909515381
164,21.98879909515381
165,21.98879909515381
166,21.98879909515381
167,21.98879909515381
168,32.893619537353516
169,32.893619537353516
170,32.893619537353516
171,32.893619537353516
172,32.893619537353516
173,32.893619537353516
174,32.893619537353516
175,32.893619537353516
176,32.893619537353516
177,32.893619537353516
178,32.893619537353516
179,32.893619537353516
180,32.893619537353516
181,32.893619537353516
182,32.893619537353516
183,32.893619537353516
184,32.893619537353516
185,32.893619537353516
186,32.893619537353516
187,32.893619537353516
188,32.893619537353516
189,32.893619537353516
190,32.893619537353516
191,32.893619537353516
192,32.893619537353516
193,32.893619537353516
194,32.893619537353516
195,32.893619537353516
196,32.893619537353516
197,32.893619537353516
198,32.893619537353516
199,32.893619537353516
200,32.893619537353516
201,32.893619537353516
202,32.893619537353516
203,32.893619537353516
204,32.893619537353516
205,21.893619537353516
206,21.893619537353516
207,21.893619537353516
208,32.79011821746826
209,32.79011821746826
210,32.79011821746826
211,32.79011821746826
212,32.79011821746826
213,32.79011821746826
214,32.79011821746826
215,32.79011821746826
216,32.79011821746826
217,32.79011821746826
218,32.79011821746826
219,32.79011821746826
220,32.79011821746826
221,32.79011821746826
222,43.69223690032959
223,43.69223690032959
224,43.69223690032959
225,43.69223690032959
226,43.69223690032959
227,43.69223690032959
228,43.69223690032959
229,54.689982414245605
230,54.689982414245605
231,54.689982414245605
232,54.689982414245605
233,54.689982414245605
234,54.689982414245605
235,54.689982414245605
236,54.689982414245605
237,54.689982414245605
238,54.689982414245605
239,54.689982414245605
240,54.689982414245605
241,54.689982414245605
242,54.689982414245605
243,54.689982414245605
244,54.689982414245605
245,54.689982414245605
246,54.689982414245605
247,54.689982414245605
248,54.689982414245605
249,54.689982414245605
250,54.689982414245605
251,54.689982414245605
252,54.689982414245605
253,54.689982414245605
254,54.689982414245605
255,54.689982414245605
256,54.689982414245605
257,54.689982414245605
258,54.689982414245605
259,54.689982414245605
260,54.689982414245605
261,54.689982414245605
262,65.66083335876465
263,65.66083335876465
264,65.66083335876465
265,65.66083335876465
266,65.66083335876465
267,65.66083335876465
268,65.66083335876465
269,65.66083335876465
270,65.66083335876465
271,54.75601291656494
272,54.75601291656494
273,54.75601291656494
274,54.75601291656494
275,54.75601291656494
276,54.75601291656494
277,54.75601291656494
278,54.75601291656494
279,54.75601291656494
280,54.75601291656494
281,54.75601291656494
282,54.75601291656494
283,54.75601291656494
284,54.75601291656494
285,54.75601291656494
286,54.75601291656494
287,54.75601291656494
288,54.75601291656494
289,54.75601291656494
290,54.75601291656494
291,54.75601291656494
292,65.73215866088867
293,65.73215866088867
294,65.73215866088867
295,65.73215866088867
296,65.73215866088867
297,65.73215866088867
298,65.73215866088867
299,65.73215866088867
300,65.73215866088867
301,65.73215866088867
302,65.73215866088867
303,65.73215866088867
304,65.73215866088867
305,54.835659980773926
306,54.835659980773926
307,43.9335412979126
308,43.9335412979126
309,43.9335412979126
310,43.9335412979126
311,43.9335412979126
312,43.9335412979126
313,43.9335412979126
314,43.9335412979126
315,43.9335412979126
316,43.9335412979126
317,43.9335412979126
318,43.9335412979126
319,43.9335412979126
320,43.9335412979126
321,43.9335412979126
322,43.9335412979126
323,43.9335412979126
324,43.9335412979126
325,43.9335412979126
326,43.9335412979126
327,43.9335412979126
328,43.9335412979126
329,43.9335412979126
330,43.9335412979126
331,43.9335412979126
332,43.9335412979126
333,43.9335412979126
334,43.9335412979126
335,43.9335412979126
336,43.9335412979126
337,43.9335412979126
338,43.9335412979126
339,43.9335412979126
340,43.9335412979126
341,43.9335412979126
342,43.9335412979126
343,43.9335412979126
344,43.9335412979126
345,43.9335412979126
346,43.9335412979126
347,43.9335412979126
348,43.9335412979126
349,43.9335412979126
350,43.9335412979126
351,43.9335412979126
352,43.9335412979126
353,43.9335412979126
354,43.9335412979126
355,43.9335412979126
356,43.9335412979126
357,54.23965358734131
358,54.23965358734131
359,54.23965358734131
360,54.23965358734131
361,54.23965358734131
362,54.23965358734131
363,54.23965358734131
364,54.23965358734131
365,54.23965358734131
366,54.23965358734131
367,54.23965358734131
368,54.23965358734131
369,54.23965358734131
370,54.23965358734131
371,43.9335412979126
372,43.9335412979126
373,43.9335412979126
374,43.9335412979126
375,32.93579578399658
376,32.93579578399658
377,32.93579578399658
378,32.93579578399658
379,32.93579578399658
380,32.93579578399658
381,32.93579578399658
382,32.93579578399658
383,32.93579578399658
384,32.93579578399658
385,32.93579578399658
386,32.93579578399658
387,32.93579578399658
388,21.95965003967285
389,21.95965003967285
390,32.91080379486084
391,32.91080379486084
392,32.91080379486084
393,32.91080379486084
394,32.91080379486084
395,32.91080379486084
396,32.91080379486084
397,32.91080379486084
398,32.91080379486084
399,10.951153755187988
400,10.951153755187988
401,10.951153755187988
402,10.951153755187988
403,10.951153755187988
404,10.951153755187988
405,10.951153755187988
406,10.951153755187988
407,10.951153755187988
408,10.951153755187988
409,10.951153755187988
410,21.930485725402832
411,21.930485725402832
412,21.930485725402832
413,21.930485725402832
414,21.930485725402832
415,21.930485725402832
416,21.930485725402832
417,21.930485725402832
418,21.930485725402832
419,21.930485725402832
420,32.909759521484375
421,32.909759521484375
422,32.909759521484375
423,32.909759521484375
424,32.909759521484375
425,32.909759521484375
426,32.909759521484375
427,32.909759521484375
428,32.909759521484375
429,32.909759521484375
430,32.909759521484375
431,32.909759521484375
432,32.909759521484375
433,32.909759521484375
434,32.909759521484375
435,32.909759521484375
436,43.64989185333252
437,43.64989185333252
438,43.64989185333252
439,43.64989185333252
440,43.64989185333252
441,43.64989185333252
442,43.64989185333252
443,43.64989185333252
444,43.64989185333252
445,43.64989185333252
446,43.64989185333252
447,54.624205589294434
448,54.624205589294434
449,54.624205589294434
450,54.624205589294434
451,54.624205589294434
452,54.624205589294434
453,54.624205589294434
454,65.59282302856445
455,65.59282302856445
456,65.59282302856445
457,76.43945789337158
458,76.43945789337158
459,76.43945789337158
460,76.43945789337158
461,76.43945789337158
462,76.43945789337158
463,76.43945789337158
464,76.43945789337158
465,65.69932556152344
466,65.69932556152344
467,65.69932556152344
468,65.69932556152344
469,65.69932556152344
470,65.69932556152344
471,65.69932556152344
472,65.69932556152344
473,65.79592514038086
474,65.79592514038086
475,65.79592514038086
476,65.79592514038086
477,65.79592514038086
478,65.79592514038086
479,65.79592514038086
480,65.79592514038086
481,65.79592514038086
482,65.79592514038086
483,65.79592514038086
484,65.79592514038086
485,65.79592514038086
486,65.79592514038086
487,65.79592514038086
488,76.79592514038086
489,76.79592514038086
490,87.79161643981934
491,87.79161643981934
492,87.79161643981934
493,87.79161643981934
494,87.79161643981934
495,87.79161643981934
496,87.79161643981934
497,87.79161643981934
498,87.79161643981934
499,87.79161643981934
500,87.79161643981934
501,87.79161643981934
502,87.79161643981934
503,76.81730270385742
504,76.81730270385742
505,76.81730270385742
506,65.86614894866943
507,65.86614894866943
508,65.86614894866943
509,65.86614894866943
510,76.80354976654053
511,76.80354976654053
512,76.80354976654053
513,76.80354976654053
514,76.80354976654053
515,76.80354976654053
516,76.80354976654053
517,76.80354976654053
518,76.80354976654053
519,76.80354976654053
520,76.80354976654053
521,76.80354976654053
522,76.80354976654053
523,76.80354976654053
524,76.80354976654053
525,76.80354976654053
526,76.80354976654053
527,76.80354976654053
528,76.80354976654053
529,76.80354976654053
530,76.80354976654053
531,76.80354976654053
532,76.80354976654053
533,76.80354976654053
534,76.80354976654053
535,76.80354976654053
536,76.80354976654053
537,76.80354976654053
538,76.80354976654053
539,76.80354976654053
540,76.80354976654053
541,76.80354976654053
542,76.80354976654053
543,76.80354976654053
544,65.80785846710205
545,65.80785846710205
546,65.80785846710205
547,65.80785846710205
548,65.80785846710205
549,65.80785846710205
550,65.80785846710205
551,65.80785846710205
552,65.80785846710205
553,76.72956943511963
554,87.72956943511963
555,87.72956943511963
556,87.72956943511963
557,87.72956943511963
558,87.72956943511963
559,87.72956943511963
560,87.72956943511963
561,98.72956943511963
562,98.72956943511963
563,98.72956943511963
564,98.72956943511963
565,98.72956943511963
566,109.706862449646
567,109.706862449646
568,109.706862449646
569,98.76362800598145
570,98.76362800598145
571,98.76362800598145
572,98.76362800598145
573,98.76362800598145
574,98.76362800598145
575,98.76362800598145
576,98.76362800598145
577,98.76362800598145
578,109.69721508026123
579,109.69721508026123
580,109.69721508026123
581,98.71788311004639
582,98.71788311004639
583,98.71788311004639
584,98.71788311004639
585,98.71788311004639
586,109.69201183319092
587,109.69201183319092
588,109.69201183319092
589,109.69201183319092
590,109.69201183319092
591,109.69201183319092
592,109.69201183319092
593,109.69201183319092
594,98.77030086517334
595,87.77030086517334
596,87.77030086517334
597,87.77030086517334
598,87.77030086517334
599,76.77030086517334
600,76.77030086517334
601,76.77030086517334
602,76.77030086517334
603,76.77030086517334
604,76.77030086517334
605,76.77030086517334
606,76.77030086517334
607,76.77030086517334
608,76.77030086517334
609,87.64881324768066
610,87.64881324768066
611,87.64881324768066
612,87.64881324768066
613,87.64881324768066
614,87.64881324768066
615,87.64881324768066
616,87.64881324768066
617,87.64881324768066
618,87.64881324768066
619,87.64881324768066
620,98.60309505462646
621,109.57762145996094
622,109.57762145996094
623,120.49689674377441
624,120.49689674377441
625,120.49689674377441
626,120.49689674377441
627,142.49120140075684
628,142.49120140075684
629,142.49120140075684
630,142.49120140075684
631,142.49120140075684
632,142.49120140075684
633,142.49120140075684
634,153.49120140075684
635,153.49120140075684
636,153.49120140075684
637,153.49120140075684
638,153.49120140075684
639,153.49120140075684
640,153.49120140075684
641,153.49120140075684
642,153.49120140075684
643,153.49120140075684
644,153.49120140075684
645,153.49120140075684
646,153.49120140075684
647,153.49120140075684
648,153.49120140075684
649,153.49120140075684
650,153.49120140075684
651,142.55380058288574
652,142.55380058288574
653,142.55380058288574
654,142.55380058288574
655,142.55380058288574
656,142.55380058288574
657,131.5796718597412
658,131.5796718597412
659,120.60039806365967
660,120.60039806365967
661,120.60039806365967
662,131.56922435760498
663,142.56922435760498
664,142.56922435760498
665,142.56922435760498
666,142.56922435760498
667,142.56922435760498
668,142.56922435760498
669,142.56922435760498
670,142.56922435760498
671,142.56922435760498
672,142.56922435760498
673,142.56922435760498
674,142.56922435760498
675,131.56922435760498
676,131.56922435760498
677,131.56922435760498
678,142.56922435760498
679,142.56922435760498
680,142.56922435760498
681,142.56922435760498
682,142.56922435760498
683,142.56922435760498
684,142.56922435760498
685,153.53133392333984
686,153.53133392333984
687,153.53133392333984
688,153.53133392333984
689,153.53133392333984
690,153.53133392333984
691,153.53133392333984
692,142.65282154083252
693,131.71923446655273
694,120.75061702728271
695,120.75061702728271
696,120.75061702728271
697,120.75061702728271
698,120.75061702728271
699,120.75061702728271
700,120.75061702728271
701,120.75061702728271
702,120.75061702728271
703,120.75061702728271
704,120.75061702728271
705,109.83134174346924
706,109.83134174346924
707,109.83134174346924
708,109.83134174346924
709,109.83134174346924
710,109.83134174346924
711,109.83134174346924
712,109.83134174346924
713,109.83134174346924
714,109.83134174346924
715,109.83134174346924
716,109.83134174346924
717,120.76580047607422
718,120.76580047607422
719,120.76580047607422
720,109.76580047607422
721,109.76580047607422
722,109.76580047607422
723,109.76580047607422
724,109.76580047607422
725,109.76580047607422
726,109.76580047607422
727,109.76580047607422
728,109.76580047607422
729,109.76580047607422
730,109.76580047607422
731,109.76580047607422
732,109.76580047607422
733,98.78850746154785
734,98.78850746154785
735,98.78850746154785
736,98.78850746154785
737,87.78850746154785
738,87.78850746154785
739,87.78850746154785
740,87.78850746154785
741,87.78850746154785
742,87.78850746154785
743,87.78850746154785
744,87.78850746154785
745,87.78850746154785
746,87.78850746154785
747,87.7134017944336
748,87.7134017944336
749,87.71438407897949
750,87.71438407897949
751,87.71438407897949
752,76.71438407897949
753,76.71438407897949
754,87.71438407897949
755,87.71438407897949
756,87.71438407897949
757,98.71326351165771
758,98.71326351165771
759,109.45637130737305
760,109.45637130737305
761,109.45637130737305
762,120.43345069885254
763,130.2652759552002
764,130.2652759552002
765,119.29644966125488
766,119.29644966125488
767,130.24379920959473
768,130.24379920959473
769,120.41197395324707
770,120.41197395324707
771,109.41766929626465
772,120.35454559326172
773,120.35454559326172
774,120.35454559326172
775,142.21233749389648
776,142.21233749389648
777,142.21233749389648
778,153.21233749389648
779,153.21233749389648
780,164.17097854614258
781,164.17097854614258
782,164.17097854614258
783,164.17097854614258
784,164.17097854614258
785,164.17097854614258
786,175.17097854614258
787,186.1634874343872
788,186.1634874343872
789,175.28431129455566
790,175.28431129455566
791,175.28431129455566
792,175.28431129455566
793,175.28431129455566
794,175.28431129455566
795,175.28431129455566
796,175.28431129455566
797,175.28431129455566
798,175.28431129455566
799,175.28431129455566
800,175.28431129455566
801,164.54120349884033
802,164.54120349884033
803,164.54120349884033
804,164.54120349884033
805,164.54120349884033
806,164.54120349884033
807,164.54120349884033
808,164.54120349884033
809,164.54120349884033
810,175.47373962402344
811,175.47373962402344
812,175.47373962402344
813,186.33858966827393
814,186.33858966827393
815,186.33858966827393
816,186.33858966827393
817,186.33858966827393
818,186.33858966827393
819,175.40413093566895
820,175.40413093566895
821,164.40413093566895
822,164.40413093566895
823,153.46725463867188
824,153.46725463867188
825,142.505145072937
826,142.505145072937
827,142.505145072937
828,142.505145072937
829,142.505145072937
830,142.505145072937
831,142.505145072937
832,142.505145072937
833,142.505145072937
834,142.505145072937
835,150.99542236328125
836,150.99542236328125
837,150.99542236328125
838,150.99542236328125
839,153.4433889389038
840,153.4433889389038
841,164.54442596435547
842,164.54442596435547
843,164.54442596435547
844,153.54442596435547
845,153.54442596435547
846,153.54442596435547
847,153.54442596435547
848,153.54442596435547
849,164.52549171447754
850,164.52549171447754
851,164.52549171447754
852,186.4810905456543
853,186.4810905456543
854,186.4810905456543
855,186.4810905456543
856,186.4810905456543
857,208.39996337890625
858,208.39996337890625
859,208.39996337890625
860,208.39996337890625
861,208.39996337890625
862,208.39996337890625
863,208.40825271606445
864,208.40825271606445
865,208.40825271606445
866,208.40825271606445
867,208.40825271606445
868,208.40825271606445
869,208.40825271606445
870,197.40937328338623
871,208.360426902771
872,208.360426902771
873,219.26388263702393
874,219.26388263702393
875,219.26388263702393
876,229.8282289505005
877,229.8282289505005
878,229.8282289505005
879,218.85272026062012
880,218.85272026062012
881,218.85272026062012
882,229.84420204162598
883,229.84420204162598
884,229.84420204162598
885,229.84420204162598
886,229.84420204162598
887,229.84420204162598
888,229.84420204162598
889,218.84420204162598
890,218.84420204162598
891,218.84420204162598
892,218.84420204162598
893,218.84420204162598
894,218.84420204162598
895,218.84420204162598
896,208.2798557281494
897,208.2798557281494
898,219.27286434173584
899,230.22046756744385
900,241.29300689697266
901,241.29300689697266
902,241.29300689697266
903,241.29300689697266
904,230.35476303100586
905,219.48162364959717
906,219.48162364959717
907,219.48162364959717
908,230.46048736572266
909,230.46048736572266
910,230.46048736572266
911,230.46048736572266
912,230.46048736572266
913,241.43251705169678
914,252.43251705169678
915,252.43251705169678
916,252.43251705169678
917,252.43251705169678
918,252.43251705169678
919,252.43251705169678
920,252.43251705169678
921,274.3331060409546
922,274.3331060409546
923,274.3331060409546
924,274.3331060409546
925,274.3331060409546
926,285.32054328918457
927,285.32054328918457
928,285.32054328918457
929,285.32054328918457
930,274.32054328918457
931,274.32054328918457
932,274.32054328918457
933,285.284384727478
934,285.284384727478
935,285.284384727478
936,285.284384727478
937,296.233943939209
938,296.233943939209
939,285.2828903198242
940,285.2828903198242
941,274.3355407714844
942,274.3355407714844
943,274.3355407714844
944,285.333607673645
945,285.333607673645
946,296.2900342941284
947,296.2900342941284
948,307.2601318359375
949,307.2601318359375
950,307.2601318359375
951,307.2601318359375
952,307.2601318359375
953,307.2601318359375
954,307.2601318359375
955,307.2601318359375
956,307.2601318359375
957,307.2601318359375
958,307.2601318359375
959,307.2601318359375
960,296.31057262420654
961,296.31057262420654
962,296.31057262420654
963,296.31057262420654
964,296.31057262420654
965,274.4146203994751
966,274.4146203994751
967,263.42297077178955
968,252.49043464660645
969,252.49043464660645
970,252.49043464660645
971,252.49043464660645
972,241.49742603302002
973,241.49742603302002
974,230.5049171447754
975,230.5049171447754
976,230.5528106689453
977,230.5528106689453
978,230.5528106689453
979,230.5528106689453
980,230.5528106689453
981,230.5528106689453
982,241.4517641067505
983,241.4517641067505
984,241.4517641067505
985,241.4517641067505
986,252.44870281219482
987,241.44870281219482
988,241.44870281219482
989,241.44870281219482
990,241.44870281219482
991,252.44870281219482
992,252.44870281219482
993,252.44870281219482
994,252.44870281219482
995,252.44870281219482
996,252.44870281219482
997,263.42051124572754
998,252.43944549560547
999,252.43944549560547
1000,241.48080444335938
1001,251.31440544128418
1002,251.31440544128418
1003,251.31440544128418
1004,251.31440544128418
1005,251.31440544128418
1006,251.31440544128418
1007,251.34072303771973
1008,251.34072303771973
1009,251.34072303771973
1010,241.50712203979492
1011,252.502592086792
1012,252.502592086792
1013,252.502592086792
1014,252.502592086792
1015,241.515154838562
1016,219.52367305755615
1017,219.52367305755615
1018,219.52367305755615
1019,219.52367305755615
1020,230.5151605606079
1021,230.5151605606079
1022,230.5151605606079
1023,219.5151605606079
1024,208.53916549682617
1025,230.1710376739502
1026,230.1710376739502
1027,219.20385837554932
1028,208.20385837554932
1029,219.19891834259033
1030,230.16449451446533
1031,230.16449451446533
1032,230.16449451446533
1033,230.16449451446533
1034,230.16449451446533
1035,230.16449451446533
1036,241.1427183151245
1037,241.1427183151245
1038,241.1427183151245
1039,252.02931690216064
1040,262.9830560684204
1041,262.9830560684204
1042,251.98498916625977
1043,262.97436809539795
1044,263.229305267334
1045,252.28170204162598
1046,252.28170204162598
1047,252.28170204162598
1048,252.28170204162598
1049,252.28170204162598
1050,252.28170204162598
1051,252.28170204162598
1052,252.28170204162598
1053,252.28170204162598
1054,252.28170204162598
1055,252.28170204162598
1056,252.28170204162598
1057,252.28170204162598
1058,252.28170204162598
1059,252.28170204162598
1060,252.28170204162598
1061,252.28170204162598
1062,241.3028383255005
1063,241.3028383255005
1064,241.3028383255005
1065,241.3028383255005
1066,241.3028383255005
1067,252.2764310836792
1068,252.2764310836792
1069,252.2764310836792
1070,241.30462265014648
1071,241.30462265014648
1072,263.05536556243896
1073,263.05536556243896
1074,263.05536556243896
1075,263.05536556243896
1076,263.05536556243896
1077,274.0513095855713
1078,274.0513095855713
1079,274.0513095855713
1080,274.0513095855713
1081,263.2690019607544
1082,252.34373092651367
1083,252.34373092651367
1084,252.34373092651367
1085,252.34373092651367
1086,252.34373092651367
1087,252.34373092651367
1088,252.34373092651367
1089,252.34373092651367
1090,252.34373092651367
1091,252.34373092651367
1092,252.34373092651367
1093,252.34373092651367
1094,252.34373092651367
1095,252.34373092651367
1096,263.189151763916
1097,252.23094081878662
1098,252.23094081878662
1099,252.23094081878662
1100,252.23094081878662
1101,241.33878135681152
1102,230.37493991851807
1103,230.37493991851807
1104,230.37493991851807
1105,230.37493991851807
1106,241.35891246795654
1107,241.35891246795654
1108,252.34871768951416
1109,252.34871768951416
1110,263.30538272857666
1111,241.44868659973145
1112,263.3333044052124
1113,263.3333044052124
1114,274.29659938812256
1115,274.29659938812256
1116,274.29659938812256
1117,274.29659938812256
1118,274.29659938812256
1119,274.29659938812256
1120,274.29659938812256
1121,274.29659938812256
1122,274.29659938812256
1123,274.29659938812256
1124,274.29659938812256
1125,263.2996606826782
1126,263.2996606826782
1127,252.34323406219482
1128,274.34171772003174
1129,274.34171772003174
1130,274.34171772003174
1131,263.35298919677734
1132,263.35298919677734
1133,263.35298919677734
1134,263.35298919677734
1135,263.35298919677734
1136,263.35298919677734
1137,263.35298919677734
1138,263.35298919677734
1139,263.35298919677734
1140,263.35298919677734
1141,252.507568359375
1142,252.507568359375
1143,252.507568359375
1144,252.507568359375
1145,263.47177600860596
1146,263.47177600860596
1147,263.47177600860596
1148,252.4743881225586
1149,252.4743881225586
1150,252.4743881225586
1151,241.4850091934204
1152,241.4850091934204
1153,241.4850091934204
1154,241.4850091934204
1155,241.4850091934204
1156,241.4850091934204
1157,241.4850091934204
1158,241.4850091934204
1159,241.4850091934204
1160,241.4850091934204
1161,241.4850091934204
1162,241.4850091934204
1163,252.4636058807373
1164,252.48247909545898
1165,252.48247909545898
1166,263.44086360931396
1167,263.44086360931396
1168,263.44086360931396
1169,263.44086360931396
1170,263.44086360931396
1171,263.44086360931396
1172,263.44086360931396
1173,252.4871244430542
1174,252.428560256958
1175,252.428560256958
1176,252.428560256958
1177,252.428560256958
1178,252.428560256958
1179,241.45033645629883
1180,241.45033645629883
1181,241.45033645629883
1182,241.45033645629883
1183,241.45033645629883
1184,241.45033645629883
1185,241.45033645629883
1186,241.45033645629883
1187,241.45033645629883
1188,241.45033645629883
1189,241.45033645629883
1190,241.45033645629883
1191,241.45033645629883
1192,241.45033645629883
1193,241.45033645629883
1194,230.53639125823975
1195,208.59575366973877
1196,208.59575366973877
1197,208.59575366973877
1198,208.59575366973877
1199,197.6324586868286
1200,197.6324586868286
1201,186.6339750289917
1202,186.6339750289917
1203,186.6339750289917
1204,175.6339750289917
1205,186.5675163269043
1206,186.5675163269043
1207,186.5675163269043
1208,186.5675163269043
1209,197.5321102142334
1210,197.5321102142334
1211,186.5321102142334
1212,186.5321102142334
1213,186.5321102142334
1214,186.5321102142334
1215,186.5321102142334
1216,197.50357341766357
1217,197.50357341766357
1218,197.50357341766357
1219,186.53154373168945
1220,186.53154373168945
1221,175.5368938446045
1222,175.5368938446045
1223,186.4701681137085
1224,197.36804580688477
1225,197.36804580688477
1226,197.36804580688477
1227,197.36804580688477
1228,208.33307075500488
1229,208.33307075500488
1230,208.33307075500488
1231,208.33307075500488
1232,208.33307075500488
1233,219.24682331085205
1234,219.24682331085205
1235,219.24682331085205
1236,208.2826156616211
1237,208.2826156616211
1238,208.2826156616211
1239,208.2826156616211
1240,208.2826156616211
1241,208.2826156616211
1242,208.2826156616211
1243,208.2826156616211
1244,208.2826156616211
1245,208.32445812225342
1246,208.32445812225342
1247,219.30286979675293
1248,219.30286979675293
1249,219.30286979675293
1250,208.30739974975586
1251,208.30739974975586
1252,219.26125526428223
1253,208.29567909240723
1254,208.29567909240723
1255,208.29567909240723
1256,208.29567909240723
1257,208.29567909240723
1258,208.29567909240723
1259,208.29567909240723
1260,208.29567909240723
1261,208.29567909240723
1262,208.29567909240723
1263,197.32724380493164
1264,186.36264991760254
1265,186.36264991760254
1266,196.57736015319824
1267,196.57736015319824
1268,196.57736015319824
1269,196.57736015319824
1270,196.57736015319824
1271,196.57736015319824
1272,185.60589694976807
1273,174.6921443939209
1274,174.6921443939209
1275,174.6921443939209
1276,164.4774341583252
1277,142.54883289337158
1278,142.54883289337158
1279,142.54883289337158
1280,142.54883289337158
1281,142.54883289337158
1282,142.54883289337158
1283,142.54883289337158
1284,153.4638156890869
1285,153.4638156890869
1286,142.4902229309082
1287,142.4902229309082
1288,142.4902229309082
1289,142.4902229309082
1290,142.33787441253662
1291,142.33787441253662
1292,142.33787441253662
1293,142.33787441253662
1294,142.33787441253662
1295,142.33787441253662
1296,142.33787441253662
1297,142.33787441253662
1298,142.33787441253662
1299,142.33787441253662
1300,142.33787441253662
1301,142.33787441253662
1302,142.33787441253662
1303,142.33787441253662
1304,142.33787441253662
1305,142.33787441253662
1306,142.33787441253662
1307,142.33787441253662
1308,142.33787441253662
1309,142.33787441253662
1310,142.33787441253662
1311,142.33787441253662
1312,142.33787441253662
1313,131.3419303894043
1314,131.3419303894043
1315,131.3419303894043
1316,131.3419303894043
1317,131.3419303894043
1318,120.35212516784668
1319,120.35212516784668
1320,120.35212516784668
1321,109.45424747467041
1322,120.4255428314209
1323,120.4255428314209
1324,120.4255428314209
1325,109.6072187423706
1326,98.64883422851562
1327,98.64883422851562
1328,109.6365966796875
1329,120.4961462020874
1330,120.4961462020874
1331,120.4961462020874
1332,120.4961462020874
1333,131.2273817062378
1334,131.2273817062378
1335,131.2273817062378
1336,131.2273817062378
1337,131.2273817062378
1338,131.2273817062378
1339,131.2273817062378
1340,131.2273817062378
1341,120.26235675811768
1342,120.26235675811768
1343,120.26235675811768
1344,120.26235675811768
1345,120.26235675811768
1346,120.26235675811768
1347,120.26235675811768
1348,131.2404260635376
1349,131.2404260635376
1350,131.2404260635376
1351,131.2404260635376
1352,131.2404260635376
1353,131.2404260635376
1354,131.2404260635376
1355,131.2404260635376
1356,142.07706451416016
1357,142.07706451416016
1358,131.09846782684326
1359,131.09846782684326
1360,120.16519355773926
1361,120.16519355773926
1362,120.16519355773926
1363,120.16519355773926
1364,131.05288124084473
1365,131.05288124084473
1366,131.05288124084473
1367,142.01579666137695
1368,142.01579666137695
1369,142.01579666137695
1370,142.01579666137695
1371,131.28456115722656
1372,131.28456115722656
1373,131.28456115722656
1374,131.28456115722656
1375,142.27106285095215
1376,142.27106285095215
1377,142.27106285095215
1378,142.27106285095215
1379,142.27106285095215
1380,142.27106285095215
1381,131.35608005523682
1382,131.35608005523682
1383,131.35608005523682
1384,131.35608005523682
1385,131.35608005523682
1386,131.35608005523682
1387,131.35608005523682
1388,131.35608005523682
1389,131.35608005523682
1390,120.49653053283691
1391,120.49653053283691
1392,120.49653053283691
1393,120.49653053283691
1394,120.49653053283691
1395,120.49653053283691
1396,120.49653053283691
1397,120.49653053283691
1398,120.49653053283691
1399,120.49653053283691
1400,120.49653053283691
1401,109.65989208221436
1402,109.65989208221436
1403,109.65989208221436
1404,109.65989208221436
1405,98.68126487731934
1406,98.68126487731934
1407,87.70996952056885
1408,87.70996952056885
1409,87.70996952056885
1410,87.70996952056885
1411,98.67998504638672
1412,98.67998504638672
1413,98.67998504638672
1414,98.67998504638672
1415,98.67998504638672
1416,87.71706962585449
1417,87.71706962585449
1418,87.71706962585449
1419,87.71706962585449
1420,87.71706962585449
1421,87.71706962585449
1422,87.71706962585449
1423,87.71706962585449
1424,87.71706962585449
1425,87.71706962585449
1426,87.71706962585449
1427,87.71706962585449
1428,87.71706962585449
1429,87.71706962585449
1430,87.71706962585449
1431,87.71706962585449
1432,87.71706962585449
1433,87.71706962585449
1434,87.71706962585449
1435,87.71706962585449
1436,87.71706962585449
1437,87.71706962585449
1438,87.71706962585449
1439,87.71706962585449
1440,87.71706962585449
1441,76.72930717468262
1442,76.72930717468262
1443,76.72930717468262
1444,65.84161949157715
1445,65.84161949157715
1446,65.84161949157715
1447,65.84161949157715
1448,65.84161949157715
1449,65.84161949157715
1450,65.84161949157715
1451,65.84161949157715
1452,65.84161949157715
1453,65.84161949157715
1454,65.84161949157715
1455,65.84161949157715
1456,65.84161949157715
1457,65.84161949157715
1458,54.86355018615723
1459,54.86355018615723
1460,54.86355018615723
1461,54.86355018615723
1462,54.86355018615723
1463,54.86355018615723
1464,43.90969467163086
1465,43.90969467163086
1466,43.90969467163086
1467,43.90969467163086
1468,43.90969467163086
1469,43.90969467163086
1470,43.90969467163086
1471,43.90969467163086
1472,43.90969467163086
1473,43.90969467163086
1474,43.90969467163086
1475,43.90969467163086
1476,43.90969467163086
1477,43.90969467163086
1478,43.90969467163086
1479,43.90969467163086
1480,43.90969467163086
1481,43.90969467163086
1482,43.90969467163086
1483,43.90969467163086
1484,32.93492889404297
1485,32.93492889404297
1486,32.93492889404297
1487,21.956517219543457
1488,21.956517219543457
1489,21.956517219543457
1490,21.956517219543457
1491,21.956517219543457
1492,21.956517219543457
1493,21.956517219543457
1494,21.956517219543457
1495,21.956517219543457
1496,21.956517219543457
1497,21.956517219543457
1498,21.956517219543457
1499,21.956517219543457
1500,21.956517219543457
1501,21.956517219543457
1502,21.956517219543457
1503,21.956517219543457
1504,21.956517219543457
1505,21.956517219543457
1506,21.956517219543457
1507,21.956517219543457
1508,21.956517219543457
1509,21.956517219543457
1510,21.956517219543457
1511,21.956517219543457
1512,21.956517219543457
1513,21.956517219543457
1514,21.956517219543457
1515,21.956517219543457
1516,21.956517219543457
1517,21.956517219543457
1518,21.956517219543457
1519,21.956517219543457
1520,21.956517219543457
1521,21.956517219543457
1522,21.956517219543457
1523,21.956517219543457
1524,21.956517219543457
1525,21.956517219543457
1526,21.956517219543457
1527,21.956517219543457
1528,21.956517219543457
1529,21.956517219543457
1530,21.956517219543457
1531,21.956517219543457
1532,21.956517219543457
1533,21.956517219543457
1534,21.956517219543457
1535,21.956517219543457
1536,21.956517219543457
1537,21.956517219543457
1538,21.956517219543457
1539,21.956517219543457
1540,21.956517219543457
1541,21.956517219543457
1542,21.956517219543457
1543,21.956517219543457
1544,21.956517219543457
1545,21.956517219543457
1546,21.956517219543457
1547,21.956517219543457
1548,21.956517219543457
1549,21.956517219543457
1550,21.956517219543457
1551,21.956517219543457
1552,21.956517219543457
1553,21.956517219543457
1554,21.956517219543457
1555,21.956517219543457
1556,21.956517219543457
1557,21.956517219543457
1558,21.956517219543457
1559,21.956517219543457
1560,21.956517219543457
1561,21.956517219543457
1562,21.956517219543457
1563,21.956517219543457
1564,21.956517219543457
1565,21.956517219543457
1566,21.956517219543457
1567,21.956517219543457
1568,21.956517219543457
1569,21.956517219543457
1570,21.956517219543457
1571,21.956517219543457
1572,21.956517219543457
1573,21.956517219543457
1574,21.956517219543457
1575,21.956517219543457
1576,21.956517219543457
1577,21.956517219543457
1578,21.956517219543457
1579,21.956517219543457
1580,21.956517219543457
1581,21.956517219543457
1582,21.956517219543457
1583,21.956517219543457
1584,21.956517219543457
1585,21.956517219543457
1586,21.956517219543457
1587,21.956517219543457
1588,21.956517219543457
1589,21.956517219543457
1590,21.956517219543457
1591,21.956517219543457
1592,21.956517219543457
1593,21.956517219543457
1594,21.956517219543457
1595,21.956517219543457
1596,21.956517219543457
1597,21.956517219543457
1598,21.956517219543457
1599,21.956517219543457
1600,21.956517219543457
1601,21.956517219543457
1602,21.956517219543457
1603,21.956517219543457
1604,21.956517219543457
1605,21.956517219543457
1606,21.956517219543457
1607,21.956517219543457
1608,21.956517219543457
1609,21.956517219543457
1610,21.956517219543457
1611,21.956517219543457
1612,21.956517219543457
1613,21.956517219543457
1614,21.956517219543457
1615,21.956517219543457
1616,21.956517219543457
1617,21.956517219543457
1618,21.956517219543457
1619,21.956517219543457
1620,21.956517219543457
1621,21.956517219543457
1622,21.956517219543457
1623,21.956517219543457
1624,21.956517219543457
1625,21.956517219543457
1626,21.956517219543457
1627,21.956517219543457
1628,10.970015525817871
1629,10.970015525817871
1630,10.970015525817871
1631,10.970015525817871
1632,10.970015525817871
1633,10.970015525817871
1634,10.970015525817871
1635,10.970015525817871
1636,10.970015525817871
1637,10.970015525817871
1638,10.970015525817871
1639,10.970015525817871
1640,10.970015525817871
1641,10.970015525817871
1642,10.970015525817871
1643,10.970015525817871
1644,10.970015525817871
1645,10.970015525817871
1646,10.970015525817871
1647,10.970015525817871
1648,10.970015525817871
1649,10.970015525817871
1650,10.970015525817871
1651,10.970015525817871
1652,10.970015525817871
1653,10.970015525817871
1654,10.970015525817871
1655,10.970015525817871
1656,10.970015525817871
1657,10.970015525817871
1658,10.970015525817871
1659,10.970015525817871
1660,10.970015525817871
1661,21.91416072845459
1662,21.91416072845459
1663,21.91416072845459
1664,21.91416072845459
1665,21.91416072845459
1666,21.91416072845459
1667,32.876853942871094
1668,32.876853942871094
1669,32.876853942871094
1670,32.876853942871094
1671,32.876853942871094
1672,32.876853942871094
1673,32.876853942871094
1674,32.876853942871094
1675,32.876853942871094
1676,32.876853942871094
1677,32.876853942871094
1678,32.876853942871094
1679,32.876853942871094
1680,32.876853942871094
1681,32.876853942871094
1682,32.876853942871094
1683,32.876853942871094
1684,21.906838417053223
1685,21.906838417053223
1686,21.906838417053223
1687,21.906838417053223
1688,21.906838417053223
1689,21.906838417053223
1690,21.906838417053223
1691,21.906838417053223
1692,21.906838417053223
1693,21.906838417053223
1694,21.906838417053223
1695,21.906838417053223
1696,21.906838417053223
1697,21.906838417053223
1698,21.906838417053223
1699,21.906838417053223
1700,21.906838417053223
1701,21.906838417053223
1702,21.906838417053223
1703,21.906838417053223
1704,21.906838417053223
1705,21.906838417053223
1706,21.906838417053223
1707,21.906838417053223
1708,21.906838417053223
1709,21.906838417053223
1710,21.906838417053223
1711,21.906838417053223
1712,21.906838417053223
1713,10.944145202636719
1714,10.944145202636719
1715,10.944145202636719
1716,10.944145202636719
1717,10.944145202636719
1718,10.944145202636719
1719,10.944145202636719
1720,10.944145202636719
1721,10.944145202636719
1722,10.944145202636719
1723,10.944145202636719
1724,10.944145202636719
1725,10.944145202636719
1726,10.944145202636719
1727,10.944145202636719
1728,10.944145202636719
1729,10.944145202636719
1730,10.944145202636719
1731,10.944145202636719
1732,10.944145202636719
1733,10.944145202636719
1734,10.944145202636719
1735,10.944145202636719
1736,10.944145202636719
1737,10.944145202636719
1738,10.944145202636719
1739,10.944145202636719
1740,10.944145202636719
1741,10.944145202636719
1742,10.944145202636719
1743,10.944145202636719
1744,10.944145202636719
1745,10.944145202636719
1746,10.944145202636719
1747,10.944145202636719
1748,10.944145202636719
1749,10.944145202636719
1750,10.944145202636719
1751,10.944145202636719
1752,10.944145202636719
1753,10.944145202636719
1754,10.944145202636719
1755,10.944145202636719
1756,10.944145202636719
1757,10.944145202636719
1758,10.944145202636719
1759,10.944145202636719
1760,10.944145202636719
1761,10.944145202636719
1762,10.944145202636719
1763,10.944145202636719
1764,10.944145202636719
1765,10.944145202636719
1766,10.944145202636719
1767,10.944145202636719
1768,10.944145202636719
1769,10.944145202636719
1770,10.944145202636719
1771,10.944145202636719
1772,10.944145202636719
1773,10.944145202636719
1774,10.944145202636719
1775,10.944145202636719
1776,10.944145202636719
1777,10.944145202636719
1778,10.944145202636719
1779,10.944145202636719
1780,10.944145202636719
1781,10.944145202636719
1782,10.944145202636719
1783,10.944145202636719
1784,10.944145202636719
1785,10.944145202636719
1786,10.944145202636719
1787,10.944145202636719
1788,10.944145202636719
1789,10.944145202636719
1790,10.944145202636719
1791,10.944145202636719
1792,10.944145202636719
1793,10.944145202636719
1794,10.944145202636719
1795,10.944145202636719
1796,10.944145202636719
1797,10.944145202636719
1798,10.944145202636719
1799,10.944145202636719
1800,10.944145202636719
1801,10.944145202636719
1802,10.944145202636719
1803,10.944145202636719
1804,10.944145202636719
1805,10.944145202636719
1806,10.944145202636719
1807,0.0
1808,0.0
1809,0.0
1810,0.0
1811,0.0
1812,0.0
1813,0.0
1814,0.0
1815,0.0
1816,0.0
1817,10.864099502563477
1818,10.864099502563477
1819,10.864099502563477
1820,10.864099502563477
1821,10.864099502563477
1822,10.864099502563477
1823,10.864099502563477
1824,10.864099502563477
1825,10.864099502563477
1826,10.864099502563477
1827,10.864099502563477
1828,10.864099502563477
1829,10.864099502563477
1830,10.864099502563477
1831,10.864099502563477
1832,10.864099502563477
1833,21.75188446044922
1834,21.75188446044922
1835,21.75188446044922
1836,21.75188446044922
1837,21.75188446044922
1838,21.75188446044922
1839,21.75188446044922
1840,32.75188446044922
1841,32.75188446044922
1842,32.75188446044922
1843,32.75188446044922
1844,32.75188446044922
1845,32.75188446044922
1846,32.75188446044922
1847,32.75188446044922
1848,32.75188446044922
1849,32.75188446044922
1850,32.75188446044922
1851,32.75188446044922
1852,43.74866485595703
1853,43.74866485595703
1854,43.74866485595703
1855,43.74866485595703
1856,43.74866485595703
1857,43.74866485595703
1858,43.74866485595703
1859,43.74866485595703
1860,43.74866485595703
1861,43.74866485595703
1862,43.74866485595703
1863,43.74866485595703
1864,43.74866485595703
1865,43.74866485595703
1866,43.74866485595703
1867,43.74866485595703
1868,43.74866485595703
1869,43.74866485595703
1870,43.74866485595703
1871,43.74866485595703
1872,54.74866485595703
1873,54.74866485595703
1874,54.74866485595703
1875,54.74866485595703
1876,54.74866485595703
1877,54.74866485595703
1878,43.74866485595703
1879,43.74866485595703
1880,43.74866485595703
1881,43.74866485595703
1882,43.74866485595703
1883,43.74866485595703
1884,43.74866485595703
1885,43.74866485595703
1886,43.74866485595703
1887,54.50379467010498
1888,54.50379467010498
1889,54.50379467010498
1890,54.50379467010498
1891,54.50379467010498
1892,43.639695167541504
1893,43.639695167541504
1894,43.639695167541504
1895,43.639695167541504
1896,43.639695167541504
1897,43.639695167541504
1898,43.639695167541504
1899,43.639695167541504
1900,32.639695167541504
1901,32.730788230895996
1902,32.730788230895996
1903,32.730788230895996
1904,32.730788230895996
1905,32.730788230895996
1906,32.730788230895996
1907,32.730788230895996
1908,32.730788230895996
1909,32.730788230895996
1910,32.730788230895996
1911,32.730788230895996
1912,32.730788230895996
1913,32.730788230895996
1914,54.3617057800293
1915,54.3617057800293
1916,65.32870674133301
1917,65.32870674133301
1918,65.32870674133301
1919,65.32870674133301
1920,65.32870674133301
1921,65.32870674133301
1922,76.22944641113281
1923,76.22944641113281
1924,65.47431659698486
1925,70.29037189483643
1926,76.4039421081543
1927,76.4039421081543
1928,76.4039421081543
1929,76.4039421081543
1930,87.39100646972656
1931,87.39100646972656
1932,87.39100646972656
1933,87.39100646972656
1934,87.39100646972656
1935,87.39100646972656
1936,98.37450504302979
1937,98.37450504302979
1938,98.37450504302979
1939,98.37450504302979
1940,98.37450504302979
1941,87.59404182434082
1942,98.57012176513672
1943,98.57012176513672
1944,109.51223945617676
1945,109.51223945617676
1946,109.51223945617676
1947,109.51223945617676
1948,109.51223945617676
1949,120.4673023223877
1950,120.4673023223877
1951,120.4673023223877
1952,120.4673023223877
1953,120.4673023223877
1954,120.4673023223877
1955,120.4673023223877
1956,120.4673023223877
1957,120.4673023223877
1958,131.4482011795044
1959,131.4482011795044
1960,142.4345531463623
1961,142.4345531463623
1962,153.39428997039795
1963,153.39428997039795
1964,153.39428997039795
1965,153.39428997039795
1966,153.39428997039795
1967,153.39428997039795
1968,153.39428997039795
1969,142.5438356399536
1970,153.48108100891113
1971,153.48108100891113
1972,153.48108100891113
1973,153.48108100891113
1974,164.44904041290283
1975,164.44904041290283
1976,164.44904041290283
1977,164.44904041290283
1978,164.44904041290283
1979,175.42480945587158
1980,175.42480945587158
1981,175.42480945587158
1982,175.42480945587158
1983,175.42480945587158
1984,175.42480945587158
1985,175.42480945587158
1986,175.42480945587158
1987,175.42480945587158
1988,175.42480945587158
1989,175.42480945587158
1990,175.42480945587158
1991,175.42480945587158
1992,175.42480945587158
1993,175.42480945587158
1994,175.42480945587158
1995,186.2015037536621
1996,186.2015037536621
1997,186.2015037536621
1998,175.2345027923584
1999,164.3337631225586
2000,164.3337631225586
2001,164.3337631225586
2002,164.3337631225586
2003,164.3337631225586
2004,164.3337631225586
2005,164.3337631225586
2006,164.3337631225586
2007,164.3337631225586
2008,164.3337631225586
2009,164.3337631225586
2010,164.3337631225586
2011,164.3337631225586
2012,164.3337631225586
2013,164.3337631225586
2014,164.3337631225586
2015,164.3337631225586
2016,164.3337631225586
2017,164.3337631225586
2018,164.3337631225586
2019,175.2861385345459
2020,175.2861385345459
2021,175.2861385345459
2022,186.2649803161621
2023,186.2649803161621
2024,186.2649803161621
2025,186.2649803161621
2026,186.2649803161621
2027,186.2649803161621
2028,186.2649803161621
2029,197.20222282409668
2030,208.1845941543579
2031,197.25496864318848
2032,197.25496864318848
2033,197.25496864318848
2034,197.25496864318848
2035,197.25496864318848
2036,186.47827434539795
2037,186.47827434539795
2038,186.47827434539795
2039,186.47827434539795
2040,197.4534568786621
2041,197.4534568786621
2042,186.4671049118042
2043,186.4671049118042
2044,186.4671049118042
2045,186.4671049118042
2046,175.48360633850098
2047,175.48360633850098
2048,175.48360633850098
2049,175.48360633850098
2050,175.48360633850098
2051,175.48360633850098
2052,175.48360633850098
2053,175.48360633850098
2054,175.48360633850098
2055,197.2578887939453
2056,197.2578887939453
2057,207.66235637664795
2058,207.66235637664795
2059,196.7202386856079
2060,196.7202386856079
2061,185.7522792816162
2062,163.85997104644775
2063,163.85997104644775
2064,163.85997104644775
2065,142.46843910217285
2066,142.46843910217285
2067,153.3235912322998
2068,153.3235912322998
2069,153.3235912322998
2070,153.3235912322998
2071,142.326810836792
2072,142.326810836792
2073,142.326810836792
2074,142.326810836792
2075,142.326810836792
2076,142.326810836792
2077,142.326810836792
2078,142.326810836792
2079,131.38956832885742
2080,131.38956832885742
2081,131.38956832885742
2082,131.38956832885742
2083,131.38956832885742
2084,131.38956832885742
2085,131.38956832885742
2086,131.38956832885742
2087,131.38956832885742
2088,131.38956832885742
2089,142.2709550857544
2090,142.2709550857544
2091,142.2709550857544
2092,142.2709550857544
2093,142.2709550857544
2094,142.2709550857544
2095,131.28858375549316
2096,131.28858375549316
2097,131.28858375549316
2098,131.28858375549316
2099,131.28858375549316
2100,131.28858375549316
2101,120.30970573425293
2102,120.30970573425293
2103,120.30970573425293
2104,120.30970573425293
2105,109.46243858337402
2106,109.46243858337402
2107,109.46243858337402
2108,109.46243858337402
2109,109.46243858337402
2110,109.46243858337402
2111,109.46243858337402
2112,109.46243858337402
2113,109.46243858337402
2114,109.46243858337402
2115,109.46243858337402
2116,109.46243858337402
2117,109.46243858337402
2118,109.46243858337402
2119,109.46243858337402
2120,109.46243858337402
2121,109.46243858337402
2122,109.46243858337402
2123,109.46243858337402
2124,120.4482536315918
2125,120.4482536315918
2126,120.4482536315918
2127,120.4482536315918
2128,120.4482536315918
2129,120.4482536315918
2130,120.4482536315918
2131,109.46941184997559
2132,109.46941184997559
2133,109.46941184997559
2134,109.46941184997559
2135,109.46941184997559
2136,109.46941184997559
2137,109.46941184997559
2138,109.46941184997559
2139,109.46941184997559
2140,109.46941184997559
2141,87.63907718658447
2142,87.63907718658447
2143,87.63907718658447
2144,87.63907718658447
2145,87.63907718658447
2146,87.63907718658447
2147,87.63907718658447
2148,87.63907718658447
2149,87.63907718658447
2150,87.63907718658447
2151,87.63907718658447
2152,76.7576904296875
2153,76.7576904296875
2154,76.7576904296875
2155,76.7576904296875
2156,76.7576904296875
2157,76.7576904296875
2158,76.7576904296875
2159,76.7576904296875
2160,76.7576904296875
2161,76.7576904296875
2162,76.7576904296875
2163,76.7576904296875
2164,76.7576904296875
2165,76.7576904296875
2166,76.7576904296875
2167,76.7576904296875
2168,76.7576904296875
2169,65.7816104888916
2170,65.7816104888916
2171,65.7816104888916
2172,76.73079681396484
2173,76.73079681396484
2174,76.73079681396484
2175,76.73079681396484
2176,76.73079681396484
2177,76.73079681396484
2178,87.73079681396484
2179,76.80378150939941
2180,76.80378150939941
2181,76.80378150939941
2182,76.80378150939941
2183,76.80378150939941
2184,76.80378150939941
2185,76.80378150939941
2186,76.80378150939941
2187,76.80378150939941
2188,76.80378150939941
2189,76.80378150939941
2190,76.80378150939941
2191,76.80378150939941
2192,87.73717498779297
2193,87.73717498779297
2194,87.73717498779297
2195,87.73717498779297
2196,87.73717498779297
2197,87.73717498779297
2198,87.73717498779297
2199,87.73717498779297
2200,87.73717498779297
2201,87.73717498779297
2202,87.73717498779297
2203,76.76140594482422
2204,87.55114555358887
2205,87.55114555358887
2206,87.55114555358887
2207,87.55114555358887
2208,87.55114555358887
2209,87.55114555358887
2210,87.55114555358887
2211,87.55114555358887
2212,87.55114555358887
2213,87.55114555358887
2214,98.46480083465576
2215,98.46480083465576
2216,98.46480083465576
2217,98.46480083465576
2218,98.46480083465576
2219,98.46480083465576
2220,98.46480083465576
2221,98.46480083465576
2222,98.46480083465576
2223,87.50506401062012
2224,76.71532440185547
2225,76.71532440185547
2226,65.78193092346191
2227,65.78193092346191
2228,65.78193092346191
2229,65.78193092346191
2230,65.78193092346191
2231,65.78193092346191
2232,65.78193092346191
2233,65.78193092346191
2234,65.78193092346191
2235,65.78193092346191
2236,65.78193092346191
2237,65.78193092346191
2238,65.78193092346191
2239,65.78193092346191
2240,65.78193092346191
2241,65.78193092346191
2242,54.82955551147461
2243,54.82955551147461
2244,65.77134990692139
2245,65.77134990692139
2246,65.77134990692139
2247,65.77134990692139
2248,65.77134990692139
2249,65.77134990692139
2250,65.77134990692139
2251,65.77134990692139
2252,54.77134990692139
2253,54.77134990692139
2254,54.77134990692139
2255,54.77134990692139
2256,54.77134990692139
2257,54.77134990692139
2258,54.77134990692139
2259,54.77134990692139
2260,54.77134990692139
2261,54.77134990692139
2262,54.77134990692139
2263,65.76130962371826
2264,65.76130962371826
2265,65.76130962371826
2266,65.76130962371826
2267,65.76130962371826
2268,65.76130962371826
2269,65.76130962371826
2270,65.76130962371826
2271,65.76130962371826
2272,65.76130962371826
2273,65.76130962371826
2274,65.76130962371826
2275,65.76130962371826
2276,65.76130962371826
2277,76.76130962371826
2278,54.898468017578125
2279,54.898468017578125
2280,54.898468017578125
2281,65.89846801757812
2282,65.89846801757812
2283,65.89846801757812
2284,65.89846801757812
2285,405.3949565887451
2286,405.3949565887451
2287,405.3949565887451
2288,76.83416557312012
2289,76.83416557312012
2290,76.83416557312012
2291,65.89237117767334
2292,65.89237117767334
2293,65.89237117767334
2294,65.89237117767334
2295,65.89237117767334
2296,65.89237117767334
2297,65.89237117767334
2298,65.89237117767334
2299,76.6179370880127
2300,76.6179370880127
2301,76.6179370880127
2302,76.6179370880127
2303,76.6179370880127
2304,76.6179370880127
2305,363.16197395324707
2306,363.16197395324707
2307,363.16197395324707
2308,374.00158882141113
2309,374.00158882141113
2310,87.45755195617676
2311,87.45755195617676
2312,87.45755195617676
2313,87.45755195617676
2314,87.45755195617676
2315,87.45755195617676
2316,87.45755195617676
2317,87.45755195617676
2318,76.45755195617676
2319,76.45755195617676
2320,76.45755195617676
2321,76.45755195617676
2322,76.45755195617676
2323,76.45755195617676
2324,87.45303726196289
2325,87.45303726196289
2326,87.45303726196289
2327,87.45303726196289
2328,76.72747135162354
2329,76.72747135162354
2330,76.72747135162354
2331,76.72747135162354
2332,76.72747135162354
2333,76.72747135162354
2334,76.72747135162354
2335,76.72747135162354
2336,76.72747135162354
2337,76.74657249450684
2338,87.68479347229004
2339,87.68479347229004
2340,87.68479347229004
2341,98.68479347229004
2342,98.68479347229004
2343,98.68479347229004
2344,98.68479347229004
2345,109.4365005493164
2346,109.4365005493164
2347,98.59688568115234
2348,98.59688568115234
2349,98.59688568115234
2350,98.59688568115234
2351,98.59688568115234
2352,98.59688568115234
2353,98.59688568115234
2354,98.59688568115234
2355,87.59688568115234
2356,87.59688568115234
2357,87.59688568115234
2358,87.59688568115234
2359,87.59688568115234
2360,87.59688568115234
2361,87.59688568115234
2362,87.59688568115234
2363,87.59688568115234
2364,76.61107063293457
2365,76.61107063293457
2366,76.61107063293457
2367,76.61107063293457
2368,76.61107063293457
2369,76.61107063293457
2370,76.61107063293457
2371,76.61107063293457
2372,76.61107063293457
2373,76.61107063293457
2374,76.61107063293457
2375,76.61107063293457
2376,76.61107063293457
2377,76.5062780380249
2378,76.5062780380249
2379,76.5062780380249
2380,76.5062780380249
2381,76.5062780380249
2382,76.5062780380249
2383,87.4715223312378
2384,76.71981525421143
2385,87.61895561218262
2386,87.61895561218262
2387,87.61895561218262
2388,87.61895561218262
2389,98.56028842926025
2390,98.56028842926025
2391,98.56028842926025
2392,109.56028842926025
2393,109.56028842926025
2394,109.56028842926025
2395,109.56028842926025
2396,109.56028842926025
2397,109.56028842926025
2398,109.56028842926025
2399,109.56028842926025
2400,109.56028842926025
2401,109.56028842926025
2402,109.56028842926025
2403,109.56028842926025
2404,109.56028842926025
2405,109.56028842926025
2406,109.56028842926025
2407,109.56028842926025
2408,109.56028842926025
2409,109.56028842926025
2410,98.62206745147705
2411,98.62206745147705
2412,98.62206745147705
2413,109.5925760269165
2414,109.5925760269165
2415,109.5925760269165
2416,98.65687847137451
2417,98.65687847137451
2418,98.65687847137451
2419,98.65687847137451
2420,109.56826686859131
2421,109.56826686859131
2422,120.55834197998047
2423,120.55834197998047
2424,141.8351650238037
2425,130.84520530700684
2426,130.84520530700684
2427,130.84520530700684
2428,130.84520530700684
2429,120.54957485198975
2430,120.54957485198975
2431,120.54957485198975
2432,120.54957485198975
2433,109.65436744689941
2434,109.65436744689941
2435,109.65436744689941
2436,109.65436744689941
2437,109.65436744689941
2438,109.65436744689941
2439,109.65436744689941
2440,109.65436744689941
2441,109.65436744689941
2442,109.65436744689941
2443,109.65436744689941
2444,120.53908920288086
2445,120.53908920288086
2446,120.53908920288086
2447,120.53908920288086
2448,109.63994884490967
2449,109.63994884490967
2450,120.34274768829346
2451,120.34274768829346
2452,120.34274768829346
2453,120.34274768829346
2454,120.34274768829346
2455,120.34274768829346
2456,120.34274768829346
2457,120.34274768829346
2458,120.34274768829346
2459,120.34274768829346
2460,120.34274768829346
2461,120.34274768829346
2462,120.34274768829346
2463,120.34274768829346
2464,120.34274768829346
2465,120.34274768829346
2466,120.34274768829346
2467,120.34274768829346
2468,120.34274768829346
2469,109.34274768829346
2470,109.34274768829346
2471,109.34274768829346
2472,120.34274768829346
2473,120.34274768829346
2474,120.34274768829346
2475,120.34274768829346
2476,120.17009449005127
2477,131.15301418304443
2478,131.15301418304443
2479,120.45021533966064
2480,120.45021533966064
2481,120.45021533966064
2482,120.45021533966064
2483,120.45021533966064
2484,120.45021533966064
2485,120.45021533966064
2486,120.45021533966064
2487,131.45021533966064
2488,131.45021533966064
2489,131.45021533966064
2490,131.45021533966064
2491,131.45021533966064
2492,120.45473003387451
2493,131.3467092514038
2494,131.3467092514038
2495,131.3467092514038
2496,131.3467092514038
2497,131.3467092514038
2498,131.3467092514038
2499,153.28688716888428
2500,153.28688716888428
2501,153.28688716888428
2502,153.28688716888428
2503,167.40005779266357
2504,186.16729640960693
2505,186.16729640960693
2506,186.16729640960693
2507,186.16729640960693
2508,186.16729640960693
2509,186.16729640960693
2510,186.16729640960693
2511,186.16729640960693
2512,186.16729640960693
2513,197.16269874572754
2514,196.90841674804688
2515,196.90841674804688
2516,196.90841674804688
2517,196.90816593170166
2518,196.90816593170166
2519,196.90816593170166
2520,196.90816593170166
2521,196.90816593170166
2522,196.90816593170166
2523,196.90816593170166
2524,196.90816593170166
2525,196.90816593170166
2526,196.90816593170166
2527,207.7890338897705
2528,207.7890338897705
2529,196.7890338897705
2530,196.7890338897705
2531,196.7890338897705
2532,196.7890338897705
2533,196.7890338897705
2534,186.21596908569336
2535,197.18388652801514
2536,219.1473035812378
2537,229.98553276062012
2538,229.99554347991943
2539,262.8651189804077
2540,273.83521461486816
2541,273.83521461486816
2542,273.83521461486816
2543,262.83521461486816
2544,251.92382621765137
2545,251.92382621765137
2546,251.92382621765137
2547,251.92382621765137
2548,262.9039554595947
2549,262.8827896118164
2550,262.8827896118164
2551,284.7450313568115
2552,273.81689453125
2553,284.68558502197266
2554,284.68558502197266
2555,284.68558502197266
2556,284.68558502197266
2557,284.68558502197266
2558,295.6432008743286
2559,306.59918880462646
2560,306.59918880462646
2561,328.49363803863525
2562,317.49363803863525
2563,317.49363803863525
2564,328.4697742462158
2565,328.4697742462158
2566,328.4697742462158
2567,339.3190155029297
2568,339.3190155029297
2569,339.3190155029297
2570,350.2792663574219
2571,350.24759674072266
2572,350.24759674072266
2573,350.24759674072266
2574,350.24759674072266
2575,339.2770881652832
2576,328.300573348999
2577,328.300573348999
2578,328.300573348999
2579,328.300573348999
2580,328.300573348999
2581,328.300573348999
2582,328.300573348999
2583,328.300573348999
2584,317.4161024093628
2585,317.4161024093628
2586,306.57787322998047
2587,306.57787322998047
2588,306.659628868103
2589,306.659628868103
2590,306.6850891113281
2591,306.6850891113281
2592,284.7810249328613
2593,273.88904571533203
2594,273.88904571533203
2595,273.88904571533203
2596,273.88904571533203
2597,273.88904571533203
2598,273.88904571533203
2599,273.88904571533203
2600,284.88415145874023
2601,284.88415145874023
2602,295.73765087127686
2603,295.73765087127686
2604,295.73765087127686
2605,306.7234048843384
2606,306.7234048843384
2607,306.7234048843384
2608,306.7234048843384
2609,306.7234048843384
2610,306.7234048843384
2611,306.7234048843384
2612,306.7234048843384
2613,306.7234048843384
2614,306.7234048843384
2615,306.7234048843384
2616,306.7234048843384
2617,306.7234048843384
2618,306.7234048843384
2619,306.7234048843384
2620,306.7234048843384
2621,295.8741636276245
2622,295.8741636276245
2623,295.8741636276245
2624,306.8329076766968
2625,306.8329076766968
2626,295.9642219543457
2627,295.9642219543457
2628,306.93848419189453
2629,317.86570167541504
2630,306.9134292602539
2631,306.9134292602539
2632,306.9134292602539
2633,328.6980094909668
2634,317.7343463897705
2635,328.5854206085205
2636,317.71673011779785
2637,317.71673011779785
2638,317.71673011779785
2639,317.71673011779785
2640,317.71673011779785
2641,317.71673011779785
2642,306.74839973449707
2643,284.8680715560913
2644,273.947904586792
2645,273.947904586792
2646,273.947904586792
2647,273.947904586792
2648,273.947904586792
2649,273.947904586792
2650,273.947904586792
2651,273.947904586792
2652,273.947904586792
2653,273.947904586792
2654,262.9649848937988
2655,273.89276790618896
2656,273.89276790618896
2657,273.89276790618896
2658,273.89276790618896
2659,273.89276790618896
2660,272.31615257263184
2661,272.31615257263184
2662,272.31615257263184
2663,272.31615257263184
2664,262.91751289367676
2665,262.91751289367676
2666,263.09886264801025
2667,252.24536323547363
2668,252.24536323547363
2669,241.28194618225098
2670,241.28194618225098
2671,230.3232021331787
2672,230.3232021331787
2673,230.3232021331787
2674,230.3232021331787
2675,230.3232021331787
2676,230.3232021331787
2677,230.3232021331787
2678,230.3232021331787
2679,230.3232021331787
2680,230.3232021331787
2681,230.3232021331787
2682,230.3232021331787
2683,230.3232021331787
2684,230.3232021331787
2685,230.3232021331787
2686,230.3232021331787
2687,230.3232021331787
2688,230.3232021331787
2689,230.3232021331787
2690,241.23527336120605
2691,241.23527336120605
2692,230.38419914245605
2693,230.38419914245605
2694,230.38419914245605
2695,230.38419914245605
2696,230.38419914245605
2697,241.38419914245605
2698,241.38419914245605
2699,241.38419914245605
2700,252.35639476776123
2701,252.35639476776123
2702,252.35639476776123
2703,252.35639476776123
2704,252.35639476776123
2705,252.35639476776123
2706,252.35639476776123
2707,252.34122371673584
2708,241.3600311279297
2709,241.3600311279297
2710,241.3600311279297
2711,219.36462879180908
2712,219.36462879180908
2713,219.36462879180908
2714,208.4043779373169
2715,208.4043779373169
2716,208.4043779373169
2717,208.4043779373169
2718,208.4043779373169
2719,208.4043779373169
2720,208.4043779373169
2721,208.4043779373169
2722,208.4043779373169
2723,208.4043779373169
2724,208.4043779373169
2725,208.4043779373169
2726,208.4043779373169
2727,208.4043779373169
2728,197.44676208496094
2729,197.44676208496094
2730,197.44676208496094
2731,197.44676208496094
2732,197.44676208496094
2733,197.44676208496094
2734,197.44676208496094
2735,197.44676208496094
2736,197.44676208496094
2737,197.44676208496094
2738,197.44676208496094
2739,197.44676208496094
2740,197.44676208496094
2741,197.44676208496094
2742,186.4766664505005
2743,186.4766664505005
2744,186.4766664505005
2745,186.4766664505005
2746,186.4766664505005
2747,186.4766664505005
2748,186.4766664505005
2749,186.4766664505005
2750,186.4766664505005
2751,186.4766664505005
2752,186.4766664505005
2753,186.4766664505005
2754,186.4766664505005
2755,186.4766664505005
2756,175.4766664505005
2757,164.56459522247314
2758,164.56459522247314
2759,164.56459522247314
2760,153.6086072921753
2761,142.63434505462646
2762,142.63434505462646
2763,142.63434505462646
2764,142.63434505462646
2765,131.6409673690796
2766,131.6409673690796
2767,131.6409673690796
2768,131.6409673690796
2769,120.65521335601807
2770,120.65521335601807
2771,120.65521335601807
2772,109.72799587249756
2773,109.72799587249756
2774,109.72799587249756
2775,109.72799587249756
2776,120.61263847351074
2777,120.61263847351074
2778,120.61263847351074
2779,109.63773441314697
2780,109.63773441314697
2781,120.59417343139648
2782,120.59417343139648
2783,120.59417343139648
2784,120.59417343139648
2785,120.59417343139648
2786,120.59417343139648
2787,120.59417343139648
2788,120.59417343139648
2789,120.59417343139648
2790,120.59417343139648
2791,120.59417343139648
2792,109.66639041900635
2793,109.66639041900635
2794,109.66639041900635
2795,109.66639041900635
2796,109.66639041900635
2797,109.66639041900635
2798,109.66639041900635
2799,109.66639041900635
2800,109.66639041900635
2801,109.66639041900635
2802,109.66639041900635
2803,109.66639041900635
2804,98.70662879943848
2805,98.70662879943848
2806,98.70662879943848
2807,98.70662879943848
2808,98.70662879943848
2809,98.70662879943848
2810,98.70662879943848
2811,87.71152305603027
2812,76.71796703338623
2813,76.71796703338623
2814,76.71796703338623
2815,76.71796703338623
2816,76.71796703338623
2817,76.71796703338623
2818,76.71796703338623
2819,76.71796703338623
2820,76.71796703338623
2821,76.71796703338623
2822,87.19274425506592
2823,87.19274425506592
2824,87.19274425506592
2825,87.19274425506592
2826,87.19274425506592
2827,87.19274425506592
2828,87.19274425506592
2829,76.22681427001953
2830,76.22681427001953
2831,76.22681427001953
2832,76.22681427001953
2833,65.34217166900635
2834,65.34217166900635
2835,65.34217166900635
2836,65.34217166900635
2837,65.34217166900635
2838,65.34217166900635
2839,65.34217166900635
2840,65.34217166900635
2841,65.34217166900635
2842,54.86739444732666
2843,54.86739444732666
2844,54.86739444732666
2845,54.86739444732666
2846,54.86739444732666
2847,54.86739444732666
2848,54.86739444732666
2849,54.86739444732666
2850,54.86739444732666
2851,65.79766654968262
2852,54.83504295349121
2853,54.83504295349121
2854,54.83504295349121
2855,54.83504295349121
2856,54.83504295349121
2857,54.83504295349121
2858,54.83504295349121
2859,54.83504295349121
2860,54.83504295349121
2861,54.83504295349121
2862,54.83504295349121
2863,54.83504295349121
2864,54.83504295349121
2865,54.83504295349121
2866,54.83504295349121
2867,54.83504295349121
2868,54.83504295349121
2869,54.83504295349121
2870,54.83504295349121
2871,54.83504295349121
2872,54.83504295349121
2873,54.83504295349121
2874,54.83504295349121
2875,54.83504295349121
2876,54.83504295349121
2877,54.83504295349121
2878,54.83504295349121
2879,54.83504295349121
2880,54.83504295349121
2881,54.83504295349121
2882,54.83504295349121
2883,54.83504295349121
2884,54.83504295349121
2885,54.83504295349121
2886,43.862847328186035
2887,43.862847328186035
2888,32.88671112060547
2889,32.88671112060547
2890,32.88671112060547
2891,32.88671112060547
2892,32.88671112060547
2893,32.88671112060547
2894,32.88671112060547
2895,32.88671112060547
2896,32.88671112060547
2897,32.88671112060547
2898,32.88671112060547
2899,32.88671112060547
2900,32.88671112060547
2901,32.88671112060547
2902,32.88671112060547
2903,32.86962413787842
2904,32.86962413787842
2905,32.86962413787842
2906,32.86962413787842
2907,32.86962413787842
2908,32.86962413787842
2909,32.86962413787842
2910,32.86962413787842
2911,32.86962413787842
2912,32.86962413787842
2913,32.86962413787842
2914,32.86962413787842
2915,32.86962413787842
2916,32.86962413787842
2917,10.98291301727295
2918,10.98291301727295
2919,10.98291301727295
2920,320.1516447067261
2921,320.1516447067261
2922,320.1516447067261
2923,320.1516447067261
2924,320.1516447067261
2925,320.1516447067261
2926,331.1272916793823
2927,331.1272916793823
2928,21.9585599899292
2929,285.9510221481323
2930,285.9510221481323
2931,285.9510221481323
2932,21.9585599899292
2933,21.9585599899292
2934,21.9585599899292
2935,21.9585599899292
2936,21.9585599899292
2937,21.9585599899292
2938,21.9585599899292
2939,21.9585599899292
2940,21.9585599899292
2941,21.9585599899292
2942,21.9585599899292
2943,21.9585599899292
2944,21.9585599899292
2945,21.9585599899292
2946,21.9585599899292
2947,21.9585599899292
2948,21.9585599899292
2949,21.9585599899292
2950,21.9585599899292
2951,21.9585599899292
2952,21.9585599899292
2953,21.9585599899292
2954,21.9585599899292
2955,21.9585599899292
2956,21.9585599899292
2957,21.9585599899292
2958,21.9585599899292
2959,21.9585599899292
2960,21.9585599899292
2961,21.9585599899292
2962,21.9585599899292
2963,21.9585599899292
2964,21.9585599899292
2965,21.9585599899292
2966,21.9585599899292
2967,21.9585599899292
2968,21.9585599899292
2969,21.9585599899292
2970,21.9585599899292
2971,21.9585599899292
2972,21.9585599899292
2973,21.9585599899292
2974,21.9585599899292
2975,21.9585599899292
2976,21.9585599899292
2977,21.9585599899292
2978,21.9585599899292
2979,21.9585599899292
2980,21.9585599899292
2981,21.9585599899292
2982,21.9585599899292
2983,21.9585599899292
2984,21.9585599899292
2985,21.9585599899292
2986,21.9585599899292
2987,21.9585599899292
2988,21.9585599899292
2989,21.9585599899292
2990,21.9585599899292
2991,21.9585599899292
2992,21.9585599899292
2993,21.9585599899292
2994,21.9585599899292
2995,21.9585599899292
2996,21.9585599899292
2997,21.9585599899292
2998,21.9585599899292
2999,21.9585599899292
3000,21.9585599899292
3001,21.9585599899292
3002,21.9585599899292
3003,21.9585599899292
3004,21.9585599899292
3005,21.9585599899292
3006,21.9585599899292
3007,21.9585599899292
3008,21.9585599899292
3009,21.9585599899292
3010,10.98291301727295
3011,10.98291301727295
3012,10.98291301727295
3013,10.98291301727295
3014,10.98291301727295
3015,10.98291301727295
3016,10.98291301727295
3017,10.98291301727295
3018,10.98291301727295
3019,10.98291301727295
3020,10.98291301727295
3021,10.98291301727295
3022,10.98291301727295
3023,10.98291301727295
3024,10.98291301727295
3025,10.98291301727295
3026,10.98291301727295
3027,10.98291301727295
3028,10.98291301727295
3029,10.98291301727295
3030,10.98291301727295
3031,10.98291301727295
3032,10.98291301727295
3033,10.98291301727295
3034,10.98291301727295
3035,10.98291301727295
3036,10.98291301727295
3037,10.98291301727295
3038,10.98291301727295
3039,10.98291301727295
3040,10.98291301727295
3041,0.0
3042,0.0
3043,0.0
3044,0.0
3045,0.0
3046,0.0
3047,0.0
3048,0.0
3049,0.0
3050,0.0
3051,0.0
3052,0.0
3053,0.0
3054,0.0
3055,0.0
3056,0.0
3057,0.0
3058,0.0
3059,0.0
3060,0.0
3061,0.0
3062,0.0
3063,0.0
3064,0.0
3065,0.0
3066,0.0
3067,0.0
3068,0.0
3069,0.0
3070,0.0
3071,0.0
3072,0.0
3073,0.0
3074,0.0
3075,0.0
3076,0.0
3077,0.0
3078,0.0
3079,0.0
3080,0.0
3081,0.0
3082,0.0
3083,0.0
3084,0.0
3085,0.0
3086,0.0
3087,0.0
3088,0.0
3089,0.0
3090,0.0
3091,0.0
3092,0.0
3093,0.0
3094,0.0
3095,0.0
3096,0.0
3097,0.0
3098,0.0
3099,0.0
3100,0.0
3101,0.0
3102,0.0
3103,0.0
3104,0.0
3105,0.0
3106,0.0
3107,0.0
3108,0.0
3109,0.0
3110,10.960372924804688
3111,10.960372924804688
3112,10.960372924804688
3113,10.960372924804688
3114,10.960372924804688
3115,10.960372924804688
3116,10.960372924804688
3117,10.960372924804688
3118,10.960372924804688
3119,10.960372924804688
3120,10.960372924804688
3121,10.960372924804688
3122,10.960372924804688
3123,10.960372924804688
3124,10.960372924804688
3125,10.960372924804688
3126,10.960372924804688
3127,10.960372924804688
3128,10.960372924804688
3129,10.960372924804688
3130,10.960372924804688
3131,10.960372924804688
3132,10.960372924804688
3133,10.960372924804688
3134,10.960372924804688
3135,10.960372924804688
3136,10.960372924804688
3137,10.960372924804688
3138,10.960372924804688
3139,10.960372924804688
3140,10.960372924804688
3141,10.960372924804688
3142,10.960372924804688
3143,10.960372924804688
3144,10.960372924804688
3145,10.960372924804688
3146,10.960372924804688
3147,10.960372924804688
3148,10.960372924804688
3149,10.960372924804688
3150,10.960372924804688
3151,10.960372924804688
3152,10.960372924804688
3153,10.960372924804688
3154,10.960372924804688
3155,10.960372924804688
3156,10.960372924804688
3157,10.960372924804688
3158,10.960372924804688
3159,21.853976249694824
3160,21.853976249694824
3161,21.853976249694824
3162,21.853976249694824
3163,21.853976249694824
3164,21.853976249694824
3165,21.853976249694824
3166,21.853976249694824
3167,21.853976249694824
3168,21.853976249694824
3169,21.853976249694824
3170,21.853976249694824
3171,21.853976249694824
3172,21.853976249694824
3173,21.853976249694824
3174,21.853976249694824
3175,21.853976249694824
3176,21.853976249694824
3177,21.853976249694824
3178,21.853976249694824
3179,21.853976249694824
3180,21.853976249694824
3181,21.853976249694824
3182,21.853976249694824
3183,21.853976249694824
3184,21.853976249694824
3185,21.853976249694824
3186,21.853976249694824
3187,21.853976249694824
3188,21.853976249694824
3189,21.853976249694824
3190,21.853976249694824
3191,21.853976249694824
3192,21.853976249694824
3193,21.853976249694824
3194,21.853976249694824
3195,21.853976249694824
3196,21.853976249694824
3197,21.853976249694824
3198,21.853976249694824
3199,21.853976249694824
3200,10.893603324890137
3201,10.893603324890137
3202,10.893603324890137
3203,10.893603324890137
3204,10.893603324890137
3205,10.893603324890137
3206,10.893603324890137
3207,10.893603324890137
3208,10.893603324890137
3209,10.893603324890137
3210,0.0
3211,0.0
3212,0.0
3213,0.0
3214,0.0
3215,0.0
3216,0.0
3217,0.0
3218,0.0
3219,0.0
3220,0.0
3221,0.0
3222,0.0
3223,0.0
3224,0.0
3225,0.0
3226,0.0
3227,0.0
3228,0.0
3229,0.0
3230,0.0
3231,0.0
3232,0.0
3233,0.0
3234,0.0
3235,0.0
3236,0.0
3237,0.0
3238,0.0
3239,0.0
3240,0.0
3241,0.0
3242,0.0
3243,0.0
3244,0.0
3245,0.0
3246,0.0
3247,0.0
3248,0.0
3249,0.0
3250,0.0
3251,0.0
3252,0.0
3253,0.0
3254,0.0
3255,0.0
3256,0.0
3257,0.0
3258,0.0
3259,0.0
3260,0.0
3261,0.0
3262,0.0
3263,0.0
3264,0.0
3265,0.0
3266,0.0
3267,0.0
3268,0.0
3269,0.0
3270,0.0
3271,0.0
3272,0.0
3273,0.0
3274,0.0
3275,10.882418632507324
3276,10.882418632507324
3277,10.882418632507324
3278,10.882418632507324
3279,21.864447593688965
3280,21.864447593688965
3281,21.864447593688965
3282,21.864447593688965
3283,21.864447593688965
3284,21.864447593688965
3285,21.864447593688965
3286,21.864447593688965
3287,21.864447593688965
3288,21.864447593688965
3289,21.864447593688965
3290,21.864447593688965
3291,32.81730365753174
3292,32.81730365753174
3293,32.81730365753174
3294,32.81730365753174
3295,32.81730365753174
3296,21.934885025024414
3297,21.934885025024414
3298,21.934885025024414
3299,32.9152307510376
3300,32.9152307510376
3301,32.9152307510376
3302,32.9152307510376
3303,32.9152307510376
3304,32.9152307510376
3305,32.9152307510376
3306,32.9152307510376
3307,32.9152307510376
3308,43.86201095581055
3309,43.86201095581055
3310,43.86201095581055
3311,54.86201095581055
3312,54.86201095581055
3313,54.86201095581055
3314,54.86201095581055
3315,54.86201095581055
3316,54.86201095581055
3317,54.86201095581055
3318,54.86201095581055
3319,54.86201095581055
3320,54.86201095581055
3321,54.86201095581055
3322,54.86201095581055
3323,54.86201095581055
3324,54.86201095581055
3325,54.86201095581055
3326,54.86201095581055
3327,54.86201095581055
3328,65.34066581726074
3329,65.34066581726074
3330,65.34066581726074
3331,65.34066581726074
3332,76.31941509246826
3333,65.33738613128662
3334,65.33738613128662
3335,65.33738613128662
3336,65.33738613128662
3337,65.33738613128662
3338,65.33738613128662
3339,65.33738613128662
3340,76.24855136871338
3341,76.24855136871338
3342,76.24855136871338
3343,98.1883897781372
3344,98.1883897781372
3345,98.1883897781372
3346,87.70973491668701
3347,87.70973491668701
3348,87.70973491668701
3349,87.70973491668701
3350,87.70973491668701
3351,87.70973491668701
3352,87.70973491668701
3353,87.70973491668701
3354,98.70121002197266
3355,98.70121002197266
3356,98.70121002197266
3357,98.70121002197266
3358,98.70121002197266
3359,120.58036136627197
3360,120.58036136627197
3361,120.58036136627197
3362,120.58036136627197
3363,120.58036136627197
3364,120.58036136627197
3365,120.58036136627197
3366,120.58036136627197
3367,120.58036136627197
3368,153.35645198822021
3369,153.35645198822021
3370,153.35645198822021
3371,153.35645198822021
3372,153.35645198822021
3373,153.35645198822021
3374,142.35645198822021
3375,142.35645198822021
3376,153.35645198822021
3377,153.35645198822021
3378,153.35645198822021
3379,175.26481533050537
3380,175.26481533050537
3381,175.26481533050537
3382,175.26481533050537
3383,186.19716453552246
3384,197.15878105163574
3385,197.15878105163574
3386,197.15878105163574
3387,197.15878105163574
3388,186.20592498779297
3389,186.20592498779297
3390,186.20592498779297
3391,196.69354915618896
3392,196.69354915618896
3393,196.69354915618896
3394,196.69354915618896
3395,196.69354915618896
3396,196.69354915618896
3397,196.69354915618896
3398,196.69354915618896
3399,196.69354915618896
3400,196.69354915618896
3401,196.69354915618896
3402,207.6733627319336
3403,207.6733627319336
3404,207.6733627319336
3405,196.6930170059204
3406,185.75380039215088
3407,185.75380039215088
3408,175.26617622375488
3409,175.26617622375488
3410,175.26617622375488
3411,175.26617622375488
3412,175.26617622375488
3413,175.26617622375488
3414,175.26617622375488
3415,175.26617622375488
3416,175.26617622375488
3417,175.26617622375488
3418,186.26617622375488
3419,186.26617622375488
3420,186.26617622375488
3421,186.26617622375488
3422,186.26617622375488
3423,175.26617622375488
3424,175.26617622375488
3425,175.26617622375488
3426,175.2257843017578
3427,175.2257843017578
3428,186.21423053741455
3429,197.21423053741455
3430,197.21423053741455
3431,197.21423053741455
3432,197.21423053741455
3433,197.21423053741455
3434,197.21423053741455
3435,197.21423053741455
3436,208.19321250915527
3437,197.19321250915527
3438,197.19321250915527
3439,197.19321250915527
3440,197.19321250915527
3441,186.30233669281006
3442,186.30233669281006
3443,186.30233669281006
3444,186.30233669281006
3445,186.306378364563
3446,186.306378364563
3447,186.306378364563
3448,197.27398014068604
3449,197.27398014068604
3450,186.3517198562622
3451,186.3517198562622
3452,208.13435459136963
3453,208.13435459136963
3454,208.13435459136963
3455,208.13435459136963
3456,208.13435459136963
3457,208.13435459136963
3458,208.17968940734863
3459,208.17968940734863
3460,219.17963886260986
3461,208.24728965759277
3462,208.24728965759277
3463,197.24728965759277
3464,197.24728965759277
3465,208.11968231201172
3466,219.05606746673584
3467,230.00624179840088
3468,230.00624179840088
3469,240.98455810546875
3470,240.98455810546875
3471,240.98455810546875
3472,240.98455810546875
3473,240.98455810546875
3474,240.98455810546875
3475,240.98455810546875
3476,240.98455810546875
3477,251.78637981414795
3478,251.78637981414795
3479,251.78637981414795
3480,251.78637981414795
3481,251.78637981414795
3482,251.78637981414795
3483,251.78637981414795
3484,251.78637981414795
3485,251.78637981414795
3486,251.78637981414795
3487,251.78637981414795
3488,240.84654140472412
3489,240.84654140472412
3490,240.84654140472412
3491,251.75540351867676
3492,251.75540351867676
3493,240.77665424346924
3494,240.77665424346924
3495,240.77665424346924
3496,251.5736608505249
3497,251.5736608505249
3498,251.5736608505249
3499,251.5736608505249
3500,240.6126308441162
3501,240.6126308441162
3502,240.6126308441162
3503,240.6126308441162
3504,240.6126308441162
3505,240.6126308441162
3506,240.6126308441162
3507,240.6126308441162
3508,240.6126308441162
3509,251.40795135498047
3510,240.42813777923584
3511,240.42813777923584
3512,240.42813777923584
3513,240.42813777923584
3514,240.42813777923584
3515,240.42813777923584
3516,229.42813777923584
3517,229.42813777923584
3518,229.42813777923584
3519,229.42813777923584
3520,218.48416137695312
3521,218.48416137695312
3522,218.48416137695312
3523,207.57058811187744
3524,185.90118885040283
3525,185.90118885040283
3526,153.31257152557373
3527,153.31257152557373
3528,142.333589553833
3529,142.333589553833
3530,142.333589553833
3531,131.42720127105713
3532,131.42720127105713
3533,131.42720127105713
3534,131.42720127105713
3535,120.55813980102539
3536,120.55813980102539
3537,120.55813980102539
3538,120.55813980102539
3539,120.55813980102539
3540,120.55813980102539
3541,120.55813980102539
3542,120.55813980102539
3543,120.55813980102539
3544,120.55813980102539
3545,120.55813980102539
3546,120.55813980102539
3547,120.55813980102539
3548,120.55813980102539
3549,120.55813980102539
3550,120.55813980102539
3551,120.55813980102539
3552,120.55813980102539
3553,120.55813980102539
3554,120.55813980102539
3555,131.49801635742188
3556,131.49801635742188
3557,131.49801635742188
3558,131.49801635742188
3559,131.49801635742188
3560,131.49801635742188
3561,131.49801635742188
3562,142.48131370544434
3563,142.48131370544434
3564,142.48131370544434
3565,142.48131370544434
3566,142.48131370544434
3567,142.48131370544434
3568,142.48131370544434
3569,142.48131370544434
3570,142.48131370544434
3571,142.48131370544434
3572,142.48131370544434
3573,142.48131370544434
3574,142.48131370544434
3575,142.48131370544434
3576,142.48131370544434
3577,142.48131370544434
3578,142.48131370544434
3579,142.48131370544434
3580,142.48131370544434
3581,131.53398036956787
3582,131.53398036956787
3583,131.53398036956787
3584,131.53398036956787
3585,131.53398036956787
3586,131.53398036956787
3587,131.53398036956787
3588,131.53398036956787
3589,131.53398036956787
3590,131.53398036956787
3591,131.53398036956787
3592,131.53398036956787
3593,131.53398036956787
3594,131.53398036956787
3595,131.53398036956787
3596,131.53398036956787
3597,131.53398036956787
3598,131.53398036956787
3599,131.53398036956787
3600,131.53398036956787
3601,131.53398036956787
3602,131.53398036956787
3603,120.5556640625
3604,120.5556640625
3605,131.40428256988525
3606,131.40428256988525
3607,131.40428256988525
3608,131.40428256988525
3609,120.49542045593262
3610,109.52781867980957
3611,98.59143352508545
3612,98.59143352508545
3613,98.59143352508545
3614,98.59143352508545
3615,87.7428150177002
3616,87.7428150177002
3617,87.7428150177002
3618,87.7428150177002
3619,87.7428150177002
3620,76.78631496429443
3621,76.78631496429443
3622,76.78631496429443
3623,76.78631496429443
3624,76.78631496429443
3625,76.78631496429443
3626,65.82469844818115
3627,65.82469844818115
3628,65.82469844818115
3629,65.82469844818115
3630,65.81918621063232
3631,65.81918621063232
3632,54.869011878967285
3633,54.869011878967285
3634,54.869011878967285
3635,54.869011878967285
3636,54.869011878967285
3637,54.869011878967285
3638,54.869011878967285
3639,54.869011878967285
3640,54.869011878967285
3641,54.869011878967285
3642,54.869011878967285
3643,54.869011878967285
3644,65.61519432067871
3645,65.61519432067871
3646,65.61519432067871
3647,65.61519432067871
3648,65.61519432067871
3649,65.61519432067871
3650,65.61519432067871
3651,65.61519432067871
3652,65.61519432067871
3653,65.61519432067871
3654,65.61519432067871
3655,65.61519432067871
3656,303.5251522064209
3657,303.5251522064209
3658,303.5251522064209
3659,54.67531776428223
3660,54.67531776428223
3661,54.67531776428223
3662,54.67531776428223
3663,54.67531776428223
3664,54.67531776428223
3665,54.67531776428223
3666,54.67531776428223
3667,54.67531776428223
3668,54.67531776428223
3669,54.67531776428223
3670,54.67531776428223
3671,54.67531776428223
3672,54.67531776428223
3673,54.67531776428223
3674,54.67531776428223
3675,43.68687152862549
3676,43.68687152862549
3677,43.68687152862549
3678,43.68687152862549
3679,43.68687152862549
3680,43.68687152862549
3681,32.94068908691406
3682,32.94068908691406
3683,21.940739631652832
3684,21.940739631652832
3685,21.940739631652832
3686,21.940739631652832
3687,21.940739631652832
3688,21.940739631652832
3689,21.940739631652832
3690,21.940739631652832
3691,21.940739631652832
3692,21.940739631652832
3693,32.9161319732666
3694,32.9161319732666
3695,32.9161319732666
3696,32.9161319732666
3697,32.9161319732666
3698,32.9161319732666
3699,32.9161319732666
3700,32.9161319732666
3701,32.9161319732666
3702,43.9161319732666
3703,43.9161319732666
3704,43.9161319732666
3705,43.9161319732666
3706,43.9161319732666
3707,43.9161319732666
3708,43.9161319732666
3709,32.94073963165283
3710,32.94073963165283
3711,32.94073963165283
3712,32.94073963165283
3713,32.94073963165283
3714,32.94073963165283
3715,43.87784194946289
3716,43.87784194946289
3717,43.87784194946289
3718,43.87784194946289
3719,43.87784194946289
3720,43.87784194946289
3721,43.87784194946289
3722,43.87784194946289
3723,43.87784194946289
3724,43.87784194946289
3725,43.87784194946289
3726,43.87784194946289
3727,43.87784194946289
3728,43.87784194946289
3729,43.87784194946289
3730,43.87784194946289
3731,43.87784194946289
3732,43.87784194946289
3733,43.87784194946289
3734,43.87784194946289
3735,43.87784194946289
3736,43.87784194946289
3737,43.87784194946289
3738,43.87784194946289
3739,43.87784194946289
3740,43.87784194946289
3741,43.87784194946289
3742,43.87784194946289
3743,43.87784194946289
3744,43.87784194946289
3745,43.87784194946289
3746,43.87784194946289
3747,43.87784194946289
3748,43.87784194946289
3749,43.87784194946289
3750,54.86290168762207
3751,54.86290168762207
3752,54.86290168762207
3753,65.84223651885986
3754,65.84223651885986
3755,65.84223651885986
3756,65.84223651885986
3757,65.84223651885986
3758,65.84223651885986
3759,65.84223651885986
3760,65.84223651885986
3761,65.84223651885986
3762,65.84223651885986
3763,65.84223651885986
3764,65.84223651885986
3765,65.84223651885986
3766,76.81101608276367
3767,76.81101608276367
3768,76.81101608276367
3769,76.81101608276367
3770,76.81101608276367
3771,76.81101608276367
3772,76.81101608276367
3773,76.81101608276367
3774,76.81101608276367
3775,76.81101608276367
3776,76.81101608276367
3777,65.8535737991333
3778,76.6658239364624
3779,76.6658239364624
3780,76.6658239364624
3781,76.6658239364624
3782,76.6658239364624
3783,76.6658239364624
3784,76.6658239364624
3785,76.6658239364624
3786,76.6658239364624
3787,76.6658239364624
3788,76.6658239364624
3789,76.6658239364624
3790,76.6658239364624
3791,76.6658239364624
3792,76.6658239364624
3793,76.6658239364624
3794,76.6658239364624
3795,76.6658239364624
3796,76.6658239364624
3797,76.6658239364624
3798,65.68252658843994
3799,65.68252658843994
3800,65.68252658843994
3801,65.68252658843994
3802,76.57465267181396
3803,76.57465267181396
3804,76.57465267181396
3805,76.57465267181396
3806,76.57465267181396
3807,76.57465267181396
3808,76.57465267181396
3809,65.6375503540039
3810,65.6375503540039
3811,76.62731647491455
3812,76.62731647491455
3813,76.62731647491455
3814,76.62731647491455
3815,76.62731647491455
3816,76.62731647491455
3817,76.62731647491455
3818,76.62731647491455
3819,76.62731647491455
3820,76.62731647491455
3821,76.62731647491455
3822,65.81506633758545
3823,65.81506633758545
3824,87.7180643081665
3825,87.7180643081665
3826,87.7180643081665
3827,87.7180643081665
3828,87.7180643081665
3829,87.7180643081665
3830,87.7180643081665
3831,87.7180643081665
3832,87.7180643081665
3833,87.7180643081665
3834,87.7180643081665
3835,87.7180643081665
3836,87.7180643081665
3837,87.7180643081665
3838,87.7180643081665
3839,87.7180643081665
3840,87.7180643081665
3841,87.7180643081665
3842,87.7180643081665
3843,87.7180643081665
3844,87.7180643081665
3845,87.7180643081665
3846,76.82593822479248
3847,76.82593822479248
3848,76.82593822479248
3849,76.82593822479248
3850,76.82593822479248
3851,76.82593822479248
3852,76.82593822479248
3853,76.82593822479248
3854,76.82593822479248
3855,76.82593822479248
3856,76.82593822479248
3857,76.92283916473389
3858,76.92283916473389
3859,76.92283916473389
3860,65.92283916473389
3861,76.91054153442383
3862,76.91054153442383
3863,76.91054153442383
3864,76.91054153442383
3865,76.91054153442383
3866,76.91054153442383
3867,76.91054153442383
3868,76.91054153442383
3869,76.91054153442383
3870,76.91054153442383
3871,76.91054153442383
3872,76.91054153442383
3873,76.91054153442383
3874,76.91054153442383
3875,76.91054153442383
3876,76.91054153442383
3877,65.92077541351318
3878,65.92077541351318
3879,65.92077541351318
3880,65.92077541351318
3881,65.92077541351318
3882,65.92077541351318
3883,65.92077541351318
3884,65.92077541351318
3885,65.92077541351318
3886,76.86735820770264
3887,76.86735820770264
3888,76.86735820770264
3889,76.86735820770264
3890,76.86735820770264
3891,65.8796558380127
3892,65.8796558380127
3893,76.86594295501709
3894,76.86594295501709
3895,65.86594295501709
3896,65.86594295501709
3897,65.86594295501709
3898,76.79762554168701
3899,76.79762554168701
3900,76.79762554168701
3901,87.79762554168701
3902,109.72600078582764
3903,109.72600078582764
3904,109.72600078582764
3905,109.72600078582764
3906,109.72600078582764
3907,120.70807647705078
3908,120.70807647705078
3909,120.70807647705078
3910,120.70807647705078
3911,131.70807647705078
3912,131.70807647705078
3913,131.69605922698975
3914,131.69605922698975
3915,131.69605922698975
3916,131.69605922698975
3917,131.69605922698975
3918,131.69605922698975
3919,142.65365505218506
3920,142.65365505218506
3921,142.65365505218506
3922,142.65365505218506
3923,142.65365505218506
3924,142.65365505218506
3925,142.65365505218506
3926,142.65365505218506
3927,142.65365505218506
3928,142.65365505218506
3929,142.65365505218506
3930,142.65365505218506
3931,142.65365505218506
3932,164.53772449493408
3933,164.53772449493408
3934,164.53772449493408
3935,164.53772449493408
3936,164.53772449493408
3937,164.53772449493408
3938,164.53772449493408
3939,164.53772449493408
3940,153.60315895080566
3941,153.60315895080566
3942,153.60315895080566
3943,164.49530220031738
3944,175.40551471710205
3945,175.40551471710205
3946,175.40551471710205
3947,175.40551471710205
3948,186.26566314697266
3949,186.26566314697266
3950,186.26566314697266
3951,186.26566314697266
3952,186.26566314697266
3953,186.26566314697266
3954,197.19624042510986
3955,197.19624042510986
3956,197.19624042510986
3957,197.19624042510986
3958,208.19110107421875
3959,208.19110107421875
3960,208.19110107421875
3961,208.19110107421875
3962,208.19110107421875
3963,208.19110107421875
3964,208.19110107421875
3965,208.19110107421875
3966,208.19110107421875
3967,208.19110107421875
3968,219.1021728515625
3969,241.0260238647461
3970,251.97064685821533
3971,262.80206298828125
3972,262.80206298828125
3973,262.80206298828125
3974,262.8124370574951
3975,262.8124370574951
3976,262.8124370574951
3977,262.8124370574951
3978,273.64323806762695
3979,273.64323806762695
3980,262.81182193756104
3981,262.81182193756104
3982,262.81182193756104
3983,262.81182193756104
3984,262.81182193756104
3985,262.81182193756104
3986,262.81182193756104
3987,273.811598777771
3988,273.84484100341797
3989,284.76044940948486
3990,284.76044940948486
3991,273.7891025543213
3992,273.7891025543213
3993,273.75865745544434
3994,262.75865745544434
3995,262.75865745544434
3996,273.45831966400146
3997,273.45831966400146
3998,273.45831966400146
3999,273.45831966400146
4000,273.45831966400146
4001,273.45831966400146
4002,273.45831966400146
4003,273.45831966400146
4004,273.45831966400146
4005,273.45831966400146
4006,284.45831966400146
4007,273.75865745544434
4008,273.75865745544434
4009,273.75865745544434
4010,284.6667194366455
4011,284.6667194366455
4012,295.56160831451416
4013,306.4833583831787
4014,306.4833583831787
4015,306.4833583831787
4016,306.4833583831787
4017,317.45420932769775
4018,317.45420932769775
4019,306.59406089782715
4020,306.59406089782715
4021,317.48734855651855
4022,317.48734855651855
4023,317.48734855651855
4024,306.55677127838135
4025,306.55677127838135
4026,306.55677127838135
4027,306.55677127838135
4028,284.7329454421997
4029,284.67420864105225
4030,262.90432834625244
4031,262.90432834625244
4032,262.90432834625244
4033,262.90432834625244
4034,262.90432834625244
4035,262.90432834625244
4036,273.892201423645
4037,262.892201423645
4038,273.83503913879395
4039,273.83503913879395
4040,262.8573579788208
4041,262.8573579788208
4042,251.8573579788208
4043,262.82725620269775
4044,262.82725620269775
4045,251.916184425354
4046,262.80824089050293
4047,262.80824089050293
4048,262.7539577484131
4049,273.4921579360962
4050,273.4921579360962
4051,262.5345621109009
4052,262.5345621109009
4053,262.5345621109009
4054,262.5345621109009
4055,262.5345621109009
4056,262.5345621109009
4057,262.5345621109009
4058,262.5345621109009
4059,262.5345621109009
4060,262.5345621109009
4061,262.5345621109009
4062,262.5345621109009
4063,251.5466890335083
4064,251.5466890335083
4065,251.5466890335083
4066,251.5466890335083
4067,251.5466890335083
4068,251.5466890335083
4069,251.5466890335083
4070,251.5466890335083
4071,240.59779930114746
4072,240.59779930114746
4073,240.59779930114746
4074,240.59779930114746
4075,240.59779930114746
4076,240.59779930114746
4077,240.59779930114746
4078,240.59779930114746
4079,240.59779930114746
4080,240.59779930114746
4081,240.59779930114746
4082,229.68219089508057
4083,229.68219089508057
4084,229.68219089508057
4085,229.68219089508057
4086,207.96191501617432
4087,207.96191501617432
4088,207.96191501617432
4089,207.96191501617432
4090,207.96191501617432
4091,207.96191501617432
4092,197.05385303497314
4093,197.05385303497314
4094,197.05385303497314
4095,197.05385303497314
4096,197.05385303497314
4097,175.2656764984131
4098,175.2656764984131
4099,175.2656764984131
4100,175.2656764984131
4101,175.2656764984131
4102,175.2656764984131
4103,175.2656764984131
4104,175.2656764984131
4105,175.2656764984131
4106,175.2656764984131
4107,175.2656764984131
4108,175.2656764984131
4109,175.2656764984131
4110,175.2656764984131
4111,153.46512413024902
4112,153.46512413024902
4113,153.46512413024902
4114,153.46512413024902
4115,153.46512413024902
4116,153.46512413024902
4117,153.46512413024902
4118,153.46512413024902
4119,153.46512413024902
4120,153.46512413024902
4121,131.55999565124512
4122,131.55999565124512
4123,131.55999565124512
4124,131.46808624267578
4125,131.46808624267578
4126,131.46808624267578
4127,131.46808624267578
4128,131.46808624267578
4129,131.46808624267578
4130,131.46808624267578
4131,131.46808624267578
4132,120.52682304382324
4133,120.52682304382324
4134,120.52682304382324
4135,120.52682304382324
4136,120.52682304382324
4137,120.52682304382324
4138,131.49227809906006
4139,131.49227809906006
4140,120.4925012588501
4141,120.4925012588501
4142,120.4925012588501
4143,120.4925012588501
4144,120.4925012588501
4145,131.48640632629395
4146,131.48640632629395
4147,131.48640632629395
4148,131.48640632629395
4149,120.54440689086914
4150,120.54440689086914
4151,120.54440689086914
4152,120.54440689086914
4153,120.54440689086914
4154,119.57007312774658
4155,119.57007312774658
4156,119.57007312774658
4157,119.57007312774658
4158,130.56434726715088
4159,120.5790433883667
4160,120.5790433883667
4161,120.5790433883667
4162,120.5790433883667
4163,120.5790433883667
4164,120.5790433883667
4165,120.5790433883667
4166,120.5790433883667
4167,120.5790433883667
4168,131.3296995162964
4169,131.3296995162964
4170,131.3296995162964
4171,131.3296995162964
4172,131.3296995162964
4173,120.40174102783203
4174,120.40174102783203
4175,120.40174102783203
4176,120.40174102783203
4177,120.40174102783203
4178,120.40174102783203
4179,120.40174102783203
4180,120.40174102783203
4181,98.6802339553833
4182,98.6802339553833
4183,98.6802339553833
4184,98.6802339553833
4185,98.6802339553833
4186,98.6802339553833
4187,98.6802339553833
4188,98.6802339553833
4189,98.6802339553833
4190,109.6329174041748
4191,109.6329174041748
4192,109.6329174041748
4193,109.6329174041748
4194,98.65760517120361
4195,98.65760517120361
4196,98.65760517120361
4197,98.65760517120361
4198,98.65760517120361
4199,98.65760517120361
4200,98.65760517120361
4201,98.65760517120361
4202,98.65760517120361
4203,98.65760517120361
4204,98.65760517120361
4205,98.65760517120361
4206,87.7602186203003
4207,87.7602186203003
4208,87.7602186203003
4209,87.7602186203003
4210,87.7602186203003
4211,98.69895458221436
4212,98.69895458221436
4213,98.69895458221436
4214,98.69895458221436
4215,98.69895458221436
4216,87.73349952697754
4217,87.73349952697754
4218,87.73349952697754
4219,87.73349952697754
4220,87.73349952697754
4221,87.73349952697754
4222,87.73349952697754
4223,87.73349952697754
4224,87.73349952697754
4225,76.79066181182861
4226,76.79066181182861
4227,76.79066181182861
4228,76.79066181182861
4229,76.79066181182861
4230,76.79066181182861
4231,76.79066181182861
4232,87.71627712249756
4233,87.71627712249756
4234,87.71627712249756
4235,87.71627712249756
4236,87.71627712249756
4237,87.71627712249756
4238,87.71627712249756
4239,87.71627712249756
4240,87.71627712249756
4241,76.72237205505371
4242,76.72237205505371
4243,65.72809791564941
4244,65.72809791564941
4245,65.72809791564941
4246,65.72809791564941
4247,65.72809791564941
4248,65.72809791564941
4249,65.72809791564941
4250,65.72809791564941
4251,65.72809791564941
4252,65.72809791564941
4253,65.72809791564941
4254,65.72809791564941
4255,65.72809791564941
4256,54.76608657836914
4257,54.76608657836914
4258,54.76608657836914
4259,54.76608657836914
4260,54.76608657836914
4261,54.76608657836914
4262,54.76608657836914
4263,54.76608657836914
4264,54.76608657836914
4265,54.76608657836914
4266,54.76608657836914
4267,54.76608657836914
4268,54.76608657836914
4269,54.76608657836914
4270,43.786932945251465
4271,43.786932945251465
4272,43.786932945251465
4273,43.786932945251465
4274,43.786932945251465
4275,43.786932945251465
4276,43.786932945251465
4277,54.69480895996094
4278,54.69480895996094
4279,54.69480895996094
4280,54.69480895996094
4281,54.69480895996094
4282,54.69480895996094
4283,54.69480895996094
4284,54.69480895996094
4285,43.724910736083984
4286,43.724910736083984
4287,43.724910736083984
4288,43.724910736083984
4289,43.724910736083984
4290,43.724910736083984
4291,43.724910736083984
4292,43.724910736083984
4293,43.724910736083984
4294,43.724910736083984
4295,43.724910736083984
4296,43.724910736083984
4297,43.724910736083984
4298,43.724910736083984
4299,43.724910736083984
4300,43.724910736083984
4301,43.724910736083984
4302,43.724910736083984
4303,43.724910736083984
4304,43.724910736083984
4305,43.724910736083984
4306,43.724910736083984
4307,43.724910736083984
4308,43.724910736083984
4309,43.724910736083984
4310,43.724910736083984
4311,43.724910736083984
4312,32.79929542541504
4313,32.79929542541504
4314,32.79929542541504
4315,32.79929542541504
4316,32.79929542541504
4317,32.79929542541504
4318,32.79929542541504
4319,32.79929542541504
4320,32.79929542541504
4321,32.79929542541504
4322,32.79929542541504
4323,10.907876014709473
4324,10.907876014709473
4325,10.907876014709473
4326,10.907876014709473
4327,10.907876014709473
4328,0.0
4329,0.0
4330,0.0
4331,0.0
4332,0.0
4333,0.0
4334,0.0
4335,0.0
4336,0.0
4337,0.0
4338,0.0
4339,0.0
4340,0.0
4341,0.0
4342,0.0
4343,0.0
4344,0.0
4345,0.0
4346,0.0
4347,0.0
4348,0.0
4349,0.0
4350,0.0
4351,0.0
4352,0.0
4353,0.0
4354,0.0
4355,0.0
4356,0.0
4357,0.0
4358,0.0
4359,0.0
4360,0.0
4361,0.0
4362,0.0
4363,0.0
4364,0.0
4365,0.0
4366,0.0
4367,0.0
4368,0.0
4369,0.0
4370,0.0
4371,0.0
4372,0.0
4373,0.0
4374,0.0
4375,0.0
4376,0.0
4377,295.1942443847656
4378,295.1942443847656
4379,295.1942443847656
4380,0.0
4381,0.0
4382,0.0
4383,0.0
4384,0.0
4385,0.0
4386,0.0
4387,0.0
4388,0.0
4389,0.0
4390,0.0
4391,0.0
4392,0.0
4393,0.0
4394,0.0
4395,0.0
4396,0.0
4397,0.0
4398,0.0
4399,0.0
4400,0.0
4401,0.0
4402,0.0
4403,0.0
4404,0.0
4405,0.0
4406,0.0
4407,0.0
4408,0.0
4409,0.0
4410,0.0
4411,0.0
4412,0.0
4413,0.0
4414,0.0
4415,0.0
4416,0.0
4417,0.0
4418,0.0
4419,0.0
4420,0.0
4421,0.0
4422,0.0
4423,0.0
4424,0.0
4425,0.0
4426,0.0
4427,0.0
4428,0.0
4429,0.0
4430,0.0
4431,0.0
4432,0.0
4433,0.0
4434,0.0
4435,0.0
4436,0.0
4437,0.0
4438,0.0
4439,0.0
4440,0.0
4441,0.0
4442,0.0
4443,0.0
4444,0.0
4445,0.0
4446,0.0
4447,0.0
4448,0.0
4449,0.0
4450,0.0
4451,0.0
4452,0.0
4453,0.0
4454,9.111332893371582
4455,9.111332893371582
4456,9.111332893371582
4457,9.111332893371582
4458,9.111332893371582
4459,0.0
4460,0.0
4461,0.0
4462,0.0
4463,0.0
4464,0.0
4465,0.0
4466,0.0
4467,0.0
4468,0.0
4469,0.0
4470,0.0
4471,0.0
4472,0.0
4473,0.0
4474,0.0
4475,0.0
4476,0.0
4477,0.0
4478,0.0
4479,0.0
4480,0.0
4481,0.0
4482,0.0
4483,0.0
4484,0.0
4485,0.0
4486,0.0
4487,0.0
4488,0.0
4489,0.0
4490,0.0
4491,0.0
4492,0.0
4493,0.0
4494,0.0
4495,0.0
4496,0.0
4497,0.0
4498,0.0
4499,0.0
4500,0.0
4501,0.0
4502,0.0
4503,0.0
4504,0.0
4505,0.0
4506,0.0
4507,0.0
4508,0.0
4509,0.0
4510,0.0
4511,0.0
4512,0.0
4513,0.0
4514,0.0
4515,10.978216171264648
4516,10.978216171264648
4517,10.978216171264648
4518,10.978216171264648
4519,10.978216171264648
4520,10.978216171264648
4521,10.978216171264648
4522,10.978216171264648
4523,10.978216171264648
4524,10.978216171264648
4525,10.978216171264648
4526,10.978216171264648
4527,10.978216171264648
4528,10.978216171264648
4529,10.978216171264648
4530,10.978216171264648
4531,10.978216171264648
4532,10.978216171264648
4533,10.978216171264648
4534,10.978216171264648
4535,10.978216171264648
4536,10.978216171264648
4537,10.978216171264648
4538,10.978216171264648
4539,10.978216171264648
4540,10.978216171264648
4541,10.978216171264648
4542,10.978216171264648
4543,10.978216171264648
4544,10.978216171264648
4545,10.978216171264648
4546,10.978216171264648
4547,10.978216171264648
4548,10.978216171264648
4549,10.978216171264648
4550,10.978216171264648
4551,10.978216171264648
4552,10.978216171264648
4553,10.978216171264648
4554,10.978216171264648
4555,10.978216171264648
4556,10.978216171264648
4557,10.978216171264648
4558,10.978216171264648
4559,10.978216171264648
4560,10.978216171264648
4561,10.978216171264648
4562,10.978216171264648
4563,10.978216171264648
4564,10.978216171264648
4565,10.978216171264648
4566,10.978216171264648
4567,10.978216171264648
4568,10.978216171264648
4569,10.978216171264648
4570,10.978216171264648
4571,10.978216171264648
4572,10.978216171264648
4573,10.978216171264648
4574,10.978216171264648
4575,10.978216171264648
4576,10.978216171264648
4577,10.978216171264648
4578,10.978216171264648
4579,10.978216171264648
4580,10.978216171264648
4581,10.978216171264648
4582,10.978216171264648
4583,10.978216171264648
4584,10.978216171264648
4585,10.978216171264648
4586,10.978216171264648
4587,10.978216171264648
4588,10.978216171264648
4589,10.978216171264648
4590,10.978216171264648
4591,10.978216171264648
4592,10.978216171264648
4593,10.978216171264648
4594,10.978216171264648
4595,10.978216171264648
4596,10.978216171264648
4597,10.978216171264648
4598,10.978216171264648
4599,10.978216171264648
4600,10.978216171264648
4601,10.978216171264648
4602,10.978216171264648
4603,10.978216171264648
4604,10.978216171264648
4605,10.978216171264648
4606,10.978216171264648
4607,10.978216171264648
4608,10.978216171264648
4609,10.978216171264648
4610,10.978216171264648
4611,10.978216171264648
4612,10.978216171264648
4613,10.978216171264648
4614,10.978216171264648
4615,10.978216171264648
4616,10.978216171264648
4617,10.978216171264648
4618,10.978216171264648
4619,10.978216171264648
4620,10.978216171264648
4621,10.978216171264648
4622,10.978216171264648
4623,10.978216171264648
4624,10.978216171264648
4625,10.978216171264648
4626,10.978216171264648
4627,10.978216171264648
4628,10.978216171264648
4629,10.978216171264648
4630,10.978216171264648
4631,10.978216171264648
4632,10.978216171264648
4633,10.978216171264648
4634,10.978216171264648
4635,10.978216171264648
4636,10.978216171264648
4637,10.978216171264648
4638,10.978216171264648
4639,10.978216171264648
4640,10.978216171264648
4641,10.978216171264648
4642,10.978216171264648
4643,10.978216171264648
4644,10.978216171264648
4645,10.978216171264648
4646,10.978216171264648
4647,10.978216171264648
4648,10.978216171264648
4649,10.978216171264648
4650,10.978216171264648
4651,10.978216171264648
4652,10.978216171264648
4653,10.978216171264648
4654,10.978216171264648
4655,10.978216171264648
4656,10.978216171264648
4657,10.978216171264648
4658,10.978216171264648
4659,10.978216171264648
4660,10.978216171264648
4661,10.978216171264648
4662,10.978216171264648
4663,10.978216171264648
4664,10.978216171264648
4665,10.978216171264648
4666,10.978216171264648
4667,10.978216171264648
4668,10.978216171264648
4669,10.978216171264648
4670,10.978216171264648
4671,10.978216171264648
4672,10.978216171264648
4673,10.978216171264648
4674,10.978216171264648
4675,10.978216171264648
4676,10.978216171264648
4677,10.978216171264648
4678,10.978216171264648
4679,10.978216171264648
4680,10.978216171264648
4681,10.978216171264648
4682,10.978216171264648
4683,10.978216171264648
4684,10.978216171264648
4685,10.978216171264648
4686,21.95339012145996
4687,21.95339012145996
4688,21.95339012145996
4689,21.95339012145996
4690,21.95339012145996
4691,21.95339012145996
4692,21.95339012145996
4693,21.95339012145996
4694,21.95339012145996
4695,21.95339012145996
4696,21.95339012145996
4697,21.95339012145996
4698,21.95339012145996
4699,21.95339012145996
4700,21.95339012145996
4701,21.95339012145996
4702,21.95339012145996
4703,21.95339012145996
4704,21.95339012145996
4705,21.95339012145996
4706,21.95339012145996
4707,21.95339012145996
4708,21.95339012145996
4709,21.95339012145996
4710,32.88603115081787
4711,32.88603115081787
4712,32.88603115081787
4713,32.88603115081787
4714,32.88603115081787
4715,32.88603115081787
4716,32.88603115081787
4717,32.88603115081787
4718,32.88603115081787
4719,32.88603115081787
4720,32.88603115081787
4721,32.88603115081787
4722,32.88603115081787
4723,32.88603115081787
4724,32.88603115081787
4725,32.88603115081787
4726,32.88603115081787
4727,32.88603115081787
4728,32.88603115081787
4729,32.88603115081787
4730,32.88603115081787
4731,32.88603115081787
4732,21.907814979553223
4733,21.907814979553223
4734,21.907814979553223
4735,21.907814979553223
4736,21.907814979553223
4737,21.907814979553223
4738,21.907814979553223
4739,21.907814979553223
4740,21.907814979553223
4741,21.907814979553223
4742,21.907814979553223
4743,21.907814979553223
4744,21.907814979553223
4745,21.907814979553223
4746,21.907814979553223
4747,21.907814979553223
4748,21.907814979553223
4749,21.907814979553223
4750,21.907814979553223
4751,21.907814979553223
4752,21.907814979553223
4753,21.907814979553223
4754,21.907814979553223
4755,21.907814979553223
4756,21.907814979553223
4757,21.907814979553223
4758,21.907814979553223
4759,21.907814979553223
4760,21.907814979553223
4761,32.90781497955322
4762,32.90781497955322
4763,32.90781497955322
4764,32.90781497955322
4765,32.90781497955322
4766,32.90781497955322
4767,32.90781497955322
4768,32.90781497955322
4769,32.90781497955322
4770,32.90781497955322
4771,32.90781497955322
4772,43.771827697753906
4773,43.771827697753906
4774,43.771827697753906
4775,43.771827697753906
4776,43.771827697753906
4777,43.771827697753906
4778,43.771827697753906
4779,43.771827697753906
4780,43.771827697753906
4781,43.771827697753906
4782,43.771827697753906
4783,43.771827697753906
4784,43.771827697753906
4785,43.771827697753906
4786,43.771827697753906
4787,43.771827697753906
4788,43.771827697753906
4789,43.771827697753906
4790,43.771827697753906
4791,43.771827697753906
4792,43.771827697753906
4793,43.771827697753906
4794,43.771827697753906
4795,43.771827697753906
4796,43.771827697753906
4797,43.771827697753906
4798,43.771827697753906
4799,43.771827697753906
4800,54.6508674621582
4801,65.5312671661377
4802,65.5312671661377
4803,65.5312671661377
4804,65.5312671661377
4805,65.5312671661377
4806,65.5312671661377
4807,76.487380027771
4808,76.487380027771
4809,76.487380027771
4810,76.487380027771
4811,76.487380027771
4812,76.487380027771
4813,76.487380027771
4814,76.487380027771
4815,76.487380027771
4816,76.487380027771
4817,97.80005645751953
4818,97.80005645751953
4819,108.7387113571167
4820,119.41835880279541
4821,119.41835880279541
4822,108.41835880279541
4823,119.4071044921875
4824,119.4071044921875
4825,119.4071044921875
4826,108.5280647277832
4827,108.5280647277832
4828,108.5280647277832
4829,97.66405200958252
4830,97.66405200958252
4831,97.66405200958252
4832,108.64931297302246
4833,119.64669513702393
4834,109.17270088195801
4835,109.17270088195801
4836,131.14562511444092
4837,131.14562511444092
4838,131.14562511444092
4839,142.10770320892334
4840,153.09737586975098
4841,153.09737586975098
4842,153.09737586975098
4843,153.09737586975098
4844,153.09737586975098
4845,153.09737586975098
4846,153.09737586975098
4847,153.09737586975098
4848,153.09737586975098
4849,142.41772842407227
4850,142.41772842407227
4851,131.48508739471436
4852,131.48508739471436
4853,131.48508739471436
4854,131.48508739471436
4855,142.48508739471436
4856,131.48508739471436
4857,131.48508739471436
4858,131.48508739471436
4859,142.2189245223999
4860,142.2189245223999
4861,163.91341495513916
4862,174.86303329467773
4863,174.86303329467773
4864,174.86303329467773
4865,174.86303329467773
4866,174.86303329467773
4867,184.10802555084229
4868,184.10802555084229
4869,184.10802555084229
4870,184.10802555084229
4871,174.86303329467773
4872,174.86303329467773
4873,185.6264705657959
4874,185.6264705657959
4875,196.4808473587036
4876,218.38750648498535
4877,218.38750648498535
4878,218.38750648498535
4879,229.39204597473145
4880,218.55336380004883
4881,218.55336380004883
4882,218.55336380004883
4883,218.55336380004883
4884,218.55336380004883
4885,229.4709939956665
4886,229.71913719177246
4887,229.71913719177246
4888,229.71913719177246
4889,229.71913719177246
4890,240.71913719177246
4891,240.71913719177246
4892,240.71913719177246
4893,240.71913719177246
4894,251.70953941345215
4895,230.21226501464844
4896,230.21226501464844
4897,230.21226501464844
4898,230.21226501464844
4899,230.21226501464844
4900,230.21226501464844
4901,230.21226501464844
4902,230.21226501464844
4903,241.18041229248047
4904,241.18041229248047
4905,241.18041229248047
4906,241.18041229248047
4907,230.32603549957275
4908,230.32603549957275
4909,230.32603549957275
4910,230.32603549957275
4911,230.32603549957275
4912,208.43126773834229
4913,208.43126773834229
4914,208.43126773834229
4915,219.39222145080566
4916,219.39222145080566
4917,219.39222145080566
4918,219.39222145080566
4919,219.39222145080566
4920,219.39222145080566
4921,219.39222145080566
4922,219.39222145080566
4923,219.39222145080566
4924,219.39222145080566
4925,219.39222145080566
4926,219.39222145080566
4927,219.39222145080566
4928,219.39222145080566
4929,219.39222145080566
4930,219.39222145080566
4931,219.39222145080566
4932,219.39222145080566
4933,230.3156852722168
4934,230.3156852722168
4935,230.3156852722168
4936,230.3156852722168
4937,230.3156852722168
4938,230.3156852722168
4939,230.3156852722168
4940,230.3156852722168
4941,230.3156852722168
4942,230.3156852722168
4943,230.3156852722168
4944,230.3156852722168
4945,219.31830310821533
4946,219.31830310821533
4947,219.31830310821533
4948,219.31830310821533
4949,219.31830310821533
4950,219.31830310821533
4951,219.31830310821533
4952,219.31830310821533
4953,208.3286304473877
4954,208.3286304473877
4955,208.3286304473877
4956,208.3286304473877
4957,208.3286304473877
4958,208.3286304473877
4959,208.3286304473877
4960,208.3286304473877
4961,208.3286304473877
4962,208.3286304473877
4963,208.3286304473877
4964,208.3286304473877
4965,208.3286304473877
4966,219.2956018447876
4967,219.2956018447876
4968,219.2956018447876
4969,219.2956018447876
4970,230.2956018447876
4971,241.2956018447876
4972,241.2956018447876
4973,241.2956018447876
4974,241.2956018447876
4975,219.3286018371582
4976,219.3286018371582
4977,219.3286018371582
4978,219.3286018371582
4979,219.3286018371582
4980,219.3286018371582
4981,208.3844347000122
4982,208.3844347000122
4983,208.3844347000122
4984,208.3844347000122
4985,197.43481636047363
4986,197.43481636047363
4987,197.43481636047363
4988,197.43481636047363
4989,186.5113525390625
4990,186.5113525390625
4991,186.5113525390625
4992,186.5113525390625
4993,186.5113525390625
4994,186.5113525390625
4995,186.5113525390625
4996,186.5113525390625
4997,186.5113525390625
4998,186.5113525390625
4999,186.5113525390625
5000,175.5643196105957
5001,175.5643196105957
5002,175.5643196105957
5003,175.5643196105957
5004,175.5643196105957
5005,175.5643196105957
5006,175.5643196105957
5007,175.5643196105957
5008,175.5643196105957
5009,175.5643196105957
5010,175.5643196105957
5011,175.5643196105957
5012,175.5643196105957
5013,175.5643196105957
5014,175.5643196105957
5015,175.5643196105957
5016,175.5643196105957
5017,175.5643196105957
5018,164.64668941497803
5019,164.64668941497803
5020,164.64668941497803
5021,164.64668941497803
5022,164.64668941497803
5023,164.64668941497803
5024,471.5526056289673
5025,460.6146993637085
5026,449.6526212692261
5027,449.6526212692261
5028,131.78421306610107
5029,131.78421306610107
5030,131.78421306610107
5031,131.78421306610107
5032,131.78421306610107
5033,131.78421306610107
5034,131.78421306610107
5035,131.78421306610107
5036,131.78421306610107
5037,131.78421306610107
5038,131.78421306610107
5039,120.81606578826904
5040,120.81606578826904
5041,120.81606578826904
5042,120.81606578826904
5043,120.81606578826904
5044,131.81606578826904
5045,120.84766864776611
5046,98.8724946975708
5047,98.8724946975708
5048,98.8724946975708
5049,98.8724946975708
5050,87.88723373413086
5051,87.88723373413086
5052,87.88723373413086
5053,87.88723373413086
5054,87.88723373413086
5055,87.88723373413086
5056,87.88723373413086
5057,76.88723373413086
5058,76.88723373413086
5059,76.88723373413086
5060,87.88723373413086
5061,87.88723373413086
5062,87.88723373413086
5063,87.88723373413086
5064,87.88723373413086
5065,87.88723373413086
5066,87.88723373413086
5067,87.88723373413086
5068,87.88723373413086
5069,76.88723373413086
5070,76.88723373413086
5071,76.88723373413086
5072,65.91299724578857
5073,65.91299724578857
5074,65.91299724578857
5075,65.91299724578857
5076,65.91299724578857
5077,65.91299724578857
5078,65.91299724578857
5079,65.91299724578857
5080,65.91299724578857
5081,54.91832733154297
5082,54.91832733154297
5083,54.91832733154297
5084,54.91832733154297
5085,54.91832733154297
5086,54.91832733154297
5087,54.91832733154297
5088,54.91832733154297
5089,54.91832733154297
5090,54.91832733154297
5091,54.91832733154297
5092,54.91832733154297
5093,54.91832733154297
5094,54.91832733154297
5095,54.91832733154297
5096,54.91832733154297
5097,65.88418292999268
5098,65.88418292999268
5099,65.88418292999268
5100,65.88418292999268
5101,65.88418292999268
5102,65.88418292999268
5103,65.88418292999268
5104,65.88418292999268
5105,65.88418292999268
5106,65.88418292999268
5107,65.88418292999268
5108,76.88418292999268
5109,76.88418292999268
5110,76.88418292999268
5111,76.88418292999268
5112,76.88418292999268
5113,76.88418292999268
5114,76.88418292999268
5115,87.7946424484253
5116,87.7946424484253
5117,87.7946424484253
5118,87.7946424484253
5119,87.7946424484253
5120,87.7946424484253
5121,87.7946424484253
5122,87.7946424484253
5123,87.7946424484253
5124,76.82878684997559
5125,76.82878684997559
5126,76.82878684997559
5127,76.82878684997559
5128,76.82878684997559
5129,76.82878684997559
5130,76.82878684997559
5131,76.82878684997559
5132,65.82878684997559
5133,65.82878684997559
5134,65.82878684997559
5135,413.9962978363037
5136,413.9962978363037
5137,413.9962978363037
5138,76.79099559783936
5139,76.79099559783936
5140,87.74211978912354
5141,87.74211978912354
5142,98.70477771759033
5143,98.70477771759033
5144,98.70477771759033
5145,98.70477771759033
5146,415.96478271484375
5147,415.96478271484375
5148,109.63201904296875
5149,109.63201904296875
5150,109.63201904296875
5151,109.63201904296875
5152,109.63201904296875
5153,109.63201904296875
5154,109.63201904296875
5155,109.63201904296875
5156,109.63201904296875
5157,109.63201904296875
5158,109.63201904296875
5159,109.63201904296875
5160,109.63201904296875
5161,109.63201904296875
5162,109.63201904296875
5163,120.49159812927246
5164,120.49159812927246
5165,120.49159812927246
5166,120.49159812927246
5167,120.49159812927246
5168,120.49159812927246
5169,120.49159812927246
5170,120.49159812927246
5171,120.49159812927246
5172,120.49159812927246
5173,120.49159812927246
5174,120.49159812927246
5175,120.49159812927246
5176,109.63201904296875
5177,109.63201904296875
5178,120.61465644836426
5179,120.61465644836426
5180,120.61465644836426
5181,120.61465644836426
5182,109.64768505096436
5183,109.64768505096436
5184,109.64768505096436
5185,109.64768505096436
5186,109.64768505096436
5187,109.64768505096436
5188,109.64768505096436
5189,120.62900352478027
5190,120.62900352478027
5191,109.6680498123169
5192,109.6680498123169
5193,109.6680498123169
5194,109.6680498123169
5195,109.6680498123169
5196,109.6680498123169
5197,109.6680498123169
5198,109.6680498123169
5199,109.6680498123169
5200,109.6680498123169
5201,109.6680498123169
5202,109.6680498123169
5203,109.6680498123169
5204,109.6680498123169
5205,109.6680498123169
5206,98.75759029388428
5207,98.75759029388428
5208,98.75759029388428
5209,98.75759029388428
5210,98.75759029388428
5211,98.75759029388428
5212,98.75759029388428
5213,98.75759029388428
5214,98.75759029388428
5215,98.75759029388428
5216,98.75759029388428
5217,98.75759029388428
5218,98.75759029388428
5219,98.75759029388428
5220,98.75759029388428
5221,98.75759029388428
5222,98.75759029388428
5223,87.77495288848877
5224,87.77495288848877
5225,87.77495288848877
5226,87.77495288848877
5227,87.77495288848877
5228,87.77495288848877
5229,87.77495288848877
5230,87.77495288848877
5231,98.77495288848877
5232,98.77495288848877
5233,98.77495288848877
5234,98.77495288848877
5235,98.77495288848877
5236,109.74041271209717
5237,109.74041271209717
5238,109.74041271209717
5239,109.74041271209717
5240,109.74041271209717
5241,109.74041271209717
5242,120.74041271209717
5243,120.74041271209717
5244,120.74041271209717
5245,120.74041271209717
5246,109.78928852081299
5247,120.78928852081299
5248,120.78928852081299
5249,120.78928852081299
5250,120.78928852081299
5251,120.78928852081299
5252,120.78928852081299
5253,120.78928852081299
5254,120.78928852081299
5255,120.78928852081299
5256,120.78928852081299
5257,109.82663059234619
5258,98.86442184448242
5259,98.86442184448242
5260,98.86442184448242
5261,98.86442184448242
5262,98.86442184448242
5263,98.86442184448242
5264,98.86442184448242
5265,98.86442184448242
5266,109.36934185028076
5267,120.36934185028076
5268,120.36934185028076
5269,120.36934185028076
5270,120.36934185028076
5271,109.38802337646484
5272,109.38802337646484
5273,109.38802337646484
5274,109.38802337646484
5275,131.34578895568848
5276,120.84086894989014
5277,142.7391939163208
5278,142.7391939163208
5279,142.7391939163208
5280,153.70925521850586
5281,153.70925521850586
5282,153.70925521850586
5283,153.70925521850586
5284,164.60719299316406
5285,164.60719299316406
5286,175.60342597961426
5287,175.60342597961426
5288,175.60342597961426
5289,175.60342597961426
5290,175.60342597961426
5291,164.60342597961426
5292,164.60342597961426
5293,164.60342597961426
5294,153.67618465423584
5295,153.67618465423584
5296,153.67618465423584
5297,153.67618465423584
5298,153.67618465423584
5299,153.67618465423584
5300,153.67618465423584
5301,142.67618465423584
5302,153.67618465423584
5303,153.67618465423584
5304,164.4417781829834
5305,164.4417781829834
5306,175.33943462371826
5307,175.33943462371826
5308,175.33943462371826
5309,186.27333545684814
5310,186.27333545684814
5311,186.27333545684814
5312,186.27333545684814
5313,186.20489025115967
5314,186.20489025115967
5315,186.20489025115967
5316,197.1351613998413
5317,207.9523401260376
5318,207.9523401260376
5319,207.9523401260376
5320,207.9523401260376
5321,207.9523401260376
5322,218.85580730438232
5323,218.85580730438232
5324,218.85580730438232
5325,218.85107803344727
5326,207.85107803344727
5327,207.85107803344727
5328,207.85107803344727
5329,218.81881046295166
5330,218.81881046295166
5331,218.81881046295166
5332,218.81881046295166
5333,208.0532169342041
5334,208.0532169342041
5335,208.0532169342041
5336,208.0532169342041
5337,218.9229154586792
5338,218.9229154586792
5339,218.9229154586792
5340,218.9229154586792
5341,218.9229154586792
5342,229.9229154586792
5343,229.9229154586792
5344,229.9229154586792
5345,229.9229154586792
5346,229.9229154586792
5347,229.9229154586792
5348,229.9229154586792
5349,240.90640354156494
5350,240.90640354156494
5351,240.90640354156494
5352,240.90640354156494
5353,240.90640354156494
5354,240.90640354156494
5355,229.98444652557373
5356,230.08650875091553
5357,230.08650875091553
5358,230.08650875091553
5359,230.08650875091553
5360,230.08650875091553
5361,230.08650875091553
5362,230.08650875091553
5363,219.08650875091553
5364,240.90882778167725
5365,251.82818508148193
5366,240.82818508148193
5367,240.82818508148193
5368,240.82818508148193
5369,251.66687107086182
5370,251.66687107086182
5371,251.66687107086182
5372,262.6668710708618
5373,262.6668710708618
5374,262.6668710708618
5375,262.6668710708618
5376,273.6241931915283
5377,262.80701446533203
5378,262.80701446533203
5379,262.80701446533203
5380,251.8954372406006
5381,251.8954372406006
5382,251.8954372406006
5383,251.8954372406006
5384,251.8954372406006
5385,262.8954372406006
5386,273.76491355895996
5387,273.8717908859253
5388,273.8717908859253
5389,262.8717908859253
5390,251.97413444519043
5391,251.97413444519043
5392,251.97413444519043
5393,251.97413444519043
5394,251.97413444519043
5395,240.97413444519043
5396,251.82133388519287
5397,251.82133388519287
5398,251.82133388519287
5399,240.82133388519287
5400,240.82133388519287
5401,240.82133388519287
5402,240.82133388519287
5403,240.82133388519287
5404,251.81114673614502
5405,251.81114673614502
5406,262.13958263397217
5407,262.13958263397217
5408,262.13958263397217
5409,251.13958263397217
5410,262.1133642196655
5411,262.1133642196655
5412,262.1133642196655
5413,262.1133642196655
5414,262.02153873443604
5415,262.02153873443604
5416,262.02153873443604
5417,240.19921970367432
5418,229.26894855499268
5419,229.26894855499268
5420,240.26894855499268
5421,251.82620429992676
5422,251.82436084747314
5423,251.82436084747314
5424,251.82436084747314
5425,262.7994165420532
5426,262.8078660964966
5427,284.70917797088623
5428,284.70917797088623
5429,295.6805248260498
5430,306.657190322876
5431,317.60019874572754
5432,306.76151275634766
5433,306.76151275634766
5434,306.76151275634766
5435,306.76151275634766
5436,306.76151275634766
5437,317.7573547363281
5438,317.7573547363281
5439,306.9101552963257
5440,306.9101552963257
5441,306.9101552963257
5442,317.6396551132202
5443,317.6396551132202
5444,317.6396551132202
5445,317.6396551132202
5446,317.6396551132202
5447,317.6396551132202
5448,306.6396551132202
5449,306.6396551132202
5450,284.6493082046509
5451,284.6493082046509
5452,284.6492395401001
5453,284.6492395401001
5454,284.6492395401001
5455,284.6492395401001
5456,284.6492395401001
5457,295.5330877304077
5458,306.4461488723755
5459,306.4461488723755
5460,295.5122480392456
5461,295.5122480392456
5462,295.5122480392456
5463,295.5122480392456
5464,306.49381828308105
5465,306.49381828308105
5466,295.6243419647217
5467,306.58798122406006
5468,306.58798122406006
5469,295.8584814071655
5470,317.71238136291504
5471,317.71238136291504
5472,317.71238136291504
5473,317.71238136291504
5474,306.71238136291504
5475,295.79302406311035
5476,295.79302406311035
5477,295.79302406311035
5478,295.79302406311035
5479,306.69153785705566
5480,317.6823453903198
5481,339.62443351745605
5482,339.62443351745605
5483,328.68698024749756
5484,328.68698024749756
5485,317.71040439605713
5486,328.70460319519043
5487,317.73082160949707
5488,317.73082160949707
5489,317.73082160949707
5490,317.73082160949707
5491,317.73082160949707
5492,317.73082160949707
5493,317.73082160949707
5494,317.73082160949707
5495,317.73082160949707
5496,317.73082160949707
5497,317.73082160949707
5498,317.73082160949707
5499,317.73082160949707
5500,295.8613452911377
5501,295.8613452911377
5502,295.8613452911377
5503,295.8613452911377
5504,295.8613452911377
5505,284.86984157562256
5506,284.86984157562256
5507,284.86984157562256
5508,284.86984157562256
5509,284.86984157562256
5510,273.8800287246704
5511,284.7986145019531
5512,284.7986145019531
5513,295.7537508010864
5514,295.7537508010864
5515,295.7537508010864
5516,295.7537508010864
5517,295.7537508010864
5518,284.8552370071411
5519,284.8552370071411
5520,284.8552370071411
5521,284.8552370071411
5522,273.87366676330566
5523,273.87366676330566
5524,273.87366676330566
5525,273.87366676330566
5526,273.87366676330566
5527,273.87366676330566
5528,273.87366676330566
5529,273.87366676330566
5530,273.87366676330566
5531,273.87366676330566
5532,273.87366676330566
5533,273.87366676330566
5534,273.87366676330566
5535,273.87366676330566
5536,284.8613471984863
5537,284.8613471984863
5538,284.8613471984863
5539,284.8613471984863
5540,284.8613471984863
5541,273.9427614212036
5542,273.9427614212036
5543,273.9427614212036
5544,263.0308446884155
5545,252.06311225891113
5546,252.06311225891113
5547,262.99267578125
5548,252.10882759094238
5549,252.10882759094238
5550,241.15150547027588
5551,241.15150547027588
5552,241.15150547027588
5553,241.15150547027588
5554,230.22529411315918
5555,241.15973567962646
5556,230.27467823028564
5557,230.27467823028564
5558,230.27467823028564
5559,230.27467823028564
5560,241.2040901184082
5561,241.2040901184082
5562,241.2040901184082
5563,241.2040901184082
5564,241.2040901184082
5565,241.2040901184082
5566,250.99039840698242
5567,250.99039840698242
5568,240.0309181213379
5569,229.04743003845215
5570,208.28977489471436
5571,197.3215570449829
5572,197.3215570449829
5573,197.3215570449829
5574,197.3215570449829
5575,197.3215570449829
5576,197.3215570449829
5577,197.3215570449829
5578,186.356050491333
5579,197.2893180847168
5580,197.2893180847168
5581,197.2893180847168
5582,197.2893180847168
5583,197.2893180847168
5584,197.2893180847168
5585,197.2893180847168
5586,197.2893180847168
5587,186.35760593414307
5588,186.35760593414307
5589,186.35760593414307
5590,186.35760593414307
5591,186.35760593414307
5592,186.35760593414307
5593,186.35760593414307
5594,186.35760593414307
5595,186.35760593414307
5596,197.31058883666992
5597,197.31058883666992
5598,175.35886764526367
5599,175.35886764526367
5600,175.35886764526367
5601,175.35886764526367
5602,186.30872917175293
5603,186.30872917175293
5604,197.14727306365967
5605,186.17843055725098
5606,186.17843055725098
5607,186.17843055725098
5608,186.17843055725098
5609,186.17843055725098
5610,186.1825933456421
5611,186.1825933456421
5612,186.1825933456421
5613,186.1825933456421
5614,186.1825933456421
5615,186.1825933456421
5616,186.1825933456421
5617,186.1825933456421
5618,186.1825933456421
5619,186.1825933456421
5620,175.1883945465088
5621,175.1883945465088
5622,175.1883945465088
5623,175.1883945465088
5624,175.1883945465088
5625,175.1883945465088
5626,175.12271785736084
5627,175.12271785736084
5628,175.12271785736084
5629,175.12271785736084
5630,175.12271785736084
5631,164.2841739654541
5632,164.2841739654541
5633,153.33540630340576
5634,153.33540630340576
5635,153.33540630340576
5636,153.33540630340576
5637,153.33540630340576
5638,153.33540630340576
5639,153.33540630340576
5640,142.4059944152832
5641,131.4727268218994
5642,131.4727268218994
5643,131.4727268218994
5644,131.4727268218994
5645,131.5282621383667
5646,120.58109092712402
5647,120.58109092712402
5648,120.58109092712402
5649,120.58109092712402
5650,109.61745166778564
5651,98.6307725906372
5652,98.6307725906372
5653,98.6307725906372
5654,98.6307725906372
5655,98.6307725906372
5656,98.6307725906372
5657,98.6307725906372
5658,98.6307725906372
5659,98.6307725906372
5660,98.6307725906372
5661,98.6307725906372
5662,98.6307725906372
5663,98.6307725906372
5664,98.6307725906372
5665,98.6307725906372
5666,98.6307725906372
5667,109.56860446929932
5668,98.63416290283203
5669,98.63416290283203
5670,98.63416290283203
5671,98.63416290283203
5672,98.63416290283203
5673,87.70459938049316
5674,87.70459938049316
5675,76.7169189453125
5676,76.7169189453125
5677,76.7169189453125
5678,76.7169189453125
5679,76.7169189453125
5680,76.7169189453125
5681,76.7169189453125
5682,87.69347953796387
5683,87.69347953796387
5684,87.69347953796387
5685,76.72962093353271
5686,76.72962093353271
5687,76.72962093353271
5688,76.72962093353271
5689,65.77975940704346
5690,65.77975940704346
5691,65.77975940704346
5692,65.77975940704346
5693,65.77975940704346
5694,65.77975940704346
5695,65.77975940704346
5696,65.77975940704346
5697,65.77975940704346
5698,65.77975940704346
5699,65.77975940704346
5700,65.77975940704346
5701,65.77975940704346
5702,65.77975940704346
5703,65.77975940704346
5704,65.77975940704346
5705,54.79909324645996
5706,54.79909324645996
5707,54.79909324645996
5708,54.79909324645996
5709,54.79909324645996
5710,54.79909324645996
5711,54.79909324645996
5712,54.79909324645996
5713,54.79909324645996
5714,54.79909324645996
5715,54.79909324645996
5716,54.79909324645996
5717,54.79909324645996
5718,54.79909324645996
5719,54.79909324645996
5720,54.79909324645996
5721,54.79909324645996
5722,54.79909324645996
5723,54.79909324645996
5724,43.86126136779785
5725,43.86126136779785
5726,43.86126136779785
5727,43.86126136779785
5728,43.86126136779785
5729,43.86126136779785
5730,43.86126136779785
5731,43.86126136779785
5732,43.86126136779785
5733,43.86126136779785
5734,43.86126136779785
5735,43.86126136779785
5736,43.86126136779785
5737,43.86126136779785
5738,43.86126136779785
5739,43.86126136779785
5740,43.86126136779785
5741,43.86126136779785
5742,43.86126136779785
5743,43.86126136779785
5744,43.86126136779785
5745,43.86126136779785
5746,43.86126136779785
5747,43.86126136779785
5748,43.86126136779785
5749,43.86126136779785
5750,43.86126136779785
5751,32.90612506866455
5752,32.90612506866455
5753,21.929543495178223
5754,21.929543495178223
5755,21.929543495178223
5756,21.929543495178223
5757,21.929543495178223
5758,21.929543495178223
5759,21.929543495178223
5760,21.929543495178223
5761,10.952982902526855
5762,10.952982902526855
5763,10.952982902526855
5764,10.952982902526855
5765,10.952982902526855
5766,0.0
5767,0.0
5768,0.0
5769,0.0
5770,0.0
5771,0.0
5772,0.0
5773,0.0
5774,0.0
5775,0.0
5776,0.0
5777,0.0
5778,0.0
5779,0.0
5780,0.0
5781,0.0
5782,0.0
5783,0.0
5784,0.0
5785,0.0
5786,0.0
5787,0.0
5788,0.0
5789,0.0
5790,0.0
5791,0.0
5792,0.0
5793,0.0
5794,0.0
5795,0.0
5796,0.0
5797,0.0
5798,0.0
5799,0.0
5800,0.0
5801,0.0
5802,0.0
5803,0.0
5804,0.0
5805,0.0
5806,0.0
5807,0.0
5808,0.0
5809,0.0
5810,0.0
5811,0.0
5812,0.0
5813,0.0
5814,0.0
5815,0.0
5816,0.0
5817,0.0
5818,0.0
5819,0.0
5820,0.0
5821,0.0
5822,0.0
5823,0.0
5824,0.0
5825,0.0
5826,0.0
5827,0.0
5828,0.0
5829,0.0
5830,0.0
5831,0.0
5832,0.0
5833,0.0
5834,0.0
5835,0.0
5836,0.0
5837,0.0
5838,0.0
5839,0.0
5840,0.0
5841,0.0
5842,0.0
5843,0.0
5844,0.0
5845,0.0
5846,0.0
5847,0.0
5848,0.0
5849,0.0
5850,0.0
5851,0.0
5852,0.0
5853,0.0
5854,0.0
5855,0.0
5856,0.0
5857,0.0
5858,10.971125602722168
5859,10.971125602722168
5860,10.971125602722168
5861,10.971125602722168
5862,10.971125602722168
5863,10.971125602722168
5864,10.971125602722168
5865,10.971125602722168
5866,10.971125602722168
5867,10.971125602722168
5868,10.971125602722168
5869,10.971125602722168
5870,10.971125602722168
5871,10.971125602722168
5872,10.971125602722168
5873,10.971125602722168
5874,10.971125602722168
5875,10.971125602722168
5876,10.971125602722168
5877,10.971125602722168
5878,10.971125602722168
5879,10.971125602722168
5880,10.971125602722168
5881,10.971125602722168
5882,10.971125602722168
5883,10.971125602722168
5884,10.971125602722168
5885,10.971125602722168
5886,10.971125602722168
5887,10.971125602722168
5888,10.971125602722168
5889,10.971125602722168
5890,10.971125602722168
5891,10.971125602722168
5892,10.971125602722168
5893,10.971125602722168
5894,10.971125602722168
5895,10.971125602722168
5896,10.971125602722168
5897,10.971125602722168
5898,10.971125602722168
5899,10.971125602722168
5900,10.971125602722168
5901,10.971125602722168
5902,10.971125602722168
5903,10.971125602722168
5904,10.971125602722168
5905,10.971125602722168
5906,10.971125602722168
5907,10.971125602722168
5908,10.971125602722168
5909,10.971125602722168
5910,10.971125602722168
5911,10.971125602722168
5912,10.971125602722168
5913,10.971125602722168
5914,10.971125602722168
5915,10.971125602722168
5916,10.971125602722168
5917,10.971125602722168
5918,10.971125602722168
5919,10.971125602722168
5920,10.971125602722168
5921,10.971125602722168
5922,10.971125602722168
5923,10.971125602722168
5924,10.971125602722168
5925,10.971125602722168
5926,10.971125602722168
5927,10.971125602722168
5928,10.971125602722168
5929,10.971125602722168
5930,10.971125602722168
5931,10.971125602722168
5932,10.971125602722168
5933,10.971125602722168
5934,10.971125602722168
5935,10.971125602722168
5936,10.971125602722168
5937,10.971125602722168
5938,10.971125602722168
5939,10.971125602722168
5940,10.971125602722168
5941,10.971125602722168
5942,10.971125602722168
5943,10.971125602722168
5944,10.971125602722168
5945,10.971125602722168
5946,10.971125602722168
5947,10.971125602722168
5948,10.971125602722168
5949,10.971125602722168
5950,10.971125602722168
5951,10.971125602722168
5952,10.971125602722168
5953,10.971125602722168
5954,10.971125602722168
5955,10.971125602722168
5956,10.971125602722168
5957,10.971125602722168
5958,10.971125602722168
5959,10.971125602722168
5960,10.971125602722168
5961,10.971125602722168
5962,10.971125602722168
5963,10.971125602722168
5964,10.971125602722168
5965,10.971125602722168
5966,10.971125602722168
5967,10.971125602722168
5968,10.971125602722168
5969,10.971125602722168
5970,10.971125602722168
5971,10.971125602722168
5972,10.971125602722168
5973,10.971125602722168
5974,10.971125602722168
5975,10.971125602722168
5976,10.971125602722168
5977,10.971125602722168
5978,10.971125602722168
5979,10.971125602722168
5980,10.971125602722168
5981,10.971125602722168
5982,10.971125602722168
5983,10.971125602722168
5984,10.971125602722168
5985,10.971125602722168
5986,10.971125602722168
5987,10.971125602722168
5988,10.971125602722168
5989,10.971125602722168
5990,10.971125602722168
5991,10.971125602722168
5992,10.971125602722168
5993,10.971125602722168
5994,10.971125602722168
5995,10.971125602722168
5996,10.971125602722168
5997,10.971125602722168
5998,10.971125602722168
5999,10.971125602722168
6000,10.971125602722168
6001,21.87938404083252
6002,21.87938404083252
6003,21.87938404083252
6004,21.87938404083252
6005,21.87938404083252
6006,21.87938404083252
6007,21.87938404083252
6008,21.87938404083252
6009,21.87938404083252
6010,21.87938404083252
6011,21.87938404083252
6012,21.87938404083252
6013,21.87938404083252
6014,21.87938404083252
6015,21.87938404083252
6016,21.87938404083252
6017,21.87938404083252
6018,21.87938404083252
6019,21.87938404083252
6020,32.858126640319824
6021,32.858126640319824
6022,32.858126640319824
6023,32.858126640319824
6024,32.858126640319824
6025,32.858126640319824
6026,32.858126640319824
6027,32.858126640319824
6028,32.858126640319824
6029,32.858126640319824
6030,32.858126640319824
6031,32.858126640319824
6032,32.858126640319824
6033,32.858126640319824
6034,32.858126640319824
6035,32.858126640319824
6036,32.858126640319824
6037,32.858126640319824
6038,32.858126640319824
6039,32.858126640319824
6040,32.858126640319824
6041,32.858126640319824
6042,32.858126640319824
6043,32.858126640319824
6044,32.858126640319824
6045,32.858126640319824
6046,32.858126640319824
6047,32.858126640319824
6048,32.858126640319824
6049,32.858126640319824
6050,32.858126640319824
6051,32.858126640319824
6052,32.858126640319824
6053,32.858126640319824
6054,32.858126640319824
6055,32.858126640319824
6056,32.858126640319824
6057,32.858126640319824
6058,32.858126640319824
6059,32.858126640319824
6060,32.858126640319824
6061,32.858126640319824
6062,32.858126640319824
6063,32.858126640319824
6064,32.858126640319824
6065,32.858126640319824
6066,32.858126640319824
6067,32.858126640319824
6068,32.858126640319824
6069,32.858126640319824
6070,32.858126640319824
6071,32.858126640319824
6072,32.858126640319824
6073,32.858126640319824
6074,21.87938404083252
6075,21.87938404083252
6076,21.87938404083252
6077,21.87938404083252
6078,21.87938404083252
6079,21.87938404083252
6080,21.87938404083252
6081,21.87938404083252
6082,21.87938404083252
6083,21.87938404083252
6084,21.87938404083252
6085,21.87938404083252
6086,21.87938404083252
6087,21.87938404083252
6088,21.87938404083252
6089,21.87938404083252
6090,21.87938404083252
6091,21.87938404083252
6092,21.87938404083252
6093,21.87938404083252
6094,21.87938404083252
6095,21.87938404083252
6096,21.87938404083252
6097,21.87938404083252
6098,32.87938404083252
6099,32.87938404083252
6100,32.87938404083252
6101,32.87938404083252
6102,32.87938404083252
6103,32.87938404083252
6104,32.87938404083252
6105,32.87938404083252
6106,32.87938404083252
6107,32.87938404083252
6108,32.87938404083252
6109,21.971125602722168
6110,21.971125602722168
6111,21.971125602722168
6112,21.971125602722168
6113,21.971125602722168
6114,21.971125602722168
6115,21.971125602722168
6116,21.971125602722168
6117,21.971125602722168
6118,21.971125602722168
6119,21.971125602722168
6120,21.971125602722168
6121,21.971125602722168
6122,21.971125602722168
6123,21.971125602722168
6124,21.971125602722168
6125,21.971125602722168
6126,21.971125602722168
6127,21.971125602722168
6128,21.971125602722168
6129,21.971125602722168
6130,21.971125602722168
6131,21.971125602722168
6132,21.971125602722168
6133,21.971125602722168
6134,21.971125602722168
6135,21.971125602722168
6136,21.971125602722168
6137,21.971125602722168
6138,21.971125602722168
6139,21.971125602722168
6140,21.971125602722168
6141,21.971125602722168
6142,11.0
6143,11.0
6144,11.0
6145,11.0
6146,11.0
6147,11.0
6148,21.899630546569824
6149,21.899630546569824
6150,21.899630546569824
6151,21.899630546569824
6152,21.899630546569824
6153,21.899630546569824
6154,21.899630546569824
6155,21.899630546569824
6156,21.899630546569824
6157,21.899630546569824
6158,21.899630546569824
6159,21.899630546569824
6160,21.899630546569824
6161,21.899630546569824
6162,21.899630546569824
6163,21.899630546569824
6164,21.899630546569824
6165,21.899630546569824
6166,21.899630546569824
6167,21.899630546569824
6168,21.899630546569824
6169,21.899630546569824
6170,21.899630546569824
6171,21.899630546569824
6172,21.899630546569824
6173,21.899630546569824
6174,21.899630546569824
6175,21.899630546569824
6176,21.899630546569824
6177,21.899630546569824
6178,21.899630546569824
6179,21.899630546569824
6180,21.899630546569824
6181,21.899630546569824
6182,21.899630546569824
6183,21.899630546569824
6184,21.899630546569824
6185,21.899630546569824
6186,21.899630546569824
6187,21.899630546569824
6188,21.899630546569824
6189,21.899630546569824
6190,21.899630546569824
6191,21.899630546569824
6192,21.899630546569824
6193,32.882131576538086
6194,32.882131576538086
6195,43.84948921203613
6196,43.84948921203613
6197,43.84948921203613
6198,43.84948921203613
6199,43.84948921203613
6200,43.84948921203613
6201,43.84948921203613
6202,54.83193778991699
6203,65.83193778991699
6204,65.83193778991699
6205,65.83193778991699
6206,65.83193778991699
6207,65.83193778991699
6208,65.83193778991699
6209,65.83193778991699
6210,76.83193778991699
6211,76.83193778991699
6212,76.83193778991699
6213,76.83193778991699
6214,76.83193778991699
6215,76.83193778991699
6216,76.83193778991699
6217,87.80252361297607
6218,87.80252361297607
6219,87.80252361297607
6220,87.80252361297607
6221,87.80252361297607
6222,87.80252361297607
6223,87.80252361297607
6224,87.80252361297607
6225,87.80252361297607
6226,87.80252361297607
6227,87.80252361297607
6228,87.80252361297607
6229,87.80252361297607
6230,87.80252361297607
6231,76.90289306640625
6232,76.90289306640625
6233,76.90289306640625
6234,87.83735084533691
6235,87.83735084533691
6236,76.83735084533691
6237,76.83735084533691
6238,76.83735084533691
6239,76.83735084533691
6240,76.83735084533691
6241,76.83735084533691
6242,87.83735084533691
6243,87.83735084533691
6244,87.83735084533691
6245,87.83735084533691
6246,98.83735084533691
6247,98.83735084533691
6248,98.83735084533691
6249,98.83735084533691
6250,87.83735084533691
6251,87.83735084533691
6252,87.83735084533691
6253,87.83735084533691
6254,87.83735084533691
6255,87.83735084533691
6256,87.83735084533691
6257,87.83735084533691
6258,87.83735084533691
6259,87.83735084533691
6260,87.83735084533691
6261,98.83735084533691
6262,98.83735084533691
6263,98.83735084533691
6264,98.83735084533691
6265,109.7892599105835
6266,109.7892599105835
6267,120.75688743591309
6268,120.75688743591309
6269,120.75688743591309
6270,120.75688743591309
6271,120.75688743591309
6272,120.75688743591309
6273,120.75688743591309
6274,131.67970752716064
6275,131.67970752716064
6276,142.06122207641602
6277,142.06122207641602
6278,142.06122207641602
6279,131.06122207641602
6280,131.06122207641602
6281,131.06122207641602
6282,131.06122207641602
6283,131.06122207641602
6284,131.06122207641602
6285,131.06122207641602
6286,131.06122207641602
6287,131.06122207641602
6288,131.06122207641602
6289,142.01603603363037
6290,142.55498790740967
6291,153.40711307525635
6292,153.40711307525635
6293,153.40711307525635
6294,153.40711307525635
6295,153.40711307525635
6296,153.40711307525635
6297,153.40711307525635
6298,175.33506679534912
6299,175.33506679534912
6300,186.21180152893066
6301,186.21180152893066
6302,197.20748710632324
6303,197.20748710632324
6304,197.20748710632324
6305,197.20748710632324
6306,197.20748710632324
6307,197.20748710632324
6308,197.20748710632324
6309,197.20748710632324
6310,197.20748710632324
6311,197.20748710632324
6312,197.20748710632324
6313,197.20748710632324
6314,208.12069606781006
6315,208.12069606781006
6316,208.12069606781006
6317,219.05619525909424
6318,219.02053546905518
6319,219.02053546905518
6320,219.02053546905518
6321,219.02053546905518
6322,219.02053546905518
6323,219.02053546905518
6324,219.02053546905518
6325,219.02053546905518
6326,219.02053546905518
6327,219.02053546905518
6328,219.02053546905518
6329,208.05317783355713
6330,208.05317783355713
6331,208.05317783355713
6332,208.05317783355713
6333,219.02180004119873
6334,230.00652503967285
6335,230.00652503967285
6336,219.09331607818604
6337,219.09331607818604
6338,208.09331607818604
6339,208.09331607818604
6340,208.09331607818604
6341,208.09331607818604
6342,208.09331607818604
6343,208.09331607818604
6344,208.09331607818604
6345,208.09331607818604
6346,218.8373785018921
6347,207.85487747192383
6348,207.85487747192383
6349,207.85487747192383
6350,207.85487747192383
6351,218.82548809051514
6352,218.82548809051514
6353,225.9994158744812
6354,225.9994158744812
6355,229.81731605529785
6356,229.81731605529785
6357,218.96519088745117
6358,218.96519088745117
6359,218.96519088745117
6360,218.96519088745117
6361,207.96519088745117
6362,197.0307331085205
6363,197.23703861236572
6364,197.23703861236572
6365,197.23703861236572
6366,197.23703861236572
6367,197.23703861236572
6368,186.26941108703613
6369,186.26941108703613
6370,186.26941108703613
6371,186.26941108703613
6372,175.3926763534546
6373,175.3926763534546
6374,175.3926763534546
6375,175.3926763534546
6376,164.440767288208
6377,164.440767288208
6378,164.440767288208
6379,164.440767288208
6380,164.440767288208
6381,164.440767288208
6382,164.440767288208
6383,164.440767288208
6384,164.440767288208
6385,164.440767288208
6386,153.440767288208
6387,153.440767288208
6388,142.52030086517334
6389,142.52030086517334
6390,142.52030086517334
6391,142.52030086517334
6392,142.52030086517334
6393,142.52030086517334
6394,142.52030086517334
6395,142.52030086517334
6396,131.52847290039062
6397,131.52847290039062
6398,131.52847290039062
6399,120.60565280914307
6400,120.60565280914307
6401,120.60565280914307
6402,120.60565280914307
6403,120.60565280914307
6404,120.60565280914307
6405,120.60565280914307
6406,120.60565280914307
6407,120.60565280914307
6408,120.60565280914307
6409,120.60565280914307
6410,120.60565280914307
6411,131.58049869537354
6412,131.58049869537354
6413,131.58049869537354
6414,131.58049869537354
6415,131.58049869537354
6416,131.58049869537354
6417,131.58049869537354
6418,131.58049869537354
6419,142.0573263168335
6420,142.0573263168335
6421,142.0573263168335
6422,142.0573263168335
6423,142.0573263168335
6424,131.10251235961914
6425,131.10251235961914
6426,131.10251235961914
6427,131.10251235961914
6428,131.10251235961914
6429,131.10251235961914
6430,131.10251235961914
6431,131.10251235961914
6432,131.10251235961914
6433,120.13190174102783
6434,120.13190174102783
6435,120.13190174102783
6436,120.13190174102783
6437,120.13190174102783
6438,131.0581521987915
6439,131.0581521987915
6440,120.58132457733154
6441,109.64639854431152
6442,109.64639854431152
6443,109.64639854431152
6444,109.64639854431152
6445,109.64639854431152
6446,109.64639854431152
6447,109.64639854431152
6448,109.64639854431152
6449,109.64639854431152
6450,109.64639854431152
6451,109.64639854431152
6452,109.64639854431152
6453,109.64639854431152
6454,98.71089935302734
6455,87.76053142547607
6456,87.76053142547607
6457,87.76053142547607
6458,87.76053142547607
6459,87.76053142547607
6460,98.74448776245117
6461,98.74448776245117
6462,98.74448776245117
6463,98.74448776245117
6464,109.64971160888672
6465,109.64971160888672
6466,109.64971160888672
6467,109.64971160888672
6468,109.64971160888672
6469,109.64971160888672
6470,109.64971160888672
6471,109.64971160888672
6472,109.64971160888672
6473,109.64971160888672
6474,109.64971160888672
6475,109.64971160888672
6476,109.64971160888672
6477,109.64971160888672
6478,98.70058059692383
6479,98.70058059692383
6480,98.70058059692383
6481,98.70058059692383
6482,98.70058059692383
6483,98.70058059692383
6484,98.70058059692383
6485,87.77433013916016
6486,76.86910629272461
6487,76.86910629272461
6488,76.86910629272461
6489,76.86910629272461
6490,76.86910629272461
6491,76.86910629272461
6492,76.86910629272461
6493,76.86910629272461
6494,76.86910629272461
6495,76.86910629272461
6496,76.86910629272461
6497,76.86910629272461
6498,76.86910629272461
6499,76.86910629272461
6500,76.86910629272461
6501,76.86910629272461
6502,76.86910629272461
6503,76.86910629272461
6504,76.86910629272461
6505,76.86910629272461
6506,65.89028358459473
6507,65.89028358459473
6508,65.89028358459473
6509,65.89028358459473
6510,65.89028358459473
6511,65.89028358459473
6512,65.89028358459473
6513,65.89028358459473
6514,65.89028358459473
6515,65.89028358459473
6516,65.89028358459473
6517,65.89028358459473
6518,65.89028358459473
6519,76.74953556060791
6520,76.74953556060791
6521,76.74953556060791
6522,87.67163562774658
6523,87.67163562774658
6524,87.67163562774658
6525,87.67163562774658
6526,87.67163562774658
6527,87.67163562774658
6528,87.67163562774658
6529,98.62158203125
6530,98.62158203125
6531,98.62158203125
6532,98.62158203125
6533,98.62158203125
6534,98.62158203125
6535,109.50825119018555
6536,109.50825119018555
6537,109.50825119018555
6538,109.50825119018555
6539,109.50825119018555
6540,109.50825119018555
6541,120.50097370147705
6542,120.50097370147705
6543,120.50097370147705
6544,109.64172172546387
6545,109.64172172546387
6546,109.64172172546387
6547,109.64172172546387
6548,109.64172172546387
6549,109.64172172546387
6550,98.64603614807129
6551,98.64603614807129
6552,109.49176406860352
6553,109.49176406860352
6554,109.49176406860352
6555,109.49176406860352
6556,109.49176406860352
6557,109.49176406860352
6558,109.49176406860352
6559,109.49176406860352
6560,109.49176406860352
6561,109.49176406860352
6562,109.49176406860352
6563,109.49176406860352
6564,109.49176406860352
6565,109.49176406860352
6566,109.49176406860352
6567,109.49176406860352
6568,109.49176406860352
6569,109.49176406860352
6570,109.49176406860352
6571,109.49176406860352
6572,109.49176406860352
6573,109.49176406860352
6574,109.49176406860352
6575,109.49176406860352
6576,109.49176406860352
6577,109.49176406860352
6578,109.49176406860352
6579,109.49176406860352
6580,98.52314186096191
6581,98.52314186096191
6582,98.52314186096191
6583,98.52314186096191
6584,109.49338436126709
6585,109.49338436126709
6586,98.50865936279297
6587,98.50865936279297
6588,98.50865936279297
6589,98.50865936279297
6590,98.50865936279297
6591,98.50865936279297
6592,109.48764228820801
6593,109.48764228820801
6594,109.48764228820801
6595,109.48764228820801
6596,109.48764228820801
6597,109.48764228820801
6598,98.50519371032715
6599,98.50519371032715
6600,98.50519371032715
6601,98.50519371032715
6602,98.50519371032715
6603,98.50519371032715
6604,98.50519371032715
6605,98.50519371032715
6606,98.50519371032715
6607,98.50519371032715
6608,98.50519371032715
6609,98.50519371032715
6610,98.50519371032715
6611,109.18020725250244
6612,109.18020725250244
6613,119.7752332687378
6614,119.7752332687378
6615,119.7752332687378
6616,119.7752332687378
6617,119.7752332687378
6618,119.7752332687378
6619,119.7752332687378
6620,109.1982946395874
6621,98.31162548065186
6622,98.31162548065186
6623,98.31162548065186
6624,98.31162548065186
6625,98.31162548065186
6626,98.31162548065186
6627,87.63661193847656
6628,87.63661193847656
6629,87.66991233825684
6630,87.66991233825684
6631,87.66991233825684
6632,87.66991233825684
6633,87.66991233825684
6634,87.66991233825684
6635,76.69506645202637
6636,76.69506645202637
6637,76.69506645202637
6638,76.69506645202637
6639,87.69506645202637
6640,87.69506645202637
6641,87.69506645202637
6642,87.69506645202637
6643,87.69506645202637
6644,87.69506645202637
6645,87.69506645202637
6646,87.69506645202637
6647,87.69506645202637
6648,87.69506645202637
6649,87.69506645202637
6650,87.69506645202637
6651,87.69506645202637
6652,87.69506645202637
6653,87.69506645202637
6654,87.69506645202637
6655,87.69506645202637
6656,87.69506645202637
6657,97.7997236251831
6658,97.7997236251831
6659,97.7997236251831
6660,86.81576728820801
6661,86.81576728820801
6662,86.81576728820801
6663,86.81576728820801
6664,76.71111011505127
6665,76.71111011505127
6666,76.71111011505127
6667,76.71111011505127
6668,76.71111011505127
6669,76.71111011505127
6670,76.71111011505127
6671,76.71111011505127
6672,87.71111011505127
6673,98.27969264984131
6674,98.27969264984131
6675,98.27969264984131
6676,98.27969264984131
6677,98.27969264984131
6678,98.27969264984131
6679,98.27969264984131
6680,87.71111011505127
6681,87.71111011505127
6682,98.70477771759033
6683,109.65294551849365
6684,109.65294551849365
6685,120.63423252105713
6686,120.63423252105713
6687,120.63423252105713
6688,120.63423252105713
6689,120.75618171691895
6690,120.75618171691895
6691,120.75618171691895
6692,120.75618171691895
6693,120.75618171691895
6694,120.75618171691895
6695,120.75618171691895
6696,120.75618171691895
6697,120.75618171691895
6698,120.75618171691895
6699,120.75618171691895
6700,120.75618171691895
6701,120.75618171691895
6702,120.75618171691895
6703,120.75618171691895
6704,120.75618171691895
6705,120.75618171691895
6706,120.75618171691895
6707,131.67810916900635
6708,131.67810916900635
6709,131.67810916900635
6710,131.67810916900635
6711,131.67810916900635
6712,131.67810916900635
6713,131.67810916900635
6714,131.67810916900635
6715,131.67810916900635
6716,120.70786666870117
6717,131.60581493377686
6718,131.60581493377686
6719,131.60581493377686
6720,120.65586853027344
6721,120.65586853027344
6722,120.65586853027344
6723,120.65586853027344
6724,120.65586853027344
6725,120.65586853027344
6726,120.65586853027344
6727,120.65586853027344
6728,120.65586853027344
6729,120.65586853027344
6730,120.65586853027344
6731,120.65586853027344
6732,120.65586853027344
6733,109.66220092773438
6734,109.66220092773438
6735,109.66220092773438
6736,109.66220092773438
6737,98.66220092773438
6738,98.66220092773438
6739,98.66220092773438
6740,98.66220092773438
6741,98.66220092773438
6742,98.66220092773438
6743,98.66220092773438
6744,98.66220092773438
6745,109.66220092773438
6746,109.66220092773438
6747,120.54535484313965
6748,120.54535484313965
6749,120.54535484313965
6750,131.4137840270996
6751,131.4137840270996
6752,131.4137840270996
6753,131.4137840270996
6754,142.40020942687988
6755,142.40020942687988
6756,142.40020942687988
6757,131.44480895996094
6758,131.44480895996094
6759,142.42738246917725
6760,142.42738246917725
6761,142.42738246917725
6762,142.42738246917725
6763,142.42738246917725
6764,142.42738246917725
6765,142.42738246917725
6766,142.42738246917725
6767,131.43465995788574
6768,131.43465995788574
6769,131.43465995788574
6770,131.43465995788574
6771,142.41389846801758
6772,142.41389846801758
6773,142.41389846801758
6774,142.41389846801758
6775,142.41389846801758
6776,142.41389846801758
6777,153.40451622009277
6778,153.40451622009277
6779,153.40451622009277
6780,164.40451622009277
6781,175.29073429107666
6782,175.29073429107666
6783,175.29073429107666
6784,175.29073429107666
6785,175.29073429107666
6786,175.29073429107666
6787,175.29073429107666
6788,175.29073429107666
6789,175.29073429107666
6790,175.29073429107666
6791,186.27254962921143
6792,186.27254962921143
6793,197.23613929748535
6794,208.2037410736084
6795,208.2037410736084
6796,208.2037410736084
6797,219.2037410736084
6798,219.2037410736084
6799,219.2037410736084
6800,219.2037410736084
6801,219.2037410736084
6802,219.2037410736084
6803,219.2037410736084
6804,219.2037410736084
6805,219.2037410736084
6806,230.2037410736084
6807,230.2037410736084
6808,230.2037410736084
6809,230.2037410736084
6810,230.2037410736084
6811,241.15896034240723
6812,241.15896034240723
6813,230.15896034240723
6814,230.15896034240723
6815,230.15896034240723
6816,230.15896034240723
6817,219.15896034240723
6818,208.26101207733154
6819,197.26101207733154
6820,197.26101207733154
6821,208.21917533874512
6822,208.21917533874512
6823,219.16511154174805
6824,219.16511154174805
6825,186.4916009902954
6826,197.41958141326904
6827,197.41958141326904
6828,197.41958141326904
6829,208.35287284851074
6830,208.35287284851074
6831,208.35287284851074
6832,208.35287284851074
6833,197.40470504760742
6834,197.40470504760742
6835,197.40470504760742
6836,186.43710327148438
6837,186.43710327148438
6838,197.3793535232544
6839,208.2317123413086
6840,208.2317123413086
6841,208.2317123413086
6842,208.2214231491089
6843,208.2214231491089
6844,230.0179204940796
6845,230.0179204940796
6846,230.0179204940796
6847,230.0179204940796
6848,230.0179204940796
6849,241.01668071746826
6850,241.01668071746826
6851,241.01668071746826
6852,251.99975299835205
6853,262.9957323074341
6854,262.9957323074341
6855,273.9654140472412
6856,263.0101947784424
6857,263.0101947784424
6858,252.01019477844238
6859,273.8524293899536
6860,273.8524293899536
6861,284.75085639953613
6862,306.59364891052246
6863,306.59364891052246
6864,306.59364891052246
6865,306.59364891052246
6866,306.59364891052246
6867,306.59364891052246
6868,317.5242624282837
6869,317.5242624282837
6870,317.5242624282837
6871,328.48307609558105
6872,328.48307609558105
6873,306.61787509918213
6874,306.61787509918213
6875,306.61787509918213
6876,317.55467414855957
6877,317.55467414855957
6878,317.55467414855957
6879,317.55467414855957
6880,317.55467414855957
6881,317.55467414855957
6882,328.5215148925781
6883,328.5215148925781
6884,328.5215148925781
6885,328.5215148925781
6886,328.5215148925781
6887,328.5215148925781
6888,328.5215148925781
6889,328.5215148925781
6890,328.5215148925781
6891,350.43853664398193
6892,350.43853664398193
6893,361.3290557861328
6894,361.3290557861328
6895,350.5137252807617
6896,350.5137252807617
6897,350.5137252807617
6898,361.4500341415405
6899,361.4500341415405
6900,361.4500341415405
6901,361.4500341415405
6902,361.4500341415405
6903,361.4500341415405
6904,361.4500341415405
6905,372.3912944793701
6906,372.3912944793701
6907,372.3912944793701
6908,361.5389356613159
6909,361.50450229644775
6910,361.50450229644775
6911,361.50450229644775
6912,361.50450229644775
6913,350.52143001556396
6914,350.52143001556396
6915,350.52143001556396
6916,350.52143001556396
6917,350.52143001556396
6918,350.52143001556396
6919,350.53208446502686
6920,361.3790521621704
6921,361.3790521621704
6922,361.3790521621704
6923,361.3790521621704
6924,361.3790521621704
6925,361.3790521621704
6926,361.3790521621704
6927,361.3790521621704
6928,361.3790521621704
6929,350.50271701812744
6930,350.50271701812744
6931,350.50271701812744
6932,350.50271701812744
6933,350.50271701812744
6934,350.50271701812744
6935,339.5358762741089
6936,339.5358762741089
6937,339.5358762741089
6938,339.5358762741089
6939,306.7495365142822
6940,306.7495365142822
6941,306.7495365142822
6942,317.698694229126
6943,317.698694229126
6944,317.698694229126
6945,317.698694229126
6946,317.698694229126
6947,317.698694229126
6948,317.698694229126
6949,317.698694229126
6950,317.698694229126
6951,317.698694229126
6952,317.698694229126
6953,306.7089834213257
6954,306.7089834213257
6955,295.8184642791748
6956,295.8184642791748
6957,295.8184642791748
6958,306.6279230117798
6959,306.6279230117798
6960,306.6279230117798
6961,306.6279230117798
6962,295.6421585083008
6963,295.6421585083008
6964,295.6421585083008
6965,284.74373149871826
6966,284.74373149871826
6967,284.74373149871826
6968,284.74373149871826
6969,284.74373149871826
6970,284.74373149871826
6971,284.74373149871826
6972,284.74373149871826
6973,295.68308448791504
6974,273.80594635009766
6975,262.8394889831543
6976,262.8394889831543
6977,251.9061975479126
6978,251.9184513092041
6979,251.9184513092041
6980,251.9184513092041
6981,251.9184513092041
6982,251.9184513092041
6983,251.9184513092041
6984,251.9184513092041
6985,251.9184513092041
6986,251.9184513092041
6987,251.9184513092041
6988,241.10899257659912
6989,230.26202487945557
6990,230.26202487945557
6991,230.26202487945557
6992,230.26202487945557
6993,230.26202487945557
6994,230.26202487945557
6995,230.26202487945557
6996,230.26202487945557
6997,230.26202487945557
6998,230.26202487945557
6999,230.26202487945557
7000,230.26202487945557
7001,230.26202487945557
7002,219.31977462768555
7003,219.31977462768555
7004,219.31977462768555
7005,219.31977462768555
7006,219.31977462768555
7007,219.31977462768555
7008,219.31977462768555
7009,219.31977462768555
7010,219.31977462768555
7011,208.37383842468262
7012,186.37799835205078
7013,186.37799835205078
7014,186.37799835205078
7015,186.37799835205078
7016,186.37799835205078
7017,186.37799835205078
7018,186.37799835205078
7019,186.37799835205078
7020,186.37799835205078
7021,186.37799835205078
7022,186.37799835205078
7023,164.47770309448242
7024,153.52190971374512
7025,153.52190971374512
7026,153.52190971374512
7027,153.52190971374512
7028,142.58064937591553
7029,142.58064937591553
7030,142.58064937591553
7031,131.62248611450195
7032,131.62248611450195
7033,131.62248611450195
7034,131.62248611450195
7035,131.62248611450195
7036,131.62248611450195
7037,131.62248611450195
7038,142.60046100616455
7039,131.60448169708252
7040,120.62190818786621
7041,120.62190818786621
7042,109.62836742401123
7043,109.62836742401123
7044,109.62836742401123
7045,109.64232444763184
7046,109.64232444763184
7047,109.64232444763184
7048,109.64232444763184
7049,98.7055253982544
7050,98.7055253982544
7051,98.7055253982544
7052,98.7055253982544
7053,87.72628688812256
7054,87.72628688812256
7055,87.72628688812256
7056,87.72628688812256
7057,87.72628688812256
7058,87.72628688812256
7059,87.72628688812256
7060,87.72628688812256
7061,87.72628688812256
7062,87.72628688812256
7063,87.72628688812256
7064,87.72628688812256
7065,87.72628688812256
7066,87.72628688812256
7067,87.72628688812256
7068,87.72628688812256
7069,87.72628688812256
7070,87.72628688812256
7071,87.72628688812256
7072,87.72628688812256
7073,87.72628688812256
7074,76.73566913604736
7075,76.73566913604736
7076,76.73566913604736
7077,76.73566913604736
7078,76.73566913604736
7079,76.73566913604736
7080,76.73566913604736
7081,76.73566913604736
7082,76.73566913604736
7083,76.73566913604736
7084,76.73566913604736
7085,65.75450229644775
7086,65.75450229644775
7087,65.75450229644775
7088,65.75450229644775
7089,65.75450229644775
7090,65.75450229644775
7091,65.75450229644775
7092,65.75450229644775
7093,54.80324077606201
7094,54.80324077606201
7095,54.80324077606201
7096,54.80324077606201
7097,54.80324077606201
7098,54.80324077606201
7099,54.80324077606201
7100,65.7922773361206
7101,65.7922773361206
7102,65.7922773361206
7103,65.7922773361206
7104,54.8309383392334
7105,43.872124671936035
7106,43.872124671936035
7107,43.872124671936035
7108,43.872124671936035
7109,43.872124671936035
7110,43.872124671936035
7111,43.872124671936035
7112,43.872124671936035
7113,43.872124671936035
7114,43.872124671936035
7115,43.872124671936035
7116,43.872124671936035
7117,43.872124671936035
7118,43.872124671936035
7119,43.872124671936035
7120,43.872124671936035
7121,43.872124671936035
7122,32.90636444091797
7123,32.90636444091797
7124,32.90636444091797
7125,43.87992000579834
7126,43.87992000579834
7127,43.87992000579834
7128,43.87992000579834
7129,54.78780937194824
7130,54.78780937194824
7131,54.78780937194824
7132,54.78780937194824
7133,54.78780937194824
7134,54.78780937194824
7135,54.78780937194824
7136,54.78780937194824
7137,54.78780937194824
7138,54.78780937194824
7139,54.78780937194824
7140,54.78780937194824
7141,54.78780937194824
7142,54.78780937194824
7143,54.78780937194824
7144,54.78780937194824
7145,54.78780937194824
7146,54.78780937194824
7147,54.78780937194824
7148,43.848456382751465
7149,43.848456382751465
7150,54.80579471588135
7151,65.76243114471436
7152,65.76243114471436
7153,76.68410968780518
7154,76.68410968780518
7155,76.68410968780518
7156,76.68410968780518
7157,76.68410968780518
7158,76.68410968780518
7159,76.68410968780518
7160,76.68410968780518
7161,76.68410968780518
7162,76.68410968780518
7163,76.68410968780518
7164,76.68410968780518
7165,76.68410968780518
7166,76.68410968780518
7167,76.68410968780518
7168,76.68410968780518
7169,76.68410968780518
7170,65.72747325897217
7171,65.72747325897217
7172,65.72747325897217
7173,65.72747325897217
7174,65.72747325897217
7175,65.72747325897217
7176,65.72747325897217
7177,65.72747325897217
7178,65.72747325897217
7179,65.72747325897217
7180,65.72747325897217
7181,65.72747325897217
7182,65.72747325897217
7183,65.72747325897217
7184,65.72747325897217
7185,65.72747325897217
7186,65.72747325897217
7187,65.72747325897217
7188,54.738436698913574
7189,54.738436698913574
7190,54.738436698913574
7191,54.738436698913574
7192,65.64143180847168
7193,65.64143180847168
7194,65.64143180847168
7195,65.64143180847168
7196,65.64143180847168
7197,65.64143180847168
7198,65.64143180847168
7199,65.64143180847168
7200,65.64143180847168
7201,65.64143180847168
7202,65.64143180847168
7203,65.64143180847168
7204,65.64143180847168
7205,65.64143180847168
7206,65.64143180847168
7207,65.64143180847168
7208,65.64143180847168
7209,65.64143180847168
7210,65.64143180847168
7211,65.64143180847168
7212,65.64143180847168
7213,54.738436698913574
7214,54.738436698913574
7215,54.738436698913574
7216,54.738436698913574
7217,43.83054733276367
7218,43.83054733276367
7219,43.83054733276367
7220,43.83054733276367
7221,43.83054733276367
7222,43.83054733276367
7223,43.83054733276367
7224,43.83054733276367
7225,43.83054733276367
7226,43.83054733276367
7227,43.83054733276367
7228,43.83054733276367
7229,43.83054733276367
7230,43.83054733276367
7231,43.83054733276367
7232,43.83054733276367
7233,43.83054733276367
7234,43.83054733276367
7235,43.83054733276367
7236,43.83054733276367
7237,43.83054733276367
7238,43.83054733276367
7239,43.83054733276367
7240,43.83054733276367
7241,43.83054733276367
7242,43.83054733276367
7243,43.83054733276367
7244,43.83054733276367
7245,43.83054733276367
7246,43.83054733276367
7247,43.83054733276367
7248,43.83054733276367
7249,43.83054733276367
7250,43.83054733276367
7251,43.83054733276367
7252,43.83054733276367
7253,32.90886878967285
7254,32.90886878967285
7255,32.90886878967285
7256,21.930893898010254
7257,21.930893898010254
7258,21.930893898010254
7259,21.930893898010254
7260,21.930893898010254
7261,21.930893898010254
7262,21.930893898010254
7263,21.930893898010254
7264,21.930893898010254
7265,21.930893898010254
7266,21.930893898010254
7267,21.930893898010254
7268,21.930893898010254
7269,21.930893898010254
7270,21.930893898010254
7271,21.930893898010254
7272,21.930893898010254
7273,21.930893898010254
7274,21.930893898010254
7275,21.930893898010254
7276,21.930893898010254
7277,21.930893898010254
7278,21.930893898010254
7279,21.930893898010254
7280,21.930893898010254
7281,21.930893898010254
7282,21.930893898010254
7283,21.930893898010254
7284,21.930893898010254
7285,21.930893898010254
7286,21.930893898010254
7287,21.930893898010254
7288,21.930893898010254
7289,21.930893898010254
7290,21.930893898010254
7291,21.930893898010254
7292,21.930893898010254
7293,21.930893898010254
7294,21.930893898010254
7295,21.930893898010254
7296,21.930893898010254
7297,21.930893898010254
7298,32.923277854919434
7299,32.923277854919434
7300,32.923277854919434
7301,32.923277854919434
7302,32.923277854919434
7303,32.923277854919434
7304,32.923277854919434
7305,32.923277854919434
7306,32.923277854919434
7307,21.96593952178955
7308,21.96593952178955
7309,21.96593952178955
7310,21.96593952178955
7311,21.96593952178955
7312,21.96593952178955
7313,21.96593952178955
7314,21.96593952178955
7315,21.96593952178955
7316,21.96593952178955
7317,21.96593952178955
7318,21.96593952178955
7319,21.96593952178955
7320,21.96593952178955
7321,21.96593952178955
7322,21.96593952178955
7323,21.96593952178955
7324,21.96593952178955
7325,21.96593952178955
7326,21.96593952178955
7327,21.96593952178955
7328,21.96593952178955
7329,21.96593952178955
7330,21.96593952178955
7331,10.99238395690918
7332,10.99238395690918
7333,10.99238395690918
7334,10.99238395690918
7335,10.99238395690918
7336,10.99238395690918
7337,10.99238395690918
7338,10.99238395690918
7339,10.99238395690918
7340,10.99238395690918
7341,10.99238395690918
7342,10.99238395690918
7343,10.99238395690918
7344,10.99238395690918
7345,10.99238395690918
7346,10.99238395690918
7347,10.99238395690918
7348,10.99238395690918
7349,10.99238395690918
7350,10.99238395690918
7351,10.99238395690918
7352,10.99238395690918
7353,10.99238395690918
7354,10.99238395690918
7355,10.99238395690918
7356,10.99238395690918
7357,10.99238395690918
7358,10.99238395690918
7359,10.99238395690918
7360,10.99238395690918
7361,10.99238395690918
7362,10.99238395690918
7363,10.99238395690918
7364,10.99238395690918
7365,10.99238395690918
7366,10.99238395690918
7367,10.99238395690918
7368,10.99238395690918
7369,10.99238395690918
7370,10.99238395690918
7371,10.99238395690918
7372,10.99238395690918
7373,10.99238395690918
7374,10.99238395690918
7375,10.99238395690918
7376,10.99238395690918
7377,10.99238395690918
7378,10.99238395690918
7379,10.99238395690918
7380,10.99238395690918
7381,10.99238395690918
7382,10.99238395690918
7383,10.99238395690918
7384,10.99238395690918
7385,10.99238395690918
7386,10.99238395690918
7387,10.99238395690918
7388,10.99238395690918
7389,10.99238395690918
7390,10.99238395690918
7391,10.99238395690918
7392,10.99238395690918
7393,10.99238395690918
7394,10.99238395690918
7395,10.99238395690918
7396,10.99238395690918
7397,10.99238395690918
7398,10.99238395690918
7399,10.99238395690918
7400,10.99238395690918
7401,10.99238395690918
7402,10.99238395690918
7403,10.99238395690918
7404,10.99238395690918
7405,10.99238395690918
7406,10.99238395690918
7407,10.99238395690918
7408,10.99238395690918
7409,10.99238395690918
7410,10.99238395690918
7411,10.99238395690918
7412,10.99238395690918
7413,10.99238395690918
7414,10.99238395690918
7415,10.99238395690918
7416,10.99238395690918
7417,10.99238395690918
7418,10.99238395690918
7419,10.99238395690918
7420,10.99238395690918
7421,10.99238395690918
7422,10.99238395690918
7423,10.99238395690918
7424,10.99238395690918
7425,10.99238395690918
7426,10.99238395690918
7427,10.99238395690918
7428,10.99238395690918
7429,10.99238395690918
7430,10.99238395690918
7431,10.99238395690918
7432,10.99238395690918
7433,10.99238395690918
7434,10.99238395690918
7435,10.99238395690918
7436,10.99238395690918
7437,10.99238395690918
7438,10.99238395690918
7439,10.99238395690918
7440,10.99238395690918
7441,10.99238395690918
7442,10.99238395690918
7443,10.99238395690918
7444,10.99238395690918
7445,10.99238395690918
7446,10.99238395690918
7447,10.99238395690918
7448,10.99238395690918
7449,10.99238395690918
7450,10.99238395690918
7451,10.99238395690918
7452,10.99238395690918
7453,10.99238395690918
7454,10.99238395690918
7455,10.99238395690918
7456,10.99238395690918
7457,10.99238395690918
7458,10.99238395690918
7459,10.99238395690918
7460,10.99238395690918
7461,10.99238395690918
7462,10.99238395690918
7463,10.99238395690918
7464,10.99238395690918
7465,10.99238395690918
7466,10.99238395690918
7467,10.99238395690918
7468,10.99238395690918
7469,10.99238395690918
7470,10.99238395690918
7471,10.99238395690918
7472,10.99238395690918
7473,10.99238395690918
7474,10.99238395690918
7475,10.99238395690918
7476,10.99238395690918
7477,10.99238395690918
7478,10.99238395690918
7479,10.99238395690918
7480,10.99238395690918
7481,10.99238395690918
7482,10.99238395690918
7483,10.99238395690918
7484,10.99238395690918
7485,10.99238395690918
7486,10.99238395690918
7487,10.99238395690918
7488,10.99238395690918
7489,10.99238395690918
7490,10.99238395690918
7491,0.0
7492,0.0
7493,0.0
7494,0.0
7495,0.0
7496,0.0
7497,0.0
7498,0.0
7499,0.0
7500,0.0
7501,0.0
7502,0.0
7503,0.0
7504,0.0
7505,0.0
7506,0.0
7507,0.0
7508,0.0
7509,0.0
7510,0.0
7511,0.0
7512,0.0
7513,0.0
7514,0.0
7515,0.0
7516,0.0
7517,0.0
7518,0.0
7519,0.0
7520,0.0
7521,0.0
7522,0.0
7523,0.0
7524,0.0
7525,0.0
7526,0.0
7527,10.981654167175293
7528,10.981654167175293
7529,10.981654167175293
7530,10.981654167175293
7531,10.981654167175293
7532,10.981654167175293
7533,10.981654167175293
7534,10.981654167175293
7535,10.981654167175293
7536,10.981654167175293
7537,10.981654167175293
7538,10.981654167175293
7539,10.981654167175293
7540,10.981654167175293
7541,10.981654167175293
7542,10.981654167175293
7543,10.981654167175293
7544,10.981654167175293
7545,10.981654167175293
7546,21.9184513092041
7547,21.9184513092041
7548,21.9184513092041
7549,21.9184513092041
7550,21.9184513092041
7551,21.9184513092041
7552,21.9184513092041
7553,21.9184513092041
7554,21.9184513092041
7555,21.9184513092041
7556,21.9184513092041
7557,21.9184513092041
7558,21.9184513092041
7559,21.9184513092041
7560,21.9184513092041
7561,21.9184513092041
7562,21.9184513092041
7563,21.9184513092041
7564,21.9184513092041
7565,32.9184513092041
7566,32.9184513092041
7567,32.9184513092041
7568,32.9184513092041
7569,32.9184513092041
7570,32.9184513092041
7571,32.9184513092041
7572,32.9184513092041
7573,32.9184513092041
7574,32.9184513092041
7575,32.9184513092041
7576,32.9184513092041
7577,32.9184513092041
7578,32.9184513092041
7579,32.9184513092041
7580,32.9184513092041
7581,43.878461837768555
7582,43.878461837768555
7583,43.878461837768555
7584,43.878461837768555
7585,43.878461837768555
7586,43.878461837768555
7587,43.878461837768555
7588,43.878461837768555
7589,43.878461837768555
7590,43.878461837768555
7591,43.878461837768555
7592,43.878461837768555
7593,43.878461837768555
7594,43.878461837768555
7595,43.878461837768555
7596,43.878461837768555
7597,43.878461837768555
7598,43.878461837768555
7599,43.878461837768555
7600,43.878461837768555
7601,43.878461837768555
7602,65.77131080627441
7603,65.77131080627441
7604,65.77131080627441
7605,65.77131080627441
7606,65.77131080627441
7607,65.77131080627441
7608,65.77131080627441
7609,65.77131080627441
7610,65.77131080627441
7611,65.77131080627441
7612,76.63287353515625
7613,76.63287353515625
7614,76.63287353515625
7615,87.45191192626953
7616,87.45191192626953
7617,87.45191192626953
7618,87.45191192626953
7619,87.45191192626953
7620,87.45191192626953
7621,98.42096138000488
7622,109.337477684021
7623,109.337477684021
7624,109.337477684021
7625,109.337477684021
7626,109.337477684021
7627,109.337477684021
7628,109.337477684021
7629,109.337477684021
7630,109.337477684021
7631,109.337477684021
7632,109.337477684021
7633,109.337477684021
7634,109.337477684021
7635,98.47591495513916
7636,87.65687656402588
7637,98.65687656402588
7638,87.69686603546143
7639,87.69686603546143
7640,87.76006889343262
7641,87.76006889343262
7642,87.76006889343262
7643,87.76006889343262
7644,87.76006889343262
7645,87.76006889343262
7646,98.75467491149902
7647,109.75467491149902
7648,109.75467491149902
7649,109.75467491149902
7650,109.75467491149902
7651,120.67205905914307
7652,120.67205905914307
7653,120.67205905914307
7654,120.67205905914307
7655,120.67205905914307
7656,120.67205905914307
7657,120.67205905914307
7658,120.67205905914307
7659,120.67205905914307
7660,131.6274824142456
7661,131.6274824142456
7662,131.6274824142456
7663,131.6274824142456
7664,120.73463344573975
7665,131.6753158569336
7666,131.5419101715088
7667,142.50525093078613
7668,142.50525093078613
7669,142.50525093078613
7670,142.50525093078613
7671,142.50525093078613
7672,142.50525093078613
7673,142.50525093078613
7674,142.50525093078613
7675,142.50525093078613
7676,131.5498275756836
7677,131.5498275756836
7678,131.5498275756836
7679,131.5498275756836
7680,120.5498275756836
7681,120.5498275756836
7682,120.5498275756836
7683,120.5498275756836
7684,120.5498275756836
7685,120.5498275756836
7686,131.53937530517578
7687,131.53937530517578
7688,131.53937530517578
7689,131.53937530517578
7690,142.53937530517578
7691,142.53937530517578
7692,153.53937530517578
7693,164.41256427764893
7694,164.41256427764893
7695,153.41256427764893
7696,153.41256427764893
7697,153.41256427764893
7698,153.41256427764893
7699,164.35509967803955
7700,164.2933053970337
7701,164.2933053970337
7702,164.2933053970337
7703,164.2933053970337
7704,164.2933053970337
7705,164.2933053970337
7706,164.2933053970337
7707,175.26362228393555
7708,175.26362228393555
7709,175.26362228393555
7710,175.26362228393555
7711,175.26362228393555
7712,175.26362228393555
7713,175.26362228393555
7714,175.26362228393555
7715,175.26362228393555
7716,175.26362228393555
7717,175.26362228393555
7718,175.26362228393555
7719,153.34710597991943
7720,153.34710597991943
7721,153.34710597991943
7722,153.34710597991943
7723,164.3121280670166
7724,164.3121280670166
7725,164.3121280670166
7726,164.3121280670166
7727,153.3121280670166
7728,142.4638795852661
7729,142.4638795852661
7730,142.4638795852661
7731,153.39889812469482
7732,175.32334327697754
7733,186.30327033996582
7734,186.30327033996582
7735,186.30327033996582
7736,186.30327033996582
7737,197.2523012161255
7738,197.2523012161255
7739,186.2523012161255
7740,197.17328453063965
7741,208.13679885864258
7742,208.13679885864258
7743,208.13679885864258
7744,208.13679885864258
7745,208.13679885864258
7746,208.13679885864258
7747,208.13679885864258
7748,208.13679885864258
7749,208.13679885864258
7750,208.13679885864258
7751,219.01122379302979
7752,219.01122379302979
7753,229.98844051361084
7754,218.98844051361084
7755,218.98844051361084
7756,218.98844051361084
7757,218.98844051361084
7758,218.98844051361084
7759,218.98844051361084
7760,218.98844051361084
7761,218.98844051361084
7762,229.93055057525635
7763,229.93055057525635
7764,229.93055057525635
7765,229.93055057525635
7766,240.920241355896
7767,230.04705238342285
7768,240.9599895477295
7769,240.9599895477295
7770,251.86127471923828
7771,251.86127471923828
7772,240.92625617980957
7773,240.92625617980957
7774,240.92625617980957
7775,240.92625617980957
7776,240.92625617980957
7777,240.92625617980957
7778,240.92625617980957
7779,240.92625617980957
7780,240.92625617980957
7781,240.92625617980957
7782,240.92625617980957
7783,230.00887203216553
7784,219.04553127288818
7785,219.04553127288818
7786,219.04553127288818
7787,219.04553127288818
7788,219.04553127288818
7789,219.04553127288818
7790,219.04553127288818
7791,219.04553127288818
7792,219.04553127288818
7793,229.94437408447266
7794,229.94437408447266
7795,229.94437408447266
7796,229.94437408447266
7797,219.00616836547852
7798,219.00616836547852
7799,219.00616836547852
7800,208.10732555389404
7801,208.10732555389404
7802,208.10732555389404
7803,197.1313600540161
7804,197.1313600540161
7805,197.1313600540161
7806,197.1313600540161
7807,197.1313600540161
7808,197.1313600540161
7809,197.1313600540161
7810,197.1313600540161
7811,197.1313600540161
7812,197.1313600540161
7813,186.2569351196289
7814,186.2569351196289
7815,186.2569351196289
7816,186.2569351196289
7817,186.2569351196289
7818,186.2569351196289
7819,186.2569351196289
7820,186.2569351196289
7821,186.2569351196289
7822,186.2569351196289
7823,186.2569351196289
7824,186.2569351196289
7825,197.09630489349365
7826,197.09630489349365
7827,197.09630489349365
7828,197.09630489349365
7829,197.09630489349365
7830,197.09630489349365
7831,197.09630489349365
7832,186.13279056549072
7833,186.13279056549072
7834,175.1902551651001
7835,175.1902551651001
7836,153.26002502441406
7837,153.26002502441406
7838,153.26002502441406
7839,153.26002502441406
7840,153.26002502441406
7841,153.26002502441406
7842,142.2909755706787
7843,131.45160579681396
7844,131.45160579681396
7845,131.45160579681396
7846,131.45160579681396
7847,131.45160579681396
7848,131.45160579681396
7849,131.45160579681396
7850,131.45160579681396
7851,131.45160579681396
7852,131.45160579681396
7853,131.45160579681396
7854,131.45160579681396
7855,131.45160579681396
7856,131.45160579681396
7857,131.45160579681396
7858,131.45160579681396
7859,120.45699977874756
7860,120.45699977874756
7861,120.45699977874756
7862,120.45699977874756
7863,120.45699977874756
7864,120.45699977874756
7865,131.34107875823975
7866,120.37605667114258
7867,120.37605667114258
7868,120.37605667114258
7869,120.37605667114258
7870,98.55378818511963
7871,98.55378818511963
7872,98.55378818511963
7873,98.55378818511963
7874,98.55378818511963
7875,87.64085102081299
7876,87.64085102081299
7877,87.64085102081299
7878,109.60283184051514
7879,109.60283184051514
7880,109.60283184051514
7881,109.60283184051514
7882,109.60283184051514
7883,109.60283184051514
7884,109.60283184051514
7885,120.55840682983398
7886,120.55840682983398
7887,131.45030403137207
7888,120.47308731079102
7889,120.47308731079102
7890,120.47308731079102
7891,120.47308731079102
7892,120.47308731079102
7893,120.47308731079102
7894,120.47308731079102
7895,120.47308731079102
7896,109.48339653015137
7897,109.48339653015137
7898,109.48339653015137
7899,109.48339653015137
7900,109.48339653015137
7901,109.48339653015137
7902,109.48339653015137
7903,109.48339653015137
7904,98.51307964324951
7905,98.51307964324951
7906,109.47573280334473
7907,109.47573280334473
7908,109.47573280334473
7909,109.47573280334473
7910,87.58459186553955
7911,87.58459186553955
7912,87.58459186553955
7913,87.58459186553955
7914,87.58459186553955
7915,76.69269466400146
7916,76.69269466400146
7917,76.69269466400146
7918,65.74421501159668
7919,65.74421501159668
7920,65.74421501159668
7921,65.74421501159668
7922,65.74421501159668
7923,65.74421501159668
7924,65.74421501159668
7925,65.74421501159668
7926,65.74421501159668
7927,65.74421501159668
7928,65.74421501159668
7929,65.74421501159668
7930,65.74421501159668
7931,65.74421501159668
7932,65.74421501159668
7933,65.74421501159668
7934,65.74421501159668
7935,54.7642879486084
7936,54.7642879486084
7937,54.7642879486084
7938,54.7642879486084
7939,54.7642879486084
7940,54.7642879486084
7941,65.7206335067749
7942,65.7206335067749
7943,65.7206335067749
7944,65.7206335067749
7945,65.7206335067749
7946,65.7206335067749
7947,54.836554527282715
7948,54.836554527282715
7949,54.836554527282715
7950,54.836554527282715
7951,54.836554527282715
7952,54.836554527282715
7953,54.836554527282715
7954,54.836554527282715
7955,54.836554527282715
7956,54.836554527282715
7957,54.836554527282715
7958,54.836554527282715
7959,54.836554527282715
7960,54.836554527282715
7961,54.836554527282715
7962,54.836554527282715
7963,54.836554527282715
7964,54.836554527282715
7965,54.836554527282715
7966,54.836554527282715
7967,54.836554527282715
7968,43.836554527282715
7969,43.836554527282715
7970,43.836554527282715
7971,43.836554527282715
7972,43.836554527282715
7973,43.836554527282715
7974,43.836554527282715
7975,43.836554527282715
7976,43.836554527282715
7977,43.836554527282715
7978,43.836554527282715
7979,43.836554527282715
7980,43.836554527282715
7981,43.836554527282715
7982,43.836554527282715
7983,43.836554527282715
7984,43.836554527282715
7985,43.836554527282715
7986,43.836554527282715
7987,43.836554527282715
7988,43.836554527282715
7989,43.836554527282715
7990,43.836554527282715
7991,43.836554527282715
7992,43.836554527282715
7993,43.836554527282715
7994,43.836554527282715
7995,43.836554527282715
7996,43.836554527282715
7997,43.836554527282715
7998,43.836554527282715
7999,43.836554527282715
8000,43.836554527282715
8001,43.836554527282715
8002,43.836554527282715
8003,43.836554527282715
8004,43.836554527282715
8005,43.836554527282715
8006,43.836554527282715
8007,54.836554527282715
8008,54.836554527282715
8009,43.8739013671875
8010,43.8739013671875
8011,43.8739013671875
8012,43.8739013671875
8013,43.8739013671875
8014,43.8739013671875
8015,43.8739013671875
8016,43.8739013671875
8017,43.8739013671875
8018,43.8739013671875
8019,43.8739013671875
8020,43.8739013671875
8021,43.8739013671875
8022,43.8739013671875
8023,54.87119102478027
8024,54.87119102478027
8025,54.87119102478027
8026,54.87119102478027
8027,54.87119102478027
8028,54.87119102478027
8029,54.87119102478027
8030,54.87119102478027
8031,54.87119102478027
8032,54.87119102478027
8033,54.87119102478027
8034,54.87119102478027
8035,54.87119102478027
8036,54.87119102478027
8037,54.87119102478027
8038,54.87119102478027
8039,54.87119102478027
8040,54.87119102478027
8041,65.82451152801514
8042,65.82451152801514
8043,379.458758354187
8044,379.458758354187
8045,379.458758354187
8046,379.458758354187
8047,379.458758354187
8048,379.458758354187
8049,379.458758354187
8050,379.458758354187
8051,65.82451152801514
8052,65.82451152801514
8053,65.82451152801514
8054,65.82451152801514
8055,65.82451152801514
8056,65.82451152801514
8057,65.82451152801514
8058,65.82451152801514
8059,65.82451152801514
8060,65.82451152801514
8061,65.82451152801514
8062,65.82451152801514
8063,65.82451152801514
8064,65.82451152801514
8065,54.86816596984863
8066,54.86816596984863
8067,54.86816596984863
8068,54.86816596984863
8069,54.86816596984863
8070,54.86816596984863
8071,54.86816596984863
8072,54.86816596984863
8073,54.86816596984863
8074,54.86816596984863
8075,54.86816596984863
8076,54.86816596984863
8077,54.86816596984863
8078,54.86816596984863
8079,54.86816596984863
8080,54.86816596984863
8081,54.86816596984863
8082,54.86816596984863
8083,54.86816596984863
8084,65.5142240524292
8085,65.5142240524292
8086,65.5142240524292
8087,65.5142240524292
8088,65.5142240524292
8089,76.46846771240234
8090,76.46846771240234
8091,76.46846771240234
8092,76.46846771240234
8093,76.46846771240234
8094,76.46846771240234
8095,76.46846771240234
8096,76.46846771240234
8097,76.46846771240234
8098,76.46846771240234
8099,87.46846771240234
8100,87.46846771240234
8101,87.46846771240234
8102,87.46846771240234
8103,98.46846771240234
8104,98.46846771240234
8105,98.46846771240234
8106,87.5064868927002
8107,76.86042881011963
8108,76.86042881011963
8109,76.86042881011963
8110,76.86042881011963
8111,76.86042881011963
8112,76.86042881011963
8113,76.86042881011963
8114,76.86042881011963
8115,65.86042881011963
8116,65.86042881011963
8117,65.86042881011963
8118,65.86042881011963
8119,65.86042881011963
8120,65.86042881011963
8121,65.86042881011963
8122,65.86042881011963
8123,54.90485382080078
8124,54.90485382080078
8125,54.90485382080078
8126,54.90485382080078
8127,54.90485382080078
8128,65.84366989135742
8129,65.84366989135742
8130,65.84366989135742
8131,65.84366989135742
8132,65.84366989135742
8133,65.84366989135742
8134,65.84366989135742
8135,65.84366989135742
8136,65.84366989135742
8137,65.84366989135742
8138,65.84366989135742
8139,65.84366989135742
8140,65.84366989135742
8141,65.84366989135742
8142,65.84366989135742
8143,65.84366989135742
8144,65.84366989135742
8145,65.84366989135742
8146,65.84366989135742
8147,76.83658504486084
8148,76.83658504486084
8149,76.83658504486084
8150,76.83658504486084
8151,76.83658504486084
8152,76.83658504486084
8153,87.83658504486084
8154,87.83658504486084
8155,98.82617950439453
8156,87.82617950439453
8157,87.82617950439453
8158,87.82617950439453
8159,76.87285900115967
8160,87.84603214263916
8161,87.84603214263916
8162,87.84603214263916
8163,87.84603214263916
8164,87.84603214263916
8165,87.84603214263916
8166,87.84603214263916
8167,87.84603214263916
8168,76.84603214263916
8169,87.76998996734619
8170,87.76998996734619
8171,87.76998996734619
8172,87.76998996734619
8173,87.76998996734619
8174,87.76998996734619
8175,87.76998996734619
8176,87.76998996734619
8177,87.76998996734619
8178,87.76998996734619
8179,87.76998996734619
8180,87.76998996734619
8181,87.76998996734619
8182,87.76998996734619
8183,87.76998996734619
8184,87.76998996734619
8185,87.76998996734619
8186,87.76998996734619
8187,87.76998996734619
8188,87.76998996734619
8189,98.76998996734619
8190,109.74498844146729
8191,109.74498844146729
8192,109.74498844146729
8193,109.74498844146729
8194,109.74498844146729
8195,109.74498844146729
8196,109.74498844146729
8197,109.74498844146729
8198,109.74498844146729
8199,109.74498844146729
8200,109.74498844146729
8201,109.74498844146729
8202,109.74498844146729
8203,120.68261909484863
8204,120.68261909484863
8205,120.68261909484863
8206,120.68261909484863
8207,120.68261909484863
8208,120.68261909484863
8209,131.5966339111328
8210,131.5966339111328
8211,131.5966339111328
8212,153.50449085235596
8213,175.50449085235596
8214,175.50449085235596
8215,175.50449085235596
8216,175.50449085235596
8217,164.50449085235596
8218,164.50449085235596
8219,164.50449085235596
8220,164.50449085235596
8221,164.50449085235596
8222,175.4275999069214
8223,175.4275999069214
8224,175.4275999069214
8225,175.4275999069214
8226,175.4275999069214
8227,175.4275999069214
8228,186.3668565750122
8229,186.3668565750122
8230,197.3668565750122
8231,197.3668565750122
8232,186.3739414215088
8233,197.35898303985596
8234,208.34801292419434
8235,208.34801292419434
8236,208.34801292419434
8237,197.4091968536377
8238,197.4091968536377
8239,197.4091968536377
8240,208.36359024047852
8241,208.36359024047852
8242,208.36359024047852
8243,208.36359024047852
8244,208.36359024047852
8245,219.34665489196777
8246,219.34665489196777
8247,230.30379581451416
8248,230.30379581451416
8249,219.3065061569214
8250,219.3065061569214
8251,208.35226249694824
8252,208.35226249694824
8253,208.35226249694824
8254,219.333740234375
8255,208.333740234375
8256,208.333740234375
8257,208.333740234375
8258,219.31266021728516
8259,219.31266021728516
8260,219.31266021728516
8261,219.31266021728516
8262,230.06413555145264
8263,230.06413555145264
8264,230.06413555145264
8265,230.06413555145264
8266,240.92273712158203
8267,240.92273712158203
8268,240.92273712158203
8269,240.92273712158203
8270,240.92273712158203
8271,240.92273712158203
8272,240.92273712158203
8273,251.8909969329834
8274,251.8909969329834
8275,251.8909969329834
8276,251.8909969329834
8277,240.9014024734497
8278,240.9014024734497
8279,240.9014024734497
8280,218.98738765716553
8281,218.98738765716553
8282,218.98738765716553
8283,229.92366981506348
8284,229.92366981506348
8285,240.88379383087158
8286,240.88379383087158
8287,240.88379383087158
8288,251.87780284881592
8289,251.87780284881592
8290,251.87780284881592
8291,240.87780284881592
8292,240.87780284881592
8293,229.94017219543457
8294,229.94017219543457
8295,229.94017219543457
8296,229.94017219543457
8297,240.8740005493164
8298,240.8740005493164
8299,251.75542545318604
8300,251.75542545318604
8301,262.75353622436523
8302,262.75353622436523
8303,262.75353622436523
8304,263.04199981689453
8305,263.04199981689453
8306,263.04199981689453
8307,263.04199981689453
8308,263.04199981689453
8309,252.1180419921875
8310,252.1180419921875
8311,241.2594404220581
8312,252.19079780578613
8313,263.1542797088623
8314,252.1542797088623
8315,252.1542797088623
8316,252.1542797088623
8317,252.1542797088623
8318,241.1542797088623
8319,241.1542797088623
8320,241.1542797088623
8321,252.11732578277588
8322,252.11732578277588
8323,252.11732578277588
8324,252.11732578277588
8325,263.0560235977173
8326,263.0560235977173
8327,263.0560235977173
8328,263.0560235977173
8329,263.0560235977173
8330,274.0392322540283
8331,274.0392322540283
8332,284.94980812072754
8333,306.8273591995239
8334,306.8273591995239
8335,306.8273591995239
8336,306.8273591995239
8337,317.80339527130127
8338,306.86956691741943
8339,306.86956691741943
8340,306.86956691741943
8341,306.86956691741943
8342,306.86956691741943
8343,306.86956691741943
8344,306.86956691741943
8345,306.86956691741943
8346,317.347092628479
8347,317.347092628479
8348,317.347092628479
8349,317.347092628479
8350,317.347092628479
8351,338.93884086608887
8352,349.88180923461914
8353,327.9217691421509
8354,327.9217691421509
8355,338.7930545806885
8356,338.7930545806885
8357,327.83279609680176
8358,327.71979808807373
8359,317.06993770599365
8360,317.5202989578247
8361,317.5202989578247
8362,317.5202989578247
8363,339.37079334259033
8364,339.37079334259033
8365,339.37079334259033
8366,339.37079334259033
8367,328.3877286911011
8368,328.3877286911011
8369,328.3877286911011
8370,339.1844320297241
8371,328.2258768081665
8372,317.24439907073975
8373,317.24439907073975
8374,317.24439907073975
8375,317.24439907073975
8376,328.22218799591064
8377,328.22218799591064
8378,328.22218799591064
8379,328.22218799591064
8380,339.1995372772217
8381,339.1995372772217
8382,328.26325511932373
8383,328.26325511932373
8384,317.3818302154541
8385,317.3818302154541
8386,328.24425888061523
8387,339.19521141052246
8388,339.19521141052246
8389,317.2632131576538
8390,317.2632131576538
8391,306.3030891418457
8392,306.3030891418457
8393,306.3030891418457
8394,306.3030891418457
8395,306.3030891418457
8396,295.3049783706665
8397,295.3049783706665
8398,306.25403213500977
8399,317.2508087158203
8400,317.2508087158203
8401,317.29198932647705
8402,317.33834648132324
8403,317.33834648132324
8404,328.01191425323486
8405,328.01191425323486
8406,328.00807762145996
8407,328.00807762145996
8408,328.00807762145996
8409,328.00807762145996
8410,328.00807762145996
8411,328.00807762145996
8412,317.09750175476074
8413,317.09750175476074
8414,317.09750175476074
8415,317.09750175476074
8416,317.2899293899536
8417,317.2899293899536
8418,317.2899293899536
8419,317.2899293899536
8420,317.2899293899536
8421,295.6481018066406
8422,295.6481018066406
8423,284.66918182373047
8424,273.7272939682007
8425,273.7272939682007
8426,284.7045726776123
8427,273.8332872390747
8428,273.8332872390747
8429,273.8332872390747
8430,273.8332872390747
8431,262.8601140975952
8432,251.89663219451904
8433,251.89663219451904
8434,251.89663219451904
8435,251.89663219451904
8436,251.89663219451904
8437,251.89663219451904
8438,251.89663219451904
8439,251.89663219451904
8440,241.01562118530273
8441,241.01562118530273
8442,230.07692337036133
8443,219.2144947052002
8444,219.2144947052002
8445,208.29122066497803
8446,197.3297004699707
8447,186.40250492095947
8448,186.40250492095947
8449,175.41689109802246
8450,186.34369945526123
8451,186.34369945526123
8452,186.34369945526123
8453,186.34369945526123
8454,186.34369945526123
8455,186.34369945526123
8456,186.34369945526123
8457,186.34369945526123
8458,186.34369945526123
8459,186.34369945526123
8460,186.34369945526123
8461,186.34369945526123
8462,186.34369945526123
8463,186.34369945526123
8464,175.4124813079834
8465,175.4124813079834
8466,175.4124813079834
8467,175.4124813079834
8468,175.4124813079834
8469,175.4124813079834
8470,175.4124813079834
8471,175.4124813079834
8472,175.4124813079834
8473,175.4124813079834
8474,175.4124813079834
8475,175.4124813079834
8476,175.4124813079834
8477,175.4124813079834
8478,164.48526096343994
8479,153.52221298217773
8480,153.52221298217773
8481,153.52221298217773
8482,153.52221298217773
8483,142.5943260192871
8484,142.5943260192871
8485,142.5943260192871
8486,142.5943260192871
8487,142.5943260192871
8488,142.5943260192871
8489,142.5943260192871
8490,142.5943260192871
8491,131.64337348937988
8492,131.64337348937988
8493,131.64337348937988
8494,120.68032741546631
8495,120.68032741546631
8496,120.68032741546631
8497,120.68032741546631
8498,120.68032741546631
8499,120.68032741546631
8500,120.68032741546631
8501,120.68032741546631
8502,120.68032741546631
8503,120.68032741546631
8504,109.75351905822754
8505,109.75351905822754
8506,109.75351905822754
8507,109.75351905822754
8508,109.75351905822754
8509,109.75351905822754
8510,109.75351905822754
8511,109.75351905822754
8512,98.80446529388428
8513,98.80446529388428
8514,98.80446529388428
8515,109.6973009109497
8516,109.6973009109497
8517,109.6973009109497
8518,109.6973009109497
8519,109.6973009109497
8520,109.6973009109497
8521,120.6072359085083
8522,120.6072359085083
8523,120.6072359085083
8524,120.6072359085083
8525,120.66366577148438
8526,120.66366577148438
8527,120.66366577148438
8528,120.66366577148438
8529,120.66366577148438
8530,120.66366577148438
8531,120.66366577148438
8532,120.66366577148438
8533,109.67453479766846
8534,109.67453479766846
8535,109.67453479766846
8536,98.70287799835205
8537,98.70287799835205
8538,98.70287799835205
8539,98.70287799835205
8540,98.70287799835205
8541,98.70287799835205
8542,98.70287799835205
8543,109.18670654296875
8544,109.18670654296875
8545,109.18670654296875
8546,109.18670654296875
8547,109.18670654296875
8548,109.18670654296875
8549,109.18670654296875
8550,109.18670654296875
8551,109.18670654296875
8552,109.18670654296875
8553,109.18670654296875
8554,87.81004238128662
8555,87.81004238128662
8556,87.81004238128662
8557,87.81004238128662
8558,87.81004238128662
8559,87.81004238128662
8560,87.81004238128662
8561,87.81004238128662
8562,87.81004238128662
8563,87.81004238128662
8564,87.81004238128662
8565,87.81004238128662
8566,87.81004238128662
8567,87.81004238128662
8568,87.81004238128662
8569,87.81004238128662
8570,87.81004238128662
8571,87.81004238128662
8572,87.81004238128662
8573,87.81004238128662
8574,87.81004238128662
8575,87.81004238128662
8576,87.81004238128662
8577,87.81004238128662
8578,87.81004238128662
8579,87.81004238128662
8580,76.82683372497559
8581,76.82683372497559
8582,76.82683372497559
8583,76.82683372497559
8584,76.82683372497559
8585,65.84904479980469
8586,65.84904479980469
8587,65.84904479980469
8588,65.84904479980469
8589,65.84904479980469
8590,65.84904479980469
8591,65.84904479980469
8592,65.84904479980469
8593,65.84904479980469
8594,65.84904479980469
8595,65.84904479980469
8596,65.84904479980469
8597,54.87169551849365
8598,54.87169551849365
8599,54.87169551849365
8600,54.87169551849365
8601,54.87169551849365
8602,54.87169551849365
8603,54.87169551849365
8604,54.87169551849365
8605,54.87169551849365
8606,54.87169551849365
8607,54.87169551849365
8608,54.87169551849365
8609,65.86099624633789
8610,65.86099624633789
8611,65.86099624633789
8612,65.86099624633789
8613,65.86099624633789
8614,65.86099624633789
8615,65.86099624633789
8616,65.86099624633789
8617,65.86099624633789
8618,65.86099624633789
8619,54.9510612487793
8620,54.9510612487793
8621,54.9510612487793
8622,54.9510612487793
8623,54.9510612487793
8624,54.9510612487793
8625,54.9510612487793
8626,54.9510612487793
8627,54.9510612487793
8628,54.9510612487793
8629,54.9510612487793
8630,54.9510612487793
8631,54.9510612487793
8632,43.96228218078613
8633,43.96228218078613
8634,43.96228218078613
8635,43.96228218078613
8636,43.96228218078613
8637,43.96228218078613
8638,43.96228218078613
8639,43.96228218078613
8640,43.96228218078613
8641,43.96228218078613
8642,43.96228218078613
8643,54.96228218078613
8644,54.96228218078613
8645,54.96228218078613
8646,54.96228218078613
8647,54.96228218078613
8648,54.96228218078613
8649,54.96228218078613
8650,54.96228218078613
8651,54.96228218078613
8652,54.96228218078613
8653,65.84783554077148
8654,65.84783554077148
8655,65.84783554077148
8656,65.84783554077148
8657,65.84783554077148
8658,65.84783554077148
8659,65.84783554077148
8660,65.84783554077148
8661,65.84783554077148
8662,65.84783554077148
8663,65.84783554077148
8664,65.84783554077148
8665,65.84783554077148
8666,65.84783554077148
8667,65.84783554077148
8668,54.87055683135986
8669,54.87055683135986
8670,54.87055683135986
8671,54.87055683135986
8672,54.87055683135986
8673,54.87055683135986
8674,54.87055683135986
8675,54.87055683135986
8676,54.87055683135986
8677,54.87055683135986
8678,54.87055683135986
8679,54.87055683135986
8680,54.87055683135986
8681,65.83487510681152
8682,65.83487510681152
8683,54.83487510681152
8684,54.83487510681152
8685,54.83487510681152
8686,54.83487510681152
8687,54.83487510681152
8688,54.83487510681152
8689,54.83487510681152
8690,54.83487510681152
8691,54.83487510681152
8692,54.83487510681152
8693,54.83487510681152
8694,54.83487510681152
8695,54.83487510681152
8696,54.83487510681152
8697,54.83487510681152
8698,54.83487510681152
8699,54.83487510681152
8700,54.83487510681152
8701,54.83487510681152
8702,54.83487510681152
8703,54.83487510681152
8704,54.83487510681152
8705,54.83487510681152
8706,54.83487510681152
8707,54.83487510681152
8708,54.83487510681152
8709,54.83487510681152
8710,54.83487510681152
8711,54.83487510681152
8712,54.83487510681152
8713,54.83487510681152
8714,54.83487510681152
8715,54.83487510681152
8716,54.83487510681152
8717,54.83487510681152
8718,54.83487510681152
8719,54.83487510681152
8720,54.83487510681152
8721,54.83487510681152
8722,54.92316913604736
8723,65.86796760559082
8724,65.86796760559082
8725,65.86796760559082
8726,54.87119102478027
8727,54.87119102478027
8728,54.87119102478027
8729,54.87119102478027
8730,54.87119102478027
8731,54.87119102478027
8732,54.87119102478027
8733,54.87119102478027
8734,54.87119102478027
8735,54.87119102478027
8736,54.87119102478027
8737,54.87119102478027
8738,54.87119102478027
8739,54.87119102478027
8740,54.87119102478027
8741,54.87119102478027
8742,54.87119102478027
8743,54.87119102478027
8744,54.87119102478027
8745,54.87119102478027
8746,54.87119102478027
8747,54.87119102478027
8748,54.87119102478027
8749,54.87119102478027
8750,54.87119102478027
8751,43.87226486206055
8752,43.87226486206055
8753,43.87226486206055
8754,43.87226486206055
8755,54.85002899169922
8756,54.85002899169922
8757,54.85002899169922
8758,54.85002899169922
8759,54.85002899169922
8760,54.85002899169922
8761,54.85002899169922
8762,54.85002899169922
8763,54.85002899169922
8764,54.85002899169922
8765,54.85002899169922
8766,54.85002899169922
8767,54.85002899169922
8768,54.85002899169922
8769,43.87618160247803
8770,43.87618160247803
8771,43.87618160247803
8772,43.87618160247803
8773,43.87618160247803
8774,43.87618160247803
8775,43.87618160247803
8776,43.87618160247803
8777,43.87618160247803
8778,43.87618160247803
8779,43.87618160247803
8780,43.87618160247803
8781,43.87618160247803
8782,43.87618160247803
8783,43.87618160247803
8784,43.87618160247803
8785,43.87618160247803
8786,43.87618160247803
8787,43.87618160247803
8788,43.87618160247803
8789,43.87618160247803
8790,43.87618160247803
8791,43.87618160247803
8792,43.87618160247803
8793,43.87618160247803
8794,43.87618160247803
8795,43.87618160247803
8796,43.87618160247803
8797,43.87618160247803
8798,43.87618160247803
8799,43.87618160247803
8800,43.87618160247803
8801,43.87618160247803
8802,43.87618160247803
8803,43.87618160247803
8804,43.87618160247803
8805,43.87618160247803
8806,43.87618160247803
8807,43.87618160247803
8808,43.87618160247803
8809,43.87618160247803
8810,43.87618160247803
8811,43.87618160247803
8812,43.87618160247803
8813,43.87618160247803
8814,43.87618160247803
8815,43.87618160247803
8816,54.749717712402344
8817,54.749717712402344
8818,54.749717712402344
8819,54.749717712402344
8820,54.749717712402344
8821,54.749717712402344
8822,54.749717712402344
8823,54.749717712402344
8824,54.749717712402344
8825,54.749717712402344
8826,43.77195358276367
8827,43.77195358276367
8828,43.77195358276367
8829,43.77195358276367
8830,43.77195358276367
8831,43.77195358276367
8832,43.77195358276367
8833,148.78659439086914
8834,32.827155113220215
8835,32.827155113220215
8836,32.827155113220215
8837,32.827155113220215
8838,32.827155113220215
8839,43.737725257873535
8840,43.737725257873535
8841,43.737725257873535
8842,43.737725257873535
8843,43.737725257873535
8844,43.737725257873535
8845,43.737725257873535
8846,43.737725257873535
8847,43.737725257873535
8848,43.737725257873535
8849,43.737725257873535
8850,43.737725257873535
8851,43.737725257873535
8852,43.737725257873535
8853,43.737725257873535
8854,43.737725257873535
8855,43.737725257873535
8856,43.737725257873535
8857,43.737725257873535
8858,43.737725257873535
8859,43.737725257873535
8860,43.737725257873535
8861,43.737725257873535
8862,43.737725257873535
8863,43.737725257873535
8864,43.737725257873535
8865,43.737725257873535
8866,32.86418914794922
8867,32.86418914794922
8868,32.86418914794922
8869,32.86418914794922
8870,32.86418914794922
8871,32.86418914794922
8872,32.86418914794922
8873,32.86418914794922
8874,32.86418914794922
8875,32.86418914794922
8876,32.86418914794922
8877,32.86418914794922
8878,32.86418914794922
8879,32.86418914794922
8880,32.86418914794922
8881,32.86418914794922
8882,32.86418914794922
8883,32.86418914794922
8884,32.86418914794922
8885,32.86418914794922
8886,32.86418914794922
8887,32.86418914794922
8888,32.86418914794922
8889,32.86418914794922
8890,32.86418914794922
8891,32.86418914794922
8892,32.86418914794922
8893,32.86418914794922
8894,32.86418914794922
8895,32.86418914794922
8896,32.86418914794922
8897,32.86418914794922
8898,32.86418914794922
8899,32.86418914794922
8900,32.86418914794922
8901,32.86418914794922
8902,32.86418914794922
8903,32.86418914794922
8904,32.86418914794922
8905,32.86418914794922
8906,32.86418914794922
8907,32.86418914794922
8908,32.86418914794922
8909,32.86418914794922
8910,32.86418914794922
8911,21.89987087249756
8912,21.89987087249756
8913,21.89987087249756
8914,21.89987087249756
8915,21.89987087249756
8916,21.89987087249756
8917,21.89987087249756
8918,21.89987087249756
8919,21.89987087249756
8920,21.89987087249756
8921,21.89987087249756
8922,21.89987087249756
8923,21.89987087249756
8924,21.89987087249756
8925,21.89987087249756
8926,21.89987087249756
8927,21.89987087249756
8928,21.89987087249756
8929,21.89987087249756
8930,21.89987087249756
8931,21.89987087249756
8932,21.89987087249756
8933,21.89987087249756
8934,21.89987087249756
8935,21.89987087249756
8936,31.713815689086914
8937,31.713815689086914
8938,31.713815689086914
8939,31.713815689086914
8940,31.713815689086914
8941,31.713815689086914
8942,21.89987087249756
8943,21.89987087249756
8944,21.89987087249756
8945,21.89987087249756
8946,10.989300727844238
8947,0.0
8948,0.0
8949,0.0
8950,0.0
8951,0.0
8952,0.0
8953,0.0
8954,0.0
8955,0.0
8956,0.0
8957,0.0
8958,0.0
8959,0.0
8960,0.0
8961,0.0
8962,0.0
8963,0.0
8964,0.0
8965,0.0
8966,0.0
8967,0.0
8968,0.0
8969,0.0
8970,0.0
8971,0.0
8972,0.0
8973,10.980437278747559
8974,10.980437278747559
8975,10.980437278747559
8976,10.980437278747559
8977,10.980437278747559
8978,10.980437278747559
8979,10.980437278747559
8980,10.980437278747559
8981,10.980437278747559
8982,10.980437278747559
8983,10.980437278747559
8984,10.980437278747559
8985,10.980437278747559
8986,10.980437278747559
8987,10.980437278747559
8988,10.980437278747559
8989,10.980437278747559
8990,10.980437278747559
8991,10.980437278747559
8992,10.980437278747559
8993,10.980437278747559
8994,10.980437278747559
8995,10.980437278747559
8996,10.980437278747559
8997,10.980437278747559
8998,10.980437278747559
8999,10.980437278747559
9000,10.980437278747559
9001,10.980437278747559
9002,10.980437278747559
9003,10.980437278747559
9004,21.9301815032959
9005,21.9301815032959
9006,21.9301815032959
9007,21.9301815032959
9008,21.9301815032959
9009,32.91841697692871
9010,43.91362953186035
9011,43.91362953186035
9012,43.91362953186035
9013,43.91362953186035
9014,43.91362953186035
9015,43.91362953186035
9016,54.89558696746826
9017,54.89558696746826
9018,54.89558696746826
9019,65.88809871673584
9020,65.88809871673584
9021,65.88809871673584
9022,65.88809871673584
9023,65.88809871673584
9024,65.88809871673584
9025,65.88809871673584
9026,65.88809871673584
9027,65.88809871673584
9028,65.88809871673584
9029,65.88809871673584
9030,65.88809871673584
9031,65.88809871673584
9032,65.88809871673584
9033,54.8928861618042
9034,43.94314193725586
9035,43.94314193725586
9036,43.94314193725586
9037,43.94314193725586
9038,43.94314193725586
9039,43.94314193725586
9040,43.94314193725586
9041,43.94314193725586
9042,43.94314193725586
9043,43.94314193725586
9044,43.94314193725586
9045,43.94314193725586
9046,43.94314193725586
9047,43.94314193725586
9048,43.94314193725586
9049,43.94314193725586
9050,43.94314193725586
9051,43.94314193725586
9052,43.94314193725586
9053,43.94314193725586
9054,43.94314193725586
9055,43.94314193725586
9056,43.94314193725586
9057,43.94314193725586
9058,43.94314193725586
9059,43.94314193725586
9060,43.94314193725586
9061,32.96118450164795
9062,32.96118450164795
9063,32.96118450164795
9064,32.96118450164795
9065,32.96118450164795
9066,32.96118450164795
9067,32.96118450164795
9068,32.96118450164795
9069,32.96118450164795
9070,32.96118450164795
9071,32.96118450164795
9072,32.96118450164795
9073,32.96118450164795
9074,32.96118450164795
9075,32.96118450164795
9076,32.96118450164795
9077,32.96118450164795
9078,32.96118450164795
9079,32.96118450164795
9080,32.96118450164795
9081,32.96118450164795
9082,32.96118450164795
9083,32.96118450164795
9084,32.96118450164795
9085,32.96118450164795
9086,32.96118450164795
9087,32.96118450164795
9088,32.96118450164795
9089,32.96118450164795
9090,32.96118450164795
9091,32.96118450164795
9092,32.96118450164795
9093,32.96118450164795
9094,32.96118450164795
9095,32.96118450164795
9096,32.96118450164795
9097,32.96118450164795
9098,32.96118450164795
9099,32.96118450164795
9100,32.96118450164795
9101,32.96118450164795
9102,32.96118450164795
9103,32.96118450164795
9104,32.96118450164795
9105,32.96118450164795
9106,32.96118450164795
9107,32.96118450164795
9108,32.96118450164795
9109,32.96118450164795
9110,32.96118450164795
9111,32.96118450164795
9112,32.96118450164795
9113,32.96118450164795
9114,32.96118450164795
9115,32.96118450164795
9116,32.96118450164795
9117,32.96118450164795
9118,32.96118450164795
9119,32.96118450164795
9120,32.96118450164795
9121,32.96118450164795
9122,32.96118450164795
9123,32.96118450164795
9124,32.96118450164795
9125,32.96118450164795
9126,32.96118450164795
9127,32.96118450164795
9128,32.96118450164795
9129,43.820945739746094
9130,43.820945739746094
9131,43.820945739746094
9132,43.820945739746094
9133,43.820945739746094
9134,54.73853778839111
9135,54.73853778839111
9136,65.5952615737915
9137,76.5952615737915
9138,76.5952615737915
9139,76.5952615737915
9140,76.5952615737915
9141,76.5952615737915
9142,87.56477546691895
9143,87.56477546691895
9144,98.538161277771
9145,98.538161277771
9146,98.538161277771
9147,98.538161277771
9148,98.538161277771
9149,98.538161277771
9150,109.52697277069092
9151,109.52697277069092
9152,98.5387372970581
9153,98.5387372970581
9154,98.5387372970581
9155,98.5387372970581
9156,98.5387372970581
9157,98.5387372970581
9158,98.5387372970581
9159,98.5387372970581
9160,98.5387372970581
9161,98.5387372970581
9162,98.5387372970581
9163,98.5387372970581
9164,98.5387372970581
9165,98.5387372970581
9166,98.5387372970581
9167,98.5387372970581
9168,98.5387372970581
9169,98.5387372970581
9170,98.5387372970581
9171,98.5387372970581
9172,98.5387372970581
9173,98.5387372970581
9174,98.5387372970581
9175,98.5387372970581
9176,87.68201351165771
9177,87.68201351165771
9178,87.68201351165771
9179,87.68201351165771
9180,87.68201351165771
9181,87.68201351165771
9182,76.70157623291016
9183,76.70157623291016
9184,76.70157623291016
9185,76.70157623291016
9186,76.70157623291016
9187,65.70906448364258
9188,54.849303245544434
9189,65.63176155090332
9190,54.66224765777588
9191,54.66224765777588
9192,54.66224765777588
9193,54.66224765777588
9194,54.66224765777588
9195,54.66224765777588
9196,54.66224765777588
9197,54.66224765777588
9198,54.66224765777588
9199,54.66224765777588
9200,54.66224765777588
9201,54.66224765777588
9202,54.66224765777588
9203,54.66224765777588
9204,65.64498710632324
9205,65.64498710632324
9206,54.64498710632324
9207,54.64498710632324
9208,54.64498710632324
9209,54.64498710632324
9210,54.64498710632324
9211,54.64498710632324
9212,54.64498710632324
9213,54.64498710632324
9214,54.64498710632324
9215,54.64498710632324
9216,54.64498710632324
9217,54.64498710632324
9218,54.64498710632324
9219,54.64498710632324
9220,54.64498710632324
9221,43.862528800964355
9222,43.862528800964355
9223,43.862528800964355
9224,43.862528800964355
9225,43.862528800964355
9226,43.862528800964355
9227,43.862528800964355
9228,43.862528800964355
9229,43.862528800964355
9230,43.862528800964355
9231,43.862528800964355
9232,43.862528800964355
9233,43.862528800964355
9234,43.862528800964355
9235,43.862528800964355
9236,43.862528800964355
9237,43.862528800964355
9238,43.862528800964355
9239,43.862528800964355
9240,43.862528800964355
9241,54.862528800964355
9242,54.862528800964355
9243,54.862528800964355
9244,54.862528800964355
9245,54.862528800964355
9246,54.862528800964355
9247,54.862528800964355
9248,43.944936752319336
9249,43.944936752319336
9250,43.944936752319336
9251,43.944936752319336
9252,43.944936752319336
9253,43.944936752319336
9254,54.908976554870605
9255,54.908976554870605
9256,54.908976554870605
9257,54.908976554870605
9258,54.908976554870605
9259,54.908976554870605
9260,54.908976554870605
9261,54.908976554870605
9262,54.908976554870605
9263,54.908976554870605
9264,54.908976554870605
9265,54.908976554870605
9266,54.908976554870605
9267,54.908976554870605
9268,54.908976554870605
9269,54.908976554870605
9270,54.908976554870605
9271,54.908976554870605
9272,54.908976554870605
9273,54.908976554870605
9274,54.908976554870605
9275,54.908976554870605
9276,54.908976554870605
9277,54.908976554870605
9278,54.908976554870605
9279,54.908976554870605
9280,54.908976554870605
9281,54.908976554870605
9282,54.908976554870605
9283,54.908976554870605
9284,54.908976554870605
9285,54.908976554870605
9286,54.908976554870605
9287,54.908976554870605
9288,54.908976554870605
9289,65.68608570098877
9290,76.4637508392334
9291,76.4637508392334
9292,76.4637508392334
9293,76.4637508392334
9294,87.43810081481934
9295,76.46471500396729
9296,76.46471500396729
9297,76.46471500396729
9298,76.46471500396729
9299,76.46471500396729
9300,87.2325963973999
9301,98.04838466644287
9302,98.04838466644287
9303,98.04838466644287
9304,98.04838466644287
9305,109.022780418396
9306,109.022780418396
9307,109.022780418396
9308,109.022780418396
9309,109.022780418396
9310,109.022780418396
9311,109.022780418396
9312,109.022780418396
9313,109.022780418396
9314,414.2337484359741
9315,414.2337484359741
9316,414.2337484359741
9317,414.2337484359741
9318,414.20355224609375
9319,119.98029327392578
9320,119.98029327392578
9321,119.98029327392578
9322,119.98029327392578
9323,119.98029327392578
9324,119.98029327392578
9325,119.98029327392578
9326,119.98029327392578
9327,119.98029327392578
9328,120.11335182189941
9329,120.11335182189941
9330,120.11335182189941
9331,131.0384063720703
9332,141.99813556671143
9333,141.99813556671143
9334,141.99813556671143
9335,131.18234729766846
9336,109.62757301330566
9337,109.62757301330566
9338,109.62757301330566
9339,109.62757301330566
9340,109.62757301330566
9341,109.62757301330566
9342,120.6255989074707
9343,120.6255989074707
9344,131.46874046325684
9345,142.29259300231934
9346,142.29259300231934
9347,142.29259300231934
9348,142.29259300231934
9349,142.29259300231934
9350,142.29259300231934
9351,142.29259300231934
9352,142.29259300231934
9353,153.12539196014404
9354,153.12539196014404
9355,163.9964361190796
9356,163.9964361190796
9357,174.9437961578369
9358,174.9437961578369
9359,174.9437961578369
9360,174.9437961578369
9361,174.9437961578369
9362,174.9437961578369
9363,174.9437961578369
9364,174.9437961578369
9365,174.9437961578369
9366,174.9437961578369
9367,174.9437961578369
9368,174.9437961578369
9369,446.6244602203369
9370,446.6244602203369
9371,446.6244602203369
9372,457.59143447875977
9373,174.93637466430664
9374,174.93637466430664
9375,174.93637466430664
9376,174.93637466430664
9377,174.93637466430664
9378,174.93637466430664
9379,163.93637466430664
9380,163.93637466430664
9381,164.08611392974854
9382,174.79080486297607
9383,185.6537322998047
9384,185.6537322998047
9385,196.6537322998047
9386,196.6537322998047
9387,196.6537322998047
9388,196.6537322998047
9389,196.6537322998047
9390,196.6537322998047
9391,218.55276489257812
9392,207.68172073364258
9393,207.68172073364258
9394,207.68172073364258
9395,207.68172073364258
9396,207.68172073364258
9397,207.68172073364258
9398,207.68172073364258
9399,207.68172073364258
9400,196.85786819458008
9401,185.89089393615723
9402,175.1862030029297
9403,175.1862030029297
9404,175.1862030029297
9405,175.1862030029297
9406,186.1862030029297
9407,186.1862030029297
9408,186.1862030029297
9409,186.1862030029297
9410,186.1862030029297
9411,186.1862030029297
9412,186.1862030029297
9413,186.1862030029297
9414,195.95751953125
9415,206.95751953125
9416,206.95751953125
9417,186.35340404510498
9418,197.36838817596436
9419,197.36838817596436
9420,197.36838817596436
9421,197.36838817596436
9422,197.36838817596436
9423,218.98688983917236
9424,218.98688983917236
9425,218.98688983917236
9426,218.98688983917236
9427,218.98688983917236
9428,218.98688983917236
9429,218.98688983917236
9430,229.68686771392822
9431,229.68686771392822
9432,229.68686771392822
9433,229.68686771392822
9434,229.63386726379395
9435,229.63386726379395
9436,240.63386726379395
9437,240.63386726379395
9438,240.63386726379395
9439,240.63386726379395
9440,240.63386726379395
9441,240.63386726379395
9442,229.66982746124268
9443,229.66982746124268
9444,229.66982746124268
9445,218.74477291107178
9446,218.74477291107178
9447,229.6229829788208
9448,240.5463981628418
9449,240.5463981628418
9450,251.5161428451538
9451,251.5161428451538
9452,240.5161428451538
9453,219.09933757781982
9454,219.09933757781982
9455,208.09933757781982
9456,208.09933757781982
9457,208.09933757781982
9458,208.09933757781982
9459,197.2364101409912
9460,208.20067596435547
9461,208.20067596435547
9462,208.20067596435547
9463,230.09668731689453
9464,230.09668731689453
9465,230.09668731689453
9466,230.09668731689453
9467,230.09668731689453
9468,230.09668731689453
9469,230.09668731689453
9470,230.09668731689453
9471,241.0118169784546
9472,241.0118169784546
9473,241.0118169784546
9474,241.0118169784546
9475,241.0118169784546
9476,241.0118169784546
9477,241.0118169784546
9478,241.0256690979004
9479,241.0256690979004
9480,241.0256690979004
9481,241.0256690979004
9482,241.0256690979004
9483,230.03278827667236
9484,230.03278827667236
9485,219.13111400604248
9486,230.10494422912598
9487,230.10494422912598
9488,230.10494422912598
9489,230.10494422912598
9490,230.10494422912598
9491,241.07796382904053
9492,230.1306037902832
9493,230.1306037902832
9494,230.1306037902832
9495,230.1306037902832
9496,241.1306037902832
9497,241.1306037902832
9498,251.8953800201416
9499,262.8923091888428
9500,273.8651371002197
9501,273.8651371002197
9502,273.8651371002197
9503,273.8651371002197
9504,284.8651371002197
9505,284.8651371002197
9506,284.8651371002197
9507,295.8609972000122
9508,295.8609972000122
9509,295.8609972000122
9510,295.8609972000122
9511,295.8609972000122
9512,284.9546766281128
9513,284.9546766281128
9514,284.9546766281128
9515,273.9546766281128
9516,273.9546766281128
9517,273.9546766281128
9518,284.9057378768921
9519,284.9057378768921
9520,284.9057378768921
9521,273.99060821533203
9522,273.99060821533203
9523,273.99060821533203
9524,273.99060821533203
9525,262.99060821533203
9526,252.112398147583
9527,252.112398147583
9528,252.112398147583
9529,252.112398147583
9530,273.80085277557373
9531,273.80085277557373
9532,273.80085277557373
9533,273.80085277557373
9534,273.80085277557373
9535,273.80085277557373
9536,263.03607654571533
9537,263.03607654571533
9538,263.03607654571533
9539,241.27825546264648
9540,241.27825546264648
9541,241.25628757476807
9542,241.25628757476807
9543,252.19829177856445
9544,263.19829177856445
9545,252.23856258392334
9546,252.23856258392334
9547,241.24975109100342
9548,230.29720783233643
9549,230.29720783233643
9550,230.29720783233643
9551,241.29720783233643
9552,241.29720783233643
9553,241.29720783233643
9554,252.29720783233643
9555,274.1265296936035
9556,274.1265296936035
9557,274.1265296936035
9558,285.107515335083
9559,285.107515335083
9560,285.107515335083
9561,285.107515335083
9562,285.107515335083
9563,296.0377416610718
9564,306.8404607772827
9565,306.8404607772827
9566,317.6905908584595
9567,317.6905908584595
9568,317.6905908584595
9569,306.72323417663574
9570,306.72323417663574
9571,306.7706079483032
9572,306.7706079483032
9573,306.7706079483032
9574,295.8424129486084
9575,284.85470390319824
9576,284.85470390319824
9577,284.85470390319824
9578,284.85470390319824
9579,284.85470390319824
9580,273.90613651275635
9581,284.90613651275635
9582,295.8619194030762
9583,295.8619194030762
9584,284.9385042190552
9585,284.9385042190552
9586,284.9385042190552
9587,284.9385042190552
9588,284.9385042190552
9589,284.9385042190552
9590,274.13578510284424
9591,274.13578510284424
9592,274.13578510284424
9593,274.13578510284424
9594,285.1118450164795
9595,263.1118450164795
9596,285.09161281585693
9597,285.09161281585693
9598,274.1423873901367
9599,285.1423873901367
9600,296.1008892059326
9601,285.1349067687988
9602,296.08936977386475
9603,296.08936977386475
9604,296.08936977386475
9605,285.2524194717407
9606,274.2826747894287
9607,274.2826747894287
9608,274.2826747894287
9609,274.2826747894287
9610,274.2826747894287
9611,274.2826747894287
9612,274.2826747894287
9613,274.2826747894287
9614,274.2826747894287
9615,274.2826747894287
9616,274.2826747894287
9617,274.2826747894287
9618,274.2826747894287
9619,274.2826747894287
9620,274.2826747894287
9621,274.2826747894287
9622,274.2826747894287
9623,252.47808170318604
9624,263.47808170318604
9625,263.47808170318604
9626,274.34049701690674
9627,263.38943576812744
9628,263.38943576812744
9629,263.38943576812744
9630,263.38943576812744
9631,263.38943576812744
9632,263.38943576812744
9633,263.38943576812744
9634,263.38943576812744
9635,274.3371419906616
9636,274.3371419906616
9637,274.3371419906616
9638,274.3371419906616
9639,274.3371419906616
9640,274.3371419906616
9641,274.3402671813965
9642,274.3402671813965
9643,274.3402671813965
9644,274.3402671813965
9645,285.2688684463501
9646,285.2688684463501
9647,285.2688684463501
9648,285.2688684463501
9649,285.2688684463501
9650,285.2688684463501
9651,263.4064531326294
9652,263.4064531326294
9653,252.4064531326294
9654,252.4064531326294
9655,252.4064531326294
9656,252.4064531326294
9657,252.4064531326294
9658,252.4064531326294
9659,252.4064531326294
9660,252.4064531326294
9661,252.4064531326294
9662,252.30004978179932
9663,252.30004978179932
9664,263.23119258880615
9665,263.23119258880615
9666,263.23119258880615
9667,263.23119258880615
9668,263.23119258880615
9669,263.23119258880615
9670,263.23119258880615
9671,263.23119258880615
9672,274.02620029449463
9673,274.02620029449463
9674,274.02620029449463
9675,263.02620029449463
9676,263.02620029449463
9677,263.02620029449463
9678,252.03650951385498
9679,241.1062831878662
9680,241.1062831878662
9681,241.1062831878662
9682,251.95957279205322
9683,251.95957279205322
9684,251.95957279205322
9685,251.95957279205322
9686,251.93988418579102
9687,251.93988418579102
9688,240.99787998199463
9689,241.0245761871338
9690,241.0245761871338
9691,241.0245761871338
9692,251.91769790649414
9693,251.91769790649414
9694,251.91769790649414
9695,240.94163990020752
9696,240.94163990020752
9697,240.94163990020752
9698,240.94163990020752
9699,240.94163990020752
9700,251.8922643661499
9701,262.8122339248657
9702,262.8122339248657
9703,262.8122339248657
9704,262.8122339248657
9705,262.8122339248657
9706,262.8122339248657
9707,262.8122339248657
9708,262.8122339248657
9709,262.8122339248657
9710,262.8122339248657
9711,262.8122339248657
9712,262.8122339248657
9713,262.8122339248657
9714,251.83246612548828
9715,251.83246612548828
9716,251.83246612548828
9717,251.83246612548828
9718,273.7264795303345
9719,273.7264795303345
9720,273.7264795303345
9721,273.7264795303345
9722,251.9576416015625
9723,251.9576416015625
9724,251.9576416015625
9725,251.9576416015625
9726,262.85722637176514
9727,262.85722637176514
9728,262.85722637176514
9729,262.85722637176514
9730,262.85722637176514
9731,251.89296054840088
9732,262.8818073272705
9733,241.0285177230835
9734,241.0285177230835
9735,241.0285177230835
9736,241.0285177230835
9737,251.95965671539307
9738,240.97867107391357
9739,251.95521450042725
9740,262.9409589767456
9741,252.012357711792
9742,241.14261627197266
9743,241.14261627197266
9744,252.14261627197266
9745,252.14261627197266
9746,241.18411445617676
9747,241.18411445617676
9748,241.18411445617676
9749,252.09674167633057
9750,252.09674167633057
9751,252.09674167633057
9752,252.09674167633057
9753,252.09674167633057
9754,252.09674167633057
9755,252.09674167633057
9756,241.1490354537964
9757,241.1490354537964
9758,241.1490354537964
9759,241.1490354537964
9760,241.1490354537964
9761,241.1490354537964
9762,241.1490354537964
9763,230.15210628509521
9764,230.15210628509521
9765,230.15210628509521
9766,230.15210628509521
9767,230.15210628509521
9768,219.15210628509521
9769,219.15210628509521
9770,219.15210628509521
9771,229.9567174911499
9772,229.9567174911499
9773,229.9567174911499
9774,229.9567174911499
9775,229.9567174911499
9776,229.9567174911499
9777,229.9567174911499
9778,229.9567174911499
9779,240.8579626083374
9780,262.8113718032837
9781,262.8113718032837
9782,262.8113718032837
9783,262.8113718032837
9784,262.8113718032837
9785,262.8113718032837
9786,262.8113718032837
9787,251.85558891296387
9788,251.85558891296387
9789,251.85558891296387
9790,251.82621669769287
9791,251.82621669769287
9792,240.93309497833252
9793,240.93309497833252
9794,240.93309497833252
9795,230.00195598602295
9796,230.00195598602295
9797,240.9682035446167
9798,240.9682035446167
9799,240.9682035446167
9800,240.9682035446167
9801,240.9682035446167
9802,240.9682035446167
9803,230.03706073760986
9804,219.1174440383911
9805,219.1174440383911
9806,219.1174440383911
9807,208.31283283233643
9808,197.36220836639404
9809,197.36220836639404
9810,197.36220836639404
9811,197.36220836639404
9812,208.36220836639404
9813,197.4626235961914
9814,197.4626235961914
9815,197.4626235961914
9816,197.4626235961914
9817,197.4626235961914
9818,197.4626235961914
9819,197.4626235961914
9820,197.4626235961914
9821,197.4626235961914
9822,197.4626235961914
9823,197.4626235961914
9824,197.4626235961914
9825,208.30858993530273
9826,197.33058261871338
9827,208.33058261871338
9828,186.4275999069214
9829,186.4275999069214
9830,175.50763034820557
9831,175.50763034820557
9832,175.50763034820557
9833,175.50763034820557
9834,164.5310869216919
9835,164.5310869216919
9836,153.55491542816162
9837,142.55491542816162
9838,142.55491542816162
9839,142.55491542816162
9840,142.55491542816162
9841,142.55491542816162
9842,142.55491542816162
9843,142.55491542816162
9844,142.55491542816162
9845,142.55491542816162
9846,142.55491542816162
9847,142.55491542816162
9848,142.55491542816162
9849,142.55491542816162
9850,142.55491542816162
9851,153.1004753112793
9852,153.1004753112793
9853,153.1004753112793
9854,153.1004753112793
9855,153.1004753112793
9856,153.1004753112793
9857,153.1004753112793
9858,153.1004753112793
9859,153.1004753112793
9860,163.97955799102783
9861,174.93985271453857
9862,174.93985271453857
9863,185.7025547027588
9864,185.7025547027588
9865,185.7025547027588
9866,185.7025547027588
9867,185.7025547027588
9868,174.72649478912354
9869,174.72649478912354
9870,174.72649478912354
9871,175.1682949066162
9872,175.1682949066162
9873,175.1682949066162
9874,164.1682949066162
9875,164.1682949066162
9876,153.19389820098877
9877,142.29265308380127
9878,142.29265308380127
9879,120.44668674468994
9880,120.3017930984497
9881,131.2561492919922
9882,131.2561492919922
9883,131.2561492919922
9884,131.2561492919922
9885,131.2561492919922
9886,120.49344730377197
9887,120.49344730377197
9888,120.49344730377197
9889,109.50460052490234
9890,109.50460052490234
9891,109.50460052490234
9892,109.50460052490234
9893,120.48338603973389
9894,120.48338603973389
9895,120.48338603973389
9896,120.48338603973389
9897,120.48338603973389
9898,120.48338603973389
9899,120.48338603973389
9900,120.48338603973389
9901,120.48338603973389
9902,120.48338603973389
9903,131.40675449371338
9904,131.40675449371338
9905,142.3191499710083
9906,142.3191499710083
9907,142.3191499710083
9908,142.3191499710083
9909,142.3191499710083
9910,142.3191499710083
9911,142.3191499710083
9912,142.3191499710083
9913,153.20965003967285
9914,153.20965003967285
9915,153.20965003967285
9916,153.20965003967285
9917,153.20965003967285
9918,153.20965003967285
9919,142.20965003967285
9920,142.20965003967285
9921,142.20965003967285
9922,153.18339824676514
9923,164.08980083465576
9924,153.12950611114502
9925,153.12950611114502
9926,153.12950611114502
9927,153.12950611114502
9928,153.12950611114502
9929,153.12950611114502
9930,153.12950611114502
9931,153.12950611114502
9932,153.12950611114502
9933,153.12950611114502
9934,142.25042343139648
9935,142.25042343139648
9936,142.25042343139648
9937,142.25042343139648
9938,142.25042343139648
9939,142.25042343139648
9940,142.25042343139648
9941,142.25042343139648
9942,142.25042343139648
9943,142.25042343139648
9944,153.1504192352295
9945,153.1504192352295
9946,153.1504192352295
9947,153.1504192352295
9948,142.29882621765137
9949,142.29882621765137
9950,142.29882621765137
9951,142.29882621765137
9952,142.29882621765137
9953,142.29882621765137
9954,153.22794342041016
9955,153.22794342041016
9956,153.22794342041016
9957,153.22794342041016
9958,153.22794342041016
9959,153.22794342041016
9960,142.25419521331787
9961,142.25419521331787
9962,131.28794765472412
9963,131.28794765472412
9964,131.28794765472412
9965,131.28794765472412
9966,131.28794765472412
9967,131.28794765472412
9968,142.28428077697754
9969,142.28428077697754
9970,153.1876049041748
9971,153.1876049041748
9972,153.1876049041748
9973,153.1876049041748
9974,142.20024490356445
9975,142.20024490356445
9976,120.35282230377197
9977,120.35282230377197
9978,120.35282230377197
9979,120.35282230377197
9980,120.35282230377197
9981,120.35282230377197
9982,120.35282230377197
9983,120.35282230377197
9984,120.35282230377197
9985,120.35282230377197
9986,131.3436336517334
9987,131.3436336517334
9988,131.3436336517334
9989,131.3436336517334
9990,120.43123817443848
9991,109.53124237060547
9992,109.53124237060547
9993,109.53124237060547
9994,109.53124237060547
9995,109.53124237060547
9996,109.53124237060547
9997,109.53124237060547
9998,98.5682430267334
9999,98.5682430267334
10000,98.5682430267334
10001,87.58249855041504
10002,87.58249855041504
10003,87.58249855041504
10004,87.58249855041504
10005,87.58249855041504
10006,87.58249855041504
10007,87.58249855041504
10008,87.58249855041504
10009,76.65913009643555
10010,76.65913009643555
10011,76.65913009643555
10012,76.65913009643555
10013,76.65913009643555
10014,76.65913009643555
10015,76.65913009643555
10016,76.65913009643555
10017,76.65913009643555
10018,65.75272750854492
10019,65.75272750854492
10020,65.75272750854492
10021,65.75272750854492
10022,65.75272750854492
10023,65.75272750854492
10024,65.75272750854492
10025,65.75272750854492
10026,65.75272750854492
10027,65.75272750854492
10028,65.75272750854492
10029,65.75272750854492
10030,65.75272750854492
10031,65.75272750854492
10032,65.75272750854492
10033,65.75272750854492
10034,65.75272750854492
10035,65.75272750854492
10036,65.75272750854492
10037,65.75272750854492
10038,65.75272750854492
10039,76.74501705169678
10040,76.74501705169678
10041,76.74501705169678
10042,76.74501705169678
10043,76.74501705169678
10044,76.74501705169678
10045,65.76623153686523
10046,65.76623153686523
10047,65.76623153686523
10048,65.76623153686523
10049,54.837114334106445
10050,54.837114334106445
10051,54.837114334106445
10052,54.837114334106445
10053,54.837114334106445
10054,54.837114334106445
10055,54.837114334106445
10056,54.837114334106445
10057,54.837114334106445
10058,54.837114334106445
10059,54.837114334106445
10060,43.93379020690918
10061,43.93379020690918
10062,43.93379020690918
10063,43.93379020690918
10064,43.93379020690918
10065,43.93379020690918
10066,43.93379020690918
10067,43.93379020690918
10068,43.93379020690918
10069,43.93379020690918
10070,43.93379020690918
10071,43.93379020690918
10072,43.93379020690918
10073,43.93379020690918
10074,43.93379020690918
10075,43.93379020690918
10076,43.93379020690918
10077,43.93379020690918
10078,43.93379020690918
10079,43.93379020690918
10080,43.93379020690918
10081,43.93379020690918
10082,43.93379020690918
10083,43.93379020690918
10084,43.93379020690918
10085,43.93379020690918
10086,43.93379020690918
10087,43.93379020690918
10088,43.93379020690918
10089,43.93379020690918
10090,43.93379020690918
10091,43.93379020690918
10092,43.93379020690918
10093,54.82701110839844
10094,54.82701110839844
10095,54.82701110839844
10096,54.82701110839844
10097,54.82701110839844
10098,54.82701110839844
10099,54.82701110839844
10100,43.87265491485596
10101,43.87265491485596
10102,43.87265491485596
10103,43.87265491485596
10104,43.87265491485596
10105,43.87265491485596
10106,43.87265491485596
10107,43.87265491485596
10108,54.79839038848877
10109,43.90516948699951
10110,43.90516948699951
10111,43.90516948699951
10112,43.90516948699951
10113,43.90516948699951
10114,43.90516948699951
10115,43.90516948699951
10116,43.90516948699951
10117,43.90516948699951
10118,43.90516948699951
10119,43.90516948699951
10120,43.90516948699951
10121,43.90516948699951
10122,43.90516948699951
10123,43.90516948699951
10124,43.90516948699951
10125,43.90516948699951
10126,43.90516948699951
10127,43.90516948699951
10128,43.90516948699951
10129,43.90516948699951
10130,43.90516948699951
10131,32.914358139038086
10132,32.914358139038086
10133,32.914358139038086
10134,43.904579162597656
10135,43.904579162597656
10136,43.904579162597656
10137,43.904579162597656
10138,43.904579162597656
10139,43.904579162597656
10140,43.904579162597656
10141,43.904579162597656
10142,43.904579162597656
10143,43.904579162597656
10144,43.904579162597656
10145,43.904579162597656
10146,43.904579162597656
10147,43.904579162597656
10148,43.904579162597656
10149,54.83741283416748
10150,54.83741283416748
10151,54.83741283416748
10152,54.83741283416748
10153,54.83741283416748
10154,54.83741283416748
10155,54.83741283416748
10156,54.83741283416748
10157,54.83741283416748
10158,54.83741283416748
10159,54.83741283416748
10160,54.83741283416748
10161,54.83741283416748
10162,54.83741283416748
10163,65.67752265930176
10164,65.67752265930176
10165,65.67752265930176
10166,65.67752265930176
10167,65.67752265930176
10168,65.67752265930176
10169,65.67752265930176
10170,65.67752265930176
10171,65.67752265930176
10172,65.67752265930176
10173,65.67752265930176
10174,65.67752265930176
10175,65.67752265930176
10176,65.67752265930176
10177,65.67752265930176
10178,65.67752265930176
10179,65.67752265930176
10180,65.67752265930176
10181,65.67752265930176
10182,54.6852331161499
10183,54.6852331161499
10184,54.6852331161499
10185,54.6852331161499
10186,54.6852331161499
10187,54.6852331161499
10188,54.6852331161499
10189,54.6852331161499
10190,54.6852331161499
10191,54.6852331161499
10192,54.6852331161499
10193,54.6852331161499
10194,54.6852331161499
10195,54.6852331161499
10196,54.6852331161499
10197,54.6852331161499
10198,54.6852331161499
10199,54.6852331161499
10200,54.6852331161499
10201,43.75949764251709
10202,43.75949764251709
10203,43.75949764251709
10204,43.75949764251709
10205,54.60022830963135
10206,54.60022830963135
10207,54.60022830963135
10208,54.60022830963135
10209,54.60022830963135
10210,65.54319190979004
10211,65.54319190979004
10212,65.54319190979004
10213,65.54319190979004
10214,65.54319190979004
10215,65.54319190979004
10216,65.54319190979004
10217,65.54319190979004
10218,65.54319190979004
10219,54.70308208465576
10220,54.70308208465576
10221,54.70308208465576
10222,54.70308208465576
10223,54.70308208465576
10224,54.70308208465576
10225,54.70308208465576
10226,54.70308208465576
10227,54.70308208465576
10228,54.70308208465576
10229,54.70308208465576
10230,54.70308208465576
10231,43.862351417541504
10232,43.862351417541504
10233,43.862351417541504
10234,43.862351417541504
10235,43.862351417541504
10236,43.862351417541504
10237,43.862351417541504
10238,43.862351417541504
10239,43.862351417541504
10240,43.862351417541504
10241,43.862351417541504
10242,43.862351417541504
10243,43.862351417541504
10244,43.862351417541504
10245,43.862351417541504
10246,43.862351417541504
10247,43.862351417541504
10248,43.862351417541504
10249,43.862351417541504
10250,43.862351417541504
10251,43.862351417541504
10252,43.862351417541504
10253,43.862351417541504
10254,32.91938781738281
10255,32.91938781738281
10256,32.91938781738281
10257,32.91938781738281
10258,32.91938781738281
10259,32.91938781738281
10260,32.91938781738281
10261,32.91938781738281
10262,32.91938781738281
10263,32.91938781738281
10264,32.91938781738281
10265,32.91938781738281
10266,32.91938781738281
10267,32.91938781738281
10268,32.91938781738281
10269,32.91938781738281
10270,32.91938781738281
10271,32.91938781738281
10272,32.91938781738281
10273,32.91938781738281
10274,32.91938781738281
10275,32.91938781738281
10276,32.91938781738281
10277,32.91938781738281
10278,32.91938781738281
10279,32.91938781738281
10280,32.91938781738281
10281,32.91938781738281
10282,32.91938781738281
10283,32.91938781738281
10284,32.91938781738281
10285,32.91938781738281
10286,32.91938781738281
10287,32.91938781738281
10288,32.91938781738281
10289,21.98655414581299
10290,21.98655414581299
10291,21.98655414581299
10292,21.98655414581299
10293,21.98655414581299
10294,21.98655414581299
10295,21.98655414581299
10296,21.98655414581299
10297,21.98655414581299
10298,21.98655414581299
10299,21.98655414581299
10300,21.98655414581299
10301,32.82650279998779
10302,32.82650279998779
10303,43.69375514984131
10304,43.69375514984131
10305,43.69375514984131
10306,32.69742202758789
10307,43.68193244934082
10308,43.68193244934082
10309,43.68193244934082
10310,43.68193244934082
10311,43.68193244934082
10312,43.68193244934082
10313,43.68193244934082
10314,43.68193244934082
10315,43.68193244934082
10316,43.68193244934082
10317,43.68193244934082
10318,43.68193244934082
10319,43.68193244934082
10320,43.68193244934082
10321,43.68193244934082
10322,43.68193244934082
10323,43.68193244934082
10324,54.63353443145752
10325,54.63353443145752
10326,54.63353443145752
10327,54.63353443145752
10328,392.5379228591919
10329,403.48927116394043
10330,414.3868103027344
10331,414.3868103027344
10332,414.3868103027344
10333,414.3868103027344
10334,76.482421875
10335,76.482421875
10336,76.482421875
10337,76.482421875
10338,65.49220085144043
10339,76.48169422149658
10340,76.48169422149658
10341,87.43487644195557
10342,87.43487644195557
10343,87.43487644195557
10344,87.43487644195557
10345,87.43487644195557
10346,87.43487644195557
10347,87.43487644195557
10348,87.43487644195557
10349,87.43487644195557
10350,98.24970245361328
10351,98.24970245361328
10352,98.24970245361328
10353,98.24970245361328
10354,98.24970245361328
10355,98.24970245361328
10356,98.24970245361328
10357,87.40975379943848
10358,87.40975379943848
10359,87.40975379943848
10360,87.40975379943848
10361,87.40975379943848
10362,87.40975379943848
10363,98.05603790283203
10364,98.05603790283203
10365,98.05603790283203
10366,98.05603790283203
10367,98.05603790283203
10368,87.18878555297852
10369,87.18878555297852
10370,87.18878555297852
10371,87.18878555297852
10372,87.18878555297852
10373,87.18878555297852
10374,87.18878555297852
10375,87.18878555297852
10376,87.18878555297852
10377,87.18878555297852
10378,87.18878555297852
10379,87.18878555297852
10380,76.3739595413208
10381,76.3739595413208
10382,76.3739595413208
10383,65.72767543792725
10384,65.72767543792725
10385,65.72767543792725
10386,65.72767543792725
10387,65.72767543792725
10388,65.72767543792725
10389,65.72767543792725
10390,65.72767543792725
10391,65.72767543792725
10392,65.72767543792725
10393,65.72767543792725
10394,65.72767543792725
10395,65.72767543792725
10396,65.72767543792725
10397,65.72767543792725
10398,65.72767543792725
10399,65.72767543792725
10400,65.72767543792725
10401,65.72767543792725
10402,65.72767543792725
10403,65.72767543792725
10404,65.72767543792725
10405,65.72767543792725
10406,65.72767543792725
10407,65.72767543792725
10408,65.72767543792725
10409,65.72767543792725
10410,65.72767543792725
10411,65.72767543792725
10412,65.72767543792725
10413,65.72767543792725
10414,65.72767543792725
10415,65.72767543792725
10416,54.738182067871094
10417,54.738182067871094
10418,54.738182067871094
10419,54.738182067871094
10420,43.84064292907715
10421,43.84064292907715
10422,43.84064292907715
10423,43.84064292907715
10424,43.84064292907715
10425,43.84064292907715
10426,43.84064292907715
10427,43.84064292907715
10428,43.84064292907715
10429,43.84064292907715
10430,43.84064292907715
10431,43.84064292907715
10432,43.84064292907715
10433,32.88929462432861
10434,32.88929462432861
10435,32.88929462432861
10436,32.88929462432861
10437,32.88929462432861
10438,32.88929462432861
10439,32.88929462432861
10440,43.53585433959961
10441,32.58425235748291
10442,32.58425235748291
10443,32.58425235748291
10444,32.58425235748291
10445,32.58425235748291
10446,32.58425235748291
10447,21.631070137023926
10448,21.631070137023926
10449,21.631070137023926
10450,21.631070137023926
10451,10.98451042175293
10452,10.98451042175293
10453,10.98451042175293
10454,10.98451042175293
10455,10.98451042175293
10456,10.98451042175293
10457,10.98451042175293
10458,10.98451042175293
10459,10.98451042175293
10460,10.98451042175293
10461,10.98451042175293
10462,10.98451042175293
10463,10.98451042175293
10464,10.98451042175293
10465,10.98451042175293
10466,10.98451042175293
10467,0.0
10468,0.0
10469,0.0
10470,0.0
10471,0.0
10472,0.0
10473,0.0
10474,0.0
10475,0.0
10476,10.95708179473877
10477,10.95708179473877
10478,10.95708179473877
10479,10.95708179473877
10480,10.95708179473877
10481,10.95708179473877
10482,10.95708179473877
10483,10.95708179473877
10484,10.95708179473877
10485,10.95708179473877
10486,21.94998073577881
10487,21.94998073577881
10488,21.94998073577881
10489,21.94998073577881
10490,21.94998073577881
10491,21.94998073577881
10492,21.94998073577881
10493,21.94998073577881
10494,21.94998073577881
10495,21.94998073577881
10496,21.94998073577881
10497,21.94998073577881
10498,21.94998073577881
10499,32.92074108123779
10500,32.92074108123779
10501,32.92074108123779
10502,32.92074108123779
10503,32.92074108123779
10504,43.89077186584473
10505,43.89077186584473
10506,43.89077186584473
10507,43.89077186584473
10508,43.89077186584473
10509,43.89077186584473
10510,43.89077186584473
10511,43.89077186584473
10512,43.89077186584473
10513,43.89077186584473
10514,43.89077186584473
10515,43.89077186584473
10516,43.89077186584473
10517,43.89077186584473
10518,43.89077186584473
10519,43.89077186584473
10520,43.89077186584473
10521,43.89077186584473
10522,43.89077186584473
10523,43.89077186584473
10524,43.89077186584473
10525,43.89077186584473
10526,43.89077186584473
10527,43.89077186584473
10528,43.89077186584473
10529,43.89077186584473
10530,43.89077186584473
10531,43.89077186584473
10532,43.89077186584473
10533,43.89077186584473
10534,43.89077186584473
10535,43.89077186584473
10536,43.89077186584473
10537,43.89077186584473
10538,43.89077186584473
10539,43.89077186584473
10540,43.89077186584473
10541,43.89077186584473
10542,54.88986301422119
10543,43.91910266876221
10544,43.91910266876221
10545,43.91910266876221
10546,43.91910266876221
10547,43.91910266876221
10548,43.91910266876221
10549,43.91910266876221
10550,43.91910266876221
10551,43.91910266876221
10552,43.91910266876221
10553,43.91910266876221
10554,43.91910266876221
10555,43.91910266876221
10556,43.91910266876221
10557,43.91910266876221
10558,43.91910266876221
10559,43.91910266876221
10560,43.91910266876221
10561,43.91910266876221
10562,43.91910266876221
10563,43.91910266876221
10564,43.91910266876221
10565,43.91910266876221
10566,43.91910266876221
10567,43.91910266876221
10568,43.91910266876221
10569,43.91910266876221
10570,43.91910266876221
10571,43.91910266876221
10572,43.91910266876221
10573,43.91910266876221
10574,54.88394355773926
10575,43.92686176300049
10576,54.862420082092285
10577,54.862420082092285
10578,54.862420082092285
10579,54.862420082092285
10580,54.862420082092285
10581,54.862420082092285
10582,54.862420082092285
10583,54.862420082092285
10584,65.80874347686768
10585,65.80874347686768
10586,65.80874347686768
10587,65.80874347686768
10588,65.80874347686768
10589,65.80874347686768
10590,65.80874347686768
10591,65.80874347686768
10592,65.80874347686768
10593,65.80874347686768
10594,65.80874347686768
10595,65.80874347686768
10596,65.80874347686768
10597,65.80874347686768
10598,65.80874347686768
10599,76.48676013946533
10600,76.48676013946533
10601,76.48676013946533
10602,76.48676013946533
10603,76.48676013946533
10604,65.48766899108887
10605,65.48766899108887
10606,65.48766899108887
10607,65.48766899108887
10608,65.48766899108887
10609,65.48766899108887
10610,65.48766899108887
10611,65.48766899108887
10612,65.48766899108887
10613,65.48766899108887
10614,54.517638206481934
10615,54.517638206481934
10616,54.517638206481934
10617,54.517638206481934
10618,43.83962154388428
10619,43.83962154388428
10620,43.83962154388428
10621,43.83962154388428
10622,43.83962154388428
10623,32.84672260284424
10624,32.84672260284424
10625,32.84672260284424
10626,32.84672260284424
10627,32.84672260284424
10628,32.84672260284424
10629,21.881881713867188
10630,21.881881713867188
10631,21.881881713867188
10632,32.81397247314453
10633,32.81397247314453
10634,32.81397247314453
10635,32.81397247314453
10636,32.81397247314453
10637,32.81397247314453
10638,32.81397247314453
10639,43.72183609008789
10640,54.70941925048828
10641,54.70941925048828
10642,54.70941925048828
10643,54.70941925048828
10644,54.70941925048828
10645,54.70941925048828
10646,54.70941925048828
10647,54.70941925048828
10648,54.70941925048828
10649,54.70941925048828
10650,54.70941925048828
10651,54.70941925048828
10652,54.70941925048828
10653,54.70941925048828
10654,54.70941925048828
10655,54.70941925048828
10656,65.67223453521729
10657,76.45907688140869
10658,76.45907688140869
10659,76.45907688140869
10660,76.45907688140869
10661,76.45907688140869
10662,76.45907688140869
10663,65.52698612213135
10664,65.52698612213135
10665,65.52698612213135
10666,65.52698612213135
10667,76.51764106750488
10668,76.51764106750488
10669,76.51764106750488
10670,76.51764106750488
10671,76.51764106750488
10672,76.51764106750488
10673,87.45647144317627
10674,87.45647144317627
10675,87.45647144317627
10676,87.45647144317627
10677,87.45647144317627
10678,87.45647144317627
10679,87.45647144317627
10680,87.45647144317627
10681,98.42910861968994
10682,98.42910861968994
10683,98.42910861968994
10684,98.42910861968994
10685,98.42910861968994
10686,98.42910861968994
10687,98.42910861968994
10688,98.42910861968994
10689,98.42910861968994
10690,98.42910861968994
10691,87.64226627349854
10692,87.64226627349854
10693,87.64226627349854
10694,87.64226627349854
10695,87.64226627349854
10696,87.64226627349854
10697,87.64226627349854
10698,87.64226627349854
10699,87.64226627349854
10700,76.69594287872314
10701,76.69594287872314
10702,76.69594287872314
10703,65.78807926177979
10704,65.78807926177979
10705,65.78807926177979
10706,65.78807926177979
10707,65.78807926177979
10708,65.78807926177979
10709,65.78807926177979
10710,65.78807926177979
10711,65.78807926177979
10712,65.78807926177979
10713,65.78807926177979
10714,65.78807926177979
10715,76.53159141540527
10716,76.53159141540527
10717,76.53159141540527
10718,76.53159141540527
10719,76.53159141540527
10720,76.53159141540527
10721,65.56877613067627
10722,65.56877613067627
10723,65.56877613067627
10724,65.56877613067627
10725,76.53862380981445
10726,76.53862380981445
10727,87.53862380981445
10728,87.53862380981445
10729,87.53862380981445
10730,87.53862380981445
10731,87.53862380981445
10732,76.55104064941406
10733,76.55104064941406
10734,65.61548233032227
10735,65.61548233032227
10736,65.61548233032227
10737,65.61548233032227
10738,76.5918836593628
10739,76.5918836593628
10740,76.5918836593628
10741,76.5918836593628
10742,76.5918836593628
10743,76.74065971374512
10744,76.74065971374512
10745,76.74065971374512
10746,76.74065971374512
10747,76.74065971374512
10748,76.74065971374512
10749,76.74065971374512
10750,76.74065971374512
10751,76.74065971374512
10752,87.67309284210205
10753,87.67309284210205
10754,87.67309284210205
10755,87.67309284210205
10756,87.67309284210205
10757,87.67309284210205
10758,87.67309284210205
10759,87.67309284210205
10760,87.6744327545166
10761,87.6744327545166
10762,87.6744327545166
10763,87.6744327545166
10764,87.6744327545166
10765,87.6744327545166
10766,87.6744327545166
10767,87.6744327545166
10768,87.6744327545166
10769,98.64556121826172
10770,98.64556121826172
10771,98.64556121826172
10772,98.64556121826172
10773,98.64556121826172
10774,98.64556121826172
10775,98.64556121826172
10776,98.64556121826172
10777,98.64556121826172
10778,98.64556121826172
10779,87.70673084259033
10780,98.55268573760986
10781,98.55268573760986
10782,98.55268573760986
10783,109.53272724151611
10784,98.6404390335083
10785,98.6404390335083
10786,98.6404390335083
10787,109.5975751876831
10788,109.5975751876831
10789,109.5975751876831
10790,109.5975751876831
10791,109.5975751876831
10792,109.5975751876831
10793,109.5975751876831
10794,109.5975751876831
10795,120.43736934661865
10796,120.43736934661865
10797,131.32511520385742
10798,131.32511520385742
10799,142.2802267074585
10800,142.2802267074585
10801,142.2802267074585
10802,142.2802267074585
10803,142.2802267074585
10804,142.2802267074585
10805,142.2802267074585
10806,142.2802267074585
10807,142.2802267074585
10808,142.2802267074585
10809,142.2802267074585
10810,142.2802267074585
10811,142.2802267074585
10812,142.2802267074585
10813,153.04272842407227
10814,153.04272842407227
10815,153.04272842407227
10816,153.04272842407227
10817,153.04272842407227
10818,153.04272842407227
10819,153.04272842407227
10820,153.04272842407227
10821,163.98462963104248
10822,163.98462963104248
10823,164.2221279144287
10824,164.2221279144287
10825,164.2221279144287
10826,164.2221279144287
10827,164.2221279144287
10828,164.2221279144287
10829,164.2221279144287
10830,153.38233375549316
10831,153.38233375549316
10832,164.38233375549316
10833,164.38233375549316
10834,164.38233375549316
10835,175.0060043334961
10836,175.0060043334961
10837,175.06424522399902
10838,175.06424522399902
10839,175.06424522399902
10840,164.0878438949585
10841,164.0878438949585
10842,164.0878438949585
10843,164.0878438949585
10844,164.0878438949585
10845,164.0878438949585
10846,164.0878438949585
10847,164.0878438949585
10848,164.0878438949585
10849,164.0878438949585
10850,153.11520671844482
10851,153.11520671844482
10852,142.11520671844482
10853,142.11520671844482
10854,142.11520671844482
10855,142.11520671844482
10856,131.4915361404419
10857,131.4915361404419
10858,131.4915361404419
10859,131.4915361404419
10860,142.5216884613037
10861,153.453857421875
10862,153.453857421875
10863,153.453857421875
10864,153.453857421875
10865,153.453857421875
10866,153.453857421875
10867,153.453857421875
10868,142.46320247650146
10869,142.46320247650146
10870,131.5754566192627
10871,131.5754566192627
10872,131.5754566192627
10873,120.67126083374023
10874,120.67126083374023
10875,131.66123390197754
10876,131.66123390197754
10877,131.66123390197754
10878,131.66123390197754
10879,131.66123390197754
10880,131.66123390197754
10881,142.54533863067627
10882,142.54533863067627
10883,142.54533863067627
10884,142.54533863067627
10885,153.41399478912354
10886,153.41399478912354
10887,153.41399478912354
10888,142.45685863494873
10889,142.45685863494873
10890,142.45685863494873
10891,142.45685863494873
10892,153.449462890625
10893,153.449462890625
10894,153.449462890625
10895,142.51568984985352
10896,142.51568984985352
10897,142.51568984985352
10898,142.51568984985352
10899,142.51568984985352
10900,142.51568984985352
10901,142.51568984985352
10902,142.51568984985352
10903,142.51568984985352
10904,142.51568984985352
10905,153.50674438476562
10906,153.50674438476562
10907,153.50674438476562
10908,153.50674438476562
10909,153.50674438476562
10910,142.57457542419434
10911,142.57457542419434
10912,142.57457542419434
10913,142.57457542419434
10914,142.57457542419434
10915,142.57457542419434
10916,120.661545753479
10917,120.661545753479
10918,120.661545753479
10919,120.661545753479
10920,120.6570987701416
10921,120.6570987701416
10922,120.6570987701416
10923,120.6570987701416
10924,120.6570987701416
10925,120.6570987701416
10926,120.6570987701416
10927,120.6570987701416
10928,120.6570987701416
10929,120.6570987701416
10930,131.62322235107422
10931,131.62322235107422
10932,142.56013774871826
10933,142.56013774871826
10934,142.56013774871826
10935,164.54387092590332
10936,164.54387092590332
10937,164.54387092590332
10938,153.54387092590332
10939,153.54387092590332
10940,153.54387092590332
10941,153.54387092590332
10942,153.54387092590332
10943,142.54387092590332
10944,142.54387092590332
10945,131.6597661972046
10946,131.6597661972046
10947,131.6597661972046
10948,131.6597661972046
10949,131.6597661972046
10950,131.6597661972046
10951,142.6362009048462
10952,131.76754474639893
10953,131.76754474639893
10954,131.76754474639893
10955,131.76754474639893
10956,120.76754474639893
10957,120.76754474639893
10958,120.76754474639893
10959,120.76754474639893
10960,120.76754474639893
10961,120.76754474639893
10962,120.76754474639893
10963,120.76754474639893
10964,120.76754474639893
10965,131.7005434036255
10966,131.7005434036255
10967,131.7005434036255
10968,131.7005434036255
10969,142.60732173919678
10970,142.60732173919678
10971,142.60732173919678
10972,142.60732173919678
10973,142.60732173919678
10974,142.60732173919678
10975,142.60732173919678
10976,142.60732173919678
10977,142.55576610565186
10978,142.55576610565186
10979,142.55576610565186
10980,142.55576610565186
10981,142.55576610565186
10982,142.55576610565186
10983,142.55576610565186
10984,142.55576610565186
10985,142.55576610565186
10986,142.55576610565186
10987,142.55576610565186
10988,142.55576610565186
10989,142.55576610565186
10990,142.55576610565186
10991,142.55576610565186
10992,142.4499387741089
10993,142.4499387741089
10994,142.4499387741089
10995,142.4499387741089
10996,142.4499387741089
10997,142.4499387741089
10998,142.4499387741089
10999,142.4499387741089
11000,153.41704273223877
11001,164.33680057525635
11002,164.33680057525635
11003,164.33680057525635
11004,164.33680057525635
11005,164.33680057525635
11006,164.33680057525635
11007,164.33680057525635
11008,164.33680057525635
11009,164.33680057525635
11010,164.33680057525635
11011,164.33680057525635
11012,164.33680057525635
11013,164.33680057525635
11014,153.33680057525635
11015,164.32540893554688
11016,164.32540893554688
11017,440.5907897949219
11018,164.32540893554688
11019,164.32540893554688
11020,164.32540893554688
11021,164.32540893554688
11022,164.32540893554688
11023,164.32540893554688
11024,164.32540893554688
11025,164.32540893554688
11026,175.3160629272461
11027,186.2751407623291
11028,197.2269058227539
11029,197.2269058227539
11030,197.19257164001465
11031,197.19257164001465
11032,197.19257164001465
11033,208.1323070526123
11034,208.1323070526123
11035,208.1323070526123
11036,197.1354455947876
11037,197.1354455947876
11038,186.21568775177002
11039,186.21568775177002
11040,197.21568775177002
11041,197.21568775177002
11042,197.21568775177002
11043,186.26502323150635
11044,186.26502323150635
11045,186.26502323150635
11046,186.26502323150635
11047,186.26502323150635
11048,197.22621726989746
11049,197.22621726989746
11050,208.09356689453125
11051,208.09356689453125
11052,208.09356689453125
11053,208.09356689453125
11054,197.09356689453125
11055,197.09356689453125
11056,175.19573402404785
11057,175.19573402404785
11058,175.19573402404785
11059,175.19573402404785
11060,175.19573402404785
11061,175.19573402404785
11062,175.19573402404785
11063,175.19573402404785
11064,175.19573402404785
11065,175.19573402404785
11066,175.19573402404785
11067,175.19573402404785
11068,175.19573402404785
11069,175.19573402404785
11070,186.04532623291016
11071,186.04532623291016
11072,186.04532623291016
11073,186.04532623291016
11074,175.17111206054688
11075,164.23006343841553
11076,164.23006343841553
11077,164.23006343841553
11078,153.27098560333252
11079,131.31625366210938
11080,131.31625366210938
11081,131.31625366210938
11082,131.31625366210938
11083,120.37933826446533
11084,120.37933826446533
11085,120.37933826446533
11086,120.37933826446533
11087,120.37933826446533
11088,120.37933826446533
11089,120.37933826446533
11090,109.42757320404053
11091,109.42757320404053
11092,109.42757320404053
11093,98.43760013580322
11094,98.43760013580322
11095,98.43760013580322
11096,98.43760013580322
11097,98.43760013580322
11098,98.43760013580322
11099,109.41623306274414
11100,109.41623306274414
11101,120.38737964630127
11102,131.38737964630127
11103,131.38737964630127
11104,142.29984092712402
11105,153.27152061462402
11106,153.27152061462402
11107,153.27152061462402
11108,175.24967288970947
11109,175.24967288970947
11110,175.24967288970947
11111,175.24967288970947
11112,175.24967288970947
11113,175.24967288970947
11114,175.24967288970947
11115,175.24967288970947
11116,175.24967288970947
11117,164.30757236480713
11118,164.30757236480713
11119,164.30757236480713
11120,164.30757236480713
11121,142.59063053131104
11122,142.59063053131104
11123,142.59063053131104
11124,142.59063053131104
11125,142.59063053131104
11126,142.59063053131104
11127,131.65763187408447
11128,131.65763187408447
11129,131.65763187408447
11130,131.65763187408447
11131,131.65763187408447
11132,131.65763187408447
11133,131.65763187408447
11134,131.65763187408447
11135,131.65763187408447
11136,131.65763187408447
11137,131.65763187408447
11138,131.65763187408447
11139,131.65763187408447
11140,131.65763187408447
11141,131.65763187408447
11142,131.65763187408447
11143,131.65763187408447
11144,131.65763187408447
11145,131.65763187408447
11146,131.65763187408447
11147,131.65763187408447
11148,131.65763187408447
11149,142.55058479309082
11150,142.55058479309082
11151,142.55058479309082
11152,142.55058479309082
11153,142.55058479309082
11154,142.55058479309082
11155,142.55058479309082
11156,142.55058479309082
11157,142.55058479309082
11158,142.55058479309082
11159,142.55058479309082
11160,142.55058479309082
11161,142.55058479309082
11162,153.5197172164917
11163,153.5197172164917
11164,153.5197172164917
11165,153.5197172164917
11166,153.5197172164917
11167,164.49766540527344
11168,164.49766540527344
11169,164.49766540527344
11170,164.49766540527344
11171,164.49766540527344
11172,164.49766540527344
11173,164.49766540527344
11174,164.49766540527344
11175,153.5107936859131
11176,153.5107936859131
11177,153.5107936859131
11178,164.4957036972046
11179,164.4957036972046
11180,164.4957036972046
11181,164.4957036972046
11182,164.45567989349365
11183,164.45567989349365
11184,164.45567989349365
11185,164.45567989349365
11186,164.45567989349365
11187,164.46393013000488
11188,164.46393013000488
11189,164.46393013000488
11190,164.46393013000488
11191,164.46393013000488
11192,164.46393013000488
11193,175.39197731018066
11194,175.39197731018066
11195,175.39197731018066
11196,175.39197731018066
11197,175.39197731018066
11198,164.4795160293579
11199,164.4795160293579
11200,164.4795160293579
11201,164.4795160293579
11202,164.4795160293579
11203,175.43196773529053
11204,175.43196773529053
11205,175.43196773529053
11206,175.43196773529053
11207,175.43196773529053
11208,175.43196773529053
11209,175.43196773529053
11210,175.43196773529053
11211,164.49223232269287
11212,164.49223232269287
11213,164.49223232269287
11214,164.49223232269287
11215,164.49223232269287
11216,164.49223232269287
11217,175.45224571228027
11218,175.45224571228027
11219,175.45224571228027
11220,175.45224571228027
11221,175.45224571228027
11222,175.45224571228027
11223,175.45224571228027
11224,175.45224571228027
11225,175.45224571228027
11226,175.45224571228027
11227,164.49105167388916
11228,164.49105167388916
11229,164.49105167388916
11230,175.4837522506714
11231,164.5120725631714
11232,175.4948444366455
11233,175.4948444366455
11234,175.4948444366455
11235,175.4948444366455
11236,164.52774047851562
11237,153.63478755950928
11238,153.63478755950928
11239,153.63478755950928
11240,153.63478755950928
11241,153.63478755950928
11242,153.63478755950928
11243,153.63478755950928
11244,153.63478755950928
11245,153.63478755950928
11246,153.63478755950928
11247,153.63478755950928
11248,153.63478755950928
11249,153.63478755950928
11250,153.63478755950928
11251,153.63478755950928
11252,153.63478755950928
11253,153.63478755950928
11254,153.63478755950928
11255,153.63478755950928
11256,142.64987754821777
11257,142.64987754821777
11258,142.64987754821777
11259,142.64987754821777
11260,142.64987754821777
11261,142.64987754821777
11262,142.64987754821777
11263,153.6444263458252
11264,153.6444263458252
11265,153.6444263458252
11266,153.6444263458252
11267,153.6444263458252
11268,153.6444263458252
11269,153.6444263458252
11270,153.6444263458252
11271,153.6444263458252
11272,153.6444263458252
11273,142.64870357513428
11274,153.5928773880005
11275,153.5928773880005
11276,164.59085369110107
11277,164.59085369110107
11278,164.59085369110107
11279,164.59085369110107
11280,164.59085369110107
11281,164.59085369110107
11282,164.59085369110107
11283,164.59085369110107
11284,164.59085369110107
11285,164.59085369110107
11286,164.59085369110107
11287,164.59085369110107
11288,164.59085369110107
11289,164.59085369110107
11290,175.53304290771484
11291,164.5506134033203
11292,164.5506134033203
11293,164.5506134033203
11294,175.49532794952393
11295,186.4478816986084
11296,186.4478816986084
11297,186.4478816986084
11298,197.39568328857422
11299,197.39568328857422
11300,197.39568328857422
11301,197.39568328857422
11302,197.39568328857422
11303,197.39568328857422
11304,208.284348487854
11305,208.284348487854
11306,208.284348487854
11307,208.284348487854
11308,208.284348487854
11309,197.35630130767822
11310,197.35630130767822
11311,197.35630130767822
11312,197.35630130767822
11313,197.35630130767822
11314,197.35630130767822
11315,197.35630130767822
11316,197.35630130767822
11317,197.35630130767822
11318,197.35630130767822
11319,197.35630130767822
11320,197.35630130767822
11321,208.27560997009277
11322,208.27560997009277
11323,219.24151706695557
11324,208.26288414001465
11325,208.26288414001465
11326,219.21070766448975
11327,219.21070766448975
11328,219.21070766448975
11329,208.24157524108887
11330,208.24157524108887
11331,208.24157524108887
11332,208.24157524108887
11333,208.24157524108887
11334,208.24157524108887
11335,208.24157524108887
11336,208.24157524108887
11337,208.24157524108887
11338,208.24157524108887
11339,208.24157524108887
11340,208.24157524108887
11341,208.24157524108887
11342,208.24157524108887
11343,208.24157524108887
11344,197.29740142822266
11345,197.29740142822266
11346,186.30285263061523
11347,186.30285263061523
11348,186.30285263061523
11349,186.3278512954712
11350,186.3278512954712
11351,175.3678379058838
11352,164.3698616027832
11353,164.3698616027832
11354,164.3698616027832
11355,164.3698616027832
11356,164.3698616027832
11357,164.3698616027832
11358,164.3698616027832
11359,164.3698616027832
11360,164.3698616027832
11361,164.3698616027832
11362,164.3698616027832
11363,164.3698616027832
11364,164.3698616027832
11365,164.3698616027832
11366,164.3698616027832
11367,164.3698616027832
11368,164.3698616027832
11369,164.3698616027832
11370,164.3698616027832
11371,164.3698616027832
11372,164.3698616027832
11373,164.3698616027832
11374,164.3698616027832
11375,164.3698616027832
11376,164.3698616027832
11377,164.3698616027832
11378,164.3698616027832
11379,164.3698616027832
11380,175.30883979797363
11381,175.30883979797363
11382,175.30883979797363
11383,175.30883979797363
11384,175.30883979797363
11385,175.30883979797363
11386,175.30883979797363
11387,186.26842880249023
11388,186.26842880249023
11389,175.3206272125244
11390,175.3206272125244
11391,175.3206272125244
11392,175.3206272125244
11393,164.36065101623535
11394,164.36065101623535
11395,164.36065101623535
11396,164.36065101623535
11397,164.36065101623535
11398,164.36065101623535
11399,164.36065101623535
11400,153.39474391937256
11401,142.50607872009277
11402,131.52813053131104
11403,131.52813053131104
11404,131.52813053131104
11405,131.52813053131104
11406,131.52813053131104
11407,131.52813053131104
11408,120.5569839477539
11409,120.5569839477539
11410,109.55807971954346
11411,109.55807971954346
11412,109.55807971954346
11413,98.61336517333984
11414,98.61336517333984
11415,98.61336517333984
11416,98.61336517333984
11417,98.61336517333984
11418,98.61336517333984
11419,87.66091346740723
11420,87.66091346740723
11421,87.66091346740723
11422,87.66091346740723
11423,87.66091346740723
11424,87.66091346740723
11425,98.63461399078369
11426,98.63461399078369
11427,98.63461399078369
11428,87.64191341400146
11429,87.64191341400146
11430,87.64191341400146
11431,76.65914154052734
11432,76.65914154052734
11433,76.65914154052734
11434,87.59572792053223
11435,87.59572792053223
11436,87.59572792053223
11437,87.59572792053223
11438,87.59572792053223
11439,87.59572792053223
11440,87.59572792053223
11441,87.59572792053223
11442,87.59572792053223
11443,87.59572792053223
11444,87.59572792053223
11445,87.59572792053223
11446,87.59572792053223
11447,87.59572792053223
11448,87.59572792053223
11449,87.59572792053223
11450,87.59572792053223
11451,76.67641925811768
11452,76.67641925811768
11453,76.67641925811768
11454,76.67641925811768
11455,76.67641925811768
11456,76.67641925811768
11457,76.67641925811768
11458,76.67641925811768
11459,76.67641925811768
11460,76.67641925811768
11461,76.67641925811768
11462,76.67641925811768
11463,76.67641925811768
11464,76.67641925811768
11465,76.67641925811768
11466,76.67641925811768
11467,76.67641925811768
11468,76.67641925811768
11469,76.67641925811768
11470,76.67641925811768
11471,76.67641925811768
11472,76.67641925811768
11473,76.67641925811768
11474,87.56259822845459
11475,87.56259822845459
11476,87.56259822845459
11477,87.56259822845459
11478,87.56259822845459
11479,87.56259822845459
11480,87.56259822845459
11481,87.56259822845459
11482,87.56259822845459
11483,87.56259822845459
11484,76.62362003326416
11485,76.62362003326416
11486,76.62362003326416
11487,76.62362003326416
11488,76.62362003326416
11489,76.62362003326416
11490,65.67106628417969
11491,65.67106628417969
11492,76.59848213195801
11493,87.51344966888428
11494,87.51344966888428
11495,87.51344966888428
11496,87.51344966888428
11497,76.56562614440918
11498,76.56562614440918
11499,76.56562614440918
11500,76.56562614440918
11501,76.56562614440918
11502,76.56562614440918
11503,76.56562614440918
11504,76.56562614440918
11505,76.56562614440918
11506,76.56562614440918
11507,76.56562614440918
11508,76.56562614440918
11509,76.56562614440918
11510,76.56562614440918
11511,76.56562614440918
11512,76.56562614440918
11513,76.56562614440918
11514,76.56562614440918
11515,76.56562614440918
11516,76.56562614440918
11517,76.56562614440918
11518,76.56562614440918
11519,76.56562614440918
11520,76.56562614440918
11521,76.56562614440918
11522,76.56562614440918
11523,76.56562614440918
11524,65.63821029663086
11525,65.63821029663086
11526,65.63821029663086
11527,65.63821029663086
11528,65.63821029663086
11529,65.63821029663086
11530,65.63821029663086
11531,65.63821029663086
11532,65.63821029663086
11533,65.63821029663086
11534,65.63821029663086
11535,54.67862129211426
11536,54.67862129211426
11537,54.67862129211426
11538,54.67862129211426
11539,54.67862129211426
11540,43.792442321777344
11541,43.792442321777344
11542,43.792442321777344
11543,43.792442321777344
11544,54.74038219451904
11545,43.80379581451416
11546,43.80379581451416
11547,43.80379581451416
11548,43.80379581451416
11549,43.80379581451416
11550,43.80379581451416
11551,43.80379581451416
11552,43.80379581451416
11553,43.80379581451416
11554,43.80379581451416
11555,43.80379581451416
11556,43.80379581451416
11557,43.80379581451416
11558,43.80379581451416
11559,43.80379581451416
11560,43.80379581451416
11561,43.80379581451416
11562,32.88882827758789
11563,32.88882827758789
11564,32.88882827758789
11565,32.88882827758789
11566,32.88882827758789
11567,32.88882827758789
11568,32.88882827758789
11569,32.88882827758789
11570,32.88882827758789
11571,32.88882827758789
11572,32.88882827758789
11573,32.88882827758789
11574,32.88882827758789
11575,32.88882827758789
11576,32.88882827758789
11577,32.88882827758789
11578,32.88882827758789
11579,32.88882827758789
11580,32.88882827758789
11581,32.88882827758789
11582,32.88882827758789
11583,32.88882827758789
11584,32.88882827758789
11585,32.88882827758789
11586,32.88882827758789
11587,32.88882827758789
11588,32.88882827758789
11589,32.88882827758789
11590,32.88882827758789
11591,32.88882827758789
11592,32.88882827758789
11593,32.88882827758789
11594,32.88882827758789
11595,32.88882827758789
11596,21.921640396118164
11597,21.921640396118164
11598,21.921640396118164
11599,21.921640396118164
11600,21.921640396118164
11601,21.921640396118164
11602,21.921640396118164
11603,21.921640396118164
11604,21.921640396118164
11605,21.921640396118164
11606,21.921640396118164
11607,21.921640396118164
11608,21.921640396118164
11609,21.921640396118164
11610,21.921640396118164
11611,21.921640396118164
11612,21.921640396118164
11613,10.9479398727417
11614,0.0
11615,0.0
11616,0.0
11617,0.0
11618,0.0
11619,0.0
11620,0.0
11621,0.0
11622,0.0
11623,0.0
11624,0.0
11625,0.0
11626,0.0
11627,0.0
11628,0.0
11629,0.0
11630,0.0
11631,0.0
11632,0.0
11633,0.0
11634,0.0
11635,0.0
11636,0.0
11637,0.0
11638,0.0
11639,0.0
11640,0.0
11641,0.0
11642,0.0
11643,0.0
11644,0.0
11645,0.0
11646,0.0
11647,0.0
11648,0.0
11649,0.0
11650,0.0
11651,0.0
11652,0.0
11653,0.0
11654,0.0
11655,0.0
11656,0.0
11657,0.0
11658,0.0
11659,0.0
11660,0.0
11661,0.0
11662,0.0
11663,0.0
11664,0.0
11665,0.0
11666,0.0
11667,0.0
11668,0.0
11669,0.0
11670,0.0
11671,0.0
11672,0.0
11673,0.0
11674,0.0
11675,0.0
11676,0.0
11677,0.0
11678,0.0
11679,0.0
11680,10.976072311401367
11681,10.976072311401367
11682,10.976072311401367
11683,10.976072311401367
11684,10.976072311401367
11685,10.976072311401367
11686,10.976072311401367
11687,10.976072311401367
11688,10.976072311401367
11689,10.976072311401367
11690,10.976072311401367
11691,10.976072311401367
11692,10.976072311401367
11693,10.976072311401367
11694,10.976072311401367
11695,10.976072311401367
11696,10.976072311401367
11697,10.976072311401367
11698,10.976072311401367
11699,10.976072311401367
11700,10.976072311401367
11701,10.976072311401367
11702,10.976072311401367
11703,10.976072311401367
11704,10.976072311401367
11705,10.976072311401367
11706,10.976072311401367
11707,10.976072311401367
11708,10.976072311401367
11709,10.976072311401367
11710,10.976072311401367
11711,10.976072311401367
11712,10.976072311401367
11713,10.976072311401367
11714,10.976072311401367
11715,10.976072311401367
11716,10.976072311401367
11717,10.976072311401367
11718,10.976072311401367
11719,10.976072311401367
11720,10.976072311401367
11721,10.976072311401367
11722,10.976072311401367
11723,10.976072311401367
11724,10.976072311401367
11725,10.976072311401367
11726,10.976072311401367
11727,10.976072311401367
11728,10.976072311401367
11729,10.976072311401367
11730,10.976072311401367
11731,10.976072311401367
11732,10.976072311401367
11733,0.0
11734,0.0
11735,0.0
11736,0.0
11737,0.0
11738,0.0
11739,0.0
11740,0.0
11741,0.0
11742,0.0
11743,0.0
11744,0.0
11745,0.0
11746,0.0
11747,0.0
11748,0.0
11749,0.0
11750,0.0
11751,0.0
11752,0.0
11753,0.0
11754,0.0
11755,0.0
11756,0.0
11757,0.0
11758,0.0
11759,0.0
11760,0.0
11761,0.0
11762,0.0
11763,0.0
11764,0.0
11765,0.0
11766,0.0
11767,0.0
11768,0.0
11769,0.0
11770,0.0
11771,0.0
11772,0.0
11773,0.0
11774,0.0
11775,0.0
11776,0.0
11777,0.0
11778,0.0
11779,0.0
11780,0.0
11781,0.0
11782,0.0
11783,0.0
11784,0.0
11785,0.0
11786,0.0
11787,0.0
11788,0.0
11789,0.0
11790,0.0
11791,0.0
11792,0.0
11793,0.0
11794,0.0
11795,11.0
11796,11.0
11797,11.0
11798,11.0
11799,11.0
11800,11.0
11801,11.0
11802,11.0
11803,11.0
11804,11.0
11805,11.0
11806,11.0
11807,11.0
11808,11.0
11809,11.0
11810,11.0
11811,11.0
11812,11.0
11813,11.0
11814,11.0
11815,11.0
11816,11.0
11817,11.0
11818,11.0
11819,11.0
11820,11.0
11821,11.0
11822,11.0
11823,11.0
11824,11.0
11825,11.0
11826,11.0
11827,11.0
11828,11.0
11829,11.0
11830,11.0
11831,11.0
11832,11.0
11833,11.0
11834,11.0
11835,11.0
11836,11.0
11837,11.0
11838,11.0
11839,11.0
11840,11.0
11841,11.0
11842,11.0
11843,11.0
11844,11.0
11845,11.0
11846,11.0
11847,11.0
11848,11.0
11849,11.0
11850,11.0
11851,11.0
11852,11.0
11853,11.0
11854,11.0
11855,11.0
11856,11.0
11857,11.0
11858,11.0
11859,11.0
11860,11.0
11861,11.0
11862,11.0
11863,11.0
11864,11.0
11865,11.0
11866,11.0
11867,11.0
11868,11.0
11869,11.0
11870,11.0
11871,11.0
11872,11.0
11873,11.0
11874,11.0
11875,11.0
11876,11.0
11877,11.0
11878,11.0
11879,11.0
11880,11.0
11881,11.0
11882,11.0
11883,11.0
11884,11.0
11885,11.0
11886,11.0
11887,11.0
11888,11.0
11889,11.0
11890,11.0
11891,11.0
11892,11.0
11893,11.0
11894,11.0
11895,11.0
11896,11.0
11897,11.0
11898,11.0
11899,11.0
11900,11.0
11901,11.0
11902,11.0
11903,11.0
11904,11.0
11905,11.0
11906,11.0
11907,11.0
11908,11.0
11909,11.0
11910,11.0
11911,10.974365234375
11912,10.974365234375
11913,10.974365234375
11914,10.974365234375
11915,10.974365234375
11916,10.974365234375
11917,10.974365234375
11918,10.974365234375
11919,10.974365234375
11920,10.974365234375
11921,10.974365234375
11922,10.974365234375
11923,10.974365234375
11924,10.974365234375
11925,10.974365234375
11926,10.974365234375
11927,10.974365234375
11928,10.974365234375
11929,10.974365234375
11930,10.974365234375
11931,21.90867042541504
11932,21.90867042541504
11933,32.90867042541504
11934,32.90867042541504
11935,32.90867042541504
11936,32.90867042541504
11937,32.90867042541504
11938,32.90867042541504
11939,32.90867042541504
11940,32.90867042541504
11941,32.90867042541504
11942,32.90867042541504
11943,32.90867042541504
11944,32.90867042541504
11945,32.90867042541504
11946,32.90867042541504
11947,32.90867042541504
11948,32.90867042541504
11949,32.90867042541504
11950,32.90867042541504
11951,32.90867042541504
11952,32.90867042541504
11953,32.90867042541504
11954,32.90867042541504
11955,43.77118682861328
11956,54.68601131439209
11957,54.68601131439209
11958,54.68601131439209
11959,54.68601131439209
11960,54.68601131439209
11961,54.68601131439209
11962,54.68601131439209
11963,65.50066471099854
11964,65.50066471099854
11965,65.50066471099854
11966,65.50066471099854
11967,65.50066471099854
11968,65.50066471099854
11969,65.50066471099854
11970,65.50066471099854
11971,65.50066471099854
11972,65.50066471099854
11973,65.50066471099854
11974,65.50066471099854
11975,65.50066471099854
11976,65.50066471099854
11977,76.46158218383789
11978,76.46158218383789
11979,253.2099952697754
11980,253.2099952697754
11981,76.46158218383789
11982,76.46158218383789
11983,76.46158218383789
11984,76.46158218383789
11985,76.46158218383789
11986,76.46158218383789
11987,76.46158218383789
11988,76.46158218383789
11989,87.42832946777344
11990,87.42832946777344
11991,87.42832946777344
11992,87.42832946777344
11993,87.42832946777344
11994,98.37660026550293
11995,98.37660026550293
11996,109.34062671661377
11997,109.34062671661377
11998,109.34062671661377
11999,109.34062671661377
12000,109.34062671661377
12001,109.34062671661377
12002,109.34062671661377
12003,98.34062671661377
12004,98.34062671661377
12005,120.1003007888794
12006,122.0513596534729
12007,120.1003007888794
12008,120.1003007888794
12009,120.1003007888794
12010,131.0377140045166
12011,131.0377140045166
12012,131.0377140045166
12013,120.22306060791016
12014,120.22306060791016
12015,120.22306060791016
12016,120.22306060791016
12017,120.22306060791016
12018,131.1928586959839
12019,131.1928586959839
12020,131.1928586959839
12021,131.1928586959839
12022,131.1928586959839
12023,131.1928586959839
12024,131.1928586959839
12025,131.1928586959839
12026,131.1928586959839
12027,131.1928586959839
12028,120.33034229278564
12029,120.33034229278564
12030,131.3053789138794
12031,131.3053789138794
12032,131.3053789138794
12033,142.19764614105225
12034,142.19764614105225
12035,142.19764614105225
12036,142.19764614105225
12037,142.19764614105225
12038,142.19764614105225
12039,142.19764614105225
12040,142.19764614105225
12041,153.1907606124878
12042,163.92260360717773
12043,174.8605556488037
12044,174.8605556488037
12045,174.8605556488037
12046,174.8605556488037
12047,185.83383655548096
12048,185.83383655548096
12049,174.8729190826416
12050,174.8729190826416
12051,174.8729190826416
12052,196.78527927398682
12053,196.78527927398682
12054,185.94390487670898
12055,174.9956340789795
12056,185.98284530639648
12057,185.98284530639648
12058,185.98284530639648
12059,185.98284530639648
12060,185.98284530639648
12061,196.953932762146
12062,196.953932762146
12063,196.953932762146
12064,207.93782901763916
12065,197.02300453186035
12066,207.9910650253296
12067,207.9910650253296
12068,207.9910650253296
12069,197.05675983428955
12070,186.3249168395996
12071,186.3249168395996
12072,186.3249168395996
12073,186.3249168395996
12074,197.14501094818115
12075,208.1369113922119
12076,208.1369113922119
12077,208.1369113922119
12078,208.1369113922119
12079,208.1369113922119
12080,208.1369113922119
12081,208.1369113922119
12082,208.1369113922119
12083,197.17016410827637
12084,197.17016410827637
12085,197.17016410827637
12086,197.17016410827637
12087,197.17016410827637
12088,197.17016410827637
12089,230.03578567504883
12090,241.0275173187256
12091,251.99383354187012
12092,251.99383354187012
12093,273.8970613479614
12094,273.8970613479614
12095,273.8970613479614
12096,273.8970613479614
12097,273.8970613479614
12098,273.05879306793213
12099,273.05879306793213
12100,273.05879306793213
12101,273.05879306793213
12102,273.05879306793213
12103,273.05879306793213
12104,273.05879306793213
12105,262.97876167297363
12106,262.97876167297363
12107,262.97876167297363
12108,262.97876167297363
12109,262.97876167297363
12110,262.97876167297363
12111,273.898964881897
12112,263.0066976547241
12113,263.0066976547241
12114,263.0066976547241
12115,263.0066976547241
12116,263.0066976547241
12117,252.06874561309814
12118,252.06874561309814
12119,252.06874561309814
12120,252.06874561309814
12121,252.06874561309814
12122,252.06874561309814
12123,252.06874561309814
12124,252.06874561309814
12125,252.06874561309814
12126,252.06874561309814
12127,252.06874561309814
12128,252.06874561309814
12129,252.06874561309814
12130,241.2486515045166
12131,241.2486515045166
12132,252.20616149902344
12133,241.2328805923462
12134,230.26885414123535
12135,230.26885414123535
12136,230.26885414123535
12137,241.2353458404541
12138,241.2353458404541
12139,241.2353458404541
12140,241.2353458404541
12141,241.2353458404541
12142,241.2353458404541
12143,241.2353458404541
12144,241.2353458404541
12145,241.2353458404541
12146,241.2353458404541
12147,241.2353458404541
12148,208.32789516448975
12149,208.32789516448975
12150,208.32789516448975
12151,208.32789516448975
12152,208.32789516448975
12153,208.32789516448975
12154,208.32789516448975
12155,208.32789516448975
12156,208.32789516448975
12157,208.32789516448975
12158,208.32789516448975
12159,208.32789516448975
12160,208.32789516448975
12161,197.35680770874023
12162,197.35680770874023
12163,197.35680770874023
12164,186.40671825408936
12165,175.4316816329956
12166,175.4316816329956
12167,175.4316816329956
12168,175.4316816329956
12169,164.4942684173584
12170,164.4942684173584
12171,164.4942684173584
12172,164.4942684173584
12173,164.4942684173584
12174,153.50253677368164
12175,153.50253677368164
12176,153.50253677368164
12177,153.50253677368164
12178,153.50253677368164
12179,153.50253677368164
12180,153.50253677368164
12181,153.50253677368164
12182,153.50253677368164
12183,153.50253677368164
12184,153.50253677368164
12185,153.50253677368164
12186,153.50253677368164
12187,153.50253677368164
12188,153.50253677368164
12189,142.5094223022461
12190,142.5094223022461
12191,142.5094223022461
12192,142.5094223022461
12193,142.5094223022461
12194,142.5094223022461
12195,142.5094223022461
12196,142.5094223022461
12197,142.5094223022461
12198,142.5094223022461
12199,131.55628395080566
12200,120.5723876953125
12201,120.5723876953125
12202,120.5723876953125
12203,120.5723876953125
12204,120.5723876953125
12205,120.5723876953125
12206,120.5723876953125
12207,109.65218448638916
12208,120.59212970733643
12209,120.59212970733643
12210,120.59212970733643
12211,131.52945137023926
12212,120.55965328216553
12213,120.55965328216553
12214,131.55965328216553
12215,131.55965328216553
12216,131.55965328216553
12217,131.55965328216553
12218,131.55965328216553
12219,131.55965328216553
12220,131.55965328216553
12221,131.55965328216553
12222,131.55965328216553
12223,131.55965328216553
12224,131.55965328216553
12225,131.55965328216553
12226,131.55965328216553
12227,131.55965328216553
12228,120.59784984588623
12229,109.64729309082031
12230,109.64729309082031
12231,109.64729309082031
12232,109.64729309082031
12233,131.36604595184326
12234,131.36604595184326
12235,131.36604595184326
12236,131.36604595184326
12237,131.36604595184326
12238,142.25135612487793
12239,153.25135612487793
12240,153.25135612487793
12241,153.25135612487793
12242,142.31881999969482
12243,142.31881999969482
12244,142.31881999969482
12245,142.31881999969482
12246,142.31881999969482
12247,142.31881999969482
12248,142.31881999969482
12249,142.31881999969482
12250,142.31881999969482
12251,131.53709411621094
12252,131.53709411621094
12253,131.53709411621094
12254,131.53709411621094
12255,131.53709411621094
12256,131.53709411621094
12257,131.53709411621094
12258,131.53709411621094
12259,131.53709411621094
12260,131.53709411621094
12261,131.53709411621094
12262,131.53709411621094
12263,131.53709411621094
12264,131.53709411621094
12265,131.53709411621094
12266,131.53709411621094
12267,131.53709411621094
12268,131.53709411621094
12269,131.53709411621094
12270,131.53709411621094
12271,131.53709411621094
12272,131.53709411621094
12273,131.53709411621094
12274,142.53709411621094
12275,142.53709411621094
12276,142.53709411621094
12277,131.5690336227417
12278,142.4838752746582
12279,142.4838752746582
12280,131.4966640472412
12281,131.4966640472412
12282,131.4966640472412
12283,131.4966640472412
12284,109.61945343017578
12285,109.61945343017578
12286,109.61945343017578
12287,109.61945343017578
12288,109.61945343017578
12289,98.68242645263672
12290,98.68242645263672
12291,98.68242645263672
12292,109.28305625915527
12293,109.28305625915527
12294,109.28305625915527
12295,109.28305625915527
12296,109.28305625915527
12297,109.28305625915527
12298,109.28305625915527
12299,109.28305625915527
12300,98.32554626464844
12301,98.32554626464844
12302,98.32554626464844
12303,98.32554626464844
12304,109.32554626464844
12305,109.32554626464844
12306,98.3882246017456
12307,98.3882246017456
12308,98.3882246017456
12309,98.3882246017456
12310,98.3882246017456
12311,98.65407943725586
12312,98.65407943725586
12313,98.65407943725586
12314,87.68758773803711
12315,87.68758773803711
12316,87.68758773803711
12317,87.68758773803711
12318,87.68758773803711
12319,87.68758773803711
12320,87.68758773803711
12321,87.68758773803711
12322,87.68758773803711
12323,87.68758773803711
12324,87.68758773803711
12325,87.68758773803711
12326,87.68758773803711
12327,87.68758773803711
12328,87.68758773803711
12329,87.68758773803711
12330,87.68758773803711
12331,87.68758773803711
12332,76.72127151489258
12333,76.72127151489258
12334,76.72127151489258
12335,76.72127151489258
12336,76.72127151489258
12337,76.72127151489258
12338,76.72127151489258
12339,76.72127151489258
12340,76.72127151489258
12341,65.72127151489258
12342,65.72127151489258
12343,65.72127151489258
12344,65.72127151489258
12345,65.72127151489258
12346,75.4199686050415
12347,75.4199686050415
12348,75.4199686050415
12349,86.41780853271484
12350,86.41780853271484
12351,390.4333143234253
12352,379.493369102478
12353,379.493369102478
12354,379.493369102478
12355,379.493369102478
12356,390.42132568359375
12357,390.42132568359375
12358,390.42132568359375
12359,390.42132568359375
12360,87.70170879364014
12361,87.70170879364014
12362,87.70170879364014
12363,87.70170879364014
12364,87.70170879364014
12365,87.70170879364014
12366,87.70170879364014
12367,87.70170879364014
12368,87.70170879364014
12369,76.70170879364014
12370,76.70170879364014
12371,76.70170879364014
12372,76.70170879364014
12373,76.70170879364014
12374,76.70170879364014
12375,76.70170879364014
12376,65.83522415161133
12377,54.920382499694824
12378,54.920382499694824
12379,54.920382499694824
12380,54.920382499694824
12381,54.920382499694824
12382,54.920382499694824
12383,65.92038249969482
12384,65.92038249969482
12385,65.92038249969482
12386,65.92038249969482
12387,54.920382499694824
12388,54.920382499694824
12389,54.920382499694824
12390,54.920382499694824
12391,65.92038249969482
12392,65.92038249969482
12393,65.92038249969482
12394,65.92038249969482
12395,65.92038249969482
12396,65.92038249969482
12397,65.92038249969482
12398,65.92038249969482
12399,65.92038249969482
12400,65.92038249969482
12401,65.92038249969482
12402,65.92038249969482
12403,65.92038249969482
12404,65.92038249969482
12405,65.92038249969482
12406,65.92038249969482
12407,65.92038249969482
12408,65.92038249969482
12409,65.92038249969482
12410,65.92038249969482
12411,65.92038249969482
12412,76.9051342010498
12413,76.9051342010498
12414,76.9051342010498
12415,76.9051342010498
12416,76.9051342010498
12417,76.9051342010498
12418,76.9051342010498
12419,76.9051342010498
12420,76.9051342010498
12421,65.9051342010498
12422,65.9051342010498
12423,65.9051342010498
12424,65.9051342010498
12425,65.9051342010498
12426,65.9051342010498
12427,65.9051342010498
12428,65.9051342010498
12429,65.9051342010498
12430,65.9051342010498
12431,65.9051342010498
12432,65.9051342010498
12433,54.905134201049805
12434,54.905134201049805
12435,54.905134201049805
12436,54.905134201049805
12437,54.905134201049805
12438,54.905134201049805
12439,54.905134201049805
12440,65.9007215499878
12441,65.9007215499878
12442,65.9007215499878
12443,65.9007215499878
12444,65.9007215499878
12445,65.9007215499878
12446,65.9007215499878
12447,65.9007215499878
12448,65.9007215499878
12449,65.9007215499878
12450,65.9007215499878
12451,54.90072154998779
12452,54.90072154998779
12453,54.90072154998779
12454,54.90072154998779
12455,54.90072154998779
12456,54.90072154998779
12457,65.89226341247559
12458,76.8761568069458
12459,87.75359058380127
12460,87.75359058380127
12461,98.75359058380127
12462,98.75359058380127
12463,98.75359058380127
12464,98.75359058380127
12465,98.75359058380127
12466,98.75359058380127
12467,98.75359058380127
12468,98.75359058380127
12469,98.75359058380127
12470,98.75359058380127
12471,98.75359058380127
12472,98.75359058380127
12473,98.75359058380127
12474,98.75359058380127
12475,109.70124530792236
12476,109.70124530792236
12477,109.70124530792236
12478,109.70124530792236
12479,109.70124530792236
12480,109.70124530792236
12481,109.70124530792236
12482,120.70124530792236
12483,131.6381196975708
12484,131.6381196975708
12485,131.6381196975708
12486,131.6381196975708
12487,131.6381196975708
12488,142.4587984085083
12489,142.4587984085083
12490,131.58136463165283
12491,142.56213665008545
12492,142.56213665008545
12493,142.56213665008545
12494,131.63418006896973
12495,131.63418006896973
12496,131.63418006896973
12497,131.63418006896973
12498,131.63418006896973
12499,131.63418006896973
12500,131.63418006896973
12501,131.63418006896973
12502,131.63418006896973
12503,131.63418006896973
12504,131.63418006896973
12505,131.63418006896973
12506,131.63418006896973
12507,131.63418006896973
12508,131.63418006896973
12509,142.61634254455566
12510,142.61634254455566
12511,142.61634254455566
12512,142.61634254455566
12513,142.61634254455566
12514,142.61634254455566
12515,153.60622882843018
12516,153.60622882843018
12517,153.60622882843018
12518,142.6116428375244
12519,142.6116428375244
12520,142.6116428375244
12521,142.6116428375244
12522,142.6116428375244
12523,142.6116428375244
12524,142.6116428375244
12525,153.59294986724854
12526,153.59294986724854
12527,153.59294986724854
12528,153.59294986724854
12529,153.59294986724854
12530,153.59294986724854
12531,153.59294986724854
12532,153.59294986724854
12533,153.59294986724854
12534,153.59294986724854
12535,153.59294986724854
12536,153.59294986724854
12537,153.59294986724854
12538,153.59294986724854
12539,153.59294986724854
12540,153.59294986724854
12541,153.59294986724854
12542,153.59294986724854
12543,142.77227115631104
12544,142.77227115631104
12545,142.77227115631104
12546,153.72011184692383
12547,153.72011184692383
12548,153.72011184692383
12549,164.68230056762695
12550,175.6374282836914
12551,186.62905979156494
12552,186.62905979156494
12553,197.6092987060547
12554,208.60927295684814
12555,208.60927295684814
12556,208.60927295684814
12557,208.60927295684814
12558,208.60927295684814
12559,208.60927295684814
12560,208.60927295684814
12561,208.60927295684814
12562,208.60927295684814
12563,230.5762882232666
12564,241.42221355438232
12565,252.25223445892334
12566,241.25223445892334
12567,241.25223445892334
12568,241.25223445892334
12569,241.25223445892334
12570,230.26834106445312
12571,230.26834106445312
12572,230.26834106445312
12573,230.26834106445312
12574,230.26834106445312
12575,230.26834106445312
12576,230.26834106445312
12577,230.26834106445312
12578,230.26834106445312
12579,230.26834106445312
12580,230.26834106445312
12581,241.09840297698975
12582,241.09840297698975
12583,241.09840297698975
12584,241.09840297698975
12585,241.09840297698975
12586,511.67823696136475
12587,511.67823696136475
12588,241.09840297698975
12589,241.09840297698975
12590,241.09840297698975
12591,241.09840297698975
12592,230.1615285873413
12593,230.1615285873413
12594,230.1615285873413
12595,230.1615285873413
12596,230.1615285873413
12597,230.1615285873413
12598,241.00425910949707
12599,241.00425910949707
12600,251.92458534240723
12601,251.92458534240723
12602,241.0945644378662
12603,241.0945644378662
12604,241.0945644378662
12605,241.0945644378662
12606,241.0945644378662
12607,241.0945644378662
12608,241.0945644378662
12609,230.2645025253296
12610,241.23535633087158
12611,241.23535633087158
12612,241.23535633087158
12613,241.23535633087158
12614,241.23535633087158
12615,241.23535633087158
12616,241.23535633087158
12617,241.23535633087158
12618,241.23535633087158
12619,252.22297954559326
12620,241.22513961791992
12621,252.1852502822876
12622,252.1852502822876
12623,252.1852502822876
12624,252.1852502822876
12625,241.20049858093262
12626,241.20049858093262
12627,241.20049858093262
12628,241.20049858093262
12629,241.20049858093262
12630,241.20049858093262
12631,241.20372867584229
12632,230.35780334472656
12633,241.3410301208496
12634,241.3410301208496
12635,241.3410301208496
12636,252.27808666229248
12637,241.31589794158936
12638,241.31589794158936
12639,230.36805725097656
12640,230.36805725097656
12641,230.36805725097656
12642,241.3368330001831
12643,230.3560609817505
12644,230.3560609817505
12645,241.22540664672852
12646,241.22540664672852
12647,241.22540664672852
12648,241.22540664672852
12649,251.21936893463135
12650,251.21936893463135
12651,251.21936893463135
12652,240.22782707214355
12653,239.9637041091919
12654,239.9637041091919
12655,229.12097358703613
12656,219.1270112991333
12657,219.1270112991333
12658,219.1270112991333
12659,219.1270112991333
12660,219.1270112991333
12661,219.1270112991333
12662,219.1270112991333
12663,219.1270112991333
12664,230.1241455078125
12665,230.1241455078125
12666,230.1241455078125
12667,241.0042486190796
12668,241.0042486190796
12669,241.0042486190796
12670,262.6417808532715
12671,262.6417808532715
12672,262.6417808532715
12673,262.6417808532715
12674,262.6417808532715
12675,262.6417808532715
12676,273.56275749206543
12677,273.56275749206543
12678,273.56275749206543
12679,273.56275749206543
12680,262.5630464553833
12681,262.5630464553833
12682,273.47706508636475
12683,273.47706508636475
12684,273.47706508636475
12685,284.4541311264038
12686,284.4541311264038
12687,284.4541311264038
12688,284.4541311264038
12689,284.6920337677002
12690,284.6920337677002
12691,273.9152069091797
12692,273.9152069091797
12693,273.9152069091797
12694,273.9152069091797
12695,273.9152069091797
12696,273.9152069091797
12697,241.1520128250122
12698,241.1520128250122
12699,230.19688510894775
12700,230.19688510894775
12701,230.19688510894775
12702,230.19688510894775
12703,230.19688510894775
12704,219.31678199768066
12705,219.31678199768066
12706,219.31678199768066
12707,230.2014389038086
12708,219.23413467407227
12709,219.23413467407227
12710,219.23413467407227
12711,219.23413467407227
12712,219.23413467407227
12713,219.23413467407227
12714,219.23413467407227
12715,219.1858377456665
12716,219.1858377456665
12717,230.1567268371582
12718,230.1567268371582
12719,219.17541980743408
12720,219.17541980743408
12721,219.17541980743408
12722,230.16122341156006
12723,230.16122341156006
12724,230.16122341156006
12725,251.8972396850586
12726,251.8972396850586
12727,241.02789402008057
12728,241.02789402008057
12729,241.02789402008057
12730,241.02789402008057
12731,241.02789402008057
12732,241.02789402008057
12733,241.02789402008057
12734,241.02789402008057
12735,241.02789402008057
12736,241.02789402008057
12737,251.9761962890625
12738,251.9761962890625
12739,251.9761962890625
12740,251.9761962890625
12741,251.9761962890625
12742,262.9670181274414
12743,251.9961643218994
12744,251.9961643218994
12745,251.9961643218994
12746,251.9961643218994
12747,251.9961643218994
12748,251.9961643218994
12749,251.9961643218994
12750,251.9961643218994
12751,251.9961643218994
12752,251.9961643218994
12753,251.9961643218994
12754,251.9961643218994
12755,251.9961643218994
12756,241.03605365753174
12757,241.03605365753174
12758,241.03605365753174
12759,241.03605365753174
12760,230.055814743042
12761,219.31316566467285
12762,219.31316566467285
12763,219.31316566467285
12764,219.31316566467285
12765,219.31316566467285
12766,208.42850875854492
12767,208.42850875854492
12768,208.42850875854492
12769,208.42850875854492
12770,197.4386224746704
12771,208.3841142654419
12772,208.3841142654419
12773,208.3841142654419
12774,197.39649105072021
12775,197.39649105072021
12776,197.39649105072021
12777,197.39649105072021
12778,197.39649105072021
12779,197.39649105072021
12780,186.45943450927734
12781,186.45943450927734
12782,186.45943450927734
12783,186.45943450927734
12784,186.45943450927734
12785,186.45943450927734
12786,175.5454158782959
12787,164.59453105926514
12788,164.59453105926514
12789,164.59453105926514
12790,164.59453105926514
12791,164.59453105926514
12792,164.59453105926514
12793,164.59453105926514
12794,164.59453105926514
12795,164.59453105926514
12796,164.59453105926514
12797,164.59453105926514
12798,164.59453105926514
12799,164.59453105926514
12800,164.59453105926514
12801,164.59453105926514
12802,164.59453105926514
12803,164.59453105926514
12804,164.59453105926514
12805,164.59453105926514
12806,164.59453105926514
12807,153.6735544204712
12808,153.6735544204712
12809,153.6735544204712
12810,131.68633556365967
12811,131.68633556365967
12812,131.68633556365967
12813,131.68633556365967
12814,131.68633556365967
12815,131.68633556365967
12816,131.68633556365967
12817,131.68633556365967
12818,142.68430519104004
12819,131.73262786865234
12820,131.73262786865234
12821,131.73262786865234
12822,131.73262786865234
12823,142.699556350708
12824,142.699556350708
12825,142.699556350708
12826,142.699556350708
12827,131.7286672592163
12828,131.7286672592163
12829,142.67049312591553
12830,142.67049312591553
12831,142.67049312591553
12832,142.67049312591553
12833,142.67049312591553
12834,142.67049312591553
12835,142.67049312591553
12836,142.67049312591553
12837,131.6967134475708
12838,131.6967134475708
12839,131.6967134475708
12840,120.7033462524414
12841,120.7033462524414
12842,120.7033462524414
12843,131.66102981567383
12844,131.66102981567383
12845,142.6130132675171
12846,142.6130132675171
12847,142.6130132675171
12848,142.6130132675171
12849,142.6130132675171
12850,142.6130132675171
12851,142.6130132675171
12852,142.6130132675171
12853,142.6130132675171
12854,142.6130132675171
12855,142.6130132675171
12856,142.6130132675171
12857,142.6130132675171
12858,142.6130132675171
12859,142.6130132675171
12860,142.6130132675171
12861,142.6130132675171
12862,142.6130132675171
12863,142.6130132675171
12864,142.6130132675171
12865,153.5168285369873
12866,153.5168285369873
12867,153.5168285369873
12868,153.5168285369873
12869,153.5168285369873
12870,153.5168285369873
12871,153.5168285369873
12872,153.5168285369873
12873,153.5168285369873
12874,153.5168285369873
12875,153.5168285369873
12876,142.54805278778076
12877,142.54805278778076
12878,142.54805278778076
12879,142.54805278778076
12880,142.54805278778076
12881,142.54805278778076
12882,142.54805278778076
12883,142.54805278778076
12884,131.59975051879883
12885,131.59975051879883
12886,131.59975051879883
12887,131.59975051879883
12888,131.59975051879883
12889,131.59975051879883
12890,131.59975051879883
12891,131.59975051879883
12892,131.59975051879883
12893,131.59975051879883
12894,131.59975051879883
12895,131.59975051879883
12896,131.59975051879883
12897,120.65792465209961
12898,120.65792465209961
12899,120.65792465209961
12900,109.67469787597656
12901,109.67469787597656
12902,109.67469787597656
12903,109.67469787597656
12904,109.67469787597656
12905,109.67469787597656
12906,98.6976318359375
12907,87.7004976272583
12908,87.7004976272583
12909,87.7004976272583
12910,76.74851417541504
12911,76.74851417541504
12912,76.74851417541504
12913,76.74851417541504
12914,76.74851417541504
12915,76.74851417541504
12916,76.74851417541504
12917,76.74851417541504
12918,76.74851417541504
12919,76.74851417541504
12920,76.74851417541504
12921,76.74851417541504
12922,76.74851417541504
12923,76.74851417541504
12924,76.74851417541504
12925,76.74851417541504
12926,76.74851417541504
12927,65.75054454803467
12928,65.75054454803467
12929,65.75054454803467
12930,65.75054454803467
12931,65.75054454803467
12932,65.75054454803467
12933,65.75054454803467
12934,76.72164535522461
12935,76.72164535522461
12936,76.72164535522461
12937,65.8178300857544
12938,65.8178300857544
12939,54.83202648162842
12940,54.83202648162842
12941,54.83202648162842
12942,54.83202648162842
12943,54.83202648162842
12944,54.83202648162842
12945,54.83202648162842
12946,54.83202648162842
12947,54.83202648162842
12948,54.83202648162842
12949,54.83202648162842
12950,54.83202648162842
12951,54.83202648162842
12952,43.886534690856934
12953,43.886534690856934
12954,54.63385200500488
12955,54.63385200500488
12956,54.63385200500488
12957,54.63385200500488
12958,54.63385200500488
12959,54.63385200500488
12960,54.63385200500488
12961,54.63385200500488
12962,54.63385200500488
12963,54.63385200500488
12964,54.63385200500488
12965,54.63385200500488
12966,54.63385200500488
12967,54.63385200500488
12968,54.63385200500488
12969,54.63385200500488
12970,54.63385200500488
12971,54.63385200500488
12972,54.63385200500488
12973,54.63385200500488
12974,54.63385200500488
12975,54.63385200500488
12976,54.63385200500488
12977,54.63385200500488
12978,54.63385200500488
12979,54.63385200500488
12980,54.63385200500488
12981,54.63385200500488
12982,54.63385200500488
12983,43.66692352294922
12984,43.66692352294922
12985,43.66692352294922
12986,43.66692352294922
12987,43.66692352294922
12988,43.66692352294922
12989,43.66692352294922
12990,43.66692352294922
12991,43.66692352294922
12992,43.66692352294922
12993,43.66692352294922
12994,43.66692352294922
12995,32.91960620880127
12996,32.91960620880127
12997,32.91960620880127
12998,32.91960620880127
12999,32.91960620880127
13000,32.91960620880127
13001,32.91960620880127
13002,32.91960620880127
13003,32.91960620880127
13004,32.91960620880127
13005,32.91960620880127
13006,32.91960620880127
13007,32.91960620880127
13008,32.91960620880127
13009,21.948505401611328
13010,21.948505401611328
13011,21.948505401611328
13012,21.948505401611328
13013,21.948505401611328
13014,21.948505401611328
13015,21.948505401611328
13016,21.948505401611328
13017,21.948505401611328
13018,21.948505401611328
13019,21.948505401611328
13020,21.948505401611328
13021,21.948505401611328
13022,21.948505401611328
13023,10.990821838378906
13024,10.990821838378906
13025,10.990821838378906
13026,10.990821838378906
13027,0.0
13028,0.0
13029,0.0
13030,10.47258472442627
13031,10.47258472442627
13032,10.47258472442627
13033,10.47258472442627
13034,10.47258472442627
13035,10.47258472442627
13036,10.47258472442627
13037,10.47258472442627
13038,10.47258472442627
13039,10.47258472442627
13040,10.47258472442627
13041,10.47258472442627
13042,10.47258472442627
13043,10.47258472442627
13044,10.47258472442627
13045,10.47258472442627
13046,0.0
13047,0.0
13048,0.0
13049,0.0
13050,0.0
13051,0.0
13052,0.0
13053,0.0
13054,0.0
13055,0.0
13056,0.0
13057,0.0
13058,0.0
13059,0.0
13060,0.0
13061,0.0
13062,0.0
13063,0.0
13064,0.0
13065,0.0
13066,0.0
13067,0.0
13068,0.0
13069,0.0
13070,0.0
13071,0.0
13072,0.0
13073,0.0
13074,0.0
13075,0.0
13076,0.0
13077,0.0
13078,0.0
13079,0.0
13080,0.0
13081,0.0
13082,0.0
13083,0.0
13084,0.0
13085,0.0
13086,0.0
13087,0.0
13088,0.0
13089,0.0
13090,0.0
13091,0.0
13092,0.0
13093,0.0
13094,0.0
13095,0.0
13096,0.0
13097,0.0
13098,0.0
13099,0.0
13100,0.0
13101,0.0
13102,0.0
13103,0.0
13104,0.0
13105,0.0
13106,0.0
13107,0.0
13108,0.0
13109,0.0
13110,0.0
13111,0.0
13112,0.0
13113,0.0
13114,0.0
13115,0.0
13116,0.0
13117,0.0
13118,0.0
13119,0.0
13120,0.0
13121,0.0
13122,0.0
13123,0.0
13124,0.0
13125,0.0
13126,0.0
13127,0.0
13128,0.0
13129,0.0
13130,0.0
13131,0.0
13132,0.0
13133,0.0
13134,0.0
13135,10.454035758972168
13136,10.454035758972168
13137,10.454035758972168
13138,10.454035758972168
13139,10.454035758972168
13140,10.454035758972168
13141,10.454035758972168
13142,10.454035758972168
13143,10.454035758972168
13144,10.454035758972168
13145,10.454035758972168
13146,10.454035758972168
13147,10.454035758972168
13148,10.454035758972168
13149,10.454035758972168
13150,10.454035758972168
13151,10.454035758972168
13152,10.454035758972168
13153,10.454035758972168
13154,10.454035758972168
13155,0.0
13156,0.0
13157,0.0
13158,0.0
13159,0.0
13160,0.0
13161,0.0
13162,0.0
13163,0.0
13164,0.0
13165,0.0
13166,0.0
13167,0.0
13168,0.0
13169,0.0
13170,0.0
13171,0.0
13172,0.0
13173,0.0
13174,0.0
13175,0.0
13176,0.0
13177,0.0
13178,0.0
13179,0.0
13180,0.0
13181,0.0
13182,0.0
13183,0.0
13184,0.0
13185,0.0
13186,0.0
13187,0.0
13188,0.0
13189,0.0
13190,0.0
13191,0.0
13192,0.0
13193,0.0
13194,0.0
13195,0.0
13196,0.0
13197,0.0
13198,0.0
13199,0.0
13200,0.0
13201,0.0
13202,0.0
13203,0.0
13204,0.0
13205,0.0
13206,0.0
13207,0.0
13208,0.0
13209,0.0
13210,0.0
13211,0.0
13212,0.0
13213,0.0
13214,0.0
13215,0.0
13216,0.0
13217,0.0
13218,0.0
13219,0.0
13220,0.0
13221,0.0
13222,0.0
13223,0.0
13224,0.0
13225,0.0
13226,0.0
13227,0.0
13228,0.0
13229,0.0
13230,0.0
13231,0.0
13232,0.0
13233,0.0
13234,0.0
13235,0.0
13236,0.0
13237,0.0
13238,0.0
13239,0.0
13240,0.0
13241,0.0
13242,0.0
13243,0.0
13244,0.0
13245,0.0
13246,0.0
13247,0.0
13248,0.0
13249,0.0
13250,0.0
13251,0.0
13252,0.0
13253,0.0
13254,0.0
13255,0.0
13256,0.0
13257,0.0
13258,0.0
13259,0.0
13260,0.0
13261,0.0
13262,0.0
13263,0.0
13264,0.0
13265,0.0
13266,0.0
13267,0.0
13268,0.0
13269,0.0
13270,0.0
13271,0.0
13272,0.0
13273,0.0
13274,0.0
13275,0.0
13276,0.0
13277,0.0
13278,0.0
13279,0.0
13280,0.0
13281,0.0
13282,0.0
13283,0.0
13284,0.0
13285,0.0
13286,0.0
13287,0.0
13288,0.0
13289,0.0
13290,0.0
13291,0.0
13292,0.0
13293,0.0
13294,10.938915252685547
13295,10.938915252685547
13296,10.938915252685547
13297,10.938915252685547
13298,10.938915252685547
13299,10.938915252685547
13300,10.938915252685547
13301,21.91880226135254
13302,21.91880226135254
13303,21.91880226135254
13304,21.91880226135254
13305,21.91880226135254
13306,21.91880226135254
13307,21.91880226135254
13308,21.91880226135254
13309,21.91880226135254
13310,21.91880226135254
13311,21.91880226135254
13312,21.91880226135254
13313,21.91880226135254
13314,21.91880226135254
13315,21.91880226135254
13316,21.91880226135254
13317,32.618852615356445
13318,32.618852615356445
13319,32.618852615356445
13320,32.618852615356445
13321,32.618852615356445
13322,43.618852615356445
13323,43.618852615356445
13324,43.618852615356445
13325,43.618852615356445
13326,43.618852615356445
13327,43.618852615356445
13328,32.91880226135254
13329,32.91880226135254
13330,32.91880226135254
13331,32.91880226135254
13332,32.91880226135254
13333,32.91880226135254
13334,43.8977165222168
13335,43.8977165222168
13336,43.8977165222168
13337,43.8977165222168
13338,43.8977165222168
13339,43.8977165222168
13340,43.8977165222168
13341,43.8977165222168
13342,43.8977165222168
13343,43.8977165222168
13344,43.8977165222168
13345,54.81951713562012
13346,54.81951713562012
13347,54.81951713562012
13348,54.81951713562012
13349,54.81951713562012
13350,54.81951713562012
13351,54.81951713562012
13352,54.81951713562012
13353,54.81951713562012
13354,54.81951713562012
13355,54.81951713562012
13356,54.81951713562012
13357,54.81951713562012
13358,54.81951713562012
13359,54.81951713562012
13360,54.81951713562012
13361,54.81951713562012
13362,54.81951713562012
13363,65.80094718933105
13364,65.80094718933105
13365,54.800947189331055
13366,54.800947189331055
13367,54.800947189331055
13368,54.800947189331055
13369,54.800947189331055
13370,54.800947189331055
13371,54.800947189331055
13372,65.76515483856201
13373,65.76515483856201
13374,65.76515483856201
13375,65.76515483856201
13376,65.76515483856201
13377,65.76515483856201
13378,65.76515483856201
13379,65.76515483856201
13380,54.78526782989502
13381,54.78526782989502
13382,54.78526782989502
13383,65.78526782989502
13384,65.78526782989502
13385,65.78526782989502
13386,65.78526782989502
13387,65.78526782989502
13388,65.78526782989502
13389,65.78526782989502
13390,65.78526782989502
13391,65.78526782989502
13392,76.73944473266602
13393,76.73944473266602
13394,76.73944473266602
13395,76.73944473266602
13396,76.73944473266602
13397,76.73944473266602
13398,76.73944473266602
13399,76.73944473266602
13400,76.73944473266602
13401,76.73944473266602
13402,76.73944473266602
13403,76.73944473266602
13404,76.73944473266602
13405,76.73944473266602
13406,76.73944473266602
13407,76.73944473266602
13408,76.73944473266602
13409,76.73944473266602
13410,76.73944473266602
13411,76.73944473266602
13412,76.73944473266602
13413,65.76053047180176
13414,65.76053047180176
13415,65.76053047180176
13416,65.76053047180176
13417,65.76053047180176
13418,65.76053047180176
13419,65.76053047180176
13420,65.76053047180176
13421,76.76011943817139
13422,76.76011943817139
13423,76.76011943817139
13424,76.76011943817139
13425,76.76011943817139
13426,76.76011943817139
13427,76.76011943817139
13428,76.76011943817139
13429,76.76011943817139
13430,76.76011943817139
13431,76.76011943817139
13432,76.76011943817139
13433,76.76011943817139
13434,76.76011943817139
13435,76.76011943817139
13436,76.76011943817139
13437,76.76011943817139
13438,76.76011943817139
13439,76.76011943817139
13440,76.76011943817139
13441,76.76011943817139
13442,76.76011943817139
13443,76.76011943817139
13444,76.76011943817139
13445,76.76011943817139
13446,76.76011943817139
13447,76.76011943817139
13448,76.76011943817139
13449,76.76011943817139
13450,76.76011943817139
13451,76.76011943817139
13452,65.83831882476807
13453,65.83831882476807
13454,65.83831882476807
13455,65.83831882476807
13456,65.83831882476807
13457,65.83831882476807
13458,65.83831882476807
13459,65.83831882476807
13460,65.83831882476807
13461,54.89940357208252
13462,54.89940357208252
13463,54.89940357208252
13464,54.89940357208252
13465,54.89940357208252
13466,54.89940357208252
13467,54.89940357208252
13468,54.89940357208252
13469,54.89940357208252
13470,65.85824489593506
13471,76.80120849609375
13472,87.71041488647461
13473,87.71041488647461
13474,87.71041488647461
13475,87.71041488647461
13476,87.71041488647461
13477,98.52062320709229
13478,109.43211841583252
13479,120.33974266052246
13480,120.33974266052246
13481,120.33974266052246
13482,120.33974266052246
13483,120.33974266052246
13484,120.33974266052246
13485,120.33974266052246
13486,120.33974266052246
13487,131.14851665496826
13488,131.14851665496826
13489,131.14851665496826
13490,120.1843090057373
13491,131.15177822113037
13492,152.92485904693604
13493,152.92485904693604
13494,152.92485904693604
13495,152.92485904693604
13496,152.92485904693604
13497,152.87263870239258
13498,152.87263870239258
13499,152.87263870239258
13500,163.87263870239258
13501,163.87263870239258
13502,163.87263870239258
13503,163.87263870239258
13504,152.96114349365234
13505,152.96114349365234
13506,152.96114349365234
13507,142.15093517303467
13508,142.15093517303467
13509,142.15093517303467
13510,142.2029047012329
13511,142.2029047012329
13512,142.2029047012329
13513,142.2029047012329
13514,142.2029047012329
13515,142.2029047012329
13516,164.06822776794434
13517,164.06822776794434
13518,185.99432373046875
13519,185.99432373046875
13520,185.99432373046875
13521,196.9857177734375
13522,196.9857177734375
13523,196.9857177734375
13524,196.9857177734375
13525,196.9857177734375
13526,196.9857177734375
13527,196.9857177734375
13528,196.9857177734375
13529,196.9857177734375
13530,186.01824855804443
13531,186.01824855804443
13532,186.01824855804443
13533,175.06407165527344
13534,164.0826416015625
13535,164.0826416015625
13536,164.0826416015625
13537,164.0826416015625
13538,175.0826416015625
13539,175.0826416015625
13540,186.0649070739746
13541,196.98710441589355
13542,207.98368549346924
13543,207.98368549346924
13544,208.05943775177002
13545,208.05943775177002
13546,208.05943775177002
13547,218.94089603424072
13548,218.94089603424072
13549,230.05451202392578
13550,230.05451202392578
13551,230.05451202392578
13552,230.05451202392578
13553,230.05451202392578
13554,230.05451202392578
13555,230.05451202392578
13556,230.05451202392578
13557,230.05451202392578
13558,230.05451202392578
13559,240.38008785247803
13560,240.38008785247803
13561,229.42320728302002
13562,229.42320728302002
13563,229.42320728302002
13564,229.42320728302002
13565,229.42320728302002
13566,229.42320728302002
13567,240.39069080352783
13568,240.39069080352783
13569,240.39069080352783
13570,240.39069080352783
13571,230.0651149749756
13572,230.0651149749756
13573,230.0651149749756
13574,230.0651149749756
13575,230.0651149749756
13576,230.0651149749756
13577,241.03194522857666
13578,248.5407953262329
13579,230.03194522857666
13580,230.03194522857666
13581,230.03194522857666
13582,219.07310390472412
13583,219.07310390472412
13584,219.07310390472412
13585,219.07310390472412
13586,219.07310390472412
13587,219.07310390472412
13588,219.07310390472412
13589,219.07310390472412
13590,219.07310390472412
13591,219.07310390472412
13592,219.07310390472412
13593,219.07310390472412
13594,208.16547966003418
13595,197.28402137756348
13596,197.28402137756348
13597,175.50186824798584
13598,164.61734199523926
13599,164.61734199523926
13600,164.61734199523926
13601,164.61734199523926
13602,164.61734199523926
13603,164.61734199523926
13604,164.61734199523926
13605,164.61734199523926
13606,164.61734199523926
13607,164.61734199523926
13608,164.61734199523926
13609,164.61734199523926
13610,164.61734199523926
13611,164.61734199523926
13612,164.61734199523926
13613,164.61734199523926
13614,164.61734199523926
13615,175.56039428710938
13616,175.56039428710938
13617,175.56039428710938
13618,175.56039428710938
13619,175.56039428710938
13620,175.56039428710938
13621,175.56039428710938
13622,175.56039428710938
13623,175.56039428710938
13624,175.56039428710938
13625,164.59117889404297
13626,153.66898155212402
13627,153.66898155212402
13628,153.66898155212402
13629,153.66898155212402
13630,164.66133403778076
13631,164.66133403778076
13632,164.66133403778076
13633,164.66133403778076
13634,164.66133403778076
13635,164.66133403778076
13636,164.66133403778076
13637,164.66133403778076
13638,164.66133403778076
13639,164.66133403778076
13640,153.70015811920166
13641,153.70015811920166
13642,153.70015811920166
13643,153.70015811920166
13644,153.70015811920166
13645,153.70015811920166
13646,153.70015811920166
13647,153.70015811920166
13648,142.70930194854736
13649,142.70930194854736
13650,131.76633834838867
13651,131.76633834838867
13652,131.76633834838867
13653,131.76633834838867
13654,131.76633834838867
13655,131.76633834838867
13656,131.76633834838867
13657,131.76633834838867
13658,131.76633834838867
13659,131.76633834838867
13660,131.76633834838867
13661,131.76633834838867
13662,131.76633834838867
13663,131.76633834838867
13664,131.76633834838867
13665,131.76633834838867
13666,131.76633834838867
13667,131.76633834838867
13668,131.76633834838867
13669,131.76633834838867
13670,131.76633834838867
13671,131.76633834838867
13672,131.76633834838867
13673,131.76633834838867
13674,131.76633834838867
13675,131.76633834838867
13676,131.76633834838867
13677,131.76633834838867
13678,131.76633834838867
13679,131.76633834838867
13680,131.76633834838867
13681,131.76633834838867
13682,131.76633834838867
13683,131.76633834838867
13684,131.76633834838867
13685,131.76633834838867
13686,120.81855869293213
13687,120.81855869293213
13688,120.81855869293213
13689,120.81855869293213
13690,120.81855869293213
13691,120.81855869293213
13692,120.81855869293213
13693,120.81855869293213
13694,120.81855869293213
13695,120.81855869293213
13696,120.81855869293213
13697,120.81855869293213
13698,120.81855869293213
13699,120.81855869293213
13700,120.81855869293213
13701,120.81855869293213
13702,109.81855869293213
13703,109.81855869293213
13704,109.81855869293213
13705,109.81855869293213
13706,109.81855869293213
13707,109.81855869293213
13708,109.81855869293213
13709,109.81855869293213
13710,98.83954811096191
13711,98.83954811096191
13712,98.83954811096191
13713,98.83954811096191
13714,109.83954811096191
13715,109.83954811096191
13716,109.83954811096191
13717,109.83954811096191
13718,109.83954811096191
13719,109.83954811096191
13720,109.83954811096191
13721,109.83954811096191
13722,109.83954811096191
13723,109.83954811096191
13724,109.83954811096191
13725,109.83954811096191
13726,109.83954811096191
13727,109.83954811096191
13728,109.83954811096191
13729,120.80800724029541
13730,454.5941095352173
13731,454.5941095352173
13732,454.5941095352173
13733,454.5941095352173
13734,454.5941095352173
13735,109.8257417678833
13736,109.8257417678833
13737,109.8257417678833
13738,109.8257417678833
13739,109.8257417678833
13740,98.83434772491455
13741,98.83434772491455
13742,98.83434772491455
13743,98.83434772491455
13744,98.83434772491455
13745,98.83434772491455
13746,98.83434772491455
13747,98.83434772491455
13748,98.83434772491455
13749,98.83434772491455
13750,87.89129543304443
13751,87.89129543304443
13752,87.89129543304443
13753,87.89129543304443
13754,87.89129543304443
13755,87.82129764556885
13756,87.82129764556885
13757,76.85283851623535
13758,76.85283851623535
13759,76.85283851623535
13760,76.85283851623535
13761,76.85283851623535
13762,76.85283851623535
13763,76.85283851623535
13764,76.85283851623535
13765,76.85283851623535
13766,76.85283851623535
13767,76.85283851623535
13768,76.85283851623535
13769,76.85283851623535
13770,76.85283851623535
13771,76.85283851623535
13772,76.85283851623535
13773,76.49019813537598
13774,76.49019813537598
13775,76.49019813537598
13776,87.49019813537598
13777,87.49019813537598
13778,87.49019813537598
13779,87.49019813537598
13780,87.49019813537598
13781,87.49019813537598
13782,87.49019813537598
13783,87.49019813537598
13784,87.49019813537598
13785,76.49784564971924
13786,76.49784564971924
13787,65.49825668334961
13788,65.49825668334961
13789,54.5307731628418
13790,54.5307731628418
13791,54.5307731628418
13792,54.5307731628418
13793,65.40471744537354
13794,65.40471744537354
13795,54.800527572631836
13796,54.800527572631836
13797,54.800527572631836
13798,54.800527572631836
13799,54.800527572631836
13800,54.800527572631836
13801,54.800527572631836
13802,54.800527572631836
13803,43.800527572631836
13804,43.800527572631836
13805,43.800527572631836
13806,43.800527572631836
13807,43.800527572631836
13808,43.800527572631836
13809,43.800527572631836
13810,43.800527572631836
13811,43.800527572631836
13812,43.800527572631836
13813,43.800527572631836
13814,32.80394649505615
13815,32.80394649505615
13816,32.80394649505615
13817,32.80394649505615
13818,32.80394649505615
13819,32.80394649505615
13820,32.80394649505615
13821,32.80394649505615
13822,32.80394649505615
13823,32.80394649505615
13824,32.80394649505615
13825,32.80394649505615
13826,32.80394649505615
13827,32.80394649505615
13828,32.80394649505615
13829,32.80394649505615
13830,32.80394649505615
13831,32.80394649505615
13832,32.80394649505615
13833,32.80394649505615
13834,32.80394649505615
13835,32.80394649505615
13836,32.80394649505615
13837,32.80394649505615
13838,32.80394649505615
13839,21.803946495056152
13840,21.803946495056152
13841,21.803946495056152
13842,21.803946495056152
13843,21.803946495056152
13844,21.803946495056152
13845,21.803946495056152
13846,21.803946495056152
13847,21.803946495056152
13848,21.803946495056152
13849,21.803946495056152
13850,21.803946495056152
13851,21.803946495056152
13852,21.803946495056152
13853,21.803946495056152
13854,21.803946495056152
13855,21.803946495056152
13856,21.803946495056152
13857,21.803946495056152
13858,32.72997856140137
13859,32.72997856140137
13860,43.609548568725586
13861,43.609548568725586
13862,43.609548568725586
13863,43.609548568725586
13864,32.73560428619385
13865,32.73560428619385
13866,32.73560428619385
13867,32.73560428619385
13868,32.73560428619385
13869,32.73560428619385
13870,32.73560428619385
13871,32.73560428619385
13872,32.73560428619385
13873,32.73560428619385
13874,32.73560428619385
13875,21.805602073669434
13876,32.805602073669434
13877,32.805602073669434
13878,32.805602073669434
13879,32.805602073669434
13880,32.805602073669434
13881,32.805602073669434
13882,32.805602073669434
13883,32.805602073669434
13884,32.805602073669434
13885,32.805602073669434
13886,32.805602073669434
13887,21.926032066345215
13888,21.926032066345215
13889,21.926032066345215
13890,21.926032066345215
13891,21.926032066345215
13892,32.85018062591553
13893,32.85018062591553
13894,43.82057285308838
13895,43.82057285308838
13896,54.7872200012207
13897,54.7872200012207
13898,54.7872200012207
13899,54.7872200012207
13900,65.6833143234253
13901,65.6833143234253
13902,65.6833143234253
13903,65.6833143234253
13904,65.6833143234253
13905,65.6833143234253
13906,65.6833143234253
13907,65.6833143234253
13908,65.6833143234253
13909,65.6833143234253
13910,65.6833143234253
13911,65.6833143234253
13912,65.6833143234253
13913,65.6833143234253
13914,65.6833143234253
13915,65.6833143234253
13916,65.6833143234253
13917,65.6833143234253
13918,65.6833143234253
13919,65.6833143234253
13920,65.6833143234253
13921,65.6833143234253
13922,65.6833143234253
13923,65.6833143234253
13924,76.6833143234253
13925,76.6833143234253
13926,76.6833143234253
13927,87.65403366088867
13928,87.65403366088867
13929,87.65403366088867
13930,87.65403366088867
13931,98.5685338973999
13932,98.5685338973999
13933,98.5685338973999
13934,98.5685338973999
13935,109.53013896942139
13936,109.53013896942139
13937,109.53013896942139
13938,98.53013896942139
13939,98.53013896942139
13940,109.53013896942139
13941,120.42327117919922
13942,120.42327117919922
13943,120.42327117919922
13944,120.42327117919922
13945,131.1731367111206
13946,131.1731367111206
13947,142.10362339019775
13948,142.10362339019775
13949,131.17759132385254
13950,131.17759132385254
13951,142.1377248764038
13952,142.1377248764038
13953,142.1377248764038
13954,153.07104682922363
13955,164.07104682922363
13956,164.07104682922363
13957,164.07104682922363
13958,164.07104682922363
13959,174.901686668396
13960,164.0055923461914
13961,164.0055923461914
13962,164.0055923461914
13963,164.2075548171997
13964,153.23683547973633
13965,164.23683547973633
13966,164.23683547973633
13967,175.23683547973633
13968,164.3437032699585
13969,175.32741451263428
13970,175.32741451263428
13971,186.32741451263428
13972,186.32741451263428
13973,186.32741451263428
13974,186.32741451263428
13975,186.32741451263428
13976,186.32741451263428
13977,186.32741451263428
13978,186.32741451263428
13979,186.32741451263428
13980,186.32741451263428
13981,186.32741451263428
13982,186.32741451263428
13983,186.32741451263428
13984,186.32741451263428
13985,197.2699089050293
13986,197.2699089050293
13987,197.2699089050293
13988,186.3083038330078
13989,186.3083038330078
13990,186.3083038330078
13991,197.29701614379883
13992,197.29701614379883
13993,197.29701614379883
13994,208.189528465271
13995,208.189528465271
13996,208.189528465271
13997,219.1537046432495
13998,208.1537046432495
13999,219.1537046432495
14000,219.1537046432495
14001,229.2932300567627
14002,218.2932300567627
14003,218.2932300567627
14004,218.2932300567627
14005,218.2932300567627
14006,218.2932300567627
14007,218.2932300567627
14008,218.2932300567627
14009,218.2932300567627
14010,218.2932300567627
14011,218.2932300567627
14012,218.2932300567627
14013,197.1537046432495
14014,197.1537046432495
14015,197.1537046432495
14016,186.23920440673828
14017,186.23920440673828
14018,197.1619005203247
14019,197.1619005203247
14020,197.1619005203247
14021,186.33126068115234
14022,186.33126068115234
14023,186.33126068115234
14024,175.40711212158203
14025,175.40711212158203
14026,186.35616779327393
14027,186.35616779327393
14028,197.35616779327393
14029,197.35616779327393
14030,219.24515628814697
14031,219.24515628814697
14032,219.24515628814697
14033,219.24515628814697
14034,219.24515628814697
14035,219.24515628814697
14036,208.27850914001465
14037,197.27850914001465
14038,197.27850914001465
14039,197.27850914001465
14040,197.27850914001465
14041,197.28092765808105
14042,197.28092765808105
14043,197.28092765808105
14044,219.14990043640137
14045,219.14990043640137
14046,230.05658149719238
14047,230.05658149719238
14048,230.05658149719238
14049,230.05658149719238
14050,219.2307472229004
14051,219.2307472229004
14052,230.15519523620605
14053,241.13317966461182
14054,252.1216335296631
14055,262.98208713531494
14056,262.98208713531494
14057,262.98208713531494
14058,262.98208713531494
14059,251.98208713531494
14060,251.98208713531494
14061,262.960000038147
14062,262.960000038147
14063,273.9499731063843
14064,273.9499731063843
14065,273.9499731063843
14066,273.9499731063843
14067,273.9499731063843
14068,273.9499731063843
14069,262.9499731063843
14070,262.9499731063843
14071,262.9499731063843
14072,262.9499731063843
14073,262.90540313720703
14074,273.86541175842285
14075,262.9427156448364
14076,262.9427156448364
14077,262.9427156448364
14078,262.9427156448364
14079,262.9427156448364
14080,284.88540267944336
14081,284.88540267944336
14082,284.88540267944336
14083,306.81991958618164
14084,328.6817846298218
14085,328.6817846298218
14086,328.6817846298218
14087,328.6817846298218
14088,317.6817846298218
14089,317.6817846298218
14090,306.77510356903076
14091,306.77510356903076
14092,306.77510356903076
14093,306.77510356903076
14094,295.9146499633789
14095,295.9146499633789
14096,295.9146499633789
14097,295.9146499633789
14098,295.9146499633789
14099,295.9146499633789
14100,317.78787994384766
14101,317.78787994384766
14102,317.78787994384766
14103,306.8573932647705
14104,306.8573932647705
14105,295.93294525146484
14106,284.98111724853516
14107,284.98111724853516
14108,284.98111724853516
14109,284.98111724853516
14110,284.98111724853516
14111,295.90523624420166
14112,295.90523624420166
14113,295.90523624420166
14114,295.90523624420166
14115,295.90523624420166
14116,295.90523624420166
14117,295.90523624420166
14118,295.90523624420166
14119,295.90523624420166
14120,295.90523624420166
14121,295.95980739593506
14122,306.935941696167
14123,306.935941696167
14124,317.64355850219727
14125,328.4572286605835
14126,317.4572286605835
14127,317.4572286605835
14128,317.4572286605835
14129,317.4572286605835
14130,317.4572286605835
14131,317.4572286605835
14132,317.4572286605835
14133,317.4572286605835
14134,328.4015254974365
14135,339.386944770813
14136,339.386944770813
14137,350.3372802734375
14138,350.3372802734375
14139,350.3372802734375
14140,361.35508823394775
14141,350.41259384155273
14142,361.3950996398926
14143,361.3950996398926
14144,361.3950996398926
14145,361.3950996398926
14146,372.3031997680664
14147,372.3031997680664
14148,361.3390235900879
14149,350.44142055511475
14150,350.44142055511475
14151,350.44142055511475
14152,350.44142055511475
14153,339.6277503967285
14154,350.6249694824219
14155,350.6249694824219
14156,350.6249694824219
14157,339.6925172805786
14158,339.6925172805786
14159,350.6763725280762
14160,350.6763725280762
14161,339.9687557220459
14162,339.9687557220459
14163,339.9687557220459
14164,339.9687557220459
14165,339.9687557220459
14166,339.9687557220459
14167,339.9687557220459
14168,339.9687557220459
14169,350.9632625579834
14170,350.9632625579834
14171,339.9632625579834
14172,339.9632625579834
14173,339.9632625579834
14174,339.9632625579834
14175,329.01896572113037
14176,339.97210216522217
14177,318.0789041519165
14178,307.08637714385986
14179,296.1262435913086
14180,296.1262435913086
14181,307.0904483795166
14182,285.19351863861084
14183,285.19351863861084
14184,285.19351863861084
14185,285.19351863861084
14186,285.19351863861084
14187,285.14314460754395
14188,296.0815439224243
14189,296.0815439224243
14190,296.0815439224243
14191,296.0815439224243
14192,296.0815439224243
14193,296.0815439224243
14194,296.0815439224243
14195,285.15398120880127
14196,285.15398120880127
14197,296.1309413909912
14198,296.1309413909912
14199,296.1309413909912
14200,296.1309413909912
14201,296.1309413909912
14202,296.1309413909912
14203,296.1309413909912
14204,296.1309413909912
14205,296.1309413909912
14206,296.1309413909912
14207,296.1309413909912
14208,296.1309413909912
14209,296.1309413909912
14210,296.1309413909912
14211,285.2228412628174
14212,285.2228412628174
14213,274.2374219894409
14214,274.2374219894409
14215,274.2374219894409
14216,274.2374219894409
14217,274.2374219894409
14218,274.2374219894409
14219,263.3031196594238
14220,263.3031196594238
14221,263.3031196594238
14222,252.36566925048828
14223,252.36566925048828
14224,252.36566925048828
14225,252.36566925048828
14226,252.36566925048828
14227,241.377215385437
14228,241.377215385437
14229,230.3827085494995
14230,230.3827085494995
14231,230.3827085494995
14232,241.1927719116211
14233,241.1927719116211
14234,241.1927719116211
14235,241.1927719116211
14236,241.1927719116211
14237,241.1927719116211
14238,230.2085838317871
14239,219.2443790435791
14240,219.2443790435791
14241,219.2443790435791
14242,219.2443790435791
14243,219.2443790435791
14244,219.2443790435791
14245,219.2443790435791
14246,219.2443790435791
14247,219.2443790435791
14248,219.2443790435791
14249,219.2443790435791
14250,219.2443790435791
14251,230.20927047729492
14252,230.20927047729492
14253,230.20927047729492
14254,219.233136177063
14255,219.233136177063
14256,219.233136177063
14257,219.233136177063
14258,219.233136177063
14259,208.4230728149414
14260,208.4230728149414
14261,197.4330997467041
14262,197.4330997467041
14263,197.4330997467041
14264,197.4330997467041
14265,197.4330997467041
14266,197.4330997467041
14267,197.4330997467041
14268,197.4330997467041
14269,197.4330997467041
14270,197.4330997467041
14271,197.4330997467041
14272,197.4330997467041
14273,197.4330997467041
14274,197.4330997467041
14275,186.47278881072998
14276,186.47278881072998
14277,186.47278881072998
14278,186.47278881072998
14279,186.47278881072998
14280,186.47278881072998
14281,186.47278881072998
14282,186.47278881072998
14283,175.51965236663818
14284,164.5359411239624
14285,164.5359411239624
14286,164.5359411239624
14287,164.5359411239624
14288,164.5359411239624
14289,164.5359411239624
14290,164.5359411239624
14291,164.5359411239624
14292,164.5359411239624
14293,164.5359411239624
14294,164.5359411239624
14295,164.5359411239624
14296,142.61962890625
14297,142.61962890625
14298,142.61962890625
14299,142.61962890625
14300,142.61962890625
14301,142.61962890625
14302,142.61962890625
14303,142.61962890625
14304,142.61962890625
14305,142.61962890625
14306,142.61962890625
14307,142.61962890625
14308,142.61962890625
14309,142.61962890625
14310,142.61962890625
14311,142.61962890625
14312,142.61962890625
14313,131.64266872406006
14314,131.64266872406006
14315,131.64266872406006
14316,131.64266872406006
14317,131.64266872406006
14318,131.64266872406006
14319,131.64266872406006
14320,131.64266872406006
14321,131.64266872406006
14322,131.64266872406006
14323,131.64266872406006
14324,131.64266872406006
14325,131.64266872406006
14326,131.64266872406006
14327,131.64266872406006
14328,120.68266010284424
14329,120.68266010284424
14330,120.68266010284424
14331,120.68266010284424
14332,120.68266010284424
14333,109.7001543045044
14334,109.7001543045044
14335,109.7001543045044
14336,98.74165534973145
14337,98.74165534973145
14338,87.80878067016602
14339,87.80878067016602
14340,87.80878067016602
14341,87.80878067016602
14342,87.80878067016602
14343,87.80878067016602
14344,87.80878067016602
14345,87.80878067016602
14346,87.80878067016602
14347,87.80878067016602
14348,87.80878067016602
14349,87.80878067016602
14350,76.8584451675415
14351,76.8584451675415
14352,76.8584451675415
14353,76.8584451675415
14354,76.8584451675415
14355,76.8584451675415
14356,76.8584451675415
14357,76.8584451675415
14358,76.8584451675415
14359,65.8828182220459
14360,65.8828182220459
14361,65.8828182220459
14362,65.8828182220459
14363,65.8828182220459
14364,65.8828182220459
14365,65.8828182220459
14366,65.8828182220459
14367,54.90483379364014
14368,54.90483379364014
14369,54.90483379364014
14370,43.9077672958374
14371,43.9077672958374
14372,43.9077672958374
14373,43.9077672958374
14374,43.9077672958374
14375,43.9077672958374
14376,43.9077672958374
14377,43.9077672958374
14378,43.9077672958374
14379,43.9077672958374
14380,43.9077672958374
14381,43.9077672958374
14382,43.9077672958374
14383,43.9077672958374
14384,43.9077672958374
14385,43.9077672958374
14386,43.9077672958374
14387,43.9077672958374
14388,32.94287586212158
14389,32.94287586212158
14390,32.94287586212158
14391,32.94287586212158
14392,32.94287586212158
14393,32.94287586212158
14394,32.94287586212158
14395,32.94287586212158
14396,32.94287586212158
14397,32.94287586212158
14398,32.94287586212158
14399,32.94287586212158
14400,32.94287586212158
14401,32.94287586212158
14402,32.94287586212158
14403,32.94287586212158
14404,21.981074333190918
14405,21.981074333190918
14406,21.981074333190918
14407,21.981074333190918
14408,21.981074333190918
14409,21.981074333190918
14410,21.981074333190918
14411,21.981074333190918
14412,21.981074333190918
14413,21.981074333190918
14414,21.981074333190918
14415,21.981074333190918
14416,21.981074333190918
14417,21.981074333190918
14418,21.981074333190918
14419,21.981074333190918
14420,21.981074333190918
14421,10.99721908569336
14422,10.99721908569336
14423,10.99721908569336
14424,10.99721908569336
14425,10.99721908569336
14426,10.99721908569336
14427,10.99721908569336
14428,10.99721908569336
14429,10.99721908569336
14430,10.99721908569336
14431,10.99721908569336
14432,10.99721908569336
14433,10.99721908569336
14434,10.99721908569336
14435,10.99721908569336
14436,10.99721908569336
14437,10.99721908569336
14438,10.99721908569336
14439,10.99721908569336
14440,10.99721908569336
14441,10.99721908569336
14442,10.99721908569336
14443,10.99721908569336
14444,10.99721908569336
14445,10.99721908569336
14446,10.99721908569336
14447,10.99721908569336
14448,10.99721908569336
14449,10.99721908569336
14450,0.0
14451,0.0
14452,0.0
14453,0.0
14454,0.0
14455,0.0
14456,0.0
14457,0.0
14458,0.0
14459,0.0
14460,0.0
14461,0.0
14462,0.0
14463,0.0
14464,0.0
14465,0.0
14466,0.0
14467,0.0
14468,10.99569034576416
14469,10.99569034576416
14470,10.99569034576416
14471,10.99569034576416
14472,10.99569034576416
14473,10.99569034576416
14474,10.99569034576416
14475,21.930625915527344
14476,21.930625915527344
14477,21.930625915527344
14478,21.930625915527344
14479,21.930625915527344
14480,21.930625915527344
14481,21.930625915527344
14482,21.930625915527344
14483,21.930625915527344
14484,21.930625915527344
14485,21.930625915527344
14486,21.930625915527344
14487,21.930625915527344
14488,32.888264656066895
14489,32.888264656066895
14490,32.888264656066895
14491,32.888264656066895
14492,32.888264656066895
14493,32.888264656066895
14494,32.888264656066895
14495,32.888264656066895
14496,32.888264656066895
14497,32.888264656066895
14498,32.888264656066895
14499,32.888264656066895
14500,32.888264656066895
14501,32.888264656066895
14502,32.888264656066895
14503,32.888264656066895
14504,32.888264656066895
14505,32.888264656066895
14506,32.888264656066895
14507,32.888264656066895
14508,32.888264656066895
14509,32.888264656066895
14510,32.888264656066895
14511,32.888264656066895
14512,32.888264656066895
14513,32.888264656066895
14514,32.888264656066895
14515,32.888264656066895
14516,32.888264656066895
14517,32.888264656066895
14518,32.888264656066895
14519,32.888264656066895
14520,32.888264656066895
14521,32.888264656066895
14522,32.888264656066895
14523,32.888264656066895
14524,32.888264656066895
14525,32.888264656066895
14526,32.888264656066895
14527,32.888264656066895
14528,32.888264656066895
14529,32.888264656066895
14530,32.888264656066895
14531,32.888264656066895
14532,32.888264656066895
14533,32.888264656066895
14534,32.888264656066895
14535,32.888264656066895
14536,32.888264656066895
14537,32.888264656066895
14538,32.888264656066895
14539,32.888264656066895
14540,32.888264656066895
14541,32.888264656066895
14542,32.888264656066895
14543,32.888264656066895
14544,32.888264656066895
14545,32.888264656066895
14546,32.888264656066895
14547,32.888264656066895
14548,32.888264656066895
14549,32.888264656066895
14550,32.888264656066895
14551,32.888264656066895
14552,32.888264656066895
14553,32.888264656066895
14554,32.888264656066895
14555,32.888264656066895
14556,32.888264656066895
14557,32.888264656066895
14558,32.888264656066895
14559,32.888264656066895
14560,32.888264656066895
14561,32.888264656066895
14562,32.888264656066895
14563,32.888264656066895
14564,32.888264656066895
14565,32.888264656066895
14566,32.888264656066895
14567,32.888264656066895
14568,32.888264656066895
14569,32.888264656066895
14570,32.888264656066895
14571,32.888264656066895
14572,32.888264656066895
14573,32.888264656066895
14574,32.888264656066895
14575,21.930625915527344
14576,21.930625915527344
14577,21.930625915527344
14578,21.930625915527344
14579,21.930625915527344
14580,21.930625915527344
14581,21.930625915527344
14582,21.930625915527344
14583,21.930625915527344
14584,21.930625915527344
14585,21.930625915527344
14586,21.930625915527344
14587,21.930625915527344
14588,21.930625915527344
14589,21.930625915527344
14590,21.930625915527344
14591,21.930625915527344
14592,21.930625915527344
14593,21.930625915527344
14594,21.930625915527344
14595,21.930625915527344
14596,21.930625915527344
14597,21.930625915527344
14598,21.930625915527344
14599,21.930625915527344
14600,21.930625915527344
14601,21.930625915527344
14602,21.930625915527344
14603,32.930625915527344
14604,32.930625915527344
14605,32.930625915527344
14606,32.930625915527344
14607,21.99569034576416
14608,21.99569034576416
14609,21.99569034576416
14610,21.99569034576416
14611,21.99569034576416
14612,21.99569034576416
14613,21.99569034576416
14614,21.99569034576416
14615,21.99569034576416
14616,21.99569034576416
14617,21.99569034576416
14618,21.99569034576416
14619,21.99569034576416
14620,21.99569034576416
14621,21.99569034576416
14622,21.99569034576416
14623,21.99569034576416
14624,21.99569034576416
14625,21.99569034576416
14626,21.99569034576416
14627,21.99569034576416
14628,21.99569034576416
14629,21.99569034576416
14630,21.99569034576416
14631,21.99569034576416
14632,21.99569034576416
14633,21.99569034576416
14634,21.99569034576416
14635,21.99569034576416
14636,21.99569034576416
14637,21.99569034576416
14638,21.99569034576416
14639,21.99569034576416
14640,32.2960090637207
14641,32.2960090637207
14642,32.2960090637207
14643,32.2960090637207
14644,32.2960090637207
14645,32.2960090637207
14646,32.2960090637207
14647,255.9705696105957
14648,255.9705696105957
14649,32.2960090637207
14650,32.2960090637207
14651,32.2960090637207
14652,32.2960090637207
14653,32.2960090637207
14654,32.2960090637207
14655,21.99569034576416
14656,21.99569034576416
14657,21.99569034576416
14658,21.99569034576416
14659,21.99569034576416
14660,21.99569034576416
14661,11.0
14662,11.0
14663,11.0
14664,11.0
14665,11.0
14666,11.0
14667,11.0
14668,11.0
14669,11.0
14670,11.0
14671,11.0
14672,11.0
14673,11.0
14674,11.0
14675,11.0
14676,11.0
14677,11.0
14678,11.0
14679,11.0
14680,11.0
14681,11.0
14682,21.946805953979492
14683,21.946805953979492
14684,21.946805953979492
14685,21.946805953979492
14686,21.946805953979492
14687,21.946805953979492
14688,21.946805953979492
14689,21.946805953979492
14690,21.946805953979492
14691,21.946805953979492
14692,21.946805953979492
14693,21.946805953979492
14694,21.946805953979492
14695,21.946805953979492
14696,21.946805953979492
14697,21.946805953979492
14698,21.946805953979492
14699,21.946805953979492
14700,21.946805953979492
14701,21.946805953979492
14702,21.946805953979492
14703,21.946805953979492
14704,21.946805953979492
14705,21.946805953979492
14706,21.946805953979492
14707,21.946805953979492
14708,21.946805953979492
14709,21.946805953979492
14710,21.946805953979492
14711,21.946805953979492
14712,21.946805953979492
14713,21.946805953979492
14714,21.946805953979492
14715,21.946805953979492
14716,21.946805953979492
14717,21.946805953979492
14718,21.946805953979492
14719,21.946805953979492
14720,21.946805953979492
14721,21.946805953979492
14722,21.946805953979492
14723,21.946805953979492
14724,21.946805953979492
14725,21.946805953979492
14726,21.946805953979492
14727,21.946805953979492
14728,21.946805953979492
14729,21.946805953979492
14730,21.946805953979492
14731,21.946805953979492
14732,21.946805953979492
14733,21.946805953979492
14734,21.946805953979492
14735,21.946805953979492
14736,21.946805953979492
14737,21.946805953979492
14738,21.946805953979492
14739,21.946805953979492
14740,10.946805953979492
14741,10.946805953979492
14742,10.946805953979492
14743,10.946805953979492
14744,10.946805953979492
14745,10.946805953979492
14746,10.946805953979492
14747,10.946805953979492
14748,10.946805953979492
14749,10.946805953979492
14750,10.946805953979492
14751,21.845882415771484
14752,21.845882415771484
14753,21.845882415771484
14754,21.845882415771484
14755,21.845882415771484
14756,21.845882415771484
14757,21.845882415771484
14758,21.845882415771484
14759,21.845882415771484
14760,21.845882415771484
14761,21.845882415771484
14762,21.845882415771484
14763,21.845882415771484
14764,21.845882415771484
14765,21.845882415771484
14766,21.845882415771484
14767,21.845882415771484
14768,21.845882415771484
14769,21.845882415771484
14770,21.845882415771484
14771,21.845882415771484
14772,21.845882415771484
14773,21.845882415771484
14774,21.845882415771484
14775,21.845882415771484
14776,21.845882415771484
14777,21.845882415771484
14778,21.845882415771484
14779,21.845882415771484
14780,21.845882415771484
14781,21.845882415771484
14782,50.213932037353516
14783,50.213932037353516
14784,43.84076499938965
14785,43.84076499938965
14786,43.84076499938965
14787,43.84076499938965
14788,43.84076499938965
14789,54.84076499938965
14790,54.84076499938965
14791,54.84076499938965
14792,54.84076499938965
14793,54.84076499938965
14794,54.84076499938965
14795,54.84076499938965
14796,54.84076499938965
14797,54.84076499938965
14798,54.84076499938965
14799,54.84076499938965
14800,54.84076499938965
14801,54.84076499938965
14802,54.84076499938965
14803,54.84076499938965
14804,54.84076499938965
14805,54.84076499938965
14806,54.84076499938965
14807,54.84076499938965
14808,54.84076499938965
14809,76.78361892700195
14810,76.78361892700195
14811,76.78361892700195
14812,76.78361892700195
14813,76.78361892700195
14814,76.78361892700195
14815,76.78361892700195
14816,76.78361892700195
14817,76.78361892700195
14818,76.78361892700195
14819,76.78361892700195
14820,76.78361892700195
14821,76.78361892700195
14822,87.78361892700195
14823,98.74946880340576
14824,109.73965454101562
14825,98.84057807922363
14826,98.84057807922363
14827,98.84057807922363
14828,98.84057807922363
14829,98.84057807922363
14830,98.84057807922363
14831,98.84057807922363
14832,98.84057807922363
14833,98.84057807922363
14834,98.84057807922363
14835,98.84057807922363
14836,98.84057807922363
14837,98.84057807922363
14838,98.84057807922363
14839,98.84057807922363
14840,98.84057807922363
14841,98.84057807922363
14842,98.84057807922363
14843,98.84057807922363
14844,98.84057807922363
14845,98.84057807922363
14846,98.84057807922363
14847,109.82332515716553
14848,98.87651920318604
14849,98.87651920318604
14850,98.87651920318604
14851,98.87651920318604
14852,98.87651920318604
14853,109.85856342315674
14854,109.85856342315674
14855,109.85856342315674
14856,109.85856342315674
14857,120.85856342315674
14858,109.85856342315674
14859,109.85856342315674
14860,109.85856342315674
14861,109.85856342315674
14862,109.85856342315674
14863,109.85856342315674
14864,109.85856342315674
14865,109.85856342315674
14866,109.85856342315674
14867,109.85856342315674
14868,109.85856342315674
14869,109.85856342315674
14870,109.85856342315674
14871,109.85856342315674
14872,109.85856342315674
14873,109.85856342315674
14874,109.85856342315674
14875,109.85856342315674
14876,109.85856342315674
14877,109.85856342315674
14878,109.85856342315674
14879,109.85856342315674
14880,109.85856342315674
14881,120.81146049499512
14882,120.81146049499512
14883,120.81146049499512
14884,120.81146049499512
14885,131.79696559906006
14886,131.79696559906006
14887,131.79696559906006
14888,131.79696559906006
14889,142.67049884796143
14890,175.17200469970703
14891,175.17200469970703
14892,186.09999179840088
14893,186.09999179840088
14894,186.09999179840088
14895,175.09999179840088
14896,175.09999179840088
14897,175.09999179840088
14898,175.09999179840088
14899,175.09999179840088
14900,175.09999179840088
14901,175.09999179840088
14902,175.09999179840088
14903,175.09999179840088
14904,175.09999179840088
14905,175.06512355804443
14906,175.06512355804443
14907,175.06512355804443
14908,175.06512355804443
14909,186.02098846435547
14910,175.35211181640625
14911,175.35211181640625
14912,175.35211181640625
14913,175.35211181640625
14914,175.35211181640625
14915,175.35211181640625
14916,164.35211563110352
14917,164.35211563110352
14918,164.35211563110352
14919,164.35211563110352
14920,164.35211563110352
14921,164.35211563110352
14922,164.35211563110352
14923,164.35211563110352
14924,164.35211563110352
14925,153.3862657546997
14926,153.3862657546997
14927,153.3862657546997
14928,164.3783655166626
14929,164.3783655166626
14930,164.3783655166626
14931,164.3783655166626
14932,164.3783655166626
14933,164.3783655166626
14934,175.28782844543457
14935,175.28782844543457
14936,175.28782844543457
14937,175.28782844543457
14938,175.28782844543457
14939,175.28782844543457
14940,175.28782844543457
14941,175.28782844543457
14942,175.28782844543457
14943,164.30232334136963
14944,164.30232334136963
14945,164.28998279571533
14946,164.28998279571533
14947,164.28998279571533
14948,164.28998279571533
14949,164.28998279571533
14950,153.37250232696533
14951,153.37250232696533
14952,153.37250232696533
14953,164.30441665649414
14954,164.30441665649414
14955,164.30441665649414
14956,164.30441665649414
14957,164.30441665649414
14958,175.04065799713135
14959,175.04065799713135
14960,175.04065799713135
14961,175.04065799713135
14962,164.16712474822998
14963,164.16712474822998
14964,153.1843776702881
14965,153.1843776702881
14966,142.2692289352417
14967,153.20873737335205
14968,164.1880588531494
14969,164.1880588531494
14970,164.1880588531494
14971,164.1880588531494
14972,164.1880588531494
14973,164.1880588531494
14974,164.1880588531494
14975,164.1880588531494
14976,164.1880588531494
14977,164.1880588531494
14978,164.1880588531494
14979,164.1880588531494
14980,164.1880588531494
14981,164.1880588531494
14982,153.27859592437744
14983,153.27859592437744
14984,164.25076961517334
14985,173.30590915679932
14986,162.34077739715576
14987,173.27074813842773
14988,173.27074813842773
14989,173.27074813842773
14990,153.22072219848633
14991,153.22072219848633
14992,153.22072219848633
14993,142.48448085784912
14994,153.377703666687
14995,153.377703666687
14996,153.377703666687
14997,153.377703666687
14998,153.377703666687
14999,153.377703666687
15000,153.377703666687
15001,153.377703666687
15002,153.377703666687
15003,131.49483585357666
15004,131.49483585357666
15005,131.49483585357666
15006,131.49483585357666
15007,131.49483585357666
15008,131.49483585357666
15009,131.49483585357666
15010,131.49483585357666
15011,120.5046501159668
15012,120.5046501159668
15013,120.5046501159668
15014,109.5226058959961
15015,109.5226058959961
15016,109.46471500396729
15017,120.17131233215332
15018,120.17131233215332
15019,120.17131233215332
15020,120.17131233215332
15021,120.17131233215332
15022,120.17131233215332
15023,120.17131233215332
15024,120.17131233215332
15025,120.17131233215332
15026,120.17131233215332
15027,120.17131233215332
15028,120.17131233215332
15029,120.17131233215332
15030,120.17131233215332
15031,120.17131233215332
15032,120.17131233215332
15033,120.17131233215332
15034,120.17131233215332
15035,120.17131233215332
15036,109.24332523345947
15037,109.24332523345947
15038,98.25122547149658
15039,98.25122547149658
15040,98.25122547149658
15041,98.25122547149658
15042,98.25122547149658
15043,109.24975109100342
15044,109.24975109100342
15045,109.24975109100342
15046,109.24975109100342
15047,109.24975109100342
15048,109.24975109100342
15049,98.54315376281738
15050,98.54315376281738
15051,98.54315376281738
15052,98.54315376281738
15053,98.54315376281738
15054,98.54315376281738
15055,98.54315376281738
15056,98.54315376281738
15057,98.54315376281738
15058,98.54315376281738
15059,98.54315376281738
15060,98.54315376281738
15061,98.54315376281738
15062,98.54315376281738
15063,98.54315376281738
15064,98.54315376281738
15065,98.54315376281738
15066,98.54315376281738
15067,98.54315376281738
15068,87.57098007202148
15069,87.57098007202148
15070,87.57098007202148
15071,87.57098007202148
15072,76.58336162567139
15073,76.58336162567139
15074,76.58336162567139
15075,76.58336162567139
15076,76.58336162567139
15077,76.58336162567139
15078,76.58336162567139
15079,76.58336162567139
15080,76.58336162567139
15081,76.58336162567139
15082,76.58336162567139
15083,76.58336162567139
15084,76.58336162567139
15085,76.58336162567139
15086,65.6901388168335
15087,54.73427391052246
15088,54.73427391052246
15089,43.79137897491455
15090,43.79137897491455
15091,54.78304481506348
15092,54.78304481506348
15093,54.78304481506348
15094,54.78304481506348
15095,54.78304481506348
15096,54.78304481506348
15097,43.90902137756348
15098,43.90902137756348
15099,43.90902137756348
15100,43.90902137756348
15101,43.90902137756348
15102,43.90902137756348
15103,32.969512939453125
15104,32.969512939453125
15105,32.969512939453125
15106,32.969512939453125
15107,32.969512939453125
15108,32.969512939453125
15109,21.97098731994629
15110,21.97098731994629
15111,21.97098731994629
15112,21.97098731994629
15113,21.97098731994629
15114,21.97098731994629
15115,32.9669189453125
15116,32.9669189453125
15117,32.9669189453125
15118,32.9669189453125
15119,32.9669189453125
15120,32.9669189453125
15121,32.9669189453125
15122,32.9669189453125
15123,32.9669189453125
15124,32.9669189453125
15125,32.9669189453125
15126,32.9669189453125
15127,32.9669189453125
15128,32.9669189453125
15129,32.9669189453125
15130,32.9669189453125
15131,32.9669189453125
15132,32.9669189453125
15133,32.9669189453125
15134,32.9669189453125
15135,32.9669189453125
15136,32.9669189453125
15137,32.9669189453125
15138,32.9669189453125
15139,32.9669189453125
15140,32.9669189453125
15141,32.9669189453125
15142,32.9669189453125
15143,32.9669189453125
15144,32.9669189453125
15145,43.9669189453125
15146,43.9669189453125
15147,43.9669189453125
15148,43.9669189453125
15149,371.4621887207031
15150,371.4621887207031
15151,371.4621887207031
15152,382.394944190979
15153,54.89967441558838
15154,54.89967441558838
15155,54.89967441558838
15156,54.89967441558838
15157,54.89967441558838
15158,54.89967441558838
15159,54.89967441558838
15160,54.89967441558838
15161,54.89967441558838
15162,54.89967441558838
15163,54.89967441558838
15164,54.89967441558838
15165,65.88221073150635
15166,65.88221073150635
15167,65.88221073150635
15168,65.88221073150635
15169,65.88221073150635
15170,65.88221073150635
15171,76.80692195892334
15172,76.80692195892334
15173,76.80692195892334
15174,76.80692195892334
15175,76.80692195892334
15176,76.80692195892334
15177,76.80692195892334
15178,76.80692195892334
15179,76.80692195892334
15180,76.80692195892334
15181,65.82760047912598
15182,65.82760047912598
15183,65.82760047912598
15184,65.82760047912598
15185,65.82760047912598
15186,65.82760047912598
15187,65.82760047912598
15188,65.82760047912598
15189,65.82760047912598
15190,65.82760047912598
15191,65.82760047912598
15192,65.82760047912598
15193,65.82760047912598
15194,65.82760047912598
15195,65.82760047912598
15196,65.82760047912598
15197,65.82760047912598
15198,65.82760047912598
15199,65.82760047912598
15200,65.82760047912598
15201,76.7548770904541
15202,76.7548770904541
15203,76.7548770904541
15204,76.7548770904541
15205,76.7548770904541
15206,76.7548770904541
15207,76.7548770904541
15208,87.6532506942749
15209,98.59471702575684
15210,98.59471702575684
15211,87.60305118560791
15212,87.60305118560791
15213,87.60305118560791
15214,87.60305118560791
15215,98.50862121582031
15216,98.50862121582031
15217,98.50862121582031
15218,98.50862121582031
15219,98.50862121582031
15220,98.50862121582031
15221,98.50862121582031
15222,98.50862121582031
15223,76.58390998840332
15224,76.58390998840332
15225,76.58390998840332
15226,76.58390998840332
15227,76.58390998840332
15228,76.58390998840332
15229,76.58390998840332
15230,76.58390998840332
15231,76.58390998840332
15232,76.58390998840332
15233,76.58390998840332
15234,76.58390998840332
15235,76.58390998840332
15236,76.58390998840332
15237,76.58390998840332
15238,76.58390998840332
15239,76.58390998840332
15240,76.58390998840332
15241,87.41155052185059
15242,87.41155052185059
15243,87.41155052185059
15244,98.06910133361816
15245,98.06910133361816
15246,98.06910133361816
15247,98.06910133361816
15248,98.06910133361816
15249,98.06910133361816
15250,98.06910133361816
15251,98.06910133361816
15252,87.17072772979736
15253,87.17072772979736
15254,87.17072772979736
15255,87.17072772979736
15256,87.17072772979736
15257,87.17072772979736
15258,87.17072772979736
15259,87.17072772979736
15260,87.17072772979736
15261,87.17072772979736
15262,87.17072772979736
15263,87.17072772979736
15264,87.17072772979736
15265,87.17072772979736
15266,87.17072772979736
15267,98.05884647369385
15268,98.05884647369385
15269,109.02529335021973
15270,87.37181091308594
15271,87.37181091308594
15272,87.37181091308594
15273,87.37181091308594
15274,87.37181091308594
15275,76.54417037963867
15276,76.54417037963867
15277,76.54417037963867
15278,76.54417037963867
15279,76.54417037963867
15280,76.54417037963867
15281,76.54417037963867
15282,76.54417037963867
15283,65.61689376831055
15284,65.61689376831055
15285,65.61689376831055
15286,65.61689376831055
15287,54.67542743682861
15288,54.67542743682861
15289,54.67542743682861
15290,43.742671966552734
15291,43.742671966552734
15292,43.742671966552734
15293,43.742671966552734
15294,43.742671966552734
15295,32.83710193634033
15296,32.83710193634033
15297,32.83710193634033
15298,32.83710193634033
15299,32.83710193634033
15300,32.83710193634033
15301,32.83710193634033
15302,32.83710193634033
15303,32.83710193634033
15304,32.83710193634033
15305,32.83710193634033
15306,32.83710193634033
15307,32.83710193634033
15308,32.83710193634033
15309,32.83710193634033
15310,32.83710193634033
15311,32.83710193634033
15312,43.83710193634033
15313,43.83710193634033
15314,43.83710193634033
15315,43.83710193634033
15316,43.83710193634033
15317,43.83710193634033
15318,43.83710193634033
15319,43.83710193634033
15320,43.83710193634033
15321,43.83710193634033
15322,43.83710193634033
15323,43.83710193634033
15324,43.83710193634033
15325,43.83710193634033
15326,43.83710193634033
15327,43.83710193634033
15328,43.83710193634033
15329,43.83710193634033
15330,43.83710193634033
15331,43.83710193634033
15332,43.83710193634033
15333,54.80084228515625
15334,54.80084228515625
15335,54.80084228515625
15336,54.80084228515625
15337,54.80084228515625
15338,54.80084228515625
15339,54.80084228515625
15340,54.80084228515625
15341,54.80084228515625
15342,43.80084228515625
15343,43.80084228515625
15344,43.80084228515625
15345,32.912723541259766
15346,32.912723541259766
15347,43.89900875091553
15348,54.89900875091553
15349,43.93256187438965
15350,43.93256187438965
15351,43.93256187438965
15352,54.93256187438965
15353,54.93256187438965
15354,54.93256187438965
15355,54.93256187438965
15356,54.93256187438965
15357,54.93256187438965
15358,54.93256187438965
15359,54.93256187438965
15360,54.93256187438965
15361,65.88226413726807
15362,65.88226413726807
15363,65.88226413726807
15364,65.88226413726807
15365,65.88226413726807
15366,65.88226413726807
15367,65.88226413726807
15368,65.88226413726807
15369,76.88226413726807
15370,76.88226413726807
15371,87.88226413726807
15372,87.88226413726807
15373,87.88226413726807
15374,87.88226413726807
15375,98.88226413726807
15376,98.88226413726807
15377,98.88226413726807
15378,98.88226413726807
15379,98.88226413726807
15380,98.88226413726807
15381,98.88226413726807
15382,98.88226413726807
15383,98.88226413726807
15384,98.88226413726807
15385,98.88226413726807
15386,98.88226413726807
15387,87.8997278213501
15388,87.8997278213501
15389,87.8997278213501
15390,87.8997278213501
15391,87.8997278213501
15392,87.8997278213501
15393,87.8997278213501
15394,87.8997278213501
15395,76.8997278213501
15396,76.8997278213501
15397,76.8997278213501
15398,76.8997278213501
15399,76.8997278213501
15400,76.8997278213501
15401,76.8997278213501
15402,76.8997278213501
15403,87.88914203643799
15404,87.88914203643799
15405,87.88914203643799
15406,87.88914203643799
15407,87.88914203643799
15408,87.88914203643799
15409,87.88914203643799
15410,87.88914203643799
15411,87.88914203643799
15412,87.88914203643799
15413,87.88914203643799
15414,87.88914203643799
15415,98.8375358581543
15416,98.8375358581543
15417,98.8375358581543
15418,109.8375358581543
15419,109.8375358581543
15420,109.8375358581543
15421,120.82008457183838
15422,120.82008457183838
15423,120.82008457183838
15424,120.82008457183838
15425,120.82008457183838
15426,120.82008457183838
15427,131.76699542999268
15428,131.76699542999268
15429,131.76699542999268
15430,131.76699542999268
15431,131.76699542999268
15432,131.76699542999268
15433,120.76699542999268
15434,120.76699542999268
15435,120.76699542999268
15436,120.76699542999268
15437,120.76699542999268
15438,120.76699542999268
15439,131.71775817871094
15440,131.71775817871094
15441,142.69990158081055
15442,142.69990158081055
15443,153.6369342803955
15444,153.6369342803955
15445,142.6731939315796
15446,142.6731939315796
15447,142.6731939315796
15448,142.6731939315796
15449,131.6731939315796
15450,153.53056240081787
15451,153.53056240081787
15452,153.53056240081787
15453,153.53056240081787
15454,153.53056240081787
15455,153.53056240081787
15456,164.52524852752686
15457,164.52524852752686
15458,164.52524852752686
15459,175.49341678619385
15460,175.49341678619385
15461,164.49341678619385
15462,164.49341678619385
15463,186.4144287109375
15464,186.4144287109375
15465,186.4144287109375
15466,197.41352558135986
15467,208.3677158355713
15468,208.3677158355713
15469,208.3677158355713
15470,208.3677158355713
15471,208.3677158355713
15472,208.3677158355713
15473,219.3677158355713
15474,219.3677158355713
15475,230.36589336395264
15476,230.36589336395264
15477,230.36589336395264
15478,230.36589336395264
15479,230.36589336395264
15480,230.36589336395264
15481,230.36589336395264
15482,230.36589336395264
15483,230.36589336395264
15484,251.82681846618652
15485,251.82681846618652
15486,251.82681846618652
15487,251.82681846618652
15488,251.82681846618652
15489,251.82681846618652
15490,251.82681846618652
15491,251.82681846618652
15492,262.7010669708252
15493,273.63197326660156
15494,273.63197326660156
15495,273.63197326660156
15496,273.63197326660156
15497,284.4843559265137
15498,295.4603319168091
15499,295.4603319168091
15500,284.5134210586548
15501,295.5026445388794
15502,295.5026445388794
15503,295.5026445388794
15504,284.9947271347046
15505,284.9947271347046
15506,295.95437717437744
15507,295.9890193939209
15508,295.9890193939209
15509,295.9890193939209
15510,295.9890193939209
15511,295.9890193939209
15512,296.08824920654297
15513,296.08824920654297
15514,296.08824920654297
15515,274.08824920654297
15516,274.08824920654297
15517,285.05193996429443
15518,296.0015640258789
15519,285.07796478271484
15520,296.02981662750244
15521,296.02981662750244
15522,285.02981662750244
15523,295.98672676086426
15524,306.91875171661377
15525,306.91875171661377
15526,295.9362030029297
15527,317.63659286499023
15528,317.63659286499023
15529,317.63659286499023
15530,317.63659286499023
15531,317.63659286499023
15532,306.6995601654053
15533,328.59499645233154
15534,328.59499645233154
15535,339.579891204834
15536,339.579891204834
15537,328.5977478027344
15538,328.5977478027344
15539,317.74536514282227
15540,388.1529960632324
15541,317.74536514282227
15542,317.74536514282227
15543,317.74536514282227
15544,317.74536514282227
15545,317.74536514282227
15546,317.74536514282227
15547,317.74536514282227
15548,317.74536514282227
15549,317.74536514282227
15550,317.74536514282227
15551,317.7854528427124
15552,317.7854528427124
15553,317.7854528427124
15554,317.7854528427124
15555,328.6815423965454
15556,339.6510286331177
15557,317.8915672302246
15558,317.8915672302246
15559,317.8915672302246
15560,339.77134704589844
15561,350.7158098220825
15562,350.7158098220825
15563,350.20352363586426
15564,361.10959243774414
15565,361.10959243774414
15566,361.10959243774414
15567,350.11490631103516
15568,328.76982402801514
15569,328.76982402801514
15570,328.76982402801514
15571,328.76982402801514
15572,328.76982402801514
15573,328.76982402801514
15574,328.76982402801514
15575,339.75523853302
15576,339.75523853302
15577,339.75523853302
15578,328.80561447143555
15579,339.769380569458
15580,339.769380569458
15581,339.769380569458
15582,339.6861972808838
15583,328.75724506378174
15584,328.75724506378174
15585,328.75724506378174
15586,328.75724506378174
15587,328.75724506378174
15588,328.75724506378174
15589,328.75724506378174
15590,328.75724506378174
15591,328.75724506378174
15592,317.80885124206543
15593,317.80885124206543
15594,317.80885124206543
15595,317.80885124206543
15596,317.80885124206543
15597,317.80885124206543
15598,317.80885124206543
15599,317.80885124206543
15600,317.80885124206543
15601,317.80885124206543
15602,306.84068298339844
15603,295.886492729187
15604,306.8247480392456
15605,306.8247480392456
15606,306.8247480392456
15607,306.8247480392456
15608,306.8247480392456
15609,306.8247480392456
15610,295.83846282958984
15611,295.83846282958984
15612,284.881552696228
15613,284.881552696228
15614,284.881552696228
15615,284.881552696228
15616,284.881552696228
15617,284.881552696228
15618,273.9080743789673
15619,273.9080743789673
15620,273.9080743789673
15621,273.9080743789673
15622,273.9080743789673
15623,273.9080743789673
15624,273.9080743789673
15625,273.9080743789673
15626,273.9080743789673
15627,273.9080743789673
15628,273.9080743789673
15629,262.90989685058594
15630,262.90989685058594
15631,251.9416561126709
15632,251.9416561126709
15633,251.9416561126709
15634,251.9416561126709
15635,251.9416561126709
15636,251.9416561126709
15637,251.9416561126709
15638,241.03558731079102
15639,230.10468101501465
15640,230.10468101501465
15641,230.10468101501465
15642,230.10468101501465
15643,230.10468101501465
15644,241.10468101501465
15645,230.10468101501465
15646,219.1450309753418
15647,219.1450309753418
15648,219.1450309753418
15649,197.28525066375732
15650,197.23646545410156
15651,197.23646545410156
15652,197.23646545410156
15653,197.23646545410156
15654,197.23646545410156
15655,197.23646545410156
15656,197.23646545410156
15657,197.23646545410156
15658,197.23646545410156
15659,197.23646545410156
15660,197.23646545410156
15661,197.23646545410156
15662,197.23646545410156
15663,197.23646545410156
15664,197.23646545410156
15665,197.23646545410156
15666,197.23646545410156
15667,197.23646545410156
15668,197.23646545410156
15669,197.23646545410156
15670,175.37409782409668
15671,175.37409782409668
15672,175.37409782409668
15673,175.37409782409668
15674,175.37409782409668
15675,175.37409782409668
15676,175.37409782409668
15677,164.38869285583496
15678,164.38869285583496
15679,164.38869285583496
15680,153.39128017425537
15681,153.39128017425537
15682,153.39128017425537
15683,153.4044704437256
15684,142.4190559387207
15685,142.4190559387207
15686,142.4190559387207
15687,142.4190559387207
15688,131.42926597595215
15689,131.42926597595215
15690,120.49101066589355
15691,120.49101066589355
15692,120.49101066589355
15693,131.42328929901123
15694,131.42328929901123
15695,131.42328929901123
15696,131.42328929901123
15697,131.42328929901123
15698,131.42328929901123
15699,131.42328929901123
15700,131.42328929901123
15701,131.42328929901123
15702,131.42328929901123
15703,131.42328929901123
15704,120.50737571716309
15705,120.50737571716309
15706,120.50737571716309
15707,120.50737571716309
15708,120.50737571716309
15709,120.50737571716309
15710,120.50737571716309
15711,109.554368019104
15712,109.554368019104
15713,109.554368019104
15714,98.5651445388794
15715,87.60137844085693
15716,87.60137844085693
15717,87.60137844085693
15718,87.60137844085693
15719,87.60137844085693
15720,87.60137844085693
15721,87.60137844085693
15722,87.60137844085693
15723,87.60137844085693
15724,87.60137844085693
15725,98.58968162536621
15726,87.64521884918213
15727,87.64521884918213
15728,87.64521884918213
15729,87.64521884918213
15730,98.59273719787598
15731,98.59273719787598
15732,98.59273719787598
15733,98.59273719787598
15734,87.64088535308838
15735,87.64088535308838
15736,76.66490936279297
15737,76.66490936279297
15738,65.7326307296753
15739,65.7326307296753
15740,65.7326307296753
15741,65.7326307296753
15742,65.7326307296753
15743,65.7326307296753
15744,65.7326307296753
15745,65.7326307296753
15746,65.7326307296753
15747,65.7326307296753
15748,65.7326307296753
15749,65.7326307296753
15750,65.7326307296753
15751,65.7326307296753
15752,65.7326307296753
15753,65.7326307296753
15754,54.79652118682861
15755,54.79652118682861
15756,54.79652118682861
15757,54.79652118682861
15758,54.79652118682861
15759,54.79652118682861
15760,54.79652118682861
15761,54.79652118682861
15762,43.849002838134766
15763,43.849002838134766
15764,43.849002838134766
15765,43.849002838134766
15766,43.849002838134766
15767,43.849002838134766
15768,43.849002838134766
15769,43.849002838134766
15770,43.849002838134766
15771,43.849002838134766
15772,43.849002838134766
15773,43.849002838134766
15774,32.89817523956299
15775,32.89817523956299
15776,32.89817523956299
15777,32.89817523956299
15778,32.89817523956299
15779,32.89817523956299
15780,32.89817523956299
15781,32.89817523956299
15782,32.89817523956299
15783,32.89817523956299
15784,32.89817523956299
15785,32.89817523956299
15786,21.928689002990723
15787,21.928689002990723
15788,21.928689002990723
15789,21.928689002990723
15790,21.928689002990723
15791,21.928689002990723
15792,21.928689002990723
15793,21.928689002990723
15794,21.928689002990723
15795,21.928689002990723
15796,21.928689002990723
15797,21.928689002990723
15798,21.928689002990723
15799,21.928689002990723
15800,21.928689002990723
15801,21.928689002990723
15802,21.928689002990723
15803,21.928689002990723
15804,21.928689002990723
15805,21.928689002990723
15806,21.928689002990723
15807,21.928689002990723
15808,21.928689002990723
15809,21.928689002990723
15810,21.928689002990723
15811,21.928689002990723
15812,21.928689002990723
15813,21.928689002990723
15814,21.928689002990723
15815,21.928689002990723
15816,21.928689002990723
15817,21.928689002990723
15818,21.928689002990723
15819,21.928689002990723
15820,21.928689002990723
15821,21.928689002990723
15822,21.928689002990723
15823,21.928689002990723
15824,21.928689002990723
15825,21.928689002990723
15826,21.928689002990723
15827,21.928689002990723
15828,21.928689002990723
15829,21.928689002990723
15830,21.928689002990723
15831,21.928689002990723
15832,21.928689002990723
15833,21.928689002990723
15834,21.928689002990723
15835,21.928689002990723
15836,21.928689002990723
15837,21.928689002990723
15838,21.928689002990723
15839,21.928689002990723
15840,21.928689002990723
15841,21.928689002990723
15842,21.928689002990723
15843,21.928689002990723
15844,21.928689002990723
15845,21.928689002990723
15846,21.928689002990723
15847,21.928689002990723
15848,21.928689002990723
15849,21.928689002990723
15850,21.928689002990723
15851,21.928689002990723
15852,21.928689002990723
15853,21.928689002990723
15854,21.928689002990723
15855,21.928689002990723
15856,21.928689002990723
15857,21.928689002990723
15858,10.988303184509277
15859,10.988303184509277
15860,10.988303184509277
15861,10.988303184509277
15862,10.988303184509277
15863,10.988303184509277
15864,10.988303184509277
15865,10.988303184509277
15866,10.988303184509277
15867,10.988303184509277
15868,10.988303184509277
15869,10.988303184509277
15870,10.988303184509277
15871,10.988303184509277
15872,10.988303184509277
15873,10.988303184509277
15874,10.988303184509277
15875,10.988303184509277
15876,10.988303184509277
15877,10.988303184509277
15878,10.988303184509277
15879,10.988303184509277
15880,10.988303184509277
15881,10.988303184509277
15882,10.988303184509277
15883,10.988303184509277
15884,10.988303184509277
15885,10.988303184509277
15886,10.988303184509277
15887,10.988303184509277
15888,10.988303184509277
15889,10.988303184509277
15890,10.988303184509277
15891,10.988303184509277
15892,10.988303184509277
15893,10.988303184509277
15894,10.988303184509277
15895,10.988303184509277
15896,10.988303184509277
15897,10.988303184509277
15898,10.988303184509277
15899,10.988303184509277
15900,10.988303184509277
15901,10.988303184509277
15902,10.988303184509277
15903,10.988303184509277
15904,10.988303184509277
15905,10.988303184509277
15906,10.988303184509277
15907,10.988303184509277
15908,10.988303184509277
15909,10.988303184509277
15910,10.988303184509277
15911,10.988303184509277
15912,10.988303184509277
15913,10.988303184509277
15914,10.988303184509277
15915,10.988303184509277
15916,0.0
15917,0.0
15918,0.0
15919,0.0
15920,0.0
15921,0.0
15922,0.0
15923,0.0
15924,0.0
15925,0.0
15926,0.0
15927,0.0
15928,0.0
15929,0.0
15930,0.0
15931,0.0
15932,0.0
15933,0.0
15934,0.0
15935,0.0
15936,0.0
15937,0.0
15938,0.0
15939,0.0
15940,0.0
15941,0.0
15942,0.0
15943,0.0
15944,0.0
15945,0.0
15946,0.0
15947,0.0
15948,0.0
15949,0.0
15950,0.0
15951,0.0
15952,0.0
15953,0.0
15954,0.0
15955,0.0
15956,0.0
15957,0.0
15958,0.0
15959,0.0
15960,0.0
15961,0.0
15962,0.0
15963,0.0
15964,0.0
15965,0.0
15966,0.0
15967,0.0
15968,0.0
15969,0.0
15970,0.0
15971,0.0
15972,0.0
15973,0.0
15974,0.0
15975,0.0
15976,0.0
15977,0.0
15978,0.0
15979,0.0
15980,0.0
15981,0.0
15982,0.0
15983,0.0
15984,0.0
15985,0.0
15986,0.0
15987,0.0
15988,0.0
15989,0.0
15990,0.0
15991,0.0
15992,0.0
15993,0.0
15994,0.0
15995,10.73788833618164
15996,10.73788833618164
15997,10.73788833618164
15998,10.73788833618164
15999,10.73788833618164
16000,10.73788833618164
16001,10.73788833618164
16002,10.73788833618164
16003,10.73788833618164
16004,10.73788833618164
16005,10.73788833618164
16006,10.73788833618164
16007,10.73788833618164
16008,10.73788833618164
16009,10.73788833618164
16010,10.73788833618164
16011,10.73788833618164
16012,10.73788833618164
16013,0.0
16014,0.0
16015,0.0
16016,0.0
16017,0.0
16018,0.0
16019,0.0
16020,0.0
16021,0.0
16022,0.0
16023,0.0
16024,0.0
16025,0.0
16026,0.0
16027,0.0
16028,0.0
16029,0.0
16030,0.0
16031,0.0
16032,0.0
16033,0.0
16034,0.0
16035,0.0
16036,0.0
16037,0.0
16038,0.0
16039,0.0
16040,0.0
16041,0.0
16042,0.0
16043,0.0
16044,0.0
16045,0.0
16046,0.0
16047,0.0
16048,0.0
16049,0.0
16050,0.0
16051,0.0
16052,0.0
16053,0.0
16054,0.0
16055,0.0
16056,0.0
16057,0.0
16058,0.0
16059,0.0
16060,0.0
16061,0.0
16062,0.0
16063,0.0
16064,0.0
16065,0.0
16066,0.0
16067,0.0
16068,0.0
16069,0.0
16070,0.0
16071,0.0
16072,0.0
16073,0.0
16074,0.0
16075,0.0
16076,0.0
16077,0.0
16078,0.0
16079,0.0
16080,0.0
16081,0.0
16082,0.0
16083,0.0
16084,0.0
16085,0.0
16086,0.0
16087,0.0
16088,0.0
16089,0.0
16090,0.0
16091,0.0
16092,0.0
16093,0.0
16094,0.0
16095,0.0
16096,0.0
16097,0.0
16098,0.0
16099,10.665446281433105
16100,10.665446281433105
16101,10.665446281433105
16102,10.665446281433105
16103,10.665446281433105
16104,10.665446281433105
16105,10.665446281433105
16106,10.665446281433105
16107,10.665446281433105
16108,10.665446281433105
16109,10.665446281433105
16110,10.665446281433105
16111,10.665446281433105
16112,10.665446281433105
16113,10.665446281433105
16114,10.665446281433105
16115,10.665446281433105
16116,10.665446281433105
16117,10.665446281433105
16118,0.0
16119,0.0
16120,0.0
16121,0.0
16122,0.0
16123,0.0
16124,0.0
16125,0.0
16126,0.0
16127,0.0
16128,0.0
16129,0.0
16130,0.0
16131,0.0
16132,0.0
16133,0.0
16134,0.0
16135,0.0
16136,0.0
16137,0.0
16138,0.0
16139,0.0
16140,0.0
16141,0.0
16142,0.0
16143,11.0
16144,11.0
16145,11.0
16146,11.0
16147,11.0
16148,11.0
16149,11.0
16150,11.0
16151,11.0
16152,11.0
16153,11.0
16154,11.0
16155,11.0
16156,11.0
16157,11.0
16158,11.0
16159,11.0
16160,11.0
16161,11.0
16162,11.0
16163,11.0
16164,11.0
16165,11.0
16166,11.0
16167,11.0
16168,11.0
16169,21.919448852539062
16170,21.919448852539062
16171,21.919448852539062
16172,21.919448852539062
16173,21.919448852539062
16174,21.919448852539062
16175,21.919448852539062
16176,21.919448852539062
16177,21.919448852539062
16178,21.919448852539062
16179,21.919448852539062
16180,21.919448852539062
16181,21.919448852539062
16182,21.919448852539062
16183,21.919448852539062
16184,21.919448852539062
16185,21.919448852539062
16186,21.919448852539062
16187,21.919448852539062
16188,21.919448852539062
16189,21.919448852539062
16190,21.919448852539062
16191,21.919448852539062
16192,21.919448852539062
16193,21.919448852539062
16194,21.919448852539062
16195,21.919448852539062
16196,21.919448852539062
16197,21.919448852539062
16198,21.919448852539062
16199,21.919448852539062
16200,21.919448852539062
16201,21.919448852539062
16202,87.85124206542969
16203,21.919448852539062
16204,21.919448852539062
16205,21.919448852539062
16206,21.919448852539062
16207,21.919448852539062
16208,21.919448852539062
16209,21.919448852539062
16210,21.919448852539062
16211,21.919448852539062
16212,21.919448852539062
16213,21.919448852539062
16214,21.919448852539062
16215,21.919448852539062
16216,21.919448852539062
16217,21.919448852539062
16218,21.919448852539062
16219,21.919448852539062
16220,32.89802265167236
16221,32.89802265167236
16222,32.89802265167236
16223,32.89802265167236
16224,32.89802265167236
16225,43.80000877380371
16226,43.80000877380371
16227,43.80000877380371
16228,43.80000877380371
16229,43.80000877380371
16230,54.75385570526123
16231,54.75385570526123
16232,54.75385570526123
16233,54.75385570526123
16234,54.75385570526123
16235,43.75385570526123
16236,43.75385570526123
16237,43.75385570526123
16238,43.75385570526123
16239,32.83440685272217
16240,32.83440685272217
16241,32.83440685272217
16242,32.83440685272217
16243,32.83440685272217
16244,32.83440685272217
16245,32.83440685272217
16246,32.83440685272217
16247,32.83440685272217
16248,32.83440685272217
16249,32.83440685272217
16250,32.83440685272217
16251,43.82689189910889
16252,43.82689189910889
16253,43.82689189910889
16254,43.82689189910889
16255,43.82689189910889
16256,43.82689189910889
16257,43.82689189910889
16258,43.82689189910889
16259,43.82689189910889
16260,43.82689189910889
16261,54.79593849182129
16262,54.79593849182129
16263,54.79593849182129
16264,54.79593849182129
16265,54.79593849182129
16266,54.79593849182129
16267,54.79593849182129
16268,54.79593849182129
16269,54.79593849182129
16270,54.79593849182129
16271,54.79593849182129
16272,54.79593849182129
16273,54.79593849182129
16274,54.79593849182129
16275,54.79593849182129
16276,54.79593849182129
16277,54.79593849182129
16278,54.79593849182129
16279,54.79593849182129
16280,54.79593849182129
16281,54.79593849182129
16282,54.79593849182129
16283,65.7529182434082
16284,65.7529182434082
16285,76.65090274810791
16286,76.65090274810791
16287,76.65090274810791
16288,87.60682010650635
16289,87.60682010650635
16290,87.60682010650635
16291,87.60682010650635
16292,87.60682010650635
16293,87.60682010650635
16294,87.60682010650635
16295,76.704833984375
16296,76.704833984375
16297,76.704833984375
16298,76.704833984375
16299,76.704833984375
16300,87.66621208190918
16301,87.66621208190918
16302,87.66621208190918
16303,98.57009029388428
16304,98.57009029388428
16305,98.57009029388428
16306,98.57009029388428
16307,98.57009029388428
16308,98.57009029388428
16309,98.57009029388428
16310,109.55650424957275
16311,109.55650424957275
16312,109.55650424957275
16313,109.55650424957275
16314,109.55650424957275
16315,109.55650424957275
16316,109.55650424957275
16317,109.55650424957275
16318,109.55650424957275
16319,109.55650424957275
16320,109.55650424957275
16321,109.55650424957275
16322,109.55650424957275
16323,120.42743396759033
16324,109.43494892120361
16325,109.43494892120361
16326,120.32402324676514
16327,131.01898860931396
16328,131.01898860931396
16329,131.01898860931396
16330,141.80628490447998
16331,141.80628490447998
16332,141.80628490447998
16333,141.80628490447998
16334,141.80628490447998
16335,141.80628490447998
16336,141.80628490447998
16337,141.80628490447998
16338,141.80628490447998
16339,141.80628490447998
16340,141.80628490447998
16341,141.80628490447998
16342,142.09094715118408
16343,142.09094715118408
16344,142.09094715118408
16345,142.09094715118408
16346,142.09094715118408
16347,131.19296264648438
16348,131.19296264648438
16349,131.19296264648438
16350,131.19296264648438
16351,131.19296264648438
16352,131.19296264648438
16353,142.0892333984375
16354,142.0892333984375
16355,142.0892333984375
16356,142.0892333984375
16357,142.0892333984375
16358,163.99980354309082
16359,163.99980354309082
16360,163.99980354309082
16361,153.09592533111572
16362,153.09592533111572
16363,153.09592533111572
16364,153.09592533111572
16365,164.04028797149658
16366,153.08437061309814
16367,164.01925468444824
16368,164.01925468444824
16369,164.01925468444824
16370,153.23195838928223
16371,153.23195838928223
16372,153.23195838928223
16373,164.17323970794678
16374,164.17323970794678
16375,164.17323970794678
16376,153.21939277648926
16377,153.21939277648926
16378,164.13487339019775
16379,153.15629959106445
16380,153.15629959106445
16381,153.15629959106445
16382,153.15629959106445
16383,153.15629959106445
16384,153.15629959106445
16385,153.15629959106445
16386,153.15629959106445
16387,164.07086658477783
16388,174.95070362091064
16389,174.95070362091064
16390,174.95070362091064
16391,174.95070362091064
16392,185.91930866241455
16393,185.91930866241455
16394,175.03023433685303
16395,175.03023433685303
16396,175.03023433685303
16397,164.15930461883545
16398,164.15930461883545
16399,164.15930461883545
16400,175.05042934417725
16401,185.84051322937012
16402,185.84051322937012
16403,196.84051322937012
16404,196.84051322937012
16405,196.87913513183594
16406,196.87913513183594
16407,196.87913513183594
16408,196.87913513183594
16409,196.87913513183594
16410,196.87913513183594
16411,196.87913513183594
16412,196.87913513183594
16413,196.87913513183594
16414,196.87913513183594
16415,196.87913513183594
16416,196.87913513183594
16417,196.87913513183594
16418,207.82177352905273
16419,207.82177352905273
16420,207.82177352905273
16421,207.82177352905273
16422,207.82177352905273
16423,196.88049221038818
16424,196.88049221038818
16425,196.88049221038818
16426,207.8682222366333
16427,207.8682222366333
16428,207.8682222366333
16429,218.83514499664307
16430,218.83514499664307
16431,218.83514499664307
16432,218.83514499664307
16433,218.83514499664307
16434,218.83514499664307
16435,218.83514499664307
16436,218.83514499664307
16437,218.83514499664307
16438,218.83514499664307
16439,218.83514499664307
16440,229.74749755859375
16441,229.74749755859375
16442,229.74749755859375
16443,229.74749755859375
16444,229.74749755859375
16445,218.76108360290527
16446,218.76108360290527
16447,218.57616996765137
16448,218.57616996765137
16449,218.57616996765137
16450,218.57616996765137
16451,207.7860860824585
16452,207.7860860824585
16453,207.7860860824585
16454,196.88981533050537
16455,196.88981533050537
16456,196.88981533050537
16457,196.88981533050537
16458,185.88981533050537
16459,185.88981533050537
16460,196.8808298110962
16461,185.9897050857544
16462,185.9897050857544
16463,185.9897050857544
16464,185.9897050857544
16465,185.9897050857544
16466,185.9897050857544
16467,185.9897050857544
16468,185.9897050857544
16469,185.9897050857544
16470,185.9897050857544
16471,185.9897050857544
16472,185.9897050857544
16473,185.9897050857544
16474,185.9897050857544
16475,175.10986804962158
16476,153.32617664337158
16477,153.32617664337158
16478,153.32617664337158
16479,164.22035694122314
16480,164.15380859375
16481,164.15380859375
16482,164.15380859375
16483,164.12886428833008
16484,521.076361656189
16485,521.076361656189
16486,175.07306575775146
16487,175.07306575775146
16488,175.07306575775146
16489,153.154128074646
16490,153.19714832305908
16491,153.19714832305908
16492,153.19714832305908
16493,131.32190227508545
16494,131.32190227508545
16495,131.32190227508545
16496,131.32190227508545
16497,131.32190227508545
16498,131.32190227508545
16499,131.32190227508545
16500,131.32190227508545
16501,131.32190227508545
16502,131.32190227508545
16503,131.32190227508545
16504,131.32190227508545
16505,131.32190227508545
16506,131.32190227508545
16507,131.32190227508545
16508,131.32190227508545
16509,131.32190227508545
16510,131.32190227508545
16511,131.32190227508545
16512,131.32190227508545
16513,131.32190227508545
16514,131.32190227508545
16515,131.32190227508545
16516,131.32190227508545
16517,131.32190227508545
16518,131.32190227508545
16519,131.32190227508545
16520,131.32190227508545
16521,131.32190227508545
16522,131.32190227508545
16523,131.32190227508545
16524,120.38701820373535
16525,120.38701820373535
16526,109.44265556335449
16527,109.44265556335449
16528,109.44265556335449
16529,109.44265556335449
16530,109.44265556335449
16531,109.44265556335449
16532,109.44265556335449
16533,109.44265556335449
16534,109.44265556335449
16535,109.44265556335449
16536,109.44265556335449
16537,109.44265556335449
16538,109.44265556335449
16539,109.44265556335449
16540,98.59372329711914
16541,98.59372329711914
16542,109.56215476989746
16543,109.56215476989746
16544,109.56215476989746
16545,98.6747465133667
16546,98.6747465133667
16547,98.6747465133667
16548,98.6747465133667
16549,98.64330959320068
16550,87.70067119598389
16551,87.70067119598389
16552,87.70067119598389
16553,87.70067119598389
16554,87.70067119598389
16555,87.70067119598389
16556,87.70067119598389
16557,98.69310569763184
16558,98.69310569763184
16559,98.69310569763184
16560,98.69310569763184
16561,98.69310569763184
16562,98.69310569763184
16563,98.69310569763184
16564,98.69310569763184
16565,109.64477062225342
16566,109.64477062225342
16567,109.64477062225342
16568,109.64477062225342
16569,109.64477062225342
16570,109.64477062225342
16571,98.64477062225342
16572,98.64477062225342
16573,98.64477062225342
16574,98.64477062225342
16575,98.64477062225342
16576,98.64477062225342
16577,87.6763391494751
16578,87.6763391494751
16579,87.6763391494751
16580,87.6763391494751
16581,87.6763391494751
16582,87.6763391494751
16583,87.6763391494751
16584,87.6763391494751
16585,87.6763391494751
16586,87.6763391494751
16587,87.6763391494751
16588,87.6763391494751
16589,87.6763391494751
16590,87.6763391494751
16591,87.6763391494751
16592,87.6763391494751
16593,87.6763391494751
16594,87.6763391494751
16595,87.6763391494751
16596,87.6763391494751
16597,87.6763391494751
16598,87.6763391494751
16599,87.6763391494751
16600,87.6763391494751
16601,87.6763391494751
16602,87.6763391494751
16603,87.6763391494751
16604,98.6763391494751
16605,98.6763391494751
16606,98.6763391494751
16607,98.6763391494751
16608,98.6763391494751
16609,98.6763391494751
16610,98.6763391494751
16611,98.6763391494751
16612,98.6763391494751
16613,98.6763391494751
16614,98.6763391494751
16615,98.6763391494751
16616,98.6763391494751
16617,98.6763391494751
16618,87.73213768005371
16619,87.73213768005371
16620,76.86939430236816
16621,76.86939430236816
16622,76.86939430236816
16623,87.72986602783203
16624,87.72986602783203
16625,76.74213600158691
16626,76.74213600158691
16627,76.74213600158691
16628,87.49094104766846
16629,87.49094104766846
16630,87.49094104766846
16631,87.49094104766846
16632,87.49094104766846
16633,87.49094104766846
16634,87.49094104766846
16635,87.49094104766846
16636,76.49992656707764
16637,76.49992656707764
16638,76.49992656707764
16639,76.49992656707764
16640,65.7511215209961
16641,65.7511215209961
16642,65.7511215209961
16643,65.7511215209961
16644,65.7511215209961
16645,65.7511215209961
16646,65.7511215209961
16647,65.7511215209961
16648,65.7511215209961
16649,65.7511215209961
16650,65.7511215209961
16651,65.7511215209961
16652,65.7511215209961
16653,65.7511215209961
16654,65.7511215209961
16655,65.7511215209961
16656,65.7511215209961
16657,65.7511215209961
16658,65.7511215209961
16659,65.7511215209961
16660,65.7511215209961
16661,65.7511215209961
16662,76.70637798309326
16663,76.70637798309326
16664,76.70637798309326
16665,76.70637798309326
16666,76.70637798309326
16667,76.70637798309326
16668,76.70637798309326
16669,76.70637798309326
16670,76.70637798309326
16671,76.70637798309326
16672,76.70637798309326
16673,76.70637798309326
16674,76.70637798309326
16675,65.75471305847168
16676,65.75471305847168
16677,54.787790298461914
16678,54.787790298461914
16679,54.787790298461914
16680,54.787790298461914
16681,54.787790298461914
16682,54.787790298461914
16683,54.787790298461914
16684,54.787790298461914
16685,54.787790298461914
16686,54.787790298461914
16687,54.787790298461914
16688,43.795355796813965
16689,43.795355796813965
16690,43.795355796813965
16691,43.795355796813965
16692,43.795355796813965
16693,43.795355796813965
16694,43.795355796813965
16695,54.751808166503906
16696,54.751808166503906
16697,54.751808166503906
16698,54.751808166503906
16699,54.751808166503906
16700,54.751808166503906
16701,43.89133644104004
16702,43.89133644104004
16703,43.89133644104004
16704,43.89133644104004
16705,43.89133644104004
16706,43.89133644104004
16707,43.89133644104004
16708,43.89133644104004
16709,43.89133644104004
16710,43.89133644104004
16711,43.89133644104004
16712,43.89133644104004
16713,43.89133644104004
16714,43.89133644104004
16715,43.89133644104004
16716,43.89133644104004
16717,43.89133644104004
16718,43.89133644104004
16719,43.89133644104004
16720,43.89133644104004
16721,43.89133644104004
16722,43.89133644104004
16723,43.89133644104004
16724,43.89133644104004
16725,43.89133644104004
16726,43.89133644104004
16727,43.89133644104004
16728,43.89133644104004
16729,32.91170883178711
16730,32.91170883178711
16731,32.91170883178711
16732,21.95645236968994
16733,21.95645236968994
16734,21.95645236968994
16735,21.95645236968994
16736,21.95645236968994
16737,21.95645236968994
16738,21.95645236968994
16739,21.95645236968994
16740,21.95645236968994
16741,21.95645236968994
16742,21.95645236968994
16743,21.95645236968994
16744,21.95645236968994
16745,21.95645236968994
16746,21.95645236968994
16747,32.82761287689209
16748,32.82761287689209
16749,32.82761287689209
16750,32.82761287689209
16751,32.82761287689209
16752,32.82761287689209
16753,32.82761287689209
16754,32.82761287689209
16755,32.82761287689209
16756,32.82761287689209
16757,32.82761287689209
16758,32.82761287689209
16759,43.627577781677246
16760,43.627577781677246
16761,43.627577781677246
16762,32.82761287689209
16763,32.82761287689209
16764,32.82761287689209
16765,32.82761287689209
16766,32.82761287689209
16767,21.95645236968994
16768,21.95645236968994
16769,21.95645236968994
16770,21.95645236968994
16771,21.95645236968994
16772,21.95645236968994
16773,21.95645236968994
16774,21.95645236968994
16775,21.95645236968994
16776,21.95645236968994
16777,21.95645236968994
16778,21.95645236968994
16779,21.95645236968994
16780,21.95645236968994
16781,21.95645236968994
16782,21.95645236968994
16783,21.95645236968994
16784,21.95645236968994
16785,21.95645236968994
16786,21.95645236968994
16787,21.95645236968994
16788,21.95645236968994
16789,21.95645236968994
16790,21.95645236968994
16791,21.95645236968994
16792,21.95645236968994
16793,21.95645236968994
16794,32.95645236968994
16795,32.95645236968994
16796,32.95645236968994
16797,32.95645236968994
16798,32.95645236968994
16799,43.88847351074219
16800,43.88847351074219
16801,43.88847351074219
16802,43.88847351074219
16803,43.88847351074219
16804,43.88847351074219
16805,54.86932945251465
16806,54.86932945251465
16807,54.86932945251465
16808,65.8653154373169
16809,65.8653154373169
16810,54.865315437316895
16811,54.865315437316895
16812,54.865315437316895
16813,65.8653154373169
16814,65.8653154373169
16815,54.90886306762695
16816,54.90886306762695
16817,54.90886306762695
16818,54.90886306762695
16819,54.90886306762695
16820,54.90886306762695
16821,65.90886306762695
16822,76.86024379730225
16823,76.86024379730225
16824,76.86024379730225
16825,98.8016242980957
16826,98.8016242980957
16827,109.7324161529541
16828,120.69491386413574
16829,120.69491386413574
16830,120.69491386413574
16831,120.69491386413574
16832,120.69491386413574
16833,120.69491386413574
16834,120.69491386413574
16835,120.69491386413574
16836,131.69491386413574
16837,131.69491386413574
16838,131.69491386413574
16839,131.69491386413574
16840,131.69491386413574
16841,131.69491386413574
16842,142.67793655395508
16843,142.67793655395508
16844,142.67793655395508
16845,153.63476371765137
16846,153.63476371765137
16847,153.63476371765137
16848,153.63476371765137
16849,153.62514400482178
16850,164.46295547485352
16851,164.46295547485352
16852,175.4550142288208
16853,186.45423698425293
16854,186.45423698425293
16855,197.45423698425293
16856,197.45423698425293
16857,219.42406845092773
16858,230.42406845092773
16859,230.42406845092773
16860,230.42406845092773
16861,241.40431118011475
16862,252.39764595031738
16863,252.39764595031738
16864,252.39764595031738
16865,252.39764595031738
16866,252.39764595031738
16867,252.39764595031738
16868,252.39764595031738
16869,252.39764595031738
16870,252.39764595031738
16871,252.39764595031738
16872,263.3481502532959
16873,263.3481502532959
16874,263.3481502532959
16875,263.3481502532959
16876,274.34625339508057
16877,274.34625339508057
16878,274.34625339508057
16879,296.2740488052368
16880,296.2740488052368
16881,296.2740488052368
16882,296.2740488052368
16883,296.2740488052368
16884,296.2740488052368
16885,307.2740488052368
16886,296.2740488052368
16887,296.2740488052368
16888,296.2740488052368
16889,307.25604343414307
16890,318.1711893081665
16891,307.1711893081665
16892,307.1711893081665
16893,318.1344299316406
16894,318.1344299316406
16895,329.12086391448975
16896,329.12086391448975
16897,329.12086391448975
16898,318.1794834136963
16899,329.15246868133545
16900,329.15246868133545
16901,318.3146572113037
16902,318.3146572113037
16903,318.3146572113037
16904,318.3146572113037
16905,318.3146572113037
16906,318.3146572113037
16907,318.2580862045288
16908,318.2580862045288
16909,318.2580862045288
16910,318.2580862045288
16911,318.2580862045288
16912,329.0829133987427
16913,329.0589895248413
16914,329.0589895248413
16915,340.03394889831543
16916,340.03394889831543
16917,329.03394889831543
16918,329.03394889831543
16919,329.03394889831543
16920,329.03394889831543
16921,339.98449325561523
16922,339.98449325561523
16923,339.98449325561523
16924,339.98449325561523
16925,339.98449325561523
16926,339.98449325561523
16927,339.98449325561523
16928,350.9729471206665
16929,350.9729471206665
16930,340.01044940948486
16931,340.01044940948486
16932,340.01044940948486
16933,329.01044940948486
16934,339.89885234832764
16935,339.89885234832764
16936,339.89885234832764
16937,339.89885234832764
16938,339.89885234832764
16939,339.89885234832764
16940,339.89885234832764
16941,339.89885234832764
16942,328.8996295928955
16943,328.8996295928955
16944,339.8793115615845
16945,350.8727111816406
16946,350.8727111816406
16947,350.8727111816406
16948,350.8727111816406
16949,328.9419193267822
16950,339.92030906677246
16951,350.82672214508057
16952,361.8227834701538
16953,361.8227834701538
16954,361.8227834701538
16955,350.3446378707886
16956,350.3446378707886
16957,339.3637819290161
16958,350.26669216156006
16959,350.26669216156006
16960,350.26669216156006
16961,350.26669216156006
16962,361.2059268951416
16963,361.2059268951416
16964,372.1893491744995
16965,372.1893491744995
16966,372.1893491744995
16967,383.06662464141846
16968,383.06662464141846
16969,383.06662464141846
16970,361.7239570617676
16971,361.7239570617676
16972,361.7239570617676
16973,361.7239570617676
16974,361.7239570617676
16975,361.7239570617676
16976,361.7239570617676
16977,361.7239570617676
16978,361.7239570617676
16979,361.7239570617676
16980,372.67665100097656
16981,361.7542495727539
16982,383.4971504211426
16983,372.5403232574463
16984,372.5403232574463
16985,372.5403232574463
16986,372.5403232574463
16987,383.5317277908325
16988,350.63112354278564
16989,339.63112354278564
16990,339.63112354278564
16991,339.63112354278564
16992,328.63112354278564
16993,328.63112354278564
16994,328.63112354278564
16995,328.63112354278564
16996,339.58548069000244
16997,339.58548069000244
16998,339.58548069000244
16999,339.58548069000244
17000,350.57342624664307
17001,339.5853910446167
17002,339.5853910446167
17003,339.5853910446167
17004,350.45584201812744
17005,350.45584201812744
17006,350.45584201812744
17007,339.5283851623535
17008,328.62547492980957
17009,339.45935440063477
17010,328.7111072540283
17011,306.80492210388184
17012,317.6799907684326
17013,328.6589593887329
17014,328.6589593887329
17015,339.4023656845093
17016,339.4023656845093
17017,339.4023656845093
17018,339.4023656845093
17019,339.4023656845093
17020,339.4023656845093
17021,339.4023656845093
17022,339.4023656845093
17023,328.413911819458
17024,328.413911819458
17025,317.52550888061523
17026,338.9318046569824
17027,338.9318046569824
17028,338.9318046569824
17029,349.9001865386963
17030,338.9474925994873
17031,338.9474925994873
17032,338.9474925994873
17033,338.9474925994873
17034,338.9474925994873
17035,338.9474925994873
17036,349.89525508880615
17037,349.89525508880615
17038,349.89525508880615
17039,360.8374891281128
17040,349.96021366119385
17041,349.96021366119385
17042,349.96021366119385
17043,349.96021366119385
17044,339.0897626876831
17045,328.146333694458
17046,328.146333694458
17047,317.3683385848999
17048,317.3683385848999
17049,295.7650785446167
17050,295.7650785446167
17051,306.7171325683594
17052,306.7171325683594
17053,295.7351379394531
17054,284.7845935821533
17055,284.7845935821533
17056,274.04118728637695
17057,263.07794666290283
17058,263.07794666290283
17059,263.07794666290283
17060,263.07794666290283
17061,252.04335975646973
17062,252.04335975646973
17063,252.04335975646973
17064,252.04335975646973
17065,252.04335975646973
17066,262.98669719696045
17067,252.0137119293213
17068,252.0137119293213
17069,252.0137119293213
17070,252.0137119293213
17071,241.1798324584961
17072,230.18482303619385
17073,230.18482303619385
17074,230.18482303619385
17075,230.18482303619385
17076,230.18482303619385
17077,230.18482303619385
17078,219.23046588897705
17079,219.23046588897705
17080,208.24744319915771
17081,208.24744319915771
17082,197.2640209197998
17083,197.2640209197998
17084,186.38895225524902
17085,186.38895225524902
17086,186.38895225524902
17087,186.38895225524902
17088,186.38895225524902
17089,186.38895225524902
17090,186.38895225524902
17091,186.38895225524902
17092,175.44118976593018
17093,164.49895572662354
17094,164.49895572662354
17095,164.49895572662354
17096,164.49895572662354
17097,164.49895572662354
17098,164.49895572662354
17099,164.49895572662354
17100,164.49895572662354
17101,164.49895572662354
17102,164.49895572662354
17103,164.49895572662354
17104,153.51927375793457
17105,153.51927375793457
17106,142.5508918762207
17107,142.5508918762207
17108,142.5508918762207
17109,142.5508918762207
17110,142.5508918762207
17111,142.5508918762207
17112,142.5508918762207
17113,142.5508918762207
17114,142.5508918762207
17115,142.5508918762207
17116,142.5508918762207
17117,142.5508918762207
17118,131.56445789337158
17119,131.56445789337158
17120,131.56445789337158
17121,131.56445789337158
17122,131.56445789337158
17123,131.56445789337158
17124,120.57305335998535
17125,109.62099933624268
17126,109.62099933624268
17127,109.62099933624268
17128,109.62099933624268
17129,98.64075660705566
17130,87.66178798675537
17131,87.66178798675537
17132,76.7918586730957
17133,76.7918586730957
17134,76.7918586730957
17135,76.7918586730957
17136,76.7918586730957
17137,76.7918586730957
17138,76.7918586730957
17139,76.7918586730957
17140,65.85262393951416
17141,65.85262393951416
17142,65.85262393951416
17143,65.85262393951416
17144,65.85262393951416
17145,65.85262393951416
17146,65.85262393951416
17147,65.85262393951416
17148,65.85262393951416
17149,65.85262393951416
17150,65.85262393951416
17151,65.85262393951416
17152,65.85262393951416
17153,65.85262393951416
17154,65.85262393951416
17155,54.864678382873535
17156,43.92738723754883
17157,43.92738723754883
17158,54.841925621032715
17159,54.841925621032715
17160,54.841925621032715
17161,54.841925621032715
17162,54.841925621032715
17163,54.841925621032715
17164,54.841925621032715
17165,54.841925621032715
17166,54.841925621032715
17167,54.841925621032715
17168,54.841925621032715
17169,54.841925621032715
17170,54.841925621032715
17171,54.841925621032715
17172,54.841925621032715
17173,54.841925621032715
17174,54.841925621032715
17175,54.841925621032715
17176,54.841925621032715
17177,54.841925621032715
17178,54.841925621032715
17179,54.841925621032715
17180,54.841925621032715
17181,54.841925621032715
17182,54.841925621032715
17183,43.84586429595947
17184,43.84586429595947
17185,43.84586429595947
17186,43.84586429595947
17187,43.84586429595947
17188,43.84586429595947
17189,43.84586429595947
17190,43.84586429595947
17191,43.84586429595947
17192,43.84586429595947
17193,43.84586429595947
17194,43.84586429595947
17195,54.797271728515625
17196,54.797271728515625
17197,54.797271728515625
17198,54.797271728515625
17199,54.797271728515625
17200,54.797271728515625
17201,54.797271728515625
17202,54.797271728515625
17203,54.797271728515625
17204,54.797271728515625
17205,54.797271728515625
17206,54.797271728515625
17207,54.797271728515625
17208,54.797271728515625
17209,54.797271728515625
17210,54.797271728515625
17211,54.797271728515625
17212,54.797271728515625
17213,54.797271728515625
17214,54.797271728515625
17215,54.797271728515625
17216,54.797271728515625
17217,43.8026180267334
17218,43.8026180267334
17219,43.8026180267334
17220,43.63291549682617
17221,43.63291549682617
17222,43.63291549682617
17223,43.63291549682617
17224,43.63291549682617
17225,43.63291549682617
17226,43.63291549682617
17227,43.63291549682617
17228,43.63291549682617
17229,43.63291549682617
17230,43.63291549682617
17231,43.63291549682617
17232,43.63291549682617
17233,43.63291549682617
17234,43.63291549682617
17235,43.63291549682617
17236,54.59397029876709
17237,54.59397029876709
17238,54.59397029876709
17239,54.59397029876709
17240,54.59397029876709
17241,54.59397029876709
17242,54.59397029876709
17243,54.59397029876709
17244,54.59397029876709
17245,54.59397029876709
17246,43.64256286621094
17247,43.64256286621094
17248,32.89772701263428
17249,32.89772701263428
17250,21.90439224243164
17251,21.90439224243164
17252,29.471561908721924
17253,29.471561908721924
17254,18.5282244682312
17255,10.961054801940918
17256,10.961054801940918
17257,10.961054801940918
17258,10.961054801940918
17259,10.961054801940918
17260,10.961054801940918
17261,10.961054801940918
17262,10.961054801940918
17263,10.961054801940918
17264,10.961054801940918
17265,10.961054801940918
17266,10.961054801940918
17267,10.961054801940918
17268,10.961054801940918
17269,10.961054801940918
17270,10.961054801940918
17271,10.961054801940918
17272,10.961054801940918
17273,10.961054801940918
17274,10.961054801940918
17275,10.961054801940918
17276,10.961054801940918
17277,10.961054801940918
17278,10.961054801940918
17279,10.961054801940918
17280,10.961054801940918
17281,10.961054801940918
17282,10.961054801940918
17283,10.961054801940918
17284,10.961054801940918
17285,10.961054801940918
17286,10.961054801940918
17287,10.961054801940918
17288,10.961054801940918
17289,10.961054801940918
17290,10.961054801940918
17291,10.961054801940918
17292,10.961054801940918
17293,10.961054801940918
17294,10.961054801940918
17295,10.961054801940918
17296,10.961054801940918
17297,10.961054801940918
17298,10.961054801940918
17299,10.961054801940918
17300,10.961054801940918
17301,10.961054801940918
17302,10.961054801940918
17303,10.961054801940918
17304,10.961054801940918
17305,10.961054801940918
17306,10.961054801940918
17307,10.961054801940918
17308,10.961054801940918
17309,10.961054801940918
17310,10.961054801940918
17311,10.961054801940918
17312,10.961054801940918
17313,10.961054801940918
17314,10.961054801940918
17315,10.961054801940918
17316,10.961054801940918
17317,10.961054801940918
17318,10.961054801940918
17319,10.961054801940918
17320,10.961054801940918
17321,10.961054801940918
17322,10.961054801940918
17323,10.961054801940918
17324,10.961054801940918
17325,10.961054801940918
17326,10.961054801940918
17327,10.961054801940918
17328,10.961054801940918
17329,10.961054801940918
17330,10.961054801940918
17331,10.961054801940918
17332,10.961054801940918
17333,10.961054801940918
17334,10.961054801940918
17335,10.961054801940918
17336,10.961054801940918
17337,10.961054801940918
17338,10.961054801940918
17339,10.961054801940918
17340,10.961054801940918
17341,10.961054801940918
17342,10.961054801940918
17343,10.961054801940918
17344,10.961054801940918
17345,10.961054801940918
17346,10.961054801940918
17347,10.961054801940918
17348,10.961054801940918
17349,10.961054801940918
17350,10.961054801940918
17351,10.961054801940918
17352,10.961054801940918
17353,10.961054801940918
17354,10.961054801940918
17355,10.961054801940918
17356,10.961054801940918
17357,10.961054801940918
17358,10.961054801940918
17359,10.961054801940918
17360,10.961054801940918
17361,10.961054801940918
17362,10.961054801940918
17363,10.961054801940918
17364,10.961054801940918
17365,10.961054801940918
17366,10.961054801940918
17367,10.961054801940918
17368,10.961054801940918
17369,10.961054801940918
17370,10.961054801940918
17371,10.961054801940918
17372,10.961054801940918
17373,10.961054801940918
17374,10.961054801940918
17375,10.961054801940918
17376,10.961054801940918
17377,10.961054801940918
17378,10.961054801940918
17379,10.961054801940918
17380,10.961054801940918
17381,10.961054801940918
17382,10.961054801940918
17383,10.961054801940918
17384,10.961054801940918
17385,10.961054801940918
17386,10.961054801940918
17387,10.961054801940918
17388,10.961054801940918
17389,10.961054801940918
17390,10.961054801940918
17391,10.961054801940918
17392,10.961054801940918
17393,10.961054801940918
17394,10.961054801940918
17395,10.961054801940918
17396,10.961054801940918
17397,10.961054801940918
17398,10.961054801940918
17399,10.961054801940918
17400,10.961054801940918
17401,10.961054801940918
17402,10.961054801940918
17403,10.961054801940918
17404,10.961054801940918
17405,10.961054801940918
17406,10.961054801940918
17407,10.961054801940918
17408,10.961054801940918
17409,10.961054801940918
17410,10.961054801940918
17411,10.961054801940918
17412,10.961054801940918
17413,10.961054801940918
17414,10.961054801940918
17415,10.961054801940918
17416,10.961054801940918
17417,10.961054801940918
17418,10.961054801940918
17419,10.961054801940918
17420,10.961054801940918
17421,10.961054801940918
17422,10.961054801940918
17423,10.961054801940918
17424,10.961054801940918
17425,10.961054801940918
17426,10.961054801940918
17427,10.961054801940918
17428,10.961054801940918
17429,10.961054801940918
17430,10.961054801940918
17431,10.961054801940918
17432,10.961054801940918
17433,10.961054801940918
17434,10.961054801940918
17435,10.961054801940918
17436,10.961054801940918
17437,10.961054801940918
17438,10.961054801940918
17439,10.961054801940918
17440,10.961054801940918
17441,10.961054801940918
17442,10.961054801940918
17443,10.961054801940918
17444,10.961054801940918
17445,10.961054801940918
17446,10.961054801940918
17447,10.961054801940918
17448,21.875473976135254
17449,21.875473976135254
17450,21.875473976135254
17451,21.875473976135254
17452,21.875473976135254
17453,21.875473976135254
17454,21.875473976135254
17455,21.875473976135254
17456,21.875473976135254
17457,21.875473976135254
17458,21.875473976135254
17459,21.875473976135254
17460,10.914419174194336
17461,10.914419174194336
17462,10.914419174194336
17463,10.914419174194336
17464,10.914419174194336
17465,10.914419174194336
17466,10.914419174194336
17467,10.914419174194336
17468,10.914419174194336
17469,10.914419174194336
17470,10.914419174194336
17471,10.914419174194336
17472,10.914419174194336
17473,10.914419174194336
17474,10.914419174194336
17475,10.914419174194336
17476,10.914419174194336
17477,10.914419174194336
17478,10.914419174194336
17479,10.914419174194336
17480,10.914419174194336
17481,10.914419174194336
17482,10.914419174194336
17483,10.914419174194336
17484,10.914419174194336
17485,10.914419174194336
17486,10.914419174194336
17487,10.914419174194336
17488,10.914419174194336
17489,10.914419174194336
17490,10.914419174194336
17491,10.914419174194336
17492,10.914419174194336
17493,10.914419174194336
17494,10.914419174194336
17495,10.914419174194336
17496,10.914419174194336
17497,10.914419174194336
17498,10.914419174194336
17499,10.914419174194336
17500,10.914419174194336
17501,10.914419174194336
17502,10.914419174194336
17503,10.914419174194336
17504,10.914419174194336
17505,10.914419174194336
17506,10.914419174194336
17507,10.914419174194336
17508,10.914419174194336
17509,10.914419174194336
17510,10.914419174194336
17511,10.914419174194336
17512,10.914419174194336
17513,10.914419174194336
17514,10.914419174194336
17515,10.914419174194336
17516,10.914419174194336
17517,10.914419174194336
17518,10.914419174194336
17519,10.914419174194336
17520,10.914419174194336
17521,10.914419174194336
17522,10.914419174194336
17523,10.914419174194336
17524,10.914419174194336
17525,10.914419174194336
17526,10.914419174194336
17527,10.914419174194336
17528,10.914419174194336
17529,10.914419174194336
17530,10.914419174194336
17531,10.914419174194336
17532,10.914419174194336
17533,10.914419174194336
17534,10.914419174194336
17535,10.914419174194336
17536,10.914419174194336
17537,10.914419174194336
17538,10.914419174194336
17539,10.914419174194336
17540,10.914419174194336
17541,10.914419174194336
17542,10.914419174194336
17543,10.914419174194336
17544,10.914419174194336
17545,10.914419174194336
17546,10.914419174194336
17547,10.914419174194336
17548,0.0
17549,0.0
17550,0.0
17551,0.0
17552,0.0
17553,0.0
17554,0.0
17555,0.0
17556,0.0
17557,0.0
17558,0.0
17559,0.0
17560,0.0
17561,0.0
17562,0.0
17563,0.0
17564,0.0
17565,0.0
17566,0.0
17567,10.626770973205566
17568,10.626770973205566
17569,10.626770973205566
17570,10.626770973205566
17571,10.626770973205566
17572,10.626770973205566
17573,10.626770973205566
17574,10.626770973205566
17575,10.626770973205566
17576,10.626770973205566
17577,10.626770973205566
17578,0.0
17579,0.0
17580,0.0
17581,0.0
17582,0.0
17583,0.0
17584,0.0
17585,0.0
17586,0.0
17587,0.0
17588,0.0
17589,0.0
17590,0.0
17591,0.0
17592,0.0
17593,0.0
17594,0.0
17595,0.0
17596,0.0
17597,0.0
17598,0.0
17599,0.0
17600,0.0
17601,10.89912223815918
17602,10.89912223815918
17603,10.89912223815918
17604,10.89912223815918
17605,10.89912223815918
17606,10.89912223815918
17607,10.89912223815918
17608,10.89912223815918
17609,10.89912223815918
17610,10.89912223815918
17611,10.89912223815918
17612,10.89912223815918
17613,10.89912223815918
17614,10.89912223815918
17615,10.89912223815918
17616,10.89912223815918
17617,10.89912223815918
17618,10.89912223815918
17619,10.89912223815918
17620,10.89912223815918
17621,10.89912223815918
17622,10.89912223815918
17623,10.89912223815918
17624,21.883145332336426
17625,21.883145332336426
17626,21.883145332336426
17627,21.883145332336426
17628,21.883145332336426
17629,21.883145332336426
17630,21.883145332336426
17631,21.883145332336426
17632,21.883145332336426
17633,21.883145332336426
17634,21.883145332336426
17635,21.883145332336426
17636,21.883145332336426
17637,21.883145332336426
17638,21.883145332336426
17639,21.883145332336426
17640,21.883145332336426
17641,21.883145332336426
17642,21.883145332336426
17643,32.883145332336426
17644,32.883145332336426
17645,32.883145332336426
17646,32.883145332336426
17647,32.883145332336426
17648,32.883145332336426
17649,32.883145332336426
17650,43.7080135345459
17651,43.7080135345459
17652,43.7080135345459
17653,43.7080135345459
17654,43.7080135345459
17655,43.7080135345459
17656,43.7080135345459
17657,43.7080135345459
17658,43.7080135345459
17659,43.7080135345459
17660,43.7080135345459
17661,43.7080135345459
17662,43.7080135345459
17663,43.7080135345459
17664,43.7080135345459
17665,43.7080135345459
17666,43.7080135345459
17667,43.7080135345459
17668,43.7080135345459
17669,43.7080135345459
17670,43.7080135345459
17671,43.7080135345459
17672,43.7080135345459
17673,43.7080135345459
17674,43.7080135345459
17675,43.7080135345459
17676,54.518680572509766
17677,54.518680572509766
17678,43.53465747833252
17679,43.53465747833252
17680,43.53465747833252
17681,43.53465747833252
17682,43.53465747833252
17683,43.53465747833252
17684,43.53465747833252
17685,43.53465747833252
17686,43.53465747833252
17687,43.53465747833252
17688,43.53465747833252
17689,43.53465747833252
17690,43.53465747833252
17691,43.53465747833252
17692,43.53465747833252
17693,43.53465747833252
17694,43.53465747833252
17695,43.53465747833252
17696,43.53465747833252
17697,43.53465747833252
17698,43.53465747833252
17699,43.53465747833252
17700,43.53465747833252
17701,43.53465747833252
17702,43.53465747833252
17703,43.53465747833252
17704,43.53465747833252
17705,54.478384017944336
17706,54.478384017944336
17707,54.478384017944336
17708,32.754393577575684
17709,43.60066604614258
17710,32.60066604614258
17711,32.60066604614258
17712,32.60066604614258
17713,32.60066604614258
17714,32.60066604614258
17715,32.60066604614258
17716,32.60066604614258
17717,32.60066604614258
17718,32.60066604614258
17719,32.60066604614258
17720,32.60066604614258
17721,21.78999900817871
17722,21.78999900817871
17723,21.78999900817871
17724,21.78999900817871
17725,21.78999900817871
17726,21.78999900817871
17727,21.78999900817871
17728,21.78999900817871
17729,21.78999900817871
17730,21.78999900817871
17731,21.78999900817871
17732,21.78999900817871
17733,21.78999900817871
17734,21.78999900817871
17735,21.78999900817871
17736,21.78999900817871
17737,21.78999900817871
17738,21.78999900817871
17739,21.78999900817871
17740,21.78999900817871
17741,21.78999900817871
17742,21.78999900817871
17743,32.72091865539551
17744,43.712035179138184
17745,43.712035179138184
17746,43.712035179138184
17747,54.695573806762695
17748,54.695573806762695
17749,54.695573806762695
17750,54.695573806762695
17751,54.695573806762695
17752,54.695573806762695
17753,54.695573806762695
17754,54.695573806762695
17755,54.695573806762695
17756,54.695573806762695
17757,54.695573806762695
17758,54.695573806762695
17759,54.695573806762695
17760,54.695573806762695
17761,54.695573806762695
17762,54.695573806762695
17763,65.6564130783081
17764,65.6564130783081
17765,65.6564130783081
17766,65.6564130783081
17767,76.6430435180664
17768,76.6430435180664
17769,76.75281238555908
17770,76.75281238555908
17771,76.75281238555908
17772,76.75281238555908
17773,76.75281238555908
17774,76.75281238555908
17775,76.75281238555908
17776,76.75281238555908
17777,76.75281238555908
17778,76.75281238555908
17779,76.75281238555908
17780,76.75281238555908
17781,97.29201412200928
17782,97.29201412200928
17783,97.29201412200928
17784,97.29201412200928
17785,97.29201412200928
17786,97.29201412200928
17787,97.29201412200928
17788,87.7099723815918
17789,98.65836524963379
17790,98.65836524963379
17791,98.65836524963379
17792,109.51854515075684
17793,120.40682315826416
17794,120.40682315826416
17795,131.3583164215088
17796,131.3583164215088
17797,131.3583164215088
17798,131.3583164215088
17799,131.3583164215088
17800,142.27906608581543
17801,153.26037406921387
17802,153.26037406921387
17803,153.26037406921387
17804,164.22251224517822
17805,175.21508026123047
17806,175.21508026123047
17807,175.21508026123047
17808,175.21508026123047
17809,175.21508026123047
17810,186.1979856491089
17811,197.14982891082764
17812,544.431414604187
17813,555.3889074325562
17814,555.3889074325562
17815,555.3889074325562
17816,555.3889074325562
17817,555.3889074325562
17818,566.297116279602
17819,566.297116279602
17820,219.01553058624268
17821,219.01553058624268
17822,219.01553058624268
17823,219.01553058624268
17824,219.01553058624268
17825,219.01553058624268
17826,219.01553058624268
17827,219.01553058624268
17828,219.01553058624268
17829,229.99434661865234
17830,229.99434661865234
17831,240.99434661865234
17832,230.04285335540771
17833,230.04285335540771
17834,230.04285335540771
17835,230.07182693481445
17836,230.07182693481445
17837,230.07182693481445
17838,230.07182693481445
17839,230.07182693481445
17840,230.07182693481445
17841,230.07182693481445
17842,230.07182693481445
17843,251.95072555541992
17844,251.95072555541992
17845,251.95072555541992
17846,251.95072555541992
17847,251.95072555541992
17848,251.95072555541992
17849,251.95072555541992
17850,251.95072555541992
17851,251.95072555541992
17852,251.95072555541992
17853,251.95072555541992
17854,251.95072555541992
17855,251.95072555541992
17856,251.95072555541992
17857,241.09054565429688
17858,241.09054565429688
17859,230.13870239257812
17860,230.1484146118164
17861,230.1484146118164
17862,241.13932418823242
17863,241.13932418823242
17864,241.13932418823242
17865,241.13932418823242
17866,241.13932418823242
17867,241.13932418823242
17868,241.13932418823242
17869,241.13932418823242
17870,230.1955976486206
17871,230.1955976486206
17872,219.30731964111328
17873,230.30395317077637
17874,230.30395317077637
17875,230.30395317077637
17876,230.30395317077637
17877,230.30395317077637
17878,241.26340103149414
17879,241.26340103149414
17880,241.26340103149414
17881,241.26340103149414
17882,241.26340103149414
17883,241.26340103149414
17884,241.26340103149414
17885,241.26340103149414
17886,241.26340103149414
17887,241.26340103149414
17888,241.26340103149414
17889,241.26340103149414
17890,241.26340103149414
17891,241.26340103149414
17892,241.26340103149414
17893,241.26340103149414
17894,252.14414978027344
17895,263.0555610656738
17896,252.14735221862793
17897,252.14735221862793
17898,252.14735221862793
17899,252.14735221862793
17900,263.1191692352295
17901,263.1191692352295
17902,252.12805271148682
17903,252.12805271148682
17904,263.1024122238159
17905,263.1024122238159
17906,263.1024122238159
17907,263.1024122238159
17908,263.1024122238159
17909,263.1024122238159
17910,263.1024122238159
17911,263.1024122238159
17912,263.1024122238159
17913,252.1452522277832
17914,252.1452522277832
17915,252.1452522277832
17916,252.1452522277832
17917,252.1452522277832
17918,241.14861869812012
17919,241.14861869812012
17920,241.14861869812012
17921,241.14861869812012
17922,241.14861869812012
17923,241.14861869812012
17924,241.14861869812012
17925,230.22786903381348
17926,230.22786903381348
17927,230.22786903381348
17928,230.22786903381348
17929,230.22786903381348
17930,219.27947616577148
17931,219.27947616577148
17932,219.27947616577148
17933,219.27947616577148
17934,219.27947616577148
17935,219.27947616577148
17936,219.27947616577148
17937,219.27947616577148
17938,219.27947616577148
17939,208.31863689422607
17940,208.31863689422607
17941,208.31863689422607
17942,219.21694087982178
17943,219.21694087982178
17944,219.21694087982178
17945,219.21694087982178
17946,219.21694087982178
17947,208.25704765319824
17948,208.25704765319824
17949,208.25704765319824
17950,197.26613807678223
17951,197.26613807678223
17952,197.26613807678223
17953,186.2848300933838
17954,186.2848300933838
17955,186.2848300933838
17956,186.2848300933838
17957,368.4722080230713
17958,368.4722080230713
17959,175.30601406097412
17960,186.30601406097412
17961,186.30601406097412
17962,186.30601406097412
17963,186.30601406097412
17964,186.30601406097412
17965,186.30601406097412
17966,186.30601406097412
17967,196.4026975631714
17968,185.4026975631714
17969,185.4026975631714
17970,196.37169456481934
17971,196.37169456481934
17972,196.37169456481934
17973,186.27501106262207
17974,186.27501106262207
17975,186.27501106262207
17976,186.27501106262207
17977,164.43676948547363
17978,164.43676948547363
17979,164.43676948547363
17980,164.43676948547363
17981,164.43676948547363
17982,164.43676948547363
17983,164.43676948547363
17984,164.43676948547363
17985,153.45386409759521
17986,153.45386409759521
17987,153.45386409759521
17988,142.51637840270996
17989,142.51637840270996
17990,142.51637840270996
17991,142.51637840270996
17992,142.51637840270996
17993,142.51637840270996
17994,142.51637840270996
17995,142.51637840270996
17996,142.51637840270996
17997,142.51637840270996
17998,153.18084621429443
17999,142.22480487823486
18000,142.22480487823486
18001,142.22480487823486
18002,142.22480487823486
18003,142.22480487823486
18004,142.22480487823486
18005,142.22480487823486
18006,142.22480487823486
18007,142.22480487823486
18008,131.25499725341797
18009,131.25499725341797
18010,131.25499725341797
18011,120.34358596801758
18012,109.44528198242188
18013,109.44528198242188
18014,109.44528198242188
18015,98.50386905670166
18016,87.83940124511719
18017,98.79942321777344
18018,98.79942321777344
18019,98.79942321777344
18020,98.79942321777344
18021,98.79942321777344
18022,87.80685520172119
18023,87.80685520172119
18024,87.80685520172119
18025,87.80685520172119
18026,87.80685520172119
18027,87.80685520172119
18028,87.80685520172119
18029,87.80685520172119
18030,87.80685520172119
18031,87.80685520172119
18032,87.80685520172119
18033,98.75410747528076
18034,98.75410747528076
18035,98.75410747528076
18036,98.75410747528076
18037,87.79408550262451
18038,87.79408550262451
18039,87.79408550262451
18040,87.79408550262451
18041,87.79408550262451
18042,87.79408550262451
18043,87.79408550262451
18044,87.79408550262451
18045,87.79408550262451
18046,87.79408550262451
18047,87.76882076263428
18048,87.76882076263428
18049,87.76882076263428
18050,87.76882076263428
18051,87.76882076263428
18052,87.76882076263428
18053,87.76882076263428
18054,87.76882076263428
18055,87.76882076263428
18056,87.76882076263428
18057,87.76882076263428
18058,87.76882076263428
18059,87.76882076263428
18060,87.76882076263428
18061,87.76882076263428
18062,87.76882076263428
18063,87.76882076263428
18064,87.76882076263428
18065,87.76882076263428
18066,87.76882076263428
18067,76.8093729019165
18068,65.83755588531494
18069,65.83755588531494
18070,65.83755588531494
18071,65.83755588531494
18072,65.83755588531494
18073,65.83755588531494
18074,65.83755588531494
18075,65.83755588531494
18076,65.83755588531494
18077,65.83755588531494
18078,65.83755588531494
18079,65.83755588531494
18080,65.83755588531494
18081,65.83755588531494
18082,65.83755588531494
18083,65.83755588531494
18084,65.83755588531494
18085,65.83755588531494
18086,65.83755588531494
18087,65.83755588531494
18088,65.83755588531494
18089,76.78605365753174
18090,76.78605365753174
18091,87.78605365753174
18092,87.78605365753174
18093,87.78605365753174
18094,87.78605365753174
18095,87.78605365753174
18096,87.78605365753174
18097,87.78605365753174
18098,87.78605365753174
18099,98.66234302520752
18100,98.66234302520752
18101,98.66234302520752
18102,98.66234302520752
18103,98.66234302520752
18104,98.66234302520752
18105,98.66234302520752
18106,98.66234302520752
18107,98.66234302520752
18108,98.66234302520752
18109,98.66234302520752
18110,98.66234302520752
18111,98.66234302520752
18112,98.66234302520752
18113,98.66234302520752
18114,98.66234302520752
18115,98.66234302520752
18116,98.66234302520752
18117,87.66909217834473
18118,87.66909217834473
18119,87.66909217834473
18120,87.66909217834473
18121,87.66909217834473
18122,87.66909217834473
18123,87.66909217834473
18124,87.66909217834473
18125,87.66909217834473
18126,87.66909217834473
18127,87.66909217834473
18128,87.66909217834473
18129,87.66909217834473
18130,87.66909217834473
18131,87.66909217834473
18132,87.66909217834473
18133,87.66909217834473
18134,87.66909217834473
18135,87.66909217834473
18136,87.66909217834473
18137,76.72183990478516
18138,76.72183990478516
18139,76.72183990478516
18140,76.72183990478516
18141,76.72183990478516
18142,76.72183990478516
18143,76.72183990478516
18144,76.72183990478516
18145,76.72183990478516
18146,76.72183990478516
18147,87.72183990478516
18148,87.72183990478516
18149,87.72183990478516
18150,87.72183990478516
18151,87.72183990478516
18152,87.72183990478516
18153,87.72183990478516
18154,87.72183990478516
18155,76.7528429031372
18156,76.7528429031372
18157,76.7528429031372
18158,65.87655353546143
18159,65.87655353546143
18160,65.87655353546143
18161,65.87655353546143
18162,76.79751110076904
18163,87.79751110076904
18164,87.79751110076904
18165,87.79751110076904
18166,98.79751110076904
18167,98.79751110076904
18168,87.82315158843994
18169,87.82315158843994
18170,98.8004674911499
18171,98.8004674911499
18172,98.8004674911499
18173,98.8004674911499
18174,98.8004674911499
18175,98.8004674911499
18176,98.8004674911499
18177,98.8004674911499
18178,98.8004674911499
18179,98.8004674911499
18180,98.8004674911499
18181,98.8004674911499
18182,98.8004674911499
18183,98.8004674911499
18184,98.8004674911499
18185,98.8004674911499
18186,98.8004674911499
18187,98.8004674911499
18188,98.8004674911499
18189,98.8004674911499
18190,98.8004674911499
18191,98.8004674911499
18192,98.8004674911499
18193,98.8004674911499
18194,87.8519697189331
18195,98.73907852172852
18196,98.73907852172852
18197,98.73907852172852
18198,98.73907852172852
18199,98.73907852172852
18200,98.73907852172852
18201,98.73907852172852
18202,98.73907852172852
18203,98.73907852172852
18204,98.73907852172852
18205,98.73907852172852
18206,98.73907852172852
18207,98.73907852172852
18208,98.73907852172852
18209,98.73907852172852
18210,98.73907852172852
18211,98.73907852172852
18212,98.73907852172852
18213,98.73907852172852
18214,98.73907852172852
18215,98.73907852172852
18216,98.73907852172852
18217,98.73907852172852
18218,98.73907852172852
18219,98.73907852172852
18220,98.73907852172852
18221,109.70939922332764
18222,109.70939922332764
18223,109.70939922332764
18224,120.69026756286621
18225,120.69026756286621
18226,120.69026756286621
18227,120.69026756286621
18228,120.69026756286621
18229,131.67247581481934
18230,131.67247581481934
18231,131.67247581481934
18232,131.67247581481934
18233,120.67247581481934
18234,120.67247581481934
18235,120.67247581481934
18236,109.67247581481934
18237,109.67247581481934
18238,109.67247581481934
18239,98.78536701202393
18240,98.78536701202393
18241,98.78536701202393
18242,98.78536701202393
18243,109.78536701202393
18244,109.78536701202393
18245,109.78536701202393
18246,98.78536701202393
18247,98.78536701202393
18248,98.78536701202393
18249,98.78536701202393
18250,98.78536701202393
18251,98.78536701202393
18252,98.78536701202393
18253,98.78536701202393
18254,109.77031326293945
18255,109.77031326293945
18256,109.77031326293945
18257,120.69455337524414
18258,120.69455337524414
18259,98.8032751083374
18260,98.8032751083374
18261,87.82240676879883
18262,87.82240676879883
18263,87.82240676879883
18264,76.82240676879883
18265,76.82240676879883
18266,76.82240676879883
18267,76.82240676879883
18268,76.82240676879883
18269,76.82240676879883
18270,76.82240676879883
18271,76.82240676879883
18272,76.82240676879883
18273,76.82240676879883
18274,65.84767150878906
18275,76.72937679290771
18276,76.72937679290771
18277,76.72937679290771
18278,76.72937679290771
18279,87.66903495788574
18280,87.66903495788574
18281,87.66903495788574
18282,98.66289138793945
18283,98.66289138793945
18284,98.66289138793945
18285,98.66289138793945
18286,98.66289138793945
18287,109.48897647857666
18288,109.48897647857666
18289,109.48897647857666
18290,109.48897647857666
18291,109.48897647857666
18292,131.4720058441162
18293,142.41465759277344
18294,142.41465759277344
18295,142.41465759277344
18296,142.41465759277344
18297,153.3912525177002
18298,153.3912525177002
18299,153.3912525177002
18300,153.3912525177002
18301,153.3912525177002
18302,153.3912525177002
18303,153.3912525177002
18304,153.3912525177002
18305,153.3912525177002
18306,153.3912525177002
18307,164.36545372009277
18308,164.36545372009277
18309,164.36545372009277
18310,175.32480430603027
18311,175.32480430603027
18312,164.33094787597656
18313,164.33094787597656
18314,164.33094787597656
18315,164.33094787597656
18316,142.3519868850708
18317,142.3519868850708
18318,142.3519868850708
18319,153.15188884735107
18320,153.15188884735107
18321,153.15188884735107
18322,153.15188884735107
18323,153.15188884735107
18324,153.15188884735107
18325,153.15188884735107
18326,153.15188884735107
18327,153.15188884735107
18328,153.15188884735107
18329,153.15188884735107
18330,174.9533395767212
18331,174.9533395767212
18332,174.9533395767212
18333,174.9533395767212
18334,174.9533395767212
18335,174.9533395767212
18336,174.9533395767212
18337,174.9533395767212
18338,174.9533395767212
18339,174.9533395767212
18340,174.9533395767212
18341,186.02559089660645
18342,186.02559089660645
18343,186.02559089660645
18344,186.02559089660645
18345,197.0207929611206
18346,197.0207929611206
18347,197.0207929611206
18348,197.0207929611206
18349,197.20835494995117
18350,186.20835494995117
18351,186.20835494995117
18352,186.20835494995117
18353,175.28411483764648
18354,175.28411483764648
18355,186.1841812133789
18356,197.18094730377197
18357,197.18094730377197
18358,197.18094730377197
18359,197.18094730377197
18360,208.01204776763916
18361,218.95714664459229
18362,218.95714664459229
18363,229.9200620651245
18364,229.88802242279053
18365,219.00631713867188
18366,219.00631713867188
18367,229.98741626739502
18368,229.98741626739502
18369,229.98741626739502
18370,229.98741626739502
18371,219.01010036468506
18372,219.01010036468506
18373,219.01010036468506
18374,219.01010036468506
18375,219.01010036468506
18376,208.16007614135742
18377,219.16007614135742
18378,240.37988090515137
18379,251.37988090515137
18380,251.37988090515137
18381,262.35919094085693
18382,251.3769826889038
18383,240.3769826889038
18384,240.3769826889038
18385,240.3769826889038
18386,240.3769826889038
18387,251.33261966705322
18388,251.33261966705322
18389,251.33261966705322
18390,251.33261966705322
18391,251.33261966705322
18392,273.2086982727051
18393,273.2086982727051
18394,273.2086982727051
18395,273.2086982727051
18396,284.18250274658203
18397,262.8071641921997
18398,273.7713108062744
18399,273.7713108062744
18400,273.7713108062744
18401,273.7713108062744
18402,273.7713108062744
18403,284.74803733825684
18404,284.74803733825684
18405,284.74803733825684
18406,295.6975555419922
18407,295.6975555419922
18408,295.6975555419922
18409,284.866455078125
18410,273.88986015319824
18411,273.88986015319824
18412,273.88986015319824
18413,273.88986015319824
18414,273.88986015319824
18415,273.88986015319824
18416,273.88986015319824
18417,295.7527189254761
18418,306.7038736343384
18419,295.76122188568115
18420,328.6449308395386
18421,339.61551570892334
18422,350.48247718811035
18423,339.4872751235962
18424,328.53254413604736
18425,328.53254413604736
18426,317.53254413604736
18427,306.63247776031494
18428,306.63247776031494
18429,306.63247776031494
18430,295.83658504486084
18431,306.8268346786499
18432,306.8268346786499
18433,306.8268346786499
18434,306.8268346786499
18435,306.89325046539307
18436,306.89325046539307
18437,295.95359230041504
18438,306.9425926208496
18439,295.9796772003174
18440,295.9796772003174
18441,306.9682741165161
18442,306.9682741165161
18443,317.65729808807373
18444,317.65729808807373
18445,306.7121992111206
18446,306.7121992111206
18447,306.7121992111206
18448,306.7121992111206
18449,317.5313730239868
18450,328.49732303619385
18451,328.49732303619385
18452,328.49732303619385
18453,328.49732303619385
18454,328.49732303619385
18455,328.49732303619385
18456,328.49732303619385
18457,328.49732303619385
18458,328.49732303619385
18459,328.49732303619385
18460,317.5162239074707
18461,317.5162239074707
18462,317.5162239074707
18463,317.5162239074707
18464,306.8271999359131
18465,306.8271999359131
18466,306.8271999359131
18467,306.8271999359131
18468,317.8054037094116
18469,328.76911544799805
18470,328.76911544799805
18471,328.76911544799805
18472,339.70203590393066
18473,339.70203590393066
18474,339.70203590393066
18475,339.70203590393066
18476,328.73788928985596
18477,328.73788928985596
18478,328.73788928985596
18479,328.73788928985596
18480,328.73788928985596
18481,328.73788928985596
18482,328.73788928985596
18483,317.91871547698975
18484,317.91871547698975
18485,317.91871547698975
18486,317.91871547698975
18487,306.98579502105713
18488,317.95565605163574
18489,317.95565605163574
18490,296.1470603942871
18491,285.2258358001709
18492,285.2258358001709
18493,296.22483825683594
18494,285.183292388916
18495,285.183292388916
18496,285.183292388916
18497,285.183292388916
18498,285.183292388916
18499,285.183292388916
18500,285.183292388916
18501,285.183292388916
18502,285.183292388916
18503,285.183292388916
18504,274.2396869659424
18505,274.2396869659424
18506,274.2396869659424
18507,274.2396869659424
18508,263.2603769302368
18509,263.2603769302368
18510,263.2603769302368
18511,263.2603769302368
18512,252.35447025299072
18513,252.35447025299072
18514,252.35447025299072
18515,252.35447025299072
18516,230.39175415039062
18517,230.39175415039062
18518,230.39175415039062
18519,230.39175415039062
18520,230.39175415039062
18521,230.39175415039062
18522,230.39175415039062
18523,230.39175415039062
18524,230.39175415039062
18525,230.39175415039062
18526,230.39175415039062
18527,230.39175415039062
18528,230.39175415039062
18529,219.40275382995605
18530,219.40275382995605
18531,230.39938068389893
18532,219.44822597503662
18533,219.44822597503662
18534,208.4925889968872
18535,208.4925889968872
18536,208.4925889968872
18537,208.4925889968872
18538,208.4925889968872
18539,208.4925889968872
18540,208.4925889968872
18541,208.4925889968872
18542,208.48223304748535
18543,208.48223304748535
18544,219.40762042999268
18545,219.40762042999268
18546,219.40762042999268
18547,219.40762042999268
18548,208.42015647888184
18549,197.43507194519043
18550,197.43507194519043
18551,197.43507194519043
18552,197.43507194519043
18553,197.43507194519043
18554,186.48555374145508
18555,186.48555374145508
18556,186.48555374145508
18557,186.48555374145508
18558,186.48555374145508
18559,186.48555374145508
18560,175.5345640182495
18561,175.5345640182495
18562,175.5345640182495
18563,164.53556156158447
18564,153.62657642364502
18565,153.62657642364502
18566,153.62657642364502
18567,153.62657642364502
18568,164.51622200012207
18569,164.51622200012207
18570,164.51622200012207
18571,175.48184776306152
18572,175.48184776306152
18573,175.48184776306152
18574,175.48184776306152
18575,175.48184776306152
18576,175.48184776306152
18577,175.48184776306152
18578,175.48184776306152
18579,175.50886726379395
18580,175.50886726379395
18581,164.5333652496338
18582,153.54476833343506
18583,153.54476833343506
18584,153.54476833343506
18585,153.54476833343506
18586,153.54476833343506
18587,153.54476833343506
18588,153.54476833343506
18589,153.54476833343506
18590,153.54476833343506
18591,164.53421783447266
18592,164.53421783447266
18593,164.53421783447266
18594,164.53421783447266
18595,153.57037258148193
18596,153.57037258148193
18597,153.57037258148193
18598,153.57037258148193
18599,153.57037258148193
18600,153.57037258148193
18601,153.57037258148193
18602,164.37982940673828
18603,164.37982940673828
18604,164.37982940673828
18605,164.37982940673828
18606,164.37982940673828
18607,164.37982940673828
18608,153.45444202423096
18609,153.45444202423096
18610,153.45444202423096
18611,153.45444202423096
18612,153.45444202423096
18613,153.45444202423096
18614,153.45444202423096
18615,153.45444202423096
18616,153.45444202423096
18617,153.45444202423096
18618,131.4831256866455
18619,131.4831256866455
18620,131.4831256866455
18621,131.4831256866455
18622,131.4831256866455
18623,131.4831256866455
18624,131.4831256866455
18625,131.4831256866455
18626,131.4831256866455
18627,131.4831256866455
18628,131.4831256866455
18629,131.4831256866455
18630,131.4831256866455
18631,131.4831256866455
18632,131.4831256866455
18633,131.4831256866455
18634,131.4831256866455
18635,120.51941394805908
18636,120.51941394805908
18637,120.51941394805908
18638,109.62976837158203
18639,109.62976837158203
18640,109.62976837158203
18641,109.62976837158203
18642,109.62976837158203
18643,98.82031154632568
18644,98.82031154632568
18645,98.82031154632568
18646,87.82368469238281
18647,87.82368469238281
18648,76.83423519134521
18649,65.86724281311035
18650,65.86724281311035
18651,65.86724281311035
18652,54.87452507019043
18653,54.87452507019043
18654,54.87452507019043
18655,54.87452507019043
18656,54.87452507019043
18657,54.87452507019043
18658,54.87452507019043
18659,43.903940200805664
18660,43.903940200805664
18661,43.903940200805664
18662,43.903940200805664
18663,43.903940200805664
18664,43.903940200805664
18665,43.903940200805664
18666,43.903940200805664
18667,43.903940200805664
18668,43.903940200805664
18669,43.903940200805664
18670,43.903940200805664
18671,43.903940200805664
18672,43.903940200805664
18673,43.903940200805664
18674,54.86674118041992
18675,54.86674118041992
18676,54.86674118041992
18677,54.86674118041992
18678,54.86674118041992
18679,54.86674118041992
18680,54.86674118041992
18681,54.86674118041992
18682,54.86674118041992
18683,54.86674118041992
18684,54.86674118041992
18685,54.86674118041992
18686,43.89688014984131
18687,43.89688014984131
18688,43.89688014984131
18689,43.89688014984131
18690,43.89688014984131
18691,43.89688014984131
18692,43.89688014984131
18693,43.89688014984131
18694,43.89688014984131
18695,43.89688014984131
18696,43.89688014984131
18697,43.89688014984131
18698,43.89688014984131
18699,43.89688014984131
18700,32.91867637634277
18701,32.91867637634277
18702,32.91867637634277
18703,32.91867637634277
18704,32.91867637634277
18705,32.91867637634277
18706,32.91867637634277
18707,32.91867637634277
18708,32.91867637634277
18709,32.91867637634277
18710,32.91867637634277
18711,32.91867637634277
18712,32.91867637634277
18713,32.91867637634277
18714,32.91867637634277
18715,32.91867637634277
18716,32.91867637634277
18717,32.91867637634277
18718,32.91867637634277
18719,32.91867637634277
18720,32.91867637634277
18721,32.91867637634277
18722,32.91867637634277
18723,32.91867637634277
18724,32.91867637634277
18725,32.91867637634277
18726,32.91867637634277
18727,32.91867637634277
18728,32.91867637634277
18729,32.91867637634277
18730,32.91867637634277
18731,32.91867637634277
18732,32.91867637634277
18733,32.91867637634277
18734,32.91867637634277
18735,32.91867637634277
18736,32.91867637634277
18737,32.91867637634277
18738,32.91867637634277
18739,32.91867637634277
18740,32.91867637634277
18741,32.91867637634277
18742,32.91867637634277
18743,32.91867637634277
18744,32.91867637634277
18745,32.91867637634277
18746,32.91867637634277
18747,32.91867637634277
18748,32.91867637634277
18749,32.91867637634277
18750,32.91867637634277
18751,32.91867637634277
18752,32.91867637634277
18753,32.91867637634277
18754,32.91867637634277
18755,32.91867637634277
18756,32.91867637634277
18757,32.91867637634277
18758,32.91867637634277
18759,32.91867637634277
18760,43.91794395446777
18761,43.91794395446777
18762,43.91794395446777
18763,43.91794395446777
18764,43.91794395446777
18765,43.91794395446777
18766,43.91794395446777
18767,43.91794395446777
18768,43.91794395446777
18769,43.91794395446777
18770,43.91794395446777
18771,43.91794395446777
18772,43.91794395446777
18773,43.91794395446777
18774,43.91794395446777
18775,43.91794395446777
18776,43.91794395446777
18777,43.91794395446777
18778,43.91794395446777
18779,43.91794395446777
18780,43.91794395446777
18781,43.91794395446777
18782,43.91794395446777
18783,43.91794395446777
18784,43.91794395446777
18785,43.91794395446777
18786,43.91794395446777
18787,43.91794395446777
18788,43.91794395446777
18789,43.91794395446777
18790,43.91794395446777
18791,43.91794395446777
18792,43.91794395446777
18793,43.91794395446777
18794,43.91794395446777
18795,43.91794395446777
18796,43.91794395446777
18797,43.91794395446777
18798,43.91794395446777
18799,43.91794395446777
18800,43.91794395446777
18801,43.91794395446777
18802,43.91794395446777
18803,43.91794395446777
18804,43.91794395446777
18805,43.91794395446777
18806,43.91794395446777
18807,43.91794395446777
18808,43.91794395446777
18809,43.91794395446777
18810,43.91794395446777
18811,43.91794395446777
18812,43.91794395446777
18813,43.91794395446777
18814,43.91794395446777
18815,43.91794395446777
18816,32.92769432067871
18817,32.92769432067871
18818,32.92769432067871
18819,21.964893341064453
18820,21.964893341064453
18821,21.964893341064453
18822,21.964893341064453
18823,21.964893341064453
18824,322.0453634262085
18825,322.0453634262085
18826,322.0453634262085
18827,322.0453634262085
18828,32.89958095550537
18829,32.89958095550537
18830,32.89958095550537
18831,32.89958095550537
18832,32.89958095550537
18833,32.89958095550537
18834,32.89958095550537
18835,32.89958095550537
18836,32.89958095550537
18837,32.89958095550537
18838,32.89958095550537
18839,32.89958095550537
18840,32.89958095550537
18841,32.89958095550537
18842,32.89958095550537
18843,32.89958095550537
18844,32.89958095550537
18845,32.89958095550537
18846,32.89958095550537
18847,32.89958095550537
18848,32.89958095550537
18849,32.89958095550537
18850,32.89958095550537
18851,32.89958095550537
18852,32.89958095550537
18853,32.89958095550537
18854,32.89958095550537
18855,32.89958095550537
18856,32.89958095550537
18857,32.89958095550537
18858,32.89958095550537
18859,32.89958095550537
18860,32.89958095550537
18861,43.20134162902832
18862,43.20134162902832
18863,43.20134162902832
18864,43.20134162902832
18865,43.20134162902832
18866,43.20134162902832
18867,43.20134162902832
18868,43.20134162902832
18869,43.20134162902832
18870,43.20134162902832
18871,43.20134162902832
18872,43.20134162902832
18873,43.20134162902832
18874,43.20134162902832
18875,32.89958095550537
18876,21.933955192565918
18877,21.933955192565918
18878,21.933955192565918
18879,21.933955192565918
18880,21.933955192565918
18881,21.933955192565918
18882,21.933955192565918
18883,21.933955192565918
18884,21.933955192565918
18885,21.933955192565918
18886,21.933955192565918
18887,21.933955192565918
18888,21.933955192565918
18889,21.933955192565918
18890,21.933955192565918
18891,21.933955192565918
18892,21.933955192565918
18893,21.933955192565918
18894,21.933955192565918
18895,21.933955192565918
18896,21.933955192565918
18897,21.933955192565918
18898,21.933955192565918
18899,21.933955192565918
18900,21.933955192565918
18901,21.933955192565918
18902,21.933955192565918
18903,21.933955192565918
18904,21.933955192565918
18905,21.933955192565918
18906,21.933955192565918
18907,21.933955192565918
18908,21.933955192565918
18909,21.933955192565918
18910,21.933955192565918
18911,21.933955192565918
18912,21.933955192565918
18913,21.933955192565918
18914,21.933955192565918
18915,21.933955192565918
18916,21.933955192565918
18917,21.933955192565918
18918,21.933955192565918
18919,21.933955192565918
18920,21.933955192565918
18921,21.933955192565918
18922,21.933955192565918
18923,21.933955192565918
18924,21.933955192565918
18925,21.933955192565918
18926,21.933955192565918
18927,21.933955192565918
18928,21.933955192565918
18929,21.933955192565918
18930,21.933955192565918
18931,21.933955192565918
18932,21.933955192565918
18933,21.933955192565918
18934,31.73121166229248
18935,31.73121166229248
18936,20.73194408416748
18937,20.73194408416748
18938,20.73194408416748
18939,20.73194408416748
18940,20.73194408416748
18941,20.73194408416748
18942,20.73194408416748
18943,10.934687614440918
18944,10.934687614440918
18945,10.934687614440918
18946,10.934687614440918
18947,10.934687614440918
18948,10.934687614440918
18949,10.934687614440918
18950,10.934687614440918
18951,10.934687614440918
18952,10.934687614440918
18953,10.934687614440918
18954,10.934687614440918
18955,10.934687614440918
18956,10.934687614440918
18957,10.934687614440918
18958,10.934687614440918
18959,10.934687614440918
18960,10.934687614440918
18961,10.934687614440918
18962,10.934687614440918
18963,10.934687614440918
18964,21.896206855773926
18965,21.896206855773926
18966,21.896206855773926
18967,21.896206855773926
18968,21.896206855773926
18969,21.896206855773926
18970,21.896206855773926
18971,21.896206855773926
18972,21.896206855773926
18973,21.896206855773926
18974,21.896206855773926
18975,329.83129596710205
18976,329.83129596710205
18977,318.89660835266113
18978,318.89660835266113
18979,318.89660835266113
18980,318.89660835266113
18981,10.961519241333008
18982,10.961519241333008
18983,10.961519241333008
18984,10.961519241333008
18985,10.961519241333008
18986,10.961519241333008
18987,10.961519241333008
18988,10.961519241333008
18989,10.961519241333008
18990,10.961519241333008
18991,10.961519241333008
18992,10.961519241333008
18993,10.961519241333008
18994,10.961519241333008
18995,10.961519241333008
18996,10.961519241333008
18997,10.961519241333008
18998,10.961519241333008
18999,10.961519241333008
19000,10.961519241333008
19001,10.961519241333008
19002,10.961519241333008
19003,10.961519241333008
19004,21.924866676330566
19005,21.924866676330566
19006,21.924866676330566
19007,21.924866676330566
19008,21.924866676330566
19009,21.924866676330566
19010,21.924866676330566
19011,21.924866676330566
19012,21.924866676330566
19013,21.924866676330566
19014,21.924866676330566
19015,21.924866676330566
19016,21.924866676330566
19017,21.924866676330566
19018,21.924866676330566
19019,21.924866676330566
19020,21.924866676330566
19021,21.924866676330566
19022,21.924866676330566
19023,21.924866676330566
19024,21.924866676330566
19025,21.924866676330566
19026,21.924866676330566
19027,21.924866676330566
19028,21.924866676330566
19029,21.924866676330566
19030,21.924866676330566
19031,21.924866676330566
19032,21.924866676330566
19033,21.924866676330566
19034,21.924866676330566
19035,21.924866676330566
19036,21.924866676330566
19037,21.924866676330566
19038,21.924866676330566
19039,21.924866676330566
19040,21.924866676330566
19041,21.924866676330566
19042,21.924866676330566
19043,21.924866676330566
19044,21.924866676330566
19045,10.961519241333008
19046,10.961519241333008
19047,10.961519241333008
19048,10.961519241333008
19049,10.961519241333008
19050,10.961519241333008
19051,10.961519241333008
19052,21.808467864990234
19053,21.808467864990234
19054,21.808467864990234
19055,21.808467864990234
19056,21.808467864990234
19057,21.808467864990234
19058,21.808467864990234
19059,21.808467864990234
19060,21.808467864990234
19061,21.808467864990234
19062,21.808467864990234
19063,21.808467864990234
19064,21.808467864990234
19065,21.808467864990234
19066,21.808467864990234
19067,21.808467864990234
19068,21.808467864990234
19069,21.808467864990234
19070,21.808467864990234
19071,21.808467864990234
19072,21.808467864990234
19073,21.808467864990234
19074,21.808467864990234
19075,21.808467864990234
19076,21.808467864990234
19077,21.808467864990234
19078,21.808467864990234
19079,21.808467864990234
19080,32.734092712402344
19081,32.734092712402344
19082,43.712772369384766
19083,32.86582374572754
19084,32.86582374572754
19085,32.86582374572754
19086,32.86582374572754
19087,32.86582374572754
19088,32.86582374572754
19089,32.86582374572754
19090,32.86582374572754
19091,32.86582374572754
19092,32.86582374572754
19093,32.86582374572754
19094,21.90430450439453
19095,21.90430450439453
19096,21.90430450439453
19097,21.90430450439453
19098,21.90430450439453
19099,21.90430450439453
19100,21.90430450439453
19101,21.90430450439453
19102,21.90430450439453
19103,21.90430450439453
19104,21.90430450439453
19105,21.90430450439453
19106,21.90430450439453
19107,21.90430450439453
19108,21.90430450439453
19109,21.90430450439453
19110,21.90430450439453
19111,21.90430450439453
19112,21.90430450439453
19113,21.90430450439453
19114,21.90430450439453
19115,21.90430450439453
19116,21.90430450439453
19117,21.90430450439453
19118,21.90430450439453
19119,21.90430450439453
19120,21.90430450439453
19121,21.90430450439453
19122,21.90430450439453
19123,21.90430450439453
19124,21.90430450439453
19125,21.90430450439453
19126,21.90430450439453
19127,21.90430450439453
19128,21.90430450439453
19129,21.90430450439453
19130,21.90430450439453
19131,21.90430450439453
19132,21.90430450439453
19133,21.90430450439453
19134,21.90430450439453
19135,21.90430450439453
19136,21.90430450439453
19137,21.90430450439453
19138,21.90430450439453
19139,21.90430450439453
19140,21.90430450439453
19141,32.90430450439453
19142,32.90430450439453
19143,32.90430450439453
19144,43.53067684173584
19145,43.53067684173584
19146,43.53067684173584
19147,43.53067684173584
19148,43.53067684173584
19149,43.53067684173584
19150,43.53067684173584
19151,43.53067684173584
19152,43.53067684173584
19153,54.370455741882324
19154,54.370455741882324
19155,54.370455741882324
19156,54.370455741882324
19157,54.370455741882324
19158,54.370455741882324
19159,54.370455741882324
19160,54.370455741882324
19161,43.744083404541016
19162,43.744083404541016
19163,43.744083404541016
19164,43.744083404541016
19165,43.744083404541016
19166,32.744083404541016
19167,32.744083404541016
19168,32.744083404541016
19169,32.744083404541016
19170,32.744083404541016
19171,32.744083404541016
19172,32.744083404541016
19173,32.744083404541016
19174,32.744083404541016
19175,32.744083404541016
19176,32.744083404541016
19177,32.744083404541016
19178,32.744083404541016
19179,32.744083404541016
19180,32.744083404541016
19181,32.744083404541016
19182,32.744083404541016
19183,32.744083404541016
19184,32.744083404541016
19185,32.744083404541016
19186,32.744083404541016
19187,32.744083404541016
19188,32.744083404541016
19189,32.744083404541016
19190,21.818458557128906
19191,21.818458557128906
19192,21.818458557128906
19193,21.818458557128906
19194,21.818458557128906
19195,21.818458557128906
19196,21.818458557128906
19197,21.818458557128906
19198,21.818458557128906
19199,10.978679656982422
19200,10.978679656982422
19201,10.978679656982422
19202,10.978679656982422
19203,10.978679656982422
19204,10.978679656982422
19205,10.978679656982422
19206,10.978679656982422
19207,10.978679656982422
19208,10.978679656982422
19209,10.978679656982422
19210,10.978679656982422
19211,10.978679656982422
19212,10.978679656982422
19213,10.978679656982422
19214,10.978679656982422
19215,10.978679656982422
19216,10.978679656982422
19217,10.978679656982422
19218,10.978679656982422
19219,10.978679656982422
19220,10.978679656982422
19221,10.978679656982422
19222,10.978679656982422
19223,10.978679656982422
19224,21.978679656982422
19225,21.978679656982422
19226,21.978679656982422
19227,21.978679656982422
19228,21.978679656982422
19229,21.978679656982422
19230,21.978679656982422
19231,21.978679656982422
19232,21.978679656982422
19233,21.978679656982422
19234,21.978679656982422
19235,32.936662673950195
19236,32.936662673950195
19237,32.936662673950195
19238,32.936662673950195
19239,43.936662673950195
19240,43.936662673950195
19241,43.936662673950195
19242,43.936662673950195
19243,43.936662673950195
19244,43.936662673950195
19245,43.936662673950195
19246,43.936662673950195
19247,54.881184577941895
19248,54.881184577941895
19249,65.86134719848633
19250,65.86134719848633
19251,65.86134719848633
19252,65.86134719848633
19253,65.86134719848633
19254,65.86134719848633
19255,65.86134719848633
19256,65.86134719848633
19257,65.86134719848633
19258,76.84814548492432
19259,76.84814548492432
19260,76.84814548492432
19261,76.84814548492432
19262,76.84814548492432
19263,76.84814548492432
19264,76.84814548492432
19265,76.84814548492432
19266,76.84814548492432
19267,65.8694658279419
19268,65.8694658279419
19269,65.8694658279419
19270,65.8694658279419
19271,65.8694658279419
19272,65.8694658279419
19273,65.8694658279419
19274,65.8694658279419
19275,65.8694658279419
19276,65.8694658279419
19277,65.8694658279419
19278,65.8694658279419
19279,65.8694658279419
19280,65.8694658279419
19281,65.8694658279419
19282,65.8694658279419
19283,65.8694658279419
19284,65.8694658279419
19285,65.8694658279419
19286,76.84227752685547
19287,76.84227752685547
19288,76.84227752685547
19289,76.84227752685547
19290,76.84227752685547
19291,76.84227752685547
19292,76.84227752685547
19293,76.84227752685547
19294,76.84227752685547
19295,76.84227752685547
19296,76.84227752685547
19297,76.84227752685547
19298,76.84227752685547
19299,76.84227752685547
19300,76.84227752685547
19301,87.82049560546875
19302,87.82049560546875
19303,87.82049560546875
19304,87.82049560546875
19305,87.82049560546875
19306,87.82049560546875
19307,87.82049560546875
19308,87.82049560546875
19309,87.82049560546875
19310,87.82049560546875
19311,98.78186798095703
19312,109.78186798095703
19313,109.78186798095703
19314,109.78186798095703
19315,98.82388496398926
19316,98.82388496398926
19317,98.82388496398926
19318,98.82388496398926
19319,98.82388496398926
19320,98.82388496398926
19321,98.82388496398926
19322,98.82388496398926
19323,98.82388496398926
19324,98.82388496398926
19325,98.82388496398926
19326,98.82388496398926
19327,98.82388496398926
19328,98.82388496398926
19329,98.82388496398926
19330,98.82388496398926
19331,98.82388496398926
19332,98.82388496398926
19333,98.82388496398926
19334,98.82388496398926
19335,98.82388496398926
19336,98.82388496398926
19337,109.60806083679199
19338,109.60806083679199
19339,109.60806083679199
19340,109.60806083679199
19341,109.60806083679199
19342,109.60806083679199
19343,109.60806083679199
19344,109.60806083679199
19345,120.53793811798096
19346,120.53793811798096
19347,120.53793811798096
19348,120.53793811798096
19349,109.59341621398926
19350,109.59341621398926
19351,109.59341621398926
19352,109.59341621398926
19353,109.59341621398926
19354,109.59341621398926
19355,109.59341621398926
19356,109.59341621398926
19357,109.59341621398926
19358,120.59026336669922
19359,120.59026336669922
19360,131.50548362731934
19361,131.50548362731934
19362,131.50548362731934
19363,142.44564723968506
19364,131.66147136688232
19365,131.66147136688232
19366,142.57040119171143
19367,142.57040119171143
19368,153.54889965057373
19369,153.54889965057373
19370,153.54889965057373
19371,153.54889965057373
19372,153.54889965057373
19373,153.54889965057373
19374,164.47867488861084
19375,164.47867488861084
19376,164.47867488861084
19377,164.47867488861084
19378,164.47867488861084
19379,164.47867488861084
19380,153.47867488861084
19381,153.47867488861084
19382,153.47867488861084
19383,153.47867488861084
19384,153.47867488861084
19385,153.47867488861084
19386,153.47867488861084
19387,153.47867488861084
19388,153.47867488861084
19389,153.47867488861084
19390,164.44261837005615
19391,164.44261837005615
19392,164.44261837005615
19393,164.44261837005615
19394,153.46440029144287
19395,153.46440029144287
19396,153.46440029144287
19397,153.46440029144287
19398,153.46440029144287
19399,153.46440029144287
19400,153.46440029144287
19401,164.42874145507812
19402,153.42874145507812
19403,153.42874145507812
19404,142.51981163024902
19405,131.5796480178833
19406,131.5796480178833
19407,131.5796480178833
19408,131.5796480178833
19409,131.5796480178833
19410,131.5796480178833
19411,131.5796480178833
19412,131.5796480178833
19413,131.5796480178833
19414,131.5796480178833
19415,142.49066734313965
19416,142.49066734313965
19417,142.49066734313965
19418,131.50386905670166
19419,131.50386905670166
19420,131.50386905670166
19421,142.28017711639404
19422,142.28017711639404
19423,142.28017711639404
19424,142.28017711639404
19425,142.28017711639404
19426,142.28017711639404
19427,142.28017711639404
19428,142.28017711639404
19429,142.28017711639404
19430,142.28017711639404
19431,142.28017711639404
19432,142.28017711639404
19433,131.31880474090576
19434,131.31880474090576
19435,131.31880474090576
19436,131.31880474090576
19437,131.31880474090576
19438,142.26151180267334
19439,142.26151180267334
19440,142.26151180267334
19441,142.26151180267334
19442,142.26151180267334
19443,153.26151180267334
19444,153.26151180267334
19445,142.28870010375977
19446,142.28870010375977
19447,153.26301860809326
19448,153.03833770751953
19449,153.03833770751953
19450,153.03833770751953
19451,153.03833770751953
19452,153.03833770751953
19453,153.03833770751953
19454,153.03833770751953
19455,153.03833770751953
19456,153.03833770751953
19457,164.02605628967285
19458,164.02605628967285
19459,164.02605628967285
19460,164.02605628967285
19461,164.02605628967285
19462,153.24974822998047
19463,153.24974822998047
19464,153.24974822998047
19465,153.24974822998047
19466,153.27542972564697
19467,153.27542972564697
19468,153.27542972564697
19469,153.27542972564697
19470,153.27542972564697
19471,153.27542972564697
19472,142.36020946502686
19473,142.36020946502686
19474,142.36020946502686
19475,142.36020946502686
19476,142.36020946502686
19477,142.36020946502686
19478,142.36020946502686
19479,153.24284648895264
19480,142.31296920776367
19481,142.31296920776367
19482,142.31296920776367
19483,142.31296920776367
19484,142.31296920776367
19485,131.5591516494751
19486,120.56230449676514
19487,120.56230449676514
19488,120.56230449676514
19489,131.55396461486816
19490,131.55396461486816
19491,131.55396461486816
19492,131.55396461486816
19493,131.55396461486816
19494,120.55396461486816
19495,120.55396461486816
19496,120.55396461486816
19497,120.55396461486816
19498,120.55396461486816
19499,120.55396461486816
19500,120.55396461486816
19501,120.55396461486816
19502,120.55396461486816
19503,131.3275957107544
19504,131.3275957107544
19505,131.3275957107544
19506,131.3275957107544
19507,120.41657638549805
19508,131.40936470031738
19509,131.47958946228027
19510,131.47958946228027
19511,131.47958946228027
19512,131.47958946228027
19513,131.47958946228027
19514,131.47958946228027
19515,142.42614269256592
19516,142.42614269256592
19517,142.42614269256592
19518,142.42614269256592
19519,142.42614269256592
19520,153.31886672973633
19521,164.30813312530518
19522,164.30813312530518
19523,164.30813312530518
19524,164.30813312530518
19525,164.30813312530518
19526,164.30813312530518
19527,197.14080810546875
19528,197.14080810546875
19529,197.14080810546875
19530,197.14080810546875
19531,197.14080810546875
19532,197.14080810546875
19533,197.14080810546875
19534,197.14080810546875
19535,197.14080810546875
19536,197.14080810546875
19537,197.14080810546875
19538,208.14080810546875
19539,208.14080810546875
19540,208.14080810546875
19541,208.14080810546875
19542,208.14080810546875
19543,208.14080810546875
19544,208.14080810546875
19545,208.14080810546875
19546,208.3360652923584
19547,197.3360652923584
19548,197.3360652923584
19549,197.3360652923584
19550,197.3360652923584
19551,197.3360652923584
19552,197.3360652923584
19553,197.3360652923584
19554,197.3360652923584
19555,197.3360652923584
19556,197.3360652923584
19557,197.3360652923584
19558,197.3360652923584
19559,197.3360652923584
19560,197.3360652923584
19561,197.3360652923584
19562,197.3360652923584
19563,197.3360652923584
19564,197.3360652923584
19565,197.3360652923584
19566,197.3360652923584
19567,197.3360652923584
19568,197.3360652923584
19569,208.25374031066895
19570,186.4283962249756
19571,186.4283962249756
19572,197.38806056976318
19573,197.38806056976318
19574,197.38806056976318
19575,208.2528829574585
19576,208.2528829574585
19577,208.2528829574585
19578,208.2528829574585
19579,208.2528829574585
19580,208.2528829574585
19581,208.2528829574585
19582,208.2528829574585
19583,208.2528829574585
19584,208.2528829574585
19585,197.3601589202881
19586,208.31416511535645
19587,208.31416511535645
19588,208.31416511535645
19589,208.31416511535645
19590,208.31416511535645
19591,208.31416511535645
19592,208.31416511535645
19593,208.31416511535645
19594,219.1288080215454
19595,208.16446685791016
19596,208.16446685791016
19597,197.16446685791016
19598,197.16446685791016
19599,197.16446685791016
19600,208.16446685791016
19601,197.17167854309082
19602,197.17167854309082
19603,197.17167854309082
19604,197.17167854309082
19605,186.2494239807129
19606,164.3340139389038
19607,175.27859687805176
19608,175.27859687805176
19609,186.25750160217285
19610,186.25750160217285
19611,186.25750160217285
19612,186.25750160217285
19613,186.25750160217285
19614,186.25750160217285
19615,186.25750160217285
19616,175.27733898162842
19617,175.27733898162842
19618,175.27733898162842
19619,175.27733898162842
19620,175.27733898162842
19621,175.27733898162842
19622,186.27733898162842
19623,186.27733898162842
19624,186.27733898162842
19625,186.27733898162842
19626,197.27624320983887
19627,186.41142082214355
19628,197.36974334716797
19629,197.36974334716797
19630,197.36974334716797
19631,197.36974334716797
19632,197.36974334716797
19633,197.36974334716797
19634,197.36974334716797
19635,197.36974334716797
19636,186.36974334716797
19637,197.3179521560669
19638,197.3179521560669
19639,197.3179521560669
19640,186.33023357391357
19641,186.33023357391357
19642,186.33023357391357
19643,186.33023357391357
19644,186.33023357391357
19645,186.33023357391357
19646,186.33023357391357
19647,186.33023357391357
19648,186.33023357391357
19649,186.33023357391357
19650,186.33023357391357
19651,197.2451047897339
19652,197.2451047897339
19653,197.4064645767212
19654,197.4064645767212
19655,197.4064645767212
19656,197.4064645767212
19657,186.41145420074463
19658,186.41145420074463
19659,186.41145420074463
19660,186.41145420074463
19661,186.41145420074463
19662,186.41145420074463
19663,186.17421531677246
19664,186.17421531677246
19665,186.17421531677246
19666,186.17421531677246
19667,186.17421531677246
19668,207.87291717529297
19669,207.87291717529297
19670,207.87291717529297
19671,196.90897369384766
19672,196.90897369384766
19673,196.90897369384766
19674,196.90897369384766
19675,196.90897369384766
19676,196.90897369384766
19677,196.90897369384766
19678,207.8139181137085
19679,207.8139181137085
19680,207.8139181137085
19681,218.75117206573486
19682,218.75117206573486
19683,218.75117206573486
19684,218.75117206573486
19685,218.75117206573486
19686,218.75117206573486
19687,207.83349704742432
19688,207.83349704742432
19689,197.12418270111084
19690,197.12418270111084
19691,197.12418270111084
19692,208.04623985290527
19693,208.04623985290527
19694,208.04623985290527
19695,208.04623985290527
19696,208.04623985290527
19697,208.04623985290527
19698,479.3634090423584
19699,479.3634090423584
19700,479.3634090423584
19701,468.3945207595825
19702,197.0773515701294
19703,197.0773515701294
19704,197.0773515701294
19705,197.0773515701294
19706,208.06739616394043
19707,197.15252494812012
19708,197.15252494812012
19709,197.15252494812012
19710,197.15252494812012
19711,186.16325855255127
19712,208.00947284698486
19713,208.00947284698486
19714,208.00947284698486
19715,208.00947284698486
19716,197.15203857421875
19717,197.15203857421875
19718,207.99543285369873
19719,207.99543285369873
19720,218.93823337554932
19721,218.93823337554932
19722,218.93823337554932
19723,218.93823337554932
19724,207.98422718048096
19725,218.92924976348877
19726,218.92924976348877
19727,218.92924976348877
19728,218.92924976348877
19729,197.02500247955322
19730,197.02500247955322
19731,197.02500247955322
19732,197.0052785873413
19733,197.02033138275146
19734,207.94624042510986
19735,207.94624042510986
19736,207.94624042510986
19737,185.95458030700684
19738,185.95458030700684
19739,185.95458030700684
19740,185.95458030700684
19741,185.95458030700684
19742,185.95458030700684
19743,185.95458030700684
19744,185.95458030700684
19745,185.95458030700684
19746,185.95458030700684
19747,185.95458030700684
19748,196.88717365264893
19749,196.88717365264893
19750,196.88717365264893
19751,196.88717365264893
19752,185.9822292327881
19753,185.9822292327881
19754,185.9822292327881
19755,185.9822292327881
19756,185.9822292327881
19757,185.9822292327881
19758,185.9822292327881
19759,185.9822292327881
19760,175.1388349533081
19761,175.1388349533081
19762,186.10132503509521
19763,175.24500465393066
19764,175.24500465393066
19765,186.24500465393066
19766,186.24500465393066
19767,186.24500465393066
19768,186.24500465393066
19769,186.24500465393066
19770,186.24500465393066
19771,186.24500465393066
19772,197.13994884490967
19773,197.13994884490967
19774,186.28127479553223
19775,186.28127479553223
19776,186.28127479553223
19777,186.28127479553223
19778,186.28127479553223
19779,186.28127479553223
19780,186.28127479553223
19781,186.28127479553223
19782,186.28127479553223
19783,186.28127479553223
19784,186.28127479553223
19785,186.28127479553223
19786,186.28127479553223
19787,186.28127479553223
19788,186.28127479553223
19789,175.28237056732178
19790,175.28237056732178
19791,175.28237056732178
19792,175.28237056732178
19793,175.28237056732178
19794,186.21330642700195
19795,186.21330642700195
19796,186.21330642700195
19797,197.06407165527344
19798,197.06407165527344
19799,197.06407165527344
19800,197.06407165527344
19801,197.06407165527344
19802,206.6025629043579
19803,206.6025629043579
19804,206.6025629043579
19805,206.6025629043579
19806,206.6025629043579
19807,197.07015132904053
19808,197.07015132904053
19809,186.09124660491943
19810,186.09124660491943
19811,175.169189453125
19812,175.169189453125
19813,175.169189453125
19814,164.21291065216064
19815,164.21291065216064
19816,164.21291065216064
19817,164.21291065216064
19818,175.1784906387329
19819,175.1784906387329
19820,164.2835464477539
19821,164.2835464477539
19822,164.2835464477539
19823,153.2835464477539
19824,153.2835464477539
19825,131.41369915008545
19826,120.46867656707764
19827,120.46867656707764
19828,120.46867656707764
19829,120.46867656707764
19830,120.46867656707764
19831,120.46867656707764
19832,120.46867656707764
19833,120.46867656707764
19834,120.46867656707764
19835,120.46867656707764
19836,120.46867656707764
19837,120.46867656707764
19838,120.46867656707764
19839,98.58953189849854
19840,98.58953189849854
19841,98.58953189849854
19842,108.94675731658936
19843,108.94675731658936
19844,98.02084827423096
19845,98.02084827423096
19846,98.02084827423096
19847,98.02084827423096
19848,98.02084827423096
19849,98.02084827423096
19850,98.02084827423096
19851,98.02084827423096
19852,108.9069881439209
19853,108.9069881439209
19854,109.03092670440674
19855,109.03092670440674
19856,109.03092670440674
19857,119.57269287109375
19858,119.57269287109375
19859,109.21546745300293
19860,109.21546745300293
19861,119.89717864990234
19862,119.89717864990234
19863,119.89717864990234
19864,119.89717864990234
19865,119.89717864990234
19866,119.89717864990234
19867,119.89717864990234
19868,130.0275640487671
19869,119.29848957061768
19870,130.29445362091064
19871,130.29445362091064
19872,141.24979305267334
19873,141.24979305267334
19874,141.24979305267334
19875,119.3194522857666
19876,108.77768611907959
19877,108.77768611907959
19878,108.77768611907959
19879,108.77768611907959
19880,98.64730072021484
19881,98.64730072021484
19882,98.64730072021484
19883,87.67259693145752
19884,98.57004928588867
19885,98.57004928588867
19886,98.57004928588867
19887,98.57004928588867
19888,98.57004928588867
19889,98.57004928588867
19890,98.57004928588867
19891,98.57004928588867
19892,98.57004928588867
19893,98.57004928588867
19894,98.57004928588867
19895,109.43503952026367
19896,109.43503952026367
19897,109.43503952026367
19898,109.43503952026367
19899,109.43503952026367
19900,120.33514881134033
19901,120.33514881134033
19902,130.66743564605713
19903,130.66743564605713
19904,130.66743564605713
19905,130.66743564605713
19906,342.7593698501587
19907,342.7593698501587
19908,130.66743564605713
19909,119.6773910522461
19910,119.6773910522461
19911,119.6773910522461
19912,119.6773910522461
19913,119.6773910522461
19914,119.6773910522461
19915,119.6773910522461
19916,119.6773910522461
19917,119.6773910522461
19918,109.3451042175293
19919,109.3451042175293
19920,109.3451042175293
19921,109.3451042175293
19922,109.3451042175293
19923,109.3451042175293
19924,109.3451042175293
19925,109.3451042175293
19926,109.3451042175293
19927,109.3451042175293
19928,109.3451042175293
19929,109.3451042175293
19930,120.31283283233643
19931,120.31283283233643
19932,120.31283283233643
19933,120.31283283233643
19934,120.31283283233643
19935,109.42669296264648
19936,109.42669296264648
19937,109.42669296264648
19938,109.42669296264648
19939,120.32678031921387
19940,120.32678031921387
19941,109.36429023742676
19942,120.31355476379395
19943,120.31355476379395
19944,120.31355476379395
19945,120.31355476379395
19946,120.31355476379395
19947,120.31355476379395
19948,120.31355476379395
19949,120.31355476379395
19950,131.30550861358643
19951,131.30550861358643
19952,131.30550861358643
19953,131.30550861358643
19954,131.30550861358643
19955,142.27257251739502
19956,142.27257251739502
19957,131.31993579864502
19958,131.31993579864502
19959,131.31993579864502
19960,109.55749320983887
19961,109.55749320983887
19962,109.55749320983887
19963,109.55749320983887
19964,109.55749320983887
19965,109.55749320983887
19966,109.55749320983887
19967,109.55749320983887
19968,109.55749320983887
19969,120.53634262084961
19970,120.53634262084961
19971,120.53634262084961
19972,120.53634262084961
19973,120.53634262084961
19974,120.53634262084961
19975,109.63623332977295
19976,109.63623332977295
19977,109.63623332977295
19978,109.63623332977295
19979,98.64026927947998
19980,98.64026927947998
19981,98.64026927947998
19982,98.64026927947998
19983,98.64026927947998
19984,98.64026927947998
19985,98.64026927947998
19986,98.64026927947998
19987,109.58698177337646
19988,109.58698177337646
19989,109.58698177337646
19990,109.58698177337646
19991,109.51037979125977
19992,109.51037979125977
19993,109.51037979125977
19994,109.51037979125977
19995,109.51037979125977
19996,98.61029243469238
19997,98.61029243469238
19998,98.61029243469238
19999,98.61029243469238
20000,98.61029243469238
20001,98.61029243469238
20002,109.5108871459961
20003,109.5108871459961
20004,109.5108871459961
20005,109.5108871459961
20006,109.5108871459961
20007,109.5108871459961
20008,109.5108871459961
20009,109.5108871459961
20010,109.5108871459961
20011,109.5108871459961
20012,98.5555477142334
20013,109.55358695983887
20014,109.55358695983887
20015,109.55358695983887
20016,109.55358695983887
20017,109.55358695983887
20018,109.55358695983887
20019,98.5880069732666
20020,109.58396625518799
20021,109.58396625518799
20022,109.58396625518799
20023,109.58396625518799
20024,109.58396625518799
20025,109.58396625518799
20026,109.58396625518799
20027,109.58396625518799
20028,109.58396625518799
20029,109.58396625518799
20030,109.58396625518799
20031,109.58396625518799
20032,109.58396625518799
20033,109.58396625518799
20034,109.58396625518799
20035,109.58396625518799
20036,109.58396625518799
20037,109.58396625518799
20038,109.58396625518799
20039,109.58396625518799
20040,109.58396625518799
20041,109.58396625518799
20042,109.58396625518799
20043,109.58396625518799
20044,109.58396625518799
20045,109.58396625518799
20046,109.58396625518799
20047,109.58396625518799
20048,98.68171882629395
20049,87.78112411499023
20050,98.56344985961914
20051,98.56344985961914
20052,98.56344985961914
20053,98.56344985961914
20054,98.56344985961914
20055,98.56344985961914
20056,98.56344985961914
20057,98.56344985961914
20058,98.56344985961914
20059,98.56344985961914
20060,98.56344985961914
20061,98.56344985961914
20062,98.56344985961914
20063,98.56344985961914
20064,98.56344985961914
20065,98.56344985961914
20066,98.56344985961914
20067,98.56344985961914
20068,98.56344985961914
20069,98.56344985961914
20070,98.56344985961914
20071,98.56344985961914
20072,98.56344985961914
20073,109.4822645187378
20074,109.4822645187378
20075,109.4822645187378
20076,109.4822645187378
20077,109.4822645187378
20078,109.4822645187378
20079,109.4822645187378
20080,98.48422527313232
20081,98.48422527313232
20082,98.48422527313232
20083,98.48422527313232
20084,98.48422527313232
20085,98.48422527313232
20086,98.48422527313232
20087,98.48422527313232
20088,98.48422527313232
20089,98.48422527313232
20090,98.48422527313232
20091,98.48422527313232
20092,76.52786922454834
20093,76.52786922454834
20094,76.52786922454834
20095,76.52786922454834
20096,76.52786922454834
20097,76.52786922454834
20098,76.52786922454834
20099,65.74554347991943
20100,65.74554347991943
20101,65.74554347991943
20102,65.74554347991943
20103,65.74554347991943
20104,65.74554347991943
20105,65.74554347991943
20106,65.74554347991943
20107,65.74554347991943
20108,65.74554347991943
20109,65.74554347991943
20110,65.74554347991943
20111,65.74554347991943
20112,65.74554347991943
20113,65.57944202423096
20114,65.57944202423096
20115,65.57944202423096
20116,65.57944202423096
20117,65.57944202423096
20118,65.57944202423096
20119,65.57944202423096
20120,65.57944202423096
20121,65.57944202423096
20122,65.57944202423096
20123,65.57944202423096
20124,65.57944202423096
20125,54.63017749786377
20126,54.63017749786377
20127,54.63017749786377
20128,54.63017749786377
20129,54.63017749786377
20130,54.63017749786377
20131,54.63017749786377
20132,54.63017749786377
20133,54.63017749786377
20134,54.63017749786377
20135,54.63017749786377
20136,54.63017749786377
20137,54.63017749786377
20138,54.63017749786377
20139,54.63017749786377
20140,54.63017749786377
20141,54.63017749786377
20142,54.63017749786377
20143,54.63017749786377
20144,43.82921504974365
20145,43.82921504974365
20146,32.833255767822266
20147,32.833255767822266
20148,32.833255767822266
20149,32.833255767822266
20150,32.833255767822266
20151,32.833255767822266
20152,32.833255767822266
20153,32.833255767822266
20154,32.833255767822266
20155,32.833255767822266
20156,32.833255767822266
20157,43.32594680786133
20158,43.32594680786133
20159,43.32594680786133
20160,43.32594680786133
20161,43.32594680786133
20162,43.32594680786133
20163,43.32594680786133
20164,43.32594680786133
20165,43.32594680786133
20166,43.32594680786133
20167,43.32594680786133
20168,43.32594680786133
20169,43.32594680786133
20170,43.32594680786133
20171,43.32594680786133
20172,32.833255767822266
20173,32.833255767822266
20174,32.833255767822266
20175,32.833255767822266
20176,43.63033485412598
20177,43.63033485412598
20178,43.63033485412598
20179,43.63033485412598
20180,32.68362236022949
20181,32.68362236022949
20182,32.68362236022949
20183,32.68362236022949
20184,32.68362236022949
20185,32.68362236022949
20186,32.68362236022949
20187,32.68362236022949
20188,32.68362236022949
20189,32.68362236022949
20190,32.68362236022949
20191,32.68362236022949
20192,32.68362236022949
20193,32.68362236022949
20194,32.68362236022949
20195,32.68362236022949
20196,32.68362236022949
20197,32.68362236022949
20198,32.68362236022949
20199,32.68362236022949
20200,32.68362236022949
20201,32.68362236022949
20202,32.68362236022949
20203,32.68362236022949
20204,32.68362236022949
20205,32.68362236022949
20206,32.68362236022949
20207,21.76480770111084
20208,32.74421405792236
20209,32.74421405792236
20210,32.74421405792236
20211,32.74421405792236
20212,32.74421405792236
20213,32.74421405792236
20214,32.74421405792236
20215,43.716856956481934
20216,43.716856956481934
20217,43.716856956481934
20218,43.716856956481934
20219,43.716856956481934
20220,43.716856956481934
20221,43.716856956481934
20222,32.91977787017822
20223,32.91977787017822
20224,32.91977787017822
20225,32.91977787017822
20226,32.91977787017822
20227,32.91977787017822
20228,32.91977787017822
20229,32.91977787017822
20230,32.91977787017822
20231,32.91977787017822
20232,43.79502868652344
20233,43.79502868652344
20234,43.79502868652344
20235,43.79502868652344
20236,43.79502868652344
20237,43.79502868652344
20238,43.79502868652344
20239,43.79502868652344
20240,43.79502868652344
20241,43.79502868652344
20242,43.79502868652344
20243,43.79502868652344
20244,43.79502868652344
20245,43.79502868652344
20246,43.79502868652344
20247,43.79502868652344
20248,43.79502868652344
20249,43.79502868652344
20250,43.79502868652344
20251,43.79502868652344
20252,43.79502868652344
20253,43.79502868652344
20254,43.79502868652344
20255,43.79502868652344
20256,43.79502868652344
20257,43.79502868652344
20258,43.79502868652344
20259,43.79502868652344
20260,43.79502868652344
20261,54.65484428405762
20262,54.65484428405762
20263,54.65484428405762
20264,54.65484428405762
20265,54.65484428405762
20266,54.65484428405762
20267,54.65484428405762
20268,54.65484428405762
20269,43.68711566925049
20270,43.68711566925049
20271,43.68711566925049
20272,43.68711566925049
20273,43.68711566925049
20274,43.68711566925049
20275,43.68711566925049
20276,43.68711566925049
20277,43.68711566925049
20278,43.68711566925049
20279,43.68711566925049
20280,43.68711566925049
20281,43.68711566925049
20282,43.68711566925049
20283,43.68711566925049
20284,43.68711566925049
20285,43.68711566925049
20286,43.68711566925049
20287,43.68711566925049
20288,43.68711566925049
20289,32.81186485290527
20290,32.81186485290527
20291,32.81186485290527
20292,43.81186485290527
20293,43.81186485290527
20294,43.81186485290527
20295,43.81186485290527
20296,43.81186485290527
20297,43.81186485290527
20298,43.81186485290527
20299,43.81186485290527
20300,43.81186485290527
20301,43.81186485290527
20302,43.81186485290527
20303,43.81186485290527
20304,43.81186485290527
20305,43.81186485290527
20306,43.81186485290527
20307,43.81186485290527
20308,43.81186485290527
20309,43.81186485290527
20310,43.81186485290527
20311,43.81186485290527
20312,43.81186485290527
20313,43.81186485290527
20314,43.81186485290527
20315,43.81186485290527
20316,43.81186485290527
20317,43.81186485290527
20318,43.81186485290527
20319,43.81186485290527
20320,43.81186485290527
20321,43.81186485290527
20322,43.81186485290527
20323,43.81186485290527
20324,43.81186485290527
20325,43.81186485290527
20326,43.81186485290527
20327,32.952049255371094
20328,32.952049255371094
20329,32.952049255371094
20330,32.952049255371094
20331,32.952049255371094
20332,32.952049255371094
20333,32.952049255371094
20334,32.952049255371094
20335,32.952049255371094
20336,32.952049255371094
20337,32.952049255371094
20338,32.952049255371094
20339,32.952049255371094
20340,32.952049255371094
20341,32.952049255371094
20342,32.952049255371094
20343,32.952049255371094
20344,32.952049255371094
20345,32.952049255371094
20346,32.952049255371094
20347,32.952049255371094
20348,32.952049255371094
20349,32.952049255371094
20350,32.952049255371094
20351,32.952049255371094
20352,32.952049255371094
20353,32.952049255371094
20354,32.952049255371094
20355,32.952049255371094
20356,32.952049255371094
20357,32.952049255371094
20358,43.77741050720215
20359,43.77741050720215
20360,43.77741050720215
20361,43.77741050720215
20362,43.77741050720215
20363,43.77741050720215
20364,43.77741050720215
20365,43.77741050720215
20366,43.77741050720215
20367,43.77741050720215
20368,43.77741050720215
20369,43.77741050720215
20370,43.77741050720215
20371,43.77741050720215
20372,43.77741050720215
20373,43.77741050720215
20374,43.77741050720215
20375,43.77741050720215
20376,43.77741050720215
20377,43.77741050720215
20378,43.77741050720215
20379,43.77741050720215
20380,43.77741050720215
20381,43.77741050720215
20382,43.77741050720215
20383,43.77741050720215
20384,43.77741050720215
20385,43.77741050720215
20386,43.77741050720215
20387,43.77741050720215
20388,43.77741050720215
20389,43.77741050720215
20390,43.77741050720215
20391,43.77741050720215
20392,43.77741050720215
20393,43.77741050720215
20394,43.77741050720215
20395,54.65372085571289
20396,54.65372085571289
20397,54.65372085571289
20398,54.65372085571289
20399,54.65372085571289
20400,43.828359603881836
20401,32.855716705322266
20402,32.855716705322266
20403,32.855716705322266
20404,32.855716705322266
20405,32.855716705322266
20406,32.855716705322266
20407,32.855716705322266
20408,32.855716705322266
20409,32.855716705322266
20410,32.855716705322266
20411,32.855716705322266
20412,32.855716705322266
20413,32.855716705322266
20414,32.855716705322266
20415,32.855716705322266
20416,32.855716705322266
20417,32.855716705322266
20418,32.855716705322266
20419,32.855716705322266
20420,32.855716705322266
20421,32.855716705322266
20422,32.855716705322266
20423,32.855716705322266
20424,32.855716705322266
20425,32.855716705322266
20426,32.855716705322266
20427,32.855716705322266
20428,32.855716705322266
20429,32.855716705322266
20430,32.855716705322266
20431,32.93870449066162
20432,32.93870449066162
20433,32.93870449066162
20434,32.93870449066162
20435,43.888020515441895
20436,32.888020515441895
20437,32.888020515441895
20438,32.888020515441895
20439,32.888020515441895
20440,32.888020515441895
20441,32.888020515441895
20442,32.888020515441895
20443,32.888020515441895
20444,32.888020515441895
20445,32.888020515441895
20446,32.888020515441895
20447,32.888020515441895
20448,32.888020515441895
20449,32.888020515441895
20450,32.888020515441895
20451,32.888020515441895
20452,32.888020515441895
20453,32.888020515441895
20454,32.888020515441895
20455,32.888020515441895
20456,32.888020515441895
20457,21.90861415863037
20458,21.90861415863037
20459,21.90861415863037
20460,21.90861415863037
20461,21.90861415863037
20462,21.90861415863037
20463,21.90861415863037
20464,21.90861415863037
20465,21.90861415863037
20466,32.89784526824951
20467,32.89784526824951
20468,32.89784526824951
20469,43.847049713134766
20470,43.847049713134766
20471,43.847049713134766
20472,43.847049713134766
20473,43.847049713134766
20474,43.847049713134766
20475,43.847049713134766
20476,43.847049713134766
20477,43.847049713134766
20478,43.847049713134766
20479,54.847049713134766
20480,54.847049713134766
20481,54.847049713134766
20482,54.847049713134766
20483,65.73036003112793
20484,65.73036003112793
20485,54.781044006347656
20486,54.781044006347656
20487,54.781044006347656
20488,54.781044006347656
20489,54.781044006347656
20490,54.781044006347656
20491,65.73755836486816
20492,65.73755836486816
20493,65.73755836486816
20494,65.73755836486816
20495,65.73755836486816
20496,65.73755836486816
20497,65.73755836486816
20498,65.73755836486816
20499,65.73755836486816
20500,65.73755836486816
20501,65.73755836486816
20502,65.73755836486816
20503,65.73755836486816
20504,65.73755836486816
20505,65.73755836486816
20506,54.778260231018066
20507,54.778260231018066
20508,54.778260231018066
20509,54.778260231018066
20510,54.778260231018066
20511,54.778260231018066
20512,54.778260231018066
20513,54.778260231018066
20514,54.778260231018066
20515,54.778260231018066
20516,54.778260231018066
20517,43.8949499130249
20518,43.8949499130249
20519,43.8949499130249
20520,43.8949499130249
20521,43.8949499130249
20522,43.8949499130249
20523,43.8949499130249
20524,43.8949499130249
20525,43.8949499130249
20526,43.8949499130249
20527,43.8949499130249
20528,43.8949499130249
20529,43.8949499130249
20530,43.8949499130249
20531,43.8949499130249
20532,43.8949499130249
20533,43.8949499130249
20534,43.8949499130249
20535,43.8949499130249
20536,43.8949499130249
20537,43.8949499130249
20538,43.8949499130249
20539,43.8949499130249
20540,43.8949499130249
20541,43.8949499130249
20542,43.8949499130249
20543,43.8949499130249
20544,43.8949499130249
20545,54.85188293457031
20546,54.85188293457031
20547,54.85188293457031
20548,54.85188293457031
20549,54.85188293457031
20550,54.85188293457031
20551,54.85188293457031
20552,54.85188293457031
20553,54.85188293457031
20554,54.85188293457031
20555,54.85188293457031
20556,54.85188293457031
20557,65.76333618164062
20558,65.76333618164062
20559,65.76333618164062
20560,54.763336181640625
20561,54.763336181640625
20562,54.763336181640625
20563,54.763336181640625
20564,54.763336181640625
20565,54.763336181640625
20566,54.763336181640625
20567,54.763336181640625
20568,54.763336181640625
20569,54.763336181640625
20570,54.763336181640625
20571,54.763336181640625
20572,54.763336181640625
20573,54.763336181640625
20574,54.763336181640625
20575,54.763336181640625
20576,54.763336181640625
20577,54.763336181640625
20578,54.763336181640625
20579,54.763336181640625
20580,54.763336181640625
20581,54.763336181640625
20582,54.763336181640625
20583,54.763336181640625
20584,54.763336181640625
20585,54.763336181640625
20586,43.806403160095215
20587,43.806403160095215
20588,43.806403160095215
20589,43.806403160095215
20590,43.806403160095215
20591,54.782514572143555
20592,65.73702144622803
20593,76.69731140136719
20594,76.69731140136719
20595,76.69731140136719
20596,76.69731140136719
20597,76.69731140136719
20598,76.69731140136719
20599,76.69731140136719
20600,76.69731140136719
20601,76.69731140136719
20602,76.69731140136719
20603,76.69731140136719
20604,76.69731140136719
20605,76.69731140136719
20606,76.69731140136719
20607,76.69731140136719
20608,76.69731140136719
20609,76.69731140136719
20610,76.69731140136719
20611,76.69731140136719
20612,76.69731140136719
20613,76.69731140136719
20614,65.78585815429688
20615,65.78585815429688
20616,65.78585815429688
20617,65.78585815429688
20618,65.78585815429688
20619,65.78585815429688
20620,65.78585815429688
20621,65.78585815429688
20622,65.78585815429688
20623,65.78585815429688
20624,65.78585815429688
20625,65.78585815429688
20626,65.78585815429688
20627,65.78585815429688
20628,65.78585815429688
20629,65.78585815429688
20630,65.78585815429688
20631,65.78585815429688
20632,65.78585815429688
20633,65.78585815429688
20634,65.78585815429688
20635,65.78585815429688
20636,65.78585815429688
20637,65.78585815429688
20638,65.78585815429688
20639,65.78585815429688
20640,76.72681331634521
20641,76.72681331634521
20642,65.77760887145996
20643,65.77760887145996
20644,65.77760887145996
20645,65.77760887145996
20646,65.77760887145996
20647,65.77760887145996
20648,65.77760887145996
20649,65.77760887145996
20650,65.77760887145996
20651,65.77760887145996
20652,65.77760887145996
20653,65.77760887145996
20654,65.77760887145996
20655,65.77760887145996
20656,65.77760887145996
20657,65.77760887145996
20658,65.77760887145996
20659,65.77760887145996
20660,65.77760887145996
20661,65.77760887145996
20662,65.77760887145996
20663,54.83665370941162
20664,54.83665370941162
20665,54.83665370941162
20666,54.83665370941162
20667,54.83665370941162
20668,54.83665370941162
20669,54.83665370941162
20670,65.77273750305176
20671,65.77273750305176
20672,65.77273750305176
20673,65.77273750305176
20674,65.77273750305176
20675,65.77273750305176
20676,65.77273750305176
20677,73.2464485168457
20678,73.2464485168457
20679,73.2464485168457
20680,65.77273750305176
20681,65.77273750305176
20682,65.77273750305176
20683,65.77273750305176
20684,65.77273750305176
20685,54.78350639343262
20686,54.78350639343262
20687,65.70328330993652
20688,65.70328330993652
20689,54.746768951416016
20690,54.746768951416016
20691,65.74676895141602
20692,65.74676895141602
20693,65.74676895141602
20694,65.74676895141602
20695,76.72399520874023
20696,76.72399520874023
20697,65.76370525360107
20698,65.76370525360107
20699,54.787593841552734
20700,54.787593841552734
20701,43.8515100479126
20702,43.8515100479126
20703,43.8515100479126
20704,43.8515100479126
20705,43.8515100479126
20706,43.8515100479126
20707,43.8515100479126
20708,43.8515100479126
20709,43.8515100479126
20710,43.8515100479126
20711,43.8515100479126
20712,43.8515100479126
20713,43.8515100479126
20714,43.8515100479126
20715,43.8515100479126
20716,43.8515100479126
20717,32.897003173828125
20718,32.897003173828125
20719,32.897003173828125
20720,32.897003173828125
20721,32.897003173828125
20722,32.897003173828125
20723,32.897003173828125
20724,32.897003173828125
20725,32.897003173828125
20726,32.897003173828125
20727,32.897003173828125
20728,32.897003173828125
20729,32.897003173828125
20730,32.897003173828125
20731,32.897003173828125
20732,32.897003173828125
20733,32.897003173828125
20734,32.897003173828125
20735,32.897003173828125
20736,32.897003173828125
20737,32.897003173828125
20738,32.897003173828125
20739,32.897003173828125
20740,32.897003173828125
20741,32.897003173828125
20742,32.897003173828125
20743,32.897003173828125
20744,32.897003173828125
20745,32.897003173828125
20746,32.897003173828125
20747,32.897003173828125
20748,32.897003173828125
20749,32.897003173828125
20750,32.897003173828125
20751,32.897003173828125
20752,32.897003173828125
20753,32.897003173828125
20754,32.897003173828125
20755,32.897003173828125
20756,32.897003173828125
20757,32.897003173828125
20758,32.897003173828125
20759,32.897003173828125
20760,32.897003173828125
20761,32.897003173828125
20762,32.897003173828125
20763,21.897003173828125
20764,21.897003173828125
20765,21.897003173828125
20766,21.897003173828125
20767,21.897003173828125
20768,21.897003173828125
20769,32.864667892456055
20770,32.864667892456055
20771,21.94489097595215
20772,21.94489097595215
20773,21.94489097595215
20774,21.94489097595215
20775,21.94489097595215
20776,21.94489097595215
20777,21.94489097595215
20778,21.94489097595215
20779,21.94489097595215
20780,21.94489097595215
20781,32.76404571533203
20782,43.698758125305176
20783,43.698758125305176
20784,43.698758125305176
20785,43.698758125305176
20786,43.698758125305176
20787,54.698758125305176
20788,54.698758125305176
20789,54.698758125305176
20790,54.698758125305176
20791,54.698758125305176
20792,54.698758125305176
20793,54.698758125305176
20794,54.698758125305176
20795,54.698758125305176
20796,54.698758125305176
20797,54.698758125305176
20798,54.698758125305176
20799,54.698758125305176
20800,54.698758125305176
20801,54.698758125305176
20802,54.698758125305176
20803,54.698758125305176
20804,54.698758125305176
20805,54.698758125305176
20806,54.698758125305176
20807,54.698758125305176
20808,54.698758125305176
20809,54.698758125305176
20810,54.698758125305176
20811,54.698758125305176
20812,54.698758125305176
20813,54.698758125305176
20814,54.698758125305176
20815,65.6525526046753
20816,65.6525526046753
20817,65.6525526046753
20818,65.6525526046753
20819,65.6525526046753
20820,65.6525526046753
20821,65.6525526046753
20822,65.6525526046753
20823,65.6525526046753
20824,65.6525526046753
20825,65.6525526046753
20826,65.6525526046753
20827,65.6525526046753
20828,65.6525526046753
20829,65.6525526046753
20830,65.6525526046753
20831,65.6525526046753
20832,65.6525526046753
20833,65.6525526046753
20834,65.6525526046753
20835,65.6525526046753
20836,65.6525526046753
20837,65.6525526046753
20838,54.83339786529541
20839,54.83339786529541
20840,65.805100440979
20841,65.805100440979
20842,65.805100440979
20843,65.805100440979
20844,65.805100440979
20845,65.805100440979
20846,65.805100440979
20847,65.805100440979
20848,65.805100440979
20849,65.805100440979
20850,65.805100440979
20851,65.805100440979
20852,65.805100440979
20853,65.805100440979
20854,65.805100440979
20855,65.805100440979
20856,76.805100440979
20857,76.805100440979
20858,76.805100440979
20859,76.805100440979
20860,76.805100440979
20861,76.805100440979
20862,87.7552547454834
20863,87.7552547454834
20864,87.7552547454834
20865,87.7552547454834
20866,87.7552547454834
20867,87.7552547454834
20868,87.7552547454834
20869,87.7552547454834
20870,87.7552547454834
20871,87.7552547454834
20872,87.7552547454834
20873,87.7552547454834
20874,87.7552547454834
20875,87.7552547454834
20876,87.7552547454834
20877,87.7552547454834
20878,87.7552547454834
20879,87.7552547454834
20880,87.7552547454834
20881,87.7552547454834
20882,87.7552547454834
20883,87.7552547454834
20884,98.70004463195801
20885,98.70004463195801
20886,98.70004463195801
20887,98.70004463195801
20888,109.67193603515625
20889,109.67193603515625
20890,120.66000270843506
20891,131.5785846710205
20892,131.5785846710205
20893,131.5785846710205
20894,131.5785846710205
20895,131.5785846710205
20896,142.57019233703613
20897,142.57019233703613
20898,164.25580596923828
20899,164.25580596923828
20900,164.25580596923828
20901,164.25580596923828
20902,164.25580596923828
20903,164.25580596923828
20904,164.25580596923828
20905,164.25580596923828
20906,164.25580596923828
20907,164.25580596923828
20908,164.25580596923828
20909,164.25580596923828
20910,164.25580596923828
20911,164.25580596923828
20912,175.1358766555786
20913,175.1358766555786
20914,164.29297256469727
20915,164.29297256469727
20916,164.29297256469727
20917,175.18377590179443
20918,175.18377590179443
20919,175.18377590179443
20920,175.18377590179443
20921,175.18377590179443
20922,164.2490634918213
20923,164.26102352142334
20924,164.26102352142334
20925,175.17871475219727
20926,186.09635734558105
20927,197.09635734558105
20928,197.09635734558105
20929,197.09635734558105
20930,531.3532238006592
20931,531.3532238006592
20932,531.3532238006592
20933,531.3532238006592
20934,531.3532238006592
20935,520.3532238006592
20936,520.3532238006592
20937,531.0387868881226
20938,542.0387868881226
20939,542.0387868881226
20940,553.0261106491089
20941,218.76924419403076
20942,218.76924419403076
20943,218.76924419403076
20944,218.76924419403076
20945,218.76924419403076
20946,218.76924419403076
20947,218.76924419403076
20948,229.3523998260498
20949,229.3523998260498
20950,229.3523998260498
20951,207.66683673858643
20952,196.7130422592163
20953,196.7130422592163
20954,196.7130422592163
20955,196.7130422592163
20956,196.7130422592163
20957,196.7130422592163
20958,196.76042938232422
20959,196.76042938232422
20960,196.76042938232422
20961,196.76042938232422
20962,185.8803586959839
20963,185.8803586959839
20964,196.8719244003296
20965,196.8719244003296
20966,196.8719244003296
20967,185.90003299713135
20968,185.90003299713135
20969,185.90003299713135
20970,185.90003299713135
20971,185.90003299713135
20972,185.90003299713135
20973,185.90003299713135
20974,175.3168773651123
20975,175.3168773651123
20976,175.3168773651123
20977,153.39829540252686
20978,153.39829540252686
20979,164.17473125457764
20980,164.17473125457764
20981,164.17473125457764
20982,164.17473125457764
20983,164.17473125457764
20984,164.17473125457764
20985,164.17473125457764
20986,164.17473125457764
20987,164.17473125457764
20988,164.17473125457764
20989,164.17473125457764
20990,153.2070665359497
20991,153.2070665359497
20992,153.2070665359497
20993,153.2070665359497
20994,142.2569122314453
20995,142.3121223449707
20996,142.3121223449707
20997,142.3121223449707
20998,152.78553867340088
20999,152.78553867340088
21000,152.86784744262695
21001,152.8590431213379
21002,142.0826072692871
21003,142.0826072692871
21004,131.1925106048584
21005,153.1925106048584
21006,153.15120887756348
21007,153.15120887756348
21008,142.2604055404663
21009,142.2604055404663
21010,142.2604055404663
21011,142.2604055404663
21012,131.78698921203613
21013,131.78698921203613
21014,131.78698921203613
21015,131.78698921203613
21016,131.78698921203613
21017,131.78698921203613
21018,131.78698921203613
21019,131.78698921203613
21020,131.78698921203613
21021,131.78698921203613
21022,131.78698921203613
21023,142.7837896347046
21024,142.7837896347046
21025,153.7360372543335
21026,153.7360372543335
21027,153.7360372543335
21028,153.7360372543335
21029,142.8183946609497
21030,142.8183946609497
21031,142.8183946609497
21032,142.8183946609497
21033,142.8183946609497
21034,142.8183946609497
21035,142.8183946609497
21036,142.8183946609497
21037,142.8183946609497
21038,142.8183946609497
21039,142.8183946609497
21040,142.8183946609497
21041,142.8183946609497
21042,153.7711820602417
21043,153.7711820602417
21044,153.7711820602417
21045,153.7711820602417
21046,142.78199577331543
21047,142.78199577331543
21048,153.7783727645874
21049,164.7783727645874
21050,164.7783727645874
21051,164.7783727645874
21052,164.7783727645874
21053,164.7783727645874
21054,164.7783727645874
21055,164.78022575378418
21056,164.78022575378418
21057,164.78022575378418
21058,164.78022575378418
21059,164.78022575378418
21060,164.78022575378418
21061,164.78022575378418
21062,164.78022575378418
21063,164.78022575378418
21064,164.78022575378418
21065,164.78022575378418
21066,164.78022575378418
21067,164.78022575378418
21068,164.78022575378418
21069,164.78022575378418
21070,164.78022575378418
21071,175.78022575378418
21072,175.78022575378418
21073,175.78022575378418
21074,175.78022575378418
21075,175.78022575378418
21076,175.78022575378418
21077,175.78022575378418
21078,175.78022575378418
21079,186.78022575378418
21080,208.70493125915527
21081,197.70493125915527
21082,197.70493125915527
21083,197.70493125915527
21084,197.70493125915527
21085,197.70493125915527
21086,197.70493125915527
21087,197.70493125915527
21088,197.70493125915527
21089,186.70493125915527
21090,186.70493125915527
21091,186.70493125915527
21092,186.70493125915527
21093,186.70493125915527
21094,197.6815185546875
21095,197.6815185546875
21096,197.6815185546875
21097,208.61926174163818
21098,208.61926174163818
21099,208.61926174163818
21100,208.61926174163818
21101,208.61926174163818
21102,208.61926174163818
21103,219.58113956451416
21104,219.58113956451416
21105,208.5843391418457
21106,197.5927734375
21107,197.5927734375
21108,197.5927734375
21109,197.5927734375
21110,197.5927734375
21111,197.55387020111084
21112,197.55387020111084
21113,208.29058742523193
21114,208.29058742523193
21115,208.29058742523193
21116,197.3032636642456
21117,197.3032636642456
21118,197.3032636642456
21119,197.3032636642456
21120,186.3032636642456
21121,186.3032636642456
21122,186.3032636642456
21123,186.3032636642456
21124,495.43662548065186
21125,495.43662548065186
21126,495.43662548065186
21127,495.43662548065186
21128,495.43662548065186
21129,186.3032636642456
21130,186.3032636642456
21131,186.3032636642456
21132,186.3032636642456
21133,186.3032636642456
21134,186.3032636642456
21135,186.3032636642456
21136,186.3032636642456
21137,186.3032636642456
21138,186.3032636642456
21139,186.3032636642456
21140,186.3032636642456
21141,186.3032636642456
21142,175.3032636642456
21143,184.7402687072754
21144,184.7402687072754
21145,184.7402687072754
21146,184.7402687072754
21147,184.7402687072754
21148,195.72096061706543
21149,184.98424339294434
21150,175.54723834991455
21151,186.5414524078369
21152,186.5414524078369
21153,186.5414524078369
21154,186.5414524078369
21155,175.5414524078369
21156,186.5414524078369
21157,197.05841541290283
21158,207.99105739593506
21159,207.99105739593506
21160,207.99105739593506
21161,207.99105739593506
21162,207.99105739593506
21163,207.99105739593506
21164,207.99105739593506
21165,207.99105739593506
21166,196.9946804046631
21167,196.9946804046631
21168,196.9946804046631
21169,186.03178215026855
21170,186.03178215026855
21171,175.04017448425293
21172,186.0129690170288
21173,186.0129690170288
21174,186.0129690170288
21175,186.0129690170288
21176,186.0129690170288
21177,175.4960060119629
21178,175.4960060119629
21179,175.4960060119629
21180,175.4960060119629
21181,164.5373077392578
21182,164.5373077392578
21183,164.5373077392578
21184,164.5373077392578
21185,175.32489109039307
21186,186.27830696105957
21187,186.27830696105957
21188,186.27830696105957
21189,186.27830696105957
21190,186.27830696105957
21191,186.27830696105957
21192,186.27830696105957
21193,197.25866985321045
21194,186.2975730895996
21195,186.2975730895996
21196,197.2864055633545
21197,197.2864055633545
21198,197.2864055633545
21199,208.24979972839355
21200,208.24979972839355
21201,219.19821071624756
21202,219.19821071624756
21203,219.19821071624756
21204,219.19821071624756
21205,219.19821071624756
21206,219.19821071624756
21207,219.19821071624756
21208,219.19821071624756
21209,208.19821071624756
21210,197.4106273651123
21211,197.4106273651123
21212,197.4106273651123
21213,197.4106273651123
21214,208.34267139434814
21215,208.34267139434814
21216,208.34267139434814
21217,208.34267139434814
21218,208.34267139434814
21219,208.34267139434814
21220,208.34267139434814
21221,208.34267139434814
21222,208.34267139434814
21223,208.34267139434814
21224,208.34267139434814
21225,219.32465171813965
21226,208.34428882598877
21227,208.34428882598877
21228,219.30918216705322
21229,219.30918216705322
21230,219.30918216705322
21231,219.30918216705322
21232,219.30918216705322
21233,219.30918216705322
21234,219.30918216705322
21235,219.30918216705322
21236,208.30918216705322
21237,208.30918216705322
21238,208.30918216705322
21239,186.38151931762695
21240,186.38151931762695
21241,186.38151931762695
21242,186.38151931762695
21243,175.4494752883911
21244,175.4494752883911
21245,186.39226245880127
21246,197.3312292098999
21247,186.378981590271
21248,175.4154872894287
21249,186.40841007232666
21250,186.40841007232666
21251,186.40841007232666
21252,186.40841007232666
21253,186.40841007232666
21254,186.40841007232666
21255,186.40841007232666
21256,186.40841007232666
21257,197.31256866455078
21258,197.31256866455078
21259,208.2812271118164
21260,208.2812271118164
21261,208.2812271118164
21262,208.2812271118164
21263,208.2812271118164
21264,208.2812271118164
21265,208.2812271118164
21266,208.2812271118164
21267,208.2812271118164
21268,219.17689895629883
21269,208.22411155700684
21270,208.22411155700684
21271,208.22411155700684
21272,208.22411155700684
21273,186.2973403930664
21274,186.2973403930664
21275,186.2973403930664
21276,197.28023529052734
21277,197.28023529052734
21278,197.28023529052734
21279,197.28023529052734
21280,197.28023529052734
21281,197.28023529052734
21282,197.28023529052734
21283,197.28023529052734
21284,197.28023529052734
21285,197.28023529052734
21286,186.31684112548828
21287,186.31684112548828
21288,175.37787437438965
21289,175.37787437438965
21290,175.37787437438965
21291,175.37787437438965
21292,175.37787437438965
21293,175.37787437438965
21294,175.37787437438965
21295,175.37787437438965
21296,175.37787437438965
21297,175.37787437438965
21298,164.3971824645996
21299,164.3971824645996
21300,164.3971824645996
21301,164.3971824645996
21302,164.3971824645996
21303,164.3971824645996
21304,164.3971824645996
21305,153.4359712600708
21306,153.4359712600708
21307,153.4359712600708
21308,164.41799068450928
21309,164.41799068450928
21310,164.41799068450928
21311,164.41799068450928
21312,164.41799068450928
21313,164.41799068450928
21314,153.48534870147705
21315,153.48534870147705
21316,153.48534870147705
21317,153.48534870147705
21318,153.48534870147705
21319,153.48534870147705
21320,153.48534870147705
21321,153.48534870147705
21322,153.48534870147705
21323,153.48534870147705
21324,153.48534870147705
21325,153.48534870147705
21326,153.48534870147705
21327,153.48534870147705
21328,153.48534870147705
21329,153.48534870147705
21330,153.48534870147705
21331,153.48534870147705
21332,153.48534870147705
21333,153.48534870147705
21334,153.48534870147705
21335,153.48534870147705
21336,142.4924259185791
21337,142.4924259185791
21338,153.4713897705078
21339,153.4713897705078
21340,153.4713897705078
21341,142.4948024749756
21342,142.4948024749756
21343,153.37933158874512
21344,153.37933158874512
21345,153.37933158874512
21346,153.37933158874512
21347,153.37933158874512
21348,153.37933158874512
21349,153.37933158874512
21350,153.37933158874512
21351,163.92787742614746
21352,152.94589710235596
21353,152.94589710235596
21354,152.94589710235596
21355,142.05022525787354
21356,142.05022525787354
21357,142.05022525787354
21358,152.7811040878296
21359,152.7811040878296
21360,152.7811040878296
21361,152.7811040878296
21362,163.73510456085205
21363,163.73510456085205
21364,163.73510456085205
21365,163.73510456085205
21366,163.73510456085205
21367,163.73510456085205
21368,152.83094596862793
21369,163.83094596862793
21370,163.83094596862793
21371,152.84211349487305
21372,142.2935676574707
21373,142.2935676574707
21374,153.25104999542236
21375,153.25104999542236
21376,153.25104999542236
21377,153.25104999542236
21378,153.25104999542236
21379,153.25104999542236
21380,164.02164268493652
21381,153.06822681427002
21382,153.06822681427002
21383,153.06822681427002
21384,153.06822681427002
21385,153.06822681427002
21386,153.06822681427002
21387,153.06822681427002
21388,153.06822681427002
21389,153.06822681427002
21390,153.06822681427002
21391,153.06822681427002
21392,142.11981582641602
21393,142.11981582641602
21394,131.17702865600586
21395,131.17702865600586
21396,120.4461498260498
21397,120.4461498260498
21398,120.4461498260498
21399,120.4461498260498
21400,120.4461498260498
21401,120.4461498260498
21402,120.4461498260498
21403,120.4461498260498
21404,120.4461498260498
21405,120.4461498260498
21406,120.4461498260498
21407,120.4461498260498
21408,120.4461498260498
21409,120.4461498260498
21410,120.4461498260498
21411,120.4461498260498
21412,131.3735694885254
21413,131.3735694885254
21414,131.3735694885254
21415,131.3735694885254
21416,131.3735694885254
21417,131.3735694885254
21418,142.3155517578125
21419,131.32133769989014
21420,131.32133769989014
21421,142.29371547698975
21422,131.5231227874756
21423,131.5231227874756
21424,131.5231227874756
21425,131.5231227874756
21426,131.5231227874756
21427,131.5231227874756
21428,131.5231227874756
21429,131.5231227874756
21430,120.5503282546997
21431,120.5503282546997
21432,131.48919010162354
21433,131.48919010162354
21434,120.604660987854
21435,120.604660987854
21436,120.604660987854
21437,120.604660987854
21438,120.604660987854
21439,131.59304332733154
21440,131.59304332733154
21441,142.50463771820068
21442,142.50463771820068
21443,142.50463771820068
21444,142.50463771820068
21445,142.50463771820068
21446,142.50463771820068
21447,142.50463771820068
21448,142.50463771820068
21449,142.50463771820068
21450,142.50463771820068
21451,153.45110988616943
21452,153.45110988616943
21453,153.45110988616943
21454,153.45110988616943
21455,153.45110988616943
21456,153.45110988616943
21457,153.45110988616943
21458,153.45110988616943
21459,164.3798017501831
21460,164.3798017501831
21461,164.3798017501831
21462,164.3798017501831
21463,164.3798017501831
21464,164.3798017501831
21465,175.3543186187744
21466,175.3543186187744
21467,175.3543186187744
21468,175.3543186187744
21469,164.39683628082275
21470,164.39683628082275
21471,164.39683628082275
21472,164.39683628082275
21473,164.39683628082275
21474,164.39683628082275
21475,164.39683628082275
21476,164.39683628082275
21477,164.39683628082275
21478,164.39683628082275
21479,153.4428358078003
21480,164.43620204925537
21481,164.43620204925537
21482,164.43620204925537
21483,164.43620204925537
21484,164.43620204925537
21485,164.43620204925537
21486,164.43620204925537
21487,164.43620204925537
21488,164.43620204925537
21489,164.43620204925537
21490,164.43620204925537
21491,164.43620204925537
21492,164.43620204925537
21493,164.43620204925537
21494,164.43620204925537
21495,164.43620204925537
21496,164.43620204925537
21497,153.45330715179443
21498,142.47128772735596
21499,142.47128772735596
21500,153.39963245391846
21501,142.39963245391846
21502,142.39963245391846
21503,142.39963245391846
21504,142.39963245391846
21505,142.39963245391846
21506,142.39963245391846
21507,142.39963245391846
21508,142.39963245391846
21509,142.39963245391846
21510,120.53335094451904
21511,120.53335094451904
21512,109.6217565536499
21513,109.6217565536499
21514,109.6217565536499
21515,109.6217565536499
21516,109.6217565536499
21517,109.6217565536499
21518,109.6217565536499
21519,109.6217565536499
21520,109.6217565536499
21521,120.61168384552002
21522,120.61168384552002
21523,120.61168384552002
21524,120.61168384552002
21525,120.61168384552002
21526,120.61168384552002
21527,109.66970157623291
21528,98.71902275085449
21529,98.71902275085449
21530,98.71902275085449
21531,109.53353118896484
21532,109.53353118896484
21533,109.53353118896484
21534,120.4807653427124
21535,109.5062484741211
21536,109.5062484741211
21537,109.5062484741211
21538,120.49149417877197
21539,120.49149417877197
21540,120.49149417877197
21541,120.49149417877197
21542,120.49149417877197
21543,120.49149417877197
21544,109.51911640167236
21545,109.51911640167236
21546,109.51911640167236
21547,109.51911640167236
21548,98.52217292785645
21549,98.52217292785645
21550,98.52217292785645
21551,98.52217292785645
21552,98.52217292785645
21553,98.52217292785645
21554,98.52217292785645
21555,98.52217292785645
21556,98.52217292785645
21557,98.52217292785645
21558,98.52217292785645
21559,98.52217292785645
21560,98.52217292785645
21561,98.52217292785645
21562,98.52217292785645
21563,98.52217292785645
21564,98.52217292785645
21565,98.52217292785645
21566,98.52217292785645
21567,109.38047122955322
21568,120.33805465698242
21569,120.33805465698242
21570,109.52354621887207
21571,109.52354621887207
21572,109.52354621887207
21573,109.52354621887207
21574,109.52354621887207
21575,109.52354621887207
21576,109.52354621887207
21577,109.52354621887207
21578,109.52354621887207
21579,109.52354621887207
21580,109.52354621887207
21581,109.52354621887207
21582,98.53017997741699
21583,98.53017997741699
21584,98.53017997741699
21585,98.53017997741699
21586,98.53017997741699
21587,98.53017997741699
21588,76.65501594543457
21589,76.65501594543457
21590,76.65501594543457
21591,76.65501594543457
21592,76.65501594543457
21593,76.65501594543457
21594,65.7967176437378
21595,65.7967176437378
21596,65.7967176437378
21597,65.7967176437378
21598,65.7967176437378
21599,65.7967176437378
21600,54.849483489990234
21601,54.849483489990234
21602,43.861101150512695
21603,43.861101150512695
21604,43.861101150512695
21605,43.861101150512695
21606,43.861101150512695
21607,43.861101150512695
21608,43.861101150512695
21609,43.861101150512695
21610,32.932756423950195
21611,32.932756423950195
21612,32.932756423950195
21613,32.932756423950195
21614,32.932756423950195
21615,32.932756423950195
21616,32.932756423950195
21617,32.932756423950195
21618,32.932756423950195
21619,32.932756423950195
21620,32.932756423950195
21621,32.932756423950195
21622,32.932756423950195
21623,32.932756423950195
21624,32.932756423950195
21625,32.932756423950195
21626,32.932756423950195
21627,32.932756423950195
21628,32.932756423950195
21629,32.932756423950195
21630,32.932756423950195
21631,32.932756423950195
21632,32.932756423950195
21633,32.932756423950195
21634,32.932756423950195
21635,32.932756423950195
21636,32.932756423950195
21637,32.932756423950195
21638,32.932756423950195
21639,32.932756423950195
21640,32.932756423950195
21641,32.932756423950195
21642,32.932756423950195
21643,32.932756423950195
21644,32.932756423950195
21645,32.932756423950195
21646,32.932756423950195
21647,32.932756423950195
21648,32.932756423950195
21649,32.932756423950195
21650,32.932756423950195
21651,32.932756423950195
21652,32.932756423950195
21653,32.932756423950195
21654,32.932756423950195
21655,32.932756423950195
21656,32.932756423950195
21657,32.932756423950195
21658,32.932756423950195
21659,32.932756423950195
21660,32.932756423950195
21661,32.932756423950195
21662,32.932756423950195
21663,32.932756423950195
21664,32.932756423950195
21665,32.932756423950195
21666,32.932756423950195
21667,32.932756423950195
21668,32.932756423950195
21669,32.932756423950195
21670,21.947510719299316
21671,21.947510719299316
21672,21.947510719299316
21673,21.947510719299316
21674,21.947510719299316
21675,21.947510719299316
21676,21.947510719299316
21677,21.947510719299316
21678,21.947510719299316
21679,21.947510719299316
21680,21.947510719299316
21681,21.947510719299316
21682,21.947510719299316
21683,21.947510719299316
21684,21.947510719299316
21685,21.947510719299316
21686,21.947510719299316
21687,21.947510719299316
21688,21.947510719299316
21689,21.947510719299316
21690,21.947510719299316
21691,21.947510719299316
21692,21.947510719299316
21693,21.947510719299316
21694,21.947510719299316
21695,21.947510719299316
21696,21.947510719299316
21697,21.947510719299316
21698,21.947510719299316
21699,21.947510719299316
21700,21.947510719299316
21701,21.947510719299316
21702,21.947510719299316
21703,21.947510719299316
21704,21.947510719299316
21705,21.947510719299316
21706,21.947510719299316
21707,21.947510719299316
21708,21.947510719299316
21709,32.936461448669434
21710,32.936461448669434
21711,32.936461448669434
21712,32.936461448669434
21713,32.936461448669434
21714,32.936461448669434
21715,32.936461448669434
21716,32.936461448669434
21717,32.936461448669434
21718,21.978878021240234
21719,21.978878021240234
21720,21.978878021240234
21721,21.978878021240234
21722,21.978878021240234
21723,21.978878021240234
21724,21.978878021240234
21725,21.978878021240234
21726,21.978878021240234
21727,21.978878021240234
21728,21.978878021240234
21729,21.978878021240234
21730,21.978878021240234
21731,21.978878021240234
21732,21.978878021240234
21733,21.978878021240234
21734,21.978878021240234
21735,21.978878021240234
21736,21.978878021240234
21737,21.978878021240234
21738,21.978878021240234
21739,21.978878021240234
21740,21.978878021240234
21741,21.978878021240234
21742,10.988950729370117
21743,10.988950729370117
21744,10.988950729370117
21745,10.988950729370117
21746,10.988950729370117
21747,10.988950729370117
21748,10.988950729370117
21749,10.988950729370117
21750,10.988950729370117
21751,10.988950729370117
21752,10.988950729370117
21753,10.988950729370117
21754,10.988950729370117
21755,21.988950729370117
21756,21.988950729370117
21757,21.988950729370117
21758,21.988950729370117
21759,21.988950729370117
21760,21.988950729370117
21761,21.988950729370117
21762,21.988950729370117
21763,21.988950729370117
21764,21.988950729370117
21765,21.988950729370117
21766,21.988950729370117
21767,21.988950729370117
21768,21.988950729370117
21769,21.988950729370117
21770,21.988950729370117
21771,21.988950729370117
21772,21.988950729370117
21773,21.988950729370117
21774,21.988950729370117
21775,21.988950729370117
21776,21.988950729370117
21777,21.988950729370117
21778,21.988950729370117
21779,21.988950729370117
21780,21.988950729370117
21781,32.92044734954834
21782,32.92044734954834
21783,32.92044734954834
21784,32.92044734954834
21785,32.92044734954834
21786,32.92044734954834
21787,21.931496620178223
21788,21.931496620178223
21789,21.931496620178223
21790,21.931496620178223
21791,21.931496620178223
21792,21.931496620178223
21793,32.88676357269287
21794,32.88676357269287
21795,32.88676357269287
21796,32.88676357269287
21797,32.88676357269287
21798,32.88676357269287
21799,32.88676357269287
21800,32.88676357269287
21801,32.88676357269287
21802,32.88676357269287
21803,32.88676357269287
21804,32.88676357269287
21805,32.88676357269287
21806,32.88676357269287
21807,32.88676357269287
21808,32.88676357269287
21809,32.88676357269287
21810,32.88676357269287
21811,32.88676357269287
21812,32.88676357269287
21813,32.88676357269287
21814,32.88676357269287
21815,32.88676357269287
21816,32.88676357269287
21817,32.88676357269287
21818,32.88676357269287
21819,32.88676357269287
21820,32.88676357269287
21821,32.88676357269287
21822,32.88676357269287
21823,32.88676357269287
21824,32.88676357269287
21825,32.88676357269287
21826,32.88676357269287
21827,32.88676357269287
21828,32.88676357269287
21829,32.88676357269287
21830,32.88676357269287
21831,32.88676357269287
21832,32.88676357269287
21833,32.88676357269287
21834,32.88676357269287
21835,32.88676357269287
21836,32.88676357269287
21837,32.88676357269287
21838,32.88676357269287
21839,32.88676357269287
21840,32.88676357269287
21841,32.88676357269287
21842,32.88676357269287
21843,32.88676357269287
21844,32.88676357269287
21845,32.88676357269287
21846,32.88676357269287
21847,32.88676357269287
21848,32.88676357269287
21849,32.88676357269287
21850,32.88676357269287
21851,32.88676357269287
21852,32.88676357269287
21853,32.88676357269287
21854,32.88676357269287
21855,32.88676357269287
21856,32.88676357269287
21857,32.88676357269287
21858,32.88676357269287
21859,32.88676357269287
21860,32.88676357269287
21861,32.88676357269287
21862,32.88676357269287
21863,32.88676357269287
21864,32.88676357269287
21865,32.88676357269287
21866,32.88676357269287
21867,32.88676357269287
21868,32.88676357269287
21869,32.88676357269287
21870,32.88676357269287
21871,32.88676357269287
21872,32.88676357269287
21873,32.88676357269287
21874,32.88676357269287
21875,32.88676357269287
21876,32.88676357269287
21877,32.88676357269287
21878,32.88676357269287
21879,32.88676357269287
21880,32.88676357269287
21881,32.88676357269287
21882,32.88676357269287
21883,32.88676357269287
21884,32.88676357269287
21885,32.88676357269287
21886,32.88676357269287
21887,21.95526695251465
21888,21.95526695251465
21889,21.95526695251465
21890,21.95526695251465
21891,21.95526695251465
21892,21.95526695251465
21893,21.95526695251465
21894,21.95526695251465
21895,21.95526695251465
21896,21.95526695251465
21897,21.95526695251465
21898,21.95526695251465
21899,21.95526695251465
21900,21.95526695251465
21901,21.95526695251465
21902,21.95526695251465
21903,21.95526695251465
21904,21.95526695251465
21905,21.95526695251465
21906,21.95526695251465
21907,21.95526695251465
21908,21.95526695251465
21909,21.95526695251465
21910,21.95526695251465
21911,21.95526695251465
21912,21.95526695251465
21913,21.95526695251465
21914,21.95526695251465
21915,21.95526695251465
21916,21.95526695251465
21917,21.95526695251465
21918,21.95526695251465
21919,21.95526695251465
21920,21.95526695251465
21921,21.95526695251465
21922,21.95526695251465
21923,21.95526695251465
21924,21.95526695251465
21925,21.95526695251465
21926,21.95526695251465
21927,21.95526695251465
21928,21.95526695251465
21929,21.95526695251465
21930,21.95526695251465
21931,21.95526695251465
21932,21.95526695251465
21933,21.95526695251465
21934,21.95526695251465
21935,21.95526695251465
21936,21.95526695251465
21937,21.95526695251465
21938,21.95526695251465
21939,21.95526695251465
21940,21.95526695251465
21941,21.95526695251465
21942,21.95526695251465
21943,21.95526695251465
21944,21.95526695251465
21945,32.9432373046875
21946,32.9432373046875
21947,43.89465045928955
21948,43.89465045928955
21949,43.89465045928955
21950,43.89465045928955
21951,43.89465045928955
21952,43.89465045928955
21953,43.89465045928955
21954,43.89465045928955
21955,43.89465045928955
21956,43.89465045928955
21957,43.89465045928955
21958,43.89465045928955
21959,43.89465045928955
21960,43.89465045928955
21961,54.78188419342041
21962,54.78188419342041
21963,54.78188419342041
21964,54.78188419342041
21965,54.78188419342041
21966,54.78188419342041
21967,54.78188419342041
21968,65.7161111831665
21969,65.7161111831665
21970,65.7161111831665
21971,65.7161111831665
21972,65.7161111831665
21973,65.7161111831665
21974,65.7161111831665
21975,65.7161111831665
21976,65.7161111831665
21977,65.7161111831665
21978,65.7161111831665
21979,65.7161111831665
21980,65.7161111831665
21981,76.7091646194458
21982,76.7091646194458
21983,76.7091646194458
21984,76.7091646194458
21985,76.7091646194458
21986,76.7091646194458
21987,76.7091646194458
21988,76.7091646194458
21989,76.7091646194458
21990,76.7091646194458
21991,65.82193088531494
21992,65.82193088531494
21993,65.82193088531494
21994,65.82193088531494
21995,65.82193088531494
21996,65.82193088531494
21997,65.82193088531494
21998,65.82193088531494
21999,65.82193088531494
22000,65.82193088531494
22001,65.82193088531494
22002,65.82193088531494
22003,65.82193088531494
22004,65.82193088531494
22005,65.82193088531494
22006,65.82193088531494
22007,65.82193088531494
22008,65.82193088531494
22009,65.82193088531494
22010,65.82193088531494
22011,65.82193088531494
22012,65.86386203765869
22013,65.86386203765869
22014,65.86386203765869
22015,65.86386203765869
22016,65.86386203765869
22017,65.86386203765869
22018,65.86386203765869
22019,54.86386203765869
22020,54.86386203765869
22021,54.86386203765869
22022,54.86386203765869
22023,65.86386203765869
22024,65.86386203765869
22025,65.86386203765869
22026,65.86386203765869
22027,65.86386203765869
22028,76.86386203765869
22029,76.86386203765869
22030,76.86386203765869
22031,76.86386203765869
22032,76.86386203765869
22033,76.86386203765869
22034,76.86386203765869
22035,76.86386203765869
22036,76.86386203765869
22037,76.86386203765869
22038,76.86386203765869
22039,76.86386203765869
22040,76.86386203765869
22041,76.86386203765869
22042,76.86386203765869
22043,76.86386203765869
22044,76.86386203765869
22045,76.86386203765869
22046,76.86386203765869
22047,76.86386203765869
22048,76.86386203765869
22049,76.86386203765869
22050,76.86386203765869
22051,76.86386203765869
22052,76.86386203765869
22053,76.86386203765869
22054,76.86386203765869
22055,76.86386203765869
22056,76.86386203765869
22057,76.86386203765869
22058,87.46838855743408
22059,87.46838855743408
22060,87.46838855743408
22061,87.46838855743408
22062,87.46838855743408
22063,87.46838855743408
22064,87.46838855743408
22065,87.46838855743408
22066,87.46838855743408
22067,87.46838855743408
22068,87.46838855743408
22069,87.46838855743408
22070,98.41825866699219
22071,87.43028831481934
22072,87.43028831481934
22073,87.43028831481934
22074,87.43028831481934
22075,87.43028831481934
22076,87.43028831481934
22077,87.43028831481934
22078,98.43028831481934
22079,98.43028831481934
22080,98.43028831481934
22081,87.82576179504395
22082,87.82576179504395
22083,87.82576179504395
22084,87.82576179504395
22085,98.75661087036133
22086,98.75661087036133
22087,98.75661087036133
22088,109.73832130432129
22089,109.73832130432129
22090,109.73832130432129
22091,109.73832130432129
22092,98.73832130432129
22093,98.73832130432129
22094,98.73832130432129
22095,87.8040943145752
22096,87.8040943145752
22097,87.8040943145752
22098,87.8040943145752
22099,87.8040943145752
22100,98.73889636993408
22101,98.73889636993408
22102,98.73889636993408
22103,109.69654655456543
22104,109.69654655456543
22105,109.69654655456543
22106,109.69654655456543
22107,109.69654655456543
22108,109.69654655456543
22109,109.69654655456543
22110,109.69654655456543
22111,109.69654655456543
22112,109.69654655456543
22113,109.69654655456543
22114,131.5530662536621
22115,131.5530662536621
22116,131.5530662536621
22117,131.5530662536621
22118,131.5530662536621
22119,131.5530662536621
22120,131.5530662536621
22121,153.4857578277588
22122,175.39837646484375
22123,175.39837646484375
22124,186.33276271820068
22125,186.33276271820068
22126,186.33276271820068
22127,186.33276271820068
22128,186.33276271820068
22129,186.33276271820068
22130,186.33276271820068
22131,186.33276271820068
22132,186.33276271820068
22133,197.29741096496582
22134,208.29741096496582
22135,197.34599781036377
22136,197.34599781036377
22137,186.34599781036377
22138,186.34599781036377
22139,186.34599781036377
22140,197.30762481689453
22141,208.30334186553955
22142,208.30334186553955
22143,208.30334186553955
22144,208.30334186553955
22145,208.30334186553955
22146,208.30334186553955
22147,208.30334186553955
22148,208.30334186553955
22149,208.30334186553955
22150,208.30334186553955
22151,208.30334186553955
22152,208.30334186553955
22153,208.30334186553955
22154,208.30334186553955
22155,208.30334186553955
22156,208.30334186553955
22157,219.24571418762207
22158,230.08665657043457
22159,229.91477966308594
22160,229.91477966308594
22161,229.91477966308594
22162,229.91477966308594
22163,229.91477966308594
22164,229.91477966308594
22165,229.91477966308594
22166,229.91477966308594
22167,240.08269786834717
22168,240.08269786834717
22169,240.08269786834717
22170,240.08269786834717
22171,240.08269786834717
22172,240.08269786834717
22173,251.05193424224854
22174,251.05193424224854
22175,251.05193424224854
22176,251.05193424224854
22177,251.05193424224854
22178,240.09030723571777
22179,240.09030723571777
22180,229.92238903045654
22181,229.92238903045654
22182,229.92238903045654
22183,229.92238903045654
22184,229.92238903045654
22185,229.92238903045654
22186,229.92238903045654
22187,229.92238903045654
22188,229.92238903045654
22189,229.92238903045654
22190,219.06586933135986
22191,208.2377462387085
22192,208.2377462387085
22193,208.2377462387085
22194,208.2377462387085
22195,208.2377462387085
22196,208.22429180145264
22197,208.22429180145264
22198,208.22429180145264
22199,208.22429180145264
22200,197.22429180145264
22201,197.22429180145264
22202,197.22429180145264
22203,206.8349437713623
22204,206.8349437713623
22205,206.8349437713623
22206,206.8349437713623
22207,206.8349437713623
22208,206.8349437713623
22209,206.8349437713623
22210,208.22124195098877
22211,208.22124195098877
22212,197.2520055770874
22213,197.2520055770874
22214,186.254807472229
22215,186.254807472229
22216,186.254807472229
22217,186.254807472229
22218,186.254807472229
22219,186.254807472229
22220,197.254807472229
22221,186.4138650894165
22222,175.48301601409912
22223,175.48301601409912
22224,175.48301601409912
22225,164.48301601409912
22226,164.48301601409912
22227,164.48301601409912
22228,175.40181827545166
22229,175.40181827545166
22230,175.40181827545166
22231,175.40181827545166
22232,175.40181827545166
22233,175.40181827545166
22234,175.40181827545166
22235,175.40181827545166
22236,175.40181827545166
22237,175.40181827545166
22238,175.40181827545166
22239,175.40181827545166
22240,175.40181827545166
22241,186.38622093200684
22242,186.38622093200684
22243,197.38622093200684
22244,197.38622093200684
22245,197.38622093200684
22246,197.38622093200684
22247,197.38622093200684
22248,197.38622093200684
22249,197.38622093200684
22250,197.38622093200684
22251,197.38622093200684
22252,186.42735958099365
22253,186.42735958099365
22254,186.42735958099365
22255,186.42735958099365
22256,186.42735958099365
22257,186.42735958099365
22258,186.42735958099365
22259,197.31464958190918
22260,186.3798475265503
22261,197.3798475265503
22262,197.3798475265503
22263,197.3798475265503
22264,197.3798475265503
22265,197.3798475265503
22266,197.3798475265503
22267,197.3798475265503
22268,197.3798475265503
22269,197.44546127319336
22270,197.44546127319336
22271,197.44546127319336
22272,197.44546127319336
22273,197.44546127319336
22274,197.44546127319336
22275,197.44546127319336
22276,197.44546127319336
22277,197.44546127319336
22278,197.44546127319336
22279,197.44546127319336
22280,197.44546127319336
22281,208.3462953567505
22282,197.39642524719238
22283,197.39642524719238
22284,197.39642524719238
22285,497.9198627471924
22286,487.03257274627686
22287,487.03257274627686
22288,487.03257274627686
22289,487.03257274627686
22290,487.03257274627686
22291,186.50913524627686
22292,186.50913524627686
22293,186.50913524627686
22294,186.50913524627686
22295,197.39354705810547
22296,186.4118366241455
22297,186.4118366241455
22298,186.4118366241455
22299,175.45043468475342
22300,175.45043468475342
22301,175.45043468475342
22302,175.45043468475342
22303,175.45043468475342
22304,175.45043468475342
22305,175.45043468475342
22306,164.5080623626709
22307,164.5080623626709
22308,153.5080623626709
22309,153.5080623626709
22310,153.5080623626709
22311,142.5150089263916
22312,142.5150089263916
22313,142.5150089263916
22314,142.5150089263916
22315,142.5150089263916
22316,131.55463314056396
22317,142.42379474639893
22318,131.47257804870605
22319,131.47257804870605
22320,131.47257804870605
22321,131.47257804870605
22322,131.47257804870605
22323,131.47257804870605
22324,131.47257804870605
22325,131.47257804870605
22326,131.47257804870605
22327,131.47257804870605
22328,142.40920543670654
22329,142.40920543670654
22330,131.52479362487793
22331,131.52479362487793
22332,131.52479362487793
22333,131.52479362487793
22334,131.52479362487793
22335,131.52479362487793
22336,131.52479362487793
22337,131.52479362487793
22338,131.52479362487793
22339,131.52479362487793
22340,131.52479362487793
22341,120.56714344024658
22342,120.56714344024658
22343,109.56714344024658
22344,98.56714344024658
22345,98.56714344024658
22346,98.56714344024658
22347,98.56714344024658
22348,98.56714344024658
22349,98.56714344024658
22350,98.56714344024658
22351,98.56714344024658
22352,98.56714344024658
22353,98.56714344024658
22354,87.69798183441162
22355,87.69641971588135
22356,65.70070266723633
22357,65.70070266723633
22358,65.70070266723633
22359,65.70070266723633
22360,65.70070266723633
22361,76.66771507263184
22362,76.66771507263184
22363,65.7489128112793
22364,65.7489128112793
22365,65.7489128112793
22366,65.7489128112793
22367,65.7489128112793
22368,65.7489128112793
22369,65.7489128112793
22370,65.7489128112793
22371,65.7489128112793
22372,65.7489128112793
22373,65.7489128112793
22374,65.7489128112793
22375,65.7489128112793
22376,65.7489128112793
22377,65.7489128112793
22378,65.7489128112793
22379,65.7489128112793
22380,65.7489128112793
22381,65.7489128112793
22382,65.7489128112793
22383,65.7489128112793
22384,65.7489128112793
22385,65.7489128112793
22386,65.7489128112793
22387,65.7489128112793
22388,65.7489128112793
22389,65.7489128112793
22390,65.7489128112793
22391,54.84807872772217
22392,65.79134845733643
22393,65.79134845733643
22394,65.79134845733643
22395,65.79134845733643
22396,65.79134845733643
22397,65.79134845733643
22398,65.79134845733643
22399,65.79134845733643
22400,65.79134845733643
22401,65.79134845733643
22402,76.79134845733643
22403,76.79134845733643
22404,76.79134845733643
22405,76.79134845733643
22406,76.79134845733643
22407,76.79134845733643
22408,76.79134845733643
22409,76.79134845733643
22410,76.79134845733643
22411,76.79134845733643
22412,76.79134845733643
22413,76.79134845733643
22414,76.79134845733643
22415,76.79134845733643
22416,76.79134845733643
22417,76.79134845733643
22418,76.79134845733643
22419,76.79134845733643
22420,76.79134845733643
22421,76.79134845733643
22422,76.79134845733643
22423,76.79134845733643
22424,87.70242309570312
22425,87.70242309570312
22426,87.70242309570312
22427,87.70242309570312
22428,87.70242309570312
22429,87.70242309570312
22430,87.70242309570312
22431,87.70242309570312
22432,87.70242309570312
22433,87.70242309570312
22434,87.70242309570312
22435,98.6192216873169
22436,98.6192216873169
22437,87.6825942993164
22438,87.6825942993164
22439,87.6825942993164
22440,87.6825942993164
22441,87.6825942993164
22442,87.6825942993164
22443,87.6825942993164
22444,109.66389846801758
22445,109.66389846801758
22446,109.66389846801758
22447,446.63850593566895
22448,446.63850593566895
22449,446.63850593566895
22450,446.63850593566895
22451,446.63850593566895
22452,98.66694831848145
22453,87.68254566192627
22454,87.68254566192627
22455,87.68254566192627
22456,87.68254566192627
22457,87.68254566192627
22458,87.68254566192627
22459,87.68254566192627
22460,87.68254566192627
22461,87.68254566192627
22462,87.68254566192627
22463,87.68254566192627
22464,87.68254566192627
22465,87.68254566192627
22466,87.68254566192627
22467,87.68254566192627
22468,87.68254566192627
22469,87.68254566192627
22470,87.68254566192627
22471,76.68254566192627
22472,76.68254566192627
22473,76.68254566192627
22474,76.68254566192627
22475,76.68254566192627
22476,65.68254566192627
22477,54.719459533691406
22478,54.719459533691406
22479,54.719459533691406
22480,54.719459533691406
22481,54.719459533691406
22482,54.719459533691406
22483,54.719459533691406
22484,54.719459533691406
22485,54.719459533691406
22486,54.719459533691406
22487,54.719459533691406
22488,54.719459533691406
22489,54.719459533691406
22490,54.719459533691406
22491,54.719459533691406
22492,54.719459533691406
22493,54.719459533691406
22494,54.719459533691406
22495,54.719459533691406
22496,54.719459533691406
22497,43.7524471282959
22498,43.7524471282959
22499,43.7524471282959
22500,43.7524471282959
22501,43.7524471282959
22502,43.7524471282959
22503,54.7524471282959
22504,54.7524471282959
22505,54.7524471282959
22506,54.7524471282959
22507,54.7524471282959
22508,54.7524471282959
22509,43.8413724899292
22510,43.8413724899292
22511,43.8413724899292
22512,43.8413724899292
22513,43.8413724899292
22514,43.8413724899292
22515,43.8413724899292
22516,43.8413724899292
22517,43.8413724899292
22518,43.8413724899292
22519,43.8413724899292
22520,43.8413724899292
22521,43.8413724899292
22522,43.8413724899292
22523,43.8413724899292
22524,43.8413724899292
22525,54.78455829620361
22526,54.78455829620361
22527,54.78455829620361
22528,54.78455829620361
22529,54.78455829620361
22530,54.78455829620361
22531,65.75019264221191
22532,65.75019264221191
22533,65.75019264221191
22534,65.75019264221191
22535,76.74774551391602
22536,76.74774551391602
22537,76.74774551391602
22538,76.74774551391602
22539,76.74774551391602
22540,76.74774551391602
22541,76.74774551391602
22542,76.74774551391602
22543,76.74774551391602
22544,76.74774551391602
22545,76.74774551391602
22546,76.74774551391602
22547,76.74774551391602
22548,76.74774551391602
22549,76.74774551391602
22550,87.74774551391602
22551,87.74774551391602
22552,87.74774551391602
22553,87.74774551391602
22554,87.74774551391602
22555,87.74774551391602
22556,87.74774551391602
22557,87.74774551391602
22558,98.71343898773193
22559,98.71343898773193
22560,98.71343898773193
22561,98.71343898773193
22562,98.71343898773193
22563,76.8533706665039
22564,76.8533706665039
22565,76.8533706665039
22566,76.8533706665039
22567,76.8533706665039
22568,76.8533706665039
22569,76.8533706665039
22570,76.8533706665039
22571,76.8533706665039
22572,76.8533706665039
22573,76.8533706665039
22574,76.8533706665039
22575,76.8533706665039
22576,87.83637237548828
22577,87.83637237548828
22578,87.83637237548828
22579,87.83637237548828
22580,87.83637237548828
22581,87.83637237548828
22582,87.83637237548828
22583,87.83637237548828
22584,87.83637237548828
22585,87.83637237548828
22586,109.62967014312744
22587,109.62967014312744
22588,109.62967014312744
22589,109.62967014312744
22590,109.62967014312744
22591,120.62967014312744
22592,131.61730670928955
22593,131.61730670928955
22594,131.61730670928955
22595,131.61730670928955
22596,131.61730670928955
22597,142.61730670928955
22598,142.61730670928955
22599,164.4651050567627
22600,164.4651050567627
22601,164.4651050567627
22602,164.4651050567627
22603,175.43969535827637
22604,175.43969535827637
22605,175.43969535827637
22606,175.43969535827637
22607,175.43969535827637
22608,175.43969535827637
22609,197.42291355133057
22610,197.42291355133057
22611,197.42291355133057
22612,197.42291355133057
22613,197.42291355133057
22614,208.381498336792
22615,208.381498336792
22616,208.381498336792
22617,208.381498336792
22618,208.381498336792
22619,208.381498336792
22620,208.381498336792
22621,221.31658554077148
22622,219.24191856384277
22623,219.24191856384277
22624,219.24191856384277
22625,219.24191856384277
22626,230.12815189361572
22627,230.12815189361572
22628,230.12815189361572
22629,241.03693294525146
22630,241.03693294525146
22631,241.03693294525146
22632,241.03693294525146
22633,241.03693294525146
22634,241.03693294525146
22635,241.03693294525146
22636,241.03693294525146
22637,241.03693294525146
22638,241.03693294525146
22639,241.03693294525146
22640,230.17651271820068
22641,230.17651271820068
22642,230.17651271820068
22643,241.17651271820068
22644,241.17651271820068
22645,241.17651271820068
22646,241.17651271820068
22647,241.17651271820068
22648,241.17651271820068
22649,252.1688404083252
22650,252.1688404083252
22651,252.1688404083252
22652,252.1688404083252
22653,252.1688404083252
22654,230.3821840286255
22655,230.3821840286255
22656,230.3821840286255
22657,241.3425178527832
22658,241.3425178527832
22659,241.3425178527832
22660,252.24441814422607
22661,263.15325450897217
22662,263.15325450897217
22663,263.15325450897217
22664,252.15325450897217
22665,273.9605007171631
22666,273.9605007171631
22667,273.9605007171631
22668,262.99480724334717
22669,273.99480724334717
22670,284.9700975418091
22671,284.9700975418091
22672,284.9700975418091
22673,295.9635181427002
22674,295.9635181427002
22675,295.9635181427002
22676,284.9635181427002
22677,284.9635181427002
22678,273.9889278411865
22679,273.9889278411865
22680,273.9889278411865
22681,273.9889278411865
22682,273.9889278411865
22683,273.9889278411865
22684,273.9889278411865
22685,273.9889278411865
22686,295.94726753234863
22687,306.86042308807373
22688,306.86042308807373
22689,328.81969928741455
22690,328.81969928741455
22691,328.81969928741455
22692,328.81969928741455
22693,328.81969928741455
22694,306.85406494140625
22695,295.8727607727051
22696,295.8727607727051
22697,306.79779148101807
22698,306.79779148101807
22699,328.72388076782227
22700,328.72388076782227
22701,328.72388076782227
22702,317.78069496154785
22703,317.78069496154785
22704,317.78069496154785
22705,317.78069496154785
22706,317.78069496154785
22707,317.78069496154785
22708,317.78069496154785
22709,317.8646774291992
22710,317.8646774291992
22711,317.8646774291992
22712,328.85412216186523
22713,328.85412216186523
22714,339.7297830581665
22715,339.7297830581665
22716,328.7297830581665
22717,317.8927459716797
22718,306.9097442626953
22719,317.8220329284668
22720,317.8220329284668
22721,317.8220329284668
22722,317.8220329284668
22723,328.78503608703613
22724,328.78503608703613
22725,328.78503608703613
22726,328.78503608703613
22727,328.78503608703613
22728,317.8558807373047
22729,317.8558807373047
22730,328.83116912841797
22731,328.83116912841797
22732,328.83116912841797
22733,328.83116912841797
22734,339.74782848358154
22735,339.74782848358154
22736,350.7017021179199
22737,361.5937805175781
22738,350.67823696136475
22739,350.67823696136475
22740,361.2784013748169
22741,361.2784013748169
22742,361.2784013748169
22743,350.35311698913574
22744,339.35556411743164
22745,317.5448274612427
22746,306.5448274612427
22747,306.5448274612427
22748,306.5448274612427
22749,295.5448274612427
22750,295.5448274612427
22751,295.5448274612427
22752,284.5741376876831
22753,295.48366928100586
22754,295.48366928100586
22755,295.48366928100586
22756,284.8835048675537
22757,284.8835048675537
22758,284.8835048675537
22759,273.9049491882324
22760,273.9049491882324
22761,273.9049491882324
22762,284.8878517150879
22763,284.8878517150879
22764,284.8878517150879
22765,284.8878517150879
22766,284.8878517150879
22767,284.8878517150879
22768,295.87382984161377
22769,284.9606742858887
22770,274.00034046173096
22771,274.00034046173096
22772,274.00034046173096
22773,274.00034046173096
22774,274.00034046173096
22775,274.00034046173096
22776,274.00034046173096
22777,273.89941120147705
22778,284.81000328063965
22779,284.81000328063965
22780,284.81000328063965
22781,262.8637819290161
22782,262.8637819290161
22783,262.8637819290161
22784,262.8637819290161
22785,262.8637819290161
22786,251.871018409729
22787,240.99535751342773
22788,240.99535751342773
22789,230.08582592010498
22790,241.07114791870117
22791,241.07114791870117
22792,251.94317150115967
22793,251.94317150115967
22794,251.94317150115967
22795,251.94317150115967
22796,262.48954677581787
22797,273.45515060424805
22798,273.45515060424805
22799,273.45515060424805
22800,273.45515060424805
22801,273.45515060424805
22802,251.64641284942627
22803,273.619779586792
22804,273.619779586792
22805,273.619779586792
22806,273.619779586792
22807,273.619779586792
22808,273.619779586792
22809,273.619779586792
22810,273.619779586792
22811,273.619779586792
22812,273.619779586792
22813,273.619779586792
22814,273.619779586792
22815,273.619779586792
22816,273.619779586792
22817,263.0734043121338
22818,263.0734043121338
22819,263.0734043121338
22820,241.1858253479004
22821,241.1858253479004
22822,252.1016664505005
22823,252.1016664505005
22824,241.10824584960938
22825,241.10824584960938
22826,241.10824584960938
22827,219.20094108581543
22828,219.20094108581543
22829,219.20094108581543
22830,219.20094108581543
22831,219.20094108581543
22832,219.20094108581543
22833,197.29854106903076
22834,197.29854106903076
22835,208.26536655426025
22836,219.25206184387207
22837,219.25206184387207
22838,208.38003826141357
22839,208.38003826141357
22840,208.38003826141357
22841,208.38003826141357
22842,208.38003826141357
22843,208.38003826141357
22844,197.51075839996338
22845,197.51075839996338
22846,197.51075839996338
22847,197.51075839996338
22848,197.51075839996338
22849,197.51075839996338
22850,197.51075839996338
22851,197.51075839996338
22852,197.51075839996338
22853,197.51075839996338
22854,208.3814182281494
22855,208.3814182281494
22856,208.3814182281494
22857,208.3814182281494
22858,208.3814182281494
22859,208.3814182281494
22860,208.3814182281494
22861,208.3814182281494
22862,208.3814182281494
22863,208.3814182281494
22864,208.3814182281494
22865,208.3814182281494
22866,208.3814182281494
22867,197.42754459381104
22868,186.44156646728516
22869,186.44156646728516
22870,186.44156646728516
22871,186.44156646728516
22872,175.46178245544434
22873,175.46178245544434
22874,175.46178245544434
22875,175.46178245544434
22876,175.46178245544434
22877,175.46178245544434
22878,175.46178245544434
22879,175.46178245544434
22880,175.46178245544434
22881,175.46178245544434
22882,175.46178245544434
22883,175.46178245544434
22884,175.46178245544434
22885,164.47414588928223
22886,164.47414588928223
22887,164.47414588928223
22888,164.47414588928223
22889,164.47414588928223
22890,164.47414588928223
22891,153.4847011566162
22892,153.4847011566162
22893,153.55134677886963
22894,164.53584480285645
22895,164.53584480285645
22896,164.53584480285645
22897,164.53584480285645
22898,164.53584480285645
22899,164.53584480285645
22900,164.53584480285645
22901,164.53584480285645
22902,153.54351711273193
22903,153.54351711273193
22904,153.54351711273193
22905,142.62767601013184
22906,131.65238761901855
22907,131.65238761901855
22908,141.9073667526245
22909,141.9073667526245
22910,141.9073667526245
22911,141.9073667526245
22912,141.9073667526245
22913,141.9073667526245
22914,131.65238761901855
22915,131.65238761901855
22916,131.65238761901855
22917,131.65238761901855
22918,131.65238761901855
22919,131.65238761901855
22920,131.65238761901855
22921,131.65238761901855
22922,131.65238761901855
22923,120.67667770385742
22924,120.67667770385742
22925,120.67667770385742
22926,109.70985221862793
22927,109.70985221862793
22928,109.70985221862793
22929,109.70985221862793
22930,109.70985221862793
22931,109.70985221862793
22932,120.65672779083252
22933,120.65672779083252
22934,109.78606796264648
22935,109.78606796264648
22936,109.78606796264648
22937,109.78606796264648
22938,109.78606796264648
22939,109.78606796264648
22940,109.78606796264648
22941,109.78606796264648
22942,109.78606796264648
22943,109.78606796264648
22944,109.78606796264648
22945,120.70202445983887
22946,120.70202445983887
22947,120.70202445983887
22948,120.70202445983887
22949,109.71845817565918
22950,109.71845817565918
22951,109.71845817565918
22952,109.71845817565918
22953,109.71845817565918
22954,109.71845817565918
22955,120.6880578994751
22956,120.6880578994751
22957,120.6880578994751
22958,120.6880578994751
22959,120.6880578994751
22960,120.6880578994751
22961,120.6880578994751
22962,120.6880578994751
22963,120.6880578994751
22964,120.6880578994751
22965,109.7027359008789
22966,109.7027359008789
22967,109.7027359008789
22968,109.7027359008789
22969,109.7027359008789
22970,109.7027359008789
22971,109.7027359008789
22972,109.7027359008789
22973,109.7027359008789
22974,109.7027359008789
22975,109.7027359008789
22976,109.7027359008789
22977,109.7027359008789
22978,109.7027359008789
22979,109.7027359008789
22980,109.7027359008789
22981,109.7027359008789
22982,109.7027359008789
22983,109.7027359008789
22984,109.7027359008789
22985,120.6572904586792
22986,120.6572904586792
22987,120.6572904586792
22988,120.6572904586792
22989,109.67438793182373
22990,109.67438793182373
22991,109.67438793182373
22992,109.67438793182373
22993,109.67438793182373
22994,98.69692134857178
22995,98.69692134857178
22996,98.69692134857178
22997,98.69692134857178
22998,98.69692134857178
22999,98.69692134857178
23000,98.69692134857178
23001,98.69692134857178
23002,98.69692134857178
23003,98.69692134857178
23004,98.69692134857178
23005,98.69692134857178
23006,98.69692134857178
23007,98.69692134857178
23008,98.69692134857178
23009,98.69692134857178
23010,98.69692134857178
23011,98.69692134857178
23012,98.69692134857178
23013,98.69692134857178
23014,98.69692134857178
23015,98.69692134857178
23016,98.69692134857178
23017,98.69692134857178
23018,98.69692134857178
23019,98.69692134857178
23020,98.69692134857178
23021,98.69692134857178
23022,98.69692134857178
23023,98.69692134857178
23024,98.69692134857178
23025,98.69692134857178
23026,98.69692134857178
23027,98.69692134857178
23028,98.69692134857178
23029,87.71968364715576
23030,87.71968364715576
23031,98.70116519927979
23032,98.70116519927979
23033,98.70116519927979
23034,98.70116519927979
23035,98.70116519927979
23036,98.70116519927979
23037,98.70116519927979
23038,98.70116519927979
23039,98.70116519927979
23040,87.73556137084961
23041,87.73556137084961
23042,87.73556137084961
23043,87.73556137084961
23044,87.73556137084961
23045,87.73556137084961
23046,76.73966121673584
23047,76.73966121673584
23048,76.73966121673584
23049,76.73966121673584
23050,76.73966121673584
23051,65.78510665893555
23052,65.78510665893555
23053,65.78510665893555
23054,65.78510665893555
23055,65.78510665893555
23056,65.78510665893555
23057,65.78510665893555
23058,65.78510665893555
23059,54.869150161743164
23060,54.869150161743164
23061,54.869150161743164
23062,54.869150161743164
23063,54.869150161743164
23064,54.869150161743164
23065,54.869150161743164
23066,54.869150161743164
23067,54.869150161743164
23068,54.869150161743164
23069,54.869150161743164
23070,43.922274589538574
23071,43.922274589538574
23072,43.922274589538574
23073,43.922274589538574
23074,43.922274589538574
23075,43.922274589538574
23076,43.922274589538574
23077,43.922274589538574
23078,43.922274589538574
23079,43.922274589538574
23080,43.922274589538574
23081,43.922274589538574
23082,54.91487979888916
23083,54.91487979888916
23084,54.91487979888916
23085,54.91487979888916
23086,54.91487979888916
23087,54.91487979888916
23088,54.91487979888916
23089,54.91487979888916
23090,54.91487979888916
23091,54.91487979888916
23092,54.91487979888916
23093,54.91487979888916
23094,54.91487979888916
23095,54.91487979888916
23096,54.91487979888916
23097,54.91487979888916
23098,54.91487979888916
23099,54.91487979888916
23100,54.91487979888916
23101,54.91487979888916
23102,54.91487979888916
23103,54.91487979888916
23104,54.91487979888916
23105,54.91487979888916
23106,54.91487979888916
23107,54.91487979888916
23108,54.91487979888916
23109,54.91487979888916
23110,54.91487979888916
23111,54.91487979888916
23112,54.91487979888916
23113,54.91487979888916
23114,54.91487979888916
23115,54.91487979888916
23116,54.91487979888916
23117,54.91487979888916
23118,54.91487979888916
23119,54.91487979888916
23120,54.91487979888916
23121,54.91487979888916
23122,54.91487979888916
23123,54.91487979888916
23124,54.91487979888916
23125,54.91487979888916
23126,54.91487979888916
23127,54.91487979888916
23128,54.91487979888916
23129,43.94528007507324
23130,43.94528007507324
23131,43.94528007507324
23132,43.94528007507324
23133,43.94528007507324
23134,43.94528007507324
23135,43.94528007507324
23136,32.958584785461426
23137,32.958584785461426
23138,32.958584785461426
23139,32.958584785461426
23140,32.958584785461426
23141,32.958584785461426
23142,32.958584785461426
23143,32.958584785461426
23144,32.958584785461426
23145,32.958584785461426
23146,32.958584785461426
23147,32.958584785461426
23148,32.958584785461426
23149,32.958584785461426
23150,32.958584785461426
23151,32.958584785461426
23152,32.958584785461426
23153,32.958584785461426
23154,32.958584785461426
23155,32.958584785461426
23156,32.958584785461426
23157,32.958584785461426
23158,32.958584785461426
23159,32.958584785461426
23160,32.958584785461426
23161,32.958584785461426
23162,32.958584785461426
23163,32.958584785461426
23164,32.958584785461426
23165,32.958584785461426
23166,32.958584785461426
23167,32.958584785461426
23168,32.958584785461426
23169,32.958584785461426
23170,32.958584785461426
23171,32.958584785461426
23172,32.958584785461426
23173,32.958584785461426
23174,32.958584785461426
23175,32.958584785461426
23176,32.958584785461426
23177,32.958584785461426
23178,32.958584785461426
23179,32.958584785461426
23180,32.958584785461426
23181,32.87044715881348
23182,32.87044715881348
23183,32.87044715881348
23184,32.87044715881348
23185,32.87044715881348
23186,43.85520076751709
23187,43.85520076751709
23188,43.85520076751709
23189,43.85520076751709
23190,43.85520076751709
23191,43.85520076751709
23192,43.85520076751709
23193,43.85520076751709
23194,43.85520076751709
23195,43.85520076751709
23196,43.85520076751709
23197,43.85520076751709
23198,32.95884037017822
23199,32.95884037017822
23200,32.95884037017822
23201,32.95884037017822
23202,32.95884037017822
23203,32.95884037017822
23204,32.95884037017822
23205,43.890679359436035
23206,43.890679359436035
23207,43.890679359436035
23208,43.890679359436035
23209,43.890679359436035
23210,43.890679359436035
23211,43.890679359436035
23212,43.890679359436035
23213,43.890679359436035
23214,32.89807415008545
23215,32.89807415008545
23216,32.89807415008545
23217,32.89807415008545
23218,32.89807415008545
23219,32.89807415008545
23220,32.89807415008545
23221,32.89807415008545
23222,32.89807415008545
23223,32.89807415008545
23224,21.916592597961426
23225,21.916592597961426
23226,21.916592597961426
23227,21.916592597961426
23228,21.916592597961426
23229,21.916592597961426
23230,21.916592597961426
23231,21.916592597961426
23232,21.916592597961426
23233,21.916592597961426
23234,21.916592597961426
23235,21.916592597961426
23236,21.916592597961426
23237,21.916592597961426
23238,21.916592597961426
23239,21.916592597961426
23240,21.916592597961426
23241,21.916592597961426
23242,21.916592597961426
23243,21.916592597961426
23244,21.916592597961426
23245,21.916592597961426
23246,21.916592597961426
23247,21.916592597961426
23248,21.916592597961426
23249,21.916592597961426
23250,21.916592597961426
23251,21.916592597961426
23252,21.916592597961426
23253,21.916592597961426
23254,21.916592597961426
23255,21.916592597961426
23256,21.916592597961426
23257,21.916592597961426
23258,21.916592597961426
23259,21.916592597961426
23260,21.916592597961426
23261,21.916592597961426
23262,21.916592597961426
23263,21.916592597961426
23264,10.931838989257812
23265,10.931838989257812
23266,10.931838989257812
23267,10.931838989257812
23268,10.931838989257812
23269,10.931838989257812
23270,10.931838989257812
23271,10.931838989257812
23272,10.931838989257812
23273,10.931838989257812
23274,10.931838989257812
23275,10.931838989257812
23276,10.931838989257812
23277,10.931838989257812
23278,10.931838989257812
23279,10.931838989257812
23280,10.931838989257812
23281,10.931838989257812
23282,10.931838989257812
23283,10.931838989257812
23284,10.931838989257812
23285,21.89169216156006
23286,21.89169216156006
23287,21.89169216156006
23288,32.795419692993164
23289,32.795419692993164
23290,32.795419692993164
23291,32.795419692993164
23292,32.795419692993164
23293,43.75748157501221
23294,43.75748157501221
23295,43.75748157501221
23296,43.75748157501221
23297,43.75748157501221
23298,43.75748157501221
23299,43.75748157501221
23300,43.75748157501221
23301,43.75748157501221
23302,43.75748157501221
23303,43.75748157501221
23304,43.75748157501221
23305,43.75748157501221
23306,43.75748157501221
23307,43.75748157501221
23308,43.75748157501221
23309,43.75748157501221
23310,43.75748157501221
23311,43.75748157501221
23312,43.75748157501221
23313,43.75748157501221
23314,43.75748157501221
23315,43.75748157501221
23316,43.75748157501221
23317,43.75748157501221
23318,43.75748157501221
23319,43.75748157501221
23320,43.75748157501221
23321,43.75748157501221
23322,43.75748157501221
23323,43.75748157501221
23324,43.75748157501221
23325,43.75748157501221
23326,43.75748157501221
23327,43.75748157501221
23328,43.75748157501221
23329,43.75748157501221
23330,43.75748157501221
23331,43.75748157501221
23332,43.75748157501221
23333,43.75748157501221
23334,43.75748157501221
23335,43.75748157501221
23336,43.75748157501221
23337,32.8537540435791
23338,32.8537540435791
23339,32.8537540435791
23340,32.8537540435791
23341,32.8537540435791
23342,32.8537540435791
23343,32.8537540435791
23344,32.8537540435791
23345,32.8537540435791
23346,32.8537540435791
23347,32.8537540435791
23348,32.8537540435791
23349,32.8537540435791
23350,32.8537540435791
23351,32.8537540435791
23352,32.8537540435791
23353,21.92191505432129
23354,21.92191505432129
23355,21.92191505432129
23356,21.92191505432129
23357,10.959853172302246
23358,10.959853172302246
23359,10.959853172302246
23360,10.959853172302246
23361,10.959853172302246
23362,10.959853172302246
23363,10.959853172302246
23364,10.959853172302246
23365,10.959853172302246
23366,10.959853172302246
23367,10.959853172302246
23368,10.959853172302246
23369,10.959853172302246
23370,10.959853172302246
23371,10.959853172302246
23372,10.959853172302246
23373,10.959853172302246
23374,10.959853172302246
23375,10.959853172302246
23376,10.959853172302246
23377,10.959853172302246
23378,10.959853172302246
23379,10.959853172302246
23380,10.959853172302246
23381,10.959853172302246
23382,10.959853172302246
23383,10.959853172302246
23384,10.959853172302246
23385,10.959853172302246
23386,10.959853172302246
23387,21.958744049072266
23388,21.958744049072266
23389,21.958744049072266
23390,21.958744049072266
23391,21.958744049072266
23392,21.958744049072266
23393,21.958744049072266
23394,21.958744049072266
23395,21.958744049072266
23396,21.958744049072266
23397,21.958744049072266
23398,21.958744049072266
23399,21.958744049072266
23400,21.958744049072266
23401,21.958744049072266
23402,21.958744049072266
23403,21.958744049072266
23404,32.86840057373047
23405,32.86840057373047
23406,43.86840057373047
23407,43.86840057373047
23408,43.86840057373047
23409,43.86840057373047
23410,43.86840057373047
23411,54.70709037780762
23412,54.70709037780762
23413,54.70709037780762
23414,54.70709037780762
23415,54.70709037780762
23416,54.70709037780762
23417,54.70709037780762
23418,54.70709037780762
23419,54.70709037780762
23420,54.70709037780762
23421,54.70709037780762
23422,54.70709037780762
23423,54.70709037780762
23424,379.3280620574951
23425,379.3280620574951
23426,379.3280620574951
23427,379.3280620574951
23428,379.3280620574951
23429,379.3280620574951
23430,54.70709037780762
23431,54.70709037780762
23432,54.70709037780762
23433,54.70709037780762
23434,54.70709037780762
23435,54.70709037780762
23436,65.70709037780762
23437,65.70709037780762
23438,65.70709037780762
23439,65.70709037780762
23440,76.64911651611328
23441,76.64911651611328
23442,76.64911651611328
23443,76.64911651611328
23444,76.64911651611328
23445,76.64911651611328
23446,76.64911651611328
23447,76.64911651611328
23448,65.68926334381104
23449,65.68926334381104
23450,65.68926334381104
23451,54.85057353973389
23452,54.85057353973389
23453,54.85057353973389
23454,54.85057353973389
23455,54.85057353973389
23456,54.85057353973389
23457,54.85057353973389
23458,54.85057353973389
23459,65.77171039581299
23460,65.77171039581299
23461,54.77171039581299
23462,54.77171039581299
23463,54.77171039581299
23464,54.77171039581299
23465,54.77171039581299
23466,54.77171039581299
23467,65.76136779785156
23468,65.76136779785156
23469,65.76136779785156
23470,65.76136779785156
23471,65.76136779785156
23472,65.76136779785156
23473,65.76136779785156
23474,65.76136779785156
23475,76.76072311401367
23476,76.76072311401367
23477,76.76072311401367
23478,87.3891191482544
23479,87.3891191482544
23480,87.3891191482544
23481,87.3891191482544
23482,87.3891191482544
23483,87.3891191482544
23484,87.3891191482544
23485,87.3891191482544
23486,76.44709300994873
23487,87.44709300994873
23488,87.44709300994873
23489,87.44709300994873
23490,87.44709300994873
23491,109.43191623687744
23492,109.43191623687744
23493,109.43191623687744
23494,109.43191623687744
23495,109.43191623687744
23496,109.43191623687744
23497,109.43191623687744
23498,109.43191623687744
23499,109.43191623687744
23500,109.43191623687744
23501,109.43191623687744
23502,109.43191623687744
23503,109.43191623687744
23504,109.43191623687744
23505,109.43191623687744
23506,109.43191623687744
23507,98.80352020263672
23508,87.8046293258667
23509,98.6422872543335
23510,98.6422872543335
23511,98.6422872543335
23512,98.6422872543335
23513,109.6279821395874
23514,98.6279821395874
23515,98.6279821395874
23516,98.6279821395874
23517,98.6279821395874
23518,98.6279821395874
23519,98.6279821395874
23520,98.6279821395874
23521,98.6279821395874
23522,87.7183256149292
23523,87.7183256149292
23524,87.7183256149292
23525,87.7183256149292
23526,87.7183256149292
23527,87.7183256149292
23528,87.7183256149292
23529,98.65170955657959
23530,98.65170955657959
23531,98.65170955657959
23532,98.65170955657959
23533,98.65170955657959
23534,109.48823165893555
23535,109.48823165893555
23536,109.48823165893555
23537,109.48823165893555
23538,109.48823165893555
23539,109.48823165893555
23540,109.48823165893555
23541,109.48823165893555
23542,109.48823165893555
23543,109.48823165893555
23544,109.48823165893555
23545,109.48823165893555
23546,109.48823165893555
23547,120.04628849029541
23548,120.04628849029541
23549,130.7611322402954
23550,130.7611322402954
23551,119.7754373550415
23552,119.7754373550415
23553,119.7754373550415
23554,119.7754373550415
23555,108.93891525268555
23556,108.93891525268555
23557,98.38085842132568
23558,98.38085842132568
23559,98.38085842132568
23560,109.31115913391113
23561,109.31115913391113
23562,109.31115913391113
23563,120.28628063201904
23564,120.28628063201904
23565,131.28069305419922
23566,131.28069305419922
23567,131.28069305419922
23568,131.28069305419922
23569,131.28069305419922
23570,131.28069305419922
23571,131.28069305419922
23572,120.44303512573242
23573,120.44303512573242
23574,109.72819137573242
23575,120.67449378967285
23576,120.67449378967285
23577,98.68483638763428
23578,98.68483638763428
23579,109.5807409286499
23580,109.5807409286499
23581,109.5807409286499
23582,109.5807409286499
23583,109.5807409286499
23584,109.5807409286499
23585,109.5807409286499
23586,109.5807409286499
23587,109.5807409286499
23588,120.55622959136963
23589,120.55622959136963
23590,120.55622959136963
23591,120.55622959136963
23592,131.54320240020752
23593,120.61290168762207
23594,120.61290168762207
23595,109.69176483154297
23596,109.69176483154297
23597,109.69176483154297
23598,109.69176483154297
23599,109.69176483154297
23600,109.69176483154297
23601,98.75838088989258
23602,98.75838088989258
23603,98.75838088989258
23604,98.75838088989258
23605,98.75838088989258
23606,98.75838088989258
23607,98.75838088989258
23608,98.75838088989258
23609,98.75838088989258
23610,98.75838088989258
23611,98.75838088989258
23612,98.75838088989258
23613,98.75838088989258
23614,98.75838088989258
23615,98.75838088989258
23616,98.75838088989258
23617,98.75838088989258
23618,109.54908657073975
23619,109.54908657073975
23620,109.54908657073975
23621,109.54908657073975
23622,109.54908657073975
23623,109.54908657073975
23624,109.54908657073975
23625,120.51549243927002
23626,109.56919002532959
23627,109.56919002532959
23628,109.56919002532959
23629,109.56919002532959
23630,109.56919002532959
23631,109.56919002532959
23632,120.53862190246582
23633,120.53862190246582
23634,120.53862190246582
23635,131.52850914001465
23636,142.44201278686523
23637,142.44201278686523
23638,142.44201278686523
23639,142.44201278686523
23640,153.4060869216919
23641,153.4060869216919
23642,153.4060869216919
23643,164.3793077468872
23644,164.3793077468872
23645,164.3793077468872
23646,164.3793077468872
23647,164.3793077468872
23648,164.3793077468872
23649,164.3793077468872
23650,164.3793077468872
23651,164.3793077468872
23652,164.3793077468872
23653,164.3793077468872
23654,153.3793077468872
23655,153.3793077468872
23656,153.3793077468872
23657,153.3793077468872
23658,142.58860206604004
23659,142.58860206604004
23660,142.58860206604004
23661,142.58860206604004
23662,142.58860206604004
23663,142.58860206604004
23664,131.60377883911133
23665,142.60308837890625
23666,131.70718383789062
23667,131.70718383789062
23668,131.70718383789062
23669,131.70718383789062
23670,131.70718383789062
23671,131.70718383789062
23672,131.70718383789062
23673,131.70718383789062
23674,153.70718383789062
23675,153.70718383789062
23676,153.70718383789062
23677,153.70718383789062
23678,153.70718383789062
23679,153.70718383789062
23680,153.70718383789062
23681,153.70718383789062
23682,142.73206233978271
23683,142.73206233978271
23684,142.73206233978271
23685,142.73206233978271
23686,142.73206233978271
23687,142.73206233978271
23688,142.73206233978271
23689,131.7327070236206
23690,131.7327070236206
23691,131.7327070236206
23692,131.7327070236206
23693,131.7327070236206
23694,131.7327070236206
23695,131.7327070236206
23696,131.7327070236206
23697,131.7327070236206
23698,131.7327070236206
23699,131.7327070236206
23700,131.7327070236206
23701,131.7327070236206
23702,131.7327070236206
23703,131.7327070236206
23704,131.7327070236206
23705,131.7327070236206
23706,131.7327070236206
23707,120.74281978607178
23708,109.76733112335205
23709,109.76733112335205
23710,109.76733112335205
23711,109.76733112335205
23712,109.76733112335205
23713,109.76733112335205
23714,109.76733112335205
23715,109.76733112335205
23716,109.76733112335205
23717,109.76733112335205
23718,109.76733112335205
23719,109.76733112335205
23720,98.76733112335205
23721,98.76733112335205
23722,98.76733112335205
23723,98.76733112335205
23724,98.76733112335205
23725,98.76733112335205
23726,98.76733112335205
23727,98.76733112335205
23728,98.76733112335205
23729,98.76733112335205
23730,98.76733112335205
23731,98.76733112335205
23732,98.76733112335205
23733,98.76733112335205
23734,98.76733112335205
23735,98.76733112335205
23736,98.76733112335205
23737,98.76733112335205
23738,98.76733112335205
23739,87.76802158355713
23740,98.66166877746582
23741,87.74816513061523
23742,87.74816513061523
23743,87.74816513061523
23744,87.74816513061523
23745,98.70072937011719
23746,98.70072937011719
23747,98.70072937011719
23748,98.70072937011719
23749,98.70072937011719
23750,98.70072937011719
23751,87.7137565612793
23752,87.7137565612793
23753,87.7137565612793
23754,87.7137565612793
23755,87.7137565612793
23756,87.7137565612793
23757,87.7137565612793
23758,98.66679668426514
23759,98.66679668426514
23760,98.66679668426514
23761,87.70039081573486
23762,87.70039081573486
23763,87.70039081573486
23764,87.70039081573486
23765,87.70039081573486
23766,87.70039081573486
23767,87.70039081573486
23768,87.70039081573486
23769,87.70039081573486
23770,87.70039081573486
23771,87.70039081573486
23772,87.70039081573486
23773,87.70039081573486
23774,87.70039081573486
23775,87.70039081573486
23776,76.80674362182617
23777,76.80674362182617
23778,76.80674362182617
23779,76.80674362182617
23780,76.80674362182617
23781,76.80674362182617
23782,76.80674362182617
23783,76.80674362182617
23784,76.80674362182617
23785,76.80674362182617
23786,87.79430770874023
23787,87.79430770874023
23788,76.79989528656006
23789,76.79989528656006
23790,76.79989528656006
23791,76.79989528656006
23792,76.79989528656006
23793,76.79989528656006
23794,76.79989528656006
23795,76.79989528656006
23796,76.79989528656006
23797,76.79989528656006
23798,76.79989528656006
23799,76.79989528656006
23800,76.79989528656006
23801,76.79989528656006
23802,76.79989528656006
23803,76.79989528656006
23804,76.79989528656006
23805,87.757080078125
23806,87.757080078125
23807,87.757080078125
23808,87.757080078125
23809,87.757080078125
23810,87.757080078125
23811,87.757080078125
23812,87.757080078125
23813,98.01629447937012
23814,98.01629447937012
23815,98.01629447937012
23816,98.01629447937012
23817,98.01629447937012
23818,98.01629447937012
23819,98.01629447937012
23820,98.01629447937012
23821,98.01629447937012
23822,98.01629447937012
23823,87.757080078125
23824,87.757080078125
23825,87.757080078125
23826,87.757080078125
23827,87.757080078125
23828,87.757080078125
23829,87.757080078125
23830,87.757080078125
23831,87.757080078125
23832,87.757080078125
23833,87.757080078125
23834,87.757080078125
23835,87.757080078125
23836,76.80403995513916
23837,76.80403995513916
23838,76.80403995513916
23839,76.80403995513916
23840,76.80403995513916
23841,76.80403995513916
23842,76.80403995513916
23843,76.80403995513916
23844,76.80403995513916
23845,87.78839111328125
23846,87.78839111328125
23847,87.78839111328125
23848,76.78839111328125
23849,76.78839111328125
23850,87.78456974029541
23851,87.78456974029541
23852,87.78456974029541
23853,87.78456974029541
23854,87.78456974029541
23855,87.78456974029541
23856,87.78456974029541
23857,87.78456974029541
23858,87.78456974029541
23859,65.85106372833252
23860,65.85106372833252
23861,54.898499488830566
23862,54.898499488830566
23863,54.898499488830566
23864,54.898499488830566
23865,54.898499488830566
23866,54.898499488830566
23867,54.898499488830566
23868,54.898499488830566
23869,54.898499488830566
23870,54.898499488830566
23871,54.898499488830566
23872,54.898499488830566
23873,54.898499488830566
23874,54.898499488830566
23875,54.898499488830566
23876,54.898499488830566
23877,54.898499488830566
23878,43.925278663635254
23879,43.925278663635254
23880,43.925278663635254
23881,43.925278663635254
23882,43.925278663635254
23883,43.925278663635254
23884,43.925278663635254
23885,43.925278663635254
23886,43.925278663635254
23887,43.925278663635254
23888,43.925278663635254
23889,43.925278663635254
23890,43.925278663635254
23891,43.925278663635254
23892,43.925278663635254
23893,43.925278663635254
23894,43.925278663635254
23895,43.925278663635254
23896,43.925278663635254
23897,43.925278663635254
23898,32.96809387207031
23899,32.96809387207031
23900,43.96809387207031
23901,43.96809387207031
23902,43.96809387207031
23903,54.9182186126709
23904,54.9182186126709
23905,54.9182186126709
23906,54.9182186126709
23907,54.9182186126709
23908,54.9182186126709
23909,54.9182186126709
23910,54.9182186126709
23911,54.9182186126709
23912,54.9182186126709
23913,54.9182186126709
23914,65.87410354614258
23915,65.87410354614258
23916,65.87410354614258
23917,65.87410354614258
23918,362.7736701965332
23919,362.7736701965332
23920,362.7736701965332
23921,362.7736701965332
23922,362.7736701965332
23923,65.87410354614258
23924,65.87410354614258
23925,65.87410354614258
23926,65.87410354614258
23927,65.87410354614258
23928,65.87410354614258
23929,65.87410354614258
23930,54.9182186126709
23931,54.9182186126709
23932,54.9182186126709
23933,54.9182186126709
23934,54.9182186126709
23935,54.9182186126709
23936,54.9182186126709
23937,54.9182186126709
23938,65.9182186126709
23939,65.9182186126709
23940,65.9182186126709
23941,76.86154460906982
23942,76.86154460906982
23943,76.86154460906982
23944,76.86154460906982
23945,76.86154460906982
23946,76.86154460906982
23947,76.86154460906982
23948,76.86154460906982
23949,87.86154460906982
23950,87.86154460906982
23951,87.86154460906982
23952,87.86154460906982
23953,87.86154460906982
23954,87.86154460906982
23955,87.86154460906982
23956,98.83919620513916
23957,98.83919620513916
23958,98.83919620513916
23959,98.83919620513916
23960,98.83919620513916
23961,98.83919620513916
23962,98.83919620513916
23963,98.83919620513916
23964,98.83919620513916
23965,98.83919620513916
23966,98.83919620513916
23967,98.83919620513916
23968,98.83919620513916
23969,98.83919620513916
23970,109.5285177230835
23971,109.5285177230835
23972,109.5285177230835
23973,109.5285177230835
23974,131.4734764099121
23975,131.4734764099121
23976,131.4734764099121
23977,131.4734764099121
23978,131.4734764099121
23979,131.4734764099121
23980,142.47198677062988
23981,142.47198677062988
23982,142.47198677062988
23983,142.47198677062988
23984,142.47198677062988
23985,142.42700576782227
23986,142.42700576782227
23987,142.42700576782227
23988,142.42700576782227
23989,142.42700576782227
23990,142.42700576782227
23991,142.42700576782227
23992,142.42700576782227
23993,142.42700576782227
23994,142.42700576782227
23995,142.42700576782227
23996,142.42700576782227
23997,164.15073013305664
23998,164.15073013305664
23999,153.16316604614258
24000,142.47384452819824
24001,142.47384452819824
24002,131.47384452819824
24003,131.47384452819824
24004,131.47384452819824
24005,131.47384452819824
24006,131.47384452819824
24007,120.51882553100586
24008,120.51882553100586
24009,120.51882553100586
24010,131.4020595550537
24011,131.4020595550537
24012,131.4020595550537
24013,142.4020595550537
24014,131.4020595550537
24015,131.4020595550537
24016,131.4020595550537
24017,120.45873355865479
24018,120.45873355865479
24019,120.45873355865479
24020,120.45873355865479
24021,120.45873355865479
24022,109.46255493164062
24023,120.45091533660889
24024,131.4509153366089
24025,142.19048595428467
24026,142.19048595428467
24027,142.19048595428467
24028,142.19048595428467
24029,142.19048595428467
24030,142.19048595428467
24031,131.4667615890503
24032,131.4667615890503
24033,131.4667615890503
24034,131.4667615890503
24035,131.4667615890503
24036,131.4667615890503
24037,131.4667615890503
24038,131.4667615890503
24039,131.4667615890503
24040,131.4667615890503
24041,131.4667615890503
24042,131.4667615890503
24043,131.4667615890503
24044,131.4667615890503
24045,131.4667615890503
24046,131.4667615890503
24047,131.4667615890503
24048,131.4667615890503
24049,142.39159870147705
24050,142.39159870147705
24051,142.39159870147705
24052,131.44147396087646
24053,142.38040447235107
24054,142.38040447235107
24055,142.38040447235107
24056,142.38040447235107
24057,142.38040447235107
24058,142.38040447235107
24059,142.38040447235107
24060,142.38040447235107
24061,142.38040447235107
24062,142.38040447235107
24063,153.38040447235107
24064,153.38040447235107
24065,153.38040447235107
24066,164.38040447235107
24067,153.6408338546753
24068,153.6408338546753
24069,164.60255813598633
24070,164.60255813598633
24071,153.71932411193848
24072,153.71932411193848
24073,153.71932411193848
24074,164.53918075561523
24075,164.53918075561523
24076,164.53918075561523
24077,153.56465244293213
24078,164.34733390808105
24079,164.34733390808105
24080,164.34733390808105
24081,164.34733390808105
24082,153.34733390808105
24083,153.35251426696777
24084,164.3428030014038
24085,164.3428030014038
24086,153.3428030014038
24087,153.3428030014038
24088,142.34429264068604
24089,142.34429264068604
24090,142.34429264068604
24091,142.34429264068604
24092,142.34429264068604
24093,164.25174808502197
24094,164.25174808502197
24095,164.25174808502197
24096,164.25174808502197
24097,164.25174808502197
24098,164.25174808502197
24099,164.25174808502197
24100,164.25174808502197
24101,153.27409648895264
24102,153.27409648895264
24103,142.27409648895264
24104,142.27409648895264
24105,142.27409648895264
24106,142.27409648895264
24107,142.27409648895264
24108,131.45423984527588
24109,131.45423984527588
24110,131.45423984527588
24111,131.45423984527588
24112,142.44783115386963
24113,142.44783115386963
24114,153.43355655670166
24115,153.43355655670166
24116,153.43355655670166
24117,153.43355655670166
24118,153.43355655670166
24119,164.32023334503174
24120,164.32039833068848
24121,164.32039833068848
24122,175.32039833068848
24123,175.32039833068848
24124,175.32039833068848
24125,175.32039833068848
24126,164.4847354888916
24127,164.4847354888916
24128,164.4847354888916
24129,164.4847354888916
24130,164.4847354888916
24131,164.4847354888916
24132,164.4847354888916
24133,164.4847354888916
24134,153.5143051147461
24135,153.5143051147461
24136,153.5143051147461
24137,153.5143051147461
24138,153.5143051147461
24139,164.47948551177979
24140,175.45213890075684
24141,175.45213890075684
24142,186.43989181518555
24143,186.43989181518555
24144,186.43989181518555
24145,186.43989181518555
24146,186.43989181518555
24147,186.43989181518555
24148,186.43989181518555
24149,186.43989181518555
24150,186.51215648651123
24151,186.51215648651123
24152,186.51215648651123
24153,186.51215648651123
24154,186.51215648651123
24155,175.57322597503662
24156,175.57322597503662
24157,175.57322597503662
24158,175.57322597503662
24159,164.57322597503662
24160,164.57322597503662
24161,164.57322597503662
24162,164.57322597503662
24163,164.57322597503662
24164,164.57322597503662
24165,164.57322597503662
24166,164.57322597503662
24167,164.57322597503662
24168,164.57322597503662
24169,164.57322597503662
24170,164.57322597503662
24171,164.57322597503662
24172,164.57322597503662
24173,175.56134033203125
24174,186.5238914489746
24175,186.5238914489746
24176,186.5238914489746
24177,164.6754903793335
24178,153.73624801635742
24179,153.73624801635742
24180,164.60377883911133
24181,164.60377883911133
24182,153.61424732208252
24183,153.61424732208252
24184,153.61424732208252
24185,142.65169620513916
24186,142.65169620513916
24187,142.65169620513916
24188,142.65169620513916
24189,142.65169620513916
24190,142.65169620513916
24191,142.65169620513916
24192,131.7046775817871
24193,120.70467758178711
24194,120.70467758178711
24195,131.61741733551025
24196,131.61741733551025
24197,131.61741733551025
24198,131.61741733551025
24199,131.61741733551025
24200,131.61741733551025
24201,131.61741733551025
24202,131.61741733551025
24203,131.61741733551025
24204,131.61741733551025
24205,120.62930297851562
24206,131.50789260864258
24207,131.50789260864258
24208,131.50789260864258
24209,131.50789260864258
24210,131.50789260864258
24211,131.50789260864258
24212,131.50789260864258
24213,131.50789260864258
24214,131.50789260864258
24215,131.50789260864258
24216,131.50789260864258
24217,131.50789260864258
24218,131.50789260864258
24219,131.50789260864258
24220,131.50789260864258
24221,142.50705814361572
24222,142.50705814361572
24223,142.50705814361572
24224,131.62846851348877
24225,131.62846851348877
24226,131.62846851348877
24227,131.62846851348877
24228,131.62846851348877
24229,131.62846851348877
24230,131.62846851348877
24231,131.62846851348877
24232,131.62846851348877
24233,131.62846851348877
24234,131.62846851348877
24235,131.62846851348877
24236,131.62846851348877
24237,131.62846851348877
24238,142.5864486694336
24239,142.5864486694336
24240,142.5864486694336
24241,142.5864486694336
24242,131.7189178466797
24243,131.7189178466797
24244,131.7189178466797
24245,131.7189178466797
24246,131.7189178466797
24247,131.7189178466797
24248,131.7189178466797
24249,120.75070476531982
24250,120.75070476531982
24251,131.74619007110596
24252,142.71995067596436
24253,142.71995067596436
24254,131.7263593673706
24255,131.7263593673706
24256,131.7263593673706
24257,131.7263593673706
24258,142.67614269256592
24259,142.67614269256592
24260,142.67614269256592
24261,142.67614269256592
24262,142.67614269256592
24263,142.67614269256592
24264,142.67614269256592
24265,142.67614269256592
24266,131.68585395812988
24267,131.68585395812988
24268,142.60888957977295
24269,142.60888957977295
24270,153.53265762329102
24271,153.53265762329102
24272,153.53265762329102
24273,153.53265762329102
24274,164.43397045135498
24275,153.46131706237793
24276,153.46131706237793
24277,153.46131706237793
24278,164.44018363952637
24279,164.44018363952637
24280,164.44018363952637
24281,164.44018363952637
24282,164.44018363952637
24283,164.44018363952637
24284,164.44018363952637
24285,164.44018363952637
24286,153.52744388580322
24287,153.52744388580322
24288,153.52744388580322
24289,164.50011730194092
24290,164.50011730194092
24291,164.50011730194092
24292,164.50011730194092
24293,164.50011730194092
24294,164.50011730194092
24295,164.50011730194092
24296,153.5123643875122
24297,153.5123643875122
24298,153.5123643875122
24299,142.52663898468018
24300,142.52663898468018
24301,142.52663898468018
24302,142.52663898468018
24303,142.52663898468018
24304,142.52663898468018
24305,142.52663898468018
24306,142.52663898468018
24307,142.52663898468018
24308,142.52663898468018
24309,142.52663898468018
24310,142.52663898468018
24311,142.52663898468018
24312,131.56145858764648
24313,120.63769054412842
24314,120.63769054412842
24315,120.63769054412842
24316,120.63769054412842
24317,109.73637771606445
24318,109.73637771606445
24319,109.73637771606445
24320,120.69381141662598
24321,120.69381141662598
24322,120.69381141662598
24323,120.69381141662598
24324,120.69381141662598
24325,120.69381141662598
24326,120.69381141662598
24327,120.69381141662598
24328,120.69381141662598
24329,120.69381141662598
24330,120.69381141662598
24331,120.69381141662598
24332,120.69381141662598
24333,120.69381141662598
24334,120.69381141662598
24335,120.69381141662598
24336,120.69381141662598
24337,120.69381141662598
24338,120.69381141662598
24339,120.69381141662598
24340,120.69381141662598
24341,120.69381141662598
24342,120.69381141662598
24343,120.69381141662598
24344,120.69381141662598
24345,109.71494483947754
24346,109.71494483947754
24347,109.71494483947754
24348,109.71494483947754
24349,120.70399284362793
24350,120.70399284362793
24351,120.70399284362793
24352,120.70399284362793
24353,120.70399284362793
24354,120.70399284362793
24355,120.70399284362793
24356,120.70399284362793
24357,120.70399284362793
24358,120.70399284362793
24359,109.73131942749023
24360,109.73131942749023
24361,98.7342176437378
24362,98.7342176437378
24363,98.7342176437378
24364,98.7342176437378
24365,87.77623748779297
24366,87.77623748779297
24367,87.77623748779297
24368,87.77623748779297
24369,87.77623748779297
24370,87.77623748779297
24371,87.77623748779297
24372,87.77623748779297
24373,87.77623748779297
24374,87.77623748779297
24375,87.77623748779297
24376,98.75057220458984
24377,87.7514066696167
24378,87.7514066696167
24379,87.7514066696167
24380,87.7514066696167
24381,87.7514066696167
24382,87.7514066696167
24383,87.7514066696167
24384,87.7514066696167
24385,87.7514066696167
24386,87.7514066696167
24387,87.7514066696167
24388,87.7514066696167
24389,87.7514066696167
24390,87.7514066696167
24391,87.7514066696167
24392,87.7514066696167
24393,87.7514066696167
24394,87.7514066696167
24395,87.7514066696167
24396,87.7514066696167
24397,87.7514066696167
24398,87.7514066696167
24399,87.7514066696167
24400,87.7514066696167
24401,87.7514066696167
24402,87.7514066696167
24403,87.7514066696167
24404,87.7514066696167
24405,87.7514066696167
24406,87.7514066696167
24407,87.7514066696167
24408,87.7514066696167
24409,76.82837104797363
24410,65.8328857421875
24411,65.8328857421875
24412,65.8328857421875
24413,65.8328857421875
24414,65.8328857421875
24415,65.8328857421875
24416,65.8328857421875
24417,65.8328857421875
24418,65.8328857421875
24419,65.8328857421875
24420,65.8328857421875
24421,65.8328857421875
24422,54.8443603515625
24423,54.8443603515625
24424,43.8705997467041
24425,43.8705997467041
24426,43.8705997467041
24427,43.8705997467041
24428,32.92081642150879
24429,32.92081642150879
24430,32.92081642150879
24431,32.92081642150879
24432,21.946481704711914
24433,21.946481704711914
24434,21.946481704711914
24435,21.946481704711914
24436,21.946481704711914
24437,21.946481704711914
24438,10.98904800415039
24439,10.98904800415039
24440,10.98904800415039
24441,10.98904800415039
24442,10.98904800415039
24443,10.98904800415039
24444,10.98904800415039
24445,10.98904800415039
24446,0.0
24447,0.0
24448,10.96800422668457
24449,10.96800422668457
24450,10.96800422668457
24451,10.96800422668457
24452,10.96800422668457
24453,10.96800422668457
24454,10.96800422668457
24455,10.96800422668457
24456,10.96800422668457
24457,10.96800422668457
24458,10.96800422668457
24459,10.96800422668457
24460,10.96800422668457
24461,10.96800422668457
24462,10.96800422668457
24463,10.96800422668457
24464,10.96800422668457
24465,10.96800422668457
24466,10.96800422668457
24467,10.96800422668457
24468,10.96800422668457
24469,10.96800422668457
24470,10.96800422668457
24471,10.96800422668457
24472,10.96800422668457
24473,10.96800422668457
24474,21.747547149658203
24475,21.747547149658203
24476,21.747547149658203
24477,21.747547149658203
24478,21.747547149658203
24479,21.747547149658203
24480,21.747547149658203
24481,21.747547149658203
24482,21.747547149658203
24483,21.747547149658203
24484,21.747547149658203
24485,21.747547149658203
24486,21.747547149658203
24487,21.747547149658203
24488,21.747547149658203
24489,21.747547149658203
24490,21.747547149658203
24491,21.747547149658203
24492,21.747547149658203
24493,21.747547149658203
24494,21.747547149658203
24495,21.747547149658203
24496,21.747547149658203
24497,21.747547149658203
24498,21.747547149658203
24499,21.747547149658203
24500,21.747547149658203
24501,21.747547149658203
24502,21.747547149658203
24503,21.747547149658203
24504,21.747547149658203
24505,21.747547149658203
24506,21.747547149658203
24507,21.747547149658203
24508,21.747547149658203
24509,21.747547149658203
24510,21.747547149658203
24511,21.747547149658203
24512,21.747547149658203
24513,21.747547149658203
24514,21.747547149658203
24515,10.96800422668457
24516,10.96800422668457
24517,10.96800422668457
24518,10.96800422668457
24519,10.96800422668457
24520,10.96800422668457
24521,10.96800422668457
24522,10.96800422668457
24523,10.96800422668457
24524,10.96800422668457
24525,10.96800422668457
24526,10.96800422668457
24527,10.96800422668457
24528,10.96800422668457
24529,10.96800422668457
24530,10.96800422668457
24531,10.96800422668457
24532,10.96800422668457
24533,10.96800422668457
24534,10.96800422668457
24535,10.96800422668457
24536,10.96800422668457
24537,10.96800422668457
24538,10.96800422668457
24539,10.96800422668457
24540,10.96800422668457
24541,10.96800422668457
24542,10.96800422668457
24543,10.96800422668457
24544,10.96800422668457
24545,10.96800422668457
24546,10.96800422668457
24547,10.96800422668457
24548,10.96800422668457
24549,10.96800422668457
24550,10.96800422668457
24551,10.96800422668457
24552,10.96800422668457
24553,10.96800422668457
24554,10.96800422668457
24555,10.96800422668457
24556,10.96800422668457
24557,10.96800422668457
24558,10.96800422668457
24559,10.96800422668457
24560,10.96800422668457
24561,10.96800422668457
24562,10.96800422668457
24563,10.96800422668457
24564,10.96800422668457
24565,10.96800422668457
24566,10.96800422668457
24567,10.96800422668457
24568,10.96800422668457
24569,10.96800422668457
24570,10.96800422668457
24571,10.96800422668457
24572,10.96800422668457
24573,10.96800422668457
24574,21.96477222442627
24575,21.96477222442627
24576,21.96477222442627
24577,21.96477222442627
24578,21.96477222442627
24579,21.96477222442627
24580,21.96477222442627
24581,21.96477222442627
24582,21.96477222442627
24583,21.96477222442627
24584,21.96477222442627
24585,21.96477222442627
24586,21.96477222442627
24587,32.91148853302002
24588,43.677321434020996
24589,43.677321434020996
24590,43.677321434020996
24591,43.677321434020996
24592,43.677321434020996
24593,43.677321434020996
24594,43.677321434020996
24595,43.677321434020996
24596,43.677321434020996
24597,54.66318321228027
24598,65.48679447174072
24599,65.48679447174072
24600,65.48679447174072
24601,65.48679447174072
24602,65.48679447174072
24603,65.48679447174072
24604,65.48679447174072
24605,65.48679447174072
24606,65.48679447174072
24607,65.48679447174072
24608,65.48679447174072
24609,65.48679447174072
24610,65.48679447174072
24611,65.48679447174072
24612,76.48679447174072
24613,76.48679447174072
24614,76.48679447174072
24615,76.48679447174072
24616,76.48679447174072
24617,76.48679447174072
24618,76.48679447174072
24619,76.48679447174072
24620,76.48679447174072
24621,76.48679447174072
24622,76.48679447174072
24623,76.48679447174072
24624,76.48679447174072
24625,76.48679447174072
24626,76.48679447174072
24627,76.48679447174072
24628,76.48679447174072
24629,76.48679447174072
24630,76.48679447174072
24631,76.48679447174072
24632,76.48679447174072
24633,65.72096157073975
24634,65.72096157073975
24635,54.8973503112793
24636,54.8973503112793
24637,54.8973503112793
24638,54.8973503112793
24639,54.8973503112793
24640,54.8973503112793
24641,54.8973503112793
24642,54.8973503112793
24643,54.8973503112793
24644,54.8973503112793
24645,54.8973503112793
24646,54.8973503112793
24647,43.9005823135376
24648,43.9005823135376
24649,43.9005823135376
24650,43.9005823135376
24651,43.9005823135376
24652,43.9005823135376
24653,43.9005823135376
24654,43.9005823135376
24655,43.9005823135376
24656,43.9005823135376
24657,43.9005823135376
24658,43.9005823135376
24659,43.9005823135376
24660,43.9005823135376
24661,43.9005823135376
24662,43.9005823135376
24663,43.9005823135376
24664,43.9005823135376
24665,43.9005823135376
24666,43.9005823135376
24667,43.9005823135376
24668,43.9005823135376
24669,43.9005823135376
24670,32.93257808685303
24671,32.93257808685303
24672,32.93257808685303
24673,32.93257808685303
24674,32.93257808685303
24675,32.93257808685303
24676,32.93257808685303
24677,32.93257808685303
24678,32.93257808685303
24679,32.93257808685303
24680,32.93257808685303
24681,32.93257808685303
24682,32.93257808685303
24683,32.93257808685303
24684,32.93257808685303
24685,32.93257808685303
24686,32.93257808685303
24687,32.93257808685303
24688,21.932578086853027
24689,10.985861778259277
24690,10.985861778259277
24691,10.985861778259277
24692,10.985861778259277
24693,10.985861778259277
24694,10.985861778259277
24695,10.985861778259277
24696,10.985861778259277
24697,10.985861778259277
24698,10.985861778259277
24699,10.985861778259277
24700,10.985861778259277
24701,10.985861778259277
24702,10.985861778259277
24703,10.985861778259277
24704,21.854249000549316
24705,21.854249000549316
24706,21.854249000549316
24707,21.854249000549316
24708,21.854249000549316
24709,21.854249000549316
24710,21.854249000549316
24711,21.854249000549316
24712,21.854249000549316
24713,21.854249000549316
24714,21.854249000549316
24715,21.854249000549316
24716,21.854249000549316
24717,21.854249000549316
24718,21.854249000549316
24719,21.854249000549316
24720,21.854249000549316
24721,21.854249000549316
24722,21.854249000549316
24723,21.854249000549316
24724,21.854249000549316
24725,21.854249000549316
24726,21.854249000549316
24727,21.854249000549316
24728,21.854249000549316
24729,21.854249000549316
24730,21.854249000549316
24731,21.854249000549316
24732,21.854249000549316
24733,21.854249000549316
24734,21.854249000549316
24735,21.854249000549316
24736,21.854249000549316
24737,21.854249000549316
24738,21.854249000549316
24739,21.854249000549316
24740,21.854249000549316
24741,21.854249000549316
24742,21.854249000549316
24743,21.854249000549316
24744,21.854249000549316
24745,21.854249000549316
24746,21.854249000549316
24747,21.854249000549316
24748,21.854249000549316
24749,21.854249000549316
24750,21.854249000549316
24751,21.854249000549316
24752,21.854249000549316
24753,21.854249000549316
24754,21.854249000549316
24755,21.854249000549316
24756,21.854249000549316
24757,21.854249000549316
24758,21.854249000549316
24759,21.854249000549316
24760,21.854249000549316
24761,21.854249000549316
24762,21.854249000549316
24763,21.854249000549316
24764,21.854249000549316
24765,21.854249000549316
24766,21.854249000549316
24767,21.854249000549316
24768,21.854249000549316
24769,21.854249000549316
24770,21.854249000549316
24771,21.854249000549316
24772,21.854249000549316
24773,21.854249000549316
24774,21.854249000549316
24775,21.854249000549316
24776,10.985861778259277
24777,10.985861778259277
24778,10.985861778259277
24779,10.985861778259277
24780,10.985861778259277
24781,10.985861778259277
24782,10.985861778259277
24783,10.985861778259277
24784,10.985861778259277
24785,10.985861778259277
24786,10.985861778259277
24787,10.985861778259277
24788,10.985861778259277
24789,10.985861778259277
24790,10.985861778259277
24791,10.985861778259277
24792,10.985861778259277
24793,10.985861778259277
24794,10.985861778259277
24795,10.985861778259277
24796,10.985861778259277
24797,10.985861778259277
24798,10.985861778259277
24799,10.985861778259277
24800,10.985861778259277
24801,10.985861778259277
24802,10.985861778259277
24803,10.985861778259277
24804,10.985861778259277
24805,10.985861778259277
24806,10.985861778259277
24807,10.985861778259277
24808,10.985861778259277
24809,10.985861778259277
24810,10.985861778259277
24811,10.985861778259277
24812,10.985861778259277
24813,10.985861778259277
24814,10.985861778259277
24815,10.985861778259277
24816,10.985861778259277
24817,10.985861778259277
24818,10.985861778259277
24819,10.985861778259277
24820,10.985861778259277
24821,10.985861778259277
24822,21.985861778259277
24823,21.985861778259277
24824,21.985861778259277
24825,21.985861778259277
24826,21.985861778259277
24827,21.985861778259277
24828,21.985861778259277
24829,21.985861778259277
24830,21.985861778259277
24831,21.985861778259277
24832,11.0
24833,11.0
24834,11.0
24835,11.0
24836,11.0
24837,11.0
24838,11.0
24839,11.0
24840,21.800694465637207
24841,21.800694465637207
24842,21.800694465637207
24843,21.800694465637207
24844,21.800694465637207
24845,21.800694465637207
24846,21.800694465637207
24847,21.800694465637207
24848,21.800694465637207
24849,21.800694465637207
24850,21.800694465637207
24851,21.800694465637207
24852,21.800694465637207
24853,21.800694465637207
24854,21.800694465637207
24855,21.800694465637207
24856,21.800694465637207
24857,21.800694465637207
24858,21.800694465637207
24859,21.800694465637207
24860,21.800694465637207
24861,21.800694465637207
24862,21.800694465637207
24863,21.800694465637207
24864,21.800694465637207
24865,32.79885292053223
24866,32.79885292053223
24867,32.79885292053223
24868,32.79885292053223
24869,32.79885292053223
24870,32.79885292053223
24871,32.79885292053223
24872,32.79885292053223
24873,32.79885292053223
24874,32.79885292053223
24875,32.79885292053223
24876,32.79885292053223
24877,32.79885292053223
24878,32.79885292053223
24879,32.79885292053223
24880,32.79885292053223
24881,32.79885292053223
24882,32.79885292053223
24883,32.79885292053223
24884,32.79885292053223
24885,32.79885292053223
24886,32.79885292053223
24887,32.79885292053223
24888,32.79885292053223
24889,32.79885292053223
24890,21.99815845489502
24891,21.99815845489502
24892,21.99815845489502
24893,21.99815845489502
24894,21.99815845489502
24895,21.99815845489502
24896,21.99815845489502
24897,21.99815845489502
24898,21.99815845489502
24899,21.99815845489502
24900,32.99372577667236
24901,32.99372577667236
24902,32.99372577667236
24903,32.99372577667236
24904,32.99372577667236
24905,21.993725776672363
24906,21.993725776672363
24907,21.993725776672363
24908,21.993725776672363
24909,21.993725776672363
24910,21.993725776672363
24911,43.90466499328613
24912,43.90466499328613
24913,43.90466499328613
24914,43.90466499328613
24915,43.90466499328613
24916,43.90466499328613
24917,54.882771492004395
24918,54.882771492004395
24919,54.882771492004395
24920,54.882771492004395
24921,54.882771492004395
24922,54.882771492004395
24923,65.8240098953247
24924,65.8240098953247
24925,65.8240098953247
24926,65.8240098953247
24927,65.8240098953247
24928,65.8240098953247
24929,65.8240098953247
24930,65.8240098953247
24931,65.8240098953247
24932,65.8240098953247
24933,65.8240098953247
24934,65.8240098953247
24935,65.8240098953247
24936,65.8240098953247
24937,65.8240098953247
24938,65.8240098953247
24939,76.11402702331543
24940,76.11402702331543
24941,76.11402702331543
24942,76.11402702331543
24943,76.11402702331543
24944,76.11402702331543
24945,87.01524448394775
24946,87.01524448394775
24947,87.01524448394775
24948,87.01524448394775
24949,87.01524448394775
24950,97.95519351959229
24951,97.95519351959229
24952,87.66517639160156
24953,98.66517639160156
24954,98.66517639160156
24955,98.66517639160156
24956,98.66517639160156
24957,98.66517639160156
24958,98.66517639160156
24959,98.66517639160156
24960,98.66517639160156
24961,109.66517639160156
24962,109.66517639160156
24963,109.66517639160156
24964,109.66517639160156
24965,109.66517639160156
24966,109.66517639160156
24967,109.66517639160156
24968,109.66517639160156
24969,109.66517639160156
24970,109.66517639160156
24971,109.66517639160156
24972,109.66517639160156
24973,109.66517639160156
24974,109.66517639160156
24975,109.66517639160156
24976,98.66517639160156
24977,98.66517639160156
24978,98.66517639160156
24979,98.66517639160156
24980,98.66517639160156
24981,98.66517639160156
24982,109.65961647033691
24983,109.65961647033691
24984,120.5524845123291
24985,131.51618099212646
24986,131.51618099212646
24987,131.51618099212646
24988,131.51618099212646
24989,131.51618099212646
24990,131.51618099212646
24991,131.51618099212646
24992,131.51618099212646
24993,142.48150539398193
24994,142.48150539398193
24995,142.48150539398193
24996,153.4565200805664
24997,142.56365203857422
24998,142.56365203857422
24999,142.56365203857422
25000,142.56365203857422
25001,142.56365203857422
25002,142.56365203857422
25003,142.56472301483154
25004,153.50429153442383
25005,153.50429153442383
25006,153.50429153442383
25007,153.59352588653564
25008,142.5979585647583
25009,142.5979585647583
25010,142.5979585647583
25011,142.5979585647583
25012,142.5979585647583
25013,153.5979585647583
25014,153.5979585647583
25015,153.5979585647583
25016,153.5979585647583
25017,153.5979585647583
25018,153.5979585647583
25019,153.5979585647583
25020,175.48754501342773
25021,175.48754501342773
25022,175.48754501342773
25023,175.48754501342773
25024,175.48754501342773
25025,175.48754501342773
25026,186.47057342529297
25027,197.47057342529297
25028,208.46417903900146
25029,197.52294063568115
25030,208.48315525054932
25031,186.51945877075195
25032,186.51945877075195
25033,197.50600051879883
25034,186.59506130218506
25035,186.59506130218506
25036,186.59506130218506
25037,186.59506130218506
25038,186.59506130218506
25039,186.59506130218506
25040,186.59506130218506
25041,186.59506130218506
25042,197.53723812103271
25043,197.53723812103271
25044,186.53723812103271
25045,186.53723812103271
25046,186.53723812103271
25047,229.0898141860962
25048,229.0898141860962
25049,229.0898141860962
25050,229.0898141860962
25051,229.0898141860962
25052,229.0898141860962
25053,240.04440879821777
25054,241.08212184906006
25055,241.08212184906006
25056,241.08212184906006
25057,252.08212184906006
25058,241.08212184906006
25059,241.08212184906006
25060,252.06071949005127
25061,252.06071949005127
25062,263.0560426712036
25063,263.0560426712036
25064,252.0560426712036
25065,252.0560426712036
25066,252.0560426712036
25067,263.02204990386963
25068,263.02204990386963
25069,263.02204990386963
25070,263.02204990386963
25071,263.02204990386963
25072,263.02204990386963
25073,263.02204990386963
25074,263.02204990386963
25075,262.9954252243042
25076,262.9954252243042
25077,262.9954252243042
25078,262.9954252243042
25079,262.9954252243042
25080,262.9954252243042
25081,252.09150505065918
25082,252.09150505065918
25083,252.09150505065918
25084,252.09150505065918
25085,263.0133104324341
25086,263.0133104324341
25087,263.0133104324341
25088,263.0133104324341
25089,263.0133104324341
25090,263.0133104324341
25091,263.0133104324341
25092,274.1745271682739
25093,274.1745271682739
25094,263.2345781326294
25095,263.2345781326294
25096,263.2345781326294
25097,263.2345781326294
25098,263.2345781326294
25099,263.2345781326294
25100,263.2345781326294
25101,263.2345781326294
25102,263.2345781326294
25103,263.2345781326294
25104,263.2345781326294
25105,263.2345781326294
25106,263.2345781326294
25107,263.2345781326294
25108,263.2345781326294
25109,263.2345781326294
25110,263.2345781326294
25111,274.21968364715576
25112,274.21968364715576
25113,274.21968364715576
25114,274.21968364715576
25115,274.21968364715576
25116,274.21968364715576
25117,274.21968364715576
25118,274.21968364715576
25119,274.21968364715576
25120,274.21968364715576
25121,274.16930770874023
25122,274.16930770874023
25123,274.16930770874023
25124,284.96669578552246
25125,284.96669578552246
25126,274.0224275588989
25127,274.0224275588989
25128,274.0224275588989
25129,274.0224275588989
25130,274.0224275588989
25131,274.0224275588989
25132,274.0224275588989
25133,274.0224275588989
25134,263.04432106018066
25135,252.102144241333
25136,252.102144241333
25137,230.19596767425537
25138,230.19596767425537
25139,230.19596767425537
25140,219.20551586151123
25141,219.20551586151123
25142,219.20551586151123
25143,208.408127784729
25144,208.408127784729
25145,219.408127784729
25146,219.408127784729
25147,219.408127784729
25148,219.408127784729
25149,219.408127784729
25150,219.408127784729
25151,219.408127784729
25152,219.408127784729
25153,219.408127784729
25154,219.408127784729
25155,219.408127784729
25156,219.408127784729
25157,219.408127784729
25158,219.408127784729
25159,219.408127784729
25160,208.42509937286377
25161,208.42509937286377
25162,208.42509937286377
25163,208.42509937286377
25164,208.42509937286377
25165,208.42509937286377
25166,208.42509937286377
25167,208.42509937286377
25168,208.42509937286377
25169,208.42509937286377
25170,208.42509937286377
25171,208.42509937286377
25172,208.42509937286377
25173,208.42509937286377
25174,208.42509937286377
25175,208.42509937286377
25176,208.42509937286377
25177,208.42509937286377
25178,208.42509937286377
25179,219.42509937286377
25180,219.42509937286377
25181,219.42509937286377
25182,186.5331563949585
25183,175.5935878753662
25184,175.5935878753662
25185,164.62826347351074
25186,153.64966583251953
25187,142.68365859985352
25188,142.68365859985352
25189,153.68365859985352
25190,153.68365859985352
25191,153.68365859985352
25192,153.68365859985352
25193,153.68365859985352
25194,142.68442916870117
25195,131.68998908996582
25196,131.68998908996582
25197,120.74467086791992
25198,131.66842079162598
25199,131.66842079162598
25200,131.66842079162598
25201,120.67309761047363
25202,120.67309761047363
25203,120.67309761047363
25204,120.67309761047363
25205,120.67309761047363
25206,120.67309761047363
25207,120.67309761047363
25208,120.67309761047363
25209,120.67309761047363
25210,131.58556938171387
25211,131.58556938171387
25212,131.58556938171387
25213,120.6253547668457
25214,120.6253547668457
25215,120.6253547668457
25216,120.6253547668457
25217,120.6253547668457
25218,120.6253547668457
25219,109.65034008026123
25220,109.65034008026123
25221,109.65034008026123
25222,109.65034008026123
25223,120.6169376373291
25224,120.6169376373291
25225,120.6169376373291
25226,120.6169376373291
25227,120.6169376373291
25228,120.6169376373291
25229,120.6169376373291
25230,120.6169376373291
25231,131.44238758087158
25232,131.44238758087158
25233,131.44238758087158
25234,131.44238758087158
25235,131.44238758087158
25236,131.44238758087158
25237,131.44238758087158
25238,131.44238758087158
25239,131.44238758087158
25240,131.44238758087158
25241,131.44238758087158
25242,131.44238758087158
25243,131.44238758087158
25244,131.44238758087158
25245,131.44238758087158
25246,131.44238758087158
25247,120.45728206634521
25248,131.39913368225098
25249,131.39913368225098
25250,131.39913368225098
25251,131.39913368225098
25252,131.39913368225098
25253,131.39913368225098
25254,131.39913368225098
25255,131.39913368225098
25256,131.39913368225098
25257,120.47538375854492
25258,120.47538375854492
25259,120.47538375854492
25260,120.47538375854492
25261,109.52078914642334
25262,109.52078914642334
25263,120.51258754730225
25264,120.51258754730225
25265,120.51258754730225
25266,120.51258754730225
25267,120.51258754730225
25268,120.51258754730225
25269,120.51258754730225
25270,120.51258754730225
25271,109.68713760375977
25272,109.68713760375977
25273,109.68713760375977
25274,109.68713760375977
25275,109.68713760375977
25276,109.68713760375977
25277,109.68713760375977
25278,109.68713760375977
25279,109.68713760375977
25280,120.68713760375977
25281,120.68713760375977
25282,120.68713760375977
25283,120.68713760375977
25284,109.72932434082031
25285,109.72932434082031
25286,98.73571872711182
25287,98.73571872711182
25288,98.73571872711182
25289,98.73571872711182
25290,98.73571872711182
25291,98.73571872711182
25292,98.73571872711182
25293,98.73571872711182
25294,98.73571872711182
25295,98.73571872711182
25296,98.73571872711182
25297,98.73571872711182
25298,98.73571872711182
25299,98.73571872711182
25300,98.73571872711182
25301,98.73571872711182
25302,109.72989559173584
25303,109.72989559173584
25304,109.72989559173584
25305,109.72989559173584
25306,109.72989559173584
25307,109.72989559173584
25308,120.65844821929932
25309,120.65844821929932
25310,120.65844821929932
25311,120.65844821929932
25312,120.65844821929932
25313,131.6210880279541
25314,131.6210880279541
25315,131.6210880279541
25316,131.6210880279541
25317,131.6210880279541
25318,120.70861625671387
25319,120.70861625671387
25320,120.70861625671387
25321,120.70861625671387
25322,120.70861625671387
25323,120.70861625671387
25324,131.66852283477783
25325,131.66852283477783
25326,131.66852283477783
25327,120.71889877319336
25328,437.53014755249023
25329,437.53014755249023
25330,415.6149206161499
25331,415.6149206161499
25332,98.80367183685303
25333,98.80367183685303
25334,98.80367183685303
25335,109.76185417175293
25336,109.76185417175293
25337,98.76185417175293
25338,98.76185417175293
25339,98.76185417175293
25340,98.76185417175293
25341,98.76185417175293
25342,98.76185417175293
25343,98.76185417175293
25344,98.76185417175293
25345,98.76185417175293
25346,98.76185417175293
25347,98.76185417175293
25348,98.76185417175293
25349,98.76185417175293
25350,98.76185417175293
25351,98.76185417175293
25352,109.73086357116699
25353,98.73086357116699
25354,98.73086357116699
25355,98.73086357116699
25356,109.63536930084229
25357,109.63536930084229
25358,109.63536930084229
25359,109.63536930084229
25360,109.63536930084229
25361,109.63536930084229
25362,120.63536930084229
25363,120.63536930084229
25364,120.63536930084229
25365,120.63536930084229
25366,120.63536930084229
25367,120.63536930084229
25368,120.63536930084229
25369,120.63536930084229
25370,120.63536930084229
25371,120.63536930084229
25372,120.63536930084229
25373,120.63536930084229
25374,120.63536930084229
25375,120.63536930084229
25376,120.63536930084229
25377,120.63536930084229
25378,120.63536930084229
25379,120.63536930084229
25380,120.63536930084229
25381,120.63536930084229
25382,120.63536930084229
25383,120.63536930084229
25384,120.63536930084229
25385,120.63536930084229
25386,109.63536930084229
25387,120.22797584533691
25388,120.22797584533691
25389,120.22797584533691
25390,109.25896644592285
25391,109.25896644592285
25392,109.25896644592285
25393,109.25896644592285
25394,109.25896644592285
25395,109.25896644592285
25396,98.25896644592285
25397,109.17305374145508
25398,109.17305374145508
25399,120.14218330383301
25400,131.13882064819336
25401,131.13882064819336
25402,131.13882064819336
25403,131.13882064819336
25404,131.13882064819336
25405,142.13882064819336
25406,142.13882064819336
25407,131.1722230911255
25408,131.1722230911255
25409,131.1722230911255
25410,120.57961654663086
25411,120.57961654663086
25412,120.57961654663086
25413,120.57961654663086
25414,120.57961654663086
25415,131.48747539520264
25416,131.48747539520264
25417,131.48747539520264
25418,131.48747539520264
25419,131.48747539520264
25420,131.48747539520264
25421,131.48747539520264
25422,131.48747539520264
25423,131.48747539520264
25424,131.48747539520264
25425,131.48747539520264
25426,131.48747539520264
25427,120.55892276763916
25428,109.56474590301514
25429,109.56474590301514
25430,109.56474590301514
25431,109.56474590301514
25432,109.56474590301514
25433,109.56474590301514
25434,109.56474590301514
25435,109.56474590301514
25436,109.56474590301514
25437,109.56474590301514
25438,109.56474590301514
25439,109.56474590301514
25440,109.56474590301514
25441,109.56474590301514
25442,109.56474590301514
25443,109.56474590301514
25444,109.56474590301514
25445,109.56474590301514
25446,109.56474590301514
25447,109.56474590301514
25448,109.56474590301514
25449,109.56474590301514
25450,109.56474590301514
25451,109.56474590301514
25452,109.63627338409424
25453,109.63627338409424
25454,109.63627338409424
25455,109.63627338409424
25456,109.63627338409424
25457,109.63627338409424
25458,109.63627338409424
25459,109.63627338409424
25460,109.63627338409424
25461,109.63627338409424
25462,109.63627338409424
25463,109.63627338409424
25464,109.66714382171631
25465,109.66714382171631
25466,109.66714382171631
25467,109.66714382171631
25468,120.64646530151367
25469,120.64646530151367
25470,120.64646530151367
25471,120.64646530151367
25472,131.52778434753418
25473,131.52778434753418
25474,142.50055980682373
25475,142.50055980682373
25476,142.50055980682373
25477,142.50055980682373
25478,142.50055980682373
25479,142.50055980682373
25480,142.50055980682373
25481,131.5864725112915
25482,142.5864725112915
25483,142.5864725112915
25484,142.5864725112915
25485,142.5864725112915
25486,142.5864725112915
25487,142.5864725112915
25488,142.5864725112915
25489,142.5864725112915
25490,142.5864725112915
25491,142.5864725112915
25492,142.5864725112915
25493,142.5864725112915
25494,153.5830249786377
25495,142.5830249786377
25496,142.5830249786377
25497,142.5830249786377
25498,131.62311840057373
25499,142.56504154205322
25500,142.56504154205322
25501,142.56504154205322
25502,142.56504154205322
25503,175.5225315093994
25504,186.48695278167725
25505,186.48695278167725
25506,197.45947360992432
25507,208.38117694854736
25508,208.38117694854736
25509,219.3719081878662
25510,219.3719081878662
25511,219.3719081878662
25512,230.35673332214355
25513,230.35673332214355
25514,230.35673332214355
25515,230.35673332214355
25516,230.35673332214355
25517,230.35673332214355
25518,219.39855098724365
25519,219.39855098724365
25520,241.1995153427124
25521,241.1995153427124
25522,241.1995153427124
25523,241.2077169418335
25524,241.2077169418335
25525,241.2077169418335
25526,241.2077169418335
25527,241.2077169418335
25528,241.2077169418335
25529,241.2077169418335
25530,230.29985809326172
25531,230.29985809326172
25532,230.29985809326172
25533,230.29985809326172
25534,241.21535778045654
25535,241.21535778045654
25536,241.21535778045654
25537,241.21535778045654
25538,241.21535778045654
25539,241.21535778045654
25540,230.33403873443604
25541,230.33403873443604
25542,230.33403873443604
25543,241.26992893218994
25544,241.26992893218994
25545,241.26992893218994
25546,241.26992893218994
25547,241.26992893218994
25548,241.26992893218994
25549,262.9505100250244
25550,262.9505100250244
25551,262.9505100250244
25552,262.9505100250244
25553,262.9505100250244
25554,262.9505100250244
25555,251.9505100250244
25556,262.9042501449585
25557,273.86623096466064
25558,273.86623096466064
25559,273.86623096466064
25560,273.86623096466064
25561,262.90359115600586
25562,273.8003902435303
25563,273.8003902435303
25564,284.7953987121582
25565,284.7953987121582
25566,273.81607723236084
25567,273.81607723236084
25568,273.81607723236084
25569,273.81607723236084
25570,273.81607723236084
25571,273.73606395721436
25572,263.03874492645264
25573,263.03874492645264
25574,252.03874492645264
25575,252.03874492645264
25576,252.03874492645264
25577,273.9718427658081
25578,284.92545986175537
25579,295.8645324707031
25580,306.8491153717041
25581,306.8491153717041
25582,295.8730821609497
25583,295.8730821609497
25584,295.8730821609497
25585,295.8730821609497
25586,295.8730821609497
25587,295.8730821609497
25588,295.8730821609497
25589,295.8730821609497
25590,295.8730821609497
25591,306.8690986633301
25592,306.8690986633301
25593,306.8690986633301
25594,306.8690986633301
25595,306.8690986633301
25596,296.0097846984863
25597,296.0097846984863
25598,295.9931631088257
25599,296.0237445831299
25600,296.0237445831299
25601,296.01654720306396
25602,296.01654720306396
25603,296.01654720306396
25604,296.01654720306396
25605,296.01654720306396
25606,296.01654720306396
25607,296.01654720306396
25608,306.989538192749
25609,306.989538192749
25610,306.989538192749
25611,307.01948833465576
25612,307.01948833465576
25613,318.01948833465576
25614,329.0058784484863
25615,329.0058784484863
25616,329.0058784484863
25617,329.0058784484863
25618,339.86719131469727
25619,339.86719131469727
25620,339.86719131469727
25621,350.68763065338135
25622,350.68763065338135
25623,361.63084602355957
25624,361.63084602355957
25625,350.7091426849365
25626,350.7091426849365
25627,339.736367225647
25628,339.736367225647
25629,339.736367225647
25630,339.736367225647
25631,339.736367225647
25632,339.736367225647
25633,339.736367225647
25634,339.736367225647
25635,328.81638050079346
25636,317.8315553665161
25637,317.8315553665161
25638,317.8315553665161
25639,317.8315553665161
25640,295.95005321502686
25641,295.95005321502686
25642,295.95005321502686
25643,295.95005321502686
25644,285.00813007354736
25645,285.00813007354736
25646,285.00813007354736
25647,274.0461492538452
25648,274.0461492538452
25649,274.0461492538452
25650,274.0461492538452
25651,274.0461492538452
25652,274.0461492538452
25653,274.0461492538452
25654,263.0461492538452
25655,252.04959678649902
25656,252.04959678649902
25657,252.04959678649902
25658,273.92843437194824
25659,273.92843437194824
25660,273.92843437194824
25661,262.98678398132324
25662,262.98678398132324
25663,262.98678398132324
25664,262.98678398132324
25665,262.98678398132324
25666,262.98678398132324
25667,262.98678398132324
25668,262.98678398132324
25669,262.98678398132324
25670,273.9511651992798
25671,273.9511651992798
25672,273.9511651992798
25673,273.9511651992798
25674,273.9511651992798
25675,273.9511651992798
25676,273.9511651992798
25677,273.9511651992798
25678,263.0152750015259
25679,263.0152750015259
25680,263.0152750015259
25681,263.0152750015259
25682,252.1948356628418
25683,252.1948356628418
25684,263.03288555145264
25685,263.03288555145264
25686,273.9981746673584
25687,273.9981746673584
25688,273.9981746673584
25689,273.9981746673584
25690,284.89512157440186
25691,274.0338087081909
25692,274.0338087081909
25693,274.0338087081909
25694,274.0338087081909
25695,274.0338087081909
25696,274.0338087081909
25697,274.0338087081909
25698,274.0338087081909
25699,274.0338087081909
25700,274.0338087081909
25701,274.0338087081909
25702,274.0338087081909
25703,274.0338087081909
25704,284.93437576293945
25705,284.93437576293945
25706,284.93437576293945
25707,295.9267530441284
25708,295.9267530441284
25709,295.9267530441284
25710,284.9456214904785
25711,274.00654888153076
25712,274.00654888153076
25713,274.00654888153076
25714,263.0797996520996
25715,263.0797996520996
25716,263.0797996520996
25717,263.0797996520996
25718,263.0797996520996
25719,263.0797996520996
25720,263.0797996520996
25721,263.0797996520996
25722,252.08479118347168
25723,252.08479118347168
25724,252.08479118347168
25725,241.1310510635376
25726,241.1310510635376
25727,241.1310510635376
25728,241.1310510635376
25729,241.1310510635376
25730,241.1310510635376
25731,241.1310510635376
25732,230.15853023529053
25733,219.3204803466797
25734,219.3204803466797
25735,219.3204803466797
25736,219.3204803466797
25737,219.3204803466797
25738,208.34748935699463
25739,197.3831081390381
25740,175.3973741531372
25741,175.3973741531372
25742,175.3973741531372
25743,175.3973741531372
25744,175.3973741531372
25745,175.3973741531372
25746,186.38908767700195
25747,175.40450477600098
25748,164.4084882736206
25749,164.4084882736206
25750,164.4084882736206
25751,164.4084882736206
25752,164.4084882736206
25753,164.4084882736206
25754,142.50290489196777
25755,142.50290489196777
25756,142.50290489196777
25757,142.50290489196777
25758,142.50290489196777
25759,131.52288913726807
25760,131.52288913726807
25761,131.52288913726807
25762,131.52288913726807
25763,131.52288913726807
25764,131.52288913726807
25765,142.47625350952148
25766,142.47625350952148
25767,142.47625350952148
25768,142.47625350952148
25769,153.47214221954346
25770,153.47214221954346
25771,153.47214221954346
25772,153.47214221954346
25773,153.47214221954346
25774,153.47214221954346
25775,153.47214221954346
25776,153.47214221954346
25777,153.47214221954346
25778,153.47214221954346
25779,153.47214221954346
25780,153.47214221954346
25781,153.47214221954346
25782,153.47214221954346
25783,153.47214221954346
25784,153.47214221954346
25785,142.5751953125
25786,142.5751953125
25787,142.5751953125
25788,142.5751953125
25789,142.5751953125
25790,131.67462825775146
25791,131.67462825775146
25792,120.68291473388672
25793,109.73742771148682
25794,109.73742771148682
25795,109.73742771148682
25796,109.73742771148682
25797,109.73742771148682
25798,109.73742771148682
25799,109.73742771148682
25800,109.73742771148682
25801,109.73742771148682
25802,109.73742771148682
25803,109.73742771148682
25804,109.73742771148682
25805,109.73742771148682
25806,98.7942123413086
25807,98.7942123413086
25808,98.7942123413086
25809,98.7942123413086
25810,98.7942123413086
25811,98.7942123413086
25812,98.7942123413086
25813,98.7942123413086
25814,109.6921501159668
25815,109.6921501159668
25816,109.6921501159668
25817,109.6921501159668
25818,109.6921501159668
25819,98.72686100006104
25820,98.72686100006104
25821,98.72686100006104
25822,87.79351043701172
25823,87.79351043701172
25824,87.79351043701172
25825,87.79351043701172
25826,76.80113315582275
25827,76.80113315582275
25828,76.80113315582275
25829,76.80113315582275
25830,76.80113315582275
25831,76.80113315582275
25832,54.847768783569336
25833,54.847768783569336
25834,54.847768783569336
25835,54.847768783569336
25836,54.847768783569336
25837,54.847768783569336
25838,54.847768783569336
25839,54.847768783569336
25840,54.847768783569336
25841,54.847768783569336
25842,54.847768783569336
25843,54.847768783569336
25844,54.847768783569336
25845,54.847768783569336
25846,54.847768783569336
25847,54.847768783569336
25848,43.86137866973877
25849,43.86137866973877
25850,43.86137866973877
25851,43.86137866973877
25852,43.86137866973877
25853,43.86137866973877
25854,43.86137866973877
25855,43.86137866973877
25856,43.86137866973877
25857,43.86137866973877
25858,43.86137866973877
25859,43.86137866973877
25860,43.86137866973877
25861,43.86137866973877
25862,43.86137866973877
25863,43.86137866973877
25864,43.86137866973877
25865,43.86137866973877
25866,43.86137866973877
25867,43.86137866973877
25868,43.86137866973877
25869,43.86137866973877
25870,43.86137866973877
25871,43.86137866973877
25872,43.86137866973877
25873,43.86137866973877
25874,43.86137866973877
25875,43.86137866973877
25876,43.86137866973877
25877,43.86137866973877
25878,43.86137866973877
25879,43.86137866973877
25880,43.86137866973877
25881,43.86137866973877
25882,43.86137866973877
25883,32.87708854675293
25884,32.87708854675293
25885,32.87708854675293
25886,32.87708854675293
25887,32.87708854675293
25888,32.87708854675293
25889,32.87708854675293
25890,32.87708854675293
25891,32.87708854675293
25892,32.87708854675293
25893,32.87708854675293
25894,32.87708854675293
25895,32.87708854675293
25896,32.87708854675293
25897,32.87708854675293
25898,21.979150772094727
25899,21.979150772094727
25900,21.979150772094727
25901,21.979150772094727
25902,21.979150772094727
25903,21.979150772094727
25904,21.979150772094727
25905,21.979150772094727
25906,21.979150772094727
25907,21.979150772094727
25908,21.979150772094727
25909,21.979150772094727
25910,21.979150772094727
25911,21.979150772094727
25912,21.979150772094727
25913,21.979150772094727
25914,21.979150772094727
25915,21.979150772094727
25916,32.54981327056885
25917,32.54981327056885
25918,32.54981327056885
25919,32.54981327056885
25920,32.54981327056885
25921,32.54981327056885
25922,32.54981327056885
25923,21.979150772094727
25924,21.979150772094727
25925,21.979150772094727
25926,21.979150772094727
25927,21.979150772094727
25928,21.979150772094727
25929,21.979150772094727
25930,21.979150772094727
25931,21.979150772094727
25932,21.979150772094727
25933,21.979150772094727
25934,21.979150772094727
25935,21.979150772094727
25936,21.979150772094727
25937,21.979150772094727
25938,21.979150772094727
25939,21.979150772094727
25940,21.979150772094727
25941,21.979150772094727
25942,21.979150772094727
25943,10.983262062072754
25944,10.983262062072754
25945,10.983262062072754
25946,10.983262062072754
25947,10.983262062072754
25948,10.983262062072754
25949,10.983262062072754
25950,10.983262062072754
25951,10.983262062072754
25952,10.983262062072754
25953,10.983262062072754
25954,10.983262062072754
25955,10.983262062072754
25956,10.983262062072754
25957,10.983262062072754
25958,10.983262062072754
25959,10.983262062072754
25960,10.983262062072754
25961,10.983262062072754
25962,10.983262062072754
25963,10.983262062072754
25964,10.983262062072754
25965,10.983262062072754
25966,10.983262062072754
25967,10.983262062072754
25968,10.983262062072754
25969,10.983262062072754
25970,10.983262062072754
25971,10.983262062072754
25972,10.983262062072754
25973,10.983262062072754
25974,10.983262062072754
25975,10.983262062072754
25976,0.0
25977,0.0
25978,0.0
25979,0.0
25980,0.0
25981,0.0
25982,0.0
25983,0.0
25984,0.0
25985,0.0
25986,0.0
25987,0.0
25988,0.0
25989,0.0
25990,0.0
25991,0.0
25992,0.0
25993,0.0
25994,0.0
25995,0.0
25996,0.0
25997,0.0
25998,0.0
25999,0.0
26000,0.0
26001,0.0
26002,0.0
26003,0.0
26004,0.0
26005,10.93049430847168
26006,10.93049430847168
26007,10.93049430847168
26008,10.93049430847168
26009,10.93049430847168
26010,10.93049430847168
26011,10.93049430847168
26012,10.93049430847168
26013,10.93049430847168
26014,10.93049430847168
26015,10.93049430847168
26016,10.93049430847168
26017,10.93049430847168
26018,10.93049430847168
26019,10.93049430847168
26020,10.93049430847168
26021,10.93049430847168
26022,10.93049430847168
26023,10.93049430847168
26024,10.93049430847168
26025,10.93049430847168
26026,10.93049430847168
26027,10.93049430847168
26028,10.93049430847168
26029,10.93049430847168
26030,10.93049430847168
26031,10.93049430847168
26032,10.93049430847168
26033,10.93049430847168
26034,10.93049430847168
26035,10.93049430847168
26036,10.93049430847168
26037,10.93049430847168
26038,10.93049430847168
26039,10.93049430847168
26040,10.93049430847168
26041,10.93049430847168
26042,10.93049430847168
26043,10.93049430847168
26044,10.93049430847168
26045,10.93049430847168
26046,10.93049430847168
26047,10.93049430847168
26048,10.93049430847168
26049,10.93049430847168
26050,10.93049430847168
26051,10.93049430847168
26052,10.93049430847168
26053,19.91998291015625
26054,19.91998291015625
26055,19.91998291015625
26056,10.93049430847168
26057,10.93049430847168
26058,10.93049430847168
26059,10.93049430847168
26060,10.93049430847168
26061,10.93049430847168
26062,10.93049430847168
26063,10.93049430847168
26064,10.93049430847168
26065,10.93049430847168
26066,10.93049430847168
26067,10.93049430847168
26068,10.93049430847168
26069,10.93049430847168
26070,10.93049430847168
26071,10.93049430847168
26072,10.93049430847168
26073,10.93049430847168
26074,10.93049430847168
26075,10.93049430847168
26076,10.93049430847168
26077,10.93049430847168
26078,10.93049430847168
26079,10.93049430847168
26080,10.93049430847168
26081,10.93049430847168
26082,10.93049430847168
26083,10.93049430847168
26084,10.93049430847168
26085,10.93049430847168
26086,10.93049430847168
26087,10.93049430847168
26088,10.93049430847168
26089,10.93049430847168
26090,10.93049430847168
26091,10.93049430847168
26092,10.93049430847168
26093,10.93049430847168
26094,10.93049430847168
26095,10.93049430847168
26096,10.93049430847168
26097,10.93049430847168
26098,10.93049430847168
26099,10.93049430847168
26100,10.93049430847168
26101,10.93049430847168
26102,10.93049430847168
26103,10.93049430847168
26104,10.93049430847168
26105,10.93049430847168
26106,10.93049430847168
26107,10.93049430847168
26108,0.0
26109,0.0
26110,0.0
26111,0.0
26112,0.0
26113,0.0
26114,0.0
26115,0.0
26116,0.0
26117,0.0
26118,0.0
26119,0.0
26120,0.0
26121,0.0
26122,0.0
26123,0.0
26124,0.0
26125,0.0
26126,0.0
26127,0.0
26128,0.0
26129,0.0
26130,0.0
26131,0.0
26132,0.0
26133,0.0
26134,0.0
26135,0.0
26136,0.0
26137,0.0
26138,0.0
26139,0.0
26140,0.0
26141,0.0
26142,0.0
26143,0.0
26144,0.0
26145,0.0
26146,0.0
26147,0.0
26148,0.0
26149,0.0
26150,0.0
26151,0.0
26152,0.0
26153,0.0
26154,0.0
26155,0.0
26156,0.0
26157,0.0
26158,0.0
26159,0.0
26160,0.0
26161,0.0
26162,0.0
26163,0.0
26164,0.0
26165,0.0
26166,0.0
26167,0.0
26168,0.0
26169,0.0
26170,0.0
26171,0.0
26172,0.0
26173,0.0
26174,0.0
26175,0.0
26176,0.0
26177,0.0
26178,0.0
26179,0.0
26180,0.0
26181,0.0
26182,0.0
26183,0.0
26184,0.0
26185,0.0
26186,0.0
26187,0.0
26188,0.0
26189,0.0
26190,0.0
26191,0.0
26192,0.0
26193,0.0
26194,0.0
26195,0.0
26196,10.297379493713379
26197,10.297379493713379
26198,10.297379493713379
26199,10.297379493713379
26200,10.297379493713379
26201,10.297379493713379
26202,10.297379493713379
26203,10.297379493713379
26204,10.297379493713379
26205,10.297379493713379
26206,10.297379493713379
26207,10.297379493713379
26208,0.0
26209,0.0
26210,0.0
26211,0.0
26212,0.0
26213,10.994824409484863
26214,10.994824409484863
26215,10.994824409484863
26216,10.994824409484863
26217,10.994824409484863
26218,10.994824409484863
26219,10.994824409484863
26220,10.994824409484863
26221,10.994824409484863
26222,10.994824409484863
26223,10.994824409484863
26224,10.994824409484863
26225,10.994824409484863
26226,10.994824409484863
26227,10.994824409484863
26228,10.994824409484863
26229,10.994824409484863
26230,10.994824409484863
26231,10.994824409484863
26232,10.994824409484863
26233,10.994824409484863
26234,10.994824409484863
26235,10.994824409484863
26236,10.994824409484863
26237,10.994824409484863
26238,10.994824409484863
26239,10.994824409484863
26240,10.994824409484863
26241,10.994824409484863
26242,21.988600730895996
26243,21.988600730895996
26244,21.988600730895996
26245,21.988600730895996
26246,21.988600730895996
26247,21.988600730895996
26248,21.988600730895996
26249,21.988600730895996
26250,21.988600730895996
26251,21.988600730895996
26252,21.988600730895996
26253,21.988600730895996
26254,21.988600730895996
26255,21.988600730895996
26256,21.988600730895996
26257,21.988600730895996
26258,21.988600730895996
26259,21.988600730895996
26260,21.988600730895996
26261,21.988600730895996
26262,21.988600730895996
26263,21.988600730895996
26264,21.988600730895996
26265,21.988600730895996
26266,21.988600730895996
26267,21.988600730895996
26268,21.988600730895996
26269,21.988600730895996
26270,21.988600730895996
26271,21.988600730895996
26272,21.988600730895996
26273,21.988600730895996
26274,21.988600730895996
26275,21.988600730895996
26276,21.988600730895996
26277,21.988600730895996
26278,21.988600730895996
26279,21.988600730895996
26280,21.988600730895996
26281,21.988600730895996
26282,21.988600730895996
26283,21.988600730895996
26284,21.988600730895996
26285,21.988600730895996
26286,21.988600730895996
26287,21.988600730895996
26288,21.988600730895996
26289,21.988600730895996
26290,21.988600730895996
26291,21.988600730895996
26292,21.988600730895996
26293,21.988600730895996
26294,32.900094985961914
26295,32.900094985961914
26296,32.900094985961914
26297,32.900094985961914
26298,32.900094985961914
26299,32.900094985961914
26300,32.900094985961914
26301,32.900094985961914
26302,43.87632465362549
26303,43.87632465362549
26304,43.87632465362549
26305,43.87632465362549
26306,43.87632465362549
26307,43.87632465362549
26308,43.87632465362549
26309,43.87632465362549
26310,43.87632465362549
26311,43.87632465362549
26312,43.87632465362549
26313,43.87632465362549
26314,43.87632465362549
26315,43.87632465362549
26316,43.87632465362549
26317,43.87632465362549
26318,43.87632465362549
26319,43.87632465362549
26320,43.87632465362549
26321,43.87632465362549
26322,43.87632465362549
26323,43.87632465362549
26324,43.87632465362549
26325,43.87632465362549
26326,43.87632465362549
26327,43.87632465362549
26328,43.87632465362549
26329,43.87632465362549
26330,43.87632465362549
26331,43.87632465362549
26332,54.81339454650879
26333,65.75761032104492
26334,65.75761032104492
26335,65.75761032104492
26336,65.75761032104492
26337,65.75761032104492
26338,65.75761032104492
26339,65.75761032104492
26340,65.75761032104492
26341,65.75761032104492
26342,65.75761032104492
26343,65.75761032104492
26344,65.75761032104492
26345,65.75761032104492
26346,65.75761032104492
26347,65.75761032104492
26348,65.75761032104492
26349,65.75761032104492
26350,76.6563138961792
26351,76.6563138961792
26352,76.6563138961792
26353,87.52807807922363
26354,87.52807807922363
26355,76.5343017578125
26356,76.5343017578125
26357,76.5343017578125
26358,76.5343017578125
26359,76.5343017578125
26360,87.5292444229126
26361,98.47914600372314
26362,98.47914600372314
26363,109.43099117279053
26364,109.43099117279053
26365,109.43099117279053
26366,109.43099117279053
26367,109.43099117279053
26368,109.43099117279053
26369,120.24015426635742
26370,120.24015426635742
26371,131.24015426635742
26372,131.24015426635742
26373,131.24015426635742
26374,131.24015426635742
26375,142.0928544998169
26376,142.0928544998169
26377,142.0928544998169
26378,142.0928544998169
26379,142.0928544998169
26380,142.0928544998169
26381,142.0928544998169
26382,153.06214904785156
26383,153.06214904785156
26384,153.06214904785156
26385,153.06214904785156
26386,153.06214904785156
26387,163.94242191314697
26388,163.94242191314697
26389,163.94242191314697
26390,175.00080013275146
26391,164.08930587768555
26392,174.86481761932373
26393,174.86481761932373
26394,174.86481761932373
26395,174.86481761932373
26396,185.74356269836426
26397,501.95791816711426
26398,512.8615474700928
26399,512.8615474700928
26400,512.8615474700928
26401,207.63258171081543
26402,207.63258171081543
26403,207.63258171081543
26404,196.82341861724854
26405,196.82341861724854
26406,185.94314575195312
26407,185.94314575195312
26408,185.94314575195312
26409,196.88208389282227
26410,207.8157787322998
26411,196.96307849884033
26412,207.62030696868896
26413,207.62030696868896
26414,207.62030696868896
26415,217.85179233551025
26416,217.85179233551025
26417,217.85179233551025
26418,217.85179233551025
26419,217.85179233551025
26420,217.85179233551025
26421,217.8757963180542
26422,217.8757963180542
26423,217.8757963180542
26424,217.8757963180542
26425,207.6443109512329
26426,196.7072410583496
26427,207.6747875213623
26428,207.6747875213623
26429,207.6747875213623
26430,218.64392757415771
26431,218.64392757415771
26432,218.9663724899292
26433,218.9663724899292
26434,218.9663724899292
26435,218.8428087234497
26436,218.8428087234497
26437,229.74755096435547
26438,229.71900177001953
26439,218.74277210235596
26440,207.96726036071777
26441,207.96726036071777
26442,207.96726036071777
26443,197.02304458618164
26444,197.02304458618164
26445,208.00433158874512
26446,208.00433158874512
26447,208.00433158874512
26448,208.00433158874512
26449,208.00433158874512
26450,208.00433158874512
26451,208.00433158874512
26452,208.00433158874512
26453,208.00433158874512
26454,218.98103713989258
26455,218.98103713989258
26456,229.86793613433838
26457,229.86793613433838
26458,218.9692325592041
26459,229.9289379119873
26460,229.9539966583252
26461,251.81935501098633
26462,251.81935501098633
26463,251.81935501098633
26464,251.81935501098633
26465,251.81935501098633
26466,251.81935501098633
26467,251.81935501098633
26468,251.81935501098633
26469,262.8193550109863
26470,262.8193550109863
26471,284.70124530792236
26472,273.70630264282227
26473,273.70630264282227
26474,284.64507389068604
26475,284.64507389068604
26476,284.64507389068604
26477,295.6255359649658
26478,295.6255359649658
26479,284.72079372406006
26480,273.72079372406006
26481,262.8495330810547
26482,262.8495330810547
26483,262.8495330810547
26484,262.8495330810547
26485,262.8495330810547
26486,262.8495330810547
26487,262.8495330810547
26488,262.8495330810547
26489,262.8495330810547
26490,251.8976879119873
26491,251.8976879119873
26492,262.7975378036499
26493,262.7975378036499
26494,262.7975378036499
26495,262.7975378036499
26496,273.62807750701904
26497,273.62807750701904
26498,273.62807750701904
26499,273.62807750701904
26500,273.62807750701904
26501,273.62807750701904
26502,273.62807750701904
26503,262.7244482040405
26504,262.7244482040405
26505,251.75299739837646
26506,251.75299739837646
26507,240.81930255889893
26508,240.81930255889893
26509,240.81930255889893
26510,240.81930255889893
26511,229.93240356445312
26512,229.93240356445312
26513,219.0285997390747
26514,208.19806003570557
26515,208.19806003570557
26516,230.16192626953125
26517,230.16192626953125
26518,230.16192626953125
26519,230.16192626953125
26520,230.16192626953125
26521,219.18370151519775
26522,219.18370151519775
26523,219.18370151519775
26524,219.18370151519775
26525,219.18370151519775
26526,208.23178386688232
26527,208.23178386688232
26528,208.23178386688232
26529,208.23178386688232
26530,197.3423614501953
26531,197.3423614501953
26532,197.3423614501953
26533,197.3423614501953
26534,197.3423614501953
26535,197.3423614501953
26536,197.3423614501953
26537,197.3423614501953
26538,197.3423614501953
26539,186.37481498718262
26540,186.37481498718262
26541,186.37481498718262
26542,175.43587684631348
26543,175.43587684631348
26544,186.38724899291992
26545,186.38724899291992
26546,186.38724899291992
26547,186.38724899291992
26548,186.38724899291992
26549,186.38724899291992
26550,186.38724899291992
26551,175.4923334121704
26552,186.46036911010742
26553,186.46036911010742
26554,186.46036911010742
26555,175.56051921844482
26556,186.53711700439453
26557,186.53711700439453
26558,186.53711700439453
26559,186.53711700439453
26560,186.53711700439453
26561,186.53711700439453
26562,186.53711700439453
26563,186.53711700439453
26564,186.53711700439453
26565,186.53711700439453
26566,197.37575721740723
26567,197.37575721740723
26568,197.37575721740723
26569,197.37575721740723
26570,197.37575721740723
26571,197.37575721740723
26572,197.37575721740723
26573,197.37575721740723
26574,197.37575721740723
26575,197.37575721740723
26576,208.37289333343506
26577,208.37289333343506
26578,208.37289333343506
26579,208.37289333343506
26580,208.37289333343506
26581,208.37289333343506
26582,208.37289333343506
26583,208.37289333343506
26584,197.39321994781494
26585,197.39321994781494
26586,197.39321994781494
26587,197.39321994781494
26588,197.39321994781494
26589,197.39321994781494
26590,197.39321994781494
26591,197.39321994781494
26592,197.39321994781494
26593,197.39321994781494
26594,197.39321994781494
26595,197.39321994781494
26596,197.39321994781494
26597,197.39321994781494
26598,197.39321994781494
26599,197.39321994781494
26600,186.3960838317871
26601,186.3960838317871
26602,175.420147895813
26603,175.420147895813
26604,164.46044254302979
26605,175.46044254302979
26606,175.46044254302979
26607,175.46044254302979
26608,175.46044254302979
26609,175.46044254302979
26610,175.14767742156982
26611,175.14767742156982
26612,175.14767742156982
26613,164.30903720855713
26614,164.30903720855713
26615,164.30903720855713
26616,164.30903720855713
26617,164.30903720855713
26618,164.30903720855713
26619,164.30903720855713
26620,174.71140003204346
26621,185.3130283355713
26622,185.3130283355713
26623,195.9838514328003
26624,195.9838514328003
26625,195.9838514328003
26626,195.9838514328003
26627,195.9838514328003
26628,195.9838514328003
26629,195.9838514328003
26630,195.9838514328003
26631,195.9838514328003
26632,195.9838514328003
26633,185.35784530639648
26634,185.35784530639648
26635,185.35784530639648
26636,174.95548248291016
26637,174.95548248291016
26638,163.9700927734375
26639,163.9700927734375
26640,174.88470077514648
26641,164.28307247161865
26642,153.30916690826416
26643,153.30916690826416
26644,153.30916690826416
26645,153.30916690826416
26646,153.30916690826416
26647,153.30916690826416
26648,153.30916690826416
26649,153.30916690826416
26650,153.30916690826416
26651,153.30916690826416
26652,153.30916690826416
26653,153.30916690826416
26654,153.30916690826416
26655,153.30916690826416
26656,142.63834381103516
26657,142.63834381103516
26658,142.63834381103516
26659,131.6690492630005
26660,131.6690492630005
26661,131.6690492630005
26662,131.6690492630005
26663,131.6690492630005
26664,131.6690492630005
26665,131.6690492630005
26666,131.6690492630005
26667,120.67717456817627
26668,120.67717456817627
26669,120.67717456817627
26670,98.72757244110107
26671,98.72757244110107
26672,98.72757244110107
26673,98.72757244110107
26674,98.72757244110107
26675,98.72757244110107
26676,87.72757244110107
26677,87.72757244110107
26678,87.72757244110107
26679,87.72757244110107
26680,87.72757244110107
26681,87.72757244110107
26682,87.72757244110107
26683,76.75558090209961
26684,76.75558090209961
26685,76.75558090209961
26686,76.75558090209961
26687,76.75558090209961
26688,65.76860618591309
26689,65.76860618591309
26690,65.76860618591309
26691,65.76860618591309
26692,54.791900634765625
26693,54.791900634765625
26694,54.791900634765625
26695,54.791900634765625
26696,65.79106330871582
26697,65.79106330871582
26698,65.79106330871582
26699,65.79106330871582
26700,65.79106330871582
26701,65.79106330871582
26702,65.79106330871582
26703,65.79106330871582
26704,65.79106330871582
26705,54.809776306152344
26706,54.809776306152344
26707,54.809776306152344
26708,54.809776306152344
26709,43.89516830444336
26710,43.89516830444336
26711,43.89516830444336
26712,43.89516830444336
26713,43.89516830444336
26714,54.86671161651611
26715,65.07865619659424
26716,65.07865619659424
26717,65.07865619659424
26718,75.99725914001465
26719,75.99725914001465
26720,75.99725914001465
26721,75.99725914001465
26722,65.78531455993652
26723,65.78531455993652
26724,65.78531455993652
26725,65.78531455993652
26726,65.78531455993652
26727,65.78531455993652
26728,65.78531455993652
26729,65.78531455993652
26730,96.61498260498047
26731,65.78531455993652
26732,54.83394241333008
26733,54.83394241333008
26734,54.83394241333008
26735,54.83394241333008
26736,54.83394241333008
26737,54.83394241333008
26738,54.83394241333008
26739,54.83394241333008
26740,54.83394241333008
26741,54.83394241333008
26742,54.83394241333008
26743,54.83394241333008
26744,54.83394241333008
26745,54.83394241333008
26746,54.83394241333008
26747,54.83394241333008
26748,54.83394241333008
26749,54.83394241333008
26750,54.83394241333008
26751,54.83394241333008
26752,54.83394241333008
26753,54.83394241333008
26754,54.83394241333008
26755,54.83394241333008
26756,54.83394241333008
26757,54.83394241333008
26758,54.83394241333008
26759,54.83394241333008
26760,54.83394241333008
26761,54.83394241333008
26762,54.83394241333008
26763,54.83394241333008
26764,65.7612190246582
26765,65.7612190246582
26766,65.7612190246582
26767,65.7612190246582
26768,65.7612190246582
26769,65.7612190246582
26770,65.7612190246582
26771,65.7612190246582
26772,65.7612190246582
26773,65.7612190246582
26774,65.7612190246582
26775,65.7612190246582
26776,65.7612190246582
26777,65.7612190246582
26778,65.7612190246582
26779,65.7612190246582
26780,65.7612190246582
26781,65.7612190246582
26782,65.7612190246582
26783,65.7612190246582
26784,65.7612190246582
26785,54.84261608123779
26786,54.84261608123779
26787,54.84261608123779
26788,54.84261608123779
26789,54.84261608123779
26790,54.84261608123779
26791,54.84261608123779
26792,54.84261608123779
26793,54.84261608123779
26794,54.84261608123779
26795,54.84261608123779
26796,54.84261608123779
26797,54.84261608123779
26798,54.84261608123779
26799,54.84261608123779
26800,54.84261608123779
26801,54.84261608123779
26802,54.84261608123779
26803,54.84261608123779
26804,54.84261608123779
26805,54.84261608123779
26806,54.84261608123779
26807,54.84261608123779
26808,65.8426160812378
26809,65.8426160812378
26810,65.8426160812378
26811,65.8426160812378
26812,65.8426160812378
26813,76.82211017608643
26814,76.82211017608643
26815,76.82211017608643
26816,76.82211017608643
26817,76.82211017608643
26818,76.82211017608643
26819,87.57565593719482
26820,87.57565593719482
26821,87.57565593719482
26822,98.56533813476562
26823,98.56533813476562
26824,98.56533813476562
26825,98.56533813476562
26826,98.56533813476562
26827,98.56533813476562
26828,98.56533813476562
26829,98.56533813476562
26830,98.56533813476562
26831,98.56533813476562
26832,98.56533813476562
26833,98.56533813476562
26834,98.56533813476562
26835,98.56533813476562
26836,98.56533813476562
26837,98.56533813476562
26838,98.56533813476562
26839,98.56533813476562
26840,98.56533813476562
26841,87.81179237365723
26842,87.81179237365723
26843,87.81179237365723
26844,87.81179237365723
26845,87.81179237365723
26846,98.81179237365723
26847,98.81179237365723
26848,98.81179237365723
26849,98.81179237365723
26850,98.81179237365723
26851,98.81179237365723
26852,98.81179237365723
26853,98.81179237365723
26854,109.74507904052734
26855,109.74507904052734
26856,109.74507904052734
26857,109.74507904052734
26858,109.74507904052734
26859,109.74507904052734
26860,109.74507904052734
26861,109.74507904052734
26862,109.74507904052734
26863,120.63668251037598
26864,120.63668251037598
26865,120.63668251037598
26866,120.63668251037598
26867,120.63668251037598
26868,120.63668251037598
26869,98.74137020111084
26870,98.74137020111084
26871,98.74137020111084
26872,109.70449161529541
26873,109.70449161529541
26874,109.70449161529541
26875,109.70449161529541
26876,120.70449161529541
26877,120.70449161529541
26878,120.70449161529541
26879,120.70449161529541
26880,120.70449161529541
26881,131.49395561218262
26882,131.49395561218262
26883,131.49395561218262
26884,131.49395561218262
26885,120.49479293823242
26886,120.49479293823242
26887,120.49479293823242
26888,131.31365394592285
26889,131.31365394592285
26890,131.31365394592285
26891,131.31365394592285
26892,131.31365394592285
26893,131.31365394592285
26894,131.31365394592285
26895,131.31365394592285
26896,131.31365394592285
26897,131.31365394592285
26898,131.31365394592285
26899,131.31365394592285
26900,131.31365394592285
26901,131.31365394592285
26902,131.31365394592285
26903,131.31365394592285
26904,131.31365394592285
26905,131.31365394592285
26906,131.31365394592285
26907,131.31365394592285
26908,120.3421106338501
26909,109.52324962615967
26910,109.52324962615967
26911,109.52324962615967
26912,109.52324962615967
26913,109.52324962615967
26914,109.52324962615967
26915,98.52324962615967
26916,87.73378562927246
26917,87.73378562927246
26918,87.73378562927246
26919,87.73378562927246
26920,87.73378562927246
26921,87.73378562927246
26922,98.73378562927246
26923,98.73378562927246
26924,87.73378562927246
26925,87.73378562927246
26926,87.73378562927246
26927,87.73378562927246
26928,87.73378562927246
26929,98.69270896911621
26930,98.69270896911621
26931,98.69270896911621
26932,98.69270896911621
26933,76.78282451629639
26934,76.78282451629639
26935,76.78282451629639
26936,76.78282451629639
26937,76.78282451629639
26938,76.78282451629639
26939,76.78282451629639
26940,76.78282451629639
26941,87.73932266235352
26942,87.73932266235352
26943,87.73932266235352
26944,87.73932266235352
26945,87.73932266235352
26946,87.73932266235352
26947,98.68938255310059
26948,87.79777908325195
26949,87.79777908325195
26950,87.79777908325195
26951,87.79777908325195
26952,98.66652393341064
26953,98.66652393341064
26954,98.66652393341064
26955,98.66652393341064
26956,87.66652393341064
26957,87.66652393341064
26958,98.53248500823975
26959,98.53248500823975
26960,98.53248500823975
26961,98.53248500823975
26962,98.53248500823975
26963,98.53248500823975
26964,98.53248500823975
26965,98.53248500823975
26966,109.51514720916748
26967,109.51514720916748
26968,120.46434688568115
26969,120.46434688568115
26970,120.46434688568115
26971,120.46434688568115
26972,120.46434688568115
26973,120.46434688568115
26974,120.46434688568115
26975,120.46434688568115
26976,120.46434688568115
26977,120.46434688568115
26978,120.46434688568115
26979,120.46434688568115
26980,120.46434688568115
26981,120.46434688568115
26982,120.46434688568115
26983,120.46434688568115
26984,120.46434688568115
26985,120.46434688568115
26986,120.46434688568115
26987,120.46434688568115
26988,120.46434688568115
26989,120.46434688568115
26990,131.46434688568115
26991,142.36792469024658
26992,142.36792469024658
26993,142.36792469024658
26994,142.36792469024658
26995,142.36792469024658
26996,142.36792469024658
26997,131.4991798400879
26998,131.4991798400879
26999,120.63321876525879
27000,120.63321876525879
27001,131.62257862091064
27002,120.62257862091064
27003,120.62257862091064
27004,120.62257862091064
27005,120.62257862091064
27006,120.62257862091064
27007,120.62257862091064
27008,120.62257862091064
27009,120.62257862091064
27010,120.62257862091064
27011,120.62257862091064
27012,120.62257862091064
27013,120.62257862091064
27014,120.62257862091064
27015,120.62257862091064
27016,120.62257862091064
27017,131.5794792175293
27018,131.5794792175293
27019,131.5794792175293
27020,120.5794792175293
27021,120.5794792175293
27022,120.5794792175293
27023,109.62055587768555
27024,109.62055587768555
27025,109.62055587768555
27026,109.62055587768555
27027,120.52969074249268
27028,120.52969074249268
27029,131.52014064788818
27030,131.52014064788818
27031,131.52014064788818
27032,131.52014064788818
27033,131.52014064788818
27034,131.52014064788818
27035,131.52014064788818
27036,131.52014064788818
27037,142.48830795288086
27038,142.48830795288086
27039,131.49862575531006
27040,131.49862575531006
27041,131.49862575531006
27042,131.49862575531006
27043,131.49862575531006
27044,131.49862575531006
27045,131.48374366760254
27046,131.48374366760254
27047,142.40323066711426
27048,153.36787223815918
27049,153.36787223815918
27050,153.36787223815918
27051,153.36787223815918
27052,153.36787223815918
27053,142.41097164154053
27054,142.41097164154053
27055,131.5073938369751
27056,142.47389793395996
27057,142.47389793395996
27058,142.47389793395996
27059,142.47389793395996
27060,153.47079181671143
27061,153.47079181671143
27062,142.4881296157837
27063,142.4881296157837
27064,142.4881296157837
27065,142.4881296157837
27066,142.4881296157837
27067,142.4881296157837
27068,153.29612922668457
27069,153.29612922668457
27070,153.29612922668457
27071,164.20205116271973
27072,175.20126819610596
27073,175.20126819610596
27074,186.15793323516846
27075,186.15793323516846
27076,186.15793323516846
27077,197.10469150543213
27078,197.10469150543213
27079,197.10469150543213
27080,196.8365716934204
27081,196.9170846939087
27082,196.9170846939087
27083,196.9170846939087
27084,196.9170846939087
27085,196.9170846939087
27086,196.9170846939087
27087,196.9170846939087
27088,196.9170846939087
27089,196.9170846939087
27090,185.96788501739502
27091,185.96788501739502
27092,196.88053035736084
27093,196.88053035736084
27094,196.88053035736084
27095,185.91591835021973
27096,185.91591835021973
27097,196.5515022277832
27098,196.5515022277832
27099,207.47367668151855
27100,207.47367668151855
27101,207.47367668151855
27102,207.47367668151855
27103,196.50903511047363
27104,205.64515590667725
27105,194.9632158279419
27106,185.82709503173828
27107,185.82709503173828
27108,185.82709503173828
27109,185.82709503173828
27110,185.82709503173828
27111,185.82709503173828
27112,185.82709503173828
27113,185.82709503173828
27114,175.1915111541748
27115,175.1915111541748
27116,175.1915111541748
27117,175.1915111541748
27118,175.1915111541748
27119,175.1915111541748
27120,175.1915111541748
27121,175.1915111541748
27122,164.38351154327393
27123,164.38351154327393
27124,164.38351154327393
27125,164.38351154327393
27126,164.38351154327393
27127,153.45806503295898
27128,142.4898977279663
27129,142.4898977279663
27130,142.4898977279663
27131,142.4898977279663
27132,142.4898977279663
27133,142.4898977279663
27134,142.4898977279663
27135,142.4898977279663
27136,142.4898977279663
27137,142.4898977279663
27138,131.53339958190918
27139,131.53339958190918
27140,131.53339958190918
27141,131.53339958190918
27142,131.53339958190918
27143,120.53339958190918
27144,120.53339958190918
27145,120.53339958190918
27146,131.51373291015625
27147,131.51373291015625
27148,131.51373291015625
27149,131.51373291015625
27150,142.44561100006104
27151,131.48248958587646
27152,120.59287929534912
27153,120.59287929534912
27154,109.67070484161377
27155,109.67070484161377
27156,120.62290096282959
27157,120.62290096282959
27158,120.62290096282959
27159,120.62290096282959
27160,120.62290096282959
27161,120.62290096282959
27162,120.62290096282959
27163,120.62290096282959
27164,120.62290096282959
27165,120.62290096282959
27166,120.62290096282959
27167,109.64256763458252
27168,109.64256763458252
27169,109.64256763458252
27170,109.64256763458252
27171,109.64256763458252
27172,120.62946510314941
27173,120.62946510314941
27174,120.62946510314941
27175,120.62946510314941
27176,120.62946510314941
27177,120.62946510314941
27178,120.62946510314941
27179,120.62946510314941
27180,120.62946510314941
27181,120.62946510314941
27182,120.62946510314941
27183,120.62946510314941
27184,120.62946510314941
27185,120.62946510314941
27186,120.62946510314941
27187,120.62946510314941
27188,120.62946510314941
27189,120.62946510314941
27190,109.63024806976318
27191,109.63024806976318
27192,109.63024806976318
27193,109.63024806976318
27194,109.63024806976318
27195,109.63024806976318
27196,109.63024806976318
27197,98.6983699798584
27198,109.56287860870361
27199,109.56287860870361
27200,109.56287860870361
27201,109.56287860870361
27202,109.56287860870361
27203,109.56287860870361
27204,109.56287860870361
27205,109.56287860870361
27206,109.56287860870361
27207,87.70347499847412
27208,87.70347499847412
27209,87.70347499847412
27210,87.70347499847412
27211,87.70347499847412
27212,87.70347499847412
27213,87.70347499847412
27214,87.70347499847412
27215,87.70347499847412
27216,87.70347499847412
27217,87.70347499847412
27218,87.70347499847412
27219,87.70347499847412
27220,87.70347499847412
27221,87.70347499847412
27222,87.70347499847412
27223,87.70347499847412
27224,98.63127136230469
27225,98.63127136230469
27226,98.63127136230469
27227,98.63127136230469
27228,98.63127136230469
27229,98.63127136230469
27230,87.66476726531982
27231,87.66476726531982
27232,76.70810222625732
27233,76.70810222625732
27234,76.70810222625732
27235,76.70810222625732
27236,76.70810222625732
27237,76.70810222625732
27238,76.70810222625732
27239,76.70810222625732
27240,76.70810222625732
27241,76.70810222625732
27242,76.70810222625732
27243,76.70810222625732
27244,76.70810222625732
27245,76.70810222625732
27246,76.70810222625732
27247,76.70810222625732
27248,76.70810222625732
27249,76.70810222625732
27250,87.68839645385742
27251,87.68839645385742
27252,87.68839645385742
27253,87.68839645385742
27254,87.68839645385742
27255,87.68839645385742
27256,87.68839645385742
27257,87.68839645385742
27258,87.68839645385742
27259,87.68839645385742
27260,87.68839645385742
27261,87.68839645385742
27262,87.68839645385742
27263,87.68839645385742
27264,87.68839645385742
27265,87.68839645385742
27266,87.68839645385742
27267,87.68839645385742
27268,87.68839645385742
27269,87.68839645385742
27270,87.68839645385742
27271,87.68839645385742
27272,76.81929206848145
27273,76.81929206848145
27274,76.81929206848145
27275,76.81929206848145
27276,76.81929206848145
27277,76.81929206848145
27278,76.81929206848145
27279,76.81929206848145
27280,76.81929206848145
27281,76.81929206848145
27282,76.81929206848145
27283,65.82239818572998
27284,65.82239818572998
27285,65.82239818572998
27286,76.7859525680542
27287,76.7859525680542
27288,76.7859525680542
27289,76.7859525680542
27290,76.7859525680542
27291,76.7859525680542
27292,76.7859525680542
27293,76.7859525680542
27294,76.7859525680542
27295,76.7859525680542
27296,76.7859525680542
27297,76.7859525680542
27298,76.7859525680542
27299,76.7859525680542
27300,76.7859525680542
27301,76.7859525680542
27302,76.7859525680542
27303,76.7859525680542
27304,76.7859525680542
27305,76.7859525680542
27306,65.7859525680542
27307,43.87020206451416
27308,43.87020206451416
27309,43.87020206451416
27310,43.87020206451416
27311,43.87020206451416
27312,43.87020206451416
27313,43.87020206451416
27314,43.87020206451416
27315,43.87020206451416
27316,43.87020206451416
27317,43.87020206451416
27318,43.87020206451416
27319,43.87020206451416
27320,43.87020206451416
27321,43.87020206451416
27322,43.87020206451416
27323,43.87020206451416
27324,43.87020206451416
27325,43.87020206451416
27326,43.87020206451416
27327,43.87020206451416
27328,43.87020206451416
27329,43.87020206451416
27330,43.87020206451416
27331,43.87020206451416
27332,43.87020206451416
27333,43.87020206451416
27334,43.87020206451416
27335,43.87020206451416
27336,43.87020206451416
27337,43.87020206451416
27338,32.884347915649414
27339,21.908090591430664
27340,21.908090591430664
27341,21.908090591430664
27342,21.908090591430664
27343,21.908090591430664
27344,21.908090591430664
27345,21.908090591430664
27346,21.908090591430664
27347,21.908090591430664
27348,21.908090591430664
27349,21.908090591430664
27350,21.908090591430664
27351,21.908090591430664
27352,21.908090591430664
27353,21.908090591430664
27354,21.908090591430664
27355,21.908090591430664
27356,32.66300582885742
27357,32.66300582885742
27358,21.735209465026855
27359,21.735209465026855
27360,21.735209465026855
27361,21.735209465026855
27362,21.735209465026855
27363,21.735209465026855
27364,21.735209465026855
27365,21.735209465026855
27366,21.735209465026855
27367,21.735209465026855
27368,21.735209465026855
27369,10.980294227600098
27370,10.980294227600098
27371,10.980294227600098
27372,10.980294227600098
27373,10.980294227600098
27374,10.980294227600098
27375,10.980294227600098
27376,10.980294227600098
27377,10.980294227600098
27378,10.980294227600098
27379,10.980294227600098
27380,10.980294227600098
27381,10.980294227600098
27382,10.980294227600098
27383,10.980294227600098
27384,10.980294227600098
27385,10.980294227600098
27386,10.980294227600098
27387,10.980294227600098
27388,10.980294227600098
27389,10.980294227600098
27390,10.980294227600098
27391,10.980294227600098
27392,0.0
27393,0.0
27394,0.0
27395,0.0
27396,0.0
27397,0.0
27398,0.0
27399,0.0
27400,0.0
27401,0.0
27402,0.0
27403,0.0
27404,0.0
27405,0.0
27406,0.0
27407,0.0
27408,0.0
27409,0.0
27410,0.0
27411,0.0
27412,0.0
27413,0.0
27414,0.0
27415,0.0
27416,0.0
27417,0.0
27418,0.0
27419,0.0
27420,0.0
27421,0.0
27422,0.0
27423,0.0
27424,0.0
27425,0.0
27426,0.0
27427,0.0
27428,0.0
27429,0.0
27430,0.0
27431,0.0
27432,0.0
27433,0.0
27434,0.0
27435,0.0
27436,0.0
27437,0.0
27438,0.0
27439,0.0
27440,0.0
27441,0.0
27442,0.0
27443,0.0
27444,0.0
27445,0.0
27446,0.0
27447,0.0
27448,0.0
27449,0.0
27450,0.0
27451,0.0
27452,0.0
27453,0.0
27454,0.0
27455,0.0
27456,0.0
27457,0.0
27458,0.0
27459,0.0
27460,0.0
27461,0.0
27462,0.0
27463,0.0
27464,0.0
27465,0.0
27466,0.0
27467,0.0
27468,0.0
27469,0.0
27470,0.0
27471,0.0
27472,0.0
27473,0.0
27474,0.0
27475,0.0
27476,0.0
27477,0.0
27478,0.0
27479,0.0
27480,0.0
27481,0.0
27482,0.0
27483,0.0
27484,0.0
27485,0.0
27486,0.0
27487,0.0
27488,0.0
27489,0.0
27490,0.0
27491,0.0
27492,0.0
27493,0.0
27494,0.0
27495,0.0
27496,0.0
27497,0.0
27498,0.0
27499,0.0
27500,0.0
27501,0.0
27502,0.0
27503,0.0
27504,0.0
27505,0.0
27506,0.0
27507,0.0
27508,0.0
27509,0.0
27510,0.0
27511,0.0
27512,0.0
27513,10.967249870300293
27514,10.967249870300293
27515,10.967249870300293
27516,10.967249870300293
27517,10.967249870300293
27518,10.967249870300293
27519,10.967249870300293
27520,10.967249870300293
27521,10.967249870300293
27522,10.967249870300293
27523,10.967249870300293
27524,10.967249870300293
27525,10.967249870300293
27526,10.967249870300293
27527,10.967249870300293
27528,10.967249870300293
27529,10.967249870300293
27530,10.967249870300293
27531,10.967249870300293
27532,10.967249870300293
27533,10.967249870300293
27534,10.967249870300293
27535,10.967249870300293
27536,10.967249870300293
27537,10.967249870300293
27538,10.967249870300293
27539,10.967249870300293
27540,10.967249870300293
27541,10.967249870300293
27542,10.967249870300293
27543,10.967249870300293
27544,10.967249870300293
27545,10.967249870300293
27546,10.967249870300293
27547,10.967249870300293
27548,10.967249870300293
27549,10.967249870300293
27550,10.967249870300293
27551,10.967249870300293
27552,10.967249870300293
27553,10.967249870300293
27554,10.967249870300293
27555,10.967249870300293
27556,10.967249870300293
27557,10.967249870300293
27558,10.967249870300293
27559,10.967249870300293
27560,10.967249870300293
27561,10.967249870300293
27562,10.967249870300293
27563,10.967249870300293
27564,10.967249870300293
27565,10.967249870300293
27566,10.967249870300293
27567,10.967249870300293
27568,10.967249870300293
27569,10.967249870300293
27570,10.967249870300293
27571,10.967249870300293
27572,10.967249870300293
27573,10.967249870300293
27574,10.967249870300293
27575,10.967249870300293
27576,10.967249870300293
27577,10.967249870300293
27578,10.967249870300293
27579,10.967249870300293
27580,10.967249870300293
27581,10.967249870300293
27582,10.967249870300293
27583,10.967249870300293
27584,10.967249870300293
27585,10.967249870300293
27586,10.967249870300293
27587,10.967249870300293
27588,10.967249870300293
27589,10.967249870300293
27590,10.967249870300293
27591,10.967249870300293
27592,10.967249870300293
27593,10.967249870300293
27594,10.967249870300293
27595,10.967249870300293
27596,10.967249870300293
27597,10.967249870300293
27598,10.967249870300293
27599,10.967249870300293
27600,10.967249870300293
27601,10.967249870300293
27602,10.967249870300293
27603,10.967249870300293
27604,10.967249870300293
27605,10.967249870300293
27606,10.967249870300293
27607,10.967249870300293
27608,10.967249870300293
27609,10.967249870300293
27610,10.967249870300293
27611,10.967249870300293
27612,10.967249870300293
27613,10.967249870300293
27614,10.967249870300293
27615,10.967249870300293
27616,10.967249870300293
27617,10.967249870300293
27618,10.967249870300293
27619,10.967249870300293
27620,10.967249870300293
27621,10.967249870300293
27622,10.967249870300293
27623,10.967249870300293
27624,10.967249870300293
27625,10.967249870300293
27626,10.967249870300293
27627,10.967249870300293
27628,10.967249870300293
27629,10.967249870300293
27630,10.967249870300293
27631,10.967249870300293
27632,10.967249870300293
27633,10.967249870300293
27634,10.967249870300293
27635,10.967249870300293
27636,10.967249870300293
27637,10.967249870300293
27638,10.967249870300293
27639,10.967249870300293
27640,10.967249870300293
27641,10.967249870300293
27642,10.967249870300293
27643,10.967249870300293
27644,10.967249870300293
27645,10.967249870300293
27646,10.967249870300293
27647,10.967249870300293
27648,10.967249870300293
27649,10.967249870300293
27650,10.967249870300293
27651,10.967249870300293
27652,10.967249870300293
27653,10.967249870300293
27654,0.0
27655,0.0
27656,0.0
27657,0.0
27658,0.0
27659,0.0
27660,0.0
27661,0.0
27662,0.0
27663,0.0
27664,0.0
27665,0.0
27666,0.0
27667,0.0
27668,0.0
27669,0.0
27670,0.0
27671,0.0
27672,0.0
27673,0.0
27674,0.0
27675,0.0
27676,0.0
27677,0.0
27678,0.0
27679,0.0
27680,0.0
27681,0.0
27682,0.0
27683,0.0
27684,0.0
27685,0.0
27686,0.0
27687,0.0
27688,0.0
27689,0.0
27690,0.0
27691,0.0
27692,0.0
27693,0.0
27694,0.0
27695,0.0
27696,0.0
27697,0.0
27698,0.0
27699,0.0
27700,0.0
27701,0.0
27702,0.0
27703,0.0
27704,0.0
27705,0.0
27706,0.0
27707,0.0
27708,0.0
27709,0.0
27710,0.0
27711,0.0
27712,0.0
27713,0.0
27714,0.0
27715,0.0
27716,0.0
27717,0.0
27718,0.0
27719,0.0
27720,0.0
27721,0.0
27722,0.0
27723,11.0
27724,11.0
27725,21.975889205932617
27726,21.975889205932617
27727,21.975889205932617
27728,21.975889205932617
27729,21.975889205932617
27730,21.975889205932617
27731,21.975889205932617
27732,21.975889205932617
27733,21.975889205932617
27734,21.975889205932617
27735,21.975889205932617
27736,21.975889205932617
27737,21.975889205932617
27738,21.975889205932617
27739,21.975889205932617
27740,21.975889205932617
27741,21.975889205932617
27742,21.975889205932617
27743,21.975889205932617
27744,21.975889205932617
27745,21.975889205932617
27746,21.975889205932617
27747,21.975889205932617
27748,21.975889205932617
27749,10.975889205932617
27750,10.975889205932617
27751,10.975889205932617
27752,10.975889205932617
27753,10.975889205932617
27754,10.975889205932617
27755,10.975889205932617
27756,10.975889205932617
27757,10.975889205932617
27758,10.975889205932617
27759,21.951229095458984
27760,21.951229095458984
27761,21.951229095458984
27762,32.951229095458984
27763,32.951229095458984
27764,32.951229095458984
27765,32.951229095458984
27766,32.951229095458984
27767,32.951229095458984
27768,32.951229095458984
27769,32.951229095458984
27770,32.951229095458984
27771,32.951229095458984
27772,32.951229095458984
27773,32.951229095458984
27774,32.951229095458984
27775,32.951229095458984
27776,32.951229095458984
27777,32.951229095458984
27778,32.951229095458984
27779,32.951229095458984
27780,32.951229095458984
27781,43.951229095458984
27782,43.951229095458984
27783,43.951229095458984
27784,43.951229095458984
27785,43.951229095458984
27786,43.951229095458984
27787,43.951229095458984
27788,43.951229095458984
27789,43.951229095458984
27790,43.951229095458984
27791,43.951229095458984
27792,43.951229095458984
27793,43.951229095458984
27794,43.951229095458984
27795,43.951229095458984
27796,43.951229095458984
27797,43.951229095458984
27798,43.951229095458984
27799,43.951229095458984
27800,43.951229095458984
27801,43.951229095458984
27802,43.951229095458984
27803,54.8405876159668
27804,65.80352020263672
27805,65.80352020263672
27806,76.76370429992676
27807,76.76370429992676
27808,76.76370429992676
27809,76.76370429992676
27810,76.76370429992676
27811,76.76370429992676
27812,76.76370429992676
27813,76.76370429992676
27814,76.76370429992676
27815,76.76370429992676
27816,76.76370429992676
27817,76.76370429992676
27818,76.76370429992676
27819,76.76370429992676
27820,76.76370429992676
27821,76.76370429992676
27822,76.76370429992676
27823,76.76370429992676
27824,76.76370429992676
27825,87.7201919555664
27826,87.7201919555664
27827,87.7201919555664
27828,98.53551864624023
27829,98.53551864624023
27830,98.53551864624023
27831,98.53551864624023
27832,109.53551864624023
27833,109.53551864624023
27834,109.53551864624023
27835,98.53551864624023
27836,98.53551864624023
27837,98.53551864624023
27838,98.53551864624023
27839,98.53551864624023
27840,98.53551864624023
27841,98.53551864624023
27842,98.53551864624023
27843,98.53551864624023
27844,98.53551864624023
27845,98.53551864624023
27846,98.53551864624023
27847,109.50825214385986
27848,109.50825214385986
27849,109.50825214385986
27850,109.50825214385986
27851,120.18452072143555
27852,131.14550971984863
27853,131.14550971984863
27854,131.14550971984863
27855,142.14550971984863
27856,153.07318305969238
27857,164.0101442337036
27858,174.9738645553589
27859,174.9738645553589
27860,174.9738645553589
27861,174.9738645553589
27862,174.9738645553589
27863,163.9738645553589
27864,163.9738645553589
27865,174.8987979888916
27866,174.8987979888916
27867,163.93507766723633
27868,163.93507766723633
27869,163.93507766723633
27870,163.93507766723633
27871,163.93507766723633
27872,163.93507766723633
27873,164.03257179260254
27874,164.03257179260254
27875,153.2172451019287
27876,153.2172451019287
27877,153.2172451019287
27878,153.2172451019287
27879,164.0980682373047
27880,175.0065631866455
27881,175.0065631866455
27882,164.33029460906982
27883,164.33029460906982
27884,153.35495471954346
27885,153.35495471954346
27886,153.35495471954346
27887,164.3274736404419
27888,164.3274736404419
27889,164.3274736404419
27890,164.3274736404419
27891,164.3274736404419
27892,164.3274736404419
27893,164.3274736404419
27894,164.3274736404419
27895,164.3274736404419
27896,164.3274736404419
27897,175.2462043762207
27898,175.2462043762207
27899,186.22365951538086
27900,197.20958423614502
27901,197.20958423614502
27902,197.20958423614502
27903,197.20958423614502
27904,186.24940013885498
27905,186.24940013885498
27906,197.2403678894043
27907,197.2403678894043
27908,197.2403678894043
27909,197.2403678894043
27910,197.2403678894043
27911,197.2403678894043
27912,197.2403678894043
27913,197.2403678894043
27914,186.31269454956055
27915,197.30988121032715
27916,197.30988121032715
27917,197.30988121032715
27918,197.30988121032715
27919,197.30988121032715
27920,197.30988121032715
27921,197.30988121032715
27922,197.30988121032715
27923,208.0656909942627
27924,175.15599632263184
27925,175.15599632263184
27926,186.10612678527832
27927,186.10612678527832
27928,186.10612678527832
27929,186.10612678527832
27930,186.10612678527832
27931,186.10612678527832
27932,186.10612678527832
27933,186.10612678527832
27934,186.10612678527832
27935,186.10612678527832
27936,186.10612678527832
27937,175.14513778686523
27938,186.10304260253906
27939,186.10304260253906
27940,186.10304260253906
27941,175.14011001586914
27942,175.14011001586914
27943,175.14011001586914
27944,164.16422080993652
27945,164.16422080993652
27946,164.16422080993652
27947,164.16422080993652
27948,164.16422080993652
27949,164.16422080993652
27950,164.16422080993652
27951,164.16422080993652
27952,164.16422080993652
27953,153.42155838012695
27954,164.38426876068115
27955,164.38426876068115
27956,164.38426876068115
27957,164.38426876068115
27958,164.38426876068115
27959,164.38426876068115
27960,164.38426876068115
27961,142.57851219177246
27962,142.57851219177246
27963,142.57851219177246
27964,142.57851219177246
27965,142.57851219177246
27966,142.57851219177246
27967,142.57851219177246
27968,142.57851219177246
27969,153.54869651794434
27970,153.54869651794434
27971,164.52927684783936
27972,164.52927684783936
27973,175.5059633255005
27974,175.5059633255005
27975,175.5059633255005
27976,175.5059633255005
27977,175.5059633255005
27978,175.5059633255005
27979,186.48270797729492
27980,197.47801399230957
27981,197.47801399230957
27982,197.47801399230957
27983,197.47801399230957
27984,197.47801399230957
27985,197.47801399230957
27986,186.5005588531494
27987,186.5005588531494
27988,186.5005588531494
27989,186.5005588531494
27990,186.5005588531494
27991,186.5005588531494
27992,186.5005588531494
27993,186.5005588531494
27994,197.30762672424316
27995,186.34972190856934
27996,186.34972190856934
27997,175.44122695922852
27998,175.44122695922852
27999,175.44122695922852
28000,175.44122695922852
28001,175.44122695922852
28002,175.44122695922852
28003,175.44122695922852
28004,175.44122695922852
28005,175.44122695922852
28006,175.44122695922852
28007,164.46454048156738
28008,164.46454048156738
28009,164.46454048156738
28010,164.46454048156738
28011,164.46454048156738
28012,164.46454048156738
28013,164.46454048156738
28014,164.46454048156738
28015,164.46454048156738
28016,164.46454048156738
28017,164.46454048156738
28018,153.54580974578857
28019,153.54580974578857
28020,153.54580974578857
28021,153.54580974578857
28022,153.54580974578857
28023,142.73874187469482
28024,142.73874187469482
28025,142.73874187469482
28026,142.73874187469482
28027,142.73874187469482
28028,142.73874187469482
28029,142.73874187469482
28030,142.73874187469482
28031,142.73874187469482
28032,142.73874187469482
28033,142.73874187469482
28034,142.73874187469482
28035,142.73874187469482
28036,142.73874187469482
28037,142.73874187469482
28038,131.7662229537964
28039,131.7662229537964
28040,131.7662229537964
28041,131.7662229537964
28042,131.7662229537964
28043,120.76682662963867
28044,109.79008197784424
28045,109.79008197784424
28046,98.79911422729492
28047,98.79911422729492
28048,109.74413108825684
28049,109.74413108825684
28050,109.74413108825684
28051,109.74413108825684
28052,109.74413108825684
28053,98.78764343261719
28054,98.78764343261719
28055,98.78764343261719
28056,109.62401390075684
28057,109.62401390075684
28058,109.62401390075684
28059,109.62401390075684
28060,120.49072647094727
28061,120.49072647094727
28062,120.49072647094727
28063,120.49072647094727
28064,120.49072647094727
28065,120.49072647094727
28066,120.49072647094727
28067,120.49072647094727
28068,120.49072647094727
28069,120.49072647094727
28070,109.49293613433838
28071,109.49293613433838
28072,109.49293613433838
28073,109.49293613433838
28074,109.49293613433838
28075,109.49293613433838
28076,109.49293613433838
28077,109.49293613433838
28078,109.49293613433838
28079,109.49293613433838
28080,120.43132495880127
28081,120.43132495880127
28082,120.43132495880127
28083,120.43132495880127
28084,120.43132495880127
28085,120.43132495880127
28086,120.43132495880127
28087,120.43132495880127
28088,120.43132495880127
28089,120.43132495880127
28090,98.59495449066162
28091,98.59495449066162
28092,98.59495449066162
28093,109.49177837371826
28094,109.49177837371826
28095,120.45313835144043
28096,109.49042797088623
28097,392.51679515838623
28098,392.51679515838623
28099,392.51679515838623
28100,392.51679515838623
28101,392.51679515838623
28102,120.47794723510742
28103,120.47794723510742
28104,109.61123466491699
28105,109.61123466491699
28106,98.66110420227051
28107,98.66110420227051
28108,98.66110420227051
28109,98.66110420227051
28110,98.66110420227051
28111,98.66110420227051
28112,98.66110420227051
28113,98.66110420227051
28114,98.66110420227051
28115,98.66110420227051
28116,98.66110420227051
28117,98.66110420227051
28118,98.66110420227051
28119,87.67517948150635
28120,87.67517948150635
28121,87.67517948150635
28122,87.67517948150635
28123,87.67517948150635
28124,87.67517948150635
28125,87.67517948150635
28126,87.67517948150635
28127,87.67517948150635
28128,87.67517948150635
28129,87.67517948150635
28130,87.67517948150635
28131,87.67517948150635
28132,87.67517948150635
28133,87.67517948150635
28134,87.67517948150635
28135,76.70499515533447
28136,76.70499515533447
28137,76.70499515533447
28138,76.70499515533447
28139,76.70499515533447
28140,76.70499515533447
28141,76.70499515533447
28142,76.70499515533447
28143,76.70499515533447
28144,76.70499515533447
28145,76.70499515533447
28146,76.70499515533447
28147,65.76660633087158
28148,65.76660633087158
28149,65.76660633087158
28150,65.76660633087158
28151,65.76660633087158
28152,65.76660633087158
28153,65.76660633087158
28154,65.76660633087158
28155,65.76660633087158
28156,65.76660633087158
28157,65.76660633087158
28158,65.76660633087158
28159,65.76660633087158
28160,65.76660633087158
28161,65.76660633087158
28162,65.76660633087158
28163,65.76660633087158
28164,65.76660633087158
28165,65.76660633087158
28166,65.76660633087158
28167,65.76660633087158
28168,65.76660633087158
28169,54.82158946990967
28170,54.82158946990967
28171,54.82158946990967
28172,54.82158946990967
28173,54.82158946990967
28174,54.82158946990967
28175,54.82158946990967
28176,54.82158946990967
28177,54.82158946990967
28178,54.82158946990967
28179,54.82158946990967
28180,54.82158946990967
28181,54.82158946990967
28182,54.82158946990967
28183,54.82158946990967
28184,54.82158946990967
28185,54.82158946990967
28186,43.92476558685303
28187,43.92476558685303
28188,43.92476558685303
28189,340.54894161224365
28190,340.54894161224365
28191,43.92476558685303
28192,43.92476558685303
28193,43.92476558685303
28194,43.92476558685303
28195,43.92476558685303
28196,43.92476558685303
28197,43.92476558685303
28198,54.900577545166016
28199,54.900577545166016
28200,54.900577545166016
28201,54.900577545166016
28202,54.900577545166016
28203,54.900577545166016
28204,54.900577545166016
28205,54.900577545166016
28206,54.900577545166016
28207,54.900577545166016
28208,54.900577545166016
28209,54.900577545166016
28210,54.900577545166016
28211,54.900577545166016
28212,54.900577545166016
28213,54.900577545166016
28214,65.86228275299072
28215,65.86228275299072
28216,65.86228275299072
28217,65.86228275299072
28218,76.8189115524292
28219,76.8189115524292
28220,76.8189115524292
28221,76.8189115524292
28222,76.8189115524292
28223,76.8189115524292
28224,76.8189115524292
28225,76.8189115524292
28226,76.8189115524292
28227,76.8189115524292
28228,76.8189115524292
28229,76.8189115524292
28230,76.8189115524292
28231,76.8189115524292
28232,76.8189115524292
28233,76.8189115524292
28234,76.8189115524292
28235,76.8189115524292
28236,76.8189115524292
28237,76.8189115524292
28238,76.8189115524292
28239,76.8189115524292
28240,76.8189115524292
28241,76.8189115524292
28242,76.8189115524292
28243,76.8189115524292
28244,76.8189115524292
28245,76.8189115524292
28246,87.74673175811768
28247,98.74071598052979
28248,98.74071598052979
28249,98.74071598052979
28250,98.74071598052979
28251,98.74071598052979
28252,109.72522449493408
28253,109.72522449493408
28254,109.72522449493408
28255,109.72522449493408
28256,109.72522449493408
28257,109.72522449493408
28258,109.72522449493408
28259,109.72522449493408
28260,109.72522449493408
28261,109.72522449493408
28262,109.72522449493408
28263,109.72522449493408
28264,109.72522449493408
28265,109.72522449493408
28266,109.72522449493408
28267,109.72522449493408
28268,109.72522449493408
28269,109.72522449493408
28270,109.72522449493408
28271,98.76351928710938
28272,98.76351928710938
28273,98.76351928710938
28274,98.76351928710938
28275,98.76351928710938
28276,98.76351928710938
28277,98.76351928710938
28278,98.76351928710938
28279,98.76351928710938
28280,98.76351928710938
28281,109.65424156188965
28282,109.65424156188965
28283,109.65424156188965
28284,109.65424156188965
28285,109.65424156188965
28286,109.65424156188965
28287,109.65424156188965
28288,109.65424156188965
28289,109.65424156188965
28290,109.65424156188965
28291,109.65424156188965
28292,120.6202278137207
28293,120.6202278137207
28294,131.59047985076904
28295,131.59047985076904
28296,131.59047985076904
28297,131.59047985076904
28298,131.59047985076904
28299,131.59047985076904
28300,142.44733047485352
28301,142.44733047485352
28302,142.44733047485352
28303,142.44733047485352
28304,142.44733047485352
28305,142.44733047485352
28306,142.44733047485352
28307,153.26115226745605
28308,153.26115226745605
28309,153.26115226745605
28310,153.26115226745605
28311,153.26115226745605
28312,153.26115226745605
28313,142.2658462524414
28314,142.2658462524414
28315,142.2658462524414
28316,142.2658462524414
28317,142.2658462524414
28318,142.2658462524414
28319,142.2658462524414
28320,120.2843427658081
28321,120.2843427658081
28322,120.2843427658081
28323,120.2843427658081
28324,131.2290964126587
28325,131.2290964126587
28326,109.28322792053223
28327,109.28322792053223
28328,131.09791660308838
28329,131.09791660308838
28330,131.09791660308838
28331,131.09791660308838
28332,131.09791660308838
28333,131.09791660308838
28334,131.09791660308838
28335,131.09791660308838
28336,131.09791660308838
28337,142.0938596725464
28338,142.0938596725464
28339,142.0938596725464
28340,141.6650152206421
28341,141.6650152206421
28342,141.6650152206421
28343,141.6650152206421
28344,131.28003787994385
28345,131.28003787994385
28346,131.28003787994385
28347,120.32340908050537
28348,120.32340908050537
28349,120.32340908050537
28350,120.32340908050537
28351,120.32340908050537
28352,120.32340908050537
28353,131.26544952392578
28354,131.26544952392578
28355,153.26544952392578
28356,153.26544952392578
28357,153.26544952392578
28358,163.95292568206787
28359,163.95292568206787
28360,163.95292568206787
28361,163.95292568206787
28362,174.6003875732422
28363,174.6003875732422
28364,174.6003875732422
28365,185.53223323822021
28366,174.5516529083252
28367,174.5516529083252
28368,163.66093063354492
28369,163.66093063354492
28370,163.66093063354492
28371,163.66093063354492
28372,152.8036298751831
28373,163.74152851104736
28374,152.8846778869629
28375,152.8846778869629
28376,163.80136966705322
28377,163.80136966705322
28378,163.80136966705322
28379,174.46265411376953
28380,174.46265411376953
28381,174.46265411376953
28382,174.46265411376953
28383,174.46265411376953
28384,163.53483390808105
28385,163.53483390808105
28386,163.53483390808105
28387,152.56458187103271
28388,163.55300998687744
28389,163.55300998687744
28390,163.55300998687744
28391,163.55300998687744
28392,163.90554809570312
28393,153.21807193756104
28394,142.55678749084473
28395,142.55678749084473
28396,142.55678749084473
28397,142.55678749084473
28398,142.55678749084473
28399,142.55678749084473
28400,142.55678749084473
28401,142.55678749084473
28402,142.55678749084473
28403,142.55678749084473
28404,142.55678749084473
28405,153.51885318756104
28406,153.51885318756104
28407,153.51885318756104
28408,153.51885318756104
28409,153.51885318756104
28410,153.51885318756104
28411,153.51885318756104
28412,164.4977912902832
28413,175.43774223327637
28414,175.43774223327637
28415,175.43774223327637
28416,186.43774223327637
28417,175.48035430908203
28418,175.48035430908203
28419,175.48035430908203
28420,175.48035430908203
28421,175.48035430908203
28422,175.48035430908203
28423,175.48035430908203
28424,186.4536600112915
28425,186.4536600112915
28426,186.4536600112915
28427,186.4536600112915
28428,186.4536600112915
28429,186.4536600112915
28430,197.40458011627197
28431,186.42876815795898
28432,186.42876815795898
28433,197.4080753326416
28434,197.4080753326416
28435,197.4080753326416
28436,186.47622966766357
28437,186.47622966766357
28438,186.47622966766357
28439,197.42286205291748
28440,197.42286205291748
28441,197.42286205291748
28442,197.42286205291748
28443,197.42286205291748
28444,197.42286205291748
28445,197.42286205291748
28446,208.42286205291748
28447,208.41096878051758
28448,208.41096878051758
28449,208.41096878051758
28450,208.41096878051758
28451,197.41502571105957
28452,197.41502571105957
28453,197.41502571105957
28454,208.40119743347168
28455,219.37740230560303
28456,219.37740230560303
28457,230.35071468353271
28458,230.35071468353271
28459,230.35071468353271
28460,252.0780439376831
28461,252.0780439376831
28462,263.05864238739014
28463,252.11388874053955
28464,241.11388874053955
28465,241.11388874053955
28466,252.11388874053955
28467,252.11388874053955
28468,252.11388874053955
28469,252.11388874053955
28470,252.11388874053955
28471,283.7359104156494
28472,272.7359104156494
28473,272.7359104156494
28474,272.7359104156494
28475,273.98719787597656
28476,273.98719787597656
28477,273.98719787597656
28478,273.98719787597656
28479,273.98719787597656
28480,284.68402671813965
28481,284.68402671813965
28482,284.68402671813965
28483,295.6076078414917
28484,295.6076078414917
28485,295.6076078414917
28486,284.6076078414917
28487,284.6076078414917
28488,273.64162158966064
28489,273.54962158203125
28490,273.54962158203125
28491,262.58755588531494
28492,273.5410804748535
28493,273.5196990966797
28494,273.5196990966797
28495,273.5196990966797
28496,284.3999614715576
28497,284.3999614715576
28498,284.3999614715576
28499,284.3999614715576
28500,262.46206283569336
28501,251.5221118927002
28502,251.5221118927002
28503,251.5221118927002
28504,251.52451992034912
28505,240.746600151062
28506,240.746600151062
28507,251.74254894256592
28508,251.74254894256592
28509,240.79162883758545
28510,240.79162883758545
28511,251.7590503692627
28512,241.0622215270996
28513,241.0622215270996
28514,241.0622215270996
28515,241.0622215270996
28516,252.00423049926758
28517,252.00423049926758
28518,262.9532537460327
28519,252.0066213607788
28520,262.93449687957764
28521,262.93449687957764
28522,252.1098051071167
28523,263.0779104232788
28524,263.0779104232788
28525,274.0146265029907
28526,284.88651275634766
28527,284.88651275634766
28528,284.88651275634766
28529,284.8041048049927
28530,284.8041048049927
28531,284.8041048049927
28532,284.8041048049927
28533,295.7457513809204
28534,295.7457513809204
28535,306.7150182723999
28536,306.7150182723999
28537,306.7150182723999
28538,306.7150182723999
28539,306.7150182723999
28540,306.7150182723999
28541,306.7150182723999
28542,306.7150182723999
28543,306.7150182723999
28544,295.74171257019043
28545,295.74171257019043
28546,295.74171257019043
28547,295.74171257019043
28548,295.74171257019043
28549,295.74171257019043
28550,273.8092498779297
28551,273.8092498779297
28552,262.89748191833496
28553,262.89748191833496
28554,262.89748191833496
28555,262.89748191833496
28556,273.7810974121094
28557,273.7810974121094
28558,273.7810974121094
28559,273.7810974121094
28560,273.7810974121094
28561,273.7810974121094
28562,273.7810974121094
28563,284.6679677963257
28564,262.7215509414673
28565,262.7215509414673
28566,251.73071479797363
28567,251.73071479797363
28568,240.8504524230957
28569,240.8504524230957
28570,240.8504524230957
28571,240.8504524230957
28572,240.8504524230957
28573,251.42893600463867
28574,251.42893600463867
28575,262.37397384643555
28576,262.37397384643555
28577,262.37397384643555
28578,262.37397384643555
28579,273.30998039245605
28580,262.33666801452637
28581,273.3322219848633
28582,284.28890895843506
28583,284.28890895843506
28584,284.28890895843506
28585,273.30960178375244
28586,273.30960178375244
28587,273.30960178375244
28588,262.351487159729
28589,251.77300357818604
28590,251.77300357818604
28591,251.77300357818604
28592,251.77300357818604
28593,262.74451065063477
28594,262.74451065063477
28595,262.74451065063477
28596,262.74451065063477
28597,262.74451065063477
28598,262.74451065063477
28599,262.74451065063477
28600,251.88487815856934
28601,251.88487815856934
28602,251.88487815856934
28603,251.88487815856934
28604,251.88487815856934
28605,251.88487815856934
28606,240.94816207885742
28607,240.94816207885742
28608,240.94816207885742
28609,240.94816207885742
28610,219.03647422790527
28611,219.03647422790527
28612,219.03647422790527
28613,219.03647422790527
28614,219.03647422790527
28615,219.03647422790527
28616,219.03647422790527
28617,219.03647422790527
28618,219.03647422790527
28619,219.03647422790527
28620,219.03647422790527
28621,219.03647422790527
28622,219.03647422790527
28623,219.03647422790527
28624,219.03647422790527
28625,208.08745098114014
28626,208.08745098114014
28627,208.08745098114014
28628,208.08745098114014
28629,208.08745098114014
28630,208.1842679977417
28631,208.1842679977417
28632,208.1842679977417
28633,208.1842679977417
28634,197.23687171936035
28635,197.23687171936035
28636,208.18687057495117
28637,208.18687057495117
28638,208.18687057495117
28639,208.18687057495117
28640,208.18687057495117
28641,197.24522399902344
28642,208.13680934906006
28643,208.13680934906006
28644,208.13680934906006
28645,208.13680934906006
28646,186.32206344604492
28647,186.32206344604492
28648,175.35464191436768
28649,175.35464191436768
28650,175.35464191436768
28651,175.35464191436768
28652,175.35464191436768
28653,175.35464191436768
28654,175.35464191436768
28655,175.35464191436768
28656,164.4052324295044
28657,153.43712711334229
28658,153.43712711334229
28659,153.43712711334229
28660,153.43712711334229
28661,153.43712711334229
28662,153.43712711334229
28663,142.50112056732178
28664,131.55483055114746
28665,131.55483055114746
28666,131.55483055114746
28667,142.48508262634277
28668,142.48508262634277
28669,142.48508262634277
28670,142.48508262634277
28671,131.5430736541748
28672,131.5430736541748
28673,131.5430736541748
28674,131.5430736541748
28675,131.5430736541748
28676,131.5430736541748
28677,131.5430736541748
28678,131.5430736541748
28679,131.5430736541748
28680,131.5430736541748
28681,131.5430736541748
28682,131.5430736541748
28683,131.5430736541748
28684,131.5430736541748
28685,131.5430736541748
28686,131.5430736541748
28687,131.5430736541748
28688,131.5430736541748
28689,131.5430736541748
28690,131.5430736541748
28691,131.5430736541748
28692,131.5430736541748
28693,131.5430736541748
28694,131.5430736541748
28695,120.58638668060303
28696,120.58638668060303
28697,120.58638668060303
28698,120.58638668060303
28699,120.52746772766113
28700,120.52746772766113
28701,120.52746772766113
28702,120.52746772766113
28703,120.52746772766113
28704,120.52746772766113
28705,120.52746772766113
28706,120.52746772766113
28707,120.52746772766113
28708,120.52746772766113
28709,120.52746772766113
28710,120.52746772766113
28711,120.52746772766113
28712,120.52746772766113
28713,120.52746772766113
28714,109.5468692779541
28715,109.5468692779541
28716,109.5468692779541
28717,109.5468692779541
28718,109.5468692779541
28719,109.5468692779541
28720,109.5468692779541
28721,109.5468692779541
28722,109.5468692779541
28723,109.5468692779541
28724,109.5468692779541
28725,109.5468692779541
28726,109.5468692779541
28727,109.5468692779541
28728,109.5468692779541
28729,109.5468692779541
28730,109.5468692779541
28731,109.5468692779541
28732,109.5468692779541
28733,109.5468692779541
28734,109.5468692779541
28735,98.5509204864502
28736,98.5509204864502
28737,98.5509204864502
28738,87.60588264465332
28739,87.60588264465332
28740,76.7142972946167
28741,76.7142972946167
28742,76.7142972946167
28743,76.7142972946167
28744,76.7142972946167
28745,76.7142972946167
28746,76.7142972946167
28747,76.7142972946167
28748,76.7142972946167
28749,65.76429843902588
28750,65.76429843902588
28751,65.76429843902588
28752,65.76429843902588
28753,65.76429843902588
28754,65.76429843902588
28755,65.76429843902588
28756,65.76429843902588
28757,65.76429843902588
28758,65.76429843902588
28759,65.76429843902588
28760,65.76429843902588
28761,65.79090595245361
28762,54.82163906097412
28763,54.82163906097412
28764,54.82163906097412
28765,54.82163906097412
28766,54.82163906097412
28767,54.82163906097412
28768,54.82163906097412
28769,54.82163906097412
28770,43.90435314178467
28771,43.90435314178467
28772,43.90435314178467
28773,43.90435314178467
28774,43.90435314178467
28775,43.90435314178467
28776,43.90435314178467
28777,43.90435314178467
28778,43.90435314178467
28779,43.90435314178467
28780,43.90435314178467
28781,43.90435314178467
28782,43.90435314178467
28783,43.90435314178467
28784,43.90435314178467
28785,43.90435314178467
28786,43.90435314178467
28787,43.90435314178467
28788,43.90435314178467
28789,43.90435314178467
28790,43.90435314178467
28791,43.90435314178467
28792,43.90435314178467
28793,43.90435314178467
28794,43.90435314178467
28795,43.90435314178467
28796,43.90435314178467
28797,43.90435314178467
28798,43.90435314178467
28799,43.90435314178467
28800,32.93284606933594
28801,32.93284606933594
28802,32.93284606933594
28803,32.93284606933594
28804,32.93284606933594
28805,32.93284606933594
28806,32.93284606933594
28807,32.93284606933594
28808,32.93284606933594
28809,32.93284606933594
28810,21.937292098999023
28811,21.937292098999023
28812,21.937292098999023
28813,21.937292098999023
28814,21.937292098999023
28815,21.937292098999023
28816,21.937292098999023
28817,21.937292098999023
28818,21.937292098999023
28819,21.937292098999023
28820,21.937292098999023
28821,21.937292098999023
28822,21.937292098999023
28823,21.937292098999023
28824,21.937292098999023
28825,21.937292098999023
28826,21.937292098999023
28827,21.937292098999023
28828,21.937292098999023
28829,21.937292098999023
28830,21.937292098999023
28831,21.937292098999023
28832,21.937292098999023
28833,21.937292098999023
28834,21.937292098999023
28835,21.937292098999023
28836,21.937292098999023
28837,32.93605136871338
28838,32.93605136871338
28839,32.93605136871338
28840,32.93605136871338
28841,32.93605136871338
28842,32.93605136871338
28843,32.93605136871338
28844,32.93605136871338
28845,32.93605136871338
28846,32.93605136871338
28847,32.93605136871338
28848,32.93605136871338
28849,21.979191780090332
28850,21.979191780090332
28851,21.979191780090332
28852,21.979191780090332
28853,21.979191780090332
28854,21.7156343460083
28855,21.7156343460083
28856,21.7156343460083
28857,21.7156343460083
28858,32.693681716918945
28859,32.693681716918945
28860,32.693681716918945
28861,32.693681716918945
28862,32.693681716918945
28863,32.693681716918945
28864,32.693681716918945
28865,32.693681716918945
28866,32.693681716918945
28867,32.693681716918945
28868,32.693681716918945
28869,32.693681716918945
28870,32.693681716918945
28871,32.693681716918945
28872,32.693681716918945
28873,32.693681716918945
28874,32.693681716918945
28875,32.693681716918945
28876,32.693681716918945
28877,32.693681716918945
28878,32.693681716918945
28879,32.693681716918945
28880,32.693681716918945
28881,32.693681716918945
28882,32.693681716918945
28883,32.693681716918945
28884,32.693681716918945
28885,32.693681716918945
28886,32.693681716918945
28887,32.693681716918945
28888,32.693681716918945
28889,32.693681716918945
28890,32.693681716918945
28891,21.976806640625
28892,21.976806640625
28893,21.976806640625
28894,32.95983409881592
28895,32.95983409881592
28896,32.95983409881592
28897,43.95299816131592
28898,43.95299816131592
28899,43.95299816131592
28900,43.95299816131592
28901,43.95299816131592
28902,43.95299816131592
28903,43.95299816131592
28904,43.95299816131592
28905,43.95299816131592
28906,43.95299816131592
28907,43.95299816131592
28908,43.95299816131592
28909,43.95299816131592
28910,43.95299816131592
28911,43.95299816131592
28912,43.95299816131592
28913,54.88896560668945
28914,54.88896560668945
28915,54.88896560668945
28916,54.88896560668945
28917,54.88896560668945
28918,54.88896560668945
28919,54.88896560668945
28920,65.83897686004639
28921,65.83897686004639
28922,65.83897686004639
28923,65.83897686004639
28924,65.83897686004639
28925,65.83897686004639
28926,65.83897686004639
28927,65.83897686004639
28928,65.83897686004639
28929,65.83897686004639
28930,65.83897686004639
28931,65.83897686004639
28932,65.83897686004639
28933,65.83897686004639
28934,65.83897686004639
28935,65.83897686004639
28936,65.83897686004639
28937,76.68023490905762
28938,76.68023490905762
28939,76.68023490905762
28940,76.68023490905762
28941,76.68023490905762
28942,76.68023490905762
28943,76.68023490905762
28944,76.68023490905762
28945,76.68023490905762
28946,76.68023490905762
28947,76.68023490905762
28948,76.68023490905762
28949,76.68023490905762
28950,76.68023490905762
28951,76.68023490905762
28952,76.68023490905762
28953,76.68023490905762
28954,76.68023490905762
28955,87.67364692687988
28956,87.67364692687988
28957,87.67364692687988
28958,87.67364692687988
28959,87.67364692687988
28960,87.67364692687988
28961,87.67364692687988
28962,87.67364692687988
28963,87.67364692687988
28964,87.67364692687988
28965,98.66465187072754
28966,98.66465187072754
28967,98.66465187072754
28968,98.66465187072754
28969,98.66465187072754
28970,98.66465187072754
28971,98.66465187072754
28972,98.66465187072754
28973,98.66465187072754
28974,98.66465187072754
28975,98.66465187072754
28976,336.45049476623535
28977,336.45049476623535
28978,336.45049476623535
28979,98.66465187072754
28980,98.66465187072754
28981,98.66465187072754
28982,98.66465187072754
28983,98.66465187072754
28984,98.66465187072754
28985,98.66465187072754
28986,87.66589260101318
28987,87.66589260101318
28988,87.66589260101318
28989,87.66589260101318
28990,87.66589260101318
28991,87.66589260101318
28992,87.66589260101318
28993,87.66589260101318
28994,87.66589260101318
28995,87.66589260101318
28996,87.66589260101318
28997,87.66589260101318
28998,87.66589260101318
28999,76.82463455200195
29000,76.82463455200195
29001,54.86355972290039
29002,54.86355972290039
29003,54.86355972290039
29004,54.86355972290039
29005,54.86355972290039
29006,54.86355972290039
29007,54.86355972290039
29008,54.86355972290039
29009,54.86355972290039
29010,54.86355972290039
29011,43.91354846954346
29012,43.91354846954346
29013,43.91354846954346
29014,43.91354846954346
29015,43.91354846954346
29016,43.91354846954346
29017,43.91354846954346
29018,43.91354846954346
29019,43.91354846954346
29020,43.91354846954346
29021,43.91354846954346
29022,43.91354846954346
29023,43.91354846954346
29024,43.91354846954346
29025,43.91354846954346
29026,43.91354846954346
29027,43.91354846954346
29028,43.91354846954346
29029,43.91354846954346
29030,43.91354846954346
29031,43.91354846954346
29032,43.91354846954346
29033,43.91354846954346
29034,43.91354846954346
29035,43.91354846954346
29036,43.91354846954346
29037,43.91354846954346
29038,43.91354846954346
29039,43.91354846954346
29040,43.91354846954346
29041,43.91354846954346
29042,43.91354846954346
29043,32.97758102416992
29044,32.97758102416992
29045,32.97758102416992
29046,32.97758102416992
29047,32.97758102416992
29048,32.97758102416992
29049,32.97758102416992
29050,32.97758102416992
29051,43.83035755157471
29052,54.79469966888428
29053,54.79469966888428
29054,65.75355339050293
29055,65.75355339050293
29056,65.75355339050293
29057,65.75355339050293
29058,65.75355339050293
29059,65.75355339050293
29060,65.75355339050293
29061,65.75355339050293
29062,65.75355339050293
29063,65.75355339050293
29064,65.75355339050293
29065,65.75355339050293
29066,65.75355339050293
29067,65.75355339050293
29068,65.75355339050293
29069,65.75355339050293
29070,54.900776863098145
29071,54.900776863098145
29072,54.900776863098145
29073,54.900776863098145
29074,54.900776863098145
29075,54.900776863098145
29076,54.900776863098145
29077,54.900776863098145
29078,54.900776863098145
29079,54.900776863098145
29080,54.900776863098145
29081,54.900776863098145
29082,54.900776863098145
29083,54.900776863098145
29084,54.900776863098145
29085,54.900776863098145
29086,54.900776863098145
29087,54.900776863098145
29088,54.900776863098145
29089,54.900776863098145
29090,54.900776863098145
29091,54.900776863098145
29092,54.900776863098145
29093,54.900776863098145
29094,54.45381164550781
29095,54.45381164550781
29096,54.45381164550781
29097,54.45381164550781
29098,54.45381164550781
29099,54.45381164550781
29100,54.45381164550781
29101,54.45381164550781
29102,54.45381164550781
29103,54.45381164550781
29104,54.45381164550781
29105,54.45381164550781
29106,54.45381164550781
29107,54.45381164550781
29108,54.45381164550781
29109,54.45381164550781
29110,43.90736484527588
29111,43.90736484527588
29112,43.90736484527588
29113,43.90736484527588
29114,43.90736484527588
29115,43.90736484527588
29116,43.90736484527588
29117,43.90736484527588
29118,43.90736484527588
29119,43.90736484527588
29120,43.90736484527588
29121,32.91420078277588
29122,32.91420078277588
29123,32.91420078277588
29124,32.91420078277588
29125,32.91420078277588
29126,32.91420078277588
29127,32.91420078277588
29128,32.91420078277588
29129,32.91420078277588
29130,32.91420078277588
29131,32.91420078277588
29132,32.91420078277588
29133,32.91420078277588
29134,32.91420078277588
29135,32.91420078277588
29136,32.91420078277588
29137,32.91420078277588
29138,32.91420078277588
29139,43.91347122192383
29140,43.91347122192383
29141,43.91347122192383
29142,43.91347122192383
29143,43.91347122192383
29144,43.91347122192383
29145,43.91347122192383
29146,43.91347122192383
29147,43.91347122192383
29148,43.91347122192383
29149,43.91347122192383
29150,43.91347122192383
29151,32.94912910461426
29152,32.94912910461426
29153,32.94912910461426
29154,32.94912910461426
29155,32.94912910461426
29156,32.94912910461426
29157,32.94912910461426
29158,32.94912910461426
29159,32.94912910461426
29160,32.94912910461426
29161,32.94912910461426
29162,32.94912910461426
29163,32.94912910461426
29164,32.94912910461426
29165,32.94912910461426
29166,32.94912910461426
29167,32.94912910461426
29168,32.94912910461426
29169,32.94912910461426
29170,32.94912910461426
29171,43.01673221588135
29172,43.01673221588135
29173,43.01673221588135
29174,43.01673221588135
29175,43.01673221588135
29176,43.01673221588135
29177,43.01673221588135
29178,43.01673221588135
29179,43.01673221588135
29180,32.94912910461426
29181,32.94912910461426
29182,21.9581241607666
29183,21.9581241607666
29184,21.9581241607666
29185,21.9581241607666
29186,21.9581241607666
29187,32.81471347808838
29188,32.81471347808838
29189,32.81471347808838
29190,32.81471347808838
29191,32.81471347808838
29192,32.81471347808838
29193,32.81471347808838
29194,32.81471347808838
29195,32.81471347808838
29196,32.81471347808838
29197,32.81471347808838
29198,43.61805820465088
29199,43.61805820465088
29200,43.61805820465088
29201,43.61805820465088
29202,43.61805820465088
29203,43.61805820465088
29204,43.61805820465088
29205,32.65920448303223
29206,32.65920448303223
29207,32.65920448303223
29208,32.65920448303223
29209,32.65920448303223
29210,32.65920448303223
29211,32.65920448303223
29212,32.65920448303223
29213,32.65920448303223
29214,32.65920448303223
29215,21.80261516571045
29216,21.80261516571045
29217,21.80261516571045
29218,21.80261516571045
29219,21.80261516571045
29220,21.80261516571045
29221,21.80261516571045
29222,21.80261516571045
29223,21.80261516571045
29224,21.80261516571045
29225,21.80261516571045
29226,21.80261516571045
29227,32.45698261260986
29228,32.45698261260986
29229,32.45698261260986
29230,32.45698261260986
29231,32.45698261260986
29232,32.45698261260986
29233,32.45698261260986
29234,32.45698261260986
29235,32.45698261260986
29236,32.45698261260986
29237,32.45698261260986
29238,32.45698261260986
29239,32.45698261260986
29240,32.45698261260986
29241,32.45698261260986
29242,32.45698261260986
29243,32.45698261260986
29244,32.45698261260986
29245,21.653637886047363
29246,21.653637886047363
29247,21.653637886047363
29248,21.653637886047363
29249,21.653637886047363
29250,21.653637886047363
29251,21.653637886047363
29252,21.653637886047363
29253,10.99927043914795
29254,10.99927043914795
29255,10.99927043914795
29256,10.99927043914795
29257,10.99927043914795
29258,10.99927043914795
29259,10.99927043914795
29260,10.99927043914795
29261,10.99927043914795
29262,10.99927043914795
29263,10.99927043914795
29264,10.99927043914795
29265,10.99927043914795
29266,10.99927043914795
29267,10.99927043914795
29268,10.99927043914795
29269,21.99927043914795
29270,21.99927043914795
29271,21.99927043914795
29272,21.99927043914795
29273,21.99927043914795
29274,21.99927043914795
29275,32.85264778137207
29276,32.85264778137207
29277,32.85264778137207
29278,32.85264778137207
29279,32.85264778137207
29280,32.85264778137207
29281,32.85264778137207
29282,32.85264778137207
29283,32.85264778137207
29284,32.85264778137207
29285,32.85264778137207
29286,32.85264778137207
29287,32.85264778137207
29288,32.85264778137207
29289,32.85264778137207
29290,21.85337734222412
29291,21.85337734222412
29292,21.85337734222412
29293,21.85337734222412
29294,21.85337734222412
29295,21.85337734222412
29296,11.0
29297,11.0
29298,11.0
29299,11.0
29300,11.0
29301,11.0
29302,22.0
29303,22.0
29304,22.0
29305,22.0
29306,22.0
29307,22.0
29308,22.0
29309,22.0
29310,22.0
29311,22.0
29312,22.0
29313,22.0
29314,22.0
29315,22.0
29316,22.0
29317,22.0
29318,22.0
29319,22.0
29320,22.0
29321,22.0
29322,22.0
29323,22.0
29324,22.0
29325,22.0
29326,22.0
29327,22.0
29328,28.253185272216797
29329,39.20848369598389
29330,32.95529842376709
29331,32.95529842376709
29332,32.95529842376709
29333,43.837026596069336
29334,43.837026596069336
29335,43.837026596069336
29336,43.837026596069336
29337,43.837026596069336
29338,43.837026596069336
29339,43.837026596069336
29340,43.837026596069336
29341,43.837026596069336
29342,43.837026596069336
29343,43.837026596069336
29344,54.665669441223145
29345,54.665669441223145
29346,54.665669441223145
29347,65.65049648284912
29348,65.65049648284912
29349,65.65049648284912
29350,65.65049648284912
29351,76.60827827453613
29352,76.60827827453613
29353,65.60827827453613
29354,65.60827827453613
29355,65.60827827453613
29356,76.59375762939453
29357,76.59375762939453
29358,76.59375762939453
29359,76.59375762939453
29360,76.59375762939453
29361,76.59375762939453
29362,76.59375762939453
29363,76.59375762939453
29364,76.59375762939453
29365,76.59375762939453
29366,76.59375762939453
29367,76.59375762939453
29368,76.59375762939453
29369,76.59375762939453
29370,76.59375762939453
29371,65.76511478424072
29372,87.62638092041016
29373,87.62638092041016
29374,87.62638092041016
29375,87.62638092041016
29376,87.62638092041016
29377,87.62638092041016
29378,98.60431575775146
29379,98.60431575775146
29380,98.60431575775146
29381,98.60431575775146
29382,98.60431575775146
29383,98.60431575775146
29384,98.60431575775146
29385,98.60431575775146
29386,109.42732048034668
29387,109.42732048034668
29388,109.42732048034668
29389,109.42732048034668
29390,109.42732048034668
29391,109.42732048034668
29392,109.42732048034668
29393,109.42732048034668
29394,109.42732048034668
29395,109.42732048034668
29396,109.42732048034668
29397,109.42732048034668
29398,109.42732048034668
29399,98.54559230804443
29400,109.49356937408447
29401,109.49356937408447
29402,98.49356937408447
29403,98.49356937408447
29404,98.49356937408447
29405,98.49356937408447
29406,98.49356937408447
29407,98.49356937408447
29408,98.49356937408447
29409,98.49356937408447
29410,98.49356937408447
29411,98.49356937408447
29412,98.49356937408447
29413,442.5325708389282
29414,442.5325708389282
29415,442.5325708389282
29416,442.5325708389282
29417,442.5325708389282
29418,442.5325708389282
29419,442.5325708389282
29420,98.49356937408447
29421,98.49356937408447
29422,98.49356937408447
29423,98.49356937408447
29424,98.49356937408447
29425,98.49356937408447
29426,109.48060417175293
29427,109.48060417175293
29428,109.48060417175293
29429,109.48060417175293
29430,109.48060417175293
29431,109.48060417175293
29432,109.48060417175293
29433,109.48060417175293
29434,109.48060417175293
29435,109.48060417175293
29436,109.48060417175293
29437,98.52282238006592
29438,98.52282238006592
29439,87.6998176574707
29440,87.6998176574707
29441,87.6998176574707
29442,87.6998176574707
29443,109.46485900878906
29444,109.46485900878906
29445,109.46485900878906
29446,109.46485900878906
29447,109.46485900878906
29448,109.46485900878906
29449,109.46485900878906
29450,109.46485900878906
29451,109.46485900878906
29452,109.46485900878906
29453,109.46485900878906
29454,109.46485900878906
29455,109.46485900878906
29456,120.44851970672607
29457,120.44851970672607
29458,120.44851970672607
29459,120.44851970672607
29460,120.44851970672607
29461,120.44851970672607
29462,131.44849967956543
29463,131.44849967956543
29464,131.44849967956543
29465,131.44849967956543
29466,131.44849967956543
29467,131.44849967956543
29468,131.44849967956543
29469,131.44849967956543
29470,131.44849967956543
29471,131.44849967956543
29472,141.9927110671997
29473,152.9927110671997
29474,152.9927110671997
29475,163.97589588165283
29476,163.97589588165283
29477,163.97589588165283
29478,163.5315647125244
29479,163.5315647125244
29480,163.5315647125244
29481,163.5315647125244
29482,163.5315647125244
29483,163.5315647125244
29484,174.4187889099121
29485,174.4187889099121
29486,174.4187889099121
29487,153.0853681564331
29488,142.54115676879883
29489,142.54115676879883
29490,142.54115676879883
29491,142.54115676879883
29492,142.54115676879883
29493,142.54115676879883
29494,153.54050064086914
29495,153.54050064086914
29496,164.50035858154297
29497,164.50035858154297
29498,153.55777072906494
29499,153.55777072906494
29500,153.55777072906494
29501,164.4914722442627
29502,164.4914722442627
29503,164.4914722442627
29504,175.45155715942383
29505,175.45155715942383
29506,175.45155715942383
29507,175.45155715942383
29508,175.45155715942383
29509,175.45155715942383
29510,175.45155715942383
29511,164.53068351745605
29512,164.53068351745605
29513,164.53068351745605
29514,153.57082557678223
29515,153.57082557678223
29516,153.57082557678223
29517,153.57082557678223
29518,153.57082557678223
29519,153.57082557678223
29520,142.59289073944092
29521,142.59289073944092
29522,142.59289073944092
29523,142.59289073944092
29524,142.59289073944092
29525,142.59289073944092
29526,131.65249824523926
29527,131.65249824523926
29528,131.65249824523926
29529,142.22413635253906
29530,142.22413635253906
29531,153.17084121704102
29532,153.17084121704102
29533,153.17084121704102
29534,153.17084121704102
29535,131.238037109375
29536,120.2525577545166
29537,120.2525577545166
29538,120.2525577545166
29539,120.2525577545166
29540,120.2525577545166
29541,120.2525577545166
29542,120.2525577545166
29543,131.2525577545166
29544,131.2525577545166
29545,120.29247283935547
29546,120.29247283935547
29547,120.29247283935547
29548,120.29247283935547
29549,109.30881214141846
29550,98.73717403411865
29551,87.75398921966553
29552,87.75398921966553
29553,87.75398921966553
29554,87.75398921966553
29555,87.75398921966553
29556,87.75398921966553
29557,87.75398921966553
29558,76.86676502227783
29559,87.49948978424072
29560,87.49948978424072
29561,87.49948978424072
29562,87.49948978424072
29563,87.49948978424072
29564,87.49948978424072
29565,87.49948978424072
29566,87.49948978424072
29567,76.56578826904297
29568,87.52034854888916
29569,87.52034854888916
29570,109.52034854888916
29571,109.52034854888916
29572,109.52034854888916
29573,109.52034854888916
29574,109.52034854888916
29575,109.52034854888916
29576,109.52034854888916
29577,109.52034854888916
29578,87.88827991485596
29579,98.79080772399902
29580,109.71181297302246
29581,109.71181297302246
29582,109.71181297302246
29583,109.71181297302246
29584,456.6655788421631
29585,456.6655788421631
29586,456.6655788421631
29587,456.6655788421631
29588,456.6655788421631
29589,109.71181297302246
29590,109.71181297302246
29591,109.71181297302246
29592,120.6645393371582
29593,120.6645393371582
29594,131.59984493255615
29595,131.59984493255615
29596,142.59984493255615
29597,164.31553745269775
29598,164.31553745269775
29599,164.31553745269775
29600,164.31553745269775
29601,164.31553745269775
29602,164.31553745269775
29603,164.31553745269775
29604,164.31553745269775
29605,164.31553745269775
29606,164.31553745269775
29607,164.31553745269775
29608,153.31553745269775
29609,153.31553745269775
29610,153.31553745269775
29611,153.31553745269775
29612,153.31553745269775
29613,142.3285026550293
29614,164.26613807678223
29615,153.4708890914917
29616,153.4708890914917
29617,153.53350162506104
29618,175.20745277404785
29619,175.20745277404785
29620,175.20745277404785
29621,175.20745277404785
29622,175.20745277404785
29623,175.20745277404785
29624,175.20745277404785
29625,186.20745277404785
29626,186.20745277404785
29627,208.111478805542
29628,208.111478805542
29629,219.04058647155762
29630,219.04058647155762
29631,208.04058647155762
29632,208.04058647155762
29633,208.04058647155762
29634,208.04058647155762
29635,208.04058647155762
29636,219.04058647155762
29637,219.04058647155762
29638,219.04058647155762
29639,219.04058647155762
29640,219.04058647155762
29641,219.04058647155762
29642,219.04058647155762
29643,219.04058647155762
29644,208.2962408065796
29645,208.2962408065796
29646,208.2962408065796
29647,219.20421504974365
29648,230.0976963043213
29649,241.08849048614502
29650,252.07764339447021
29651,262.75944423675537
29652,262.75944423675537
29653,251.75944423675537
29654,262.75944423675537
29655,262.75944423675537
29656,262.75944423675537
29657,262.75944423675537
29658,262.75944423675537
29659,262.75944423675537
29660,262.75944423675537
29661,273.6939420700073
29662,273.6939420700073
29663,273.6939420700073
29664,273.6939420700073
29665,273.6939420700073
29666,273.6939420700073
29667,273.6939420700073
29668,284.64190769195557
29669,284.64190769195557
29670,284.6070671081543
29671,284.6070671081543
29672,273.6419267654419
29673,273.6419267654419
29674,273.6419267654419
29675,262.70429134368896
29676,262.70429134368896
29677,262.70429134368896
29678,262.70429134368896
29679,262.70429134368896
29680,273.64863109588623
29681,262.64863109588623
29682,262.64863109588623
29683,251.6959047317505
29684,230.0930986404419
29685,219.14639377593994
29686,208.1555995941162
29687,208.1555995941162
29688,208.1555995941162
29689,186.25669956207275
29690,186.25669956207275
29691,197.1582794189453
29692,208.08971118927002
29693,208.08971118927002
29694,208.08971118927002
29695,208.08971118927002
29696,208.08971118927002
29697,208.08971118927002
29698,208.04240131378174
29699,208.04240131378174
29700,208.04240131378174
29701,208.04240131378174
29702,197.10790348052979
29703,197.10790348052979
29704,186.10790348052979
29705,197.10790348052979
29706,197.10790348052979
29707,197.10790348052979
29708,197.10790348052979
29709,197.10790348052979
29710,197.10790348052979
29711,197.10790348052979
29712,186.19992923736572
29713,186.19992923736572
29714,186.19992923736572
29715,186.247239112854
29716,186.247239112854
29717,186.247239112854
29718,186.247239112854
29719,186.247239112854
29720,186.247239112854
29721,175.29927349090576
29722,164.3788299560547
29723,164.3788299560547
29724,164.3788299560547
29725,175.28296279907227
29726,175.28296279907227
29727,175.28296279907227
29728,164.35385513305664
29729,164.35385513305664
29730,164.35385513305664
29731,164.35385513305664
29732,164.35385513305664
29733,164.35385513305664
29734,164.35385513305664
29735,164.35385513305664
29736,164.35385513305664
29737,153.35385513305664
29738,153.35385513305664
29739,153.35385513305664
29740,153.35385513305664
29741,142.460373878479
29742,142.460373878479
29743,153.36571502685547
29744,153.36571502685547
29745,153.36571502685547
29746,153.36571502685547
29747,153.36571502685547
29748,153.36571502685547
29749,153.36571502685547
29750,153.36571502685547
29751,153.36571502685547
29752,153.36571502685547
29753,153.36571502685547
29754,142.43040943145752
29755,142.43040943145752
29756,142.43040943145752
29757,142.43040943145752
29758,142.43040943145752
29759,131.50537109375
29760,131.50537109375
29761,120.5739393234253
29762,120.5739393234253
29763,120.5739393234253
29764,120.5739393234253
29765,120.5739393234253
29766,120.5739393234253
29767,120.5739393234253
29768,120.5739393234253
29769,120.5739393234253
29770,120.5739393234253
29771,120.5739393234253
29772,120.5739393234253
29773,131.52720165252686
29774,109.6922550201416
29775,109.6922550201416
29776,109.6922550201416
29777,109.6922550201416
29778,98.71326732635498
29779,98.71326732635498
29780,98.71326732635498
29781,98.71326732635498
29782,87.81168746948242
29783,87.81168746948242
29784,98.68210506439209
29785,87.6929521560669
29786,87.6929521560669
29787,87.6929521560669
29788,87.6929521560669
29789,87.6929521560669
29790,87.6929521560669
29791,98.67191123962402
29792,98.67191123962402
29793,98.67191123962402
29794,109.67191123962402
29795,109.67191123962402
29796,109.67191123962402
29797,120.67191123962402
29798,120.67191123962402
29799,120.67191123962402
29800,120.67191123962402
29801,142.6154432296753
29802,142.6154432296753
29803,142.6154432296753
29804,142.6154432296753
29805,142.6154432296753
29806,142.6154432296753
29807,142.6154432296753
29808,131.6154432296753
29809,131.6154432296753
29810,131.6154432296753
29811,131.6154432296753
29812,131.6154432296753
29813,131.6154432296753
29814,131.6154432296753
29815,131.6154432296753
29816,131.6154432296753
29817,131.6154432296753
29818,131.6154432296753
29819,142.6154432296753
29820,142.6154432296753
29821,142.6154432296753
29822,153.58687782287598
29823,131.58687782287598
29824,131.58687782287598
29825,131.58687782287598
29826,142.56251907348633
29827,131.65838623046875
29828,131.65838623046875
29829,142.6131992340088
29830,142.6131992340088
29831,142.6131992340088
29832,142.6131992340088
29833,142.6131992340088
29834,142.6131992340088
29835,153.58503437042236
29836,164.44604301452637
29837,175.4235725402832
29838,175.4235725402832
29839,175.4235725402832
29840,175.4235725402832
29841,175.4235725402832
29842,175.4235725402832
29843,153.44793128967285
29844,164.2742748260498
29845,164.2742748260498
29846,164.2742748260498
29847,175.25797080993652
29848,175.25797080993652
29849,175.25797080993652
29850,175.25797080993652
29851,175.25797080993652
29852,175.25797080993652
29853,175.25797080993652
29854,175.25797080993652
29855,164.38755321502686
29856,164.38755321502686
29857,153.5612096786499
29858,153.5612096786499
29859,153.5612096786499
29860,153.5612096786499
29861,142.61767768859863
29862,142.61767768859863
29863,131.61767768859863
29864,131.61767768859863
29865,131.61767768859863
29866,131.61767768859863
29867,142.5162878036499
29868,142.5162878036499
29869,153.39416122436523
29870,164.31440353393555
29871,164.31440353393555
29872,164.31440353393555
29873,164.31440353393555
29874,164.31440353393555
29875,164.31440353393555
29876,164.31440353393555
29877,164.31440353393555
29878,164.31440353393555
29879,164.31440353393555
29880,164.31440353393555
29881,164.31440353393555
29882,175.2681484222412
29883,175.2681484222412
29884,186.18609523773193
29885,186.18609523773193
29886,175.2071361541748
29887,186.17703819274902
29888,197.1685791015625
29889,197.1685791015625
29890,208.03784465789795
29891,208.03784465789795
29892,218.99171924591064
29893,240.58518600463867
29894,240.58518600463867
29895,240.58518600463867
29896,240.58518600463867
29897,240.58518600463867
29898,240.58518600463867
29899,240.58518600463867
29900,218.72417736053467
29901,218.72417736053467
29902,218.72417736053467
29903,218.72417736053467
29904,218.72417736053467
29905,218.72417736053467
29906,218.72417736053467
29907,218.72417736053467
29908,229.69076442718506
29909,229.69076442718506
29910,229.69076442718506
29911,229.69076442718506
29912,229.69076442718506
29913,229.69076442718506
29914,229.69076442718506
29915,229.69076442718506
29916,229.69076442718506
29917,229.69076442718506
29918,229.69076442718506
29919,229.69076442718506
29920,229.69076442718506
29921,229.69076442718506
29922,229.69076442718506
29923,229.69076442718506
29924,229.69076442718506
29925,229.69076442718506
29926,218.7921543121338
29927,218.7921543121338
29928,218.7921543121338
29929,229.7060251235962
29930,229.93029594421387
29931,229.93029594421387
29932,229.93029594421387
29933,240.82964992523193
29934,240.82964992523193
29935,240.82964992523193
29936,251.649995803833
29937,251.649995803833
29938,251.649995803833
29939,251.649995803833
29940,251.649995803833
29941,251.649995803833
29942,251.649995803833
29943,251.649995803833
29944,240.78587818145752
29945,240.78587818145752
29946,240.78587818145752
29947,240.78587818145752
29948,240.78587818145752
29949,240.78587818145752
29950,240.78587818145752
29951,240.78587818145752
29952,240.78587818145752
29953,240.8908462524414
29954,229.8908462524414
29955,229.8908462524414
29956,240.74818325042725
29957,240.74818325042725
29958,240.74818325042725
29959,240.74818325042725
29960,240.74818325042725
29961,229.77674865722656
29962,208.0356683731079
29963,197.1154260635376
29964,197.1154260635376
29965,197.1154260635376
29966,197.1154260635376
29967,197.1154260635376
29968,197.1154260635376
29969,197.1154260635376
29970,197.1154260635376
29971,197.1154260635376
29972,197.1154260635376
29973,197.1154260635376
29974,197.1154260635376
29975,197.1154260635376
29976,197.1154260635376
29977,208.10802745819092
29978,208.10802745819092
29979,208.10802745819092
29980,208.10802745819092
29981,208.10802745819092
29982,208.10802745819092
29983,208.10802745819092
29984,208.10802745819092
29985,208.10802745819092
29986,208.10802745819092
29987,219.00618839263916
29988,208.0529260635376
29989,208.0529260635376
29990,208.0529260635376
29991,208.0529260635376
29992,197.13497924804688
29993,197.13497924804688
29994,197.13497924804688
29995,197.13497924804688
29996,197.13497924804688
29997,186.1812343597412
29998,197.1396083831787
29999,197.1396083831787
30000,197.1396083831787
30001,197.1396083831787
30002,197.1396083831787
30003,197.1396083831787
30004,197.1396083831787
30005,197.1396083831787
30006,208.11405086517334
30007,208.11405086517334
30008,197.16017627716064
30009,197.16017627716064
30010,186.23308944702148
30011,186.2175464630127
30012,186.2175464630127
30013,186.2175464630127
30014,186.2175464630127
30015,186.2175464630127
30016,186.2175464630127
30017,186.2175464630127
30018,175.3036756515503
30019,164.3577527999878
30020,164.3577527999878
30021,164.3577527999878
30022,153.43243885040283
30023,153.43243885040283
30024,164.27338027954102
30025,175.25388431549072
30026,175.25388431549072
30027,175.25388431549072
30028,186.24717330932617
30029,186.24717330932617
30030,197.22391510009766
30031,197.22391510009766
30032,197.22391510009766
30033,197.22391510009766
30034,186.25207996368408
30035,186.25207996368408
30036,196.99995803833008
30037,196.99995803833008
30038,186.100604057312
30039,196.9784698486328
30040,207.6663360595703
30041,207.6663360595703
30042,207.6663360595703
30043,196.6964340209961
30044,196.6964340209961
30045,196.6964340209961
30046,207.63838386535645
30047,207.63838386535645
30048,196.66394138336182
30049,185.70912837982178
30050,185.70912837982178
30051,206.567458152771
30052,206.567458152771
30053,206.567458152771
30054,206.567458152771
30055,206.567458152771
30056,206.567458152771
30057,196.65068435668945
30058,196.65068435668945
30059,207.5874261856079
30060,207.5874261856079
30061,207.5874261856079
30062,196.68926525115967
30063,196.68926525115967
30064,185.78148555755615
30065,185.78148555755615
30066,185.78148555755615
30067,185.78148555755615
30068,185.78148555755615
30069,185.78148555755615
30070,185.78148555755615
30071,196.82594871520996
30072,197.09321784973145
30073,197.09321784973145
30074,197.09321784973145
30075,197.09321784973145
30076,197.09321784973145
30077,196.5516815185547
30078,196.5516815185547
30079,196.5516815185547
30080,196.5516815185547
30081,196.5516815185547
30082,196.5516815185547
30083,196.5516815185547
30084,185.7446804046631
30085,185.7446804046631
30086,185.7446804046631
30087,185.7446804046631
30088,185.7930965423584
30089,185.7930965423584
30090,185.7930965423584
30091,185.7930965423584
30092,185.7930965423584
30093,185.7930965423584
30094,175.35093688964844
30095,175.35093688964844
30096,175.35093688964844
30097,175.35093688964844
30098,175.35093688964844
30099,175.35093688964844
30100,175.35093688964844
30101,175.35093688964844
30102,175.35093688964844
30103,175.35093688964844
30104,175.35093688964844
30105,175.35093688964844
30106,175.35093688964844
30107,164.35833549499512
30108,142.48046970367432
30109,142.48046970367432
30110,142.48046970367432
30111,131.48892879486084
30112,131.48892879486084
30113,131.48892879486084
30114,131.48892879486084
30115,131.48892879486084
30116,131.48892879486084
30117,141.3900384902954
30118,141.3900384902954
30119,141.3900384902954
30120,141.3900384902954
30121,141.3900384902954
30122,141.3900384902954
30123,141.3900384902954
30124,141.3900384902954
30125,131.48892879486084
30126,131.48892879486084
30127,131.48892879486084
30128,131.48892879486084
30129,131.48892879486084
30130,131.48892879486084
30131,131.48892879486084
30132,131.48892879486084
30133,142.4725799560547
30134,131.53063011169434
30135,131.53063011169434
30136,120.55388832092285
30137,120.55388832092285
30138,109.59551429748535
30139,109.59551429748535
30140,109.59551429748535
30141,109.59551429748535
30142,109.59551429748535
30143,109.59551429748535
30144,109.59551429748535
30145,109.59551429748535
30146,109.59551429748535
30147,109.59551429748535
30148,109.59551429748535
30149,109.59551429748535
30150,109.59551429748535
30151,109.59551429748535
30152,109.59551429748535
30153,109.59551429748535
30154,98.61501026153564
30155,109.59572410583496
30156,98.62913703918457
30157,98.62913703918457
30158,98.62913703918457
30159,98.62913703918457
30160,98.62913703918457
30161,98.62913703918457
30162,98.62913703918457
30163,98.62913703918457
30164,98.62913703918457
30165,98.62913703918457
30166,98.62913703918457
30167,98.62913703918457
30168,98.62913703918457
30169,98.62913703918457
30170,98.62913703918457
30171,98.62913703918457
30172,98.62913703918457
30173,98.62913703918457
30174,98.62913703918457
30175,98.62913703918457
30176,98.62913703918457
30177,98.62913703918457
30178,98.62913703918457
30179,98.62913703918457
30180,98.62913703918457
30181,98.62913703918457
30182,87.69239521026611
30183,87.69239521026611
30184,76.80303764343262
30185,76.80303764343262
30186,76.80303764343262
30187,76.80303764343262
30188,76.80303764343262
30189,76.80303764343262
30190,76.80303764343262
30191,76.80303764343262
30192,65.83968544006348
30193,65.83968544006348
30194,65.83968544006348
30195,65.83968544006348
30196,65.83968544006348
30197,65.83968544006348
30198,76.76653099060059
30199,76.76653099060059
30200,87.76653099060059
30201,87.76653099060059
30202,87.76653099060059
30203,87.76653099060059
30204,87.76653099060059
30205,87.76653099060059
30206,87.76653099060059
30207,87.76653099060059
30208,98.74233436584473
30209,98.74233436584473
30210,98.74233436584473
30211,98.74233436584473
30212,87.75699424743652
30213,87.75699424743652
30214,87.75699424743652
30215,76.76370525360107
30216,76.76370525360107
30217,76.76370525360107
30218,65.8221492767334
30219,65.8221492767334
30220,65.8221492767334
30221,65.8221492767334
30222,65.8221492767334
30223,65.8221492767334
30224,65.8221492767334
30225,65.8221492767334
30226,65.8221492767334
30227,65.8221492767334
30228,65.8221492767334
30229,65.8221492767334
30230,65.8221492767334
30231,65.8221492767334
30232,65.8221492767334
30233,76.78719234466553
30234,76.78719234466553
30235,87.72284317016602
30236,87.72284317016602
30237,87.72284317016602
30238,87.72284317016602
30239,87.72284317016602
30240,87.72284317016602
30241,87.72284317016602
30242,87.72284317016602
30243,87.72284317016602
30244,87.72284317016602
30245,87.72284317016602
30246,87.72284317016602
30247,87.72284317016602
30248,87.72284317016602
30249,87.72284317016602
30250,87.72284317016602
30251,87.72284317016602
30252,87.72284317016602
30253,87.72284317016602
30254,87.72284317016602
30255,87.72284317016602
30256,87.72284317016602
30257,87.72284317016602
30258,87.72284317016602
30259,87.72284317016602
30260,87.72284317016602
30261,87.72284317016602
30262,87.72284317016602
30263,87.72284317016602
30264,87.72284317016602
30265,87.72284317016602
30266,87.72284317016602
30267,87.72284317016602
30268,87.72284317016602
30269,87.72284317016602
30270,87.72284317016602
30271,87.72284317016602
30272,87.72284317016602
30273,87.72284317016602
30274,87.72284317016602
30275,87.72284317016602
30276,98.67642974853516
30277,98.67642974853516
30278,98.67642974853516
30279,98.67642974853516
30280,98.67642974853516
30281,98.67642974853516
30282,87.74077892303467
30283,76.75712776184082
30284,76.75712776184082
30285,76.75712776184082
30286,76.75712776184082
30287,65.83028221130371
30288,65.83028221130371
30289,65.83028221130371
30290,76.23634719848633
30291,76.23634719848633
30292,65.23634719848633
30293,65.23634719848633
30294,65.23634719848633
30295,65.23634719848633
30296,65.23634719848633
30297,65.23634719848633
30298,65.23634719848633
30299,65.23634719848633
30300,65.23634719848633
30301,54.281211853027344
30302,54.281211853027344
30303,54.281211853027344
30304,54.281211853027344
30305,54.281211853027344
30306,43.87514686584473
30307,43.87514686584473
30308,43.87514686584473
30309,43.87514686584473
30310,43.87514686584473
30311,43.87514686584473
30312,43.87514686584473
30313,43.87514686584473
30314,43.87514686584473
30315,43.87514686584473
30316,43.87514686584473
30317,43.87514686584473
30318,43.87514686584473
30319,43.87514686584473
30320,43.87514686584473
30321,43.87514686584473
30322,43.87514686584473
30323,43.87514686584473
30324,32.921560287475586
30325,32.921560287475586
30326,32.921560287475586
30327,32.921560287475586
30328,32.921560287475586
30329,32.921560287475586
30330,32.921560287475586
30331,32.921560287475586
30332,32.921560287475586
30333,32.921560287475586
30334,32.921560287475586
30335,43.921560287475586
30336,43.921560287475586
30337,54.76522350311279
30338,54.76522350311279
30339,54.76522350311279
30340,54.76522350311279
30341,54.76522350311279
30342,54.76522350311279
30343,54.76522350311279
30344,54.76522350311279
30345,54.76522350311279
30346,54.76522350311279
30347,54.76522350311279
30348,54.76522350311279
30349,54.76522350311279
30350,65.72453212738037
30351,65.72453212738037
30352,65.72453212738037
30353,76.50848865509033
30354,76.50848865509033
30355,76.50848865509033
30356,76.50848865509033
30357,76.50848865509033
30358,65.66482543945312
30359,65.66482543945312
30360,65.66482543945312
30361,65.66482543945312
30362,65.66482543945312
30363,65.66482543945312
30364,65.66482543945312
30365,65.66482543945312
30366,65.66482543945312
30367,65.66482543945312
30368,65.66482543945312
30369,65.66482543945312
30370,65.66482543945312
30371,65.66482543945312
30372,65.66482543945312
30373,65.66482543945312
30374,65.66482543945312
30375,65.66482543945312
30376,65.66482543945312
30377,65.66482543945312
30378,65.66482543945312
30379,54.68411159515381
30380,54.68411159515381
30381,54.68411159515381
30382,54.68411159515381
30383,54.68411159515381
30384,54.68411159515381
30385,54.68411159515381
30386,54.68411159515381
30387,54.68411159515381
30388,54.68411159515381
30389,54.68411159515381
30390,43.71906852722168
30391,43.71906852722168
30392,43.71906852722168
30393,43.71906852722168
30394,43.71906852722168
30395,43.71906852722168
30396,43.71906852722168
30397,43.71906852722168
30398,43.71906852722168
30399,43.71906852722168
30400,32.93511199951172
30401,32.93511199951172
30402,32.93511199951172
30403,32.93511199951172
30404,32.93511199951172
30405,32.93511199951172
30406,32.93511199951172
30407,32.93511199951172
30408,32.93511199951172
30409,32.93511199951172
30410,32.93511199951172
30411,32.93511199951172
30412,32.93511199951172
30413,32.93511199951172
30414,32.93511199951172
30415,32.93511199951172
30416,32.93511199951172
30417,32.93511199951172
30418,32.93511199951172
30419,32.93511199951172
30420,32.93511199951172
30421,32.93511199951172
30422,32.93511199951172
30423,32.93511199951172
30424,32.93511199951172
30425,32.93511199951172
30426,32.93511199951172
30427,32.93511199951172
30428,32.93511199951172
30429,32.93511199951172
30430,32.93511199951172
30431,21.959308624267578
30432,21.959308624267578
30433,21.959308624267578
30434,21.959308624267578
30435,21.959308624267578
30436,21.959308624267578
30437,21.959308624267578
30438,21.959308624267578
30439,21.959308624267578
30440,21.959308624267578
30441,21.959308624267578
30442,21.959308624267578
30443,21.959308624267578
30444,21.959308624267578
30445,21.959308624267578
30446,21.959308624267578
30447,21.959308624267578
30448,21.959308624267578
30449,21.959308624267578
30450,21.959308624267578
30451,21.959308624267578
30452,21.959308624267578
30453,21.959308624267578
30454,21.959308624267578
30455,21.959308624267578
30456,21.959308624267578
30457,21.959308624267578
30458,21.959308624267578
30459,21.959308624267578
30460,21.959308624267578
30461,21.959308624267578
30462,21.959308624267578
30463,21.959308624267578
30464,21.959308624267578
30465,21.959308624267578
30466,21.959308624267578
30467,21.959308624267578
30468,21.959308624267578
30469,21.959308624267578
30470,21.959308624267578
30471,21.959308624267578
30472,21.959308624267578
30473,21.959308624267578
30474,21.959308624267578
30475,21.959308624267578
30476,0.0
30477,0.0
30478,0.0
30479,0.0
30480,0.0
30481,0.0
30482,0.0
30483,0.0
30484,0.0
30485,0.0
30486,0.0
30487,0.0
30488,0.0
30489,0.0
30490,0.0
30491,0.0
30492,0.0
30493,10.711030006408691
30494,10.711030006408691
30495,21.59517478942871
30496,21.59517478942871
30497,21.59517478942871
30498,21.59517478942871
30499,21.59517478942871
30500,21.59517478942871
30501,21.59517478942871
30502,21.59517478942871
30503,21.59517478942871
30504,21.59517478942871
30505,21.59517478942871
30506,21.59517478942871
30507,21.59517478942871
30508,21.59517478942871
30509,21.59517478942871
30510,21.59517478942871
30511,21.59517478942871
30512,21.59517478942871
30513,21.59517478942871
30514,21.59517478942871
30515,10.88414478302002
30516,10.88414478302002
30517,10.88414478302002
30518,10.88414478302002
30519,10.88414478302002
30520,10.88414478302002
30521,10.88414478302002
30522,10.88414478302002
30523,10.88414478302002
30524,10.88414478302002
30525,341.42714405059814
30526,341.42714405059814
30527,341.42714405059814
30528,341.42714405059814
30529,341.42714405059814
30530,341.42714405059814
30531,341.42714405059814
30532,341.42714405059814
30533,10.88414478302002
30534,10.88414478302002
30535,10.88414478302002
30536,10.88414478302002
30537,10.88414478302002
30538,10.88414478302002
30539,10.88414478302002
30540,10.88414478302002
30541,10.88414478302002
30542,10.88414478302002
30543,10.88414478302002
30544,10.88414478302002
30545,10.88414478302002
30546,10.88414478302002
30547,10.88414478302002
30548,10.88414478302002
30549,10.88414478302002
30550,10.88414478302002
30551,10.88414478302002
30552,10.88414478302002
30553,10.88414478302002
30554,10.88414478302002
30555,10.88414478302002
30556,10.88414478302002
30557,10.88414478302002
30558,10.88414478302002
30559,10.88414478302002
30560,10.88414478302002
30561,10.88414478302002
30562,10.88414478302002
30563,10.88414478302002
30564,10.88414478302002
30565,10.88414478302002
30566,10.88414478302002
30567,10.88414478302002
30568,10.88414478302002
30569,10.88414478302002
30570,10.88414478302002
30571,10.88414478302002
30572,10.88414478302002
30573,0.0
30574,0.0
30575,0.0
30576,10.7457857131958
30577,10.7457857131958
30578,10.7457857131958
30579,10.7457857131958
30580,10.7457857131958
30581,21.622970581054688
30582,21.622970581054688
30583,21.622970581054688
30584,21.622970581054688
30585,21.622970581054688
30586,21.622970581054688
30587,21.622970581054688
30588,21.622970581054688
30589,21.622970581054688
30590,21.622970581054688
30591,21.622970581054688
30592,21.622970581054688
30593,21.622970581054688
30594,21.622970581054688
30595,21.622970581054688
30596,32.60090160369873
30597,32.60090160369873
30598,32.60090160369873
30599,32.60090160369873
30600,32.60090160369873
30601,32.60090160369873
30602,32.60090160369873
30603,32.60090160369873
30604,32.60090160369873
30605,32.60090160369873
30606,32.60090160369873
30607,32.60090160369873
30608,21.85511589050293
30609,21.85511589050293
30610,21.85511589050293
30611,21.85511589050293
30612,21.85511589050293
30613,21.85511589050293
30614,21.85511589050293
30615,21.85511589050293
30616,21.85511589050293
30617,21.85511589050293
30618,21.85511589050293
30619,32.852280616760254
30620,32.852280616760254
30621,32.852280616760254
30622,32.852280616760254
30623,32.852280616760254
30624,32.852280616760254
30625,32.852280616760254
30626,32.852280616760254
30627,32.852280616760254
30628,32.852280616760254
30629,32.852280616760254
30630,32.852280616760254
30631,32.852280616760254
30632,32.852280616760254
30633,32.852280616760254
30634,32.852280616760254
30635,32.852280616760254
30636,32.852280616760254
30637,32.852280616760254
30638,32.852280616760254
30639,32.852280616760254
30640,32.852280616760254
30641,32.852280616760254
30642,32.852280616760254
30643,32.852280616760254
30644,32.852280616760254
30645,32.852280616760254
30646,32.852280616760254
30647,32.852280616760254
30648,32.852280616760254
30649,32.852280616760254
30650,32.852280616760254
30651,32.852280616760254
30652,32.852280616760254
30653,32.852280616760254
30654,32.852280616760254
30655,32.852280616760254
30656,32.852280616760254
30657,32.852280616760254
30658,32.852280616760254
30659,32.852280616760254
30660,32.852280616760254
30661,32.852280616760254
30662,32.852280616760254
30663,32.852280616760254
30664,21.975095748901367
30665,32.93367576599121
30666,32.93367576599121
30667,32.93367576599121
30668,32.93367576599121
30669,32.93367576599121
30670,32.93367576599121
30671,32.93367576599121
30672,32.93367576599121
30673,32.93367576599121
30674,32.93367576599121
30675,32.93367576599121
30676,32.93367576599121
30677,32.93367576599121
30678,32.93367576599121
30679,32.93367576599121
30680,32.93367576599121
30681,32.93367576599121
30682,32.93367576599121
30683,32.93367576599121
30684,32.93367576599121
30685,32.93367576599121
30686,32.93367576599121
30687,32.93367576599121
30688,32.93367576599121
30689,43.93367576599121
30690,43.93367576599121
30691,43.93367576599121
30692,43.93367576599121
30693,43.93367576599121
30694,43.93367576599121
30695,43.93367576599121
30696,43.93367576599121
30697,43.93367576599121
30698,43.93367576599121
30699,43.93367576599121
30700,43.93367576599121
30701,43.93367576599121
30702,43.93367576599121
30703,43.93367576599121
30704,43.93367576599121
30705,43.93367576599121
30706,43.93367576599121
30707,43.93367576599121
30708,43.93367576599121
30709,43.93367576599121
30710,43.93367576599121
30711,43.93367576599121
30712,43.93367576599121
30713,43.93367576599121
30714,43.93367576599121
30715,43.93367576599121
30716,43.93367576599121
30717,43.93367576599121
30718,43.93367576599121
30719,43.93367576599121
30720,43.93367576599121
30721,43.93367576599121
30722,43.93367576599121
30723,43.93367576599121
30724,43.93367576599121
30725,43.93367576599121
30726,43.93367576599121
30727,43.93367576599121
30728,43.93367576599121
30729,43.93367576599121
30730,43.93367576599121
30731,43.93367576599121
30732,43.93367576599121
30733,54.85034370422363
30734,54.85034370422363
30735,54.85034370422363
30736,54.85034370422363
30737,54.85034370422363
30738,54.85034370422363
30739,54.85034370422363
30740,54.85034370422363
30741,54.85034370422363
30742,54.85034370422363
30743,54.85034370422363
30744,54.85034370422363
30745,54.85034370422363
30746,54.85034370422363
30747,54.85034370422363
30748,54.85034370422363
30749,54.85034370422363
30750,54.85034370422363
30751,54.85034370422363
30752,54.85034370422363
30753,54.85034370422363
30754,54.85034370422363
30755,54.85034370422363
30756,54.85034370422363
30757,54.85034370422363
30758,54.85034370422363
30759,43.87241268157959
30760,43.87241268157959
30761,43.87241268157959
30762,43.87241268157959
30763,43.87241268157959
30764,43.87241268157959
30765,43.87241268157959
30766,43.87241268157959
30767,43.87241268157959
30768,43.87241268157959
30769,43.87241268157959
30770,43.87241268157959
30771,43.87241268157959
30772,43.87241268157959
30773,43.87241268157959
30774,43.87241268157959
30775,43.87241268157959
30776,43.87241268157959
30777,43.87241268157959
30778,43.87241268157959
30779,43.87241268157959
30780,43.87241268157959
30781,43.87241268157959
30782,43.87241268157959
30783,43.87241268157959
30784,43.87241268157959
30785,54.87241268157959
30786,64.6109676361084
30787,64.6109676361084
30788,64.6109676361084
30789,64.6109676361084
30790,64.6109676361084
30791,64.6109676361084
30792,75.59644317626953
30793,75.59644317626953
30794,65.85788822174072
30795,65.85788822174072
30796,65.85788822174072
30797,65.85788822174072
30798,65.85788822174072
30799,76.81943798065186
30800,76.81943798065186
30801,374.5772981643677
30802,374.5772981643677
30803,385.3952293395996
30804,76.62099552154541
30805,76.62099552154541
30806,87.54532527923584
30807,87.54532527923584
30808,87.54532527923584
30809,87.54532527923584
30810,98.50850200653076
30811,98.50850200653076
30812,98.50850200653076
30813,98.50850200653076
30814,98.50850200653076
30815,98.50850200653076
30816,98.50850200653076
30817,98.50850200653076
30818,98.50850200653076
30819,109.4977912902832
30820,109.4977912902832
30821,109.4977912902832
30822,109.4977912902832
30823,109.4977912902832
30824,109.4977912902832
30825,109.4977912902832
30826,120.42642402648926
30827,120.42642402648926
30828,131.2925271987915
30829,131.2925271987915
30830,131.2925271987915
30831,131.2925271987915
30832,131.2925271987915
30833,131.2925271987915
30834,131.2925271987915
30835,131.2925271987915
30836,131.2925271987915
30837,131.2925271987915
30838,120.2925271987915
30839,120.2925271987915
30840,120.2925271987915
30841,120.2925271987915
30842,120.2925271987915
30843,120.2925271987915
30844,120.2925271987915
30845,131.17849922180176
30846,120.19302368164062
30847,120.19302368164062
30848,120.19302368164062
30849,120.19302368164062
30850,120.19302368164062
30851,109.37509250640869
30852,109.37509250640869
30853,109.37509250640869
30854,109.37509250640869
30855,109.37509250640869
30856,109.37509250640869
30857,109.37509250640869
30858,109.37509250640869
30859,109.37509250640869
30860,109.37509250640869
30861,109.37509250640869
30862,109.37509250640869
30863,120.31534576416016
30864,120.31534576416016
30865,120.31534576416016
30866,109.41788673400879
30867,98.45471000671387
30868,98.45471000671387
30869,98.45471000671387
30870,98.45471000671387
30871,87.56873798370361
30872,87.56873798370361
30873,87.56873798370361
30874,87.56873798370361
30875,98.43939971923828
30876,98.43939971923828
30877,109.43113613128662
30878,120.24264717102051
30879,120.24264717102051
30880,120.24264717102051
30881,120.24264717102051
30882,120.24264717102051
30883,120.24264717102051
30884,120.24264717102051
30885,120.24264717102051
30886,120.24264717102051
30887,120.24264717102051
30888,109.31831741333008
30889,109.31831741333008
30890,109.31831741333008
30891,109.31831741333008
30892,109.31831741333008
30893,109.31831741333008
30894,109.31831741333008
30895,109.31831741333008
30896,109.31831741333008
30897,109.33837127685547
30898,98.37979125976562
30899,98.37979125976562
30900,98.37979125976562
30901,98.37979125976562
30902,98.37979125976562
30903,98.37979125976562
30904,98.37979125976562
30905,98.37979125976562
30906,109.0365400314331
30907,109.0365400314331
30908,119.96931743621826
30909,119.96931743621826
30910,119.96931743621826
30911,119.96931743621826
30912,119.96931743621826
30913,119.96931743621826
30914,119.96931743621826
30915,109.00776767730713
30916,98.07913494110107
30917,98.07913494110107
30918,98.07913494110107
30919,109.03862190246582
30920,109.03862190246582
30921,109.03862190246582
30922,120.02000522613525
30923,120.02000522613525
30924,109.14934349060059
30925,109.14934349060059
30926,109.14934349060059
30927,120.12009239196777
30928,120.12009239196777
30929,120.12009239196777
30930,120.12009239196777
30931,120.12009239196777
30932,120.12009239196777
30933,120.12009239196777
30934,120.12009239196777
30935,120.12009239196777
30936,109.6518325805664
30937,109.6518325805664
30938,109.6518325805664
30939,109.6518325805664
30940,109.6518325805664
30941,120.58586120605469
30942,131.52871322631836
30943,131.52871322631836
30944,131.52871322631836
30945,131.52871322631836
30946,131.52871322631836
30947,131.52871322631836
30948,142.52764701843262
30949,142.52764701843262
30950,142.52764701843262
30951,131.52764701843262
30952,131.52764701843262
30953,131.52764701843262
30954,131.52764701843262
30955,131.52764701843262
30956,131.52764701843262
30957,131.52764701843262
30958,142.36794757843018
30959,142.36794757843018
30960,142.36794757843018
30961,142.36794757843018
30962,142.36794757843018
30963,142.36794757843018
30964,142.36794757843018
30965,142.36794757843018
30966,142.36794757843018
30967,142.40846061706543
30968,153.33679962158203
30969,164.28061389923096
30970,164.28061389923096
30971,175.06232929229736
30972,175.06232929229736
30973,175.06232929229736
30974,175.06232929229736
30975,175.06232929229736
30976,175.06232929229736
30977,175.06232929229736
30978,175.06232929229736
30979,175.06232929229736
30980,175.06232929229736
30981,175.06232929229736
30982,186.0053424835205
30983,196.95053100585938
30984,186.06437397003174
30985,186.06437397003174
30986,186.06437397003174
30987,186.06437397003174
30988,186.06437397003174
30989,186.06437397003174
30990,186.06437397003174
30991,186.06437397003174
30992,186.06437397003174
30993,196.8507137298584
30994,185.86142444610596
30995,185.86142444610596
30996,185.86142444610596
30997,185.86142444610596
30998,185.86142444610596
30999,185.86142444610596
31000,185.86142444610596
31001,174.9211711883545
31002,174.9211711883545
31003,174.9211711883545
31004,174.9211711883545
31005,163.98839378356934
31006,142.20427894592285
31007,142.20427894592285
31008,142.20427894592285
31009,153.05116367340088
31010,153.05116367340088
31011,153.05116367340088
31012,163.97316360473633
31013,163.97316360473633
31014,153.19144821166992
31015,153.19144821166992
31016,153.19144821166992
31017,153.19144821166992
31018,153.19144821166992
31019,164.1452989578247
31020,164.1452989578247
31021,164.1452989578247
31022,175.09734058380127
31023,175.09734058380127
31024,175.09734058380127
31025,175.09734058380127
31026,175.09734058380127
31027,175.09734058380127
31028,175.09734058380127
31029,164.16900157928467
31030,164.16900157928467
31031,164.16900157928467
31032,164.16900157928467
31033,163.91868019104004
31034,163.91868019104004
31035,163.91868019104004
31036,174.84361839294434
31037,174.84361839294434
31038,163.90076637268066
31039,163.90076637268066
31040,163.90076637268066
31041,163.90076637268066
31042,164.08167934417725
31043,164.08167934417725
31044,164.08167934417725
31045,164.08167934417725
31046,175.01386070251465
31047,175.01386070251465
31048,185.9095697402954
31049,185.9095697402954
31050,185.9095697402954
31051,185.9095697402954
31052,186.1114616394043
31053,186.1114616394043
31054,186.1114616394043
31055,175.1576108932495
31056,175.127423286438
31057,175.127423286438
31058,175.127423286438
31059,186.04462814331055
31060,186.04462814331055
31061,186.04462814331055
31062,186.04462814331055
31063,186.04462814331055
31064,186.04462814331055
31065,186.04462814331055
31066,196.79825401306152
31067,196.79825401306152
31068,196.79825401306152
31069,196.79825401306152
31070,196.79825401306152
31071,196.79825401306152
31072,196.79825401306152
31073,196.79825401306152
31074,196.79825401306152
31075,185.87625408172607
31076,185.87625408172607
31077,175.02936935424805
31078,175.02936935424805
31079,175.02936935424805
31080,175.02936935424805
31081,175.02936935424805
31082,175.02936935424805
31083,175.02936935424805
31084,164.0479860305786
31085,164.0479860305786
31086,164.0479860305786
31087,164.0479860305786
31088,164.0479860305786
31089,164.0479860305786
31090,164.0479860305786
31091,164.0479860305786
31092,164.0479860305786
31093,153.11395740509033
31094,142.18177604675293
31095,142.18177604675293
31096,142.18177604675293
31097,142.18177604675293
31098,142.18177604675293
31099,153.05814456939697
31100,153.05814456939697
31101,153.05814456939697
31102,142.13320636749268
31103,131.14146995544434
31104,131.14146995544434
31105,131.14146995544434
31106,120.38784408569336
31107,120.38784408569336
31108,131.36650848388672
31109,142.3289337158203
31110,153.32283687591553
31111,153.32283687591553
31112,164.32283687591553
31113,153.42712783813477
31114,153.42712783813477
31115,153.42712783813477
31116,142.42712783813477
31117,153.40612030029297
31118,153.40612030029297
31119,142.46310710906982
31120,142.46310710906982
31121,142.46310710906982
31122,142.46310710906982
31123,142.46310710906982
31124,142.46310710906982
31125,153.24950981140137
31126,153.22132396697998
31127,153.22132396697998
31128,153.22132396697998
31129,142.2761354446411
31130,142.2761354446411
31131,142.2761354446411
31132,142.2761354446411
31133,142.2761354446411
31134,142.2761354446411
31135,142.2761354446411
31136,142.2761354446411
31137,153.17914962768555
31138,153.17914962768555
31139,153.17914962768555
31140,142.20840072631836
31141,153.20840072631836
31142,153.20840072631836
31143,153.20840072631836
31144,153.20840072631836
31145,164.20085430145264
31146,164.20085430145264
31147,164.20085430145264
31148,153.2336015701294
31149,153.2336015701294
31150,153.2336015701294
31151,153.2336015701294
31152,153.2336015701294
31153,153.14123821258545
31154,153.14123821258545
31155,502.9142484664917
31156,502.9142484664917
31157,513.8705978393555
31158,513.8705978393555
31159,513.8705978393555
31160,164.09758758544922
31161,175.0799160003662
31162,175.0799160003662
31163,175.0799160003662
31164,175.0799160003662
31165,164.12787437438965
31166,164.12787437438965
31167,164.32989597320557
31168,164.32989597320557
31169,164.44712734222412
31170,164.44712734222412
31171,164.44712734222412
31172,164.44712734222412
31173,164.44712734222412
31174,164.44712734222412
31175,175.36041831970215
31176,186.3511619567871
31177,186.3511619567871
31178,175.43395709991455
31179,175.43395709991455
31180,175.43395709991455
31181,175.43395709991455
31182,175.43395709991455
31183,175.43395709991455
31184,175.43395709991455
31185,175.43395709991455
31186,175.43395709991455
31187,186.38994216918945
31188,186.38994216918945
31189,175.43943786621094
31190,175.43943786621094
31191,175.43943786621094
31192,175.43943786621094
31193,175.43943786621094
31194,186.3915033340454
31195,186.3915033340454
31196,186.3915033340454
31197,197.35648918151855
31198,197.35648918151855
31199,197.35648918151855
31200,186.45347499847412
31201,186.45347499847412
31202,186.45347499847412
31203,186.45347499847412
31204,186.45347499847412
31205,186.45347499847412
31206,186.45347499847412
31207,175.48366260528564
31208,175.48366260528564
31209,175.48366260528564
31210,175.48366260528564
31211,186.4798002243042
31212,186.4798002243042
31213,186.4798002243042
31214,186.4798002243042
31215,186.4798002243042
31216,175.500807762146
31217,175.500807762146
31218,175.500807762146
31219,175.500807762146
31220,175.500807762146
31221,175.500807762146
31222,175.500807762146
31223,175.500807762146
31224,175.500807762146
31225,175.500807762146
31226,175.500807762146
31227,175.500807762146
31228,175.500807762146
31229,175.500807762146
31230,175.500807762146
31231,186.48029804229736
31232,186.48029804229736
31233,186.48029804229736
31234,186.48029804229736
31235,186.48029804229736
31236,186.48029804229736
31237,208.41610050201416
31238,219.20927810668945
31239,219.20927810668945
31240,219.20927810668945
31241,219.20927810668945
31242,219.20927810668945
31243,219.20927810668945
31244,219.20927810668945
31245,219.20927810668945
31246,219.20927810668945
31247,219.20927810668945
31248,219.20927810668945
31249,219.20927810668945
31250,219.20927810668945
31251,219.20927810668945
31252,219.20927810668945
31253,219.20927810668945
31254,219.20927810668945
31255,219.20927810668945
31256,219.20927810668945
31257,219.20927810668945
31258,219.20927810668945
31259,208.2306137084961
31260,208.2306137084961
31261,208.2306137084961
31262,197.32907390594482
31263,197.32907390594482
31264,197.32907390594482
31265,197.32907390594482
31266,186.4157829284668
31267,186.4157829284668
31268,186.4157829284668
31269,186.4157829284668
31270,186.4157829284668
31271,186.4157829284668
31272,186.4157829284668
31273,175.42503929138184
31274,175.42503929138184
31275,175.42503929138184
31276,164.42503929138184
31277,164.42503929138184
31278,164.42503929138184
31279,164.42503929138184
31280,164.42503929138184
31281,164.42503929138184
31282,164.42503929138184
31283,164.42503929138184
31284,164.42503929138184
31285,164.42503929138184
31286,164.42503929138184
31287,164.42503929138184
31288,153.63186168670654
31289,164.51239490509033
31290,142.60434436798096
31291,142.60434436798096
31292,142.60434436798096
31293,142.60434436798096
31294,153.60434436798096
31295,153.60434436798096
31296,153.60434436798096
31297,153.60434436798096
31298,164.60434436798096
31299,164.60434436798096
31300,175.59376049041748
31301,175.59376049041748
31302,175.59376049041748
31303,175.59376049041748
31304,175.59376049041748
31305,175.59376049041748
31306,175.59376049041748
31307,186.59376049041748
31308,186.59376049041748
31309,186.59376049041748
31310,175.59376049041748
31311,175.59376049041748
31312,164.6334981918335
31313,153.65400791168213
31314,153.65400791168213
31315,153.65400791168213
31316,153.65400791168213
31317,164.59850788116455
31318,164.59850788116455
31319,164.59850788116455
31320,164.59850788116455
31321,153.71797466278076
31322,153.71797466278076
31323,153.71797466278076
31324,153.71797466278076
31325,153.71797466278076
31326,142.75554943084717
31327,142.75554943084717
31328,142.75554943084717
31329,142.75554943084717
31330,142.74309158325195
31331,142.74309158325195
31332,142.74309158325195
31333,142.74309158325195
31334,142.74309158325195
31335,142.74309158325195
31336,142.76076698303223
31337,142.76076698303223
31338,142.76076698303223
31339,142.76076698303223
31340,142.76076698303223
31341,142.76076698303223
31342,142.76076698303223
31343,142.76076698303223
31344,131.77234268188477
31345,142.77234268188477
31346,142.77234268188477
31347,142.77234268188477
31348,142.77234268188477
31349,142.77234268188477
31350,142.77234268188477
31351,153.61476230621338
31352,153.61476230621338
31353,142.61476230621338
31354,153.5657787322998
31355,153.5657787322998
31356,153.5657787322998
31357,153.5657787322998
31358,153.5657787322998
31359,153.5657787322998
31360,153.5657787322998
31361,153.5657787322998
31362,153.5657787322998
31363,153.5657787322998
31364,153.5657787322998
31365,153.5657787322998
31366,153.5657787322998
31367,142.590238571167
31368,142.590238571167
31369,142.590238571167
31370,142.590238571167
31371,153.57969760894775
31372,153.57969760894775
31373,153.57969760894775
31374,153.57969760894775
31375,153.57969760894775
31376,153.53318214416504
31377,153.53318214416504
31378,142.58868217468262
31379,142.58868217468262
31380,142.58868217468262
31381,153.5145616531372
31382,164.5145616531372
31383,153.52210807800293
31384,153.52210807800293
31385,153.52210807800293
31386,153.52210807800293
31387,142.56575870513916
31388,142.56575870513916
31389,142.56575870513916
31390,142.56575870513916
31391,142.56575870513916
31392,153.53857517242432
31393,153.53857517242432
31394,153.53857517242432
31395,142.53857517242432
31396,142.53857517242432
31397,153.5358304977417
31398,153.5358304977417
31399,153.5358304977417
31400,153.5358304977417
31401,153.5358304977417
31402,153.5358304977417
31403,153.5358304977417
31404,164.4357852935791
31405,164.4357852935791
31406,164.4357852935791
31407,164.4357852935791
31408,164.4357852935791
31409,164.4357852935791
31410,153.4357852935791
31411,153.4357852935791
31412,153.4357852935791
31413,142.5933656692505
31414,142.5933656692505
31415,142.5933656692505
31416,142.5933656692505
31417,142.5933656692505
31418,131.60390663146973
31419,131.60390663146973
31420,131.60390663146973
31421,131.60390663146973
31422,109.61030673980713
31423,98.65095043182373
31424,98.65095043182373
31425,98.65095043182373
31426,98.65095043182373
31427,109.65043640136719
31428,109.65043640136719
31429,109.65043640136719
31430,109.65043640136719
31431,109.65043640136719
31432,109.65043640136719
31433,109.65043640136719
31434,109.65043640136719
31435,109.65043640136719
31436,109.65043640136719
31437,109.65043640136719
31438,120.64274406433105
31439,131.64274406433105
31440,120.66008281707764
31441,131.35501194000244
31442,120.40399551391602
31443,120.40399551391602
31444,120.40399551391602
31445,120.40399551391602
31446,120.40399551391602
31447,120.40399551391602
31448,120.40399551391602
31449,120.40399551391602
31450,109.41457939147949
31451,109.41457939147949
31452,109.41457939147949
31453,109.41457939147949
31454,109.41457939147949
31455,109.41457939147949
31456,109.41457939147949
31457,109.41457939147949
31458,120.29553031921387
31459,120.29553031921387
31460,120.29553031921387
31461,120.29553031921387
31462,109.39557552337646
31463,109.39557552337646
31464,109.39557552337646
31465,120.31866836547852
31466,120.31866836547852
31467,120.31866836547852
31468,120.31866836547852
31469,109.32253074645996
31470,120.1504898071289
31471,120.1504898071289
31472,109.4555606842041
31473,109.4555606842041
31474,109.4555606842041
31475,109.4555606842041
31476,109.4555606842041
31477,109.4555606842041
31478,109.4555606842041
31479,109.4555606842041
31480,109.4555606842041
31481,98.51974773406982
31482,98.51974773406982
31483,98.51974773406982
31484,98.51974773406982
31485,98.51974773406982
31486,98.51974773406982
31487,98.51974773406982
31488,98.51974773406982
31489,98.51974773406982
31490,98.51974773406982
31491,98.51974773406982
31492,98.51974773406982
31493,98.51974773406982
31494,98.51974773406982
31495,98.51974773406982
31496,98.51974773406982
31497,87.59386825561523
31498,87.59386825561523
31499,87.59386825561523
31500,87.59386825561523
31501,87.59386825561523
31502,87.59386825561523
31503,98.42512226104736
31504,98.42512226104736
31505,98.42512226104736
31506,98.42512226104736
31507,98.42512226104736
31508,98.42512226104736
31509,98.42512226104736
31510,98.42512226104736
31511,98.42512226104736
31512,98.42512226104736
31513,98.42512226104736
31514,98.42512226104736
31515,98.42512226104736
31516,98.42512226104736
31517,98.42512226104736
31518,98.42512226104736
31519,109.28332996368408
31520,109.28332996368408
31521,109.28332996368408
31522,87.29153633117676
31523,87.29153633117676
31524,87.29153633117676
31525,87.29153633117676
31526,76.46357727050781
31527,65.58262634277344
31528,65.58262634277344
31529,65.58262634277344
31530,65.38329315185547
31531,65.38329315185547
31532,65.38329315185547
31533,65.38329315185547
31534,65.38329315185547
31535,65.38329315185547
31536,65.38329315185547
31537,65.38329315185547
31538,54.55203914642334
31539,43.55478382110596
31540,43.55478382110596
31541,43.55478382110596
31542,43.55478382110596
31543,43.55478382110596
31544,43.55478382110596
31545,43.55478382110596
31546,43.55478382110596
31547,32.754117012023926
31548,43.742523193359375
31549,54.65590476989746
31550,54.65590476989746
31551,54.65590476989746
31552,54.65590476989746
31553,54.65590476989746
31554,54.65590476989746
31555,54.65590476989746
31556,54.65590476989746
31557,54.65590476989746
31558,43.79769706726074
31559,43.79769706726074
31560,43.79769706726074
31561,43.79769706726074
31562,43.79769706726074
31563,54.748788833618164
31564,54.748788833618164
31565,54.748788833618164
31566,54.748788833618164
31567,54.748788833618164
31568,54.748788833618164
31569,43.77597236633301
31570,43.77597236633301
31571,43.77597236633301
31572,43.77597236633301
31573,43.77597236633301
31574,43.77597236633301
31575,43.77597236633301
31576,43.77597236633301
31577,43.77597236633301
31578,43.77597236633301
31579,43.77597236633301
31580,43.77597236633301
31581,43.77597236633301
31582,43.77597236633301
31583,43.77597236633301
31584,43.77597236633301
31585,43.77597236633301
31586,32.85287952423096
31587,32.85287952423096
31588,32.85287952423096
31589,32.85287952423096
31590,32.85287952423096
31591,32.85287952423096
31592,32.85287952423096
31593,32.85287952423096
31594,32.85287952423096
31595,32.85287952423096
31596,32.85287952423096
31597,32.85287952423096
31598,43.52362632751465
31599,43.52362632751465
31600,43.52362632751465
31601,43.52362632751465
31602,43.52362632751465
31603,43.52362632751465
31604,43.52362632751465
31605,43.52362632751465
31606,43.52362632751465
31607,43.52362632751465
31608,43.52362632751465
31609,43.52362632751465
31610,43.52362632751465
31611,43.52362632751465
31612,43.52362632751465
31613,43.52362632751465
31614,43.52362632751465
31615,43.52362632751465
31616,43.52362632751465
31617,43.52362632751465
31618,43.52362632751465
31619,43.52362632751465
31620,43.52362632751465
31621,43.753729820251465
31622,43.753729820251465
31623,43.753729820251465
31624,43.753729820251465
31625,43.753729820251465
31626,43.753729820251465
31627,43.753729820251465
31628,43.753729820251465
31629,43.753729820251465
31630,43.753729820251465
31631,54.72550868988037
31632,54.72550868988037
31633,54.72550868988037
31634,65.63181591033936
31635,65.63181591033936
31636,65.63181591033936
31637,65.63181591033936
31638,65.63181591033936
31639,65.63181591033936
31640,65.63181591033936
31641,65.63181591033936
31642,65.63181591033936
31643,65.63181591033936
31644,76.5808277130127
31645,76.5808277130127
31646,76.5808277130127
31647,76.5808277130127
31648,76.5808277130127
31649,76.5808277130127
31650,76.5808277130127
31651,76.5808277130127
31652,76.5808277130127
31653,76.5808277130127
31654,76.5808277130127
31655,76.5808277130127
31656,76.5808277130127
31657,76.5808277130127
31658,76.5808277130127
31659,76.5808277130127
31660,76.5808277130127
31661,76.5808277130127
31662,76.5808277130127
31663,76.5808277130127
31664,76.5808277130127
31665,76.5808277130127
31666,65.67997741699219
31667,65.67997741699219
31668,65.67997741699219
31669,54.7736701965332
31670,43.86028861999512
31671,43.86028861999512
31672,43.86028861999512
31673,43.86028861999512
31674,43.86028861999512
31675,43.86028861999512
31676,43.86028861999512
31677,43.86028861999512
31678,43.86028861999512
31679,43.86028861999512
31680,43.86028861999512
31681,43.86028861999512
31682,43.86028861999512
31683,43.86028861999512
31684,43.86028861999512
31685,43.86028861999512
31686,43.86028861999512
31687,43.86028861999512
31688,43.86028861999512
31689,32.87188243865967
31690,32.87188243865967
31691,32.87188243865967
31692,32.87188243865967
31693,32.87188243865967
31694,32.87188243865967
31695,32.87188243865967
31696,32.87188243865967
31697,32.87188243865967
31698,32.87188243865967
31699,32.87188243865967
31700,32.87188243865967
31701,32.87188243865967
31702,32.87188243865967
31703,32.87188243865967
31704,32.87188243865967
31705,32.87188243865967
31706,32.87188243865967
31707,32.87188243865967
31708,32.87188243865967
31709,32.87188243865967
31710,32.87188243865967
31711,32.87188243865967
31712,32.87188243865967
31713,21.920790672302246
31714,21.920790672302246
31715,21.920790672302246
31716,21.920790672302246
31717,21.920790672302246
31718,21.920790672302246
31719,21.920790672302246
31720,21.920790672302246
31721,21.920790672302246
31722,21.920790672302246
31723,21.920790672302246
31724,21.920790672302246
31725,21.920790672302246
31726,21.920790672302246
31727,21.920790672302246
31728,21.920790672302246
31729,21.920790672302246
31730,21.920790672302246
31731,21.920790672302246
31732,21.920790672302246
31733,21.920790672302246
31734,21.920790672302246
31735,10.971778869628906
31736,10.971778869628906
31737,10.971778869628906
31738,10.971778869628906
31739,10.971778869628906
31740,10.971778869628906
31741,10.971778869628906
31742,10.971778869628906
31743,10.971778869628906
31744,10.971778869628906
31745,10.971778869628906
31746,10.971778869628906
31747,10.971778869628906
31748,10.971778869628906
31749,10.971778869628906
31750,10.971778869628906
31751,10.971778869628906
31752,10.971778869628906
31753,10.971778869628906
31754,10.971778869628906
31755,10.971778869628906
31756,10.971778869628906
31757,10.971778869628906
31758,10.971778869628906
31759,10.971778869628906
31760,10.971778869628906
31761,10.971778869628906
31762,10.971778869628906
31763,10.971778869628906
31764,10.971778869628906
31765,10.971778869628906
31766,10.971778869628906
31767,10.971778869628906
31768,10.971778869628906
31769,10.971778869628906
31770,10.971778869628906
31771,21.915841102600098
31772,21.915841102600098
31773,21.915841102600098
31774,21.915841102600098
31775,21.915841102600098
31776,10.944062232971191
31777,10.944062232971191
31778,10.944062232971191
31779,10.944062232971191
31780,10.944062232971191
31781,10.944062232971191
31782,10.944062232971191
31783,10.944062232971191
31784,10.944062232971191
31785,10.944062232971191
31786,10.944062232971191
31787,10.944062232971191
31788,10.944062232971191
31789,10.944062232971191
31790,10.944062232971191
31791,10.944062232971191
31792,10.944062232971191
31793,10.944062232971191
31794,10.944062232971191
31795,10.944062232971191
31796,10.944062232971191
31797,10.944062232971191
31798,10.944062232971191
31799,10.944062232971191
31800,10.944062232971191
31801,10.944062232971191
31802,10.944062232971191
31803,10.944062232971191
31804,10.944062232971191
31805,10.944062232971191
31806,10.944062232971191
31807,10.944062232971191
31808,10.944062232971191
31809,10.944062232971191
31810,10.944062232971191
31811,10.944062232971191
31812,10.944062232971191
31813,10.944062232971191
31814,10.944062232971191
31815,10.944062232971191
31816,10.944062232971191
31817,0.0
31818,0.0
31819,0.0
31820,0.0
31821,0.0
31822,0.0
31823,0.0
31824,0.0
31825,0.0
31826,0.0
31827,0.0
31828,0.0
31829,0.0
31830,0.0
31831,0.0
31832,0.0
31833,0.0
31834,0.0
31835,0.0
31836,0.0
31837,0.0
31838,0.0
31839,0.0
31840,0.0
31841,0.0
31842,0.0
31843,0.0
31844,0.0
31845,0.0
31846,0.0
31847,0.0
31848,0.0
31849,0.0
31850,0.0
31851,0.0
31852,0.0
31853,0.0
31854,0.0
31855,0.0
31856,0.0
31857,0.0
31858,0.0
31859,0.0
31860,0.0
31861,0.0
31862,0.0
31863,0.0
31864,0.0
31865,0.0
31866,0.0
31867,0.0
31868,0.0
31869,0.0
31870,0.0
31871,0.0
31872,0.0
31873,0.0
31874,0.0
31875,0.0
31876,0.0
31877,0.0
31878,0.0
31879,0.0
31880,0.0
31881,0.0
31882,0.0
31883,0.0
31884,0.0
31885,0.0
31886,0.0
31887,0.0
31888,0.0
31889,0.0
31890,0.0
31891,0.0
31892,0.0
31893,0.0
31894,0.0
31895,0.0
31896,0.0
31897,0.0
31898,0.0
31899,0.0
31900,0.0
31901,0.0
31902,0.0
31903,0.0
31904,0.0
31905,0.0
31906,0.0
31907,10.959477424621582
31908,10.959477424621582
31909,10.959477424621582
31910,10.959477424621582
31911,10.959477424621582
31912,10.959477424621582
31913,10.959477424621582
31914,10.959477424621582
31915,10.959477424621582
31916,10.959477424621582
31917,10.959477424621582
31918,10.959477424621582
31919,10.959477424621582
31920,10.959477424621582
31921,10.959477424621582
31922,10.959477424621582
31923,10.959477424621582
31924,10.959477424621582
31925,10.959477424621582
31926,10.959477424621582
31927,10.959477424621582
31928,10.959477424621582
31929,10.959477424621582
31930,10.959477424621582
31931,10.959477424621582
31932,10.959477424621582
31933,10.959477424621582
31934,10.959477424621582
31935,10.959477424621582
31936,10.959477424621582
31937,10.959477424621582
31938,10.959477424621582
31939,10.959477424621582
31940,10.959477424621582
31941,10.959477424621582
31942,10.959477424621582
31943,10.959477424621582
31944,10.959477424621582
31945,10.959477424621582
31946,10.959477424621582
31947,10.959477424621582
31948,10.959477424621582
31949,10.959477424621582
31950,10.959477424621582
31951,10.959477424621582
31952,10.959477424621582
31953,10.959477424621582
31954,10.959477424621582
31955,10.959477424621582
31956,10.959477424621582
31957,10.959477424621582
31958,10.959477424621582
31959,10.959477424621582
31960,10.959477424621582
31961,10.959477424621582
31962,10.959477424621582
31963,10.959477424621582
31964,10.959477424621582
31965,10.959477424621582
31966,10.959477424621582
31967,10.959477424621582
31968,10.959477424621582
31969,10.959477424621582
31970,10.959477424621582
31971,10.959477424621582
31972,10.959477424621582
31973,10.959477424621582
31974,10.959477424621582
31975,10.959477424621582
31976,10.959477424621582
31977,10.959477424621582
31978,10.959477424621582
31979,10.959477424621582
31980,10.959477424621582
31981,10.959477424621582
31982,21.959477424621582
31983,21.959477424621582
31984,11.0
31985,11.0
31986,11.0
31987,11.0
31988,11.0
31989,11.0
31990,11.0
31991,11.0
31992,11.0
31993,11.0
31994,11.0
31995,11.0
31996,11.0
31997,11.0
31998,11.0
31999,11.0
32000,11.0
32001,11.0
32002,11.0
32003,11.0
32004,11.0
32005,11.0
32006,11.0
32007,11.0
32008,11.0
32009,11.0
32010,11.0
32011,11.0
32012,11.0
32013,11.0
32014,11.0
32015,11.0
32016,11.0
32017,11.0
32018,11.0
32019,11.0
32020,11.0
32021,11.0
32022,11.0
32023,11.0
32024,11.0
32025,11.0
32026,11.0
32027,11.0
32028,11.0
32029,11.0
32030,11.0
32031,11.0
32032,11.0
32033,11.0
32034,11.0
32035,11.0
32036,11.0
32037,11.0
32038,11.0
32039,11.0
32040,11.0
32041,11.0
32042,11.0
32043,11.0
32044,11.0
32045,11.0
32046,11.0
32047,11.0
32048,11.0
32049,11.0
32050,11.0
32051,11.0
32052,11.0
32053,11.0
32054,11.0
32055,11.0
32056,11.0
32057,11.0
32058,11.0
32059,11.0
32060,11.0
32061,11.0
32062,11.0
32063,21.82931613922119
32064,32.05935096740723
32065,32.05935096740723
32066,32.05935096740723
32067,32.05935096740723
32068,32.05935096740723
32069,32.05935096740723
32070,32.05935096740723
32071,32.05935096740723
32072,21.82931613922119
32073,21.82931613922119
32074,21.82931613922119
32075,21.82931613922119
32076,32.80754375457764
32077,32.80754375457764
32078,43.744751930236816
32079,43.744751930236816
32080,43.744751930236816
32081,54.744751930236816
32082,54.744751930236816
32083,54.744751930236816
32084,54.744751930236816
32085,54.744751930236816
32086,54.744751930236816
32087,54.744751930236816
32088,54.744751930236816
32089,54.744751930236816
32090,54.744751930236816
32091,54.744751930236816
32092,54.744751930236816
32093,54.744751930236816
32094,54.744751930236816
32095,65.74475193023682
32096,65.74475193023682
32097,65.74475193023682
32098,65.74475193023682
32099,65.74475193023682
32100,65.74475193023682
32101,65.74475193023682
32102,65.74475193023682
32103,65.74475193023682
32104,65.74475193023682
32105,65.74475193023682
32106,65.74475193023682
32107,65.74475193023682
32108,65.74475193023682
32109,76.655198097229
32110,76.655198097229
32111,76.655198097229
32112,87.64906692504883
32113,87.64906692504883
32114,87.64906692504883
32115,87.64906692504883
32116,87.64906692504883
32117,87.64906692504883
32118,87.64906692504883
32119,76.81975078582764
32120,76.81975078582764
32121,76.81975078582764
32122,76.81975078582764
32123,76.81975078582764
32124,87.81094646453857
32125,87.81094646453857
32126,87.81094646453857
32127,87.81094646453857
32128,87.81094646453857
32129,109.77530574798584
32130,109.77530574798584
32131,109.77530574798584
32132,120.68726348876953
32133,120.68726348876953
32134,120.68726348876953
32135,120.68726348876953
32136,120.68726348876953
32137,120.68726348876953
32138,120.68726348876953
32139,120.68726348876953
32140,120.68726348876953
32141,120.68726348876953
32142,120.68726348876953
32143,131.68258380889893
32144,131.68258380889893
32145,131.68258380889893
32146,131.68258380889893
32147,131.68258380889893
32148,131.68258380889893
32149,131.68258380889893
32150,131.68258380889893
32151,142.35973072052002
32152,142.35973072052002
32153,142.35973072052002
32154,142.35973072052002
32155,142.35973072052002
32156,142.35973072052002
32157,142.35973072052002
32158,142.35973072052002
32159,142.35973072052002
32160,153.3429470062256
32161,153.3429470062256
32162,153.3429470062256
32163,153.3429470062256
32164,175.3026647567749
32165,175.3026647567749
32166,175.3026647567749
32167,175.3026647567749
32168,186.27686023712158
32169,186.27686023712158
32170,186.27686023712158
32171,186.27686023712158
32172,186.27686023712158
32173,186.27686023712158
32174,196.99617671966553
32175,196.99617671966553
32176,186.31902980804443
32177,186.31902980804443
32178,186.31902980804443
32179,186.31902980804443
32180,186.31902980804443
32181,186.31902980804443
32182,186.31902980804443
32183,186.31902980804443
32184,186.31902980804443
32185,186.31902980804443
32186,186.31902980804443
32187,186.31902980804443
32188,186.31902980804443
32189,186.31902980804443
32190,208.26607418060303
32191,208.26607418060303
32192,197.26607418060303
32193,197.26607418060303
32194,197.26607418060303
32195,197.26607418060303
32196,207.71153259277344
32197,207.71153259277344
32198,207.71153259277344
32199,218.66376972198486
32200,218.66376972198486
32201,207.94445323944092
32202,218.86805820465088
32203,229.64692306518555
32204,229.64692306518555
32205,240.60468101501465
32206,240.60468101501465
32207,240.60468101501465
32208,229.69423484802246
32209,229.69423484802246
32210,219.24877643585205
32211,208.24877643585205
32212,208.24877643585205
32213,229.96281051635742
32214,229.96281051635742
32215,229.96281051635742
32216,229.96281051635742
32217,229.96281051635742
32218,229.96281051635742
32219,240.79315757751465
32220,240.79315757751465
32221,240.79315757751465
32222,240.79315757751465
32223,240.79315757751465
32224,240.79315757751465
32225,240.79315757751465
32226,240.79315757751465
32227,230.01429271697998
32228,230.01429271697998
32229,230.01429271697998
32230,219.0770845413208
32231,230.04844093322754
32232,230.04844093322754
32233,230.04844093322754
32234,240.64207935333252
32235,251.61711883544922
32236,251.61711883544922
32237,251.61711883544922
32238,251.61711883544922
32239,251.61711883544922
32240,251.61711883544922
32241,251.61711883544922
32242,251.6074562072754
32243,251.6074562072754
32244,251.6074562072754
32245,240.6496982574463
32246,219.10901546478271
32247,219.10901546478271
32248,219.10901546478271
32249,208.19705772399902
32250,219.15761375427246
32251,219.15761375427246
32252,230.15747928619385
32253,219.42001628875732
32254,219.42001628875732
32255,230.35437965393066
32256,219.52403259277344
32257,219.52403259277344
32258,219.52403259277344
32259,208.52403259277344
32260,208.52403259277344
32261,208.52403259277344
32262,208.52403259277344
32263,230.5007553100586
32264,230.5007553100586
32265,230.5007553100586
32266,230.5007553100586
32267,241.4782657623291
32268,241.4782657623291
32269,241.4782657623291
32270,230.49504947662354
32271,219.49504947662354
32272,219.49504947662354
32273,219.49504947662354
32274,219.49504947662354
32275,230.48266220092773
32276,241.48266220092773
32277,241.48266220092773
32278,230.4887933731079
32279,230.4887933731079
32280,230.4887933731079
32281,230.4887933731079
32282,230.4887933731079
32283,230.4887933731079
32284,230.4887933731079
32285,230.4887933731079
32286,230.4887933731079
32287,230.4887933731079
32288,219.51222229003906
32289,219.51222229003906
32290,219.51222229003906
32291,219.51222229003906
32292,219.51222229003906
32293,219.51222229003906
32294,219.51222229003906
32295,219.51222229003906
32296,219.51222229003906
32297,219.51222229003906
32298,219.51222229003906
32299,219.51222229003906
32300,219.51222229003906
32301,219.51222229003906
32302,219.51222229003906
32303,219.51222229003906
32304,219.51222229003906
32305,208.51690196990967
32306,186.61506938934326
32307,186.61506938934326
32308,186.61506938934326
32309,186.61506938934326
32310,175.65191745758057
32311,175.65191745758057
32312,175.65191745758057
32313,175.65191745758057
32314,175.65191745758057
32315,175.65191745758057
32316,175.65191745758057
32317,186.6305227279663
32318,186.6305227279663
32319,186.6305227279663
32320,186.6305227279663
32321,186.6305227279663
32322,175.66996669769287
32323,175.66996669769287
32324,175.66996669769287
32325,175.66996669769287
32326,175.66996669769287
32327,175.66996669769287
32328,164.66996669769287
32329,164.66996669769287
32330,164.66996669769287
32331,175.5858154296875
32332,175.5858154296875
32333,175.5858154296875
32334,175.5858154296875
32335,164.5858154296875
32336,164.5858154296875
32337,164.5858154296875
32338,164.5858154296875
32339,164.5858154296875
32340,164.5858154296875
32341,142.6593828201294
32342,142.6593828201294
32343,142.6593828201294
32344,142.6593828201294
32345,142.6593828201294
32346,142.6593828201294
32347,142.6593828201294
32348,142.6593828201294
32349,142.6593828201294
32350,142.6593828201294
32351,142.6593828201294
32352,142.65500831604004
32353,142.65500831604004
32354,142.65500831604004
32355,142.65500831604004
32356,142.65500831604004
32357,142.65500831604004
32358,131.67996883392334
32359,131.67996883392334
32360,131.67996883392334
32361,131.67996883392334
32362,131.67996883392334
32363,131.67996883392334
32364,120.68340301513672
32365,120.68340301513672
32366,120.68340301513672
32367,120.68340301513672
32368,120.68340301513672
32369,120.68340301513672
32370,120.68340301513672
32371,109.70186996459961
32372,109.70186996459961
32373,109.70186996459961
32374,120.66814994812012
32375,109.70379066467285
32376,109.70379066467285
32377,109.70379066467285
32378,109.70379066467285
32379,109.70379066467285
32380,109.70379066467285
32381,109.70379066467285
32382,109.70379066467285
32383,109.70379066467285
32384,109.70379066467285
32385,109.70379066467285
32386,98.70392513275146
32387,98.70392513275146
32388,98.70392513275146
32389,98.70392513275146
32390,98.70392513275146
32391,98.70392513275146
32392,98.70392513275146
32393,98.70392513275146
32394,98.70392513275146
32395,98.70392513275146
32396,98.70392513275146
32397,98.70392513275146
32398,98.70392513275146
32399,87.76956176757812
32400,87.76956176757812
32401,76.79205131530762
32402,76.79205131530762
32403,76.79205131530762
32404,76.79205131530762
32405,76.79205131530762
32406,76.79205131530762
32407,76.79205131530762
32408,76.79205131530762
32409,76.79205131530762
32410,76.79205131530762
32411,76.79205131530762
32412,76.79205131530762
32413,76.79205131530762
32414,76.79205131530762
32415,76.79205131530762
32416,76.79205131530762
32417,76.79205131530762
32418,65.87620258331299
32419,65.87620258331299
32420,65.87620258331299
32421,65.87620258331299
32422,54.897597312927246
32423,54.897597312927246
32424,54.897597312927246
32425,54.897597312927246
32426,54.897597312927246
32427,54.897597312927246
32428,54.897597312927246
32429,54.897597312927246
32430,54.897597312927246
32431,54.897597312927246
32432,54.897597312927246
32433,54.897597312927246
32434,54.897597312927246
32435,54.897597312927246
32436,54.897597312927246
32437,54.897597312927246
32438,54.897597312927246
32439,54.897597312927246
32440,54.897597312927246
32441,54.897597312927246
32442,54.897597312927246
32443,54.897597312927246
32444,54.897597312927246
32445,43.93131732940674
32446,43.93131732940674
32447,43.93131732940674
32448,43.93131732940674
32449,43.93131732940674
32450,32.949278831481934
32451,32.949278831481934
32452,32.949278831481934
32453,32.949278831481934
32454,32.949278831481934
32455,32.949278831481934
32456,32.949278831481934
32457,32.949278831481934
32458,32.949278831481934
32459,32.949278831481934
32460,32.949278831481934
32461,32.949278831481934
32462,32.949278831481934
32463,32.949278831481934
32464,32.949278831481934
32465,32.949278831481934
32466,32.949278831481934
32467,32.949278831481934
32468,32.949278831481934
32469,32.949278831481934
32470,32.949278831481934
32471,32.949278831481934
32472,32.949278831481934
32473,32.949278831481934
32474,21.954594612121582
32475,21.954594612121582
32476,21.954594612121582
32477,21.954594612121582
32478,21.954594612121582
32479,21.954594612121582
32480,21.954594612121582
32481,21.954594612121582
32482,21.954594612121582
32483,21.954594612121582
32484,21.954594612121582
32485,21.954594612121582
32486,10.9876127243042
32487,10.9876127243042
32488,21.939838409423828
32489,21.939838409423828
32490,21.939838409423828
32491,21.939838409423828
32492,21.939838409423828
32493,10.952225685119629
32494,10.952225685119629
32495,10.952225685119629
32496,10.952225685119629
32497,10.952225685119629
32498,10.952225685119629
32499,10.952225685119629
32500,10.952225685119629
32501,10.952225685119629
32502,10.952225685119629
32503,10.952225685119629
32504,10.952225685119629
32505,10.952225685119629
32506,10.952225685119629
32507,10.952225685119629
32508,10.952225685119629
32509,10.952225685119629
32510,10.952225685119629
32511,10.952225685119629
32512,21.87919807434082
32513,21.87919807434082
32514,21.87919807434082
32515,21.87919807434082
32516,21.87919807434082
32517,21.87919807434082
32518,21.87919807434082
32519,21.87919807434082
32520,21.87919807434082
32521,21.87919807434082
32522,21.87919807434082
32523,21.87919807434082
32524,32.833680152893066
32525,32.833680152893066
32526,32.833680152893066
32527,32.833680152893066
32528,32.833680152893066
32529,32.833680152893066
32530,32.833680152893066
32531,32.833680152893066
32532,32.833680152893066
32533,32.833680152893066
32534,32.833680152893066
32535,32.833680152893066
32536,32.833680152893066
32537,32.833680152893066
32538,32.833680152893066
32539,32.833680152893066
32540,32.833680152893066
32541,32.833680152893066
32542,32.833680152893066
32543,32.833680152893066
32544,32.833680152893066
32545,32.833680152893066
32546,32.833680152893066
32547,32.833680152893066
32548,32.833680152893066
32549,32.833680152893066
32550,32.833680152893066
32551,32.833680152893066
32552,32.833680152893066
32553,32.833680152893066
32554,32.833680152893066
32555,32.833680152893066
32556,32.833680152893066
32557,43.80443286895752
32558,43.80443286895752
32559,43.80443286895752
32560,43.80443286895752
32561,43.80443286895752
32562,43.80443286895752
32563,43.80443286895752
32564,43.80443286895752
32565,54.7725772857666
32566,54.7725772857666
32567,54.7725772857666
32568,54.7725772857666
32569,54.7725772857666
32570,54.7725772857666
32571,54.7725772857666
32572,54.7725772857666
32573,54.7725772857666
32574,54.7725772857666
32575,54.7725772857666
32576,54.7725772857666
32577,54.7725772857666
32578,54.7725772857666
32579,54.7725772857666
32580,54.7725772857666
32581,54.7725772857666
32582,54.7725772857666
32583,54.7725772857666
32584,54.7725772857666
32585,54.7725772857666
32586,54.7725772857666
32587,54.7725772857666
32588,54.7725772857666
32589,54.7725772857666
32590,54.7725772857666
32591,54.7725772857666
32592,54.7725772857666
32593,54.7725772857666
32594,65.7209529876709
32595,65.7209529876709
32596,65.7209529876709
32597,65.7209529876709
32598,65.7209529876709
32599,65.7209529876709
32600,65.7209529876709
32601,76.69890022277832
32602,76.69890022277832
32603,76.69890022277832
32604,76.69890022277832
32605,76.69890022277832
32606,76.69890022277832
32607,76.69890022277832
32608,76.69890022277832
32609,76.69890022277832
32610,76.69890022277832
32611,76.69890022277832
32612,76.69890022277832
32613,76.69890022277832
32614,76.69890022277832
32615,76.69890022277832
32616,87.69656753540039
32617,87.69656753540039
32618,87.69656753540039
32619,87.69656753540039
32620,87.69656753540039
32621,87.69656753540039
32622,87.69656753540039
32623,87.69656753540039
32624,87.69656753540039
32625,87.69656753540039
32626,87.69656753540039
32627,87.69656753540039
32628,87.69656753540039
32629,87.69656753540039
32630,87.69656753540039
32631,87.69656753540039
32632,87.69656753540039
32633,87.69656753540039
32634,87.69656753540039
32635,87.69656753540039
32636,87.69656753540039
32637,87.69656753540039
32638,87.69656753540039
32639,87.69656753540039
32640,87.69656753540039
32641,87.69656753540039
32642,76.7695951461792
32643,76.7695951461792
32644,76.7695951461792
32645,76.7695951461792
32646,76.7695951461792
32647,76.7695951461792
32648,76.7695951461792
32649,76.7695951461792
32650,87.7695951461792
32651,98.33120918273926
32652,98.33120918273926
32653,109.33120918273926
32654,109.33120918273926
32655,109.33120918273926
32656,120.12077045440674
32657,120.12077045440674
32658,120.12077045440674
32659,120.12077045440674
32660,120.12077045440674
32661,109.16628837585449
32662,109.16628837585449
32663,109.16628837585449
32664,109.16628837585449
32665,120.16628837585449
32666,120.16628837585449
32667,131.09735202789307
32668,131.09735202789307
32669,141.9314365386963
32670,141.9314365386963
32671,130.97921085357666
32672,109.43964958190918
32673,109.43964958190918
32674,109.43964958190918
32675,109.43964958190918
32676,109.43964958190918
32677,109.43964958190918
32678,131.42653465270996
32679,131.42653465270996
32680,131.42653465270996
32681,142.42309761047363
32682,164.04176807403564
32683,164.04176807403564
32684,164.04176807403564
32685,164.04176807403564
32686,164.04176807403564
32687,164.04176807403564
32688,164.04176807403564
32689,164.04176807403564
32690,164.04176807403564
32691,164.04176807403564
32692,164.04176807403564
32693,153.42071914672852
32694,153.42071914672852
32695,153.42071914672852
32696,153.42071914672852
32697,142.44996643066406
32698,153.44996643066406
32699,164.4283857345581
32700,186.3207540512085
32701,186.3207540512085
32702,186.3207540512085
32703,186.3207540512085
32704,186.3207540512085
32705,175.48666954040527
32706,175.48666954040527
32707,175.48666954040527
32708,164.6971082687378
32709,164.6971082687378
32710,164.6971082687378
32711,164.6971082687378
32712,175.66339206695557
32713,197.5719165802002
32714,197.5719165802002
32715,197.5719165802002
32716,197.5719165802002
32717,197.5719165802002
32718,197.5719165802002
32719,197.5719165802002
32720,197.5719165802002
32721,208.56217193603516
32722,219.5398416519165
32723,230.50282669067383
32724,230.50282669067383
32725,230.50282669067383
32726,230.50282669067383
32727,230.50282669067383
32728,230.50282669067383
32729,219.53468227386475
32730,230.45558643341064
32731,230.45558643341064
32732,230.45558643341064
32733,241.4459466934204
32734,241.4459466934204
32735,241.4459466934204
32736,241.4459466934204
32737,252.41811656951904
32738,252.41811656951904
32739,263.3653554916382
32740,263.3653554916382
32741,263.3653554916382
32742,263.3653554916382
32743,274.34406566619873
32744,285.3011751174927
32745,274.3011751174927
32746,285.28528022766113
32747,285.28528022766113
32748,285.28528022766113
32749,285.28528022766113
32750,274.28765869140625
32751,274.28765869140625
32752,285.16698265075684
32753,285.16698265075684
32754,285.16487312316895
32755,285.16487312316895
32756,285.16487312316895
32757,296.08184337615967
32758,296.08184337615967
32759,296.1228723526001
32760,296.09177684783936
32761,296.09177684783936
32762,296.09177684783936
32763,307.0653533935547
32764,307.068790435791
32765,296.1204147338867
32766,296.1204147338867
32767,307.091402053833
32768,329.01397228240967
32769,339.97444343566895
32770,350.97444343566895
32771,350.97444343566895
32772,372.9267244338989
32773,372.9267244338989
32774,372.9267244338989
32775,361.9267244338989
32776,350.9267244338989
32777,361.9040479660034
32778,361.9040479660034
32779,361.9040479660034
32780,361.8667106628418
32781,361.8667106628418
32782,350.9873867034912
32783,350.9873867034912
32784,350.9873867034912
32785,361.93478775024414
32786,361.93478775024414
32787,361.93478775024414
32788,361.93478775024414
32789,372.9292850494385
32790,372.9292850494385
32791,383.85893726348877
32792,391.0682249069214
32793,391.0682249069214
32794,383.85893726348877
32795,405.83467292785645
32796,427.6149787902832
32797,427.6149787902832
32798,427.6149787902832
32799,427.6149787902832
32800,427.6149787902832
32801,438.5279788970947
32802,449.508770942688
32803,449.508770942688
32804,449.508770942688
32805,460.50550842285156
32806,460.50550842285156
32807,471.3378791809082
32808,471.3378791809082
32809,460.40681552886963
32810,460.40681552886963
32811,449.40681552886963
32812,449.40681552886963
32813,449.40681552886963
32814,449.40681552886963
32815,460.38313579559326
32816,460.38313579559326
32817,460.38313579559326
32818,460.38313579559326
32819,460.38313579559326
32820,471.23560523986816
32821,471.23560523986816
32822,482.2040042877197
32823,482.2040042877197
32824,482.2040042877197
32825,482.2040042877197
32826,482.2040042877197
32827,471.21989917755127
32828,482.200475692749
32829,482.200475692749
32830,482.200475692749
32831,493.1197919845581
32832,493.1197919845581
32833,504.1128263473511
32834,504.1128263473511
32835,504.1128263473511
32836,504.1128263473511
32837,493.1188449859619
32838,493.1188449859619
32839,482.1891927719116
32840,493.1739263534546
32841,493.1739263534546
32842,493.1739263534546
32843,503.9639015197754
32844,503.9639015197754
32845,482.1250057220459
32846,460.20044326782227
32847,460.20044326782227
32848,460.20044326782227
32849,460.20044326782227
32850,460.20044326782227
32851,460.20044326782227
32852,460.20044326782227
32853,460.20044326782227
32854,460.20044326782227
32855,460.20044326782227
32856,449.23233699798584
32857,460.2233142852783
32858,449.3103141784668
32859,449.3103141784668
32860,438.4267473220825
32861,427.4267473220825
32862,427.4267473220825
32863,416.4430160522461
32864,416.4430160522461
32865,416.4430160522461
32866,394.53154850006104
32867,394.53154850006104
32868,394.53154850006104
32869,394.53154850006104
32870,372.7705888748169
32871,372.7705888748169
32872,372.7705888748169
32873,372.7705888748169
32874,372.7705888748169
32875,350.80760383605957
32876,350.825927734375
32877,339.84721755981445
32878,339.84721755981445
32879,328.8664255142212
32880,318.0764503479004
32881,318.0764503479004
32882,318.0764503479004
32883,318.0764503479004
32884,318.0764503479004
32885,327.5129795074463
32886,327.5129795074463
32887,327.5129795074463
32888,305.7200918197632
32889,296.2835626602173
32890,296.2835626602173
32891,307.1854181289673
32892,296.23801708221436
32893,296.23801708221436
32894,274.26718521118164
32895,274.26718521118164
32896,263.2895154953003
32897,263.2895154953003
32898,263.2895154953003
32899,252.29277801513672
32900,252.29277801513672
32901,252.29277801513672
32902,252.29277801513672
32903,252.29277801513672
32904,252.29277801513672
32905,252.29277801513672
32906,262.8479166030884
32907,262.8479166030884
32908,262.8479166030884
32909,262.8479166030884
32910,262.8479166030884
32911,262.8479166030884
32912,251.8548822402954
32913,251.8548822402954
32914,251.8548822402954
32915,251.8548822402954
32916,251.8548822402954
32917,251.8548822402954
32918,262.74838066101074
32919,262.74838066101074
32920,262.74838066101074
32921,262.74838066101074
32922,262.74838066101074
32923,262.74838066101074
32924,252.19324207305908
32925,252.19324207305908
32926,230.29459953308105
32927,230.29459953308105
32928,230.29459953308105
32929,230.29459953308105
32930,230.29459953308105
32931,230.29459953308105
32932,252.20122718811035
32933,252.20122718811035
32934,252.20122718811035
32935,252.20122718811035
32936,241.28191089630127
32937,241.28191089630127
32938,241.2923355102539
32939,241.2923355102539
32940,230.33186435699463
32941,230.33186435699463
32942,230.33186435699463
32943,219.36087703704834
32944,219.36087703704834
32945,219.36087703704834
32946,219.36087703704834
32947,219.36087703704834
32948,219.36087703704834
32949,219.36087703704834
32950,219.36087703704834
32951,219.36087703704834
32952,230.33392238616943
32953,230.33392238616943
32954,219.33836460113525
32955,219.33836460113525
32956,219.33836460113525
32957,219.33836460113525
32958,219.33836460113525
32959,219.33836460113525
32960,219.33836460113525
32961,208.369460105896
32962,208.369460105896
32963,208.369460105896
32964,219.35018253326416
32965,219.35018253326416
32966,219.35018253326416
32967,219.35018253326416
32968,219.35018253326416
32969,219.35018253326416
32970,219.35018253326416
32971,219.35018253326416
32972,219.35018253326416
32973,219.35018253326416
32974,208.37386226654053
32975,208.37386226654053
32976,208.37386226654053
32977,208.37386226654053
32978,208.37386226654053
32979,208.37386226654053
32980,208.37386226654053
32981,208.37386226654053
32982,208.37386226654053
32983,186.51408004760742
32984,186.51408004760742
32985,186.51408004760742
32986,186.51408004760742
32987,186.51408004760742
32988,186.51408004760742
32989,186.51408004760742
32990,186.51408004760742
32991,175.52371978759766
32992,164.53274250030518
32993,164.53274250030518
32994,164.53274250030518
32995,164.53274250030518
32996,164.53274250030518
32997,153.55916595458984
32998,153.55916595458984
32999,142.5869960784912
33000,142.5869960784912
33001,142.5869960784912
33002,142.5869960784912
33003,131.6851406097412
33004,109.70512294769287
33005,109.70512294769287
33006,98.74207305908203
33007,98.74207305908203
33008,98.74207305908203
33009,98.74207305908203
33010,98.74207305908203
33011,98.74207305908203
33012,98.74207305908203
33013,98.74207305908203
33014,98.74207305908203
33015,98.74207305908203
33016,98.74207305908203
33017,98.74207305908203
33018,109.62339305877686
33019,109.62339305877686
33020,109.62339305877686
33021,109.62339305877686
33022,98.65438652038574
33023,98.65438652038574
33024,98.65438652038574
33025,98.65438652038574
33026,98.65438652038574
33027,98.65438652038574
33028,98.65438652038574
33029,98.65438652038574
33030,98.65438652038574
33031,98.65438652038574
33032,98.65438652038574
33033,98.65438652038574
33034,98.65438652038574
33035,109.59848690032959
33036,109.59848690032959
33037,109.59848690032959
33038,109.59848690032959
33039,109.59848690032959
33040,109.59848690032959
33041,109.59848690032959
33042,109.59848690032959
33043,109.59848690032959
33044,98.63095283508301
33045,98.63095283508301
33046,98.63095283508301
33047,98.63095283508301
33048,98.63095283508301
33049,98.63095283508301
33050,98.63095283508301
33051,98.63095283508301
33052,98.63095283508301
33053,98.63095283508301
33054,98.63095283508301
33055,98.63095283508301
33056,98.63095283508301
33057,98.63095283508301
33058,98.63095283508301
33059,98.63095283508301
33060,98.63095283508301
33061,98.63095283508301
33062,98.63095283508301
33063,98.63095283508301
33064,98.63095283508301
33065,98.63095283508301
33066,98.63095283508301
33067,98.63095283508301
33068,98.63095283508301
33069,98.63095283508301
33070,98.63095283508301
33071,98.63095283508301
33072,98.63095283508301
33073,98.63095283508301
33074,98.63095283508301
33075,98.63095283508301
33076,98.63095283508301
33077,98.63095283508301
33078,98.63095283508301
33079,98.63095283508301
33080,98.63095283508301
33081,98.63095283508301
33082,98.63095283508301
33083,98.63095283508301
33084,98.63095283508301
33085,98.63095283508301
33086,87.6629581451416
33087,87.6629581451416
33088,87.6629581451416
33089,87.6629581451416
33090,87.6629581451416
33091,65.81323909759521
33092,65.81323909759521
33093,65.81323909759521
33094,65.81323909759521
33095,65.81323909759521
33096,65.81323909759521
33097,65.81323909759521
33098,65.81323909759521
33099,65.81323909759521
33100,54.874606132507324
33101,54.874606132507324
33102,54.874606132507324
33103,54.874606132507324
33104,54.874606132507324
33105,54.874606132507324
33106,54.874606132507324
33107,54.874606132507324
33108,54.874606132507324
33109,54.874606132507324
33110,54.874606132507324
33111,54.874606132507324
33112,54.874606132507324
33113,54.874606132507324
33114,54.874606132507324
33115,54.874606132507324
33116,65.85285758972168
33117,65.85285758972168
33118,65.85285758972168
33119,76.73623943328857
33120,65.79213905334473
33121,65.79213905334473
33122,65.79213905334473
33123,65.79213905334473
33124,65.79213905334473
33125,65.79213905334473
33126,65.79213905334473
33127,65.79213905334473
33128,65.79213905334473
33129,54.81909370422363
33130,54.81909370422363
33131,54.81909370422363
33132,54.81909370422363
33133,54.81909370422363
33134,54.81909370422363
33135,54.81909370422363
33136,54.81909370422363
33137,54.81909370422363
33138,54.81909370422363
33139,43.83837127685547
33140,43.83837127685547
33141,43.83837127685547
33142,43.83837127685547
33143,43.83837127685547
33144,43.83837127685547
33145,43.83837127685547
33146,43.83837127685547
33147,43.83837127685547
33148,43.83837127685547
33149,43.83837127685547
33150,43.83837127685547
33151,43.83837127685547
33152,43.83837127685547
33153,43.83837127685547
33154,43.83837127685547
33155,43.83837127685547
33156,43.83837127685547
33157,43.83837127685547
33158,43.83837127685547
33159,43.83837127685547
33160,43.83837127685547
33161,43.83837127685547
33162,43.83837127685547
33163,43.83837127685547
33164,43.83837127685547
33165,43.83837127685547
33166,43.83837127685547
33167,43.83837127685547
33168,43.83837127685547
33169,43.83837127685547
33170,43.83837127685547
33171,43.83837127685547
33172,43.83837127685547
33173,43.83837127685547
33174,43.83837127685547
33175,43.83837127685547
33176,43.83837127685547
33177,43.83837127685547
33178,43.83837127685547
33179,54.83837127685547
33180,54.83837127685547
33181,54.83837127685547
33182,54.83837127685547
33183,54.83837127685547
33184,54.83837127685547
33185,54.83837127685547
33186,54.83837127685547
33187,54.83837127685547
33188,54.83837127685547
33189,54.83837127685547
33190,54.83837127685547
33191,54.83837127685547
33192,54.83837127685547
33193,54.83837127685547
33194,54.83837127685547
33195,54.83837127685547
33196,54.83837127685547
33197,54.83837127685547
33198,54.83837127685547
33199,54.83837127685547
33200,43.954989433288574
33201,43.954989433288574
33202,32.962985038757324
33203,32.962985038757324
33204,32.962985038757324
33205,32.962985038757324
33206,32.962985038757324
33207,32.962985038757324
33208,32.962985038757324
33209,32.962985038757324
33210,32.962985038757324
33211,32.962985038757324
33212,32.962985038757324
33213,32.962985038757324
33214,32.962985038757324
33215,32.962985038757324
33216,32.962985038757324
33217,32.962985038757324
33218,32.962985038757324
33219,32.962985038757324
33220,32.962985038757324
33221,32.962985038757324
33222,32.962985038757324
33223,32.962985038757324
33224,32.962985038757324
33225,32.962985038757324
33226,32.962985038757324
33227,32.962985038757324
33228,32.962985038757324
33229,32.962985038757324
33230,32.962985038757324
33231,32.962985038757324
33232,32.962985038757324
33233,32.962985038757324
33234,32.962985038757324
33235,32.962985038757324
33236,32.962985038757324
33237,32.962985038757324
33238,32.962985038757324
33239,32.962985038757324
33240,32.962985038757324
33241,32.962985038757324
33242,32.962985038757324
33243,32.962985038757324
33244,32.962985038757324
33245,32.962985038757324
33246,32.962985038757324
33247,32.962985038757324
33248,32.962985038757324
33249,32.962985038757324
33250,32.962985038757324
33251,32.962985038757324
33252,32.962985038757324
33253,32.962985038757324
33254,32.962985038757324
33255,32.962985038757324
33256,32.962985038757324
33257,32.962985038757324
33258,32.962985038757324
33259,32.962985038757324
33260,32.962985038757324
33261,32.962985038757324
33262,32.962985038757324
33263,32.962985038757324
33264,32.962985038757324
33265,32.962985038757324
33266,32.962985038757324
33267,32.962985038757324
33268,32.962985038757324
33269,32.962985038757324
33270,32.962985038757324
33271,32.962985038757324
33272,43.929630279541016
33273,43.929630279541016
33274,32.95137882232666
33275,32.95137882232666
33276,32.95137882232666
33277,32.95137882232666
33278,32.95137882232666
33279,32.95137882232666
33280,32.95137882232666
33281,32.95137882232666
33282,32.95137882232666
33283,32.95137882232666
33284,21.96664524078369
33285,21.96664524078369
33286,21.96664524078369
33287,21.96664524078369
33288,10.966645240783691
33289,10.966645240783691
33290,10.966645240783691
33291,10.966645240783691
33292,10.966645240783691
33293,10.966645240783691
33294,10.966645240783691
33295,10.966645240783691
33296,10.966645240783691
33297,10.966645240783691
33298,10.966645240783691
33299,10.966645240783691
33300,10.966645240783691
33301,10.966645240783691
33302,10.966645240783691
33303,10.966645240783691
33304,10.966645240783691
33305,10.966645240783691
33306,10.966645240783691
33307,10.966645240783691
33308,10.966645240783691
33309,10.966645240783691
33310,10.966645240783691
33311,10.966645240783691
33312,10.966645240783691
33313,10.966645240783691
33314,10.966645240783691
33315,10.966645240783691
33316,10.966645240783691
33317,10.966645240783691
33318,10.966645240783691
33319,10.966645240783691
33320,10.966645240783691
33321,10.966645240783691
33322,10.966645240783691
33323,10.966645240783691
33324,10.966645240783691
33325,10.966645240783691
33326,10.966645240783691
33327,10.966645240783691
33328,10.966645240783691
33329,10.966645240783691
33330,10.966645240783691
33331,10.966645240783691
33332,10.966645240783691
33333,10.966645240783691
33334,10.966645240783691
33335,10.966645240783691
33336,10.966645240783691
33337,10.966645240783691
33338,10.966645240783691
33339,10.966645240783691
33340,10.966645240783691
33341,10.966645240783691
33342,10.966645240783691
33343,10.966645240783691
33344,10.966645240783691
33345,10.966645240783691
33346,10.966645240783691
33347,10.966645240783691
33348,10.966645240783691
33349,10.966645240783691
33350,10.966645240783691
33351,10.966645240783691
33352,10.966645240783691
33353,10.966645240783691
33354,10.966645240783691
33355,10.966645240783691
33356,10.966645240783691
33357,10.966645240783691
33358,10.966645240783691
33359,10.966645240783691
33360,10.966645240783691
33361,10.966645240783691
33362,10.966645240783691
33363,10.966645240783691
33364,10.966645240783691
33365,10.966645240783691
33366,10.966645240783691
33367,10.966645240783691
33368,10.966645240783691
33369,10.966645240783691
33370,10.966645240783691
33371,10.966645240783691
33372,10.966645240783691
33373,10.966645240783691
33374,10.966645240783691
33375,10.966645240783691
33376,10.966645240783691
33377,10.966645240783691
33378,10.966645240783691
33379,10.966645240783691
33380,10.966645240783691
33381,10.966645240783691
33382,10.966645240783691
33383,10.966645240783691
33384,10.966645240783691
33385,10.966645240783691
33386,10.966645240783691
33387,10.966645240783691
33388,10.966645240783691
33389,10.966645240783691
33390,10.966645240783691
33391,10.966645240783691
33392,10.966645240783691
33393,10.966645240783691
33394,10.966645240783691
33395,10.966645240783691
33396,10.966645240783691
33397,10.966645240783691
33398,10.966645240783691
33399,10.966645240783691
33400,10.966645240783691
33401,10.966645240783691
33402,10.966645240783691
33403,10.966645240783691
33404,10.966645240783691
33405,10.966645240783691
33406,10.966645240783691
33407,10.966645240783691
33408,10.966645240783691
33409,10.966645240783691
33410,10.966645240783691
33411,10.966645240783691
33412,10.966645240783691
33413,10.966645240783691
33414,10.966645240783691
33415,10.966645240783691
33416,10.966645240783691
33417,10.966645240783691
33418,10.966645240783691
33419,10.966645240783691
33420,10.966645240783691
33421,10.966645240783691
33422,10.966645240783691
33423,21.889931678771973
33424,21.889931678771973
33425,21.889931678771973
33426,21.889931678771973
33427,21.889931678771973
33428,32.796963691711426
33429,32.796963691711426
33430,32.796963691711426
33431,32.796963691711426
33432,32.796963691711426
33433,32.796963691711426
33434,32.796963691711426
33435,21.830318450927734
33436,21.830318450927734
33437,21.830318450927734
33438,21.830318450927734
33439,21.830318450927734
33440,21.830318450927734
33441,21.830318450927734
33442,21.830318450927734
33443,21.830318450927734
33444,21.830318450927734
33445,21.830318450927734
33446,21.830318450927734
33447,21.830318450927734
33448,21.830318450927734
33449,21.830318450927734
33450,21.830318450927734
33451,21.830318450927734
33452,21.830318450927734
33453,21.830318450927734
33454,21.830318450927734
33455,21.830318450927734
33456,21.830318450927734
33457,21.830318450927734
33458,21.830318450927734
33459,21.830318450927734
33460,21.830318450927734
33461,21.830318450927734
33462,21.830318450927734
33463,21.830318450927734
33464,21.830318450927734
33465,21.830318450927734
33466,21.830318450927734
33467,21.830318450927734
33468,21.830318450927734
33469,21.830318450927734
33470,21.830318450927734
33471,21.830318450927734
33472,21.830318450927734
33473,32.20922660827637
33474,32.20922660827637
33475,32.20922660827637
33476,32.20922660827637
33477,32.20922660827637
33478,32.20922660827637
33479,32.20922660827637
33480,32.20922660827637
33481,32.20922660827637
33482,32.20922660827637
33483,32.20922660827637
33484,32.20922660827637
33485,32.20922660827637
33486,32.20922660827637
33487,32.20922660827637
33488,32.20922660827637
33489,32.20922660827637
33490,21.830318450927734
33491,21.830318450927734
33492,21.830318450927734
33493,21.830318450927734
33494,21.830318450927734
33495,10.923286437988281
33496,10.923286437988281
33497,10.923286437988281
33498,10.923286437988281
33499,10.923286437988281
33500,10.923286437988281
33501,10.923286437988281
33502,10.923286437988281
33503,10.923286437988281
33504,10.923286437988281
33505,10.923286437988281
33506,10.923286437988281
33507,10.923286437988281
33508,10.923286437988281
33509,10.923286437988281
33510,10.923286437988281
33511,10.923286437988281
33512,10.923286437988281
33513,10.923286437988281
33514,10.987663269042969
33515,10.987663269042969
33516,10.987663269042969
33517,10.987663269042969
33518,10.987663269042969
33519,10.987663269042969
33520,10.987663269042969
33521,10.987663269042969
33522,10.987663269042969
33523,10.987663269042969
33524,10.987663269042969
33525,10.987663269042969
33526,21.918054580688477
33527,21.918054580688477
33528,21.918054580688477
33529,21.918054580688477
33530,21.918054580688477
33531,21.918054580688477
33532,21.918054580688477
33533,21.918054580688477
33534,21.918054580688477
33535,21.918054580688477
33536,21.918054580688477
33537,21.918054580688477
33538,21.918054580688477
33539,21.918054580688477
33540,21.918054580688477
33541,21.918054580688477
33542,21.918054580688477
33543,21.918054580688477
33544,21.918054580688477
33545,21.918054580688477
33546,21.918054580688477
33547,21.918054580688477
33548,21.918054580688477
33549,32.87963581085205
33550,32.87963581085205
33551,32.87963581085205
33552,32.87963581085205
33553,43.704715728759766
33554,43.704715728759766
33555,43.704715728759766
33556,54.56316566467285
33557,54.56316566467285
33558,54.56316566467285
33559,54.56316566467285
33560,54.56316566467285
33561,54.56316566467285
33562,54.56316566467285
33563,54.56316566467285
33564,54.56316566467285
33565,54.56316566467285
33566,54.56316566467285
33567,54.56316566467285
33568,65.55196762084961
33569,65.55196762084961
33570,65.55196762084961
33571,65.55196762084961
33572,65.55196762084961
33573,75.44624042510986
33574,75.44624042510986
33575,75.44624042510986
33576,75.44624042510986
33577,75.44624042510986
33578,75.44624042510986
33579,86.36543941497803
33580,86.36543941497803
33581,76.47116661071777
33582,76.47116661071777
33583,87.42745208740234
33584,87.42745208740234
33585,98.38031005859375
33586,98.38031005859375
33587,98.38031005859375
33588,98.38031005859375
33589,98.38031005859375
33590,98.38031005859375
33591,98.38031005859375
33592,98.38031005859375
33593,98.38031005859375
33594,98.38031005859375
33595,98.38031005859375
33596,109.37261390686035
33597,109.37261390686035
33598,109.37261390686035
33599,109.37261390686035
33600,109.37261390686035
33601,109.37261390686035
33602,109.37261390686035
33603,98.51416397094727
33604,109.47176361083984
33605,120.47033977508545
33606,120.47033977508545
33607,120.47033977508545
33608,120.61845874786377
33609,120.61845874786377
33610,131.6170654296875
33611,131.6170654296875
33612,131.6170654296875
33613,142.47829818725586
33614,153.42170238494873
33615,153.42170238494873
33616,153.42170238494873
33617,153.42170238494873
33618,153.42170238494873
33619,153.42170238494873
33620,153.42170238494873
33621,153.42170238494873
33622,153.42170238494873
33623,153.42170238494873
33624,153.42170238494873
33625,164.3895435333252
33626,164.3895435333252
33627,164.3895435333252
33628,164.3895435333252
33629,164.3895435333252
33630,164.3895435333252
33631,164.3895435333252
33632,164.3895435333252
33633,164.3895435333252
33634,164.3895435333252
33635,175.36462020874023
33636,175.36462020874023
33637,186.137188911438
33638,186.137188911438
33639,186.137188911438
33640,186.137188911438
33641,478.80659198760986
33642,478.80659198760986
33643,478.80659198760986
33644,175.21798992156982
33645,186.03161144256592
33646,196.89679718017578
33647,207.85503005981445
33648,207.85503005981445
33649,207.85503005981445
33650,196.92463874816895
33651,207.84910678863525
33652,207.84910678863525
33653,207.84910678863525
33654,207.84910678863525
33655,218.75888442993164
33656,218.75888442993164
33657,218.75888442993164
33658,218.75888442993164
33659,218.75888442993164
33660,218.75888442993164
33661,218.75888442993164
33662,218.75888442993164
33663,218.75888442993164
33664,218.75888442993164
33665,218.75888442993164
33666,229.71213817596436
33667,235.81351947784424
33668,229.71213817596436
33669,229.71213817596436
33670,229.71213817596436
33671,229.71213817596436
33672,218.9395694732666
33673,218.9395694732666
33674,218.9395694732666
33675,207.9867115020752
33676,218.89561367034912
33677,218.89561367034912
33678,218.89561367034912
33679,207.90330982208252
33680,207.90330982208252
33681,207.90330982208252
33682,175.25337886810303
33683,175.25337886810303
33684,175.25337886810303
33685,175.25337886810303
33686,175.25337886810303
33687,175.25337886810303
33688,175.25337886810303
33689,175.25337886810303
33690,175.25337886810303
33691,175.25337886810303
33692,186.22569942474365
33693,197.18925189971924
33694,197.18925189971924
33695,197.18925189971924
33696,186.2160530090332
33697,186.2160530090332
33698,186.2160530090332
33699,186.2160530090332
33700,186.2160530090332
33701,186.2160530090332
33702,186.2160530090332
33703,186.2160530090332
33704,186.2160530090332
33705,186.2160530090332
33706,186.2160530090332
33707,186.2160530090332
33708,186.2160530090332
33709,186.2160530090332
33710,186.2160530090332
33711,175.35086727142334
33712,175.35086727142334
33713,175.35086727142334
33714,175.35086727142334
33715,175.35086727142334
33716,175.35086727142334
33717,175.35086727142334
33718,175.35086727142334
33719,175.35086727142334
33720,175.35086727142334
33721,175.35086727142334
33722,175.35086727142334
33723,175.35086727142334
33724,175.35086727142334
33725,175.35086727142334
33726,175.35086727142334
33727,164.42639923095703
33728,175.31230545043945
33729,175.31230545043945
33730,164.31369876861572
33731,164.31369876861572
33732,174.77809715270996
33733,174.77809715270996
33734,174.77809715270996
33735,174.77809715270996
33736,174.77809715270996
33737,185.77368259429932
33738,185.77368259429932
33739,185.77368259429932
33740,196.74083042144775
33741,196.74083042144775
33742,196.74083042144775
33743,196.74083042144775
33744,196.74083042144775
33745,196.74083042144775
33746,196.74083042144775
33747,186.27643203735352
33748,186.27643203735352
33749,175.28876876831055
33750,164.32092761993408
33751,164.32092761993408
33752,164.32092761993408
33753,153.4111499786377
33754,153.4111499786377
33755,153.4111499786377
33756,153.4111499786377
33757,153.4111499786377
33758,153.4111499786377
33759,153.4111499786377
33760,153.4111499786377
33761,153.4111499786377
33762,142.46774578094482
33763,142.46774578094482
33764,142.46774578094482
33765,142.46774578094482
33766,142.46774578094482
33767,142.46774578094482
33768,142.46774578094482
33769,142.46774578094482
33770,142.46774578094482
33771,142.46774578094482
33772,142.46774578094482
33773,142.46774578094482
33774,142.46774578094482
33775,142.46774578094482
33776,142.46774578094482
33777,142.46774578094482
33778,142.46774578094482
33779,142.46774578094482
33780,131.50616455078125
33781,131.50616455078125
33782,131.50616455078125
33783,131.50616455078125
33784,131.50616455078125
33785,131.50616455078125
33786,131.50616455078125
33787,131.50616455078125
33788,131.50616455078125
33789,131.50616455078125
33790,131.50616455078125
33791,131.50616455078125
33792,131.50616455078125
33793,131.50616455078125
33794,131.50616455078125
33795,131.50616455078125
33796,120.59726238250732
33797,120.59726238250732
33798,120.59726238250732
33799,120.59726238250732
33800,120.59726238250732
33801,120.59726238250732
33802,120.59726238250732
33803,120.59726238250732
33804,120.59726238250732
33805,109.64400863647461
33806,109.64400863647461
33807,109.64400863647461
33808,109.64400863647461
33809,109.64400863647461
33810,109.64400863647461
33811,109.64400863647461
33812,109.64400863647461
33813,109.64400863647461
33814,98.68772315979004
33815,98.68772315979004
33816,98.68772315979004
33817,98.68772315979004
33818,87.80181694030762
33819,87.80181694030762
33820,87.80181694030762
33821,87.80181694030762
33822,87.80181694030762
33823,87.80181694030762
33824,87.80181694030762
33825,87.80181694030762
33826,87.80181694030762
33827,87.80181694030762
33828,87.80181694030762
33829,87.80181694030762
33830,87.80181694030762
33831,76.80324077606201
33832,86.9585132598877
33833,86.9585132598877
33834,97.9119234085083
33835,86.95369052886963
33836,86.95369052886963
33837,75.96488857269287
33838,75.96488857269287
33839,86.94907093048096
33840,86.94907093048096
33841,86.94907093048096
33842,86.94907093048096
33843,86.94907093048096
33844,76.79379844665527
33845,76.79379844665527
33846,76.79379844665527
33847,76.79379844665527
33848,76.79379844665527
33849,76.79379844665527
33850,76.79379844665527
33851,76.79379844665527
33852,76.79379844665527
33853,76.79379844665527
33854,76.79379844665527
33855,65.8361988067627
33856,65.8361988067627
33857,65.8361988067627
33858,65.8361988067627
33859,65.8361988067627
33860,65.8361988067627
33861,65.8361988067627
33862,65.8361988067627
33863,65.8361988067627
33864,65.8361988067627
33865,65.8361988067627
33866,65.8361988067627
33867,65.8361988067627
33868,65.8361988067627
33869,65.8361988067627
33870,65.8361988067627
33871,65.8361988067627
33872,65.8361988067627
33873,65.8361988067627
33874,65.8361988067627
33875,54.86905097961426
33876,54.86905097961426
33877,54.86905097961426
33878,54.86905097961426
33879,54.86905097961426
33880,54.86905097961426
33881,65.36973667144775
33882,65.36973667144775
33883,65.36973667144775
33884,65.36973667144775
33885,65.36973667144775
33886,65.36973667144775
33887,65.36973667144775
33888,65.36973667144775
33889,65.36973667144775
33890,65.36973667144775
33891,65.36973667144775
33892,65.36973667144775
33893,65.36973667144775
33894,65.36973667144775
33895,65.36973667144775
33896,65.36973667144775
33897,54.86905097961426
33898,54.86905097961426
33899,54.86905097961426
33900,65.86642551422119
33901,65.86642551422119
33902,65.86642551422119
33903,65.86642551422119
33904,65.86642551422119
33905,65.86642551422119
33906,65.86642551422119
33907,65.86642551422119
33908,65.86642551422119
33909,65.86642551422119
33910,65.86642551422119
33911,54.870840072631836
33912,54.870840072631836
33913,54.870840072631836
33914,54.870840072631836
33915,54.870840072631836
33916,54.870840072631836
33917,54.870840072631836
33918,54.870840072631836
33919,54.870840072631836
33920,54.870840072631836
33921,54.870840072631836
33922,54.870840072631836
33923,54.870840072631836
33924,65.81910800933838
33925,65.81910800933838
33926,65.81910800933838
33927,65.81910800933838
33928,65.81910800933838
33929,65.81910800933838
33930,65.81910800933838
33931,65.81910800933838
33932,65.81910800933838
33933,65.81910800933838
33934,65.81910800933838
33935,65.81910800933838
33936,65.81910800933838
33937,76.81910800933838
33938,76.81910800933838
33939,65.8555555343628
33940,65.8555555343628
33941,65.8555555343628
33942,65.8555555343628
33943,54.88323497772217
33944,54.88323497772217
33945,54.88323497772217
33946,54.88323497772217
33947,54.88323497772217
33948,54.88323497772217
33949,54.88323497772217
33950,54.88323497772217
33951,54.88323497772217
33952,54.88323497772217
33953,54.88323497772217
33954,54.88323497772217
33955,54.88323497772217
33956,54.88323497772217
33957,54.88323497772217
33958,54.88323497772217
33959,54.88323497772217
33960,43.885860443115234
33961,54.767154693603516
33962,54.767154693603516
33963,54.767154693603516
33964,54.767154693603516
33965,54.767154693603516
33966,54.767154693603516
33967,54.767154693603516
33968,54.767154693603516
33969,54.767154693603516
33970,54.767154693603516
33971,54.767154693603516
33972,54.767154693603516
33973,54.767154693603516
33974,54.767154693603516
33975,54.767154693603516
33976,54.767154693603516
33977,54.767154693603516
33978,54.767154693603516
33979,54.767154693603516
33980,54.767154693603516
33981,54.767154693603516
33982,54.767154693603516
33983,54.767154693603516
33984,54.767154693603516
33985,54.767154693603516
33986,54.767154693603516
33987,54.767154693603516
33988,54.767154693603516
33989,54.767154693603516
33990,43.81888675689697
33991,43.81888675689697
33992,43.81888675689697
33993,43.81888675689697
33994,43.81888675689697
33995,43.81888675689697
33996,43.81888675689697
33997,43.81888675689697
33998,43.81888675689697
33999,43.81888675689697
34000,43.81888675689697
34001,54.813456535339355
34002,54.813456535339355
34003,54.813456535339355
34004,54.813456535339355
34005,54.813456535339355
34006,54.813456535339355
34007,54.813456535339355
34008,54.813456535339355
34009,65.80218315124512
34010,65.80218315124512
34011,65.80218315124512
34012,65.80218315124512
34013,65.80218315124512
34014,65.80218315124512
34015,65.80218315124512
34016,65.80218315124512
34017,65.80218315124512
34018,54.920888900756836
34019,54.920888900756836
34020,54.920888900756836
34021,54.920888900756836
34022,54.920888900756836
34023,54.920888900756836
34024,54.920888900756836
34025,54.920888900756836
34026,54.920888900756836
34027,54.920888900756836
34028,54.920888900756836
34029,54.920888900756836
34030,54.920888900756836
34031,54.920888900756836
34032,54.920888900756836
34033,54.920888900756836
34034,65.31203365325928
34035,65.31203365325928
34036,65.31203365325928
34037,65.31203365325928
34038,65.31203365325928
34039,65.31203365325928
34040,65.31203365325928
34041,54.920888900756836
34042,54.920888900756836
34043,54.920888900756836
34044,54.920888900756836
34045,54.920888900756836
34046,54.920888900756836
34047,43.92631912231445
34048,43.92631912231445
34049,43.92631912231445
34050,43.92631912231445
34051,43.92631912231445
34052,54.90988349914551
34053,54.90988349914551
34054,54.90988349914551
34055,54.90988349914551
34056,54.90988349914551
34057,54.90988349914551
34058,65.90988349914551
34059,76.87320613861084
34060,76.87320613861084
34061,76.87320613861084
34062,76.87320613861084
34063,76.87320613861084
34064,76.87320613861084
34065,76.87320613861084
34066,76.87320613861084
34067,76.87320613861084
34068,76.87320613861084
34069,87.64383029937744
34070,87.65982913970947
34071,87.65982913970947
34072,76.65982913970947
34073,76.65982913970947
34074,76.65982913970947
34075,76.65982913970947
34076,76.65982913970947
34077,76.65982913970947
34078,76.65982913970947
34079,76.65982913970947
34080,76.65982913970947
34081,76.65982913970947
34082,87.44114780426025
34083,87.44114780426025
34084,87.44114780426025
34085,87.44114780426025
34086,87.44114780426025
34087,87.44114780426025
34088,87.44114780426025
34089,87.44114780426025
34090,87.44114780426025
34091,87.44114780426025
34092,87.44114780426025
34093,87.44114780426025
34094,87.44114780426025
34095,87.44114780426025
34096,87.44114780426025
34097,87.44114780426025
34098,87.44114780426025
34099,87.44114780426025
34100,87.44114780426025
34101,87.44114780426025
34102,87.44114780426025
34103,87.44114780426025
34104,87.44114780426025
34105,87.44114780426025
34106,87.44114780426025
34107,87.44114780426025
34108,87.44114780426025
34109,87.44114780426025
34110,76.67052364349365
34111,76.67052364349365
34112,76.67052364349365
34113,76.88427448272705
34114,76.88427448272705
34115,76.88427448272705
34116,76.88427448272705
34117,87.88170337677002
34118,87.88170337677002
34119,98.8677864074707
34120,98.8677864074707
34121,98.8677864074707
34122,98.8677864074707
34123,98.8677864074707
34124,98.8677864074707
34125,98.8677864074707
34126,98.8677864074707
34127,98.8677864074707
34128,98.8677864074707
34129,98.8677864074707
34130,98.8677864074707
34131,98.8677864074707
34132,87.8677864074707
34133,98.85556125640869
34134,98.85556125640869
34135,98.44229030609131
34136,98.44229030609131
34137,98.44229030609131
34138,98.44229030609131
34139,98.44229030609131
34140,98.44229030609131
34141,98.44229030609131
34142,98.44229030609131
34143,98.44229030609131
34144,98.44229030609131
34145,109.42334842681885
34146,120.42334842681885
34147,120.42334842681885
34148,120.42334842681885
34149,120.42334842681885
34150,120.42334842681885
34151,120.42334842681885
34152,109.46002578735352
34153,109.46002578735352
34154,120.33287048339844
34155,120.33287048339844
34156,120.33287048339844
34157,120.33287048339844
34158,120.33287048339844
34159,109.76195907592773
34160,109.76195907592773
34161,109.76195907592773
34162,109.76195907592773
34163,109.76195907592773
34164,98.77323246002197
34165,98.77323246002197
34166,98.77323246002197
34167,98.77323246002197
34168,98.77323246002197
34169,98.77323246002197
34170,98.77323246002197
34171,98.77323246002197
34172,109.7322130203247
34173,109.7322130203247
34174,109.7322130203247
34175,131.6722526550293
34176,131.6722526550293
34177,142.62063598632812
34178,142.62063598632812
34179,142.62063598632812
34180,142.62063598632812
34181,164.50001430511475
34182,164.50001430511475
34183,175.24760150909424
34184,186.24760150909424
34185,186.24760150909424
34186,186.24760150909424
34187,186.24760150909424
34188,186.24760150909424
34189,186.24760150909424
34190,197.15827751159668
34191,208.130126953125
34192,208.130126953125
34193,208.130126953125
34194,219.12470626831055
34195,219.12470626831055
34196,230.07953929901123
34197,230.07953929901123
34198,230.07953929901123
34199,230.07953929901123
34200,230.07953929901123
34201,241.07339763641357
34202,241.07339763641357
34203,241.07339763641357
34204,241.07339763641357
34205,241.07339763641357
34206,241.07339763641357
34207,241.07339763641357
34208,241.07339763641357
34209,241.07339763641357
34210,241.07339763641357
34211,251.96072673797607
34212,251.96072673797607
34213,240.96072673797607
34214,230.08788204193115
34215,230.08788204193115
34216,230.08788204193115
34217,230.08788204193115
34218,230.08788204193115
34219,230.08788204193115
34220,230.08788204193115
34221,230.08788204193115
34222,230.08788204193115
34223,230.08788204193115
34224,230.3332691192627
34225,252.22510051727295
34226,252.22510051727295
34227,263.06922912597656
34228,263.06922912597656
34229,285.00589752197266
34230,285.00589752197266
34231,274.03648853302
34232,274.03648853302
34233,284.8223752975464
34234,284.8223752975464
34235,284.8223752975464
34236,284.8223752975464
34237,295.67726612091064
34238,295.67726612091064
34239,295.69929695129395
34240,295.69929695129395
34241,295.69929695129395
34242,273.75584411621094
34243,273.75584411621094
34244,284.7231140136719
34245,273.7395496368408
34246,284.66524600982666
34247,284.6436185836792
34248,284.6436185836792
34249,284.6436185836792
34250,284.6436185836792
34251,284.6436185836792
34252,295.59718322753906
34253,306.5234270095825
34254,306.5234270095825
34255,306.5234270095825
34256,306.5234270095825
34257,317.4328603744507
34258,317.4328603744507
34259,328.4328603744507
34260,339.38001441955566
34261,339.38001441955566
34262,339.38001441955566
34263,339.38001441955566
34264,339.38001441955566
34265,339.38001441955566
34266,350.36502265930176
34267,350.36502265930176
34268,350.36502265930176
34269,350.36502265930176
34270,350.36502265930176
34271,350.36502265930176
34272,361.35634326934814
34273,350.5704565048218
34274,350.5704565048218
34275,350.5704565048218
34276,350.5704565048218
34277,350.5704565048218
34278,339.72632789611816
34279,339.72632789611816
34280,339.72632789611816
34281,339.72632789611816
34282,339.72632789611816
34283,350.71546936035156
34284,350.71546936035156
34285,350.71546936035156
34286,350.71546936035156
34287,372.6050634384155
34288,372.6050634384155
34289,372.6050634384155
34290,372.6050634384155
34291,361.7062454223633
34292,361.7062454223633
34293,350.7201623916626
34294,328.8326826095581
34295,328.8326826095581
34296,328.8326826095581
34297,328.8326826095581
34298,328.8326826095581
34299,328.8326826095581
34300,328.74768829345703
34301,328.74768829345703
34302,317.8370122909546
34303,306.8492374420166
34304,306.8492374420166
34305,284.9630374908447
34306,284.9630374908447
34307,295.9606418609619
34308,295.9606418609619
34309,295.9606418609619
34310,295.9606418609619
34311,285.0194730758667
34312,274.16458225250244
34313,273.9775810241699
34314,273.9775810241699
34315,273.9775810241699
34316,273.9775810241699
34317,273.9775810241699
34318,273.9775810241699
34319,273.9775810241699
34320,273.9775810241699
34321,273.9775810241699
34322,273.9775810241699
34323,273.9775810241699
34324,262.9775810241699
34325,262.9775810241699
34326,262.9775810241699
34327,262.9775810241699
34328,262.9775810241699
34329,262.9775810241699
34330,262.9775810241699
34331,252.05188465118408
34332,241.12564086914062
34333,241.12564086914062
34334,230.1472682952881
34335,230.1472682952881
34336,230.1472682952881
34337,230.1472682952881
34338,230.1472682952881
34339,230.1472682952881
34340,241.04681205749512
34341,241.04681205749512
34342,241.04681205749512
34343,241.04681205749512
34344,241.04681205749512
34345,241.04681205749512
34346,241.04681205749512
34347,252.03269386291504
34348,252.03269386291504
34349,241.2661304473877
34350,241.2661304473877
34351,241.2661304473877
34352,241.2661304473877
34353,241.2661304473877
34354,241.2661304473877
34355,241.2661304473877
34356,241.2661304473877
34357,241.2661304473877
34358,219.28401470184326
34359,219.28401470184326
34360,208.3110580444336
34361,219.26982021331787
34362,208.3603868484497
34363,208.3603868484497
34364,208.3603868484497
34365,208.3603868484497
34366,208.3603868484497
34367,208.3603868484497
34368,208.3603868484497
34369,219.3603868484497
34370,219.3603868484497
34371,208.4443759918213
34372,208.4443759918213
34373,208.4443759918213
34374,208.4443759918213
34375,208.4443759918213
34376,208.4443759918213
34377,208.4443759918213
34378,186.50525665283203
34379,186.50525665283203
34380,186.50525665283203
34381,186.50525665283203
34382,186.50525665283203
34383,186.50525665283203
34384,186.50525665283203
34385,186.50525665283203
34386,175.51067733764648
34387,175.51067733764648
34388,175.51067733764648
34389,175.51067733764648
34390,175.51067733764648
34391,164.53854084014893
34392,164.53854084014893
34393,164.53854084014893
34394,164.53854084014893
34395,164.53854084014893
34396,164.53854084014893
34397,164.53854084014893
34398,164.53854084014893
34399,164.53854084014893
34400,164.53854084014893
34401,164.53854084014893
34402,164.53854084014893
34403,164.53854084014893
34404,164.58583545684814
34405,164.58583545684814
34406,153.63868141174316
34407,153.63868141174316
34408,153.63868141174316
34409,164.5614185333252
34410,164.5614185333252
34411,153.5614185333252
34412,153.5614185333252
34413,153.5614185333252
34414,153.5614185333252
34415,142.58040714263916
34416,142.58040714263916
34417,142.58040714263916
34418,142.58040714263916
34419,131.62557411193848
34420,131.62557411193848
34421,131.62557411193848
34422,142.49754238128662
34423,142.49754238128662
34424,142.49754238128662
34425,142.49754238128662
34426,142.49754238128662
34427,142.49754238128662
34428,142.49754238128662
34429,142.49754238128662
34430,142.49754238128662
34431,142.49754238128662
34432,142.49754238128662
34433,142.49754238128662
34434,153.41740894317627
34435,153.41740894317627
34436,153.41740894317627
34437,142.44382572174072
34438,142.44382572174072
34439,142.44382572174072
34440,142.44382572174072
34441,131.44622135162354
34442,131.44622135162354
34443,142.3263463973999
34444,142.3263463973999
34445,142.3263463973999
34446,142.3263463973999
34447,120.43378925323486
34448,120.43378925323486
34449,120.43378925323486
34450,120.43378925323486
34451,120.43378925323486
34452,120.43378925323486
34453,120.43378925323486
34454,120.43378925323486
34455,120.43378925323486
34456,109.47502708435059
34457,109.47502708435059
34458,109.47502708435059
34459,109.47502708435059
34460,98.51049518585205
34461,98.51049518585205
34462,98.51049518585205
34463,98.51049518585205
34464,98.51049518585205
34465,98.51049518585205
34466,98.51049518585205
34467,98.51049518585205
34468,98.51049518585205
34469,98.51049518585205
34470,98.51049518585205
34471,98.51049518585205
34472,98.51049518585205
34473,98.51049518585205
34474,98.51049518585205
34475,98.51049518585205
34476,98.51049518585205
34477,87.58775806427002
34478,98.53670024871826
34479,98.53670024871826
34480,98.53670024871826
34481,98.53670024871826
34482,98.53670024871826
34483,98.53670024871826
34484,98.53670024871826
34485,98.53670024871826
34486,98.53670024871826
34487,98.53670024871826
34488,98.53670024871826
34489,87.55169200897217
34490,87.55169200897217
34491,87.55169200897217
34492,87.55169200897217
34493,87.55169200897217
34494,87.55169200897217
34495,87.55169200897217
34496,87.55169200897217
34497,87.55169200897217
34498,87.55169200897217
34499,87.55169200897217
34500,87.55169200897217
34501,87.55169200897217
34502,87.55169200897217
34503,87.55169200897217
34504,87.55169200897217
34505,76.67972373962402
34506,76.67972373962402
34507,76.67972373962402
34508,76.67972373962402
34509,76.67972373962402
34510,76.67972373962402
34511,76.67972373962402
34512,76.67972373962402
34513,76.67972373962402
34514,76.67972373962402
34515,76.67972373962402
34516,76.67972373962402
34517,76.67972373962402
34518,76.67972373962402
34519,76.67972373962402
34520,76.67972373962402
34521,76.67972373962402
34522,76.67972373962402
34523,76.67972373962402
34524,76.67972373962402
34525,65.75985717773438
34526,65.75985717773438
34527,54.87973213195801
34528,54.87973213195801
34529,54.87973213195801
34530,54.87973213195801
34531,54.87973213195801
34532,54.87973213195801
34533,54.87973213195801
34534,54.87973213195801
34535,54.87973213195801
34536,54.87973213195801
34537,54.87973213195801
34538,54.87973213195801
34539,54.87973213195801
34540,43.893850326538086
34541,43.893850326538086
34542,43.893850326538086
34543,43.893850326538086
34544,43.893850326538086
34545,43.893850326538086
34546,43.893850326538086
34547,43.893850326538086
34548,54.64249324798584
34549,54.64249324798584
34550,54.64249324798584
34551,54.64249324798584
34552,54.64249324798584
34553,54.64249324798584
34554,54.64249324798584
34555,54.64249324798584
34556,54.64249324798584
34557,54.64249324798584
34558,54.64249324798584
34559,54.64249324798584
34560,54.64249324798584
34561,54.64249324798584
34562,54.64249324798584
34563,54.64249324798584
34564,54.64249324798584
34565,54.64249324798584
34566,54.64249324798584
34567,54.64249324798584
34568,54.64249324798584
34569,54.64249324798584
34570,54.64249324798584
34571,54.64249324798584
34572,54.64249324798584
34573,54.64249324798584
34574,54.64249324798584
34575,54.64249324798584
34576,54.64249324798584
34577,54.64249324798584
34578,54.64249324798584
34579,54.64249324798584
34580,54.64249324798584
34581,54.64249324798584
34582,54.64249324798584
34583,54.64249324798584
34584,54.64249324798584
34585,54.64249324798584
34586,43.68276405334473
34587,32.93412113189697
34588,32.93412113189697
34589,32.93412113189697
34590,32.93412113189697
34591,32.93412113189697
34592,32.93412113189697
34593,32.93412113189697
34594,32.93412113189697
34595,32.93412113189697
34596,32.93412113189697
34597,32.93412113189697
34598,32.93412113189697
34599,32.93412113189697
34600,32.93412113189697
34601,32.93412113189697
34602,32.93412113189697
34603,32.93412113189697
34604,32.93412113189697
34605,32.93412113189697
34606,32.93412113189697
34607,32.93412113189697
34608,32.93412113189697
34609,32.93412113189697
34610,32.93412113189697
34611,32.93412113189697
34612,32.93412113189697
34613,32.93412113189697
34614,21.98517894744873
34615,21.98517894744873
34616,21.98517894744873
34617,21.98517894744873
34618,21.98517894744873
34619,21.98517894744873
34620,21.98517894744873
34621,21.98517894744873
34622,21.98517894744873
34623,21.98517894744873
34624,21.98517894744873
34625,21.98517894744873
34626,10.991320610046387
34627,10.991320610046387
34628,10.991320610046387
34629,10.991320610046387
34630,10.991320610046387
34631,10.991320610046387
34632,10.991320610046387
34633,10.991320610046387
34634,10.991320610046387
34635,10.991320610046387
34636,10.991320610046387
34637,10.991320610046387
34638,10.991320610046387
34639,10.991320610046387
34640,10.991320610046387
34641,10.991320610046387
34642,10.991320610046387
34643,10.991320610046387
34644,10.991320610046387
34645,10.991320610046387
34646,10.991320610046387
34647,10.991320610046387
34648,10.991320610046387
34649,10.991320610046387
34650,10.991320610046387
34651,10.991320610046387
34652,10.991320610046387
34653,10.991320610046387
34654,10.991320610046387
34655,10.991320610046387
34656,10.991320610046387
34657,10.991320610046387
34658,10.991320610046387
34659,10.991320610046387
34660,10.991320610046387
34661,10.991320610046387
34662,10.991320610046387
34663,10.991320610046387
34664,10.991320610046387
34665,10.991320610046387
34666,10.991320610046387
34667,11.0
34668,11.0
34669,11.0
34670,11.0
34671,11.0
34672,11.0
34673,11.0
34674,11.0
34675,11.0
34676,11.0
34677,11.0
34678,11.0
34679,11.0
34680,11.0
34681,11.0
34682,11.0
34683,11.0
34684,11.0
34685,11.0
34686,11.0
34687,11.0
34688,11.0
34689,11.0
34690,11.0
34691,11.0
34692,11.0
34693,11.0
34694,11.0
34695,11.0
34696,11.0
34697,11.0
34698,22.0
34699,22.0
34700,22.0
34701,22.0
34702,22.0
34703,22.0
34704,22.0
34705,22.0
34706,22.0
34707,22.0
34708,22.0
34709,22.0
34710,22.0
34711,22.0
34712,22.0
34713,22.0
34714,22.0
34715,22.0
34716,22.0
34717,22.0
34718,22.0
34719,22.0
34720,22.0
34721,22.0
34722,22.0
34723,22.0
34724,22.0
34725,22.0
34726,22.0
34727,22.0
34728,22.0
34729,22.0
34730,22.0
34731,22.0
34732,22.0
34733,22.0
34734,22.0
34735,22.0
34736,22.0
34737,22.0
34738,22.0
34739,22.0
34740,22.0
34741,22.0
34742,22.0
34743,22.0
34744,22.0
34745,22.0
34746,22.0
34747,22.0
34748,22.0
34749,22.0
34750,22.0
34751,22.0
34752,22.0
34753,22.0
34754,22.0
34755,22.0
34756,22.0
34757,22.0
34758,22.0
34759,22.0
34760,22.0
34761,22.0
34762,22.0
34763,22.0
34764,22.0
34765,22.0
34766,22.0
34767,22.0
34768,22.0
34769,22.0
34770,22.0
34771,22.0
34772,22.0
34773,22.0
34774,22.0
34775,22.0
34776,22.0
34777,22.0
34778,22.0
34779,22.0
34780,22.0
34781,22.0
34782,22.0
34783,22.0
34784,22.0
34785,22.0
34786,22.0
34787,22.0
34788,22.0
34789,22.0
34790,22.0
34791,22.0
34792,22.0
34793,11.0
34794,11.0
34795,11.0
34796,11.0
34797,11.0
34798,11.0
34799,11.0
34800,11.0
34801,11.0
34802,11.0
34803,11.0
34804,11.0
34805,11.0
34806,11.0
34807,11.0
34808,11.0
34809,11.0
34810,11.0
34811,21.92115020751953
34812,21.92115020751953
34813,21.92115020751953
34814,21.92115020751953
34815,21.92115020751953
34816,21.92115020751953
34817,21.92115020751953
34818,21.92115020751953
34819,21.92115020751953
34820,21.92115020751953
34821,21.92115020751953
34822,21.92115020751953
34823,21.92115020751953
34824,21.92115020751953
34825,21.92115020751953
34826,21.92115020751953
34827,21.92115020751953
34828,21.92115020751953
34829,21.92115020751953
34830,21.92115020751953
34831,21.92115020751953
34832,21.92115020751953
34833,21.92115020751953
34834,21.92115020751953
34835,21.92115020751953
34836,21.92115020751953
34837,21.92115020751953
34838,21.92115020751953
34839,21.92115020751953
34840,21.92115020751953
34841,21.92115020751953
34842,21.92115020751953
34843,21.92115020751953
34844,21.92115020751953
34845,21.92115020751953
34846,21.92115020751953
34847,21.92115020751953
34848,21.92115020751953
34849,32.92115020751953
34850,32.92115020751953
34851,32.92115020751953
34852,32.92115020751953
34853,32.92115020751953
34854,32.92115020751953
34855,32.92115020751953
34856,32.92115020751953
34857,32.92115020751953
34858,32.92115020751953
34859,32.92115020751953
34860,32.92115020751953
34861,32.92115020751953
34862,32.92115020751953
34863,32.92115020751953
34864,32.92115020751953
34865,32.92115020751953
34866,32.92115020751953
34867,32.92115020751953
34868,32.92115020751953
34869,32.92115020751953
34870,21.92115020751953
34871,21.92115020751953
34872,21.92115020751953
34873,21.92115020751953
34874,21.92115020751953
34875,21.92115020751953
34876,21.92115020751953
34877,21.92115020751953
34878,21.92115020751953
34879,21.92115020751953
34880,21.92115020751953
34881,21.92115020751953
34882,21.92115020751953
34883,11.0
34884,11.0
34885,11.0
34886,11.0
34887,11.0
34888,11.0
34889,11.0
34890,11.0
34891,11.0
34892,11.0
34893,11.0
34894,11.0
34895,11.0
34896,11.0
34897,11.0
34898,11.0
34899,11.0
34900,11.0
34901,11.0
34902,11.0
34903,11.0
34904,11.0
34905,11.0
34906,11.0
34907,11.0
34908,11.0
34909,11.0
34910,11.0
34911,11.0
34912,11.0
34913,11.0
34914,11.0
34915,11.0
34916,11.0
34917,11.0
34918,11.0
34919,11.0
34920,11.0
34921,11.0
34922,11.0
34923,11.0
34924,11.0
34925,11.0
34926,11.0
34927,11.0
34928,11.0
34929,11.0
34930,11.0
34931,11.0
34932,11.0
34933,11.0
34934,11.0
34935,11.0
34936,11.0
34937,11.0
34938,11.0
34939,11.0
34940,11.0
34941,11.0
34942,11.0
34943,11.0
34944,11.0
34945,11.0
34946,11.0
34947,11.0
34948,11.0
34949,11.0
34950,11.0
34951,11.0
34952,11.0
34953,21.97257137298584
34954,32.97257137298584
34955,32.97257137298584
34956,32.97257137298584
34957,32.97257137298584
34958,32.97257137298584
34959,32.97257137298584
34960,32.97257137298584
34961,32.97257137298584
34962,32.97257137298584
34963,32.97257137298584
34964,32.97257137298584
34965,32.97257137298584
34966,21.97257137298584
34967,21.97257137298584
34968,21.97257137298584
34969,21.97257137298584
34970,21.97257137298584
34971,21.97257137298584
34972,21.97257137298584
34973,21.97257137298584
34974,21.97257137298584
34975,21.97257137298584
34976,32.93835926055908
34977,32.93835926055908
34978,32.93835926055908
34979,32.93835926055908
34980,32.93835926055908
34981,32.93835926055908
34982,32.93835926055908
34983,32.93835926055908
34984,32.93835926055908
34985,32.93835926055908
34986,32.93835926055908
34987,32.93835926055908
34988,32.93835926055908
34989,32.93835926055908
34990,32.93835926055908
34991,32.93835926055908
34992,32.93835926055908
34993,32.93835926055908
34994,32.93835926055908
34995,32.93835926055908
34996,32.93835926055908
34997,32.93835926055908
34998,32.93835926055908
34999,32.93835926055908
35000,32.93835926055908
35001,32.93835926055908
35002,32.93835926055908
35003,32.93835926055908
35004,32.93835926055908
35005,32.93835926055908
35006,43.907501220703125
35007,43.907501220703125
35008,43.907501220703125
35009,43.907501220703125
35010,43.907501220703125
35011,43.907501220703125
35012,43.907501220703125
35013,43.907501220703125
35014,43.907501220703125
35015,43.907501220703125
35016,43.907501220703125
35017,43.907501220703125
35018,43.907501220703125
35019,54.81718158721924
35020,54.81718158721924
35021,54.81718158721924
35022,54.81718158721924
35023,54.81718158721924
35024,54.81718158721924
35025,54.81718158721924
35026,54.81718158721924
35027,54.81718158721924
35028,54.81718158721924
35029,54.81718158721924
35030,54.81718158721924
35031,54.81718158721924
35032,54.81718158721924
35033,54.81718158721924
35034,54.81718158721924
35035,65.75499534606934
35036,65.75499534606934
35037,76.67537593841553
35038,87.65251159667969
35039,87.65251159667969
35040,98.23373889923096
35041,98.23373889923096
35042,98.23373889923096
35043,98.23373889923096
35044,98.23373889923096
35045,98.23373889923096
35046,87.26116752624512
35047,87.26116752624512
35048,87.26116752624512
35049,98.21374988555908
35050,108.97813129425049
35051,108.97813129425049
35052,108.97813129425049
35053,98.39690399169922
35054,98.39690399169922
35055,98.39690399169922
35056,98.39690399169922
35057,98.39690399169922
35058,98.39690399169922
35059,98.39690399169922
35060,109.34932518005371
35061,109.34932518005371
35062,109.34932518005371
35063,109.34932518005371
35064,120.28825378417969
35065,120.28825378417969
35066,109.28825378417969
35067,109.28825378417969
35068,109.28825378417969
35069,109.28825378417969
35070,109.28825378417969
35071,109.28825378417969
35072,109.28825378417969
35073,109.28825378417969
35074,120.37857341766357
35075,120.37857341766357
35076,120.37857341766357
35077,120.37857341766357
35078,131.2012357711792
35079,131.2012357711792
35080,142.13964366912842
35081,131.20182991027832
35082,131.20182991027832
35083,120.20182991027832
35084,120.20182991027832
35085,131.20182991027832
35086,131.20182991027832
35087,131.20182991027832
35088,120.23604202270508
35089,120.23604202270508
35090,120.23604202270508
35091,120.47166061401367
35092,131.32902336120605
35093,131.32902336120605
35094,131.32902336120605
35095,131.32902336120605
35096,131.32902336120605
35097,131.32902336120605
35098,131.32902336120605
35099,120.32902336120605
35100,120.32902336120605
35101,120.32902336120605
35102,120.32902336120605
35103,131.27160167694092
35104,142.25336074829102
35105,142.25336074829102
35106,142.25336074829102
35107,142.25336074829102
35108,142.25336074829102
35109,142.25336074829102
35110,142.25336074829102
35111,142.25336074829102
35112,142.25336074829102
35113,142.25336074829102
35114,142.25336074829102
35115,153.04500484466553
35116,164.04500484466553
35117,164.04500484466553
35118,175.00978183746338
35119,196.8504409790039
35120,196.8504409790039
35121,185.8504409790039
35122,185.8504409790039
35123,185.8504409790039
35124,196.83244705200195
35125,196.83244705200195
35126,196.83244705200195
35127,196.83244705200195
35128,186.05536651611328
35129,186.05536651611328
35130,186.05536651611328
35131,186.0354061126709
35132,186.0354061126709
35133,196.39731693267822
35134,207.1975440979004
35135,196.3114423751831
35136,196.3114423751831
35137,196.3114423751831
35138,196.3114423751831
35139,196.3114423751831
35140,185.34230041503906
35141,185.34230041503906
35142,185.34230041503906
35143,185.34230041503906
35144,185.34230041503906
35145,174.98038959503174
35146,174.98038959503174
35147,174.98038959503174
35148,185.91743850708008
35149,185.91743850708008
35150,185.91743850708008
35151,185.91743850708008
35152,185.91743850708008
35153,185.91743850708008
35154,185.87040996551514
35155,196.75149250030518
35156,196.75149250030518
35157,185.95984840393066
35158,175.1596212387085
35159,175.1596212387085
35160,175.1596212387085
35161,175.1408052444458
35162,175.1408052444458
35163,175.1408052444458
35164,175.1408052444458
35165,164.1408052444458
35166,164.1408052444458
35167,164.1408052444458
35168,164.1408052444458
35169,175.100567817688
35170,175.100567817688
35171,175.100567817688
35172,185.99147605895996
35173,185.99147605895996
35174,185.99147605895996
35175,164.1001262664795
35176,164.1001262664795
35177,164.1001262664795
35178,164.1001262664795
35179,164.1001262664795
35180,164.1001262664795
35181,164.1001262664795
35182,164.1001262664795
35183,164.1001262664795
35184,164.1001262664795
35185,164.1001262664795
35186,164.1001262664795
35187,164.1001262664795
35188,164.1001262664795
35189,153.16171836853027
35190,153.16171836853027
35191,153.16171836853027
35192,153.16171836853027
35193,153.16171836853027
35194,153.16171836853027
35195,153.16171836853027
35196,153.16171836853027
35197,142.25877380371094
35198,142.25877380371094
35199,142.25877380371094
35200,142.25877380371094
35201,142.25877380371094
35202,153.244460105896
35203,153.244460105896
35204,164.244460105896
35205,164.244460105896
35206,164.244460105896
35207,164.244460105896
35208,164.244460105896
35209,175.20487785339355
35210,175.20487785339355
35211,175.20487785339355
35212,175.20487785339355
35213,175.20487785339355
35214,175.20487785339355
35215,175.20487785339355
35216,175.20487785339355
35217,164.31396961212158
35218,164.31396961212158
35219,164.31396961212158
35220,164.31396961212158
35221,164.31396961212158
35222,164.31396961212158
35223,164.31396961212158
35224,164.31396961212158
35225,164.31396961212158
35226,175.31396961212158
35227,175.31396961212158
35228,175.31396961212158
35229,175.31396961212158
35230,164.37692070007324
35231,164.37692070007324
35232,164.37692070007324
35233,164.37692070007324
35234,164.37692070007324
35235,164.37692070007324
35236,164.37692070007324
35237,164.37692070007324
35238,164.37692070007324
35239,153.39688110351562
35240,142.45430278778076
35241,142.45430278778076
35242,142.45430278778076
35243,142.45430278778076
35244,142.45430278778076
35245,131.57322025299072
35246,131.57322025299072
35247,120.67165565490723
35248,120.67165565490723
35249,120.67165565490723
35250,120.67165565490723
35251,120.67165565490723
35252,120.67165565490723
35253,120.67165565490723
35254,120.67165565490723
35255,120.67165565490723
35256,120.67165565490723
35257,120.67165565490723
35258,120.67165565490723
35259,120.67165565490723
35260,120.67165565490723
35261,120.67165565490723
35262,120.67165565490723
35263,120.67165565490723
35264,120.67165565490723
35265,120.67165565490723
35266,109.76412677764893
35267,109.76412677764893
35268,98.81154441833496
35269,98.81154441833496
35270,98.81154441833496
35271,98.81154441833496
35272,98.81154441833496
35273,98.81154441833496
35274,98.81154441833496
35275,98.81154441833496
35276,98.81154441833496
35277,98.81154441833496
35278,98.81154441833496
35279,98.81154441833496
35280,98.81154441833496
35281,98.81154441833496
35282,98.81154441833496
35283,98.81154441833496
35284,98.81154441833496
35285,98.81154441833496
35286,98.81154441833496
35287,98.81154441833496
35288,98.81154441833496
35289,98.81154441833496
35290,98.81154441833496
35291,98.81154441833496
35292,98.81154441833496
35293,98.81154441833496
35294,98.81154441833496
35295,98.81154441833496
35296,98.81154441833496
35297,98.81154441833496
35298,109.78880214691162
35299,109.78880214691162
35300,109.78880214691162
35301,109.78880214691162
35302,120.76240539550781
35303,120.76240539550781
35304,120.76240539550781
35305,109.76240539550781
35306,109.76240539550781
35307,109.76240539550781
35308,109.76240539550781
35309,109.76240539550781
35310,109.76240539550781
35311,98.78526973724365
35312,98.78526973724365
35313,98.78526973724365
35314,98.78526973724365
35315,98.78526973724365
35316,98.78526973724365
35317,98.78526973724365
35318,98.78526973724365
35319,98.78526973724365
35320,98.78526973724365
35321,98.78526973724365
35322,98.78526973724365
35323,98.78526973724365
35324,98.78526973724365
35325,98.78526973724365
35326,98.78526973724365
35327,98.78526973724365
35328,98.78526973724365
35329,87.80351066589355
35330,87.80351066589355
35331,87.80351066589355
35332,87.80351066589355
35333,87.80351066589355
35334,87.80351066589355
35335,87.80351066589355
35336,87.80351066589355
35337,87.80351066589355
35338,87.80351066589355
35339,87.80351066589355
35340,87.80351066589355
35341,98.6460189819336
35342,98.6460189819336
35343,98.6460189819336
35344,98.6460189819336
35345,98.6460189819336
35346,98.6460189819336
35347,87.68560123443604
35348,98.63112735748291
35349,98.63112735748291
35350,87.66635036468506
35351,87.66635036468506
35352,87.66635036468506
35353,87.66635036468506
35354,87.66635036468506
35355,87.66635036468506
35356,87.66635036468506
35357,87.66635036468506
35358,87.66635036468506
35359,87.66635036468506
35360,87.66635036468506
35361,87.66635036468506
35362,87.66635036468506
35363,98.6528730392456
35364,98.6528730392456
35365,109.65087127685547
35366,109.65087127685547
35367,109.65087127685547
35368,109.65087127685547
35369,109.65087127685547
35370,109.65087127685547
35371,109.65087127685547
35372,109.65087127685547
35373,109.65087127685547
35374,109.65087127685547
35375,109.65087127685547
35376,109.65087127685547
35377,98.66518497467041
35378,98.66518497467041
35379,98.66518497467041
35380,98.66518497467041
35381,98.66518497467041
35382,98.66518497467041
35383,98.66518497467041
35384,98.66518497467041
35385,98.66518497467041
35386,87.68317890167236
35387,87.68317890167236
35388,87.68317890167236
35389,87.68317890167236
35390,87.68317890167236
35391,87.68317890167236
35392,87.68317890167236
35393,87.68317890167236
35394,87.68317890167236
35395,87.68317890167236
35396,76.84067058563232
35397,76.84067058563232
35398,76.84067058563232
35399,76.84067058563232
35400,76.84067058563232
35401,87.80419063568115
35402,87.80419063568115
35403,87.80419063568115
35404,87.80419063568115
35405,98.80419063568115
35406,98.80419063568115
35407,98.80419063568115
35408,109.80419063568115
35409,109.80419063568115
35410,98.84442806243896
35411,98.84442806243896
35412,98.84442806243896
35413,98.84442806243896
35414,98.84442806243896
35415,98.84442806243896
35416,109.82196235656738
35417,109.82196235656738
35418,109.82196235656738
35419,109.82196235656738
35420,109.82196235656738
35421,109.82196235656738
35422,109.82196235656738
35423,109.82196235656738
35424,109.82196235656738
35425,109.82196235656738
35426,109.82196235656738
35427,109.82196235656738
35428,109.82196235656738
35429,109.82196235656738
35430,109.82196235656738
35431,109.82196235656738
35432,109.82196235656738
35433,109.82196235656738
35434,109.82196235656738
35435,109.82196235656738
35436,109.82196235656738
35437,109.82196235656738
35438,109.82196235656738
35439,109.82196235656738
35440,109.82196235656738
35441,98.82396411895752
35442,98.82396411895752
35443,98.82396411895752
35444,98.82396411895752
35445,98.82396411895752
35446,87.82396411895752
35447,98.7911729812622
35448,98.7911729812622
35449,98.7911729812622
35450,98.7911729812622
35451,109.73623371124268
35452,109.73623371124268
35453,109.73623371124268
35454,109.73623371124268
35455,109.73623371124268
35456,109.73623371124268
35457,109.73623371124268
35458,109.73623371124268
35459,109.73623371124268
35460,109.73623371124268
35461,109.73623371124268
35462,109.73623371124268
35463,109.73623371124268
35464,109.73623371124268
35465,109.73623371124268
35466,109.73623371124268
35467,109.73623371124268
35468,109.73623371124268
35469,109.73623371124268
35470,109.73623371124268
35471,109.73623371124268
35472,109.73623371124268
35473,109.73623371124268
35474,109.73623371124268
35475,109.73623371124268
35476,109.73623371124268
35477,109.73623371124268
35478,109.73623371124268
35479,109.73623371124268
35480,109.73623371124268
35481,109.73623371124268
35482,109.73623371124268
35483,109.73623371124268
35484,109.73623371124268
35485,109.73623371124268
35486,109.73623371124268
35487,98.7907075881958
35488,98.7907075881958
35489,98.7907075881958
35490,98.7907075881958
35491,98.7907075881958
35492,98.7907075881958
35493,98.7907075881958
35494,98.7907075881958
35495,98.7907075881958
35496,98.7907075881958
35497,98.7907075881958
35498,98.7907075881958
35499,98.7907075881958
35500,98.7907075881958
35501,98.7907075881958
35502,98.7907075881958
35503,98.7907075881958
35504,98.7907075881958
35505,109.74225330352783
35506,98.75573062896729
35507,98.75573062896729
35508,98.75573062896729
35509,98.75573062896729
35510,98.75573062896729
35511,98.75573062896729
35512,98.75573062896729
35513,98.75573062896729
35514,98.75573062896729
35515,98.75573062896729
35516,98.75573062896729
35517,87.77847290039062
35518,87.77847290039062
35519,87.77847290039062
35520,87.77847290039062
35521,87.77847290039062
35522,87.77847290039062
35523,87.77847290039062
35524,87.77847290039062
35525,98.66678714752197
35526,98.66678714752197
35527,98.66678714752197
35528,98.66678714752197
35529,87.66678714752197
35530,87.66678714752197
35531,87.66678714752197
35532,98.60369110107422
35533,98.60369110107422
35534,98.60369110107422
35535,98.60369110107422
35536,98.60369110107422
35537,98.60369110107422
35538,98.60369110107422
35539,98.60369110107422
35540,98.60369110107422
35541,98.60369110107422
35542,109.60369110107422
35543,109.60369110107422
35544,109.60369110107422
35545,109.60369110107422
35546,109.60369110107422
35547,109.60369110107422
35548,109.60369110107422
35549,120.60369110107422
35550,120.60369110107422
35551,120.60369110107422
35552,120.60369110107422
35553,120.60369110107422
35554,120.60369110107422
35555,120.60369110107422
35556,120.60369110107422
35557,120.60369110107422
35558,120.60369110107422
35559,120.60369110107422
35560,131.53546714782715
35561,131.53546714782715
35562,131.53546714782715
35563,131.53546714782715
35564,131.53546714782715
35565,131.53546714782715
35566,131.53546714782715
35567,120.56186389923096
35568,120.56186389923096
35569,131.4840669631958
35570,131.4840669631958
35571,131.4840669631958
35572,142.4433717727661
35573,142.4433717727661
35574,142.4433717727661
35575,153.32569694519043
35576,153.32569694519043
35577,153.32569694519043
35578,153.32172870635986
35579,153.32172870635986
35580,153.32172870635986
35581,153.32172870635986
35582,142.32172870635986
35583,142.32172870635986
35584,153.22480010986328
35585,153.22480010986328
35586,153.22480010986328
35587,153.22480010986328
35588,163.70847606658936
35589,163.70847606658936
35590,163.70847606658936
35591,163.70847606658936
35592,174.6466884613037
35593,196.57820796966553
35594,218.52943515777588
35595,218.52943515777588
35596,218.52943515777588
35597,218.52943515777588
35598,218.52943515777588
35599,229.51516151428223
35600,229.51516151428223
35601,240.51516151428223
35602,240.51516151428223
35603,240.51516151428223
35604,230.03148555755615
35605,230.03148555755615
35606,230.03148555755615
35607,230.03148555755615
35608,241.03011989593506
35609,241.03011989593506
35610,251.42393970489502
35611,251.42393970489502
35612,240.4604196548462
35613,229.57210540771484
35614,229.57210540771484
35615,218.57210540771484
35616,218.57210540771484
35617,229.5171127319336
35618,229.5171127319336
35619,229.5171127319336
35620,240.4810972213745
35621,240.4810972213745
35622,230.08727741241455
35623,230.08727741241455
35624,229.96584510803223
35625,229.96584510803223
35626,229.96584510803223
35627,219.0835199356079
35628,219.0835199356079
35629,219.0835199356079
35630,219.0835199356079
35631,219.0835199356079
35632,219.0835199356079
35633,219.0835199356079
35634,219.0835199356079
35635,229.57062816619873
35636,229.57062816619873
35637,240.57062816619873
35638,240.57062816619873
35639,229.6388521194458
35640,251.53852367401123
35641,240.5609893798828
35642,240.5609893798828
35643,240.5609893798828
35644,251.45842838287354
35645,251.45842838287354
35646,262.45537185668945
35647,262.45537185668945
35648,273.4130344390869
35649,284.4130344390869
35650,284.4130344390869
35651,295.34300804138184
35652,306.2004117965698
35653,306.2004117965698
35654,295.713303565979
35655,295.713303565979
35656,295.713303565979
35657,295.713303565979
35658,295.713303565979
35659,295.713303565979
35660,284.71960258483887
35661,295.71960258483887
35662,295.71960258483887
35663,295.71960258483887
35664,295.71960258483887
35665,295.71960258483887
35666,273.71960258483887
35667,273.71960258483887
35668,273.71960258483887
35669,262.81653118133545
35670,262.81653118133545
35671,262.81653118133545
35672,262.81653118133545
35673,273.7356367111206
35674,273.7356367111206
35675,262.7978181838989
35676,262.7978181838989
35677,262.7978181838989
35678,273.76570224761963
35679,273.76570224761963
35680,273.76570224761963
35681,262.8287982940674
35682,251.82879829406738
35683,251.82879829406738
35684,240.9364471435547
35685,251.9364471435547
35686,251.9364471435547
35687,251.9781837463379
35688,251.9781837463379
35689,251.9781837463379
35690,251.9781837463379
35691,251.9781837463379
35692,251.9781837463379
35693,251.9781837463379
35694,251.9781837463379
35695,251.9781837463379
35696,251.9781837463379
35697,251.9781837463379
35698,251.9781837463379
35699,251.9781837463379
35700,241.03997135162354
35701,241.03997135162354
35702,241.03997135162354
35703,241.03997135162354
35704,241.03997135162354
35705,251.85126113891602
35706,251.85126113891602
35707,251.85126113891602
35708,240.8390417098999
35709,240.8390417098999
35710,240.8390417098999
35711,251.7648639678955
35712,251.7648639678955
35713,251.7648639678955
35714,262.7648639678955
35715,262.7648639678955
35716,262.7648639678955
35717,251.81331825256348
35718,251.81331825256348
35719,251.81331825256348
35720,251.81331825256348
35721,251.81331825256348
35722,240.81331825256348
35723,229.9559144973755
35724,229.9559144973755
35725,229.9559144973755
35726,229.9559144973755
35727,218.99193000793457
35728,218.99193000793457
35729,218.99193000793457
35730,208.05083751678467
35731,218.86153602600098
35732,218.86153602600098
35733,218.86153602600098
35734,218.86153602600098
35735,218.86153602600098
35736,218.86153602600098
35737,207.91030883789062
35738,207.91030883789062
35739,207.91030883789062
35740,207.91030883789062
35741,207.91030883789062
35742,207.91030883789062
35743,207.91030883789062
35744,218.87392330169678
35745,218.87392330169678
35746,218.87392330169678
35747,229.82824230194092
35748,229.82824230194092
35749,218.91943550109863
35750,218.91943550109863
35751,218.91943550109863
35752,218.91943550109863
35753,219.07763671875
35754,219.07763671875
35755,219.07763671875
35756,219.07763671875
35757,219.07763671875
35758,219.07763671875
35759,219.07763671875
35760,219.07763671875
35761,219.07763671875
35762,208.2669382095337
35763,197.2669382095337
35764,197.2669382095337
35765,208.25377082824707
35766,218.91923427581787
35767,208.06680583953857
35768,208.06680583953857
35769,208.06680583953857
35770,208.06680583953857
35771,208.06680583953857
35772,208.06680583953857
35773,208.06680583953857
35774,208.06680583953857
35775,208.06680583953857
35776,208.06680583953857
35777,208.06680583953857
35778,208.06680583953857
35779,208.06680583953857
35780,197.1091432571411
35781,208.0933084487915
35782,208.0933084487915
35783,208.0933084487915
35784,208.0933084487915
35785,208.0933084487915
35786,208.0933084487915
35787,208.0933084487915
35788,208.0933084487915
35789,208.0933084487915
35790,208.0933084487915
35791,208.0933084487915
35792,208.0933084487915
35793,197.16333484649658
35794,208.1487684249878
35795,208.1487684249878
35796,208.1487684249878
35797,197.1625518798828
35798,197.49479007720947
35799,186.54978275299072
35800,186.54978275299072
35801,186.54978275299072
35802,186.54978275299072
35803,175.5904779434204
35804,175.5904779434204
35805,175.5904779434204
35806,175.5904779434204
35807,164.67137241363525
35808,164.67137241363525
35809,164.67137241363525
35810,164.67137241363525
35811,142.7077579498291
35812,153.6540174484253
35813,153.6540174484253
35814,153.6540174484253
35815,153.6540174484253
35816,164.62096977233887
35817,186.61829662322998
35818,186.61829662322998
35819,186.61829662322998
35820,186.61829662322998
35821,186.61829662322998
35822,186.61829662322998
35823,186.61829662322998
35824,186.61829662322998
35825,186.61829662322998
35826,186.61829662322998
35827,186.61829662322998
35828,186.61829662322998
35829,186.61829662322998
35830,186.61829662322998
35831,186.61829662322998
35832,186.61829662322998
35833,186.61829662322998
35834,197.6058111190796
35835,197.6058111190796
35836,197.6058111190796
35837,197.6058111190796
35838,197.6058111190796
35839,197.6058111190796
35840,197.6058111190796
35841,197.6058111190796
35842,197.6058111190796
35843,186.62008476257324
35844,186.62008476257324
35845,186.62008476257324
35846,186.62008476257324
35847,186.62008476257324
35848,175.6657657623291
35849,186.66115474700928
35850,186.66115474700928
35851,186.66115474700928
35852,186.66115474700928
35853,186.66115474700928
35854,175.69327068328857
35855,175.69327068328857
35856,175.69327068328857
35857,175.69327068328857
35858,164.76744842529297
35859,164.76744842529297
35860,164.76744842529297
35861,164.76744842529297
35862,153.76881408691406
35863,153.76881408691406
35864,153.76881408691406
35865,153.76881408691406
35866,153.76881408691406
35867,153.76881408691406
35868,142.79932308197021
35869,142.79932308197021
35870,142.79932308197021
35871,142.79932308197021
35872,142.79932308197021
35873,142.79932308197021
35874,142.79932308197021
35875,142.79932308197021
35876,142.79932308197021
35877,142.79932308197021
35878,142.79932308197021
35879,142.79932308197021
35880,142.79932308197021
35881,142.79932308197021
35882,142.79932308197021
35883,142.79932308197021
35884,142.79932308197021
35885,142.79932308197021
35886,142.79932308197021
35887,142.79932308197021
35888,142.79932308197021
35889,153.7550916671753
35890,153.7550916671753
35891,153.7550916671753
35892,153.7550916671753
35893,142.79115200042725
35894,142.79115200042725
35895,142.79115200042725
35896,142.79115200042725
35897,142.79115200042725
35898,142.79115200042725
35899,164.70590114593506
35900,164.70590114593506
35901,164.70590114593506
35902,164.70590114593506
35903,153.72173595428467
35904,153.72173595428467
35905,153.72173595428467
35906,142.72479248046875
35907,142.72479248046875
35908,131.75784015655518
35909,120.76051330566406
35910,120.76051330566406
35911,120.76051330566406
35912,120.76051330566406
35913,120.76051330566406
35914,130.53704452514648
35915,130.53704452514648
35916,130.53704452514648
35917,130.53704452514648
35918,130.53704452514648
35919,120.76051330566406
35920,120.76051330566406
35921,120.76051330566406
35922,120.76051330566406
35923,120.76051330566406
35924,120.76051330566406
35925,120.76051330566406
35926,120.76051330566406
35927,131.7377290725708
35928,131.7377290725708
35929,131.7377290725708
35930,131.7377290725708
35931,120.74686431884766
35932,120.74686431884766
35933,120.74686431884766
35934,120.74686431884766
35935,109.75147533416748
35936,109.75147533416748
35937,109.75147533416748
35938,98.75147533416748
35939,98.75147533416748
35940,98.75147533416748
35941,98.75147533416748
35942,98.75147533416748
35943,87.7646427154541
35944,87.7646427154541
35945,87.7646427154541
35946,87.7646427154541
35947,87.7646427154541
35948,87.7646427154541
35949,87.7646427154541
35950,87.7646427154541
35951,87.7646427154541
35952,87.7646427154541
35953,87.7646427154541
35954,87.7646427154541
35955,87.7646427154541
35956,87.7646427154541
35957,87.7646427154541
35958,87.7646427154541
35959,87.7646427154541
35960,87.7646427154541
35961,87.7646427154541
35962,87.7646427154541
35963,87.7646427154541
35964,87.7646427154541
35965,87.7646427154541
35966,87.7646427154541
35967,76.81838321685791
35968,65.86261463165283
35969,65.86261463165283
35970,65.86261463165283
35971,65.86261463165283
35972,65.86261463165283
35973,65.86261463165283
35974,65.86261463165283
35975,65.86261463165283
35976,54.87718105316162
35977,54.87718105316162
35978,54.87718105316162
35979,54.87718105316162
35980,54.87718105316162
35981,54.87718105316162
35982,54.87718105316162
35983,54.87718105316162
35984,54.87718105316162
35985,54.87718105316162
35986,54.87718105316162
35987,54.87718105316162
35988,54.87718105316162
35989,54.87718105316162
35990,54.87718105316162
35991,54.87718105316162
35992,54.87718105316162
35993,54.87718105316162
35994,54.87718105316162
35995,54.87718105316162
35996,54.87718105316162
35997,54.87718105316162
35998,43.87947940826416
35999,43.87947940826416
36000,43.87947940826416
36001,43.87947940826416
36002,43.87947940826416
36003,43.87947940826416
36004,43.87947940826416
36005,43.87947940826416
36006,43.87947940826416
36007,43.87947940826416
36008,43.87947940826416
36009,43.87947940826416
36010,43.87947940826416
36011,43.87947940826416
36012,43.87947940826416
36013,43.87947940826416
36014,43.87947940826416
36015,43.87947940826416
36016,43.87947940826416
36017,43.87947940826416
36018,43.87947940826416
36019,43.87947940826416
36020,43.87947940826416
36021,43.87947940826416
36022,43.87947940826416
36023,43.87947940826416
36024,43.87947940826416
36025,43.87947940826416
36026,43.87947940826416
36027,43.87947940826416
36028,43.87947940826416
36029,43.87947940826416
36030,43.87947940826416
36031,32.89196491241455
36032,32.89196491241455
36033,32.89196491241455
36034,32.89196491241455
36035,32.89196491241455
36036,32.89196491241455
36037,32.89196491241455
36038,32.89196491241455
36039,32.89196491241455
36040,32.89196491241455
36041,32.89196491241455
36042,32.89196491241455
36043,32.89196491241455
36044,32.89196491241455
36045,32.89196491241455
36046,32.89196491241455
36047,32.89196491241455
36048,32.89196491241455
36049,32.89196491241455
36050,32.89196491241455
36051,32.89196491241455
36052,32.89196491241455
36053,21.95301628112793
36054,32.86094093322754
36055,32.86094093322754
36056,32.86094093322754
36057,32.86094093322754
36058,32.86094093322754
36059,32.86094093322754
36060,32.86094093322754
36061,32.86094093322754
36062,32.86094093322754
36063,32.86094093322754
36064,32.86094093322754
36065,32.86094093322754
36066,32.86094093322754
36067,32.86094093322754
36068,32.86094093322754
36069,32.86094093322754
36070,32.86094093322754
36071,32.86094093322754
36072,32.86094093322754
36073,32.86094093322754
36074,32.86094093322754
36075,32.86094093322754
36076,32.86094093322754
36077,32.86094093322754
36078,32.86094093322754
36079,32.86094093322754
36080,32.86094093322754
36081,32.86094093322754
36082,32.86094093322754
36083,32.86094093322754
36084,32.86094093322754
36085,32.86094093322754
36086,32.86094093322754
36087,32.86094093322754
36088,32.86094093322754
36089,21.885140419006348
36090,21.885140419006348
36091,21.885140419006348
36092,21.885140419006348
36093,21.885140419006348
36094,21.885140419006348
36095,21.885140419006348
36096,21.885140419006348
36097,21.885140419006348
36098,21.885140419006348
36099,21.885140419006348
36100,21.885140419006348
36101,21.885140419006348
36102,21.885140419006348
36103,21.885140419006348
36104,21.885140419006348
36105,21.885140419006348
36106,21.885140419006348
36107,21.885140419006348
36108,21.885140419006348
36109,21.885140419006348
36110,10.90792465209961
36111,10.90792465209961
36112,10.90792465209961
36113,10.90792465209961
36114,10.90792465209961
36115,10.90792465209961
36116,10.90792465209961
36117,10.90792465209961
36118,10.90792465209961
36119,10.90792465209961
36120,10.90792465209961
36121,10.90792465209961
36122,10.90792465209961
36123,10.90792465209961
36124,10.90792465209961
36125,0.0
36126,0.0
36127,0.0
36128,0.0
36129,0.0
36130,0.0
36131,0.0
36132,0.0
36133,0.0
36134,0.0
36135,0.0
36136,0.0
36137,0.0
36138,0.0
36139,0.0
36140,0.0
36141,0.0
36142,0.0
36143,0.0
36144,0.0
36145,0.0
36146,0.0
36147,0.0
36148,0.0
36149,0.0
36150,0.0
36151,10.948614120483398
36152,10.948614120483398
36153,10.948614120483398
36154,10.948614120483398
36155,10.948614120483398
36156,10.948614120483398
36157,10.948614120483398
36158,10.948614120483398
36159,10.948614120483398
36160,10.948614120483398
36161,10.948614120483398
36162,10.948614120483398
36163,10.948614120483398
36164,10.948614120483398
36165,10.948614120483398
36166,10.948614120483398
36167,10.948614120483398
36168,10.948614120483398
36169,10.948614120483398
36170,10.948614120483398
36171,10.948614120483398
36172,10.948614120483398
36173,10.948614120483398
36174,10.948614120483398
36175,10.948614120483398
36176,10.948614120483398
36177,10.948614120483398
36178,10.948614120483398
36179,10.948614120483398
36180,10.948614120483398
36181,10.948614120483398
36182,10.948614120483398
36183,10.948614120483398
36184,10.948614120483398
36185,10.948614120483398
36186,10.948614120483398
36187,10.948614120483398
36188,10.948614120483398
36189,10.948614120483398
36190,10.948614120483398
36191,10.948614120483398
36192,10.948614120483398
36193,10.948614120483398
36194,10.948614120483398
36195,10.948614120483398
36196,10.948614120483398
36197,10.948614120483398
36198,10.948614120483398
36199,10.948614120483398
36200,10.948614120483398
36201,10.948614120483398
36202,10.948614120483398
36203,10.948614120483398
36204,10.948614120483398
36205,10.948614120483398
36206,10.948614120483398
36207,10.948614120483398
36208,10.948614120483398
36209,10.948614120483398
36210,10.948614120483398
36211,10.948614120483398
36212,10.948614120483398
36213,10.948614120483398
36214,10.948614120483398
36215,10.948614120483398
36216,10.948614120483398
36217,10.948614120483398
36218,10.948614120483398
36219,10.948614120483398
36220,10.948614120483398
36221,10.948614120483398
36222,10.948614120483398
36223,10.948614120483398
36224,10.948614120483398
36225,10.948614120483398
36226,10.948614120483398
36227,10.948614120483398
36228,10.948614120483398
36229,10.948614120483398
36230,10.948614120483398
36231,10.948614120483398
36232,10.948614120483398
36233,10.948614120483398
36234,10.948614120483398
36235,10.948614120483398
36236,10.948614120483398
36237,10.948614120483398
36238,10.948614120483398
36239,10.948614120483398
36240,10.948614120483398
36241,10.948614120483398
36242,10.948614120483398
36243,10.948614120483398
36244,10.948614120483398
36245,10.948614120483398
36246,10.948614120483398
36247,10.948614120483398
36248,10.948614120483398
36249,10.948614120483398
36250,10.948614120483398
36251,10.948614120483398
36252,10.948614120483398
36253,10.948614120483398
36254,10.948614120483398
36255,10.948614120483398
36256,10.948614120483398
36257,10.948614120483398
36258,10.948614120483398
36259,10.948614120483398
36260,10.948614120483398
36261,10.948614120483398
36262,10.948614120483398
36263,10.948614120483398
36264,10.948614120483398
36265,21.892662048339844
36266,21.892662048339844
36267,21.892662048339844
36268,21.892662048339844
36269,21.892662048339844
36270,21.892662048339844
36271,21.892662048339844
36272,21.892662048339844
36273,21.892662048339844
36274,21.892662048339844
36275,21.892662048339844
36276,21.892662048339844
36277,21.892662048339844
36278,21.892662048339844
36279,21.892662048339844
36280,21.892662048339844
36281,21.892662048339844
36282,21.892662048339844
36283,21.892662048339844
36284,21.892662048339844
36285,21.892662048339844
36286,21.892662048339844
36287,10.944047927856445
36288,10.944047927856445
36289,10.944047927856445
36290,10.944047927856445
36291,10.944047927856445
36292,10.944047927856445
36293,10.944047927856445
36294,10.944047927856445
36295,10.944047927856445
36296,10.944047927856445
36297,10.944047927856445
36298,10.944047927856445
36299,10.944047927856445
36300,10.944047927856445
36301,10.944047927856445
36302,10.944047927856445
36303,10.944047927856445
36304,10.944047927856445
36305,10.944047927856445
36306,10.944047927856445
36307,10.944047927856445
36308,10.944047927856445
36309,10.944047927856445
36310,10.944047927856445
36311,10.944047927856445
36312,10.944047927856445
36313,10.944047927856445
36314,10.944047927856445
36315,10.944047927856445
36316,10.944047927856445
36317,10.944047927856445
36318,10.944047927856445
36319,10.944047927856445
36320,10.944047927856445
36321,10.944047927856445
36322,10.944047927856445
36323,10.944047927856445
36324,10.944047927856445
36325,10.944047927856445
36326,10.944047927856445
36327,10.944047927856445
36328,10.944047927856445
36329,10.944047927856445
36330,10.944047927856445
36331,10.944047927856445
36332,10.944047927856445
36333,10.944047927856445
36334,21.916366577148438
36335,21.916366577148438
36336,21.916366577148438
36337,21.916366577148438
36338,21.916366577148438
36339,21.916366577148438
36340,21.916366577148438
36341,21.916366577148438
36342,32.63806438446045
36343,32.63806438446045
36344,32.63806438446045
36345,32.63806438446045
36346,32.63806438446045
36347,32.63806438446045
36348,32.63806438446045
36349,32.63806438446045
36350,32.63806438446045
36351,32.63806438446045
36352,32.63806438446045
36353,32.63806438446045
36354,32.63806438446045
36355,32.63806438446045
36356,32.63806438446045
36357,32.63806438446045
36358,32.63806438446045
36359,32.63806438446045
36360,32.63806438446045
36361,21.916366577148438
36362,21.916366577148438
36363,21.916366577148438
36364,21.916366577148438
36365,21.916366577148438
36366,21.916366577148438
36367,21.916366577148438
36368,21.916366577148438
36369,21.916366577148438
36370,21.916366577148438
36371,21.916366577148438
36372,21.916366577148438
36373,21.916366577148438
36374,21.916366577148438
36375,21.916366577148438
36376,21.916366577148438
36377,21.916366577148438
36378,21.916366577148438
36379,21.916366577148438
36380,21.916366577148438
36381,21.916366577148438
36382,21.916366577148438
36383,32.473079681396484
36384,32.473079681396484
36385,32.473079681396484
36386,32.473079681396484
36387,32.473079681396484
36388,32.473079681396484
36389,42.802473068237305
36390,42.802473068237305
36391,42.802473068237305
36392,42.802473068237305
36393,42.802473068237305
36394,42.802473068237305
36395,42.802473068237305
36396,42.802473068237305
36397,42.802473068237305
36398,32.24575996398926
36399,32.24575996398926
36400,54.151041984558105
36401,54.151041984558105
36402,54.151041984558105
36403,54.151041984558105
36404,43.821648597717285
36405,43.821648597717285
36406,43.821648597717285
36407,43.821648597717285
36408,43.821648597717285
36409,43.821648597717285
36410,43.821648597717285
36411,43.821648597717285
36412,43.821648597717285
36413,43.821648597717285
36414,32.87760066986084
36415,32.87760066986084
36416,32.87760066986084
36417,32.87760066986084
36418,43.8323335647583
36419,43.8323335647583
36420,54.8323335647583
36421,54.8323335647583
36422,54.8323335647583
36423,54.8323335647583
36424,54.8323335647583
36425,54.8323335647583
36426,54.8323335647583
36427,54.8323335647583
36428,54.8323335647583
36429,54.8323335647583
36430,54.8323335647583
36431,54.8323335647583
36432,54.8323335647583
36433,54.8323335647583
36434,54.8323335647583
36435,54.8323335647583
36436,54.8323335647583
36437,54.8323335647583
36438,54.8323335647583
36439,65.40952682495117
36440,65.40952682495117
36441,65.40952682495117
36442,65.40952682495117
36443,65.40952682495117
36444,65.40952682495117
36445,65.40952682495117
36446,65.40952682495117
36447,65.40952682495117
36448,76.40952682495117
36449,76.40952682495117
36450,76.40952682495117
36451,76.40952682495117
36452,76.40952682495117
36453,76.40952682495117
36454,76.40952682495117
36455,76.40952682495117
36456,87.36299800872803
36457,87.78580474853516
36458,87.78580474853516
36459,98.7641134262085
36460,98.7641134262085
36461,98.7641134262085
36462,98.7641134262085
36463,98.7641134262085
36464,98.7641134262085
36465,87.7641134262085
36466,87.7641134262085
36467,87.7641134262085
36468,87.7641134262085
36469,87.7641134262085
36470,87.7641134262085
36471,87.7641134262085
36472,98.6922082901001
36473,98.6922082901001
36474,98.6922082901001
36475,98.6922082901001
36476,98.6922082901001
36477,87.7198896408081
36478,87.7198896408081
36479,87.7198896408081
36480,87.7198896408081
36481,87.7198896408081
36482,98.7198896408081
36483,98.7198896408081
36484,109.68520641326904
36485,109.68520641326904
36486,109.68520641326904
36487,109.68520641326904
36488,120.58384418487549
36489,120.58384418487549
36490,120.58384418487549
36491,120.58384418487549
36492,109.58384418487549
36493,109.58384418487549
36494,109.58384418487549
36495,120.56699275970459
36496,120.56699275970459
36497,131.55751705169678
36498,120.57920837402344
36499,120.57920837402344
36500,131.49885749816895
36501,142.42180347442627
36502,153.4190912246704
36503,153.4190912246704
36504,153.4190912246704
36505,153.4190912246704
36506,153.4190912246704
36507,153.4190912246704
36508,153.4190912246704
36509,153.35635948181152
36510,153.35635948181152
36511,153.35635948181152
36512,153.35635948181152
36513,153.35635948181152
36514,153.35635948181152
36515,142.44315242767334
36516,142.44315242767334
36517,131.44315242767334
36518,131.44315242767334
36519,131.44315242767334
36520,131.44315242767334
36521,131.44315242767334
36522,131.44315242767334
36523,142.3108310699463
36524,142.3108310699463
36525,164.1746063232422
36526,164.1746063232422
36527,174.48712825775146
36528,174.48712825775146
36529,174.48712825775146
36530,196.36446857452393
36531,196.36446857452393
36532,196.36446857452393
36533,196.36446857452393
36534,196.36446857452393
36535,186.05194664001465
36536,186.05194664001465
36537,186.05194664001465
36538,186.05194664001465
36539,186.05194664001465
36540,186.05194664001465
36541,186.05194664001465
36542,196.66099643707275
36543,196.66099643707275
36544,196.66099643707275
36545,207.63645267486572
36546,229.56258392333984
36547,229.56258392333984
36548,240.5218334197998
36549,240.5218334197998
36550,240.5218334197998
36551,240.5218334197998
36552,240.5218334197998
36553,251.44275760650635
36554,251.44275760650635
36555,251.44275760650635
36556,262.4244394302368
36557,262.4244394302368
36558,262.4244394302368
36559,262.4244394302368
36560,262.4244394302368
36561,251.5047903060913
36562,251.5047903060913
36563,251.5047903060913
36564,240.8957405090332
36565,240.8957405090332
36566,251.860857963562
36567,251.860857963562
36568,251.860857963562
36569,251.860857963562
36570,262.82194232940674
36571,262.82194232940674
36572,273.76457595825195
36573,284.75153827667236
36574,273.81427001953125
36575,273.81427001953125
36576,273.81427001953125
36577,273.81427001953125
36578,273.81427001953125
36579,252.04795360565186
36580,273.87247943878174
36581,273.87247943878174
36582,273.87247943878174
36583,273.87247943878174
36584,273.87247943878174
36585,262.88933086395264
36586,262.88933086395264
36587,262.88933086395264
36588,262.88933086395264
36589,262.88933086395264
36590,262.88933086395264
36591,262.88933086395264
36592,251.96102237701416
36593,251.96102237701416
36594,251.96102237701416
36595,241.08236026763916
36596,251.35930156707764
36597,240.4363555908203
36598,229.44583129882812
36599,229.44583129882812
36600,229.44583129882812
36601,229.44583129882812
36602,218.4805145263672
36603,229.36310577392578
36604,229.36310577392578
36605,218.43501091003418
36606,218.43501091003418
36607,207.58209228515625
36608,207.58209228515625
36609,197.30515098571777
36610,197.30515098571777
36611,197.30515098571777
36612,197.30515098571777
36613,197.30515098571777
36614,197.30515098571777
36615,197.30515098571777
36616,197.30515098571777
36617,197.3130760192871
36618,197.3130760192871
36619,197.3130760192871
36620,197.3130760192871
36621,208.26206398010254
36622,208.26206398010254
36623,208.26206398010254
36624,208.26206398010254
36625,208.26206398010254
36626,197.28660774230957
36627,197.28660774230957
36628,197.28660774230957
36629,197.28660774230957
36630,197.28660774230957
36631,197.28660774230957
36632,197.28660774230957
36633,197.28660774230957
36634,197.28660774230957
36635,197.28660774230957
36636,197.28660774230957
36637,186.3318748474121
36638,186.3318748474121
36639,175.3318748474121
36640,175.3318748474121
36641,175.3318748474121
36642,175.3318748474121
36643,175.3318748474121
36644,175.3318748474121
36645,164.37840366363525
36646,153.39329051971436
36647,153.39329051971436
36648,153.39329051971436
36649,153.39329051971436
36650,142.39600276947021
36651,142.39600276947021
36652,142.39600276947021
36653,142.39600276947021
36654,142.39600276947021
36655,142.39600276947021
36656,131.47507858276367
36657,131.47507858276367
36658,131.47507858276367
36659,131.47507858276367
36660,131.47507858276367
36661,142.42889308929443
36662,142.42889308929443
36663,142.42889308929443
36664,142.42889308929443
36665,131.44193077087402
36666,131.44193077087402
36667,131.44193077087402
36668,131.44193077087402
36669,131.44193077087402
36670,131.44193077087402
36671,131.44193077087402
36672,131.44193077087402
36673,131.44193077087402
36674,131.44193077087402
36675,142.10312461853027
36676,142.10312461853027
36677,142.10312461853027
36678,142.10312461853027
36679,153.10312461853027
36680,153.10312461853027
36681,153.10312461853027
36682,153.10312461853027
36683,142.16049098968506
36684,142.16049098968506
36685,142.16049098968506
36686,142.16049098968506
36687,142.16049098968506
36688,142.16049098968506
36689,142.16049098968506
36690,142.16049098968506
36691,120.32886791229248
36692,120.32886791229248
36693,120.32886791229248
36694,109.39439678192139
36695,98.73320293426514
36696,98.73320293426514
36697,98.73320293426514
36698,98.73320293426514
36699,98.73320293426514
36700,87.76159572601318
36701,87.76159572601318
36702,87.76159572601318
36703,87.76159572601318
36704,87.76159572601318
36705,87.76159572601318
36706,87.76159572601318
36707,87.76159572601318
36708,87.76159572601318
36709,87.76159572601318
36710,87.76159572601318
36711,87.76159572601318
36712,87.76159572601318
36713,87.76159572601318
36714,87.76159572601318
36715,87.76159572601318
36716,87.76159572601318
36717,87.76159572601318
36718,87.76159572601318
36719,87.76159572601318
36720,87.76159572601318
36721,76.79647827148438
36722,76.79647827148438
36723,76.79647827148438
36724,76.79647827148438
36725,76.79647827148438
36726,76.79647827148438
36727,76.79647827148438
36728,76.79647827148438
36729,76.79647827148438
36730,76.79647827148438
36731,76.79647827148438
36732,76.79647827148438
36733,76.79647827148438
36734,76.79647827148438
36735,65.83539390563965
36736,65.83539390563965
36737,65.83539390563965
36738,65.83539390563965
36739,65.83539390563965
36740,65.83539390563965
36741,65.83539390563965
36742,65.83539390563965
36743,65.83539390563965
36744,65.83539390563965
36745,65.83539390563965
36746,65.83539390563965
36747,65.83539390563965
36748,65.83539390563965
36749,65.83539390563965
36750,65.83539390563965
36751,65.83539390563965
36752,65.83539390563965
36753,65.83539390563965
36754,65.83539390563965
36755,65.83539390563965
36756,65.83539390563965
36757,65.83539390563965
36758,65.83539390563965
36759,65.83539390563965
36760,65.83539390563965
36761,65.83539390563965
36762,65.83539390563965
36763,76.71720504760742
36764,76.71720504760742
36765,76.71720504760742
36766,76.71720504760742
36767,76.71720504760742
36768,76.71720504760742
36769,87.66717052459717
36770,87.66717052459717
36771,87.66717052459717
36772,87.66717052459717
36773,87.66717052459717
36774,87.66717052459717
36775,87.66717052459717
36776,87.66717052459717
36777,87.66717052459717
36778,87.66717052459717
36779,87.66717052459717
36780,87.66717052459717
36781,87.66717052459717
36782,76.6854887008667
36783,65.73650074005127
36784,65.73650074005127
36785,65.73650074005127
36786,65.73650074005127
36787,65.73650074005127
36788,65.73650074005127
36789,65.73650074005127
36790,65.73650074005127
36791,65.73650074005127
36792,65.73650074005127
36793,65.73650074005127
36794,65.73650074005127
36795,65.73650074005127
36796,65.73650074005127
36797,65.73650074005127
36798,65.73650074005127
36799,65.73650074005127
36800,65.73650074005127
36801,65.73650074005127
36802,65.73650074005127
36803,65.73650074005127
36804,65.73650074005127
36805,54.854689598083496
36806,43.895440101623535
36807,32.90377998352051
36808,32.90377998352051
36809,43.86492347717285
36810,43.86492347717285
36811,43.86492347717285
36812,43.86492347717285
36813,43.86492347717285
36814,43.86492347717285
36815,43.86492347717285
36816,43.86492347717285
36817,43.86492347717285
36818,43.86492347717285
36819,43.86492347717285
36820,43.86492347717285
36821,43.86492347717285
36822,43.86492347717285
36823,43.86492347717285
36824,43.86492347717285
36825,43.86492347717285
36826,43.86492347717285
36827,54.84202289581299
36828,54.84202289581299
36829,54.84202289581299
36830,54.84202289581299
36831,54.84202289581299
36832,54.84202289581299
36833,54.84202289581299
36834,54.84202289581299
36835,54.84202289581299
36836,54.84202289581299
36837,54.84202289581299
36838,54.84202289581299
36839,54.84202289581299
36840,54.84202289581299
36841,54.84202289581299
36842,54.84202289581299
36843,43.84202289581299
36844,43.84202289581299
36845,43.84202289581299
36846,43.84202289581299
36847,43.84202289581299
36848,43.84202289581299
36849,43.84202289581299
36850,43.84202289581299
36851,43.84202289581299
36852,54.81451988220215
36853,54.81451988220215
36854,54.81451988220215
36855,54.81451988220215
36856,65.78677558898926
36857,65.78677558898926
36858,65.78677558898926
36859,65.78677558898926
36860,65.78677558898926
36861,65.78677558898926
36862,65.78677558898926
36863,65.78677558898926
36864,65.78677558898926
36865,65.78677558898926
36866,65.78677558898926
36867,65.78677558898926
36868,65.78677558898926
36869,65.78677558898926
36870,65.78677558898926
36871,76.55217933654785
36872,76.55217933654785
36873,76.55217933654785
36874,76.55217933654785
36875,76.55217933654785
36876,65.59836483001709
36877,65.59836483001709
36878,65.59836483001709
36879,54.832961082458496
36880,54.832961082458496
36881,54.832961082458496
36882,54.832961082458496
36883,54.832961082458496
36884,54.832961082458496
36885,54.832961082458496
36886,54.832961082458496
36887,54.832961082458496
36888,54.832961082458496
36889,54.832961082458496
36890,54.832961082458496
36891,54.832961082458496
36892,54.832961082458496
36893,54.832961082458496
36894,54.832961082458496
36895,65.80697059631348
36896,65.80697059631348
36897,54.85700511932373
36898,54.85700511932373
36899,54.85700511932373
36900,54.85700511932373
36901,54.85700511932373
36902,65.80905532836914
36903,76.72988510131836
36904,76.72988510131836
36905,87.6808671951294
36906,87.6808671951294
36907,87.6808671951294
36908,87.6808671951294
36909,87.6808671951294
36910,87.6808671951294
36911,87.6808671951294
36912,87.6808671951294
36913,87.6808671951294
36914,87.6808671951294
36915,87.6808671951294
36916,87.6808671951294
36917,87.6808671951294
36918,87.6808671951294
36919,87.6808671951294
36920,87.6808671951294
36921,87.6808671951294
36922,87.6808671951294
36923,87.6808671951294
36924,87.6808671951294
36925,87.6808671951294
36926,87.6808671951294
36927,87.6808671951294
36928,76.70861148834229
36929,76.70861148834229
36930,76.70861148834229
36931,76.70861148834229
36932,76.70861148834229
36933,76.70861148834229
36934,76.70861148834229
36935,87.68537902832031
36936,87.68537902832031
36937,87.68537902832031
36938,87.68537902832031
36939,87.68537902832031
36940,87.68537902832031
36941,76.7333288192749
36942,76.7333288192749
36943,76.7333288192749
36944,76.7333288192749
36945,76.7333288192749
36946,76.7333288192749
36947,76.7333288192749
36948,76.7333288192749
36949,76.7333288192749
36950,65.75622940063477
36951,65.75622940063477
36952,76.75577068328857
36953,76.75577068328857
36954,65.79462718963623
36955,65.79462718963623
36956,65.79462718963623
36957,65.79462718963623
36958,65.79462718963623
36959,65.79462718963623
36960,65.79462718963623
36961,65.79462718963623
36962,65.79462718963623
36963,76.76203727722168
36964,87.70039558410645
36965,87.70039558410645
36966,87.70039558410645
36967,87.70039558410645
36968,87.70039558410645
36969,87.70039558410645
36970,98.66226291656494
36971,98.66226291656494
36972,401.8272714614868
36973,401.8272714614868
36974,401.8272714614868
36975,401.8272714614868
36976,728.8566904067993
36977,728.8566904067993
36978,436.69168186187744
36979,436.6818780899048
36980,436.6818780899048
36981,109.65245914459229
36982,109.65245914459229
36983,109.65245914459229
36984,109.65245914459229
36985,109.65245914459229
36986,109.65245914459229
36987,109.65245914459229
36988,109.65245914459229
36989,109.65245914459229
36990,109.65245914459229
36991,109.65245914459229
36992,120.55552864074707
36993,120.55552864074707
36994,120.55552864074707
36995,120.55552864074707
36996,120.55552864074707
36997,120.55552864074707
36998,131.55552864074707
36999,142.44074821472168
37000,142.44074821472168
37001,151.66640758514404
37002,151.66640758514404
37003,151.66640758514404
37004,151.66640758514404
37005,151.66640758514404
37006,142.44074821472168
37007,142.44074821472168
37008,142.44074821472168
37009,142.44074821472168
37010,142.44074821472168
37011,142.44074821472168
37012,142.44074821472168
37013,131.51991844177246
37014,142.51991844177246
37015,142.51991844177246
37016,142.54590892791748
37017,142.54590892791748
37018,142.54590892791748
37019,164.40140628814697
37020,153.40140628814697
37021,164.3612403869629
37022,164.3612403869629
37023,164.3612403869629
37024,164.3612403869629
37025,164.3612403869629
37026,164.3612403869629
37027,175.35726165771484
37028,175.35726165771484
37029,175.35726165771484
37030,175.35726165771484
37031,175.35726165771484
37032,175.35726165771484
37033,175.35726165771484
37034,175.35726165771484
37035,175.35726165771484
37036,175.35726165771484
37037,175.35726165771484
37038,175.35726165771484
37039,175.35726165771484
37040,175.35726165771484
37041,175.35726165771484
37042,175.35726165771484
37043,175.35726165771484
37044,175.35726165771484
37045,175.35726165771484
37046,175.35726165771484
37047,175.35726165771484
37048,175.35726165771484
37049,164.39539432525635
37050,164.39539432525635
37051,164.39539432525635
37052,164.39539432525635
37053,142.4453639984131
37054,142.4453639984131
37055,131.44582271575928
37056,131.44582271575928
37057,131.44582271575928
37058,131.44582271575928
37059,131.44582271575928
37060,120.54275321960449
37061,120.54275321960449
37062,120.54275321960449
37063,142.53675365447998
37064,142.53675365447998
37065,131.53675365447998
37066,131.53675365447998
37067,131.53675365447998
37068,131.53675365447998
37069,142.50749492645264
37070,131.65199756622314
37071,120.76677799224854
37072,120.76677799224854
37073,120.76677799224854
37074,120.76677799224854
37075,120.76677799224854
37076,131.74841403961182
37077,131.74841403961182
37078,120.77591705322266
37079,120.77591705322266
37080,120.77591705322266
37081,120.77591705322266
37082,120.77591705322266
37083,120.77591705322266
37084,120.77591705322266
37085,120.77591705322266
37086,131.75615406036377
37087,142.67585563659668
37088,142.67585563659668
37089,153.49158096313477
37090,164.48700141906738
37091,164.48700141906738
37092,164.48700141906738
37093,164.48700141906738
37094,164.48700141906738
37095,175.4596118927002
37096,175.4596118927002
37097,175.4596118927002
37098,186.41332817077637
37099,186.41332817077637
37100,186.41332817077637
37101,197.39697742462158
37102,197.39697742462158
37103,197.29948711395264
37104,207.35911083221436
37105,207.35911083221436
37106,196.35911083221436
37107,196.35911083221436
37108,196.35911083221436
37109,196.35911083221436
37110,196.35911083221436
37111,207.32043361663818
37112,207.32043361663818
37113,196.32441234588623
37114,207.2571039199829
37115,197.1974802017212
37116,208.19100093841553
37117,208.19100093841553
37118,219.14394664764404
37119,219.14394664764404
37120,219.14394664764404
37121,219.14394664764404
37122,230.12393856048584
37123,219.30821323394775
37124,230.25991916656494
37125,230.25991916656494
37126,230.25991916656494
37127,241.1592836380005
37128,241.1592836380005
37129,241.1592836380005
37130,241.1592836380005
37131,252.1314525604248
37132,252.08727359771729
37133,262.96845626831055
37134,262.96845626831055
37135,252.03009796142578
37136,241.05333042144775
37137,230.0859203338623
37138,230.0859203338623
37139,230.0859203338623
37140,230.0859203338623
37141,230.0859203338623
37142,230.21344566345215
37143,230.21344566345215
37144,230.21344566345215
37145,230.21344566345215
37146,219.21344566345215
37147,219.21344566345215
37148,219.21344566345215
37149,219.21344566345215
37150,219.21344566345215
37151,219.21344566345215
37152,219.21344566345215
37153,219.21344566345215
37154,219.21344566345215
37155,219.21344566345215
37156,219.21344566345215
37157,219.21344566345215
37158,230.208664894104
37159,230.208664894104
37160,230.2754669189453
37161,230.2754669189453
37162,230.2754669189453
37163,241.18171977996826
37164,241.18171977996826
37165,241.18171977996826
37166,241.18171977996826
37167,241.18171977996826
37168,252.1498794555664
37169,252.1498794555664
37170,252.1498794555664
37171,252.1498794555664
37172,252.1498794555664
37173,252.1498794555664
37174,252.1498794555664
37175,252.1498794555664
37176,252.1498794555664
37177,241.21718788146973
37178,241.21718788146973
37179,241.21718788146973
37180,241.21718788146973
37181,263.06723499298096
37182,263.06723499298096
37183,263.06723499298096
37184,263.06723499298096
37185,263.06723499298096
37186,263.06723499298096
37187,263.06723499298096
37188,252.0964937210083
37189,273.92663764953613
37190,273.92663764953613
37191,273.92663764953613
37192,273.92663764953613
37193,273.92663764953613
37194,273.92663764953613
37195,273.92663764953613
37196,273.92663764953613
37197,273.92663764953613
37198,273.92663764953613
37199,273.92663764953613
37200,273.92663764953613
37201,273.92663764953613
37202,273.92663764953613
37203,273.92663764953613
37204,273.92663764953613
37205,273.92663764953613
37206,273.92663764953613
37207,273.92663764953613
37208,273.92663764953613
37209,273.92663764953613
37210,273.92663764953613
37211,273.92663764953613
37212,273.92663764953613
37213,273.92663764953613
37214,273.92663764953613
37215,273.92663764953613
37216,262.94500160217285
37217,262.94500160217285
37218,262.94500160217285
37219,262.94500160217285
37220,241.16445446014404
37221,241.09673976898193
37222,241.09673976898193
37223,241.09673976898193
37224,241.09673976898193
37225,241.09673976898193
37226,241.09673976898193
37227,241.09673976898193
37228,241.09673976898193
37229,241.09673976898193
37230,241.09673976898193
37231,252.09673976898193
37232,252.09673976898193
37233,252.09673976898193
37234,252.09673976898193
37235,252.09673976898193
37236,252.09673976898193
37237,241.1364688873291
37238,241.1364688873291
37239,241.1364688873291
37240,241.1364688873291
37241,241.1364688873291
37242,230.23021602630615
37243,230.23021602630615
37244,230.23021602630615
37245,230.23021602630615
37246,219.36034297943115
37247,219.36034297943115
37248,208.36492252349854
37249,208.36492252349854
37250,208.36492252349854
37251,208.36492252349854
37252,208.36492252349854
37253,208.36492252349854
37254,208.36492252349854
37255,208.36492252349854
37256,208.36492252349854
37257,208.36492252349854
37258,208.36492252349854
37259,208.36492252349854
37260,208.36492252349854
37261,208.36492252349854
37262,197.41321659088135
37263,197.41321659088135
37264,197.41321659088135
37265,197.41321659088135
37266,186.46225833892822
37267,186.46225833892822
37268,175.47715854644775
37269,164.53128051757812
37270,164.53128051757812
37271,164.53128051757812
37272,164.53128051757812
37273,164.53128051757812
37274,164.53128051757812
37275,153.5699577331543
37276,153.5699577331543
37277,153.5699577331543
37278,153.5699577331543
37279,153.5699577331543
37280,153.5699577331543
37281,153.5699577331543
37282,153.5699577331543
37283,163.7247371673584
37284,163.7247371673584
37285,163.7247371673584
37286,163.7247371673584
37287,174.68017196655273
37288,174.68017196655273
37289,174.68017196655273
37290,174.68017196655273
37291,174.68017196655273
37292,163.77600288391113
37293,163.77600288391113
37294,163.77600288391113
37295,163.77600288391113
37296,153.62122344970703
37297,153.62122344970703
37298,153.62122344970703
37299,153.62122344970703
37300,153.62122344970703
37301,153.62122344970703
37302,153.62122344970703
37303,153.62122344970703
37304,142.6277027130127
37305,142.6277027130127
37306,142.6277027130127
37307,131.65553379058838
37308,131.65553379058838
37309,131.65553379058838
37310,131.65553379058838
37311,120.70258808135986
37312,120.70258808135986
37313,120.70258808135986
37314,120.70258808135986
37315,120.70258808135986
37316,98.76522254943848
37317,98.76522254943848
37318,98.76522254943848
37319,87.8389368057251
37320,76.8389368057251
37321,76.8389368057251
37322,76.8389368057251
37323,76.8389368057251
37324,76.8389368057251
37325,76.8389368057251
37326,76.8389368057251
37327,76.8389368057251
37328,76.8389368057251
37329,76.8389368057251
37330,76.8389368057251
37331,87.77665901184082
37332,76.78143978118896
37333,76.78143978118896
37334,76.78143978118896
37335,76.78143978118896
37336,76.78143978118896
37337,76.78143978118896
37338,76.78143978118896
37339,76.78143978118896
37340,76.78143978118896
37341,76.78143978118896
37342,76.78143978118896
37343,76.78143978118896
37344,76.78143978118896
37345,76.78143978118896
37346,76.78143978118896
37347,76.78143978118896
37348,76.78143978118896
37349,76.78143978118896
37350,76.78143978118896
37351,76.78143978118896
37352,76.78143978118896
37353,76.78143978118896
37354,65.81328010559082
37355,65.81328010559082
37356,65.81328010559082
37357,65.81328010559082
37358,65.81328010559082
37359,65.81328010559082
37360,54.84066963195801
37361,54.84066963195801
37362,54.84066963195801
37363,54.84066963195801
37364,54.84066963195801
37365,54.84066963195801
37366,54.84066963195801
37367,54.84066963195801
37368,43.86067771911621
37369,54.85380268096924
37370,54.85380268096924
37371,54.85380268096924
37372,43.8983678817749
37373,43.8983678817749
37374,43.8983678817749
37375,43.8983678817749
37376,43.8983678817749
37377,43.8983678817749
37378,43.8983678817749
37379,43.8983678817749
37380,43.8983678817749
37381,43.8983678817749
37382,43.8983678817749
37383,43.8983678817749
37384,43.8983678817749
37385,43.8983678817749
37386,43.8983678817749
37387,43.8983678817749
37388,43.8983678817749
37389,43.8983678817749
37390,43.8983678817749
37391,43.8983678817749
37392,43.8983678817749
37393,43.8983678817749
37394,43.8983678817749
37395,43.8983678817749
37396,43.8983678817749
37397,43.8983678817749
37398,43.8983678817749
37399,43.8983678817749
37400,43.8983678817749
37401,43.8983678817749
37402,43.8983678817749
37403,43.8983678817749
37404,43.8983678817749
37405,43.8983678817749
37406,43.8983678817749
37407,43.8983678817749
37408,43.8983678817749
37409,43.8983678817749
37410,43.8983678817749
37411,43.8983678817749
37412,43.8983678817749
37413,43.8983678817749
37414,43.8983678817749
37415,43.8983678817749
37416,43.8983678817749
37417,43.8983678817749
37418,43.8983678817749
37419,43.8983678817749
37420,54.874305725097656
37421,54.874305725097656
37422,54.874305725097656
37423,54.874305725097656
37424,43.89328861236572
37425,43.89328861236572
37426,43.89328861236572
37427,43.89328861236572
37428,43.89328861236572
37429,43.89328861236572
37430,43.89328861236572
37431,43.89328861236572
37432,43.89328861236572
37433,43.89328861236572
37434,43.89328861236572
37435,43.89328861236572
37436,43.89328861236572
37437,43.89328861236572
37438,43.89328861236572
37439,43.89328861236572
